Date,Close,High,Low,Open,Volume,ticker
2010-01-04,73.72516632080078,74.71064607689515,73.15678518964063,73.47879308413776,6100980,HDFCBANK.NS
2010-01-05,73.78999328613281,74.55935889669088,73.69490256165679,73.91101664541532,16773200,HDFCBANK.NS
2010-01-06,73.83967590332031,74.3432186392753,72.96441021508178,74.08387919195809,13279680,HDFCBANK.NS
2010-01-07,74.03204345703125,76.43523112524925,73.54794999732654,76.43523112524925,12247960,HDFCBANK.NS
2010-01-08,74.1292724609375,74.4901791826879,73.52199258949032,73.99743947857084,14171800,HDFCBANK.NS
2010-01-11,73.83104705810547,75.58157225569384,73.58683711610276,75.58157225569384,27533220,HDFCBANK.NS
2010-01-12,73.27131652832031,73.98881023211668,72.5538162292459,73.82456802283411,9814100,HDFCBANK.NS
2010-01-13,73.01629638671875,73.25402318232588,71.98975455615536,72.82827820141793,20693500,HDFCBANK.NS
2010-01-14,72.77857208251953,74.07525642695529,72.18209517359024,73.91100763283792,20345280,HDFCBANK.NS
2010-01-15,73.2259292602539,73.43556017718699,72.22532663126218,73.40962754338548,23163460,HDFCBANK.NS
2010-01-18,76.35958099365234,76.85016415059083,72.70509789569364,73.0465552223254,47002920,HDFCBANK.NS
2010-01-19,76.90203857421875,77.31698053746686,75.76527632697334,76.28827533744162,33328440,HDFCBANK.NS
2010-01-20,75.90359497070312,77.36884831463847,75.33737708018141,77.15273421320093,27304220,HDFCBANK.NS
2010-01-21,73.98233032226562,76.11105533558779,73.69922140425447,76.11105533558779,25046940,HDFCBANK.NS
2010-01-22,72.48899841308594,73.4787981449986,71.4905456747281,73.30590949335739,18947400,HDFCBANK.NS
2010-01-25,71.60722351074219,72.52354490795328,70.50936711570306,71.74985956516642,12057580,HDFCBANK.NS
2010-01-27,69.03547668457031,71.79741414078737,68.59028224323652,71.79741414078737,24215580,HDFCBANK.NS
2010-01-28,68.86475372314453,69.97773997185071,68.15373651764385,69.58873724647258,34864460,HDFCBANK.NS
2010-01-29,70.49857330322266,70.75574959010548,67.10342289949463,68.29205035826185,32870340,HDFCBANK.NS
2010-02-01,69.14568328857422,70.36672618166182,68.50814429191114,70.36672618166182,15034660,HDFCBANK.NS
2010-02-02,68.2531509399414,69.80052855803764,67.94626604166959,69.45906461522263,20669400,HDFCBANK.NS
2010-02-03,70.13982391357422,70.55692911161137,68.20560680268528,69.15650746122138,15455340,HDFCBANK.NS
2010-02-04,69.88048553466797,70.23275252240494,68.52977260333171,69.93451405192141,17210480,HDFCBANK.NS
2010-02-05,68.00462341308594,69.07006429095583,67.64370998186713,69.07006429095583,18693880,HDFCBANK.NS
2010-02-08,67.74745178222656,68.67457654096263,66.95214686608483,68.50817105497184,15181200,HDFCBANK.NS
2010-02-09,67.93112182617188,68.20126437034557,67.06018252756697,67.721490948082,23947500,HDFCBANK.NS
2010-02-10,68.87772369384766,69.9107488389779,67.60048855788621,68.0759422210336,27733360,HDFCBANK.NS
2010-02-11,69.07007598876953,70.58287487077202,68.72429206811302,69.32940898280212,14539380,HDFCBANK.NS
2010-02-15,69.75298309326172,70.00799612670322,68.40010683184887,69.02683634948312,9604980,HDFCBANK.NS
2010-02-16,69.43313598632812,70.13767004457459,68.72428202049393,69.37262430370613,14349700,HDFCBANK.NS
2010-02-17,71.57481384277344,71.79092789608167,69.80051931179061,69.9345089695973,24796680,HDFCBANK.NS
2010-02-18,72.77641296386719,73.04655555096394,71.35005878494069,71.96166529548344,20008840,HDFCBANK.NS
2010-02-19,73.21512603759766,73.47878547281123,71.58130415882447,72.18210102329103,14691980,HDFCBANK.NS
2010-02-22,73.33183288574219,74.33027890293452,73.04656071075053,73.52201433573663,13280340,HDFCBANK.NS
2010-02-23,73.52201080322266,73.86130488786954,72.71590293081593,72.8326063777559,12945780,HDFCBANK.NS
2010-02-24,73.50040435791016,73.91101981560779,72.93850639698137,73.04656344349542,11211380,HDFCBANK.NS
2010-02-25,73.0919418334961,73.65167651449595,72.70077587266115,73.52201334150631,11673940,HDFCBANK.NS
2010-02-26,73.68624877929688,74.98077649628188,72.61432487777887,73.04655300205135,18702060,HDFCBANK.NS
2010-03-02,75.42164611816406,75.89926295474756,73.73812228513945,74.51612764997604,15429300,HDFCBANK.NS
2010-03-03,76.79180145263672,76.97982621364302,75.31790866385397,75.31790866385397,22295920,HDFCBANK.NS
2010-03-04,76.98632049560547,77.23917027388855,75.77391708666397,76.72049780496695,27028840,HDFCBANK.NS
2010-03-05,77.1094970703125,77.58495065954065,76.54760576794212,77.17649190398402,20899300,HDFCBANK.NS
2010-03-08,77.11814880371094,78.23329826656837,76.6297288642648,78.23329826656837,14745920,HDFCBANK.NS
2010-03-09,78.28515625,78.44940504874522,76.7204925407839,76.7204925407839,24795380,HDFCBANK.NS
2010-03-10,78.42565155029297,78.6612151357758,74.77116120504732,78.31975115294442,29921120,HDFCBANK.NS
2010-03-11,78.96592712402344,79.3138676282667,77.93505873795857,78.49263675960034,15490460,HDFCBANK.NS
2010-03-12,77.85509490966797,79.1150370551387,77.21107259690619,78.96808106815514,14944880,HDFCBANK.NS
2010-03-15,78.34349822998047,78.66550602050994,76.93659380027896,76.93659380027896,15025920,HDFCBANK.NS
2010-03-16,77.9999008178711,78.22898122727337,76.24504885459224,78.01718704327108,20872500,HDFCBANK.NS
2010-03-17,78.13388061523438,78.87298702142093,77.7189387100604,77.99989095067879,9589680,HDFCBANK.NS
2010-03-18,77.8399658203125,78.3370321491472,77.39045144698748,78.3370321491472,7003940,HDFCBANK.NS
2010-03-19,78.65904235839844,78.87299318818917,77.6994953107334,78.44076502600775,12679680,HDFCBANK.NS
2010-03-22,79.40463256835938,80.17831801820307,77.714618999233,77.88750761291313,30611220,HDFCBANK.NS
2010-03-23,81.43177032470703,81.69110981938744,79.31385530083384,79.31385530083384,20308760,HDFCBANK.NS
2010-03-25,83.25363159179688,83.42003706345221,80.83531444567711,81.25889620688609,46592800,HDFCBANK.NS
2010-03-26,84.34716033935547,84.95876024184602,82.68956255762886,83.46325460426993,23105720,HDFCBANK.NS
2010-03-29,84.93498992919922,86.01339699205289,70.40347586213484,70.40347586213484,26453420,HDFCBANK.NS
2010-03-30,82.41943359375,85.14463583527247,82.1838700152346,84.93284164211892,18739960,HDFCBANK.NS
2010-03-31,83.57131958007812,83.97760852116883,82.00449245871981,82.12335256774594,13652160,HDFCBANK.NS
2010-04-01,83.81983947753906,84.28448338741414,83.2514584445795,84.28448338741414,14818440,HDFCBANK.NS
2010-04-05,84.21965026855469,84.69942373672706,83.17797893567848,84.66484469633077,14247680,HDFCBANK.NS
2010-04-06,83.54537963867188,84.28449270741324,83.22120851287413,84.28449270741324,8842880,HDFCBANK.NS
2010-04-07,83.49566650390625,84.19587393191598,83.2471366596058,83.85225337575278,10756100,HDFCBANK.NS
2010-04-08,82.24435424804688,83.4156951857163,81.85535163443326,83.4156951857163,12477660,HDFCBANK.NS
2010-04-09,84.25640106201172,84.5870553631566,81.71274054119291,81.71274054119291,12415300,HDFCBANK.NS
2010-04-12,84.46602630615234,85.05817677535671,83.7960713385384,83.7960713385384,9141280,HDFCBANK.NS
2010-04-13,84.35796356201172,84.842056958393,83.4632547601086,84.28448557115226,12682600,HDFCBANK.NS
2010-04-15,84.58921813964844,85.36074703641412,84.03380333641182,84.50061056986807,19094720,HDFCBANK.NS
2010-04-16,84.9004135131836,85.33912481041123,83.24714220073842,84.06837302664067,10465120,HDFCBANK.NS
2010-04-19,83.59724426269531,84.66484827213945,83.24714053240302,84.28448540699334,12241660,HDFCBANK.NS
2010-04-20,84.04891967773438,84.5848849196336,83.37680152309575,83.37680152309575,10878640,HDFCBANK.NS
2010-04-21,83.89547729492188,84.71670805118463,83.63613779542972,84.2412545005415,7889000,HDFCBANK.NS
2010-04-22,83.59940338134766,85.1489441760163,82.47128766424008,83.80039448026582,13790220,HDFCBANK.NS
2010-04-23,84.36228942871094,84.58921317075387,83.36168677448232,83.63614928284157,10634120,HDFCBANK.NS
2010-04-26,85.99610900878906,86.31163368733253,84.6173002611396,84.6173002611396,15796560,HDFCBANK.NS
2010-04-27,85.56172180175781,86.27273893505121,85.05385242083395,85.97017396239667,8968940,HDFCBANK.NS
2010-04-28,85.06897735595703,85.8729219122221,84.63026608383224,84.63026608383224,11423540,HDFCBANK.NS
2010-04-29,85.82969665527344,86.22950898088193,84.1310433283006,85.23106309003192,18792900,HDFCBANK.NS
2010-04-30,86.46507263183594,86.87785127384899,85.71083668027072,86.36133550974631,14219220,HDFCBANK.NS
2010-05-03,85.14029693603516,85.79728555370357,84.80748601775193,85.79728555370357,10014140,HDFCBANK.NS
2010-05-04,83.72258758544922,85.78863752227475,83.51511992942096,85.78863752227475,9177920,HDFCBANK.NS
2010-05-05,82.83002471923828,83.5799406926394,81.26319794848098,83.50646271137506,16028540,HDFCBANK.NS
2010-05-06,81.92884826660156,82.81491730521654,81.12922354010746,82.33946369563438,10522460,HDFCBANK.NS
2010-05-07,79.87791442871094,81.04277237606284,79.35708534875182,80.86988376643832,19571620,HDFCBANK.NS
2010-05-10,83.60157012939453,83.76581894110329,79.09775348211927,80.534910798736,12853080,HDFCBANK.NS
2010-05-11,84.21099853515625,84.50059056047756,82.69603698776487,83.76580413552884,13929300,HDFCBANK.NS
2010-05-12,85.36073303222656,85.62439244688751,84.24125719899409,84.24125719899409,13741640,HDFCBANK.NS
2010-05-13,84.94795227050781,86.22950702004438,84.29312695469301,85.63303012415378,12744380,HDFCBANK.NS
2010-05-14,84.36012268066406,85.27860741433086,83.94950729525677,84.88959815819956,9400300,HDFCBANK.NS
2010-05-17,83.37032318115234,84.1461719081991,82.75007684975674,83.93870424575692,13207200,HDFCBANK.NS
2010-05-18,81.94181823730469,83.20392371732365,81.6997715144625,82.90136531377091,12243120,HDFCBANK.NS
2010-05-19,80.76396179199219,81.6046484249972,79.59911075145881,81.21563926446643,18180160,HDFCBANK.NS
2010-05-20,80.0032730102539,81.10329290262231,79.37006032916408,80.99955576835649,6778000,HDFCBANK.NS
2010-05-21,78.94861602783203,79.96219135944278,77.84859640299615,78.6655071752356,10997240,HDFCBANK.NS
2010-05-24,78.8621826171875,80.71860160565394,78.27867201566204,79.32250662134771,9621820,HDFCBANK.NS
2010-05-25,77.96314239501953,78.66551304722691,77.15271471939563,78.31108284468762,11068700,HDFCBANK.NS
2010-05-26,79.00048828125,80.10267125449435,78.33269665867473,78.35430938271432,14002780,HDFCBANK.NS
2010-05-27,81.97639465332031,82.42590903914049,78.27652264791378,78.44941127431885,22619720,HDFCBANK.NS
2010-05-28,81.98504638671875,82.72847945983993,81.48582331547415,81.9764065708373,11758500,HDFCBANK.NS
2010-05-31,81.62413787841797,82.06284925331082,80.61056218551397,81.95047229158861,8768220,HDFCBANK.NS
2010-06-01,80.1826400756836,81.69111866231964,79.44353364780878,81.67815234570978,11365460,HDFCBANK.NS
2010-06-02,80.09403991699219,80.51330178019768,79.0113128083426,79.8757691703698,18903340,HDFCBANK.NS
2010-06-03,82.36540985107422,82.5555913261278,80.57166534780674,80.57166534780674,13593780,HDFCBANK.NS
2010-06-04,81.50525665283203,82.5469213699853,81.26320337480897,82.3826791754236,10188700,HDFCBANK.NS
2010-06-07,81.11408996582031,81.90074833640966,78.1619776107824,80.69699139885955,19238260,HDFCBANK.NS
2010-06-08,80.51112365722656,81.99366275707686,80.09186190580975,81.25887636432715,11342280,HDFCBANK.NS
2010-06-09,81.29778289794922,81.93315874157332,80.02919446172041,80.39442773901717,11584680,HDFCBANK.NS
2010-06-10,83.3531723022461,83.60547505084918,81.04112835169443,81.81978145568745,17020940,HDFCBANK.NS
2010-06-11,84.66470336914062,84.82565248314579,83.56849307851593,83.56849307851593,21630760,HDFCBANK.NS
2010-06-14,85.83270263671875,85.91317720904637,84.66471949212472,84.66471949212472,14977960,HDFCBANK.NS
2010-06-15,85.4303207397461,86.13067650613432,84.95616860857575,85.9131747977855,9121560,HDFCBANK.NS
2010-06-16,85.95884704589844,86.56567866188745,85.61084299008438,85.91317354634559,18168580,HDFCBANK.NS
2010-06-17,86.83101654052734,86.95716458795906,85.61082872619819,86.26116322991919,15977200,HDFCBANK.NS
2010-06-18,86.63961791992188,86.9114950183693,86.05889215470789,86.6526674896374,9802800,HDFCBANK.NS
2010-06-21,86.95064544677734,87.43567658954281,86.57001750142486,87.07027535503431,14203300,HDFCBANK.NS
2010-06-22,86.4373550415039,87.00068367176353,86.23725054850367,86.78318196258411,8524880,HDFCBANK.NS
2010-06-23,86.94630432128906,87.16162887962071,85.93492274676532,86.33512507708251,8488080,HDFCBANK.NS
2010-06-24,87.07030487060547,87.30520384738124,86.13069568824868,86.8723774754127,17653100,HDFCBANK.NS
2010-06-25,84.72344207763672,86.6526812117085,84.39066472194438,86.13720321344249,14470320,HDFCBANK.NS
2010-06-28,84.85610961914062,85.4346582536346,83.66202086831385,84.9170098247518,10658160,HDFCBANK.NS
2010-06-29,82.84205627441406,84.7734726123375,82.48100262226839,84.39501510550068,15902320,HDFCBANK.NS
2010-06-30,83.4771499633789,84.34280912056686,81.73713636007658,82.43314445644756,17535120,HDFCBANK.NS
2010-07-01,82.97257232666016,83.94262830056549,82.43316558185592,83.17267022524958,11567260,HDFCBANK.NS
2010-07-02,83.20963287353516,83.66638780350966,82.64847473059844,82.97255680020746,8225000,HDFCBANK.NS
2010-07-05,83.31184387207031,83.9121439845231,82.56363757527464,82.69413990845982,5160540,HDFCBANK.NS
2010-07-06,85.43467712402344,85.6848094243125,83.08566108861052,83.30316281920898,12496060,HDFCBANK.NS
2010-07-07,84.27320861816406,85.65216862901566,84.00133148737412,85.6456438433817,7933440,HDFCBANK.NS
2010-07-08,84.63861846923828,85.68914880616819,84.48854175858753,85.26067017270343,6725840,HDFCBANK.NS
2010-07-09,87.12031555175781,87.52052457724155,84.8300225936511,85.04317667922112,31402360,HDFCBANK.NS
2010-07-12,89.15176391601562,89.43669057658451,87.3051701989928,87.39216954065232,29738560,HDFCBANK.NS
2010-07-13,90.1566390991211,90.48071453435055,88.62760228968266,89.26270358809379,12514620,HDFCBANK.NS
2010-07-14,90.75475311279297,91.82485766122836,90.18707027647855,90.48069887197742,21116060,HDFCBANK.NS
2010-07-15,89.72379302978516,90.91570465742257,89.39319285693942,90.91570465742257,6477460,HDFCBANK.NS
2010-07-16,88.69501495361328,89.87169987883266,88.35788335560557,89.78469389378246,9427760,HDFCBANK.NS
2010-07-19,89.08219146728516,89.78471785693118,87.95770452287546,88.8277115045807,17531160,HDFCBANK.NS
2010-07-20,88.9321060180664,90.85916810766284,88.56670471458379,89.08218273871566,13369180,HDFCBANK.NS
2010-07-21,88.43836975097656,89.81733647455634,88.08819517350761,89.18005140068092,9284700,HDFCBANK.NS
2010-07-22,89.4910888671875,89.74121452749547,88.08820006298585,88.30570179153642,11149940,HDFCBANK.NS
2010-07-23,88.67979431152344,90.00220174071767,88.12733812924442,90.00220174071767,13843620,HDFCBANK.NS
2010-07-26,89.25835418701172,89.60200397355109,88.48621912204028,88.95820076056722,6072980,HDFCBANK.NS
2010-07-27,89.90650939941406,90.39371777450404,88.95820506933195,89.31491108256523,13291820,HDFCBANK.NS
2010-07-28,90.7460708618164,90.91572194347863,89.6085344393419,90.1327143982584,13142120,HDFCBANK.NS
2010-07-29,91.37681579589844,92.00322177211159,90.62208460947328,90.95486195463334,22531480,HDFCBANK.NS
2010-07-30,92.52088165283203,92.96023273263994,90.48071448064734,91.25067241913803,23399320,HDFCBANK.NS
2010-08-02,92.93195343017578,93.30388613411859,92.27944829885563,92.65572864746207,16526680,HDFCBANK.NS
2010-08-03,92.3272933959961,93.26472518068577,91.86184321517194,93.0907264778333,16220960,HDFCBANK.NS
2010-08-04,91.99451446533203,92.61221847863305,90.9679062060483,92.00321639161089,14734700,HDFCBANK.NS
2010-08-05,91.36158752441406,92.54262681415739,89.82820317609496,89.82820317609496,14710560,HDFCBANK.NS
2010-08-06,90.9461669921875,91.78572039552719,90.54378750653039,91.05708834922247,10920880,HDFCBANK.NS
2010-08-09,90.56771087646484,91.5203694299678,90.10443117132638,90.91571494060469,5236440,HDFCBANK.NS
2010-08-10,91.1397476196289,91.44642584859047,90.0348417764765,90.71779374184852,14694540,HDFCBANK.NS
2010-08-11,90.89395141601562,91.91838247784945,90.39152306251356,91.39420926628632,14670160,HDFCBANK.NS
2010-08-12,90.18272399902344,90.6025006547175,89.0886907976468,90.34585026148095,9938860,HDFCBANK.NS
2010-08-13,90.80914306640625,91.41162042683194,89.53457956616603,89.67813149444312,10499860,HDFCBANK.NS
2010-08-16,90.65472412109375,92.52089279915141,90.06311911271175,90.41112323016466,7186680,HDFCBANK.NS
2010-08-17,92.26640319824219,92.91673785755685,90.52856657165502,91.69872689254566,20131820,HDFCBANK.NS
2010-08-18,95.3505630493164,95.6572345717581,92.6557140941795,92.6557140941795,38844340,HDFCBANK.NS
2010-08-19,97.01228332519531,97.4190104435995,95.048243232823,95.048243232823,20763920,HDFCBANK.NS
2010-08-20,97.06231689453125,97.43206582530203,95.92695768333994,96.20318247023566,8398140,HDFCBANK.NS
2010-08-23,95.5528564453125,96.91876697028442,94.9612515062251,96.25973702955615,8194860,HDFCBANK.NS
2010-08-24,96.07701873779297,96.5707451579521,93.96507266256887,95.55283889661438,10680280,HDFCBANK.NS
2010-08-25,95.36363220214844,96.35326237738505,94.76767297318135,95.74426021379725,10591220,HDFCBANK.NS
2010-08-26,94.75895690917969,96.30321347921713,94.24347236795211,94.7698293377929,20388100,HDFCBANK.NS
2010-08-27,93.0537338256836,95.26355152457039,92.46648331648593,94.8307253380077,11550480,HDFCBANK.NS
2010-08-30,92.72968292236328,94.730701410349,92.07283011457541,93.9607434595756,6876460,HDFCBANK.NS
2010-08-31,92.84060668945312,93.09073232963617,91.88577099188099,92.43822719648452,9390160,HDFCBANK.NS
2010-09-01,93.49310302734375,93.7432286439965,92.22071680987128,92.89714388154414,9616200,HDFCBANK.NS
2010-09-02,95.15480041503906,95.48105290951578,93.95201648423986,93.95201648423986,11590660,HDFCBANK.NS
2010-09-03,95.43757629394531,95.70075150204083,94.31961432897494,95.43974679743965,8118160,HDFCBANK.NS
2010-09-06,95.88780212402344,96.55771111795046,95.05477348277307,95.61375447889468,9546440,HDFCBANK.NS
2010-09-07,95.66160583496094,96.39676269330164,94.94167568969253,96.39676269330164,8407840,HDFCBANK.NS
2010-09-08,94.81336212158203,95.69641866149357,94.45230843400037,95.1787634544503,9969600,HDFCBANK.NS
2010-09-09,97.65177154541016,97.87579810668258,94.96562331429017,95.48327859740812,26029580,HDFCBANK.NS
2010-09-13,99.28736877441406,99.83330027468429,97.78878521314196,97.88013222834864,14595580,HDFCBANK.NS
2010-09-14,101.53849029541016,102.22579644675868,99.44177741134374,99.44177741134374,32697460,HDFCBANK.NS
2010-09-15,103.33287811279297,103.70480414778326,101.61896371686711,101.74728891870295,25503160,HDFCBANK.NS
2010-09-16,104.19636535644531,105.05332259767236,102.45852887271022,103.34376239736041,25534780,HDFCBANK.NS
2010-09-17,104.42691802978516,105.53183041341029,103.83531312392,104.19636675241954,21503140,HDFCBANK.NS
2010-09-20,106.4105224609375,107.44365546678053,104.23985988831973,104.54001327624776,15095460,HDFCBANK.NS
2010-09-21,107.47846221923828,108.51594956175938,106.79768084577161,106.79768084577161,32710780,HDFCBANK.NS
2010-09-22,107.95262145996094,108.31585223842411,106.58888811951631,107.44584539313557,25049020,HDFCBANK.NS
2010-09-23,107.17832946777344,107.96133705518942,106.71287919818185,107.51328400415095,12380340,HDFCBANK.NS
2010-09-24,108.54425048828125,108.8378791913071,104.75537355259843,104.75537355259843,27910620,HDFCBANK.NS
2010-09-27,106.07341003417969,109.22066005980048,105.86678075355175,108.75085556723498,16677440,HDFCBANK.NS
2010-09-28,106.59321594238281,107.08477184260245,105.33170890635138,106.0538160466897,18864220,HDFCBANK.NS
2010-09-29,106.26480865478516,107.61984001673987,105.5405242665407,107.61984001673987,15595720,HDFCBANK.NS
2010-09-30,108.28756713867188,108.70734381432113,105.56227118316602,105.7058230974677,36959780,HDFCBANK.NS
2010-10-01,108.7834701538086,108.92484492637932,107.11305874878471,108.40284219201247,17730260,HDFCBANK.NS
2010-10-04,108.4898452758789,109.73395526505054,108.0200474451149,108.78347389832525,13980460,HDFCBANK.NS
2010-10-05,106.48013305664062,109.17280519843662,106.02990293896306,107.9417447644796,17196660,HDFCBANK.NS
2010-10-06,106.86946868896484,107.88085033331456,106.57584004702446,106.79334176140614,8219880,HDFCBANK.NS
2010-10-07,105.86024475097656,107.44583391567602,105.55574371517773,106.8803281991212,9012840,HDFCBANK.NS
2010-10-08,104.65095520019531,106.48884745861106,103.96582608386242,105.9298664240839,14906860,HDFCBANK.NS
2010-10-11,103.90056610107422,106.17563205423147,102.95007808406413,106.17563205423147,19820040,HDFCBANK.NS
2010-10-12,103.5438461303711,104.40080325476389,101.77120881929945,104.31597441605973,15619800,HDFCBANK.NS
2010-10-13,106.19522094726562,106.57584897933468,102.96531889046872,103.74832645539314,20573400,HDFCBANK.NS
2010-10-14,105.46005249023438,106.83684202409212,104.83800078908882,106.35833560965294,7707260,HDFCBANK.NS
2010-10-15,103.80269622802734,106.26046301745417,103.52864193584186,105.4622354193714,11726540,HDFCBANK.NS
2010-10-18,104.3333969116211,110.48652221156107,102.35630714318847,110.48652221156107,16550200,HDFCBANK.NS
2010-10-19,103.0457763671875,105.401323457488,102.59772340338174,105.401323457488,16649040,HDFCBANK.NS
2010-10-20,101.59722137451172,103.18281071147071,101.27314594809212,103.05230835691485,9860460,HDFCBANK.NS
2010-10-21,102.88264465332031,103.30459845324738,100.77505279457502,101.35796235499336,14595060,HDFCBANK.NS
2010-10-22,101.21006774902344,103.53081391425316,100.85554553748544,103.53081391425316,12950380,HDFCBANK.NS
2010-10-25,100.2552490234375,102.98707025028068,100.00729386253997,101.61681199175823,17259580,HDFCBANK.NS
2010-10-26,100.1116943359375,101.18180575010354,99.65929366569817,100.39879820774131,10139440,HDFCBANK.NS
2010-10-27,98.06280517578125,100.31177840912224,97.45815076523176,100.31177840912224,16440660,HDFCBANK.NS
2010-10-28,98.60222625732422,100.74027182364507,97.4842708985998,98.1585209020982,42138460,HDFCBANK.NS
2010-10-29,99.17643737792969,99.96379254788893,97.31026889003522,99.18078502281523,16264860,HDFCBANK.NS
2010-11-01,102.1910171508789,102.92182645188963,99.40047273560728,99.96380144803932,20269600,HDFCBANK.NS
2010-11-02,102.24104309082031,103.83532790225958,101.92131527196842,102.878321587114,11122040,HDFCBANK.NS
2010-11-03,102.75867462158203,103.1784512842308,102.27146632938566,102.70429919986199,7081520,HDFCBANK.NS
2010-11-04,103.93102264404297,104.61832888604644,102.98924310290066,103.96582371627899,9716320,HDFCBANK.NS
2010-11-08,101.5906982421875,104.40082332387712,101.15787195286411,104.11371946670631,8510920,HDFCBANK.NS
2010-11-09,104.33557891845703,104.69662593662765,101.37102937932572,101.79080611064069,13716100,HDFCBANK.NS
2010-11-10,104.22028350830078,105.2621117822305,103.67652930526351,104.40080698315435,8934340,HDFCBANK.NS
2010-11-11,102.3693618774414,104.80973147819479,101.6276802045273,103.75266965146831,6728740,HDFCBANK.NS
2010-11-12,100.69894409179688,103.4873109695802,100.26828831642413,102.00830199653561,12403100,HDFCBANK.NS
2010-11-15,103.7853012084961,104.05282408260292,100.65979583953009,100.70329883965158,22815960,HDFCBANK.NS
2010-11-16,103.20891571044922,104.38777797539886,101.13830168696252,104.38777797539886,18299340,HDFCBANK.NS
2010-11-18,101.8060302734375,105.22732803390882,100.86642126292843,105.22732803390882,16631980,HDFCBANK.NS
2010-11-19,100.2073745727539,102.83479195440341,99.70276908062517,102.00828822299823,11752680,HDFCBANK.NS
2010-11-22,103.5264663696289,104.00714329044582,100.31179135964832,100.96429648999046,11021900,HDFCBANK.NS
2010-11-23,103.17411804199219,103.5308240672761,100.3748718230337,102.87831887357477,11416240,HDFCBANK.NS
2010-11-24,100.54667663574219,103.26544764306587,99.61359256749384,102.39978856478918,8257500,HDFCBANK.NS
2010-11-25,101.05347442626953,102.6042628053425,99.71366962599953,101.13830328605377,22687740,HDFCBANK.NS
2010-11-26,99.95943450927734,101.79080185639421,99.00678258032936,101.181799714013,15139380,HDFCBANK.NS
2010-11-29,99.95943450927734,100.8294413627508,99.39828300934221,100.0507881494473,11818860,HDFCBANK.NS
2010-11-30,99.4156723022461,101.53196619419299,98.24551875319311,99.92027783007285,17253560,HDFCBANK.NS
2010-12-01,102.96748352050781,103.3133104368234,99.18077801935047,99.55270407838795,16081440,HDFCBANK.NS
2010-12-02,104.04193115234375,104.40080760094709,102.36064075705865,103.44380152546333,14738560,HDFCBANK.NS
2010-12-03,104.21157836914062,104.40080376394289,103.18279305917201,104.18330208943466,7923580,HDFCBANK.NS
2010-12-06,103.67219543457031,105.48833615780197,103.32419134858641,105.27083443376526,9363120,HDFCBANK.NS
2010-12-07,102.29757690429688,103.96581794969339,101.2905495570841,103.53081452730974,17194700,HDFCBANK.NS
2010-12-08,99.20036315917969,101.79080955790562,98.53698553826513,101.79080955790562,23488440,HDFCBANK.NS
2010-12-09,97.09276580810547,99.3721862074657,96.54030958459603,98.88280734085465,36567840,HDFCBANK.NS
2010-12-10,96.67298889160156,97.10364468290547,94.40879521008263,95.70075594636866,41242460,HDFCBANK.NS
2010-12-13,97.39725494384766,97.6582596290867,94.8916378435773,97.57126027988198,15823360,HDFCBANK.NS
2010-12-14,97.36463928222656,99.00242689517889,96.22275530322244,97.74526727522795,11844160,HDFCBANK.NS
2010-12-15,94.0868911743164,97.00576717904848,93.52573965693014,97.00576717904848,22420420,HDFCBANK.NS
2010-12-16,95.73555755615234,96.55336614469692,93.52573929172124,94.09124508938237,19518360,HDFCBANK.NS
2010-12-20,94.5044937133789,95.69205120047104,93.58881336585345,95.69205120047104,10322440,HDFCBANK.NS
2010-12-21,96.3141098022461,96.52943437331258,94.47839482002387,94.52624546221925,12351160,HDFCBANK.NS
2010-12-22,94.77854919433594,97.4407680546459,94.39792119412247,97.13626698200025,15006480,HDFCBANK.NS
2010-12-23,95.30708312988281,95.87475945632389,94.56757857905349,94.83075381252085,6526540,HDFCBANK.NS
2010-12-24,96.50115203857422,96.77738344386698,94.61323888781969,95.22224098882918,7033420,HDFCBANK.NS
2010-12-27,96.29670715332031,97.00576486810043,95.57460650427878,96.52725844015822,7541260,HDFCBANK.NS
2010-12-28,98.14329528808594,98.68922004599283,96.3597786783608,96.74040665649267,9350060,HDFCBANK.NS
2010-12-29,101.26009368896484,101.65159410461658,98.0301920281495,98.13677237764799,16142080,HDFCBANK.NS
2010-12-30,100.29003143310547,101.93869133666742,99.5309460150129,101.62548836941359,14504700,HDFCBANK.NS
2010-12-31,102.06703186035156,102.87831568223245,99.70496631848589,100.26829498839146,16497820,HDFCBANK.NS
2011-01-03,103.9875717163086,104.38559693591537,102.24320370642515,103.09581335344774,10796780,HDFCBANK.NS
2011-01-04,102.03221893310547,103.87881287303343,101.48629418165865,103.8135583806936,16568260,HDFCBANK.NS
2011-01-05,100.40750885009766,102.21277068038522,99.942051929263,102.21277068038522,15651840,HDFCBANK.NS
2011-01-06,101.25791931152344,101.90607680247639,100.44228789196667,100.7467955987016,10870180,HDFCBANK.NS
2011-01-07,98.72186279296875,101.1905021027944,98.35428434057756,101.1905021027944,15896020,HDFCBANK.NS
2011-01-10,93.62360382080078,98.74576589441493,93.00372268534835,98.13893432917205,40141720,HDFCBANK.NS
2011-01-11,93.37783813476562,96.51420915665882,92.43822913034002,94.39574457074723,24315180,HDFCBANK.NS
2011-01-12,95.93132019042969,96.30977110691724,91.6378378202036,94.35225538004798,19810660,HDFCBANK.NS
2011-01-13,93.22123718261719,96.45766379182294,92.49912988954293,96.09225586286779,18972020,HDFCBANK.NS
2011-01-14,89.15613555908203,96.0487659615901,88.30570299236945,93.52574454856862,25582820,HDFCBANK.NS
2011-01-17,89.96305847167969,91.04621940403672,89.19962532650105,89.61070675471281,24561640,HDFCBANK.NS
2011-01-18,91.75745391845703,92.04673493688594,89.02998036140042,90.77651899056254,16840320,HDFCBANK.NS
2011-01-19,90.28278350830078,91.96189696572364,89.74120637743476,91.85749375595563,17984100,HDFCBANK.NS
2011-01-20,92.11414337158203,92.84712300896517,88.9973404193647,90.01307623790557,19277080,HDFCBANK.NS
2011-01-21,91.09624481201172,92.42518380698617,90.3110667686603,91.52472347694649,16595220,HDFCBANK.NS
2011-01-24,93.46481323242188,93.69971210374177,90.17618920819999,91.13319518090428,25548320,HDFCBANK.NS
2011-01-25,90.66776275634766,94.60672231120189,90.05005867526249,93.57793679804779,28221080,HDFCBANK.NS
2011-01-27,89.21485137939453,91.35071980208288,88.7842022341222,91.35071980208288,37891160,HDFCBANK.NS
2011-01-28,89.3605728149414,90.88743232594811,88.82986814755732,89.3931967417017,35596840,HDFCBANK.NS
2011-01-31,89.05824279785156,89.7607756671507,86.83537519392945,88.85814495412473,22236060,HDFCBANK.NS
2011-02-01,88.72328186035156,90.34584241819967,87.65751839471938,90.34584241819967,17102460,HDFCBANK.NS
2011-02-02,87.86634063720703,89.76295575869405,87.27038145557248,89.24094635979148,19524340,HDFCBANK.NS
2011-02-03,89.65202331542969,90.12182776854563,87.43568053406612,87.87068391980775,11592060,HDFCBANK.NS
2011-02-04,87.77281188964844,90.69821252667404,87.21818518752109,89.2192035625842,18506400,HDFCBANK.NS
2011-02-07,88.6906509399414,89.6106853661335,87.87937398312836,88.95818037560339,17118920,HDFCBANK.NS
2011-02-08,87.12464904785156,89.60851450204797,86.3525141057327,89.60634399884516,14391980,HDFCBANK.NS
2011-02-09,87.97073364257812,88.5231898060452,86.191571371693,86.9136785916421,14715160,HDFCBANK.NS
2011-02-10,87.6901626586914,89.1321933433831,87.0006793542539,87.69668744413796,23071180,HDFCBANK.NS
2011-02-11,89.58025360107422,89.61070702738652,86.78318471826996,86.78318471826996,20206840,HDFCBANK.NS
2011-02-14,91.5877914428711,91.79442071604893,89.18222313546744,89.18222313546744,11844720,HDFCBANK.NS
2011-02-15,91.65520477294922,92.56871446554521,90.27624494612051,91.78570710583784,15199460,HDFCBANK.NS
2011-02-16,91.12670135498047,92.30773417232767,90.70039981676811,91.9597300719472,9101580,HDFCBANK.NS
2011-02-17,95.07435607910156,95.43975739602071,91.13322575523885,91.3507274873516,23609840,HDFCBANK.NS
2011-02-18,94.66110229492188,97.57562412165012,94.18912062475974,95.00475210449484,39535740,HDFCBANK.NS
2011-02-21,95.77470397949219,96.0487582632675,92.76448105320227,94.17824219469306,11201020,HDFCBANK.NS
2011-02-22,93.02330017089844,95.33969188778602,92.45561729718166,95.26574210823526,11592860,HDFCBANK.NS
2011-02-23,91.96407318115234,93.65623619305993,91.35941870228628,92.44692723532779,12228440,HDFCBANK.NS
2011-02-24,89.57154846191406,92.15764013023411,88.99081602326889,90.78520498366007,20055540,HDFCBANK.NS
2011-02-25,88.83422088623047,90.78521146987805,87.78369055855501,90.78521146987805,12619920,HDFCBANK.NS
2011-02-28,89.2735824584961,92.26205392807105,88.52319887928482,89.78470618369366,21962720,HDFCBANK.NS
2011-03-01,93.0472412109375,93.5257476913858,89.56721338986267,90.25451968104011,20501160,HDFCBANK.NS
2011-03-03,95.40276336669922,96.67079524594443,92.65789321542992,92.86887011143337,25337640,HDFCBANK.NS
2011-03-04,96.49462890625,97.1319073010143,95.98349857827557,96.13575242494888,19709880,HDFCBANK.NS
2011-03-07,94.53276824951172,95.87475006852237,93.56488299550537,95.87475006852237,12855680,HDFCBANK.NS
2011-03-08,95.9834976196289,96.50550701008076,93.80848061816326,93.8737351107823,17971140,HDFCBANK.NS
2011-03-09,95.96392822265625,97.38421413251031,95.48325129902545,96.13575643318735,18083980,HDFCBANK.NS
2011-03-10,96.06615447998047,96.35325833260208,94.93297241997642,95.35274913074296,14940620,HDFCBANK.NS
2011-03-11,95.10697174072266,96.44025830464898,94.61324524130745,94.91992345343228,13107900,HDFCBANK.NS
2011-03-14,96.3423843383789,96.52725548031796,94.48274074999613,94.48274074999613,13082880,HDFCBANK.NS
2011-03-15,95.03301239013672,96.03569863863112,92.65572049717119,94.39573402763449,27602000,HDFCBANK.NS
2011-03-16,94.99388885498047,95.91827128802836,94.76986231906452,95.5267707949646,11610680,HDFCBANK.NS
2011-03-17,94.89600372314453,97.13627556200123,94.22827844552849,94.4044543187502,33521240,HDFCBANK.NS
2011-03-18,93.49527740478516,95.5354444090704,93.18208106397361,94.83074102640047,9644240,HDFCBANK.NS
2011-03-21,93.71930694580078,94.77418483845506,93.37130291221258,94.40443594583779,12318700,HDFCBANK.NS
2011-03-22,93.59532928466797,94.52623625684704,93.17990025825192,93.92158182123949,9430540,HDFCBANK.NS
2011-03-23,94.1434555053711,94.91341354935307,93.31042673376288,93.52575133955065,9314700,HDFCBANK.NS
2011-03-24,95.38754272460938,95.65289505772623,94.33048767411721,94.78723592302124,8827620,HDFCBANK.NS
2011-03-25,98.53045654296875,98.96328284279039,95.7007570347863,96.0052581160082,17802960,HDFCBANK.NS
2011-03-28,99.909423828125,100.57280146833266,98.52828647604592,98.52828647604592,21860620,HDFCBANK.NS
2011-03-29,100.27481079101562,101.08609454021372,99.38305247298727,100.48578771037141,21636600,HDFCBANK.NS
2011-03-30,101.85604095458984,102.83479858056332,100.31178423259831,100.70328462793772,22194840,HDFCBANK.NS
2011-03-31,102.04527282714844,104.22246027333286,100.27262870864483,102.22579631284806,37863820,HDFCBANK.NS
2011-04-01,101.51892852783203,102.87831428744414,101.05130115405062,102.35631148327825,8738580,HDFCBANK.NS
2011-04-04,104.43561553955078,104.61831616836098,101.79079410975663,101.79079410975663,12644540,HDFCBANK.NS
2011-04-05,104.21595001220703,104.83365411354195,103.01534288198751,104.40082780563802,16825320,HDFCBANK.NS
2011-04-06,103.35462188720703,104.18330274125803,102.26929064866046,104.00930405561257,12939720,HDFCBANK.NS
2011-04-07,102.43243408203125,103.44381571689166,101.77340415914311,103.31331336196199,13116320,HDFCBANK.NS
2011-04-08,102.3302230834961,103.74833206728113,102.01266575761629,102.39981859710025,15440340,HDFCBANK.NS
2011-04-11,99.87896728515625,101.68423562149734,99.55489183243627,101.14700608445004,22416360,HDFCBANK.NS
2011-04-13,103.05014038085938,103.6895959600039,98.96328125890692,99.15686097314399,18067780,HDFCBANK.NS
2011-04-15,102.795654296875,104.05281388066629,101.96479619444844,103.31330941448763,17181860,HDFCBANK.NS
2011-04-18,100.56409454345703,104.39430337830998,100.24001909673648,103.47862297315186,20706540,HDFCBANK.NS
2011-04-19,102.11705017089844,102.60860614666638,101.11437050011544,101.7907976144419,14924860,HDFCBANK.NS
2011-04-20,103.18064880371094,103.92232386134617,102.13881365925363,102.68473848756025,13096140,HDFCBANK.NS
2011-04-21,104.86409759521484,105.13597472517252,103.61781044194377,103.61781044194377,32410700,HDFCBANK.NS
2011-04-25,104.00930786132812,106.18649520285597,103.79180617750069,105.40131731029877,12645740,HDFCBANK.NS
2011-04-26,102.6542739868164,104.30728817592573,101.81254349958226,103.81573222725675,12643700,HDFCBANK.NS
2011-04-27,102.36717987060547,103.48731236475331,101.1948490893907,103.356816647086,14295300,HDFCBANK.NS
2011-04-28,101.69290924072266,103.0522947595946,101.35578428709226,102.79782150753155,26769640,HDFCBANK.NS
2011-04-29,99.85721588134766,101.77775987060836,99.22429168938118,101.13830425463351,18625880,HDFCBANK.NS
2011-05-02,99.622314453125,100.73375171516618,98.3977786840641,100.31179783927882,14156740,HDFCBANK.NS
2011-05-03,97.25153350830078,99.86155383651712,96.6664534203823,99.55269851045655,21480560,HDFCBANK.NS
2011-05-04,98.37384033203125,99.40479620919493,96.04004483005711,97.61475492726487,26421220,HDFCBANK.NS
2011-05-05,96.59032440185547,98.95456670245633,96.13574666774693,98.13024007912365,18698980,HDFCBANK.NS
2011-05-06,99.9311752319336,100.92080547540269,96.7882724925737,96.7882724925737,21551460,HDFCBANK.NS
2011-05-09,99.1307601928711,100.70330007604453,97.80617546570778,100.13779425565168,7797180,HDFCBANK.NS
2011-05-10,97.71916961669922,99.09378203962503,96.792610192761,99.09378203962503,13046440,HDFCBANK.NS
2011-05-11,98.3564453125,98.69792458638307,96.6142611486124,98.31077181244967,9821700,HDFCBANK.NS
2011-05-12,97.449462890625,98.52392181262358,97.22325926556607,97.87576436130813,9478860,HDFCBANK.NS
2011-05-13,97.92145538330078,99.61579577699507,96.82525140536974,97.09277429441929,11646140,HDFCBANK.NS
2011-05-16,98.0084457397461,98.57612867400458,97.27982029619834,97.65827116062022,12541240,HDFCBANK.NS
2011-05-17,97.98233032226562,98.917591534788,97.48425625098784,97.96275596745608,12223880,HDFCBANK.NS
2011-05-18,98.6304931640625,99.08072326239605,97.57126097930546,98.22811370377828,13870960,HDFCBANK.NS
2011-05-19,98.91107940673828,99.35477811444697,98.21072363756036,98.7675274821412,15022540,HDFCBANK.NS
2011-05-20,100.73374938964844,100.92079768205052,98.11067255017605,98.74578049062701,23827740,HDFCBANK.NS
2011-05-23,98.51521301269531,99.9985760865507,97.6995816999247,99.83327268312264,20092800,HDFCBANK.NS
2011-05-24,98.10630798339844,99.72452102570888,97.79745931255869,98.0497554221357,9004880,HDFCBANK.NS
2011-05-25,98.0823974609375,98.61527266069831,97.67349318961472,97.87576818416524,8314880,HDFCBANK.NS
2011-05-26,98.49346923828125,99.0502730604403,97.440761804586,98.093266905956,19899900,HDFCBANK.NS
2011-05-27,100.20955657958984,100.5727806868365,98.42169241235896,98.5239184727315,11662040,HDFCBANK.NS
2011-05-30,100.38140106201172,101.25140802553709,99.93552514825552,100.2247995430721,7849500,HDFCBANK.NS
2011-05-31,104.38123321533203,104.77925837363874,100.70327896879061,101.1339346895627,35393460,HDFCBANK.NS
2011-06-01,104.32251739501953,104.7053158691081,103.30243390253838,103.96581142499092,13143340,HDFCBANK.NS
2011-06-02,103.3851547241211,103.66548534423018,102.71498923099142,103.15519846645061,13445520,HDFCBANK.NS
2011-06-03,103.22967529296875,103.84728097162225,102.86831254349622,103.36983728122755,11977060,HDFCBANK.NS
2011-06-06,104.30281829833984,104.68608324746761,102.72814634409183,102.72814634409183,11685600,HDFCBANK.NS
2011-06-07,104.0947494506836,104.71673954440521,103.53847260835859,103.59541028010875,8126940,HDFCBANK.NS
2011-06-08,103.16397094726562,103.89765089905907,102.85517478488725,103.20558310489879,10278780,HDFCBANK.NS
2011-06-09,103.49467468261719,104.01153831027166,102.56169616747432,103.1420741428665,6459880,HDFCBANK.NS
2011-06-10,103.47933197021484,104.0071432977673,102.06673104693677,103.72243489935421,8743820,HDFCBANK.NS
2011-06-13,103.9239273071289,104.24806234404615,102.67776821206695,103.0719875840382,7835560,HDFCBANK.NS
2011-06-14,104.3575668334961,105.03649462810654,103.61293915188887,104.16046048889567,12433200,HDFCBANK.NS
2011-06-15,103.93269348144531,104.94013411451391,103.67864276989859,104.24806631759914,14077880,HDFCBANK.NS
2011-06-16,102.62738800048828,103.89763467115438,102.41056503310492,103.54721972226432,8425300,HDFCBANK.NS
2011-06-17,102.90332794189453,103.63919995834948,102.21783696884552,102.95589452538985,14213480,HDFCBANK.NS
2011-06-20,100.70011138916016,103.43553225554982,99.5152812179337,102.59015592169614,15625700,HDFCBANK.NS
2011-06-21,101.86304473876953,102.67118667425393,100.83151652948975,100.83151652948975,10157720,HDFCBANK.NS
2011-06-22,101.73821258544922,102.8376328723031,101.28705560071892,102.16527515919981,6183160,HDFCBANK.NS
2011-06-23,102.22222900390625,102.47190193044162,101.18193851056172,101.57615118196416,8267580,HDFCBANK.NS
2011-06-24,104.38603210449219,104.68388048398049,102.56387961145089,102.89020016795695,16575460,HDFCBANK.NS
2011-06-27,105.83150482177734,106.51918819849284,103.92612774894484,104.3794770549348,20512380,HDFCBANK.NS
2011-06-28,106.13372039794922,106.43814546244576,105.32339284801013,106.41186550825238,12193620,HDFCBANK.NS
2011-06-29,109.0268325805664,109.46046521063988,106.6571585825308,106.6571585825308,20504880,HDFCBANK.NS
2011-06-30,110.18536376953125,110.59710082093649,108.45958239526333,109.46044616564974,26841200,HDFCBANK.NS
2011-07-01,109.55900573730469,111.58921219314402,108.54061751544889,111.25632166826743,13304840,HDFCBANK.NS
2011-07-04,110.9146728515625,111.3439276694755,110.0474010037274,111.03731708525193,14323360,HDFCBANK.NS
2011-07-05,111.30670166015625,111.78194640203925,110.13938251481217,110.46789529225758,10637280,HDFCBANK.NS
2011-07-06,111.48847198486328,112.13235754137162,110.1612809439647,111.03731498725666,11785740,HDFCBANK.NS
2011-07-07,112.38641357421875,112.78720293478943,111.00009249295715,111.52352609804093,14778040,HDFCBANK.NS
2011-07-08,112.0951156616211,113.15292375740711,111.85639720281242,112.39516291562612,15089360,HDFCBANK.NS
2011-07-11,110.57083129882812,112.31195172006298,110.16566419689697,112.08855875038338,7945000,HDFCBANK.NS
2011-07-12,108.61727142333984,109.94227021362612,107.76094736127631,109.94227021362612,14721800,HDFCBANK.NS
2011-07-13,110.36717224121094,110.77233940651797,108.54282722697701,109.06626088393062,7441820,HDFCBANK.NS
2011-07-14,110.80735778808594,112.41706498214647,109.24144160204506,110.62119921873744,9354344,HDFCBANK.NS
2011-07-15,111.46439361572266,111.79290640954015,110.16129019346927,110.91687229269348,5490152,HDFCBANK.NS
2011-07-18,112.80035400390625,113.643544964163,111.2563463587886,112.12143282773923,6209896,HDFCBANK.NS
2011-07-19,111.8805160522461,113.6654343493334,111.33299469218187,113.33692153329487,17052664,HDFCBANK.NS
2011-07-20,110.18318176269531,113.0959989306137,109.94227106706158,113.0959989306137,7408644,HDFCBANK.NS
2011-07-21,108.69392395019531,110.57739852681908,108.29971129435734,110.55549633847042,12881024,HDFCBANK.NS
2011-07-22,109.8437271118164,111.04827404396461,109.25240808256422,109.50426655892774,12634120,HDFCBANK.NS
2011-07-25,110.64311218261719,110.92782059856737,108.88008950351053,109.84372570012259,13370428,HDFCBANK.NS
2011-07-26,109.09909057617188,111.7381471960944,108.46396721842947,110.6759545600098,10581528,HDFCBANK.NS
2011-07-27,109.95320892333984,110.36933039816998,107.75217628845212,109.3618900148489,11062712,HDFCBANK.NS
2011-07-28,106.72285461425781,109.39476136919156,106.13153558999574,109.39476136919156,21417956,HDFCBANK.NS
2011-07-29,106.61334991455078,107.29227769544447,105.36500530156232,107.29227769544447,11990668,HDFCBANK.NS
2011-08-01,106.87615966796875,108.61728010649533,106.10962983428455,108.0697587967209,8809416,HDFCBANK.NS
2011-08-02,105.7482681274414,106.854258510419,105.12409249155085,106.854258510419,7929976,HDFCBANK.NS
2011-08-03,105.57305145263672,107.18276536653254,104.24805261697814,104.83937827795519,8330268,HDFCBANK.NS
2011-08-04,104.34661102294922,107.07326306053528,104.02904599856242,106.0220248480989,7318424,HDFCBANK.NS
2011-08-05,103.60195922851562,104.20423255106164,100.10877796791387,101.83894363050615,12624376,HDFCBANK.NS
2011-08-08,101.2038345336914,105.12408555409084,100.31684605166315,101.40094085738346,17233492,HDFCBANK.NS
2011-08-09,101.71849822998047,103.71147018864723,98.5209728645679,98.5538228021135,17963696,HDFCBANK.NS
2011-08-10,105.10218811035156,108.36541374333456,103.67863272088297,108.36541374333456,13068904,HDFCBANK.NS
2011-08-11,105.11314392089844,106.15343441141914,104.02904905206981,104.83938326549826,8409216,HDFCBANK.NS
2011-08-12,102.50692749023438,106.43813280535737,101.64184791072667,106.24102648873594,11413552,HDFCBANK.NS
2011-08-16,99.96643829345703,104.77367113696494,99.57221896043889,104.77367113696494,12222592,HDFCBANK.NS
2011-08-17,102.38648223876953,103.47057707709445,99.84598209141718,99.87883203241894,12536804,HDFCBANK.NS
2011-08-18,101.26953125,103.99618980732059,100.42634717007125,102.56168009117968,22888452,HDFCBANK.NS
2011-08-19,100.9300765991211,101.5104478336162,98.55383284817106,99.64887543537296,17921036,HDFCBANK.NS
2011-08-22,99.2218017578125,101.60899983905746,98.70713711151272,100.75486131198709,11908996,HDFCBANK.NS
2011-08-23,100.61251831054688,101.29144609678245,97.52449667119865,100.17450124634458,16145092,HDFCBANK.NS
2011-08-24,99.86788940429688,101.26954265570538,99.10135955141303,100.30590646308765,12742456,HDFCBANK.NS
2011-08-25,97.16313934326172,100.61252391603247,96.51706814773436,100.61252391603247,23200840,HDFCBANK.NS
2011-08-26,96.13380432128906,98.67429811807311,95.52057637989152,97.23979480952985,8523824,HDFCBANK.NS
2011-08-29,99.96643829345703,100.29495106250079,97.05362106443681,97.34928389329806,11600396,HDFCBANK.NS
2011-08-30,103.36107635498047,104.02904968477563,100.48110889576674,101.17099109845887,15589296,HDFCBANK.NS
2011-09-02,103.5472412109375,106.00013967859724,102.49600282971798,106.00013967859724,15190948,HDFCBANK.NS
2011-09-05,102.9887466430664,103.81002851422323,101.32428071413344,102.89019014508399,11800716,HDFCBANK.NS
2011-09-06,103.5472412109375,104.33567333865746,100.74393440527835,102.62740929827308,17860792,HDFCBANK.NS
2011-09-07,106.89805603027344,107.30322311414359,103.55817622269987,104.24805169868992,14746572,HDFCBANK.NS
2011-09-08,105.93443298339844,107.24848421734453,104.9379401208232,107.24848421734453,8164048,HDFCBANK.NS
2011-09-09,103.64579772949219,106.37245688837157,103.0873285926666,105.9782374827206,10331416,HDFCBANK.NS
2011-09-12,102.79164123535156,103.19680829874316,101.29143166744703,102.27696992150868,6985520,HDFCBANK.NS
2011-09-13,102.43028259277344,104.2042461732894,101.61994843397261,103.15300800086443,7175952,HDFCBANK.NS
2011-09-14,104.8831787109375,105.80301716679975,100.9738752989374,102.36458073526809,7749008,HDFCBANK.NS
2011-09-15,106.14247131347656,106.88709889867916,103.28441297776912,106.41623194653701,8736760,HDFCBANK.NS
2011-09-16,105.93443298339844,107.31418410559776,104.31376444797677,106.49290208438144,10947008,HDFCBANK.NS
2011-09-19,106.16439056396484,106.65715978267329,104.48897655707816,105.54021488354542,8389220,HDFCBANK.NS
2011-09-20,107.60983276367188,108.02594759609869,105.78111036779659,106.2191273879531,11835268,HDFCBANK.NS
2011-09-21,108.29971313476562,108.98958863601035,106.96375982610827,107.91644822478415,12891396,HDFCBANK.NS
2011-09-22,103.4377212524414,107.09516620740607,101.94846599089473,106.85425549884745,10191088,HDFCBANK.NS
2011-09-23,99.95549011230469,102.93400740806864,99.10135819606609,102.6164423713445,32911224,HDFCBANK.NS
2011-09-26,98.57573699951172,100.22924866566808,96.24329757904923,99.86788594141778,27785068,HDFCBANK.NS
2011-09-27,100.1854476928711,101.16003157282773,99.45176783212455,100.30589970247614,16022836,HDFCBANK.NS
2011-09-28,100.305908203125,101.91562225882728,98.93710487065877,101.26954441245921,15223752,HDFCBANK.NS
2011-09-29,103.06541442871094,103.98524623449563,99.1342086847162,100.20734913326994,32532984,HDFCBANK.NS
2011-09-30,102.41932678222656,103.98523626780876,101.70754913572473,102.02511414376154,19028800,HDFCBANK.NS
2011-10-03,99.87883758544922,101.81706441562851,98.71809504812215,100.77677389654126,18136236,HDFCBANK.NS
2011-10-04,98.31294250488281,99.86790463749583,96.47327191407219,99.1013746676905,14963192,HDFCBANK.NS
2011-10-05,96.07904052734375,99.92263738509648,95.60816686181943,98.32387786037879,16534992,HDFCBANK.NS
2011-10-07,98.55384063720703,100.74392598470051,97.72161087860353,99.1451663544743,18887004,HDFCBANK.NS
2011-10-10,99.58316802978516,100.30589340929058,98.56477315374246,98.99184240392869,24125984,HDFCBANK.NS
2011-10-11,100.19639587402344,101.81705755253164,99.68172452570819,100.89722579729646,9987516,HDFCBANK.NS
2011-10-12,102.3098373413086,102.91211082169944,99.30942437643667,101.1709969521902,17935560,HDFCBANK.NS
2011-10-13,103.07637023925781,104.29187167266146,102.4083968512832,104.02905874554435,11733404,HDFCBANK.NS
2011-10-14,103.78813171386719,104.33565298971962,101.91561162389556,102.71499134991826,6670040,HDFCBANK.NS
2011-10-17,104.69703674316406,105.23361037481497,103.44869199342111,104.37947834949387,7087264,HDFCBANK.NS
2011-10-18,104.71891784667969,105.43069550504224,103.37201684526934,103.78813167805173,8109020,HDFCBANK.NS
2011-10-19,107.7193603515625,108.32163388473484,104.97079894455504,105.77018552638147,17378084,HDFCBANK.NS
2011-10-20,107.21562194824219,107.83979758824637,105.25549963757449,106.8761614041116,11353704,HDFCBANK.NS
2011-10-21,106.65715026855469,107.70838850124852,105.84681606329634,107.32512358755248,9161464,HDFCBANK.NS
2011-10-24,106.0767822265625,108.84723877826106,105.77017162306403,107.91645253116324,9743092,HDFCBANK.NS
2011-10-25,102.49598693847656,107.47843074798584,98.23626856855117,106.84330737931977,82630020,HDFCBANK.NS
2011-10-28,105.70446014404297,108.2997124256464,105.06933677695422,106.43814001792549,18038448,HDFCBANK.NS
2011-10-31,107.31417846679688,107.69744338989258,104.49991755191503,105.78111877441407,12851416,HDFCBANK.NS
2011-11-01,105.6278076171875,107.97120147891616,105.12409068941128,106.24103548970821,13299516,HDFCBANK.NS
2011-11-02,105.80301666259766,106.8761570669165,104.57656762182916,104.83938051756869,10111820,HDFCBANK.NS
2011-11-03,105.52925109863281,106.18627662376664,103.39391814194789,105.34309252978971,10505636,HDFCBANK.NS
2011-11-04,105.78109741210938,106.85423764333662,105.18977183387778,106.59143147359585,6803220,HDFCBANK.NS
2011-11-08,106.05487823486328,106.73380599910837,104.79557921607038,105.78111757860395,8392808,HDFCBANK.NS
2011-11-09,104.52182006835938,106.37244480482613,104.09475076498708,106.21913616166432,8604988,HDFCBANK.NS
2011-11-11,101.63090515136719,104.77367887745679,101.31334679466323,104.17140542304836,9210036,HDFCBANK.NS
2011-11-14,103.2406234741211,105.09124829362291,102.70405656619945,102.9121106671286,12228564,HDFCBANK.NS
2011-11-15,103.4267807006836,104.64227539704115,102.91210930647803,103.08732014472359,11644292,HDFCBANK.NS
2011-11-16,101.99227142333984,103.3720224392332,100.8096200570202,102.93400539499916,7117600,HDFCBANK.NS
2011-11-17,100.60157012939453,102.93400964962684,99.99929666867862,101.43379987439434,10777368,HDFCBANK.NS
2011-11-18,100.37159729003906,101.09432938198404,98.57573152123769,99.69267625707315,11720744,HDFCBANK.NS
2011-11-21,97.38213348388672,99.86788143078269,96.36374524022891,99.86788143078269,10194036,HDFCBANK.NS
2011-11-22,97.25072479248047,98.44432382824661,96.36374301318912,97.89680256112622,15218304,HDFCBANK.NS
2011-11-23,93.31953430175781,96.74701639827408,90.71333417806221,96.74701639827408,25565636,HDFCBANK.NS
2011-11-24,94.0970230102539,95.26872009992918,90.07821474517846,93.91086440437101,28885188,HDFCBANK.NS
2011-11-25,94.37077331542969,95.24680742684441,91.77552092364158,93.68089778941255,18906468,HDFCBANK.NS
2011-11-28,96.54991149902344,97.44784780606511,95.07160392593615,95.48771879497207,10891716,HDFCBANK.NS
2011-11-29,95.31251525878906,97.57924820523364,94.65548966651876,97.23978765600462,14831024,HDFCBANK.NS
2011-11-30,96.9112777709961,98.47718747622349,93.99846689787688,93.99846689787688,28214548,HDFCBANK.NS
2011-12-01,99.32037353515625,102.27698884436157,98.43339161583877,100.51397275935362,13929784,HDFCBANK.NS
2011-12-02,102.0579833984375,102.47409830303951,99.24372221907609,99.68173931520673,11237028,HDFCBANK.NS
2011-12-05,101.25858306884766,102.37552777495164,100.30589474059398,101.55424588570006,8753228,HDFCBANK.NS
2011-12-07,102.29889678955078,103.13112662032563,101.20385402084142,102.93402025868008,11172944,HDFCBANK.NS
2011-12-08,99.37511444091797,102.43028592196686,98.79474320845324,102.2769772868511,12557000,HDFCBANK.NS
2011-12-09,97.18502807617188,98.81664417872547,96.47325040575484,97.89680574658891,13606912,HDFCBANK.NS
2011-12-12,94.62263488769531,98.76190154671283,93.3633358112538,98.1377258851459,12071156,HDFCBANK.NS
2011-12-13,96.0133285522461,97.54638810795498,93.29762439028363,93.73564140620046,14925880,HDFCBANK.NS
2011-12-14,95.12635803222656,97.18503691407885,94.22842170655194,96.14474637809715,24306724,HDFCBANK.NS
2011-12-15,94.46932983398438,95.4877181518637,93.51664140102248,93.95465845676497,26960140,HDFCBANK.NS
2011-12-16,90.95423889160156,96.47325646376727,89.79349636809212,95.07160322303609,29424820,HDFCBANK.NS
2011-12-19,88.91744995117188,90.45050943308863,87.65815109102597,90.24244868709921,32341524,HDFCBANK.NS
2011-12-20,90.71334075927734,92.3340026331665,88.47945095769344,88.91746804164242,19983568,HDFCBANK.NS
2011-12-21,95.36725616455078,96.2323357490342,91.5017507048651,93.29762311909894,14986880,HDFCBANK.NS
2011-12-22,96.9879379272461,97.4150005905618,93.91086378250404,94.502189542308,13576068,HDFCBANK.NS
2011-12-23,95.82717895507812,97.78730795825645,95.48771840940607,97.28359101623793,6855300,HDFCBANK.NS
2011-12-26,97.17408752441406,97.54639801559281,95.71767545167768,96.14474475901706,4564760,HDFCBANK.NS
2011-12-27,96.29805755615234,97.15218952405291,95.42202339756506,96.42945733305227,6294236,HDFCBANK.NS
2011-12-28,96.3199462890625,97.02077624008717,94.84163875041557,96.91127197796517,7668340,HDFCBANK.NS
2011-12-29,94.0860595703125,96.80176382506296,93.29762757800185,95.4110584152887,10930628,HDFCBANK.NS
2011-12-30,93.48380279541016,95.04971262286658,92.44351216186496,95.0059082385362,7676416,HDFCBANK.NS
2012-01-02,93.48380279541016,94.12987402081393,91.87408858362335,93.93276765854856,7029996,HDFCBANK.NS
2012-01-03,96.17757415771484,96.56083900370201,94.17364787113222,94.48025841120025,6878476,HDFCBANK.NS
2012-01-04,97.08646392822266,97.44783329471896,94.35981215406419,96.77985336951846,9742956,HDFCBANK.NS
2012-01-05,97.16313934326172,97.8311194135518,96.42945938312492,97.23979367048982,6761212,HDFCBANK.NS
2012-01-06,99.27656555175781,100.11974974236693,96.13379844324844,96.58276326343262,7954444,HDFCBANK.NS
2012-01-09,99.80220794677734,100.10881860782266,97.67782214594354,98.96997137124164,8463936,HDFCBANK.NS
2012-01-10,100.67822265625,101.24763948024595,99.86788843193293,100.74392254098497,8982772,HDFCBANK.NS
2012-01-11,101.32429504394531,101.61995789609776,99.64888112656138,100.85342804127805,7719112,HDFCBANK.NS
2012-01-12,102.20033264160156,102.73690623167884,101.0067401229305,101.11624439163116,7975444,HDFCBANK.NS
2012-01-13,102.8464126586914,103.6019881184162,100.97388561444764,102.93401473876831,7381684,HDFCBANK.NS
2012-01-16,100.85343170166016,102.4631457919266,100.36066249139147,102.23318281696845,6383420,HDFCBANK.NS
2012-01-17,102.5835952758789,102.71500173208759,101.4009505372208,101.59805687972882,7322016,HDFCBANK.NS
2012-01-18,105.54022216796875,106.30675211664361,102.8464195932128,103.56914515709052,20137244,HDFCBANK.NS
2012-01-19,106.61334991455078,107.36893201779874,105.18979446709399,106.43814576369238,16842176,HDFCBANK.NS
2012-01-20,107.43463897705078,108.06976910385231,105.22265802148266,107.31418695085621,14390260,HDFCBANK.NS
2012-01-23,106.00011444091797,106.82139631933417,105.3211867513721,106.43813144273994,7533728,HDFCBANK.NS
2012-01-24,107.0513687133789,107.99310941946011,105.24454830842538,106.27389109135807,15063952,HDFCBANK.NS
2012-01-25,107.35797882080078,107.97120000131981,106.38338823659453,107.36892657332056,14819100,HDFCBANK.NS
2012-01-27,106.0439453125,110.38031204065278,105.0474523741888,110.35840984836703,14877636,HDFCBANK.NS
2012-01-30,104.91604614257812,105.78113261275196,103.59104705141134,105.77018485838954,9975016,HDFCBANK.NS
2012-01-31,107.77409362792969,108.40921699684586,105.09123926790673,105.89061902621206,10653848,HDFCBANK.NS
2012-02-01,108.88008880615234,109.4385645650145,105.4197567229687,108.29971754128805,12020596,HDFCBANK.NS
2012-02-02,109.0443344116211,109.50425361351972,107.59887692720078,109.28524510629268,22841708,HDFCBANK.NS
2012-02-03,110.87307739257812,111.25634235146605,108.4639833652826,108.9567525981385,14915004,HDFCBANK.NS
2012-02-06,111.19063568115234,113.0084038447459,109.50426729142045,111.69435263724885,17438624,HDFCBANK.NS
2012-02-07,111.5410385131836,112.87699852887839,111.25633010564847,112.57038124862858,12075708,HDFCBANK.NS
2012-02-08,111.35488891601562,113.40261330925566,110.10653763094288,111.84765810481646,13861148,HDFCBANK.NS
2012-02-09,114.44287872314453,115.1875129031542,110.74163674228447,110.75259117646603,17361024,HDFCBANK.NS
2012-02-10,113.33690643310547,115.12183117599268,112.57037663114244,114.49764888834856,11515172,HDFCBANK.NS
2012-02-13,114.31148529052734,114.97945851895585,112.98648658484764,113.58875993899456,14614324,HDFCBANK.NS
2012-02-14,113.42451477050781,114.71665698303873,112.80033248514981,114.43194858822473,13114828,HDFCBANK.NS
2012-02-15,116.74247741699219,117.1476511594265,113.28214581517288,113.99392343508455,19379584,HDFCBANK.NS
2012-02-16,115.29704284667969,117.79373205870584,114.59621287994224,116.2935289808874,8124264,HDFCBANK.NS
2012-02-17,115.70220184326172,116.7315445909599,113.9063292530338,116.34827966969502,14219648,HDFCBANK.NS
2012-02-21,116.52348327636719,116.84104831167038,113.99393748120792,115.19848437101896,14831136,HDFCBANK.NS
2012-02-22,116.39207458496094,118.02369064769961,115.34083641697971,116.07450957400346,13923108,HDFCBANK.NS
2012-02-23,116.76439666748047,117.37761784416823,115.461293312507,115.461293312507,17095748,HDFCBANK.NS
2012-02-24,114.90283203125,117.25717375784276,112.86604198330537,115.46130111620707,16380168,HDFCBANK.NS
2012-02-27,112.92079162597656,116.39208481314297,112.16522289858015,115.39559868475112,15321292,HDFCBANK.NS
2012-02-28,116.18402099609375,116.819151057192,112.39517623648877,113.72017512200128,14801148,HDFCBANK.NS
2012-02-29,113.24929809570312,118.24270294629723,112.4280161620158,116.92865185239751,19988636,HDFCBANK.NS
2012-03-01,112.57037353515625,114.3881414849456,110.66499683495017,113.22739906162604,12198492,HDFCBANK.NS
2012-03-02,113.61067199707031,114.97947527414345,111.2015782294216,112.57038150649473,8116696,HDFCBANK.NS
2012-03-05,111.90241241455078,114.0924977407296,110.71976099152621,113.88443696129862,10051372,HDFCBANK.NS
2012-03-06,111.12491607666016,114.1034331343556,110.21603210146728,111.65053516128658,11597188,HDFCBANK.NS
2012-03-07,112.9317398071289,113.44640444178255,108.96767788641911,111.00446097246986,7577636,HDFCBANK.NS
2012-03-09,114.58526611328125,115.41749585778716,113.8077885015352,114.32245320258993,9315044,HDFCBANK.NS
2012-03-12,113.65448760986328,117.06006782641106,113.22741827175774,116.95056355342096,11217384,HDFCBANK.NS
2012-03-13,114.84808349609375,115.52700462186489,113.96108821706898,114.54146619381106,11079428,HDFCBANK.NS
2012-03-14,115.6802978515625,116.07451049678711,114.20199040655625,115.65838898019419,11721124,HDFCBANK.NS
2012-03-15,111.86955261230469,116.07451899265224,111.48628769110253,115.63650193984978,14939196,HDFCBANK.NS
2012-03-16,111.22346496582031,114.9575637970472,110.59928942147242,111.69433189099195,12810608,HDFCBANK.NS
2012-03-19,109.25240325927734,111.70529471174079,108.43112129634342,111.70529471174079,15299768,HDFCBANK.NS
2012-03-20,110.6869125366211,111.88051172888136,107.97120803236675,108.62823363905459,6324272,HDFCBANK.NS
2012-03-21,112.9317398071289,113.41354781947776,110.16127690003208,110.16127690003208,12021572,HDFCBANK.NS
2012-03-22,110.43505096435547,114.4100611203719,109.52616690394889,112.54848862022908,11280064,HDFCBANK.NS
2012-03-23,112.55941772460938,113.61065581825525,109.71230731374226,111.58482725667673,8047164,HDFCBANK.NS
2012-03-26,112.05570983886719,113.11790251576622,110.74165869638007,112.46087694452267,9832916,HDFCBANK.NS
2012-03-27,113.63257598876953,114.27865385724147,112.13237283194904,112.78939845401125,11857352,HDFCBANK.NS
2012-03-28,112.44992065429688,113.55591094181005,111.7052863832009,113.55591094181005,8699492,HDFCBANK.NS
2012-03-29,111.71625518798828,112.59228264553693,110.5993103212889,111.25633592715793,16225116,HDFCBANK.NS
2012-03-30,113.85157775878906,114.72761186944157,111.63959697627936,112.1323661635214,11184976,HDFCBANK.NS
2012-04-02,115.71314239501953,116.063564035843,113.03028811312616,113.44640963434816,5530932,HDFCBANK.NS
2012-04-03,116.11831665039062,117.47617210892884,115.63649524675206,116.73153781537661,12920812,HDFCBANK.NS
2012-04-04,115.31893920898438,115.85551278284038,114.84807888813842,115.03423079241382,4175076,HDFCBANK.NS
2012-04-09,114.26769256591797,115.264178634544,113.88442766512188,114.7057095953992,5036740,HDFCBANK.NS
2012-04-10,114.9466323852539,115.1984975652222,112.97555543071587,114.62908068079966,5834072,HDFCBANK.NS
2012-04-11,115.29704284667969,116.28258122787365,113.24930507875591,114.28959559223843,7463248,HDFCBANK.NS
2012-04-12,116.1621322631836,117.06006190942678,114.82617217990014,114.97948082778122,12103288,HDFCBANK.NS
2012-04-13,115.93217468261719,117.77185191436052,114.73858873681606,117.47619570832606,9833428,HDFCBANK.NS
2012-04-16,116.019775390625,116.29353606875294,114.78237177859842,115.83362347638624,17396084,HDFCBANK.NS
2012-04-17,116.12928009033203,117.36668370692396,114.12534657215373,116.51254504112521,15665808,HDFCBANK.NS
2012-04-18,117.74993133544922,118.242700485406,116.7315364119844,116.7315364119844,12000284,HDFCBANK.NS
2012-04-19,121.34166717529297,121.68112770601039,117.6513789801696,118.26460015940415,16366676,HDFCBANK.NS
2012-04-20,120.6955795288086,122.20674353227776,119.6771980197038,120.94744465179281,15725100,HDFCBANK.NS
2012-04-23,119.43629455566406,121.76874070930387,118.98732974987405,120.88175885060268,8437648,HDFCBANK.NS
2012-04-24,118.6697769165039,119.68817201613712,118.13321666528613,119.60056324965775,8760780,HDFCBANK.NS
2012-04-25,119.72103118896484,120.34520021992306,117.82660185317307,119.14065317495567,10778388,HDFCBANK.NS
2012-04-26,118.37410736083984,120.44374058851119,118.04559457445454,119.35964571999577,9338952,HDFCBANK.NS
2012-04-27,118.51646423339844,119.57865019317178,116.99435236793532,118.70261612582254,4549020,HDFCBANK.NS
2012-04-30,118.8121337890625,120.23568930911578,118.34126007784897,119.09684221962905,6039020,HDFCBANK.NS
2012-05-02,120.43280029296875,120.67370433768035,118.41791907159971,118.41791907159971,8978348,HDFCBANK.NS
2012-05-03,121.34166717529297,122.20675349805096,119.45819926038271,119.46914701287956,13714548,HDFCBANK.NS
2012-05-04,117.71707916259766,121.26501984987235,117.09291022927435,120.71749855144165,12351888,HDFCBANK.NS
2012-05-07,116.5672836303711,117.07100054800263,113.09600396919602,116.49063599600815,16712688,HDFCBANK.NS
2012-05-08,112.86602783203125,117.47616756125025,112.40611531790037,116.70963779288658,11283080,HDFCBANK.NS
2012-05-09,112.27471923828125,114.45384324307128,110.68690083963703,112.50467550287702,15023992,HDFCBANK.NS
2012-05-10,113.33690643310547,114.51955776016457,111.69434257175612,111.92429883890125,12084380,HDFCBANK.NS
2012-05-11,111.81480407714844,113.88443739165228,111.30013937043957,112.40612979089525,8050084,HDFCBANK.NS
2012-05-14,109.62471008300781,112.08855588964069,108.20115472806438,111.85859962113209,11034848,HDFCBANK.NS
2012-05-15,109.30714416503906,110.4788409818881,108.62821647534633,108.62821647534633,8019464,HDFCBANK.NS
2012-05-16,108.4530258178711,109.21955566642823,106.43814468536267,108.19021291063613,16960872,HDFCBANK.NS
2012-05-17,109.02245330810547,110.9278303629066,108.40923204272215,108.84724914188466,11618520,HDFCBANK.NS
2012-05-18,109.62471008300781,110.35838994881595,107.09516439497521,107.27036853444753,9614416,HDFCBANK.NS
2012-05-21,108.94580078125,111.22348825811963,108.17927089206049,109.55902201915752,8542340,HDFCBANK.NS
2012-05-22,107.1499252319336,110.59930964154617,106.64620827730721,110.33649672736978,11096812,HDFCBANK.NS
2012-05-23,106.7009506225586,107.94929514135426,105.60590805329429,107.31417178790284,12695888,HDFCBANK.NS
2012-05-24,109.43856048583984,110.09558604805154,106.21913255755864,107.97120072345652,11539244,HDFCBANK.NS
2012-05-25,109.5042724609375,110.19414804071933,108.54063620000332,109.46046807850897,11194572,HDFCBANK.NS
2012-05-28,111.42057800292969,111.825745077844,109.50425356553286,109.76706644753384,12206852,HDFCBANK.NS
2012-05-29,110.5883560180664,112.12141567429447,109.96418039273733,111.72719632395572,10573024,HDFCBANK.NS
2012-05-30,109.64662170410156,110.68691224528585,108.74868537393628,109.51521524638785,10167280,HDFCBANK.NS
2012-05-31,110.86210632324219,111.45342526814284,108.48586274116218,108.62821693065999,19039120,HDFCBANK.NS
2012-06-01,107.40177154541016,111.07016407350092,107.31416947847612,110.38028860643257,11708748,HDFCBANK.NS
2012-06-04,108.55157470703125,109.17575034361137,106.23008299188946,106.87616081781815,11360968,HDFCBANK.NS
2012-06-05,109.83277130126953,110.57739892252233,109.16479799770661,109.50425852569245,10710712,HDFCBANK.NS
2012-06-06,113.8625259399414,114.54144695165861,110.27078114753367,110.5664439630026,25091692,HDFCBANK.NS
2012-06-07,117.78279876708984,118.15511598580915,114.54147481108097,114.80428775177822,19800492,HDFCBANK.NS
2012-06-08,118.06749725341797,118.86688376241167,116.2825856926103,118.46172331480793,19322744,HDFCBANK.NS
2012-06-11,118.69168853759766,120.21380066164781,117.91421084418567,118.50552324632746,13071884,HDFCBANK.NS
2012-06-12,120.36707305908203,120.6408336995614,117.81563191014557,118.00178379878403,11253840,HDFCBANK.NS
2012-06-13,118.6478500366211,120.98029581339274,118.22078080559308,120.67367857900918,8064732,HDFCBANK.NS
2012-06-14,117.03817749023438,119.88528871378134,116.65491251783382,118.26462005502758,8642552,HDFCBANK.NS
2012-06-15,119.91812133789062,120.38899503766771,117.15861912831298,117.16956688168031,9932224,HDFCBANK.NS
2012-06-18,117.1585922241211,120.89268423586142,115.97594105318775,120.89268423586142,11237464,HDFCBANK.NS
2012-06-19,117.48710632324219,118.04557529544509,115.26416481819429,117.1257369703488,11860736,HDFCBANK.NS
2012-06-20,116.99434661865234,118.37409753348051,115.75694321244184,117.60756776221838,9534472,HDFCBANK.NS
2012-06-21,118.89972686767578,119.2939395170123,116.3592201005382,116.73153724549667,10652656,HDFCBANK.NS
2012-06-22,119.21727752685547,119.38153390998269,117.19144880161964,117.19144880161964,6168816,HDFCBANK.NS
2012-06-25,117.54187774658203,120.12617566166622,117.16956058157052,119.44725458275427,6374848,HDFCBANK.NS
2012-06-26,119.02017974853516,120.01666581497851,117.45426352468209,117.82658067236942,5853128,HDFCBANK.NS
2012-06-27,120.23567199707031,121.48402317758745,119.57864646703167,119.57864646703167,11937288,HDFCBANK.NS
2012-06-28,121.07445526123047,121.99052079496506,119.91558399391697,120.72128083552646,12142440,HDFCBANK.NS
2012-06-29,124.39659881591797,124.69460248476499,121.85811790495998,121.86915208393668,12659172,HDFCBANK.NS
2012-07-02,126.69226837158203,126.92404001096601,123.61297809763647,124.49592794119101,8201524,HDFCBANK.NS
2012-07-03,127.11165618896484,128.02772200273753,126.195603847937,127.12270383974717,8466800,HDFCBANK.NS
2012-07-04,127.58624267578125,128.21533900229937,127.067515071301,127.29928669303166,12810284,HDFCBANK.NS
2012-07-05,128.9327392578125,129.13140835206744,127.02336839745016,127.56417784492658,8381528,HDFCBANK.NS
2012-07-06,128.3588104248047,130.01434108376606,127.69659816122014,128.4912474884244,15741520,HDFCBANK.NS
2012-07-09,127.61934661865234,128.4139959531154,125.6216621603965,128.0166712858839,7661160,HDFCBANK.NS
2012-07-10,129.9370880126953,130.74277151416146,127.47586038414664,128.02770393559317,13543016,HDFCBANK.NS
2012-07-11,129.5728759765625,131.07388785891425,129.15346945568385,129.55080762188214,12299444,HDFCBANK.NS
2012-07-12,128.04977416992188,130.4337491253917,127.05645576272383,128.88858715863918,7583748,HDFCBANK.NS
2012-07-13,129.58387756347656,130.54409325996892,128.56849099415885,129.1313686243837,9508572,HDFCBANK.NS
2012-07-16,128.61264038085938,130.8310483645353,128.25945248774656,129.79357997967347,12850160,HDFCBANK.NS
2012-07-17,128.74508666992188,129.95914235219288,127.71865238581432,129.57285190783392,8539356,HDFCBANK.NS
2012-07-18,129.5728759765625,129.94813231533644,128.0497822667864,129.06518256421845,7117996,HDFCBANK.NS
2012-07-19,130.10264587402344,130.4116701905791,129.2527986898226,129.92604515285626,4800448,HDFCBANK.NS
2012-07-20,128.60159301757812,130.0143176476677,128.248418596426,130.0143176476677,4168944,HDFCBANK.NS
2012-07-23,126.48255920410156,128.0277213584274,126.05211848084754,127.45380937591858,6094528,HDFCBANK.NS
2012-07-24,126.71431732177734,127.4648299629529,125.86448361660962,126.38321118115459,5305588,HDFCBANK.NS
2012-07-25,127.15581512451172,128.20431809238002,126.63708746634887,126.8026405665386,8815704,HDFCBANK.NS
2012-07-26,124.89321899414062,127.75177103628269,124.27515696488493,127.58621798526374,17705416,HDFCBANK.NS
2012-07-27,129.04310607910156,129.94813769511165,124.63940479128527,126.26181963703395,13430872,HDFCBANK.NS
2012-07-30,129.62806701660156,130.6545015442728,128.910670306846,129.59495101013033,8466284,HDFCBANK.NS
2012-07-31,129.73843383789062,130.23509309120453,127.99460262604619,130.23509309120453,8391408,HDFCBANK.NS
2012-08-01,129.46250915527344,129.87086803205344,127.49794054114263,129.2528058917604,7870988,HDFCBANK.NS
2012-08-02,128.5795440673828,130.0584874404746,127.43170681635294,129.46249372621463,6885460,HDFCBANK.NS
2012-08-03,129.83773803710938,130.01432525802193,127.97250436050629,128.2484261034138,9951500,HDFCBANK.NS
2012-08-06,132.49765014648438,132.88394067169278,130.89730368490666,130.93041969045083,12329176,HDFCBANK.NS
2012-08-07,132.46450805664062,132.95013303011018,131.7802275072574,132.88391450480563,11228764,HDFCBANK.NS
2012-08-08,132.1996612548828,132.8839419455712,131.27256129094621,132.44246705538657,8053116,HDFCBANK.NS
2012-08-09,133.46890258789062,133.9876301987385,132.1113619010626,132.66320551802607,9873120,HDFCBANK.NS
2012-08-10,132.91705322265625,133.96555604954224,132.36520962955836,132.44246234349447,15127420,HDFCBANK.NS
2012-08-13,134.0869598388672,134.53946889367364,132.44246322592974,132.44246322592974,8421704,HDFCBANK.NS
2012-08-14,134.241455078125,134.42907647885926,133.15983643000303,133.9986358546988,11225568,HDFCBANK.NS
2012-08-16,132.45347595214844,134.24145699977697,131.96785097108605,134.2083410002361,8143296,HDFCBANK.NS
2012-08-17,131.36085510253906,132.93913330715588,130.6324241899256,132.13343620104476,7686156,HDFCBANK.NS
2012-08-21,131.64779663085938,132.11133980247288,129.8377471754416,131.3387588679555,8340840,HDFCBANK.NS
2012-08-22,131.75819396972656,132.54180925048533,130.5330903005562,131.2063503251436,9580860,HDFCBANK.NS
2012-08-23,131.9347686767578,133.44681472981873,131.39395926202096,132.31002501388608,9425048,HDFCBANK.NS
2012-08-24,131.62571716308594,132.53074864337123,130.95247074549997,131.00765509895362,6708376,HDFCBANK.NS
2012-08-27,131.1953125,132.19967878655973,130.68761900350873,131.33879724743602,4046724,HDFCBANK.NS
2012-08-28,130.0915985107422,131.2394358371381,129.4625022266156,130.8752271626019,8895964,HDFCBANK.NS
2012-08-29,129.91502380371094,131.51537031991583,129.40733036208456,130.0695427136176,6729628,HDFCBANK.NS
2012-08-30,131.5374755859375,132.88396888487472,129.35216904740298,129.35216904740298,22716404,HDFCBANK.NS
2012-08-31,131.41603088378906,132.4424653795785,130.06953787486106,130.31234367229257,12506740,HDFCBANK.NS
2012-09-03,130.3344268798828,131.95684170885974,129.79361744597568,131.90165734770073,7437816,HDFCBANK.NS
2012-09-04,130.2571563720703,130.75381560603512,129.6170258874954,130.35649091341207,5772588,HDFCBANK.NS
2012-09-05,130.6986541748047,131.55953572046332,129.65015116360973,129.79363591213493,12158472,HDFCBANK.NS
2012-09-06,129.82672119140625,131.0076610195875,129.37419869444147,130.25714838960297,5097452,HDFCBANK.NS
2012-09-07,130.32342529296875,131.33881240312064,129.28595634918446,131.17325927824277,11205148,HDFCBANK.NS
2012-09-10,130.48895263671875,131.78026136653904,130.091614437317,130.56620535729957,6034892,HDFCBANK.NS
2012-09-11,131.20635986328125,131.78027190627037,128.76719999871193,129.95918774676161,6311544,HDFCBANK.NS
2012-09-12,132.265869140625,132.4424563879269,131.09596347041366,131.39395360818915,6391016,HDFCBANK.NS
2012-09-13,132.265869140625,132.77356252889672,131.018697287208,132.6631938152401,3399760,HDFCBANK.NS
2012-09-14,135.2568359375,135.69831071820175,132.65213742590788,133.89929559774566,25771220,HDFCBANK.NS
2012-09-17,134.2745819091797,136.84617847143767,133.656519772411,136.63647520912042,21086848,HDFCBANK.NS
2012-09-18,133.64547729492188,135.09130474098342,133.29228932960012,134.27457357005952,10039176,HDFCBANK.NS
2012-09-20,133.9655303955078,134.64981093081374,132.66317437609683,132.88391177106539,10491328,HDFCBANK.NS
2012-09-21,137.9940643310547,138.8438983835716,133.56826633093095,134.362929476871,23602848,HDFCBANK.NS
2012-09-24,140.16827392578125,140.58768044945998,137.47527447234341,138.07126825287588,17574880,HDFCBANK.NS
2012-09-25,140.58767700195312,141.02915186963364,138.21474958817043,139.72679562087865,11686144,HDFCBANK.NS
2012-09-26,139.2301483154297,140.5214570248577,137.77328651644706,140.13516648256362,10730508,HDFCBANK.NS
2012-09-27,139.2411651611328,140.6097398923099,138.00504096875926,139.72679019125928,15861744,HDFCBANK.NS
2012-09-28,138.876953125,140.01374275388687,138.20369321608246,139.48398102975042,11007688,HDFCBANK.NS
2012-10-01,137.48631286621094,139.50606588641747,136.85721653414373,138.84385354834902,8054784,HDFCBANK.NS
2012-10-03,136.73582458496094,138.35823955407488,136.40471838940744,137.74017735025745,11032228,HDFCBANK.NS
2012-10-04,139.3515167236328,139.9254420423281,137.1772587414811,137.1882929168376,12652064,HDFCBANK.NS
2012-10-05,137.386962890625,140.97394563387667,111.48342096571336,140.83046093504993,14947024,HDFCBANK.NS
2012-10-08,137.01174926757812,137.71811186068328,136.09568338504,137.71811186068328,9290672,HDFCBANK.NS
2012-10-09,138.12644958496094,139.1749523984305,137.29868420590606,137.94986233197798,4310768,HDFCBANK.NS
2012-10-10,136.4047088623047,137.7401677298804,136.01841832780582,137.7401677298804,4295016,HDFCBANK.NS
2012-10-11,137.92779541015625,138.57897360659825,136.51508376088316,137.11107759275794,9812932,HDFCBANK.NS
2012-10-12,139.31842041015625,140.1682540416267,138.18161737017058,139.06456700192888,15506408,HDFCBANK.NS
2012-10-15,139.9806365966797,140.146189657321,137.43110868460946,139.59434612184998,7572068,HDFCBANK.NS
2012-10-16,139.15286254882812,140.27861790134727,138.64515574990602,140.22343355126807,7273836,HDFCBANK.NS
2012-10-17,138.64515686035156,139.6164068186213,138.29198240611265,139.50603811757892,6433772,HDFCBANK.NS
2012-10-18,140.4331512451172,140.8084075588673,137.83948652416595,139.06457652759855,5618460,HDFCBANK.NS
2012-10-19,138.73345947265625,140.16825260960496,138.40235336412962,139.5060403925517,9055400,HDFCBANK.NS
2012-10-22,141.0511932373047,141.27193062891234,138.005019927667,138.005019927667,8241404,HDFCBANK.NS
2012-10-23,139.9696044921875,141.16159205027887,139.61642997936104,141.0622575083139,8332960,HDFCBANK.NS
2012-10-25,140.68698120117188,141.49267812718642,138.84382923868995,139.64952616470447,17011340,HDFCBANK.NS
2012-10-29,141.4043731689453,141.8237796183921,140.2896519925631,140.79734531843857,5512328,HDFCBANK.NS
2012-10-30,139.8702850341797,142.3314994204182,139.19702506018615,140.62078425076714,8834904,HDFCBANK.NS
2012-10-31,139.9916534423828,140.36690969459627,139.07558789780947,139.96957162005208,7492968,HDFCBANK.NS
2012-11-01,138.7555389404297,140.32278272999292,138.51273316382145,139.6716046365068,7058460,HDFCBANK.NS
2012-11-02,139.1308135986328,140.83049467721716,138.6231201524959,140.83049467721716,5432772,HDFCBANK.NS
2012-11-05,140.16827392578125,140.38901136503446,139.23013980895516,139.50606160802167,4022128,HDFCBANK.NS
2012-11-06,141.17263793945312,141.53686013262612,139.93651356926668,139.93651356926668,7278084,HDFCBANK.NS
2012-11-07,141.28298950195312,142.37564247596856,140.58767468048404,141.21677096744324,8200660,HDFCBANK.NS
2012-11-08,141.0511932373047,141.49266802052003,140.2786123666778,140.4993497582855,3867800,HDFCBANK.NS
2012-11-09,141.12847900390625,141.9341760611583,140.1682765145187,140.88567320534105,4420776,HDFCBANK.NS
2012-11-12,143.76629638671875,144.3181400036436,140.66493795414988,140.66493795414988,9657456,HDFCBANK.NS
2012-11-15,142.65155029296875,142.90540370192932,141.05120408078457,142.81710334940158,9442340,HDFCBANK.NS
2012-11-16,141.76861572265625,143.170293026963,141.30507250448616,141.93416879668035,12102824,HDFCBANK.NS
2012-11-19,142.76194763183594,143.01580109171337,141.15056692056754,141.21678546187405,5787948,HDFCBANK.NS
2012-11-20,144.3291778564453,144.7817004120418,143.09305351215633,143.28067495759032,9353388,HDFCBANK.NS
2012-11-21,146.50341796875,146.90074260205088,143.41309430770008,144.61611585601435,12929784,HDFCBANK.NS
2012-11-22,147.69541931152344,148.1479418527384,146.56966372920715,147.18772588170913,8440964,HDFCBANK.NS
2012-11-23,147.8389129638672,148.4680093320621,145.47701946123544,147.78372859919236,5249712,HDFCBANK.NS
2012-11-26,146.10610961914062,148.71080858634522,145.70877146881398,148.55628969152303,5481536,HDFCBANK.NS
2012-11-27,150.21182250976562,150.94025334098063,146.76832395888903,146.76832395888903,16502672,HDFCBANK.NS
2012-11-29,154.48309326171875,155.34397467387595,149.08607358765659,149.54961682636014,25199452,HDFCBANK.NS
2012-11-30,155.38812255859375,155.73026289379035,152.2205322318206,154.73694442033596,15639292,HDFCBANK.NS
2012-12-03,151.63555908203125,154.77003284536517,150.98438105981268,154.5161794471767,11636340,HDFCBANK.NS
2012-12-04,151.23828125,152.30885257829985,150.3332495495829,151.00649613092332,8679488,HDFCBANK.NS
2012-12-05,152.88278198242188,153.4125573537496,151.646657412987,152.08813239817766,9219860,HDFCBANK.NS
2012-12-06,153.35731506347656,154.18508034809412,150.27802551015085,153.58908664862102,10904552,HDFCBANK.NS
2012-12-07,152.9930877685547,154.07470642625984,151.86733240869165,153.4676785714286,7936632,HDFCBANK.NS
2012-12-10,152.97108459472656,153.74366583005346,152.23161937286983,152.3088721073035,8324104,HDFCBANK.NS
2012-12-11,152.4964141845703,154.29542922775263,151.49206179616237,153.46766404949216,13500552,HDFCBANK.NS
2012-12-12,153.15866088867188,153.6332517537327,151.97772102362782,152.5847489579996,7736504,HDFCBANK.NS
2012-12-13,152.5406036376953,153.6332566489283,152.08809458493045,153.15866576874564,6283232,HDFCBANK.NS
2012-12-14,152.03289794921875,153.28006976069426,151.2823853324957,152.31985390052714,8373892,HDFCBANK.NS
2012-12-17,149.32888793945312,151.845300309349,148.68874393243286,151.845300309349,12230212,HDFCBANK.NS
2012-12-18,149.20745849609375,150.58706734106698,147.83888382733178,149.64893332648518,13375072,HDFCBANK.NS
2012-12-19,151.86734008789062,152.14326185403868,148.8873850134916,148.89841918958902,16489012,HDFCBANK.NS
2012-12-20,150.85195922851562,151.64660855674634,150.1566309617565,151.42587113526636,10260748,HDFCBANK.NS
2012-12-21,149.21849060058594,150.5429150733722,148.7880499523819,150.32217766124114,11086244,HDFCBANK.NS
2012-12-24,149.24058532714844,150.13458278246424,148.29141698179225,150.1014667756952,5482252,HDFCBANK.NS
2012-12-26,150.1676788330078,151.1720314977863,148.57836655886408,149.68205376691608,5723216,HDFCBANK.NS
2012-12-27,150.1234893798828,150.98437056606633,149.3729903583743,150.98437056606633,9858168,HDFCBANK.NS
2012-12-28,149.58270263671875,150.7636423229188,148.81012174633776,150.34423587904394,7024264,HDFCBANK.NS
2012-12-31,149.79241943359375,150.101457234645,148.77703261198639,149.4392449233157,5107288,HDFCBANK.NS
2013-01-01,151.09475708007812,151.22719413692428,150.02418603113506,150.56498190720885,4029212,HDFCBANK.NS
2013-01-02,151.72384643554688,152.3088059343916,150.77467831050407,152.28673758349777,9709596,HDFCBANK.NS
2013-01-03,150.84091186523438,152.3088211099565,150.18974724882827,152.3088211099565,9142732,HDFCBANK.NS
2013-01-04,149.9579315185547,151.20510308639257,148.51210439526935,151.20510308639257,10884508,HDFCBANK.NS
2013-01-07,147.4967803955078,150.91821118623642,147.01115526614552,150.91821118623642,11004568,HDFCBANK.NS
2013-01-08,147.94923400878906,148.64456216868393,146.94488158996165,147.45257488679016,9885196,HDFCBANK.NS
2013-01-09,147.34225463867188,148.45697611779366,147.02218262693017,148.33557320926965,12871964,HDFCBANK.NS
2013-01-10,149.17434692382812,149.65997194622582,147.12149159610547,147.78370386135427,9130368,HDFCBANK.NS
2013-01-11,147.7395477294922,149.41716015083784,147.16563584516547,149.41716015083784,10283428,HDFCBANK.NS
2013-01-14,147.7395477294922,148.00443531946704,147.25392272666207,147.48570778835412,11389748,HDFCBANK.NS
2013-01-15,147.51882934570312,149.09710744030403,146.79039848386586,148.07067294902592,8263376,HDFCBANK.NS
2013-01-16,145.7970733642578,147.71749171099282,145.1569294244316,146.91179469770228,9150756,HDFCBANK.NS
2013-01-17,147.1876983642578,148.08168215634433,144.3732964618886,145.17899337597737,12844144,HDFCBANK.NS
2013-01-18,146.31576538085938,148.77699253066305,144.64920087421083,147.89404302009532,20224692,HDFCBANK.NS
2013-01-21,145.3666229248047,146.43720747835218,144.5278234367497,145.6866948732414,10854720,HDFCBANK.NS
2013-01-22,144.3070831298828,145.90742936726966,142.9385084806035,145.35558583713626,8486128,HDFCBANK.NS
2013-01-23,144.93617248535156,146.34889724453123,144.43951333180678,145.02447283507846,7079740,HDFCBANK.NS
2013-01-24,145.75291442871094,146.29372379742577,144.6381931622229,144.71544586943526,6147960,HDFCBANK.NS
2013-01-25,146.8014373779297,147.23187809689983,144.70443161792886,145.75293449792926,5589732,HDFCBANK.NS
2013-01-28,147.97134399414062,148.33556617518653,146.66900112476128,146.8455883899447,7368020,HDFCBANK.NS
2013-01-29,144.0200958251953,148.09270288522785,143.4792865888893,148.05958689153462,11961748,HDFCBANK.NS
2013-01-30,144.94720458984375,145.33349500117598,142.15487137026034,144.14150777139753,10039632,HDFCBANK.NS
2013-01-31,141.94520568847656,145.22316470049228,141.294027556979,144.93619525516718,13888384,HDFCBANK.NS
2013-02-01,141.30508422851562,142.34253946694912,140.43316860509734,142.33150528898074,10484144,HDFCBANK.NS
2013-02-04,142.7950439453125,143.368955854478,141.27195034159496,141.52580376646222,10475800,HDFCBANK.NS
2013-02-05,142.18798828125,142.86123459364296,140.46622594432318,140.46622594432318,7460020,HDFCBANK.NS
2013-02-06,141.16159057617188,142.79505299461061,140.65389716700653,142.72882098549624,9873588,HDFCBANK.NS
2013-02-07,141.6030731201172,141.93417929265058,140.06894515949685,140.45523569411912,9082836,HDFCBANK.NS
2013-02-08,143.49037170410156,144.22985021961566,141.38233182422212,141.38233182422212,18826656,HDFCBANK.NS
2013-02-11,145.01344299316406,145.67565521768014,143.47931531182002,143.47931531182002,15167060,HDFCBANK.NS
2013-02-12,146.8345489501953,147.23187365080605,144.72650907598074,144.72650907598074,15832836,HDFCBANK.NS
2013-02-13,146.61380004882812,147.32016250178341,145.57633145911973,146.41513097767898,14508832,HDFCBANK.NS
2013-02-14,148.95361328125,149.74827610335612,146.1281769057183,146.56965176041837,17684152,HDFCBANK.NS
2013-02-15,149.38406372070312,150.27804766533987,147.49676128808238,148.26934233429216,12488780,HDFCBANK.NS
2013-02-18,149.21849060058594,150.30010930912502,148.77701577632385,149.65996542484802,9469164,HDFCBANK.NS
2013-02-19,148.95361328125,149.5275386760061,148.2362166423624,148.88739474759365,2374812,HDFCBANK.NS
2013-02-20,149.42822265625,150.27805646776142,148.97571356865632,149.54962556178805,6861684,HDFCBANK.NS
2013-02-21,147.06629943847656,149.5385611254617,146.58067444184232,148.99775177631773,10871872,HDFCBANK.NS
2013-02-22,145.53219604492188,147.0994400015403,145.14590551285139,146.1723400300222,7708384,HDFCBANK.NS
2013-02-25,144.90306091308594,146.834513056299,144.38431996812128,146.40407245554903,7552944,HDFCBANK.NS
2013-02-26,143.75527954101562,146.34894485327195,142.46397071082052,144.53889487697788,11742640,HDFCBANK.NS
2013-02-27,141.87899780273438,144.36229414700628,141.47063890410763,143.98703778265622,12871336,HDFCBANK.NS
2013-02-28,138.0381622314453,144.5719989895436,136.71373750013763,142.80609934780003,27887004,HDFCBANK.NS
2013-03-01,137.4090576171875,138.97628806597257,136.04048278251565,137.9609012220758,17220728,HDFCBANK.NS
2013-03-04,138.5458526611328,139.13079876416865,136.41573108279758,136.9344586517011,11969800,HDFCBANK.NS
2013-03-05,139.7157745361328,140.10206508155153,137.55255017633706,139.26326544890563,10557580,HDFCBANK.NS
2013-03-06,139.17495727539062,140.6428666547839,138.84385111216608,140.1572415875057,10933316,HDFCBANK.NS
2013-03-07,141.66928100585938,141.92313444147518,138.4354857142937,138.70035985420486,5950984,HDFCBANK.NS
2013-03-08,145.0906982421875,145.68669194925567,142.0224562984168,142.19904353350378,10596860,HDFCBANK.NS
2013-03-11,144.6382293701172,145.62051382078548,143.53454200369126,145.09073849580258,8504584,HDFCBANK.NS
2013-03-12,142.15489196777344,144.7375223580097,141.29401068011393,144.14152865676405,6895724,HDFCBANK.NS
2013-03-13,140.14617919921875,142.5742905740988,139.55018553083625,141.50370611152948,7913372,HDFCBANK.NS
2013-03-14,143.31378173828125,144.2519158505457,135.83077719488602,140.1462048894977,31914436,HDFCBANK.NS
2013-03-15,141.13951110839844,143.45725400807416,139.903373478259,142.375635265795,15439608,HDFCBANK.NS
2013-03-18,142.0004119873047,144.36230561469367,139.06460632608105,139.72681873715763,17561924,HDFCBANK.NS
2013-03-19,139.40670776367188,142.11074102012535,137.7401430226102,141.93415378772173,20028460,HDFCBANK.NS
2013-03-20,138.07125854492188,139.82612375814696,137.07794013812386,139.50605179918566,11336436,HDFCBANK.NS
2013-03-21,133.9876251220703,138.7996985851181,133.27022844719926,137.44217142247007,14452588,HDFCBANK.NS
2013-03-22,133.60130310058594,135.6651922740513,133.01634363760846,134.42906829947432,29525900,HDFCBANK.NS
2013-03-25,134.51739501953125,135.3892970884651,134.1090226910274,134.87056951787835,27198976,HDFCBANK.NS
2013-03-26,135.64312744140625,136.3053396176865,133.00531291134163,133.76685960861218,13274404,HDFCBANK.NS
2013-03-28,138.0381622314453,139.31845024990545,133.97660113908213,136.08464114186452,19496092,HDFCBANK.NS
2013-04-01,137.70706176757812,138.8438650982599,137.0779653831787,137.88366251728274,6708772,HDFCBANK.NS
2013-04-02,139.04251098632812,140.01374758378674,136.39366185604274,137.96089220236425,6857420,HDFCBANK.NS
2013-04-03,137.66290283203125,139.4288022620697,136.74683711360143,138.62310525801726,6703616,HDFCBANK.NS
2013-04-04,136.0073699951172,137.60771632862955,135.411376252226,136.59231608854816,8181984,HDFCBANK.NS
2013-04-05,137.06689453125,138.2699160848209,135.40032981559293,135.74247009929863,12959920,HDFCBANK.NS
2013-04-08,137.8394775390625,138.83279587808133,136.36053420641935,136.62542179137282,8652128,HDFCBANK.NS
2013-04-09,136.98963928222656,138.64516995421323,136.28329030704006,138.64516995421323,14760408,HDFCBANK.NS
2013-04-10,139.50607299804688,139.87029519164935,136.62545187515207,138.3582355256658,15144504,HDFCBANK.NS
2013-04-11,141.1063995361328,141.71342745748498,139.48398484452528,139.6164219109957,25066068,HDFCBANK.NS
2013-04-12,142.0886993408203,142.5632767749449,140.41108663621392,140.41108663621392,15206080,HDFCBANK.NS
2013-04-15,141.6140899658203,142.0334964554626,140.16826255059507,141.73549285300845,15923768,HDFCBANK.NS
2013-04-16,146.42617797851562,146.97802158810185,141.79069165799118,141.93417638558137,13740312,HDFCBANK.NS
2013-04-17,145.7087860107422,148.30245105989857,144.98035511701744,146.79040490970107,14956948,HDFCBANK.NS
2013-04-18,148.688720703125,149.08605883726648,144.36227266079766,144.36227266079766,9223784,HDFCBANK.NS
2013-04-22,154.14096069335938,154.95769196378586,148.9315621930765,148.9315621930765,19860152,HDFCBANK.NS
2013-04-23,152.0880889892578,154.51620071477572,149.83656451286524,154.25131310471596,23863560,HDFCBANK.NS
2013-04-25,152.20948791503906,153.41250956952135,150.1124823885492,152.82755000724535,25895124,HDFCBANK.NS
2013-04-26,152.1101531982422,152.80548147160897,150.76366030351596,151.79009471224916,8568744,HDFCBANK.NS
2013-04-29,153.4456329345703,153.82087579490985,151.53624873763513,151.9225392478913,11675432,HDFCBANK.NS
2013-04-30,150.609130859375,153.6222018691828,149.3950751147662,153.1917612288185,12552272,HDFCBANK.NS
2013-05-02,152.8606414794922,153.19174756211925,150.60911742308,151.07267402240245,12303268,HDFCBANK.NS
2013-05-03,150.31118774414062,153.19180912609795,149.80349424129793,152.88277126902165,12286584,HDFCBANK.NS
2013-05-06,149.10813903808594,149.9469386060756,147.88304895445356,149.88072006937136,7673460,HDFCBANK.NS
2013-05-07,151.8783721923828,152.28674448435729,148.44590816286794,149.2847076259684,11098464,HDFCBANK.NS
2013-05-08,153.88711547851562,154.40584308620495,151.53625629546775,152.08809990907105,8653956,HDFCBANK.NS
2013-05-09,152.31983947753906,154.40581059252972,151.9114806785068,154.3064760684365,4523360,HDFCBANK.NS
2013-05-10,155.25564575195312,155.59779950202204,152.01081673235961,152.02185090787177,13913256,HDFCBANK.NS
2013-05-13,152.91583251953125,157.04362455816505,152.485391898728,155.61986564600437,9593972,HDFCBANK.NS
2013-05-14,152.09912109375,153.39044312291745,151.22720556419114,152.31985852033486,6653676,HDFCBANK.NS
2013-05-15,157.79415893554688,158.04801238923636,152.60682891997837,153.08141982113887,14173480,HDFCBANK.NS
2013-05-16,159.54901123046875,159.81389884022224,156.94431225883704,157.16504968817435,11660616,HDFCBANK.NS
2013-05-17,158.68814086914062,159.482790213286,156.5469851433548,159.482790213286,12819852,HDFCBANK.NS
2013-05-20,157.71688842773438,159.8138939421689,157.19816087378726,158.82057554059466,5841608,HDFCBANK.NS
2013-05-21,156.23794555664062,158.48946996941774,155.63091764241236,157.6065202759948,9206500,HDFCBANK.NS
2013-05-22,155.2777557373047,157.16505816538796,154.07473398797865,156.1717396797921,5412112,HDFCBANK.NS
2013-05-23,154.20713806152344,155.9399346880932,153.25796996185804,154.29543840822123,7905248,HDFCBANK.NS
2013-05-24,154.81417846679688,155.78542846837826,153.25798240725103,155.78542846837826,8264240,HDFCBANK.NS
2013-05-27,157.8383026123047,158.26874331167605,154.20716905656053,154.20716905656053,8995208,HDFCBANK.NS
2013-05-28,157.45199584960938,159.10752646657443,156.01720264823965,157.66169908897348,6707916,HDFCBANK.NS
2013-05-29,158.03697204589844,158.5888156430468,155.36604095205388,156.73461576753064,4933492,HDFCBANK.NS
2013-05-30,160.06776428222656,160.54234170726113,156.74565494326202,156.74565494326202,15357456,HDFCBANK.NS
2013-05-31,154.62657165527344,159.08547049177295,154.00850953806662,158.32392365416825,12332896,HDFCBANK.NS
2013-06-03,152.12120056152344,154.82523399526386,151.5472751776551,154.07472136741418,7890124,HDFCBANK.NS
2013-06-04,150.7747039794922,153.14763143245455,150.32219492719702,151.7128380888029,5616324,HDFCBANK.NS
2013-06-05,151.85630798339844,153.28006701069367,149.77033670831406,150.54291766406809,7563676,HDFCBANK.NS
2013-06-06,150.58706665039062,152.17637872705885,149.6599668162723,150.8740225942804,7116412,HDFCBANK.NS
2013-06-07,149.25161743164062,153.05933806720057,148.60043932405415,150.4877416401743,9556224,HDFCBANK.NS
2013-06-10,149.2957763671875,151.64663571607636,148.22520507037157,150.33324512849867,6368012,HDFCBANK.NS
2013-06-11,146.76829528808594,150.30009351095228,146.17230164342905,148.65559726888193,11820860,HDFCBANK.NS
2013-06-12,146.55862426757812,148.64459574571774,145.34456836178452,146.12818357006614,9815652,HDFCBANK.NS
2013-06-13,145.81297302246094,147.1262078458176,145.423455830736,146.36942615349656,7149736,HDFCBANK.NS
2013-06-14,148.02767944335938,148.78446123916797,146.74783706696303,147.34880924771886,14965212,HDFCBANK.NS
2013-06-17,148.53958129882812,148.95136473351468,146.31376895548595,148.15006413874323,13070908,HDFCBANK.NS
2013-06-18,146.33604431152344,148.6842737624216,145.7907175365062,148.6842737624216,12446568,HDFCBANK.NS
2013-06-19,148.06105041503906,148.37265601428692,145.31216382269452,146.0355528861618,9646956,HDFCBANK.NS
2013-06-20,141.6952362060547,146.64766964383938,141.25007364984933,146.64766964383938,15138044,HDFCBANK.NS
2013-06-21,141.3947296142578,143.01956991362687,140.24843081924294,141.73972781164815,17899844,HDFCBANK.NS
2013-06-24,139.19117736816406,141.08311796753938,138.83505280710003,140.6268291282757,10768052,HDFCBANK.NS
2013-06-25,141.1165008544922,143.87651356083725,138.53456400167667,139.33585100143864,18686432,HDFCBANK.NS
2013-06-26,138.63473510742188,141.92894868900515,138.00038393794904,140.56006847873357,10476020,HDFCBANK.NS
2013-06-27,143.8987579345703,145.27876420799797,138.5234160671718,141.11649269994984,27003560,HDFCBANK.NS
2013-06-28,149.01812744140625,149.84168067606217,144.47746509944574,144.56650302194677,21082680,HDFCBANK.NS
2013-07-01,148.85118103027344,150.01973235798775,147.93860352274135,148.90682633159318,9838684,HDFCBANK.NS
2013-07-02,146.1356964111328,148.85118999615597,145.63488866908966,148.84006365227756,9183152,HDFCBANK.NS
2013-07-03,144.82249450683594,145.72394584456262,143.2532858395443,145.56813625384018,13386260,HDFCBANK.NS
2013-07-04,145.8240966796875,146.33603078605333,143.72070136205042,145.52360387129363,9591060,HDFCBANK.NS
2013-07-05,148.6286163330078,149.74152248301164,146.56973995550078,146.92586448938994,9543496,HDFCBANK.NS
2013-07-08,147.0037841796875,148.56185287563486,145.28990589708926,147.7939448727189,7169296,HDFCBANK.NS
2013-07-09,149.19619750976562,149.9641054793691,147.393294959636,147.393294959636,7040192,HDFCBANK.NS
2013-07-10,146.74781799316406,149.55234994373964,146.04669519448137,149.18508544065708,7138580,HDFCBANK.NS
2013-07-11,152.07861328125,152.84652118062607,148.25021371320628,148.4616685819155,10599568,HDFCBANK.NS
2013-07-12,154.8608856201172,155.29492172123238,151.7558748478681,152.9132999224154,15634852,HDFCBANK.NS
2013-07-15,154.79412841796875,155.37283421661553,152.24557046433847,153.80363916792086,8511888,HDFCBANK.NS
2013-07-16,151.06588745117188,152.3568559017272,149.118301637965,151.1326591048543,11647384,HDFCBANK.NS
2013-07-17,147.54910278320312,151.53329864855147,144.21038433360837,150.8655549586325,22633988,HDFCBANK.NS
2013-07-18,152.267822265625,153.2471851648431,146.2247496946069,149.10717949646298,13663880,HDFCBANK.NS
2013-07-19,151.35525512695312,154.01510387160815,149.83057894691936,153.14703153309082,12458420,HDFCBANK.NS
2013-07-22,151.81150817871094,152.91328786070184,150.4648946052903,150.4648946052903,6460432,HDFCBANK.NS
2013-07-23,152.15652465820312,153.581049976152,151.58894523404297,153.11363482338018,7414784,HDFCBANK.NS
2013-07-24,146.8925018310547,150.46492825375086,145.45685002045295,150.01976574412438,14628748,HDFCBANK.NS
2013-07-25,145.5347442626953,148.2391118728669,144.71120450940444,147.0483076245172,16267256,HDFCBANK.NS
2013-07-26,143.36459350585938,146.06896142579873,142.00685316519557,146.01331610716034,9356492,HDFCBANK.NS
2013-07-29,140.78262329101562,143.11972612825778,140.1482722407332,143.11972612825778,14922224,HDFCBANK.NS
2013-07-30,139.19117736816406,141.339091835685,138.0226258214911,140.39312153599732,14691084,HDFCBANK.NS
2013-07-31,135.7189178466797,138.40101920515025,135.08456671521122,138.22295692134168,26824520,HDFCBANK.NS
2013-08-01,140.71588134765625,141.96233102321003,136.30877492696226,136.6426468313373,23446608,HDFCBANK.NS
2013-08-02,140.50439453125,141.294555141855,139.52503173327682,140.22616800742574,20015848,HDFCBANK.NS
2013-08-05,140.82717895507812,141.43927747673857,136.88748757133428,140.57120504827046,13598372,HDFCBANK.NS
2013-08-06,135.4740753173828,140.52665852843253,134.99552022377983,140.4487605296044,19645180,HDFCBANK.NS
2013-08-07,133.8158416748047,136.7427767742924,133.548741474799,135.76342748797884,22756456,HDFCBANK.NS
2013-08-08,135.88583374023438,137.4439022679684,133.54873094863328,134.43905582162418,20461448,HDFCBANK.NS
2013-08-12,134.0384063720703,135.95259932957805,133.2482457995623,135.78566342333218,15700868,HDFCBANK.NS
2013-08-13,138.11167907714844,139.06877582831387,133.13699308922403,134.40569546957119,14702392,HDFCBANK.NS
2013-08-14,138.30084228515625,138.8127899840786,135.4740715230035,138.44552551924826,14303708,HDFCBANK.NS
2013-08-16,130.85549926757812,138.44551312198703,130.18775563515698,136.6648634355306,28059568,HDFCBANK.NS
2013-08-19,130.1432647705078,131.0113235288794,126.93808920886008,130.6551989488216,20018440,HDFCBANK.NS
2013-08-20,130.15438842773438,131.30068732127899,126.09228053751436,127.97309485305611,25726984,HDFCBANK.NS
2013-08-21,132.0685577392578,137.85566929653027,131.32291610733628,134.88421552719626,28908596,HDFCBANK.NS
2013-08-22,131.03359985351562,134.37231899237563,126.87132727668023,131.10037151923623,30250692,HDFCBANK.NS
2013-08-23,135.22923278808594,135.58537093153214,130.9445438184966,131.76809714269467,20698444,HDFCBANK.NS
2013-08-26,136.0639190673828,138.62360351122553,134.1163330775025,136.2976266691121,14607608,HDFCBANK.NS
2013-08-27,125.06839752197266,133.54873687972307,123.63274588345963,132.94776484670828,54708372,HDFCBANK.NS
2013-08-28,125.07952117919922,127.3164597568217,117.52288592937387,123.68838853325492,37067552,HDFCBANK.NS
2013-08-29,127.3276138305664,129.6535908381966,126.42616239673076,126.42616239673076,40771004,HDFCBANK.NS
2013-08-30,132.2132568359375,133.54874427872474,127.01599030520278,127.09388830525306,36616916,HDFCBANK.NS
2013-09-02,131.21163940429688,134.51696534449135,129.65357074300752,133.10357992157682,19515716,HDFCBANK.NS
2013-09-03,125.21305084228516,132.85872318288125,123.98885424718006,132.85872318288125,18140008,HDFCBANK.NS
2013-09-04,125.54692077636719,128.3959573656068,124.45628106809289,126.30370227621307,20941800,HDFCBANK.NS
2013-09-05,135.66323852539062,138.64583197630287,129.9874180456573,129.9874180456573,33246248,HDFCBANK.NS
2013-09-06,137.15455627441406,138.0003622290847,130.5995363514765,135.99713116446893,18997216,HDFCBANK.NS
2013-09-10,142.0068359375,142.67457968015282,137.64424891961406,138.12279045067984,20298836,HDFCBANK.NS
2013-09-11,144.06568908691406,144.67778741829918,139.2356740822012,140.8939068242821,12690392,HDFCBANK.NS
2013-09-12,141.10537719726562,143.78747837245106,139.69197819831857,143.00844404690372,17676536,HDFCBANK.NS
2013-09-13,140.048095703125,141.22777336246182,138.2229271207073,140.77148461317702,15503120,HDFCBANK.NS
2013-09-16,143.07521057128906,144.43296421259228,140.00359234344904,141.89553278052267,12139216,HDFCBANK.NS
2013-09-17,142.9528045654297,143.5649029890263,141.0274713625497,142.00683427441672,8432088,HDFCBANK.NS
2013-09-18,144.78907775878906,145.7684405213229,140.48213675995282,143.25326196874258,10989616,HDFCBANK.NS
2013-09-19,152.06748962402344,153.55878648961075,150.53167379814053,151.35522701513167,29280904,HDFCBANK.NS
2013-09-20,146.69216918945312,152.7909008358991,141.39473818922704,151.91170218677286,24726152,HDFCBANK.NS
2013-09-23,142.88601684570312,145.20085338171967,140.91616489822957,144.90037416893736,13985240,HDFCBANK.NS
2013-09-24,142.10696411132812,143.42018498706446,140.21502398782383,140.90502024581428,18175188,HDFCBANK.NS
2013-09-25,138.1339111328125,142.83038341476097,136.4868181196315,142.00683011553014,20980920,HDFCBANK.NS
2013-09-26,138.25631713867188,139.33583051928667,137.5551809279859,138.3008225102318,22582440,HDFCBANK.NS
2013-09-27,135.5297088623047,138.89067981473542,134.66163667935083,138.44551737943178,16408692,HDFCBANK.NS
2013-09-30,132.00180053710938,136.40890633439855,130.810996347396,134.8842302875378,17062428,HDFCBANK.NS
2013-10-01,136.14181518554688,136.7539135699439,131.1782428729395,133.28163822001443,12997108,HDFCBANK.NS
2013-10-03,141.60617065429688,142.22939533463853,135.7745401473075,136.95421786103975,9772912,HDFCBANK.NS
2013-10-04,142.55218505859375,144.09912768863924,141.33911435221492,141.45040499343713,13628376,HDFCBANK.NS
2013-10-07,141.1832733154297,142.04021921328726,137.61084724433914,141.6729547448797,9922000,HDFCBANK.NS
2013-10-08,140.81602478027344,145.6905457110318,139.29133515827414,144.7890944197864,11768148,HDFCBANK.NS
2013-10-09,144.48858642578125,144.87810351233352,138.66808281261723,139.1577641527671,8668760,HDFCBANK.NS
2013-10-10,142.68568420410156,144.45520756856897,140.97180614301186,144.45520756856897,8345284,HDFCBANK.NS
2013-10-11,147.1929473876953,147.73827405417887,142.30728724617373,144.07681053382186,13390264,HDFCBANK.NS
2013-10-14,148.57298278808594,148.97362631675037,144.37733170451241,146.3582966571848,12375720,HDFCBANK.NS
2013-10-15,145.22308349609375,150.24228603854854,143.92097553259399,149.79712370954545,16143324,HDFCBANK.NS
2013-10-17,145.61265563964844,146.89249781987607,143.0195786577704,145.3455554241099,14551588,HDFCBANK.NS
2013-10-18,150.5984344482422,151.25505170513372,145.84633126354146,145.84633126354146,21281184,HDFCBANK.NS
2013-10-21,149.40765380859375,151.0881394137051,147.47119434943747,150.0197522040852,11225424,HDFCBANK.NS
2013-10-22,148.9068603515625,150.00864028646671,148.06105429532147,149.35202286382426,8758096,HDFCBANK.NS
2013-10-23,146.94815063476562,148.9068630065851,145.52362513601585,148.9068630065851,13544956,HDFCBANK.NS
2013-10-24,148.97360229492188,150.40925382764667,146.0577938553492,146.0577938553492,12321928,HDFCBANK.NS
2013-10-25,149.69699096679688,150.23119130811426,147.6047357314083,148.07215084110177,8946872,HDFCBANK.NS
2013-10-28,148.66204833984375,150.2423700574456,148.10559511740877,149.79720747949762,8382088,HDFCBANK.NS
2013-10-29,152.80201721191406,153.3584702971723,145.9131252993609,148.68426438100303,15222916,HDFCBANK.NS
2013-10-30,151.21054077148438,153.02458308139728,150.40925384327886,152.69071126376514,10188672,HDFCBANK.NS
2013-10-31,151.53330993652344,152.47928023437555,149.8862168631967,150.5094416364901,18195556,HDFCBANK.NS
2013-11-01,152.20108032226562,153.1359244385109,150.95463055746092,151.7113987770625,15642444,HDFCBANK.NS
2013-11-05,150.52056884765625,152.46815476620264,149.79717979219618,151.45541280561477,14258472,HDFCBANK.NS
2013-11-06,148.88455200195312,151.17713536599928,148.07212528667543,151.11036373117787,4610652,HDFCBANK.NS
2013-11-07,148.10556030273438,150.79878783211828,146.2136197911875,149.129428557224,7789140,HDFCBANK.NS
2013-11-08,145.2342529296875,148.60636400653485,143.48699570403244,147.66039377672462,13480760,HDFCBANK.NS
2013-11-11,145.62379455566406,147.0594464509919,137.26587066123383,143.34233655918632,11216304,HDFCBANK.NS
2013-11-12,143.77633666992188,147.58246996263742,143.19761736730703,145.2453672356383,8980320,HDFCBANK.NS
2013-11-13,141.04974365234375,144.11023590082127,139.85892578994896,142.2294215837915,10561084,HDFCBANK.NS
2013-11-14,142.94166564941406,144.65554380181598,142.00682178580576,142.00682178580576,12626860,HDFCBANK.NS
2013-11-18,148.86233520507812,149.12943541840613,144.46635557893853,144.98942966030614,14873920,HDFCBANK.NS
2013-11-19,146.9147491455078,148.7733107063461,146.33604333828603,148.7733107063461,6789036,HDFCBANK.NS
2013-11-20,144.57765197753906,146.68104756175563,143.87652917298803,146.16911339050844,8370096,HDFCBANK.NS
2013-11-21,141.928955078125,143.69846534166362,141.37250189203542,143.46475772056257,12787656,HDFCBANK.NS
2013-11-22,142.93055725097656,143.98781820422752,141.36134854687356,143.00845525552452,7492384,HDFCBANK.NS
2013-11-25,146.8479766845703,147.29313917546708,144.24377339576802,144.24377339576802,16150540,HDFCBANK.NS
2013-11-26,145.33444213867188,146.8813846734483,144.32170008297646,146.3917031651711,14478516,HDFCBANK.NS
2013-11-27,145.46798706054688,146.6254123877228,143.3645913308695,144.92266022910715,8593012,HDFCBANK.NS
2013-11-28,145.43460083007812,147.57137549361036,144.24378293699218,145.9242687342295,14773732,HDFCBANK.NS
2013-11-29,147.1929473876953,148.88457268810802,145.79068852050796,145.79068852050796,9571080,HDFCBANK.NS
2013-12-02,147.1929473876953,148.016500558989,146.46955847518896,147.34875694744468,6858612,HDFCBANK.NS
2013-12-03,145.95765686035156,147.3933086612802,145.26766040919225,146.9036271869341,10288280,HDFCBANK.NS
2013-12-04,146.36941528320312,146.803451410233,145.44571130545285,145.76845681454074,10476608,HDFCBANK.NS
2013-12-05,153.1581268310547,153.55878388163126,149.47441048258443,149.47441048258443,32019992,HDFCBANK.NS
2013-12-06,151.95620727539062,153.49200959947163,150.96571809241314,152.44588869469993,16069232,HDFCBANK.NS
2013-12-09,155.06121826171875,159.6797787528877,154.14862707374144,158.03267222794915,25265628,HDFCBANK.NS
2013-12-10,155.07232666015625,156.21861170305684,153.58102988479888,154.10409027710674,25064880,HDFCBANK.NS
2013-12-11,154.81637573242188,156.20750845517256,152.89105619530324,153.60330528112718,12289776,HDFCBANK.NS
2013-12-12,154.7384490966797,155.92925305286047,153.69231476572273,154.29328670778548,12867696,HDFCBANK.NS
2013-12-13,153.5699462890625,156.25204781150555,152.46816631179672,153.09139113586878,25316080,HDFCBANK.NS
2013-12-16,152.32345581054688,153.7813737017159,151.62233310335185,153.1358827154603,21432244,HDFCBANK.NS
2013-12-17,146.36941528320312,150.38701745913366,145.57925461287104,150.38701745913366,17942644,HDFCBANK.NS
2013-12-18,148.29473876953125,151.49991379205775,144.57762965480003,144.78908453220276,14087316,HDFCBANK.NS
2013-12-19,145.24539184570312,152.23444852381328,144.76685030978294,151.13266862020325,10019516,HDFCBANK.NS
2013-12-20,147.92747497558594,148.81779986520192,144.70004725072795,146.41392538029467,5722468,HDFCBANK.NS
2013-12-23,147.8941192626953,149.46331441101145,146.2358861772666,146.45846743476625,5531232,HDFCBANK.NS
2013-12-24,146.30262756347656,148.35037742579465,145.80181983773306,148.13892255786936,3554696,HDFCBANK.NS
2013-12-26,148.91798400878906,149.61912038705594,146.2136299467915,146.8702337722981,8046760,HDFCBANK.NS
2013-12-27,149.05149841308594,150.3424665901961,147.81616194786045,147.81616194786045,5464012,HDFCBANK.NS
2013-12-30,149.01812744140625,150.68748659870354,148.04990456428564,150.64296763745304,4227604,HDFCBANK.NS
2013-12-31,148.20571899414062,149.64137076513128,146.9258768142766,149.59685179834065,5261312,HDFCBANK.NS
2014-01-01,148.0498809814453,149.0848753429378,147.5713259984705,148.6842319260608,4492436,HDFCBANK.NS
2014-01-02,146.23585510253906,150.18667158361984,145.4679472102873,148.01650478415294,7228992,HDFCBANK.NS
2014-01-03,147.59361267089844,148.23910369165603,144.6778039032679,145.1229663768164,6513184,HDFCBANK.NS
2014-01-06,147.28201293945312,147.57136584169436,146.23587836801386,147.57136584169436,5963420,HDFCBANK.NS
2014-01-07,147.8829803466797,149.34088474232271,145.41232044727303,148.4839388226212,7896920,HDFCBANK.NS
2014-01-08,147.94973754882812,148.45054528671213,146.90360311263683,148.0610281572468,4649480,HDFCBANK.NS
2014-01-09,147.5602569580078,148.25025346694767,146.2581483659157,147.61590227599595,3777472,HDFCBANK.NS
2014-01-10,147.35989379882812,150.17555166240285,146.0800517854359,147.56022233068828,6150508,HDFCBANK.NS
2014-01-13,149.76377868652344,150.67636990211113,146.21361885292103,146.92586793741427,4752580,HDFCBANK.NS
2014-01-14,149.64137268066406,150.46492602834888,148.75104767457916,148.9179836132201,3577120,HDFCBANK.NS
2014-01-15,151.4776611328125,151.95621623598254,149.0403938221834,149.79717547713116,4627840,HDFCBANK.NS
2014-01-16,149.80833435058594,152.46818348018013,149.20736215119854,152.33464014044242,4501176,HDFCBANK.NS
2014-01-17,148.0165252685547,150.24233767860815,146.69216416751672,150.24233767860815,43374856,HDFCBANK.NS
2014-01-20,149.14053344726562,150.62070389218633,148.32812020152247,148.7064973811756,5600368,HDFCBANK.NS
2014-01-21,150.4871826171875,151.088154728917,149.1294423818535,149.7860598079046,6251924,HDFCBANK.NS
2014-01-22,150.7097625732422,152.401388265182,150.16444936582434,150.35363799877155,7033336,HDFCBANK.NS
2014-01-23,151.24392700195312,151.6000514916138,149.74150388603968,150.24231159134416,5482740,HDFCBANK.NS
2014-01-24,149.8861846923828,150.23118283343575,147.72714434716377,149.12940318242042,8842900,HDFCBANK.NS
2014-01-27,144.49974060058594,147.99426871008106,143.69844000274372,147.99426871008106,17060448,HDFCBANK.NS
2014-01-28,143.44247436523438,146.01328481838004,142.14036603695126,144.23263500352175,18395424,HDFCBANK.NS
2014-01-29,143.6650848388672,144.87815548924758,142.5744311711235,144.12137372975815,10970924,HDFCBANK.NS
2014-01-30,140.62684631347656,142.42976278555054,139.70314217677557,141.8955622933917,11425460,HDFCBANK.NS
2014-01-31,139.89230346679688,141.62843434885144,139.1355218484571,140.22617531277967,9620984,HDFCBANK.NS
2014-02-03,139.44717407226562,141.11653369803096,139.13555484134272,140.21508221717437,4776820,HDFCBANK.NS
2014-02-04,140.3596954345703,141.4503487187553,137.28807767590786,138.3676046174538,7409304,HDFCBANK.NS
2014-02-05,141.88441467285156,142.40747515464813,139.13552819765127,140.4487629525561,6905384,HDFCBANK.NS
2014-02-06,144.01007080078125,144.5887766249098,140.1148988703119,142.1737754621314,13466944,HDFCBANK.NS
2014-02-07,144.17698669433594,145.6794099443348,142.91939735466946,145.21199481178036,4029468,HDFCBANK.NS
2014-02-10,143.320068359375,144.71120113353697,141.5616710987219,144.1547480238722,6280820,HDFCBANK.NS
2014-02-11,143.52037048339844,144.04344451083966,142.2961737516948,143.78747066918973,4464856,HDFCBANK.NS
2014-02-12,143.6650848388672,145.3010517552,143.26444126601862,143.9210451506925,6436960,HDFCBANK.NS
2014-02-13,140.78262329101562,144.23263224123025,140.50439676277253,143.78746979604125,3155200,HDFCBANK.NS
2014-02-14,142.85264587402344,143.30893472694487,140.08150654905353,141.11651481262788,4249112,HDFCBANK.NS
2014-02-17,144.766845703125,145.1229702573743,142.69682927754815,142.89715783011394,3650120,HDFCBANK.NS
2014-02-18,146.99264526367188,147.88297015664318,144.09908936151518,144.3439232729704,5019672,HDFCBANK.NS
2014-02-19,149.14053344726562,149.6302148145139,145.79068903459515,146.05778919721044,4060948,HDFCBANK.NS
2014-02-20,147.51573181152344,148.5618664629656,147.09282197840358,148.19460194550456,3448436,HDFCBANK.NS
2014-02-21,147.8829803466797,149.04039191907128,146.83684580829745,146.87022484291606,3043872,HDFCBANK.NS
2014-02-24,149.35198974609375,149.79715215964396,145.95762634277344,147.37101157168385,5018984,HDFCBANK.NS
2014-02-25,149.374267578125,150.46492110903367,148.23910866659233,150.0197586205454,4020560,HDFCBANK.NS
2014-02-26,150.7765350341797,151.1771785428102,148.8066829400521,149.12942845002243,4551340,HDFCBANK.NS
2014-02-28,149.04039001464844,152.00073131816035,148.0499143838481,151.80040277188584,4903584,HDFCBANK.NS
2014-03-03,148.28359985351562,149.57456811122947,147.61585624587622,148.06101865096915,3678432,HDFCBANK.NS
2014-03-04,149.50784301757812,149.98638460088242,147.84960982525155,148.23912705098613,6443868,HDFCBANK.NS
2014-03-05,149.07379150390625,150.24234306104773,147.46007744880612,149.90847118757875,4006984,HDFCBANK.NS
2014-03-06,150.37588500976562,150.8433137795432,148.70652565759113,149.79717920179095,4948680,HDFCBANK.NS
2014-03-07,158.3554229736328,159.12333095442523,150.50943440937064,151.26620246014534,22767568,HDFCBANK.NS
2014-03-10,163.4747772216797,164.02010391931466,155.80685159403183,157.25362950169068,26123852,HDFCBANK.NS
2014-03-11,161.40480041503906,164.71012657503354,160.158337251951,163.48592968832722,13000472,HDFCBANK.NS
2014-03-12,161.49380493164062,163.15203777340582,159.47944756431826,160.5367083820859,7110216,HDFCBANK.NS
2014-03-13,165.23316955566406,166.8246307736744,161.92784374629503,161.92784374629503,11448452,HDFCBANK.NS
2014-03-14,162.96286010742188,164.6878647153822,161.14881756945454,163.5972112065595,12208480,HDFCBANK.NS
2014-03-18,163.3746337890625,165.77850851740394,162.1059179758242,163.68625296609684,8102724,HDFCBANK.NS
2014-03-19,164.36514282226562,165.44465655601803,163.76417067155202,164.7101410763826,6055136,HDFCBANK.NS
2014-03-20,162.52883911132812,164.3651345101952,162.0391576212405,164.3651345101952,5195084,HDFCBANK.NS
2014-03-21,163.3412628173828,164.15368990322037,162.75143059127316,163.63062934238766,7525592,HDFCBANK.NS
2014-03-24,167.08062744140625,167.58143527397326,163.37464404629776,163.4859346757571,11713860,HDFCBANK.NS
2014-03-25,166.96934509277344,169.28418214916246,166.43514461076228,166.93595246816676,8031092,HDFCBANK.NS
2014-03-26,166.05673217773438,168.33818989862655,165.62269604060603,167.55915555490725,9409312,HDFCBANK.NS
2014-03-27,166.21255493164062,169.32869255339216,165.15529395283207,166.93594402240439,24554932,HDFCBANK.NS
2014-03-28,165.81192016601562,167.848530639798,163.6083601540857,166.92482651844838,12160900,HDFCBANK.NS
2014-03-31,166.6688232421875,167.6036671304893,165.40010750701222,166.47963462973797,8262428,HDFCBANK.NS
2014-04-01,164.28720092773438,167.72608365873234,163.05187781453944,167.26979485290286,8051832,HDFCBANK.NS
2014-04-02,162.90721130371094,166.0456012825805,160.68139895407847,165.81189370292518,10398752,HDFCBANK.NS
2014-04-03,162.21719360351562,164.264943584772,161.64961419842908,163.8197811360328,5559704,HDFCBANK.NS
2014-04-04,161.47157287597656,163.15205862084022,160.26962867439798,161.49382556718737,7422408,HDFCBANK.NS
2014-04-07,161.4492645263672,162.92943490876155,160.94845683709846,161.3713665421477,11733156,HDFCBANK.NS
2014-04-09,165.1218719482422,165.8007555346921,160.64799487863314,162.05025384184796,10520384,HDFCBANK.NS
2014-04-10,164.57656860351562,166.6354450023755,163.8197869795523,165.7451200731388,7494792,HDFCBANK.NS
2014-04-11,164.2983856201172,165.77854305620812,163.35241513201785,163.38579417454514,5207952,HDFCBANK.NS
2014-04-15,161.1376953125,164.44302137233373,159.83558687583738,163.44140576810761,8371868,HDFCBANK.NS
2014-04-16,161.5828399658203,162.88493467346103,160.5033128937124,160.97074160858622,3572392,HDFCBANK.NS
2014-04-17,159.96914672851562,160.5478525430879,157.43171505016957,159.42381995019863,12302328,HDFCBANK.NS
2014-04-21,159.46832275390625,161.70526136753676,158.70041480392803,160.85945542224363,6987752,HDFCBANK.NS
2014-04-22,161.93899536132812,162.39528423393656,159.67980369049812,160.68141937512834,11395824,HDFCBANK.NS
2014-04-23,163.1520538330078,164.58770559129582,160.83720343318828,161.3491511688292,21025344,HDFCBANK.NS
2014-04-24,163.1520538330078,163.1520538330078,163.1520538330078,163.1520538330078,0,HDFCBANK.NS
2014-04-25,161.68299865722656,164.26493529551047,161.37137952472233,163.185421845905,6212444,HDFCBANK.NS
2014-04-28,161.41590881347656,162.31736006731205,160.38090067204473,160.75929147564776,4882860,HDFCBANK.NS
2014-04-29,159.3236541748047,161.927857486489,158.58913877542736,161.68302354845696,6641236,HDFCBANK.NS
2014-04-30,160.54783630371094,162.46204300690803,158.39993561452067,159.36815851777226,8786920,HDFCBANK.NS
2014-05-02,159.6129608154297,161.93893689367286,159.26796269900754,161.03748582002876,5915292,HDFCBANK.NS
2014-05-05,159.5240020751953,160.94851408014682,158.9230299172751,160.22512493836652,5192324,HDFCBANK.NS
2014-05-06,160.3030242919922,161.28237367335532,158.94527047072157,160.3030242919922,6184560,HDFCBANK.NS
2014-05-07,159.27911376953125,161.816545082516,158.35540986830213,159.9246047342335,6598624,HDFCBANK.NS
2014-05-08,159.88009643554688,160.9262309443574,159.25687170219604,159.62413616958364,7520428,HDFCBANK.NS
2014-05-09,168.44947814941406,169.1617408278506,160.2584913105953,160.2584913105953,16376444,HDFCBANK.NS
2014-05-12,176.31773376464844,176.91869224123542,167.93754468899772,168.0710879981769,17561360,HDFCBANK.NS
2014-05-13,175.4274139404297,178.0649962634699,174.1698244702065,178.0649962634699,12665216,HDFCBANK.NS
2014-05-14,172.6006317138672,176.90757343442394,172.33353149884695,174.72627991810765,8501500,HDFCBANK.NS
2014-05-15,175.47190856933594,176.0951468862944,170.50834981968697,171.1649671702309,9466188,HDFCBANK.NS
2014-05-16,179.111083984375,190.08433379183654,175.31607746120707,178.06494968790307,32868368,HDFCBANK.NS
2014-05-19,180.71371459960938,185.85533582114797,179.84564232753002,181.60403956162685,10522804,HDFCBANK.NS
2014-05-20,181.63739013671875,182.87271311090552,179.03318731380043,181.62626379349302,6357032,HDFCBANK.NS
2014-05-21,180.17950439453125,181.29241053656048,179.17788886670496,180.81385546137588,3642388,HDFCBANK.NS
2014-05-22,178.64370727539062,181.40372023205222,177.61983895113826,180.73597647659682,7806456,HDFCBANK.NS
2014-05-23,175.7612762451172,178.7327302744723,174.2143339571924,177.8424053415982,9818936,HDFCBANK.NS
2014-05-26,177.43064880371094,178.96645127695436,175.83918743270743,177.8424186819408,17395232,HDFCBANK.NS
2014-05-27,179.15562438964844,180.43546636876926,175.47189443369479,178.06497100811208,7619524,HDFCBANK.NS
2014-05-28,183.28451538085938,184.0190307180757,177.95369223961478,178.04273016515376,14355564,HDFCBANK.NS
2014-05-29,180.346435546875,184.90935060853616,179.71208449680472,183.0953082108858,13684008,HDFCBANK.NS
2014-05-30,176.45126342773438,183.13982641992274,162.48429177199128,181.40369560845602,32807544,HDFCBANK.NS
2014-06-02,182.38307189941406,183.03967568346272,176.61821239958138,176.61821239958138,8083132,HDFCBANK.NS
2014-06-03,183.48483276367188,184.26386707396756,181.18112245162388,183.18435353524134,3624148,HDFCBANK.NS
2014-06-04,181.7821044921875,184.67566066100923,181.42596635101006,183.05082029865014,2864340,HDFCBANK.NS
2014-06-05,180.79446411132812,183.0278828183962,179.7955969438244,182.21980449965815,7674472,HDFCBANK.NS
2014-06-06,182.99417114257812,184.28483840301334,179.79556097541254,182.48912743197303,10565276,HDFCBANK.NS
2014-06-09,183.93695068359375,186.3050421540684,182.93808356092256,184.4868899938455,9339920,HDFCBANK.NS
2014-06-10,183.30844116210938,184.86845423672264,181.81575081423804,184.31852866663291,4999344,HDFCBANK.NS
2014-06-11,184.17263793945312,186.27137001542093,181.81576688721148,183.38701425537258,7743772,HDFCBANK.NS
2014-06-12,188.51600646972656,189.66078061345047,182.4554809917904,185.0704909836424,12732048,HDFCBANK.NS
2014-06-13,187.5171356201172,192.14108618610945,186.67539604862432,189.4475195573322,12212884,HDFCBANK.NS
2014-06-16,188.32521057128906,189.1781706443274,186.3723719171032,186.52949938586556,5309880,HDFCBANK.NS
2014-06-17,190.01991271972656,190.52495649715786,185.7102030789416,187.6518213033643,6988120,HDFCBANK.NS
2014-06-18,187.3936767578125,191.1085651702449,186.0244524820623,190.14335946418385,5374628,HDFCBANK.NS
2014-06-19,185.35107421875,188.53846449000957,184.55423007598256,187.89873412454486,4720996,HDFCBANK.NS
2014-06-20,184.49807739257812,186.69782053926727,183.91446312088533,185.40715330981035,2969768,HDFCBANK.NS
2014-06-23,184.38587951660156,185.53063996453162,183.005421005695,184.9582597405666,5840844,HDFCBANK.NS
2014-06-24,186.08055114746094,186.92229067315813,185.18269565338392,185.2612525290406,5066224,HDFCBANK.NS
2014-06-25,184.98069763183594,187.02332737642283,184.73379281774461,186.08057624047422,6330624,HDFCBANK.NS
2014-06-26,182.35446166992188,185.54183780713217,181.51272211956254,184.0603816785749,21808264,HDFCBANK.NS
2014-06-27,183.2074432373047,184.5093311550518,182.7136199029345,183.5778004629401,5142960,HDFCBANK.NS
2014-06-30,184.40830993652344,186.91108784231096,184.03795273041035,184.03795273041035,6176100,HDFCBANK.NS
2014-07-01,184.80111694335938,185.84487950654884,182.93806940601073,184.73378051674456,7641372,HDFCBANK.NS
2014-07-02,188.52725219726562,188.9986209499625,185.29496626388843,186.48462230180138,7626724,HDFCBANK.NS
2014-07-03,187.8313751220703,189.73931813333695,186.60804421598525,188.77412617355736,6062740,HDFCBANK.NS
2014-07-04,192.2869873046875,192.80325148602577,187.44977975512447,187.83137108922244,5631988,HDFCBANK.NS
2014-07-07,188.6506805419922,193.19607434946388,187.61813841993478,193.01650597612002,8131968,HDFCBANK.NS
2014-07-08,186.13668823242188,190.42394322293922,184.06039716682054,189.4475307424348,6732272,HDFCBANK.NS
2014-07-09,186.3723907470703,187.39369884692906,183.6114872605741,185.8561264691386,5795552,HDFCBANK.NS
2014-07-10,184.81234741210938,190.3453880519499,182.32080359103338,186.3723742641296,9857544,HDFCBANK.NS
2014-07-11,182.21978759765625,186.6305086235999,181.54639591126417,184.30729908543387,9198780,HDFCBANK.NS
2014-07-14,183.48800659179688,184.06038676181117,181.17603130299716,182.9380673303367,4921608,HDFCBANK.NS
2014-07-15,185.5867462158203,186.03567400719876,183.274770830259,184.22874238693822,6092036,HDFCBANK.NS
2014-07-16,187.59568786621094,188.21296353672494,183.58901308494976,186.19278861504273,9589300,HDFCBANK.NS
2014-07-17,186.70907592773438,188.32521880531493,186.19281167939064,188.25788237295527,5039100,HDFCBANK.NS
2014-07-18,186.85496520996094,187.83137763696007,184.50931485407762,186.05812115227116,7288432,HDFCBANK.NS
2014-07-21,185.732666015625,190.10971228292084,185.23884267107158,188.93127674941812,9813656,HDFCBANK.NS
2014-07-22,188.51600646972656,189.14451636833087,185.63165075011798,186.28260155930548,6970352,HDFCBANK.NS
2014-07-23,187.7191619873047,189.67200071099424,187.4273616493257,189.24551380920138,7849852,HDFCBANK.NS
2014-07-24,189.0547332763672,189.4475451294199,186.9784420530886,187.65183380117895,4278600,HDFCBANK.NS
2014-07-25,187.53958129882812,190.7494122063945,187.23656052545846,188.7741327017528,10665952,HDFCBANK.NS
2014-07-28,186.20404052734375,188.50479568796175,185.85612419431274,188.21299533445801,3884952,HDFCBANK.NS
2014-07-30,188.2803192138672,188.9761655337151,185.59797283130527,186.5295035094124,4685380,HDFCBANK.NS
2014-07-31,187.20289611816406,188.52723863312855,185.97956510013577,188.0783108246917,11901344,HDFCBANK.NS
2014-08-01,183.0390625,185.81118576851247,182.26465942128837,185.41837400251833,6828460,HDFCBANK.NS
2014-08-04,182.4891357421875,184.66643813376166,181.1647933606622,183.83591903179774,7363044,HDFCBANK.NS
2014-08-05,184.1052703857422,184.7337664867288,181.79329524629813,183.38698325596286,6077104,HDFCBANK.NS
2014-08-06,181.8157501220703,183.9593775223607,181.22091533603998,182.94929002168254,3381400,HDFCBANK.NS
2014-08-07,182.1524658203125,183.72371321494245,181.81576995003468,182.4667207793145,3933740,HDFCBANK.NS
2014-08-08,178.70697021484375,181.32196687968772,178.44883120535056,180.6934705915814,7450680,HDFCBANK.NS
2014-08-11,177.9886474609375,180.2108317910946,177.64073116532688,179.79557906733172,5626224,HDFCBANK.NS
2014-08-12,181.18727111816406,181.4790714614903,177.77541694186803,179.79559213438927,6603072,HDFCBANK.NS
2014-08-13,182.35446166992188,183.10641018816767,180.16593883898759,181.81574287761669,7839820,HDFCBANK.NS
2014-08-14,185.5643310546875,186.67543023255985,182.55650895501967,182.73607735644964,11873224,HDFCBANK.NS
2014-08-18,186.83251953125,187.31512239076255,184.86846042889027,186.30503485240615,6702168,HDFCBANK.NS
2014-08-19,184.92459106445312,187.9885289871253,184.56545428019558,186.97844136868702,7892856,HDFCBANK.NS
2014-08-20,184.18385314941406,187.3375682513685,183.83593683926773,186.08057587271423,9434852,HDFCBANK.NS
2014-08-21,186.86619567871094,187.4722509452743,184.28486084350953,184.5093247422227,6390480,HDFCBANK.NS
2014-08-22,190.0648193359375,190.513747164307,185.86734140064465,187.28146131997056,10015288,HDFCBANK.NS
2014-08-25,189.32408142089844,191.42281343049729,187.92118202940472,189.223069924673,6656064,HDFCBANK.NS
2014-08-26,189.11085510253906,190.4576386403613,188.12320836139318,189.5597829484798,4165256,HDFCBANK.NS
2014-08-27,187.78648376464844,189.89644979803535,187.20288313423342,189.89644979803535,4852968,HDFCBANK.NS
2014-08-28,189.34654235839844,189.78424975487897,187.20291460150096,187.9885383438334,7991452,HDFCBANK.NS
2014-09-01,188.81903076171875,190.56984639848685,188.23541641600346,189.8740138057293,4154656,HDFCBANK.NS
2014-09-02,192.85939025878906,193.28586345893328,188.2466597428792,189.24551316175274,11442252,HDFCBANK.NS
2014-09-03,192.2869873046875,194.16125521308547,191.15343375629894,194.16125521308547,9234780,HDFCBANK.NS
2014-09-04,191.20956420898438,192.814486544465,190.45761563792612,192.6012431033594,6406968,HDFCBANK.NS
2014-09-05,190.44639587402344,192.040084060341,189.46996970337335,191.24323996718223,3835208,HDFCBANK.NS
2014-09-08,194.1051788330078,194.78979106312366,190.6708835260439,191.01879986919877,9788344,HDFCBANK.NS
2014-09-09,194.29592895507812,195.26113459876728,192.54511343195236,193.06137761566808,7661044,HDFCBANK.NS
2014-09-10,192.4329071044922,194.16128194974755,191.71461985319505,194.16128194974755,4314252,HDFCBANK.NS
2014-09-11,191.77073669433594,193.734795913656,191.46771589485965,192.45536258236513,6532864,HDFCBANK.NS
2014-09-12,192.07379150390625,192.5900558132508,190.55865994593486,190.8167852505115,6086556,HDFCBANK.NS
2014-09-15,193.1175079345703,194.1612705336999,190.79431208513864,190.79431208513864,5809088,HDFCBANK.NS
2014-09-16,191.01876831054688,193.49909152800808,190.34537664787752,193.26340718611146,5076268,HDFCBANK.NS
2014-09-17,189.9862518310547,192.11865889666706,189.0210460938366,191.91663590511226,7905896,HDFCBANK.NS
2014-09-18,192.6237030029297,193.26341964362553,189.0547214806546,189.61588123571738,6652568,HDFCBANK.NS
2014-09-19,193.0950469970703,194.1612503951942,191.10854719853555,193.038931028748,6542108,HDFCBANK.NS
2014-09-22,192.3318634033203,192.7022342725038,191.0187552311016,192.3543180106515,6534316,HDFCBANK.NS
2014-09-23,190.53616333007812,192.55633829537396,189.80665570372128,192.15230604235245,4716976,HDFCBANK.NS
2014-09-24,192.01763916015625,192.4328918802996,189.68320920317475,190.1433574417579,6665496,HDFCBANK.NS
2014-09-25,190.78311157226562,194.29596370067114,189.02106157989067,191.46772378832884,16595960,HDFCBANK.NS
2014-09-26,195.65394592285156,197.30374995606087,189.6719780578742,190.78307700073603,9882252,HDFCBANK.NS
2014-09-29,194.18370056152344,196.93338314042714,193.30829963406705,195.95697072513664,8682268,HDFCBANK.NS
2014-09-30,195.87843322753906,197.48334193677198,193.29709830621226,193.98171048009146,12035432,HDFCBANK.NS
2014-10-01,194.83465576171875,195.54172249254233,193.15117659327072,194.38572798346593,5870188,HDFCBANK.NS
2014-10-07,193.58889770507812,194.61020573330615,191.71461587726765,194.16127792307935,5026288,HDFCBANK.NS
2014-10-08,194.744873046875,195.28359188387168,192.65736152884386,193.16240530095732,3140384,HDFCBANK.NS
2014-10-09,199.23414611816406,200.4350361668607,194.89077526495214,196.18144265081276,7650420,HDFCBANK.NS
2014-10-10,194.67755126953125,198.68424038330474,194.1388460921785,198.2128579404072,4266980,HDFCBANK.NS
2014-10-13,196.80996704101562,197.07932649152053,192.06256323915323,193.9368315360749,5376512,HDFCBANK.NS
2014-10-14,194.91322326660156,198.86379615066576,194.19494974239834,198.65055270433513,7266240,HDFCBANK.NS
2014-10-15,194.91322326660156,194.91322326660156,194.91322326660156,194.91322326660156,0,HDFCBANK.NS
2014-10-16,192.78082275390625,196.18145645514397,191.9278626397914,194.92446404488945,5533084,HDFCBANK.NS
2014-10-17,198.70663452148438,199.34635105031808,192.38797130429603,193.09503795211177,9977920,HDFCBANK.NS
2014-10-20,200.62583923339844,204.1723662574915,199.8065541852162,200.67073475526084,9532004,HDFCBANK.NS
2014-10-21,201.01866149902344,203.30819623084136,199.24540474511218,202.01752868645568,16037152,HDFCBANK.NS
2014-10-22,200.5921630859375,203.4428435615773,200.0534442636653,203.1510432412585,4571544,HDFCBANK.NS
2014-10-27,201.4002227783203,203.65608210450955,200.70439020811673,201.8042550352188,6724768,HDFCBANK.NS
2014-10-28,200.96250915527344,202.0623876480673,200.67070885112037,201.79302825185368,5803492,HDFCBANK.NS
2014-10-29,200.12075805664062,202.57864014245072,199.77284180252758,202.06237598794232,7896188,HDFCBANK.NS
2014-10-30,201.26556396484375,202.00629210418995,199.1219227325353,199.75043262064906,10738180,HDFCBANK.NS
2014-10-31,204.6774139404297,205.29468970223962,201.42268719634092,202.03996295815085,10105988,HDFCBANK.NS
2014-11-03,204.4192657470703,206.3496497057349,203.22960987951245,205.4293532440854,7239648,HDFCBANK.NS
2014-11-05,204.890625,206.57410408419182,204.31824485141235,205.39566872525754,7524180,HDFCBANK.NS
2014-11-07,201.89404296875,203.49895151736828,200.59215518310356,203.13981478346176,9028492,HDFCBANK.NS
2014-11-10,203.061279296875,203.8917847940517,200.44626929575153,201.90528469376093,6389756,HDFCBANK.NS
2014-11-11,203.790771484375,205.90072383309146,202.55622008771937,203.34184370377295,5913408,HDFCBANK.NS
2014-11-12,204.65493774414062,206.48432380289927,202.9490177766089,204.4865898381268,9058664,HDFCBANK.NS
2014-11-13,205.5977325439453,206.50680868998813,202.89294501798958,205.49672103878711,7388952,HDFCBANK.NS
2014-11-14,208.77386474609375,209.4248155263047,204.65495772358875,206.10275259668623,8438056,HDFCBANK.NS
2014-11-17,206.27108764648438,209.64926633943224,203.81320539208187,208.75141080907065,13464084,HDFCBANK.NS
2014-11-18,209.24526977539062,209.87376601378955,204.7110958337712,206.73127112160446,9189112,HDFCBANK.NS
2014-11-19,207.97703552246094,210.479813628544,206.9894025269309,209.88497877995513,3454848,HDFCBANK.NS
2014-11-20,206.10275268554688,208.2912756783248,204.7335146955929,208.2912756783248,4770372,HDFCBANK.NS
2014-11-21,209.39112854003906,209.8737313703242,205.1712102642884,206.77613251366614,8823808,HDFCBANK.NS
2014-11-24,212.1632843017578,213.24070829838547,208.32494333227322,209.27891492202917,7316860,HDFCBANK.NS
2014-11-25,214.03756713867188,215.2160027129608,210.77161985853772,211.66947553418643,12156508,HDFCBANK.NS
2014-11-26,213.53248596191406,215.46288354693465,209.49213612838614,210.951151346049,8976428,HDFCBANK.NS
2014-11-27,212.82542419433594,214.09363684195074,211.66942978173086,213.3753497166518,13211448,HDFCBANK.NS
2014-11-28,214.84564208984375,216.8097013494535,212.5673278686204,212.79179178400435,9251860,HDFCBANK.NS
2014-12-01,213.2406768798828,216.03525480639877,212.83664465320052,215.1037242641643,7389128,HDFCBANK.NS
2014-12-02,211.7367706298828,213.15089030289573,210.81647422209966,211.3888543635349,4517556,HDFCBANK.NS
2014-12-03,209.44723510742188,211.90511726492065,209.2003303263821,211.44496906378964,6661184,HDFCBANK.NS
2014-12-04,211.310302734375,211.95001931418375,209.20033677608606,210.99604782137433,6839104,HDFCBANK.NS
2014-12-05,211.6133575439453,211.9837284867077,210.03088967068734,211.22054568958103,4074180,HDFCBANK.NS
2014-12-08,208.11167907714844,212.11835360970127,207.62907628462824,212.11835360970127,4057128,HDFCBANK.NS
2014-12-09,208.02191162109375,209.873738727513,207.64032026518782,207.64032026518782,4873344,HDFCBANK.NS
2014-12-10,209.06568908691406,209.8737536744618,207.6964510299936,207.87601941609424,5565432,HDFCBANK.NS
2014-12-11,209.55950927734375,210.04211218322158,207.62912505421315,208.72900373727919,4818844,HDFCBANK.NS
2014-12-12,209.088134765625,210.14311789578477,208.52697498364532,209.4248306348128,4616828,HDFCBANK.NS
2014-12-15,211.332763671875,211.96125985725536,208.30250099575147,208.7514287996216,6638628,HDFCBANK.NS
2014-12-16,207.79745483398438,211.44499319861006,205.8333957145705,210.4461261064132,4989956,HDFCBANK.NS
2014-12-17,206.92202758789062,209.31257345108017,205.60891933639618,207.8535581937804,7064016,HDFCBANK.NS
2014-12-18,209.66050720214844,210.21044650806434,206.96694034886838,209.33503180067254,6493828,HDFCBANK.NS
2014-12-19,211.321533203125,213.01623284239184,209.3125786359646,212.12959773172454,6114108,HDFCBANK.NS
2014-12-22,216.31588745117188,216.85459265152718,211.55724949698404,214.13858463673506,8295612,HDFCBANK.NS
2014-12-23,215.4292449951172,218.61663536623695,214.4415982772411,215.41802453927116,7544080,HDFCBANK.NS
2014-12-24,212.1745147705078,216.56278155045226,211.24298404705954,215.01398876351368,16664812,HDFCBANK.NS
2014-12-26,212.93768310546875,213.90287513040136,211.56844510249024,213.33049492842184,3366480,HDFCBANK.NS
2014-12-29,213.62228393554688,214.58747590932728,212.85910123989441,213.26313349633872,3614800,HDFCBANK.NS
2014-12-30,214.68849182128906,215.39554485958553,211.6133337668981,213.24069698069815,5681200,HDFCBANK.NS
2014-12-31,213.599853515625,214.87930055607862,213.1846007578468,214.5875002100569,4992528,HDFCBANK.NS
2015-01-01,213.7008514404297,214.22834982106423,212.12960415377114,213.46516708746873,3544940,HDFCBANK.NS
2015-01-02,216.6750030517578,217.57285866469388,213.33049911368462,213.33049911368462,5900384,HDFCBANK.NS
2015-01-05,214.84564208984375,217.85345033587487,214.3854801031545,217.72999792245173,4796000,HDFCBANK.NS
2015-01-06,211.50111389160156,214.710944984039,210.4461308010298,214.1385647679362,8219680,HDFCBANK.NS
2015-01-07,212.11839294433594,213.54373327928286,210.15433375040692,210.92873697262257,5746112,HDFCBANK.NS
2015-01-08,216.57398986816406,217.494300084368,212.83667412854484,214.19467799249398,9525824,HDFCBANK.NS
2015-01-09,218.9982147216797,219.97462722981786,216.9668054182323,218.38093898200418,8985184,HDFCBANK.NS
2015-01-12,217.0677947998047,218.717612556051,216.49541463955111,217.59529314371534,4126412,HDFCBANK.NS
2015-01-13,216.23728942871094,218.16768716064826,214.52014883888796,217.4942954704771,5828348,HDFCBANK.NS
2015-01-14,216.36073303222656,218.7737196710746,215.41798202398795,215.49653889959632,3685232,HDFCBANK.NS
2015-01-15,222.92636108398438,224.05990120836714,217.89836349241662,222.2192942132294,11398476,HDFCBANK.NS
2015-01-16,224.7669219970703,227.80841881862418,224.13842581371873,224.9577245332128,7821308,HDFCBANK.NS
2015-01-19,225.48519897460938,228.9531688307601,225.12606222906797,227.43803756643888,4239492,HDFCBANK.NS
2015-01-20,229.1664276123047,230.52443150381308,224.91283385279525,226.70854510112096,8505804,HDFCBANK.NS
2015-01-21,228.9419708251953,231.8599879942705,228.5828203442487,230.6142297172353,6740612,HDFCBANK.NS
2015-01-22,229.2337646484375,231.75898359805308,228.62770936049182,230.07550429830937,6470680,HDFCBANK.NS
2015-01-23,234.07098388671875,235.23818529635764,229.94084232892035,231.19783478554234,9987912,HDFCBANK.NS
2015-01-27,241.08547973632812,241.91598526467453,233.64449544713682,234.1158641902626,9962400,HDFCBANK.NS
2015-01-28,237.56137084960938,245.38393254021386,236.80942224010766,240.1763808501566,11364940,HDFCBANK.NS
2015-01-29,245.78799438476562,247.04498686683982,238.1562210431382,241.2987159485142,20567616,HDFCBANK.NS
2015-01-30,241.82620239257812,245.6869983152496,238.88573047614278,245.6869983152496,10570416,HDFCBANK.NS
2015-02-02,242.78016662597656,245.3390607543598,236.2145970678201,239.83969479966464,5710352,HDFCBANK.NS
2015-02-03,238.85203552246094,242.9148267176468,236.87676960123517,242.08432123036923,10200688,HDFCBANK.NS
2015-02-04,239.6601104736328,242.60060967293163,237.314473528022,238.60514103597765,6197512,HDFCBANK.NS
2015-02-05,241.63539123535156,245.29416380919207,240.2549327537919,241.2986953813311,8059148,HDFCBANK.NS
2015-02-06,236.47268676757812,242.1852812922264,235.6982973771365,241.74758770638977,6903120,HDFCBANK.NS
2015-02-09,233.4649200439453,236.07993021814215,232.2079275594657,235.0137265874921,5231896,HDFCBANK.NS
2015-02-10,236.68597412109375,238.44803784792148,231.1978421297204,231.1978421297204,9275752,HDFCBANK.NS
2015-02-11,237.57260131835938,239.009175783096,236.36049075747604,237.4828102767423,4161588,HDFCBANK.NS
2015-02-12,241.52313232421875,242.84747468227985,236.29311301541208,239.07647057803396,5525740,HDFCBANK.NS
2015-02-13,239.233642578125,242.86994690434145,238.7398055434524,242.690364818937,7714500,HDFCBANK.NS
2015-02-16,239.62644958496094,243.54333371544027,238.49289591949795,241.47827677680644,7388716,HDFCBANK.NS
2015-02-18,241.25379943847656,243.0831582179314,237.26956539912945,239.6264362393066,5381692,HDFCBANK.NS
2015-02-19,242.37611389160156,243.52087422459385,238.7846917329581,241.07421239894268,4507004,HDFCBANK.NS
2015-02-20,240.8609619140625,244.64317256890533,239.83964036555224,243.09436641637163,6206024,HDFCBANK.NS
2015-02-23,239.6151885986328,242.76891702933182,238.3806372756422,241.77003633686857,5581564,HDFCBANK.NS
2015-02-24,239.64891052246094,240.40085917706557,237.28080519786593,240.2437453926578,5846288,HDFCBANK.NS
2015-02-25,236.2370147705078,241.25380473212334,235.6870891892174,240.17636707853583,4648524,HDFCBANK.NS
2015-02-26,233.02720642089844,237.03388161008405,232.34258055647535,236.50639691801615,12426944,HDFCBANK.NS
2015-02-27,236.5849609375,237.60628268727766,234.66578354849082,234.66578354849082,10261784,HDFCBANK.NS
2015-03-02,242.99342346191406,246.68584392354748,239.72746252079045,242.4995864060063,14385232,HDFCBANK.NS
2015-03-03,243.17294311523438,245.11456119082303,241.75883708705163,243.86877567516964,6029348,HDFCBANK.NS
2015-03-04,239.1213836669922,248.99779444245547,237.93171413616093,248.03258879288475,12277624,HDFCBANK.NS
2015-03-05,243.56578063964844,244.6656592668874,238.49290180831912,239.05406157727987,9702452,HDFCBANK.NS
2015-03-09,237.707275390625,242.8250633846824,237.03388367563738,241.75885983595205,5755808,HDFCBANK.NS
2015-03-10,236.25949096679688,238.43677985564494,234.5647775468571,238.38066388015525,5134836,HDFCBANK.NS
2015-03-11,237.13482666015625,238.35817109984094,235.68704576773212,235.88906871560758,5465536,HDFCBANK.NS
2015-03-12,236.71963500976562,238.8071603417699,235.93401132143407,237.9541865200009,7530836,HDFCBANK.NS
2015-03-13,234.03729248046875,238.82959129949472,232.23034711245927,237.93173569310565,5426780,HDFCBANK.NS
2015-03-16,236.03500366210938,237.46034381814988,234.00359459064455,234.56475428990268,5348772,HDFCBANK.NS
2015-03-17,237.49404907226562,239.2560852718647,234.08218122680745,237.9317427331796,5369304,HDFCBANK.NS
2015-03-18,238.72862243652344,240.60289076193592,236.40539885312688,237.96543959852343,5148332,HDFCBANK.NS
2015-03-19,236.180908203125,241.02935043698704,235.3952845412057,240.40084054730008,5373572,HDFCBANK.NS
2015-03-20,237.011474609375,237.8195392958535,234.7780420143613,235.91159584704297,6483236,HDFCBANK.NS
2015-03-23,235.1820831298828,237.79709339971168,234.78927125159382,237.02267639942696,5446740,HDFCBANK.NS
2015-03-24,232.98231506347656,237.25836370439401,232.42115526285124,234.18321895711952,8973564,HDFCBANK.NS
2015-03-25,232.1517791748047,234.94634365649696,231.44471243835926,233.45368070223998,10608900,HDFCBANK.NS
2015-03-26,226.02395629882812,231.69165681221224,224.9352980218486,230.50201442741377,35800620,HDFCBANK.NS
2015-03-27,227.75230407714844,229.75002458863088,226.28205455610322,227.81964050783853,10840896,HDFCBANK.NS
2015-03-30,232.7466278076172,233.2179965264881,227.3370394948294,228.95318234554173,6955144,HDFCBANK.NS
2015-03-31,229.55921936035156,233.42000094645297,227.79716963200593,233.42000094645297,5962256,HDFCBANK.NS
2015-04-01,231.92733764648438,232.735402251603,227.3819434172646,230.32241519164683,3844196,HDFCBANK.NS
2015-04-06,231.63552856445312,232.73540723961676,228.90830018858497,232.320154472568,7151172,HDFCBANK.NS
2015-04-07,231.81507873535156,233.03839595637507,229.77246284869565,231.92731067857855,6197072,HDFCBANK.NS
2015-04-08,232.443603515625,233.9923825113888,231.2090520607893,233.45369106958148,4106144,HDFCBANK.NS
2015-04-09,237.0563201904297,237.7072709829232,231.19781785874494,233.04964504062326,7002784,HDFCBANK.NS
2015-04-10,234.03729248046875,236.36048838192477,232.2864630878586,236.36048838192477,6119324,HDFCBANK.NS
2015-04-13,233.17311096191406,234.8565902168363,232.27525535928888,233.44245668255022,4563236,HDFCBANK.NS
2015-04-15,231.56817626953125,235.39526913184,230.12036774711436,233.44244426019878,4893996,HDFCBANK.NS
2015-04-16,231.11924743652344,231.99466207857634,228.50423766489982,230.74887654176524,5610120,HDFCBANK.NS
2015-04-17,228.5603790283203,230.71522710942466,228.06655568051184,230.09795134971154,4049012,HDFCBANK.NS
2015-04-20,225.608642578125,230.075479315148,225.0474828724783,228.95315990385458,5188880,HDFCBANK.NS
2015-04-21,225.1372833251953,227.6961771700836,223.47624504690802,225.5862111084958,6510744,HDFCBANK.NS
2015-04-22,227.4043731689453,229.17764347117804,223.00488617885935,225.92291689886454,6765936,HDFCBANK.NS
2015-04-23,227.49417114257812,229.89592400208653,225.83313274049428,228.96440700242562,9627828,HDFCBANK.NS
2015-04-24,225.91171264648438,228.72873207279923,224.54247452878033,228.70629116111158,7205244,HDFCBANK.NS
2015-04-27,225.68724060058594,227.2697084229,223.56605391526756,226.02393646491615,7370704,HDFCBANK.NS
2015-04-28,225.48519897460938,227.03400530265765,222.2416930094692,224.36287951955663,7942108,HDFCBANK.NS
2015-04-29,222.92636108398438,226.5963409174294,221.77036634613196,225.36178928291145,7863564,HDFCBANK.NS
2015-04-30,221.94992065429688,223.34159969393534,219.7613974412156,222.4437440167738,15143684,HDFCBANK.NS
2015-05-04,224.67713928222656,226.5963028516305,222.66818467441055,223.1283329208471,3141448,HDFCBANK.NS
2015-05-05,221.69175720214844,225.33929526267968,221.28771125683147,224.25063722142372,5138004,HDFCBANK.NS
2015-05-06,217.8646697998047,221.65811543260068,216.71990931663387,221.65811543260068,11007696,HDFCBANK.NS
2015-05-07,213.53248596191406,217.72996325122793,211.93879789654213,217.28103549194702,11736664,HDFCBANK.NS
2015-05-08,220.42355346679688,221.72544136841626,214.452819107548,215.8220434402497,11571932,HDFCBANK.NS
2015-05-11,222.2865753173828,222.8365145577139,218.63903730523185,221.3326038372818,6731344,HDFCBANK.NS
2015-05-12,218.1676788330078,222.2192492741812,217.05657984659922,222.2192492741812,11107568,HDFCBANK.NS
2015-05-13,222.275390625,222.98245743349685,218.08913315284494,219.04310478642864,7791848,HDFCBANK.NS
2015-05-14,222.45497131347656,223.3079314929716,218.62786411192508,221.9948230048192,4455188,HDFCBANK.NS
2015-05-15,222.24168395996094,223.91394261993418,220.91735527703753,223.31912155309007,8153624,HDFCBANK.NS
2015-05-18,226.6748504638672,227.15745330026226,222.6681755670555,223.56603111369685,5713304,HDFCBANK.NS
2015-05-19,226.15859985351562,228.50425035009422,224.03741325708447,225.88924043330087,4786348,HDFCBANK.NS
2015-05-20,229.86228942871094,230.47956521191344,226.60754887163444,226.6300034838652,4008840,HDFCBANK.NS
2015-05-21,230.00811767578125,231.1977871523462,227.85326999404793,229.851003926216,3934380,HDFCBANK.NS
2015-05-22,229.91836547851562,230.9733347646175,228.5827889393108,230.0081291110872,4689536,HDFCBANK.NS
2015-05-25,229.75001525878906,231.42227400399634,228.4144523535488,230.83867336146236,4369060,HDFCBANK.NS
2015-05-26,230.61422729492188,231.24270980454958,228.51548151011184,229.9520423182391,4906344,HDFCBANK.NS
2015-05-27,233.02720642089844,233.4424591614464,229.2674360449809,229.80614119216293,3218592,HDFCBANK.NS
2015-05-28,231.0631561279297,234.27297362423212,229.44701322404427,233.22923835538452,9561160,HDFCBANK.NS
2015-05-29,235.8105926513672,236.58498224981193,230.5581312086289,231.18661377247886,5058680,HDFCBANK.NS
2015-06-01,232.58950805664062,237.0339047304899,231.42230660713548,235.45142309955136,3841320,HDFCBANK.NS
2015-06-02,226.43917846679688,233.5098049822272,225.56377748121383,233.0833180942481,4726008,HDFCBANK.NS
2015-06-03,225.7096710205078,228.27978540547454,224.01497132218643,226.48407421251113,5824832,HDFCBANK.NS
2015-06-04,227.8196563720703,228.47059351432165,223.34159846679353,226.45041825180795,5557588,HDFCBANK.NS
2015-06-05,227.10134887695312,228.6164801889565,225.02505781976328,226.76465302984124,6753860,HDFCBANK.NS
2015-06-08,225.23828125,227.21356063751006,223.46501113269457,225.41784961246674,3811996,HDFCBANK.NS
2015-06-09,224.87913513183594,225.81066572399328,223.8129316902962,225.58620184156388,6040260,HDFCBANK.NS
2015-06-10,227.9655303955078,228.7287131323548,223.79050735324608,224.01497125229648,7986248,HDFCBANK.NS
2015-06-11,224.5087890625,228.62769602895236,223.27423764800935,228.41445259004803,9094176,HDFCBANK.NS
2015-06-12,226.5177459716797,226.8993236344644,222.2529319506318,224.68835974047042,6528344,HDFCBANK.NS
2015-06-15,225.63113403320312,227.55029779988666,224.46391891480803,224.91284675263768,5999828,HDFCBANK.NS
2015-06-16,226.34942626953125,226.80957457334316,223.80175251395443,224.46392382928894,6010524,HDFCBANK.NS
2015-06-17,225.5188751220703,227.49415463241766,224.35166014316866,226.48406711801618,9686268,HDFCBANK.NS
2015-06-18,228.8634033203125,229.80615450774326,224.9689598569924,225.78825863063597,8431716,HDFCBANK.NS
2015-06-19,231.31004333496094,232.30889670556246,227.41560024457402,230.03061009617048,3742324,HDFCBANK.NS
2015-06-22,235.04739379882812,237.23591696753158,230.86113630887314,231.66920092185683,5449652,HDFCBANK.NS
2015-06-23,236.15847778320312,238.2010939148521,234.003629694866,236.1360368719415,5655180,HDFCBANK.NS
2015-06-24,234.74435424804688,237.43792100981275,234.0484942476216,236.58494724176902,6267396,HDFCBANK.NS
2015-06-25,239.05406188964844,240.36717027065654,234.03729902865987,235.29429143269857,16573568,HDFCBANK.NS
2015-06-26,238.57147216796875,240.3896244419963,236.02381215309708,239.50300291712276,5647504,HDFCBANK.NS
2015-06-29,237.17977905273438,238.32453943195054,231.31004274511423,234.54232829848394,6487836,HDFCBANK.NS
2015-06-30,239.5366668701172,240.62531135278476,235.23817751652837,236.19214913336543,7290136,HDFCBANK.NS
2015-07-01,240.70382690429688,241.74758938589872,237.94293772757982,238.2347243200398,4971188,HDFCBANK.NS
2015-07-02,239.31301879882812,241.4614536726638,238.7363502122796,240.85085690894698,4483444,HDFCBANK.NS
2015-07-03,242.9427490234375,243.37244151062762,238.3745091650856,238.3745091650856,4039288,HDFCBANK.NS
2015-07-06,245.03463745117188,245.37386399125197,239.77662607993076,240.63601102399755,3267780,HDFCBANK.NS
2015-07-07,245.7922821044922,246.8438900892629,243.90392621279895,243.90392621279895,4141472,HDFCBANK.NS
2015-07-08,241.72152709960938,244.37880174833958,241.07700217416155,244.03957519743784,5400676,HDFCBANK.NS
2015-07-09,242.89755249023438,243.54207747790738,239.7427286984717,240.33071592220267,2797964,HDFCBANK.NS
2015-07-10,246.67430114746094,247.63544327890875,241.6424394004694,241.93644685968124,4900088,HDFCBANK.NS
2015-07-13,247.8954620361328,250.10043462293203,245.3738724797072,245.3738724797072,7076084,HDFCBANK.NS
2015-07-14,246.9230194091797,249.1958485133051,245.60004128265228,247.74847626624825,5674116,HDFCBANK.NS
2015-07-15,248.0198516845703,249.0940691988894,246.68558254132222,247.1831038212117,3849404,HDFCBANK.NS
2015-07-16,252.09056091308594,253.06302145719567,248.33645905616635,248.49478135277877,7310424,HDFCBANK.NS
2015-07-17,251.15206909179688,253.68494990478834,250.0326047882806,253.15350043851151,3510988,HDFCBANK.NS
2015-07-20,252.2149658203125,253.06303228238485,250.34921960375337,252.3732605173673,4551268,HDFCBANK.NS
2015-07-21,248.3251190185547,255.09833049219665,247.20565499382408,252.5089125594285,11028136,HDFCBANK.NS
2015-07-22,252.02279663085938,252.62210257965748,246.199405684097,247.95207674574394,7286400,HDFCBANK.NS
2015-07-23,250.55274963378906,252.54286227677048,248.78876043070358,251.68350486491335,5083172,HDFCBANK.NS
2015-07-24,250.5413818359375,252.15836702015656,248.8791774938855,249.47848316995143,4761008,HDFCBANK.NS
2015-07-27,247.82760620117188,249.783818175327,241.98160746727015,249.64813307558282,3328572,HDFCBANK.NS
2015-07-28,250.6884307861328,251.90965193775043,247.0586955089443,247.4092406675952,6345672,HDFCBANK.NS
2015-07-29,250.65447998046875,252.81423328540862,249.90819817086629,249.9194891581828,3943032,HDFCBANK.NS
2015-07-30,251.15206909179688,252.6107323767761,249.01492502490058,250.34922179148714,9462188,HDFCBANK.NS
2015-07-31,251.4008026123047,253.51530926015826,249.4445906458114,252.29408815458874,5649500,HDFCBANK.NS
2015-08-03,247.725830078125,252.7237620433549,247.28481903022725,251.64954471028472,4345728,HDFCBANK.NS
2015-08-04,245.7017822265625,249.21844188185474,244.68410256370555,248.33644731944653,5390928,HDFCBANK.NS
2015-08-05,247.00216674804688,248.2459975279848,245.41910939176228,246.99087575929968,4122780,HDFCBANK.NS
2015-08-06,247.85023498535156,249.0714561903171,245.47564893371347,246.93433978637466,3743712,HDFCBANK.NS
2015-08-07,247.1039276123047,248.2007545828176,246.1880049013818,247.39790738651104,3227140,HDFCBANK.NS
2015-08-10,247.55624389648438,250.11173410986723,246.05233394440043,247.6353912399986,3954376,HDFCBANK.NS
2015-08-11,247.56756591796875,248.50609838212912,245.20429827297318,247.64674087773614,2727688,HDFCBANK.NS
2015-08-12,242.08340454101562,247.612814828032,241.461489091574,246.14283285662458,6005740,HDFCBANK.NS
2015-08-13,243.68907165527344,244.85372746186783,241.21270112766044,243.56467753693377,3465052,HDFCBANK.NS
2015-08-14,249.1732177734375,249.59159166082352,244.2205046578656,244.94417691678595,3601660,HDFCBANK.NS
2015-08-17,246.8438720703125,249.17323893723662,243.29331161352783,248.55132354722895,2500212,HDFCBANK.NS
2015-08-18,245.6791534423828,247.88412587290296,243.8925548748501,246.86644628958598,1857316,HDFCBANK.NS
2015-08-19,244.6614990234375,245.82618240984644,243.11236990854178,245.33995214876367,3004576,HDFCBANK.NS
2015-08-20,243.04449462890625,245.31732346430726,241.52929380952307,241.52929380952307,3044852,HDFCBANK.NS
2015-08-21,240.01406860351562,242.6487056822989,237.6847022487483,240.62466526419428,7758972,HDFCBANK.NS
2015-08-24,230.45919799804688,236.25996347549366,228.69522277338172,236.25996347549366,14686328,HDFCBANK.NS
2015-08-25,230.3235321044922,233.455732326508,227.44010631124343,231.7369623176264,12347920,HDFCBANK.NS
2015-08-26,229.20408630371094,232.70942753479878,228.18640659145964,230.08608090892787,5573000,HDFCBANK.NS
2015-08-27,231.1490020751953,233.94196225573535,228.20903817855702,231.80484569648095,13873432,HDFCBANK.NS
2015-08-28,232.4719696044922,235.81901631371625,230.53839461760015,233.17305997109332,5553136,HDFCBANK.NS
2015-08-31,232.35888671875,233.5914265126796,229.6676974889848,230.92283306362373,3441460,HDFCBANK.NS
2015-09-01,226.17364501953125,230.96804973143378,224.56797818919227,230.96804973143378,10469144,HDFCBANK.NS
2015-09-02,225.05422973632812,229.30586684430102,222.7587909881286,227.30442170936143,8681688,HDFCBANK.NS
2015-09-03,228.48040771484375,229.54332043215769,225.92490355835025,226.67119927794005,6507368,HDFCBANK.NS
2015-09-04,225.2577362060547,227.50794177048098,221.62801484599538,226.6485705959966,11404592,HDFCBANK.NS
2015-09-07,222.63436889648438,228.367291590511,221.62799412172768,226.37716542433614,5381740,HDFCBANK.NS
2015-09-08,227.06695556640625,228.41255705423987,220.9495725168241,223.14324042936406,7444488,HDFCBANK.NS
2015-09-09,229.83729553222656,231.8048123095354,227.28179158154447,229.43022642734016,6553120,HDFCBANK.NS
2015-09-10,228.63870239257812,229.9843038468171,225.31427933009476,226.82949406504042,4463740,HDFCBANK.NS
2015-09-11,228.52565002441406,230.67408513102657,227.68888832752137,229.43025427982985,4301760,HDFCBANK.NS
2015-09-14,230.60623168945312,231.1942189064582,226.9425818672855,228.1524844805387,5060344,HDFCBANK.NS
2015-09-15,229.1249237060547,230.594905414786,227.98284995135566,230.21044589956202,4332728,HDFCBANK.NS
2015-09-16,231.43167114257812,232.5058886284366,228.76309151728898,230.4253100141477,4254052,HDFCBANK.NS
2015-09-18,237.40200805664062,240.17235775770646,233.19560505220522,234.06628086556137,7841168,HDFCBANK.NS
2015-09-21,238.125732421875,238.58935310788632,234.37163058618256,234.73346673787663,4276688,HDFCBANK.NS
2015-09-22,233.0825653076172,239.7200925372657,231.87266281466148,237.46990082437594,6025212,HDFCBANK.NS
2015-09-23,237.27767944335938,238.23882144161047,230.36878117267037,230.49316149416396,5161152,HDFCBANK.NS
2015-09-24,237.7751922607422,238.36317940213877,234.29246096832617,236.78012223343387,8252836,HDFCBANK.NS
2015-09-28,236.64447021484375,239.720119051216,235.89816068847304,238.5893637726725,5777108,HDFCBANK.NS
2015-09-29,240.8056640625,242.8636332242557,231.8274502551883,233.38789811852607,10418840,HDFCBANK.NS
2015-09-30,241.71026611328125,242.66008953116918,240.02542413754688,241.5293342211451,9027796,HDFCBANK.NS
2015-10-01,241.4501495361328,243.5420465362148,239.5730849692043,243.15757322645786,5034788,HDFCBANK.NS
2015-10-05,248.3929901123047,249.85168088909066,243.60989007867957,243.60989007867957,8053372,HDFCBANK.NS
2015-10-06,245.58872985839844,250.55276213449957,244.9215952812816,250.3492206614762,4758964,HDFCBANK.NS
2015-10-07,245.9958038330078,248.39299943390228,245.00073369499614,246.0523415953229,4386268,HDFCBANK.NS
2015-10-08,244.94419860839844,246.66294108028686,243.20284655260286,246.07495386705259,3881908,HDFCBANK.NS
2015-10-09,245.63394165039062,247.63537270302652,244.28832648606237,247.63537270302652,3443228,HDFCBANK.NS
2015-10-12,244.36753845214844,247.7484857500667,243.7456230383532,245.98449644295164,2217340,HDFCBANK.NS
2015-10-13,243.4176483154297,244.72933529260297,242.70526707103946,243.2367440606539,1823652,HDFCBANK.NS
2015-10-14,245.3173065185547,245.71307078350742,241.31444470984823,241.71020897480096,2749148,HDFCBANK.NS
2015-10-15,245.18170166015625,247.97466200829444,244.46932022887944,245.53221927429777,3925952,HDFCBANK.NS
2015-10-16,248.7775115966797,249.10541962673707,245.3739267317383,246.5046821544652,4843688,HDFCBANK.NS
2015-10-19,248.26861572265625,249.24104860331653,247.47708710507524,248.76613695403339,2654220,HDFCBANK.NS
2015-10-20,247.61280822753906,249.4220167595056,246.7760327177057,248.31387101240983,3851356,HDFCBANK.NS
2015-10-21,247.63540649414062,249.6707659995719,245.37389593255028,248.51740113442688,7273204,HDFCBANK.NS
2015-10-23,250.6884307861328,251.86440516542183,247.86154275291074,248.64175280754867,4467048,HDFCBANK.NS
2015-10-26,249.10537719726562,251.97748443925997,248.08769749015013,251.92094667775356,4887984,HDFCBANK.NS
2015-10-27,251.2311553955078,251.93221798533332,247.75974301185792,247.75974301185792,8984032,HDFCBANK.NS
2015-10-28,251.3668670654297,254.19375490917045,249.9082039805901,249.9082039805901,7694760,HDFCBANK.NS
2015-10-29,249.56898498535156,252.04532776881297,248.76613777092354,251.02764811429557,6702368,HDFCBANK.NS
2015-10-30,248.67572021484375,251.47999910745241,246.60643232682074,249.218488324112,8097460,HDFCBANK.NS
2015-11-02,244.94419860839844,247.83894311308492,243.45160718824084,247.6467202403796,3156552,HDFCBANK.NS
2015-11-03,245.3512420654297,246.95690875309043,244.06216471418716,246.71943914445166,2548592,HDFCBANK.NS
2015-11-04,244.6275634765625,248.3364459712154,243.84735344847238,246.5159467035626,2696444,HDFCBANK.NS
2015-11-05,244.20921325683594,244.92159460729215,241.86855533933422,243.90391485130618,3596952,HDFCBANK.NS
2015-11-06,244.4466552734375,246.278473105852,243.16889642522253,244.40140850337755,5881004,HDFCBANK.NS
2015-11-09,240.8056640625,241.90249120196523,237.68476833582451,239.2678257843029,11429432,HDFCBANK.NS
2015-11-10,238.49888610839844,240.85086249344997,238.01265584125392,239.73142586523724,4402580,HDFCBANK.NS
2015-11-13,237.92222595214844,238.58936051484767,235.42324577815776,237.32292014143763,3940028,HDFCBANK.NS
2015-11-16,239.93492126464844,240.85084396733652,236.38436118014883,237.17588977534666,4734732,HDFCBANK.NS
2015-11-17,239.90106201171875,240.57951521016102,237.72998969163845,240.46643967708732,2567404,HDFCBANK.NS
2015-11-18,237.14195251464844,241.04305758437906,236.621821735813,240.10452533619326,2446720,HDFCBANK.NS
2015-11-19,241.7328338623047,242.19642689538352,237.3681080784682,238.58932912320765,3277680,HDFCBANK.NS
2015-11-20,242.173828125,244.29965335609867,239.72009493863882,240.82824052141308,4648160,HDFCBANK.NS
2015-11-23,241.0883331298828,243.22544946761062,239.50527581117217,242.8862228993155,3408280,HDFCBANK.NS
2015-11-24,240.70382690429688,242.77311420946182,240.19498712137067,240.90736833873237,4002252,HDFCBANK.NS
2015-11-26,240.61337280273438,241.30314447379828,237.70733764312962,239.49393626780915,8791484,HDFCBANK.NS
2015-11-27,244.10745239257812,244.74065877786282,239.93494889643296,240.81694352534956,6925072,HDFCBANK.NS
2015-11-30,243.73426818847656,244.4692590227262,241.91374138726613,244.0621761335343,5247776,HDFCBANK.NS
2015-12-01,244.92153930664062,245.35123173896972,242.77310475131924,243.57595186452156,1895332,HDFCBANK.NS
2015-12-02,243.74560546875,247.11523392826936,242.39999019755263,246.5046371539973,2562284,HDFCBANK.NS
2015-12-03,243.5081329345703,244.46927485699607,241.37101664370786,242.54699101214456,3807712,HDFCBANK.NS
2015-12-04,239.47134399414062,242.79575327038464,238.8155004508036,242.79575327038464,5859828,HDFCBANK.NS
2015-12-07,240.16111755371094,242.230405363838,239.9688946656296,241.5745617400912,5814808,HDFCBANK.NS
2015-12-08,237.28895568847656,240.14977158806832,236.78011589786513,239.94623015055862,4902660,HDFCBANK.NS
2015-12-09,236.88192749023438,239.04168125364916,236.29394022885222,236.80278013691344,3890616,HDFCBANK.NS
2015-12-10,239.85577392578125,240.4437610752328,235.71722669183916,236.3278234227453,6514340,HDFCBANK.NS
2015-12-11,236.6331329345703,239.8557852239531,235.64938144118221,239.7201001225078,3033920,HDFCBANK.NS
2015-12-14,238.6006622314453,239.68617064343826,235.2196876701374,235.4232291243635,5878016,HDFCBANK.NS
2015-12-15,239.595703125,240.27415623038732,236.39568806298516,238.13703999094827,4557416,HDFCBANK.NS
2015-12-16,241.3710174560547,242.7392146923156,239.5731001136692,240.39855693579625,6842768,HDFCBANK.NS
2015-12-17,244.29966735839844,245.14773378060997,240.8508639080716,242.8636137380527,4878012,HDFCBANK.NS
2015-12-18,242.66009521484375,245.37390802246549,241.64241541198558,245.37390802246549,3172128,HDFCBANK.NS
2015-12-21,243.20278930664062,244.22046879988423,241.76673598743923,242.3773326408562,3097500,HDFCBANK.NS
2015-12-22,241.17880249023438,243.45163183273854,240.6247433999385,242.99932968349054,2429536,HDFCBANK.NS
2015-12-23,242.90879821777344,243.77947409898056,241.78936174283925,242.56957169732974,3013968,HDFCBANK.NS
2015-12-24,242.88623046875,243.42899851620308,241.59718051158737,243.38375174188968,2146352,HDFCBANK.NS
2015-12-28,243.6212158203125,244.2205216172096,241.47278086993612,242.8862249162364,7755428,HDFCBANK.NS
2015-12-29,243.7794952392578,244.20918772368057,242.27561295326916,244.0056462724985,4231612,HDFCBANK.NS
2015-12-30,242.95407104492188,244.68410439969787,242.558306728619,244.24312091834867,2112560,HDFCBANK.NS
2015-12-31,244.72933959960938,245.35125492439377,243.1123542339046,243.1123542339046,9290008,HDFCBANK.NS
2016-01-01,246.22195434570312,246.5611809188545,243.37245665249745,244.78590070729481,3195076,HDFCBANK.NS
2016-01-04,242.0946807861328,245.14771973112374,241.55191278575785,245.14771973112374,5187536,HDFCBANK.NS
2016-01-05,240.26287841796875,243.06715692861624,240.0254087755298,242.02684002491142,3160872,HDFCBANK.NS
2016-01-06,241.3257598876953,243.50812286018035,238.96249265403492,238.96249265403492,4165536,HDFCBANK.NS
2016-01-07,238.86070251464844,240.82823300378746,237.39072084628862,239.74269703692963,6055428,HDFCBANK.NS
2016-01-08,240.2515869140625,240.73781724234732,239.09822196286677,240.16112096358336,3488356,HDFCBANK.NS
2016-01-11,239.40345764160156,239.94622559588268,236.3956657224321,237.92218506529,3288912,HDFCBANK.NS
2016-01-12,236.76881408691406,240.6020906783566,235.98860406187103,240.6020906783566,4258736,HDFCBANK.NS
2016-01-13,239.7540283203125,240.3420154975118,234.51862627233095,237.91089184039745,4515148,HDFCBANK.NS
2016-01-14,237.40200805664062,239.13206869734628,235.08396034758556,237.49247397630734,6279184,HDFCBANK.NS
2016-01-15,235.68328857421875,238.69108054528343,234.76736591017107,237.0062665062567,5417260,HDFCBANK.NS
2016-01-18,231.99703979492188,235.52499051183193,230.90021276778035,234.2133310383584,6495388,HDFCBANK.NS
2016-01-19,234.24728393554688,234.64304829890153,232.0988488201929,232.30236269342467,6405212,HDFCBANK.NS
2016-01-20,230.2895965576172,250.57534719102517,227.93763407165744,231.8048112552354,9563588,HDFCBANK.NS
2016-01-21,231.35252380371094,233.6705720627413,229.18147924822642,230.90022170438795,6300804,HDFCBANK.NS
2016-01-22,233.00341796875,236.15821380443018,231.13765816234346,231.96310114248624,4236284,HDFCBANK.NS
2016-01-25,235.45716857910156,236.71229032867973,233.62535061598138,235.18577075835807,10143884,HDFCBANK.NS
2016-01-27,234.2133331298828,237.16458767629905,233.6140273448573,237.108049915567,4039468,HDFCBANK.NS
2016-01-28,233.32000732421875,236.75751955456008,232.93556161457016,234.97092089081397,9951972,HDFCBANK.NS
2016-01-29,237.42465209960938,238.578016825395,234.11153400593292,234.11153400593292,5360184,HDFCBANK.NS
2016-02-01,239.66351318359375,241.3031078715683,238.295288642824,239.26774894856538,4609484,HDFCBANK.NS
2016-02-02,238.31796264648438,240.90738085605597,237.50379686643913,240.85084309945987,6528628,HDFCBANK.NS
2016-02-03,236.06776428222656,237.77521572521448,235.64939036761893,236.21476798366407,4850244,HDFCBANK.NS
2016-02-04,237.27767944335938,238.5667570401061,236.4522501652198,237.0063092157971,5675992,HDFCBANK.NS
2016-02-05,238.64585876464844,240.5794609869347,236.46349594693345,238.09179981999688,7523904,HDFCBANK.NS
2016-02-08,234.258544921875,239.26779588631817,233.00342323692954,238.58934277889006,3481924,HDFCBANK.NS
2016-02-09,232.0422821044922,233.2861128055699,230.82106098580488,232.18925819319375,5535460,HDFCBANK.NS
2016-02-10,229.0797119140625,232.96951278658548,228.4351731310655,231.5560687052301,7682280,HDFCBANK.NS
2016-02-11,220.56515502929688,229.09105387183368,218.9594878136535,228.41260060271668,8803600,HDFCBANK.NS
2016-02-12,219.68310546875,223.08667554547554,218.46188444437965,221.40184769259594,12542144,HDFCBANK.NS
2016-02-15,220.18064880371094,223.4937670877754,219.61527119913777,221.62802099268393,10912960,HDFCBANK.NS
2016-02-16,220.146728515625,222.08031711069123,217.55729639560587,221.9672415928141,7136096,HDFCBANK.NS
2016-02-17,220.4746551513672,221.6054103551322,216.8788480821288,220.92695723287318,7503924,HDFCBANK.NS
2016-02-18,223.76515197753906,224.17222109379787,220.9495687350724,222.9849281195306,6799856,HDFCBANK.NS
2016-02-19,223.73121643066406,224.47751208641793,220.15803283405182,223.60683612189905,3328660,HDFCBANK.NS
2016-02-22,223.60684204101562,225.24643709011536,222.3064735537986,222.3064735537986,4002396,HDFCBANK.NS
2016-02-23,219.37782287597656,222.8718593524856,218.46191388584586,222.73617424400868,6078320,HDFCBANK.NS
2016-02-24,214.75302124023438,217.76084110324572,214.02934895753725,217.10499756849197,6463468,HDFCBANK.NS
2016-02-25,213.1812744140625,216.48307393797276,212.1748995677427,215.74808308887543,8463196,HDFCBANK.NS
2016-02-26,217.33116149902344,219.59267202450755,213.71274465824885,214.8434999209909,6209388,HDFCBANK.NS
2016-02-29,219.78488159179688,222.2160052595084,209.86816405918813,217.3537579240854,8812752,HDFCBANK.NS
2016-03-01,222.56655883789062,223.15454603991216,219.78488991211512,220.48596644101028,4322560,HDFCBANK.NS
2016-03-02,227.77935791015625,228.61611962040539,225.02031212646494,225.6987653288563,6358976,HDFCBANK.NS
2016-03-03,229.73553466796875,230.67406703058447,228.41255656950028,228.5821698540816,4610400,HDFCBANK.NS
2016-03-04,230.79843139648438,231.78219666097365,224.59058284915542,229.645066662298,5704624,HDFCBANK.NS
2016-03-08,229.35108947753906,231.57867176573862,228.2994815893683,231.57867176573862,1913688,HDFCBANK.NS
2016-03-09,231.7595977783203,232.9129625657515,227.6775604471659,229.09100445292182,6528172,HDFCBANK.NS
2016-03-10,230.95675659179688,231.97443630260528,228.4351668981947,231.75960385063289,2671392,HDFCBANK.NS
2016-03-11,232.64158630371094,233.11652561870375,229.09102567487548,230.65147352304848,4730856,HDFCBANK.NS
2016-03-14,232.38148498535156,234.73343344090316,231.86132661172482,232.48324189890576,3008656,HDFCBANK.NS
2016-03-15,232.18927001953125,233.7044986054538,231.04722379053297,232.46066784102277,7690036,HDFCBANK.NS
2016-03-16,233.03733825683594,233.8967232887292,230.43661498693277,232.25712817744733,4803548,HDFCBANK.NS
2016-03-17,230.31222534179688,234.97093125837782,228.6726302969237,234.05500850112426,5113484,HDFCBANK.NS
2016-03-18,232.57371520996094,233.38785336321865,229.6224333472853,231.34118938650906,4135068,HDFCBANK.NS
2016-03-21,236.46351623535156,236.85928054586617,233.44440544497698,233.61401872091182,5318796,HDFCBANK.NS
2016-03-22,238.32925415039062,238.95116947429543,235.35536262572612,236.66704962412862,4120264,HDFCBANK.NS
2016-03-23,237.3115997314453,238.14837518354054,235.32148704740018,238.14837518354054,8464300,HDFCBANK.NS
2016-03-28,236.89321899414062,238.1370497382626,235.57024090574933,236.3278413831761,11270868,HDFCBANK.NS
2016-03-29,238.31796264648438,239.60701245434527,236.1582093019821,236.89320013773164,6733952,HDFCBANK.NS
2016-03-30,240.83956909179688,241.95903344344026,238.34061635141785,239.2678302099823,7814380,HDFCBANK.NS
2016-03-31,242.2416534423828,243.99432372328525,240.86213783932433,241.26919308270743,20080392,HDFCBANK.NS
2016-04-01,240.72647094726562,243.42899252283254,238.99643752270228,241.71025008682233,5158648,HDFCBANK.NS
2016-04-04,241.76675415039062,242.61482045847208,240.6246804796442,240.89605065570024,6179960,HDFCBANK.NS
2016-04-05,239.1433868408203,243.54204077643595,238.73633156557852,241.75544218384024,6663028,HDFCBANK.NS
2016-04-06,240.05935668945312,241.29186895729038,238.98513912536936,239.94628115639168,4295376,HDFCBANK.NS
2016-04-07,238.7024383544922,240.7943356115069,236.79147298385934,240.6247223203976,3911692,HDFCBANK.NS
2016-04-08,239.5730743408203,240.47767840883216,238.41970967537029,238.5893229381225,2962796,HDFCBANK.NS
2016-04-11,242.19644165039062,242.90882293708194,235.84160304198522,239.78795519520386,4049620,HDFCBANK.NS
2016-04-12,240.39857482910156,242.20778329441936,239.55050836098383,241.89116629172267,4941480,HDFCBANK.NS
2016-04-13,244.63885498046875,245.3625271696815,241.8685051089543,242.43388263375317,4974604,HDFCBANK.NS
2016-04-18,246.0071258544922,246.95694923208373,242.34346224164702,245.0346652865959,4117068,HDFCBANK.NS
2016-04-20,248.2799530029297,248.7661833370823,245.04600918334714,246.93436514468485,3821352,HDFCBANK.NS
2016-04-21,246.76467895507812,249.93079308060933,246.27844876453526,247.63535481833435,8191728,HDFCBANK.NS
2016-04-22,246.99087524414062,248.958378340316,245.41910887988152,246.39156943924556,7809320,HDFCBANK.NS
2016-04-25,247.2396697998047,248.76618959962053,245.26084783708043,248.76618959962053,5561960,HDFCBANK.NS
2016-04-26,251.89830017089844,252.15837935697104,247.06998156725638,247.63535909944687,7053796,HDFCBANK.NS
2016-04-27,254.2389678955078,254.41989975564218,250.80148340356195,250.99370625100102,5763636,HDFCBANK.NS
2016-04-28,251.9209442138672,257.06588046063143,251.10680597740316,254.23899241295877,8089584,HDFCBANK.NS
2016-04-29,256.0821533203125,256.90761023008207,250.1682974403168,251.8870676219915,5611940,HDFCBANK.NS
2016-05-02,252.7576904296875,255.5506499767524,252.38453572925283,255.04181018697568,3862716,HDFCBANK.NS
2016-05-03,252.8368682861328,256.6814360507699,251.7400412392521,253.7188628828153,4695296,HDFCBANK.NS
2016-05-04,254.95135498046875,256.5683403461368,251.98878204555567,252.72377288392053,5292328,HDFCBANK.NS
2016-05-05,256.0708312988281,256.62489029924313,253.89975924956866,255.098370793167,5214248,HDFCBANK.NS
2016-05-06,253.21002197265625,256.05951960620456,252.66725394571168,256.00298184519636,2733152,HDFCBANK.NS
2016-05-09,258.1287841796875,258.9316037506714,253.06299572347515,253.2891467473567,6953180,HDFCBANK.NS
2016-05-10,258.92034912109375,259.5083363444863,256.9302087889482,258.6037321219347,5453000,HDFCBANK.NS
2016-05-11,257.54083251953125,258.94295801823336,255.48283583362368,256.61359110881244,6147372,HDFCBANK.NS
2016-05-12,259.8701477050781,260.52599122508735,256.116046061121,258.7167829526909,4221688,HDFCBANK.NS
2016-05-13,258.0157470703125,259.6214140575908,255.5506950218446,259.6214140575908,5045316,HDFCBANK.NS
2016-05-16,262.9684143066406,263.66947693993245,256.12734602427105,258.94291515084836,4518768,HDFCBANK.NS
2016-05-17,260.8538513183594,264.4270480432344,260.36764876942715,263.47722491703837,4295424,HDFCBANK.NS
2016-05-18,257.9591979980469,260.29985581973,255.88991039098565,260.29985581973,4162644,HDFCBANK.NS
2016-05-19,257.6539611816406,258.42285284226944,256.0030470968739,257.8348654991798,3855796,HDFCBANK.NS
2016-05-20,258.0157470703125,259.7344895863615,256.3648333077278,257.80088700184996,2016632,HDFCBANK.NS
2016-05-23,257.0771789550781,260.0623614574844,256.2743317697804,258.2531532484318,3463532,HDFCBANK.NS
2016-05-24,257.8009033203125,258.63767884998083,256.8058606892094,257.4503857227341,3259468,HDFCBANK.NS
2016-05-25,265.3430480957031,265.9423263159238,259.23696951355396,259.23696951355396,5767348,HDFCBANK.NS
2016-05-26,267.5932312011719,268.8709901610912,263.74866333265726,265.97624566461894,13705560,HDFCBANK.NS
2016-05-27,268.39605712890625,269.11972939230424,266.11190960950637,267.59320991886045,5775184,HDFCBANK.NS
2016-05-30,266.80169677734375,270.25050023218967,266.42854202981596,268.44129186243447,3814532,HDFCBANK.NS
2016-05-31,267.28790283203125,268.19250693495286,266.27022321624446,268.19250693495286,5515640,HDFCBANK.NS
2016-06-01,265.7613220214844,267.5252830509373,264.8227899602247,267.5252830509373,5675632,HDFCBANK.NS
2016-06-02,265.7161560058594,266.9939149156296,264.82287043164865,265.6596182453061,7910616,HDFCBANK.NS
2016-06-03,264.99249267578125,267.9889940864526,264.3818958836856,266.88084842086295,4524420,HDFCBANK.NS
2016-06-06,264.8454284667969,267.40094578894787,264.60798648248425,265.9535738792249,5547308,HDFCBANK.NS
2016-06-07,265.4334411621094,266.8582036308041,264.06524405474687,266.16843197719425,5628504,HDFCBANK.NS
2016-06-08,262.9232177734375,266.40594963113784,262.56138159741175,265.9084283398938,4742812,HDFCBANK.NS
2016-06-09,262.19952392578125,263.2850323648665,260.63907621287234,262.9005866355437,4648184,HDFCBANK.NS
2016-06-10,262.6405334472656,265.207342510141,261.47584994288667,261.97339884898594,6322312,HDFCBANK.NS
2016-06-13,260.72955322265625,263.4546568338969,260.3111792979619,261.1479271473506,3323236,HDFCBANK.NS
2016-06-14,260.4920349121094,261.6567181329288,258.7732927602453,261.2044161136843,3828768,HDFCBANK.NS
2016-06-15,264.49493408203125,264.80023243499414,260.7973428535432,261.2044257283774,3045824,HDFCBANK.NS
2016-06-16,262.8214111328125,264.33661191112935,261.28357316763163,263.8164811334398,4727768,HDFCBANK.NS
2016-06-17,264.59674072265625,266.40594920622993,263.5903795462006,263.9182875413161,3761652,HDFCBANK.NS
2016-06-20,265.0603332519531,266.6886096714824,262.0638320196893,262.10905118443765,2742764,HDFCBANK.NS
2016-06-21,263.8391418457031,265.8292546263139,262.6066019947421,265.7274976910071,2670968,HDFCBANK.NS
2016-06-22,264.9359436035156,265.7274722442432,263.6921128823724,263.6921128823724,3803840,HDFCBANK.NS
2016-06-23,269.14239501953125,269.5381594098736,264.031386128377,264.55154465536015,3926732,HDFCBANK.NS
2016-06-24,262.7649230957031,265.0264337039692,259.3952667681205,262.3013023784763,11173964,HDFCBANK.NS
2016-06-27,262.3238525390625,264.3705302184416,260.7634326579054,262.7874731512653,4163788,HDFCBANK.NS
2016-06-28,263.90692138671875,265.29775567908797,260.0736726454744,262.61787161700624,4034980,HDFCBANK.NS
2016-06-29,266.3808288574219,266.65442637038365,264.41994462718964,265.6283939474108,5420668,HDFCBANK.NS
2016-06-30,268.2391052246094,269.04854205633467,264.978618406218,266.99647690505753,16278892,HDFCBANK.NS
2016-07-01,267.79449462890625,270.1885705706717,267.17888623418935,269.04853440792624,4304876,HDFCBANK.NS
2016-07-04,267.4068908691406,268.9345281792144,267.08767518008995,268.63810764661434,7249852,HDFCBANK.NS
2016-07-05,265.7652282714844,267.74890792112257,264.94440778983716,267.40689706769336,2136328,HDFCBANK.NS
2016-07-07,270.3367919921875,271.0436088756693,264.6936127537666,266.2896634474614,4832616,HDFCBANK.NS
2016-07-08,267.874267578125,270.32534510828253,267.0534471811197,270.2113415022287,3118868,HDFCBANK.NS
2016-07-11,273.55169677734375,274.0419179288999,269.2879723574897,270.41659710600516,5102532,HDFCBANK.NS
2016-07-12,274.098876953125,275.865932855671,272.5940349123778,275.865932855671,7046032,HDFCBANK.NS
2016-07-13,273.095703125,274.05332250999174,272.08108192345117,273.5631291539354,6687072,HDFCBANK.NS
2016-07-14,273.6884765625,274.098900715062,271.8302120469839,273.8366868305315,3459668,HDFCBANK.NS
2016-07-15,279.0124816894531,279.53690953708644,272.4914794152858,274.47515933932124,5774216,HDFCBANK.NS
2016-07-18,279.8674011230469,282.38689158769483,278.7729833620559,279.30879466687617,4438484,HDFCBANK.NS
2016-07-19,277.7925720214844,280.61986692371886,276.76653960128795,280.2208543158647,2586004,HDFCBANK.NS
2016-07-20,280.9504699707031,282.38692651123193,278.5678057853029,278.8528147947006,4690332,HDFCBANK.NS
2016-07-21,280.1296081542969,282.70610035130954,278.73876996074694,280.6084176526787,9112904,HDFCBANK.NS
2016-07-22,280.63128662109375,281.50910881745307,278.5108084242001,281.2126883097887,5620272,HDFCBANK.NS
2016-07-25,284.3135681152344,284.8835861176571,279.7648355890653,281.1328787948798,9872884,HDFCBANK.NS
2016-07-26,282.4553527832031,284.01719665987446,281.6231208709453,283.2761732013964,5665992,HDFCBANK.NS
2016-07-27,282.033447265625,284.4503454436896,280.4488086264669,282.95688740280116,10734736,HDFCBANK.NS
2016-07-28,284.6556091308594,285.29404049450187,281.71433819249137,282.27294476099365,10646528,HDFCBANK.NS
2016-07-29,284.142578125,285.00901666883794,281.5889084688119,284.55300224216785,3395676,HDFCBANK.NS
2016-08-01,283.25335693359375,287.0496545638905,279.91304587238375,284.7809940471196,5560864,HDFCBANK.NS
2016-08-02,283.4813537597656,286.4796260768371,282.82012733448744,284.32496923942136,5329396,HDFCBANK.NS
2016-08-03,282.83154296875,284.9976115438382,280.67688588774826,282.9797532273122,4733876,HDFCBANK.NS
2016-08-04,282.9570007324219,284.25663094025026,281.2697414950731,284.23383578155295,4662880,HDFCBANK.NS
2016-08-05,284.8380126953125,286.2972644345985,283.12795858667545,284.41620491509775,5784912,HDFCBANK.NS
2016-08-08,284.9178161621094,286.1490607150355,283.766396402406,285.67025112026215,4728776,HDFCBANK.NS
2016-08-09,284.37060546875,285.67026337650896,282.2045367887322,285.67026337650896,4210856,HDFCBANK.NS
2016-08-10,279.7420654296875,285.2256224031876,278.11180823051774,283.86899056937455,3619720,HDFCBANK.NS
2016-08-11,280.04986572265625,281.58891444533316,278.6248206090665,279.7192663894684,2856072,HDFCBANK.NS
2016-08-12,280.1524353027344,281.5888917948519,278.0319850440253,280.6882744886721,4641496,HDFCBANK.NS
2016-08-16,279.833251953125,282.3755100054982,276.75515470626647,281.13288187974547,3468568,HDFCBANK.NS
2016-08-17,281.5660705566406,282.1588836547074,279.53680109953234,281.2240597885743,5511036,HDFCBANK.NS
2016-08-18,285.5790710449219,286.1262939931479,281.48635217788336,282.27296603082897,6111656,HDFCBANK.NS
2016-08-19,284.3477783203125,285.00900477797956,283.0595320521339,285.00900477797956,4110636,HDFCBANK.NS
2016-08-22,285.07745361328125,286.02366136078064,282.95697522020595,283.8804156439774,5501292,HDFCBANK.NS
2016-08-23,285.339599609375,285.92102910315555,284.1083829943977,285.2370075024303,5314524,HDFCBANK.NS
2016-08-24,287.6994934082031,288.2466884167683,284.3363872395894,285.47642322894995,5570936,HDFCBANK.NS
2016-08-25,286.9584655761719,288.83952492951886,285.9894350002053,288.20109365218883,8729888,HDFCBANK.NS
2016-08-26,286.6278381347656,287.7222837996027,285.89822624681386,287.28906456423346,2521136,HDFCBANK.NS
2016-08-29,282.2957763671875,286.26310816400076,281.8625570168434,286.26310816400076,2944184,HDFCBANK.NS
2016-08-30,289.2613525390625,289.68316031098897,283.6295577521993,283.8917716102869,9867608,HDFCBANK.NS
2016-08-31,294.4029235839844,295.2693621892109,288.5431489192636,289.3411742224777,11161364,HDFCBANK.NS
2016-09-01,292.69281005859375,294.1292664464957,290.8003671370162,293.673252079912,5224676,HDFCBANK.NS
2016-09-02,293.0120849609375,293.9013187222579,292.1114675378944,293.1032934192882,3955188,HDFCBANK.NS
2016-09-06,296.50054931640625,297.29857446491775,294.1406805152467,294.1406805152467,5508884,HDFCBANK.NS
2016-09-07,293.3882751464844,297.5494066960654,292.55604326998593,296.6373778632805,4016444,HDFCBANK.NS
2016-09-08,293.9925231933594,295.326359900793,292.6700701474941,294.1293219625733,2905380,HDFCBANK.NS
2016-09-09,294.2204895019531,295.155313433306,291.46160801365437,294.12928105752394,4013768,HDFCBANK.NS
2016-09-12,291.826416015625,292.85244839863986,289.9111500007487,290.6407618955065,3985728,HDFCBANK.NS
2016-09-14,289.4437561035156,291.16522175843187,288.52034355649613,290.70920731558385,3849508,HDFCBANK.NS
2016-09-15,291.75799560546875,292.73843765848216,289.53492549650696,290.0251465230137,3501812,HDFCBANK.NS
2016-09-16,295.91912841796875,297.43538181056846,292.7156440717668,292.7156440717668,6525816,HDFCBANK.NS
2016-09-19,294.16351318359375,296.97939671445744,293.6732921061199,295.72535703543286,5894832,HDFCBANK.NS
2016-09-20,293.7759094238281,295.26936793923477,292.77269986086793,294.7335565060823,3778248,HDFCBANK.NS
2016-09-21,294.8133544921875,295.9533906657845,293.6505231617014,294.5853472574681,4256400,HDFCBANK.NS
2016-09-22,297.98260498046875,300.27406056177733,296.53476487693183,297.549385748812,6555800,HDFCBANK.NS
2016-09-23,299.30511474609375,300.61615647215893,296.75144460414236,297.78888875532596,4876808,HDFCBANK.NS
2016-09-26,295.53155517578125,298.43864714624556,294.9729208032783,297.8002158156455,5576772,HDFCBANK.NS
2016-09-27,295.96478271484375,297.81163562814385,295.2351429119327,296.1813784404304,4056812,HDFCBANK.NS
2016-09-28,295.3263854980469,296.4094199169743,293.9013402099845,296.3866247589484,4989652,HDFCBANK.NS
2016-09-29,291.2791748046875,297.7773794872187,289.10169508492174,295.94191054021775,16450012,HDFCBANK.NS
2016-09-30,290.21893310546875,292.07719718654704,288.97630510930577,291.1879636191634,4138428,HDFCBANK.NS
2016-10-03,293.49090576171875,294.10654200436403,291.0284442898822,292.07727201860416,3900548,HDFCBANK.NS
2016-10-04,294.02667236328125,295.26930037067416,292.37362029556897,293.81004884087076,2775512,HDFCBANK.NS
2016-10-05,293.24005126953125,296.42076837582704,291.0283925859544,295.9533424875787,3647020,HDFCBANK.NS
2016-10-06,292.2938232421875,295.40612713493175,291.63262461870863,293.4680659061861,2895712,HDFCBANK.NS
2016-10-07,291.98602294921875,293.6162800415607,290.9941971679611,292.7612530175608,3337464,HDFCBANK.NS
2016-10-10,292.841064453125,293.65050120903294,291.5642296007326,292.9892747111956,4719312,HDFCBANK.NS
2016-10-13,287.9161071777344,291.6212243756264,286.4796506078485,291.6212243756264,4519356,HDFCBANK.NS
2016-10-14,287.6994934082031,289.11312690184633,285.92102613163667,288.60011070663404,4067116,HDFCBANK.NS
2016-10-17,282.2044677734375,288.7482903587916,281.07584339671286,288.54307833586705,5135360,HDFCBANK.NS
2016-10-18,286.798828125,287.2890491325618,282.50089831368575,283.4585173442978,2610968,HDFCBANK.NS
2016-10-19,286.9129333496094,287.9731726873697,284.5530637480898,287.5399533218107,3044904,HDFCBANK.NS
2016-10-20,286.2630310058594,288.9877058308956,285.23699863666275,287.3460651733447,3200356,HDFCBANK.NS
2016-10-21,289.728759765625,290.24177600432984,285.0090215027051,286.37706480591805,3956408,HDFCBANK.NS
2016-10-24,288.0985107421875,291.13098982400913,287.5284927381334,289.96815866232083,3255664,HDFCBANK.NS
2016-10-25,285.07745361328125,289.1131704909115,283.6524084117291,289.1131704909115,5501796,HDFCBANK.NS
2016-10-26,282.5693664550781,288.42914103301837,281.60033574409766,283.49277902108804,5366540,HDFCBANK.NS
2016-10-27,285.48785400390625,286.60509502444285,279.11506290482606,282.50096478542935,11623860,HDFCBANK.NS
2016-10-28,287.072509765625,287.72232479481096,282.75175612208193,286.03506575149567,5320536,HDFCBANK.NS
2016-11-01,287.2435607910156,288.1669735055484,284.3364681904937,286.3771220592616,3402416,HDFCBANK.NS
2016-11-02,284.1312255859375,286.3086780120441,283.07098636121543,285.2598502824035,6474432,HDFCBANK.NS
2016-11-03,286.1376647949219,287.2891124502094,280.84790814329,283.8690039686593,6315812,HDFCBANK.NS
2016-11-04,283.5726013183594,285.6474895276919,283.1279983208829,285.6474895276919,5734920,HDFCBANK.NS
2016-11-07,284.8835754394531,286.1148198451179,282.72891860422175,285.4650049132949,5671392,HDFCBANK.NS
2016-11-08,285.9894714355469,286.83308702893737,282.75175216361237,285.2598316209401,5348164,HDFCBANK.NS
2016-11-09,285.29400634765625,286.69625618120176,272.54839841956857,273.6086374562937,13645468,HDFCBANK.NS
2016-11-10,291.5185852050781,292.5332060023208,285.9437930674876,288.14406787640917,10700736,HDFCBANK.NS
2016-11-11,290.8916320800781,292.30526575791043,288.56594165901123,290.4812079372682,7139320,HDFCBANK.NS
2016-11-15,286.09210205078125,293.90135050285477,285.1572778756565,291.2792670809907,12512524,HDFCBANK.NS
2016-11-16,283.7207946777344,289.113171302121,282.740380276064,289.113171302121,8647744,HDFCBANK.NS
2016-11-17,280.4944763183594,284.75822811430584,279.34305653490924,282.34135710229464,4815624,HDFCBANK.NS
2016-11-18,276.20794677734375,281.8169187192513,275.7063142028535,281.8169187192513,6879900,HDFCBANK.NS
2016-11-21,273.3122863769531,278.05484843045906,270.95241684615627,278.05484843045906,5552520,HDFCBANK.NS
2016-11-22,273.1640625,275.15912568555973,271.180382975753,275.15912568555973,10017784,HDFCBANK.NS
2016-11-23,270.1315612792969,274.29269315804527,269.29932933696455,274.29269315804527,3532692,HDFCBANK.NS
2016-11-24,265.7424011230469,270.4849621861636,264.6935735320435,269.9605344742063,15285996,HDFCBANK.NS
2016-11-25,271.16900634765625,272.0582122670957,264.0323690056171,266.54044850394337,5969960,HDFCBANK.NS
2016-11-28,270.0631103515625,273.35783101133546,268.61527023328813,269.105491267971,4130180,HDFCBANK.NS
2016-11-29,268.7635192871094,272.0012107828958,268.2505030254797,270.12015115692026,3932644,HDFCBANK.NS
2016-11-30,273.5174560546875,274.0646789502889,269.29932247683365,270.1885562030718,6442840,HDFCBANK.NS
2016-12-01,272.98162841796875,275.409910737653,272.0125977887966,274.1330759457965,4476984,HDFCBANK.NS
2016-12-02,271.1233825683594,274.05326980939094,268.29608744423473,271.1005874127037,4062672,HDFCBANK.NS
2016-12-05,272.7764587402344,273.3692720035905,268.25052054747414,270.78139537024674,4551936,HDFCBANK.NS
2016-12-06,272.34320068359375,274.2584668129964,271.3741700416906,272.4686157821811,2702964,HDFCBANK.NS
2016-12-07,269.413330078125,274.95391674968425,266.08443017719515,274.03047636012,5628192,HDFCBANK.NS
2016-12-08,273.4946594238281,274.87411423312,270.64456918389664,270.64456918389664,4309696,HDFCBANK.NS
2016-12-09,273.22100830078125,274.13303699866196,270.8725232705756,273.4033973406132,4387952,HDFCBANK.NS
2016-12-12,270.0631103515625,271.81878244869296,269.2992918166848,271.7845758029412,3425272,HDFCBANK.NS
2016-12-13,270.4735412597656,271.4083652140814,268.7178969512435,269.1054980584517,2526868,HDFCBANK.NS
2016-12-14,268.0680847167969,270.8725847322915,267.5436847962719,270.64457750608585,4314144,HDFCBANK.NS
2016-12-15,268.2732849121094,272.3546196471166,265.30919110263886,265.4459898657243,4941488,HDFCBANK.NS
2016-12-16,269.57293701171875,270.1885453489695,267.1218594906205,268.2732792077616,3255828,HDFCBANK.NS
2016-12-19,268.3075256347656,268.93454555870494,266.8824803530853,268.3189371301853,3160436,HDFCBANK.NS
2016-12-20,269.4817810058594,270.1885979317557,267.15609029859536,268.1365326310082,4189992,HDFCBANK.NS
2016-12-21,269.04852294921875,270.18855906341037,267.90848683502713,269.96055184057207,2658876,HDFCBANK.NS
2016-12-22,267.4752197265625,268.93447125842937,266.40359710396933,268.2276545605759,2805716,HDFCBANK.NS
2016-12-23,270.4735412597656,271.15756286042256,266.60883034921795,266.99643145642614,4752516,HDFCBANK.NS
2016-12-26,267.9084777832031,270.4393523046152,266.79123686246095,268.71791453009587,4183864,HDFCBANK.NS
2016-12-27,270.2341003417969,270.6217292500359,267.6576358909619,268.88888023746654,4899296,HDFCBANK.NS
2016-12-28,270.5875244140625,272.457172181422,269.2764831118667,271.3057526070644,6507840,HDFCBANK.NS
2016-12-29,274.7943115234375,275.4213314266118,269.3791396323868,270.1885764587413,8100816,HDFCBANK.NS
2016-12-30,275.02227783203125,276.34473074599316,273.59723280962,273.6086443029635,4066540,HDFCBANK.NS
2017-01-02,272.94744873046875,275.91154271247666,271.79602892182163,275.7633324467935,3708656,HDFCBANK.NS
2017-01-03,271.3057556152344,274.0532255009892,270.3595202287502,273.79103950396944,3847500,HDFCBANK.NS
2017-01-04,270.30255126953125,271.784598155446,269.9149501402259,271.2943770804457,6967120,HDFCBANK.NS
2017-01-05,270.462158203125,272.354629297082,269.7553413747131,271.10058956402725,6776384,HDFCBANK.NS
2017-01-06,272.16082763671875,273.2438619473066,270.918171570086,271.3513908609037,5525260,HDFCBANK.NS
2017-01-09,272.51422119140625,274.55490253247336,271.818815862548,273.34645312009116,4573796,HDFCBANK.NS
2017-01-10,276.88055419921875,277.4391885721459,272.5370334809739,272.74221770683306,5546116,HDFCBANK.NS
2017-01-11,281.3608703613281,282.29569426677347,277.1427373777912,277.59875175438975,9343404,HDFCBANK.NS
2017-01-12,281.58892822265625,283.57257998466247,279.4228595440204,281.58892822265625,2916316,HDFCBANK.NS
2017-01-13,281.0188903808594,282.6605311833881,280.12965668244306,282.5009372672493,3850412,HDFCBANK.NS
2017-01-16,284.47320556640625,284.8836018510696,281.0873040116025,281.2468979279307,3765864,HDFCBANK.NS
2017-01-17,282.3869934082031,285.5562999100907,281.87397706975463,284.3250551312307,3559612,HDFCBANK.NS
2017-01-18,283.32177734375,286.37707978060354,282.9227646927818,282.9341761874035,4612888,HDFCBANK.NS
2017-01-19,281.8853759765625,283.84623277158494,281.58895541664157,283.84623277158494,3512412,HDFCBANK.NS
2017-01-20,281.89666748046875,283.8689351264428,280.44882747431694,281.8168705351673,13942068,HDFCBANK.NS
2017-01-23,283.7892150878906,285.00904824780827,281.7713565928791,281.81694690743285,4793848,HDFCBANK.NS
2017-01-24,289.0105285644531,289.91114584346536,284.8379858001959,285.0089911949128,10261864,HDFCBANK.NS
2017-01-25,294.2660827636719,295.40611874821496,289.5919352270453,290.1619532193169,15636984,HDFCBANK.NS
2017-01-27,294.56256103515625,296.40941412581867,293.67332722619574,296.18140688418345,6852236,HDFCBANK.NS
2017-01-30,292.97784423828125,294.80190186151293,291.97463481183223,294.80190186151293,5319628,HDFCBANK.NS
2017-01-31,293.3654479980469,294.74487475744814,291.16517311233133,292.39641746889464,6101040,HDFCBANK.NS
2017-02-01,297.70904541015625,298.68948768610886,291.9632740321087,293.26290418124086,10910664,HDFCBANK.NS
2017-02-02,296.1129150390625,297.7089653071811,294.7220768005693,297.7089653071811,5971636,HDFCBANK.NS
2017-02-03,298.9288330078125,300.0574574478763,295.6113173109207,296.18133527719704,8005104,HDFCBANK.NS
2017-02-06,299.6242370605469,300.969485022304,299.02001245206435,299.2138408261706,4310220,HDFCBANK.NS
2017-02-07,298.0396423339844,300.51351509729994,297.08199531298595,300.05750065860906,3411920,HDFCBANK.NS
2017-02-08,297.6976318359375,300.6731093519561,295.98757768894546,298.130851119758,4940960,HDFCBANK.NS
2017-02-09,295.8735656738281,300.9467261657838,294.7107344534903,298.5526504280069,4465376,HDFCBANK.NS
2017-02-10,297.2301940917969,298.404436792654,295.9533592793619,296.0331562364682,3296736,HDFCBANK.NS
2017-02-13,298.735107421875,299.82955342686654,296.2270275072776,298.13091043605647,2795792,HDFCBANK.NS
2017-02-14,298.9402770996094,299.6015036407418,297.3214313147087,299.6015036407418,2446060,HDFCBANK.NS
2017-02-15,301.47113037109375,301.88155449375165,298.10802392941486,299.14546789713154,6126940,HDFCBANK.NS
2017-02-16,302.7707824707031,303.93361368566383,301.0265217318062,301.6535415649912,5043700,HDFCBANK.NS
2017-02-17,313.977294921875,331.5224360980264,310.19235350890034,329.47037150044576,402259960,HDFCBANK.NS
2017-02-20,321.2849426269531,322.73278279241913,309.8959940253454,310.3633920894887,10566716,HDFCBANK.NS
2017-02-21,322.7556457519531,324.1806909403021,318.61730895840486,320.58957706566264,6260028,HDFCBANK.NS
2017-02-22,319.0162658691406,323.4966127250376,318.0358238177045,322.63017426874944,5296776,HDFCBANK.NS
2017-02-23,317.91046142578125,324.078039705892,316.2574091668546,320.0765299029955,34494980,HDFCBANK.NS
2017-02-27,317.7508239746094,318.8338581596845,314.3307160217406,317.1352156762569,4681376,HDFCBANK.NS
2017-02-28,316.9527893066406,318.3550390919623,315.675954609004,317.5912205719134,2928008,HDFCBANK.NS
2017-03-01,317.3062438964844,318.4120733142012,316.10920602688213,318.40066182037367,3481736,HDFCBANK.NS
2017-03-02,314.6727294921875,318.29804951963064,313.7949073434038,317.96745021454,4601988,HDFCBANK.NS
2017-03-03,313.9659118652344,315.6759658514285,312.1418542799607,315.6759658514285,2492824,HDFCBANK.NS
2017-03-06,314.82098388671875,316.90725561485397,313.07672300473973,313.92036645833986,3679124,HDFCBANK.NS
2017-03-07,316.0635681152344,316.3599886070933,313.78349612527336,315.1629508123638,3112876,HDFCBANK.NS
2017-03-08,317.431640625,319.0276911653729,314.88938238773613,316.4512262785185,3782144,HDFCBANK.NS
2017-03-09,317.8876953125,318.9137279326445,315.02622103829106,315.02622103829106,3509316,HDFCBANK.NS
2017-03-10,319.23291015625,321.03417280033455,317.6482710756637,318.07007887533143,5860704,HDFCBANK.NS
2017-03-14,321.6497802734375,324.71649414084595,320.72636771452176,324.24906819773986,7155020,HDFCBANK.NS
2017-03-15,322.9949951171875,323.77022516656274,321.6155682519634,321.70674886596385,4271860,HDFCBANK.NS
2017-03-16,323.1659851074219,324.4200246521405,322.32236963777467,323.3369904998835,4980108,HDFCBANK.NS
2017-03-17,325.10406494140625,325.48028239306615,322.1399713013993,323.43962905868716,3390464,HDFCBANK.NS
2017-03-20,327.441162109375,328.2961891818524,325.12688326662027,325.2865050198969,8142344,HDFCBANK.NS
2017-03-21,328.5469970703125,329.4704374572506,326.96235800255874,326.96235800255874,5557280,HDFCBANK.NS
2017-03-22,326.2554931640625,327.6463314540358,325.0926620636884,325.5258534575998,5636544,HDFCBANK.NS
2017-03-23,326.2554931640625,327.1903170748374,324.431435647269,327.0535183276597,4922472,HDFCBANK.NS
2017-03-24,324.7621154785156,327.0649830979861,324.22630401666055,326.73438372424374,3810364,HDFCBANK.NS
2017-03-27,321.4559326171875,324.68223993594177,320.13350760932866,324.68223993594177,5864084,HDFCBANK.NS
2017-03-28,323.8158264160156,324.8418588543844,322.1969808020605,323.38263498614447,8061400,HDFCBANK.NS
2017-03-29,325.7311096191406,327.1447710858989,323.770253089547,323.9526699991006,8575772,HDFCBANK.NS
2017-03-30,334.3041687011719,337.43926791868796,324.9216940365351,325.59430419003735,34321092,HDFCBANK.NS
2017-03-31,328.91180419921875,331.52247555928267,327.54376097132626,331.47688525151716,9651392,HDFCBANK.NS
2017-04-03,326.7798767089844,330.6332035876872,325.13823615887674,329.69837972351735,4149052,HDFCBANK.NS
2017-04-05,326.5860900878906,329.8123973639084,325.49167228549493,327.24731649951576,5744080,HDFCBANK.NS
2017-04-06,327.9884033203125,329.01443586458873,324.9217171822524,326.3923526958827,6124416,HDFCBANK.NS
2017-04-07,328.0682373046875,329.47048750668,325.7311629123391,326.28979739367514,4648360,HDFCBANK.NS
2017-04-10,326.99652099609375,329.01437908502294,326.6545102070241,329.01437908502294,3393876,HDFCBANK.NS
2017-04-11,328.2163391113281,328.6039401882999,326.39228165186955,326.96229960795034,4356260,HDFCBANK.NS
2017-04-12,329.1739501953125,330.5989950511018,327.3043024776799,328.1023275969219,3565092,HDFCBANK.NS
2017-04-13,328.3988037109375,330.35966019821115,327.65778026035235,329.0144120597972,4804236,HDFCBANK.NS
2017-04-17,327.6007385253906,329.19678883980157,325.65126593676814,328.3987636825961,7137056,HDFCBANK.NS
2017-04-18,329.994873046875,331.7505175737217,327.8743946879806,328.3304091451266,3638860,HDFCBANK.NS
2017-04-19,330.3824462890625,332.149502161209,327.8743669866611,329.92643187044405,4338144,HDFCBANK.NS
2017-04-20,333.3808288574219,334.2700627595622,331.2831453148192,331.29455681126285,5781372,HDFCBANK.NS
2017-04-21,341.2355651855469,341.7827880244829,331.36287026323794,334.25855052961435,17258032,HDFCBANK.NS
2017-04-24,349.5464782714844,350.9031100915649,341.32680689218495,341.5776092665386,20206952,HDFCBANK.NS
2017-04-25,350.4584655761719,352.385115215295,348.7597952961262,350.0024511921987,9057780,HDFCBANK.NS
2017-04-26,353.5594177246094,354.0952291499793,334.81720666804955,351.80374534910135,7795852,HDFCBANK.NS
2017-04-27,357.6520690917969,358.8719019795198,352.5219073680856,352.5219073680856,16180420,HDFCBANK.NS
2017-04-28,352.6131591796875,355.66846143751326,350.4698857849194,355.66846143751326,5437728,HDFCBANK.NS
2017-05-02,351.2679138183594,353.6163992924726,348.9308398382895,352.72716557737573,4007040,HDFCBANK.NS
2017-05-03,352.1115417480469,354.3802023299754,350.9828893709424,354.3802023299754,2507964,HDFCBANK.NS
2017-05-04,349.94549560546875,351.7923485378604,347.1637907961549,350.960116610629,5131028,HDFCBANK.NS
2017-05-05,349.3526916503906,351.79238588556893,348.00747116354285,351.6099689553612,2757896,HDFCBANK.NS
2017-05-08,349.94549560546875,351.13112202720066,348.52045046737135,350.6751075830095,3747252,HDFCBANK.NS
2017-05-09,350.162109375,352.4079750617746,349.45529251666835,349.9455136360145,3345836,HDFCBANK.NS
2017-05-10,353.8216247558594,354.55123674654544,350.45851816935675,351.13112835349193,2342244,HDFCBANK.NS
2017-05-11,352.59033203125,355.69122431769415,351.3590876112607,353.6391595620151,3875744,HDFCBANK.NS
2017-05-12,353.78741455078125,354.9844524763231,350.2646862415816,352.476373013283,6147604,HDFCBANK.NS
2017-05-15,354.1864013671875,355.05281205513387,351.64411543934824,353.41117129582733,2804780,HDFCBANK.NS
2017-05-16,355.6114196777344,356.1472310079956,353.0121321434886,354.55118067697384,3590376,HDFCBANK.NS
2017-05-17,355.0414123535156,356.9224717286511,353.7531661239621,355.4176297951247,3472472,HDFCBANK.NS
2017-05-18,355.0300598144531,356.033297214365,352.97799470082566,353.1832067787713,3107280,HDFCBANK.NS
2017-05-19,355.97625732421875,357.9485252612443,352.3281419569249,355.577244705921,2854136,HDFCBANK.NS
2017-05-22,359.3393859863281,360.25141488477055,356.39808722226854,356.8541016714898,2860052,HDFCBANK.NS
2017-05-23,357.76611328125,361.06083421740726,356.8312892721035,360.2513974759895,3080172,HDFCBANK.NS
2017-05-24,357.2303161621094,359.2139678664169,356.1472818542938,357.75474390747996,3467388,HDFCBANK.NS
2017-05-25,368.721923828125,371.5150125945993,357.31015002050657,357.31015002050657,20090804,HDFCBANK.NS
2017-05-26,370.73974609375,372.1077894372694,365.06236065156196,366.32781187748265,5443156,HDFCBANK.NS
2017-05-29,372.0849609375,375.75587134706336,368.83585828780605,369.3260793418859,5916340,HDFCBANK.NS
2017-05-30,371.4351501464844,372.44977108023585,368.49385162187644,371.65174585906607,4434184,HDFCBANK.NS
2017-05-31,373.0653991699219,374.61585938636574,370.08992167308253,370.51172946003913,5318912,HDFCBANK.NS
2017-06-01,371.33258056640625,373.89766198234395,369.4971390085285,373.7038613975005,3359540,HDFCBANK.NS
2017-06-02,372.6208190917969,375.3226992258338,370.78534974006675,372.5638172837669,3213544,HDFCBANK.NS
2017-06-05,372.9171447753906,373.69234690109437,370.51165795519563,372.49530923693146,2899900,HDFCBANK.NS
2017-06-06,373.6924133300781,374.79827058749754,371.6517598920565,372.791795965345,5002632,HDFCBANK.NS
2017-06-07,374.1142578125,375.0490818481757,371.73156566309433,374.0230493578923,2554276,HDFCBANK.NS
2017-06-08,375.0148620605469,378.35517328402966,374.3080452696963,374.82106149686535,4248768,HDFCBANK.NS
2017-06-09,380.04248046875,380.77209250685456,373.95467043371167,373.95467043371167,5305272,HDFCBANK.NS
2017-06-12,380.4870300292969,382.14008229459273,378.4919669504916,379.4039957865169,3971412,HDFCBANK.NS
2017-06-13,382.2997131347656,385.76543974616936,378.72001074076087,378.8910161640333,5051620,HDFCBANK.NS
2017-06-14,381.045654296875,383.0407174685557,380.08803510763323,381.9120928645985,3858360,HDFCBANK.NS
2017-06-15,379.4837646484375,382.04884555985575,377.0326873330823,380.3159964662795,3526692,HDFCBANK.NS
2017-06-16,380.6010437011719,381.8436718899609,378.0587576869225,379.63201303726294,3755104,HDFCBANK.NS
2017-06-19,385.9933776855469,386.7001944082727,380.40720152811605,381.00001465579226,3825532,HDFCBANK.NS
2017-06-20,384.5455627441406,386.24420528830683,383.0178977708218,385.33217646826364,3660264,HDFCBANK.NS
2017-06-21,387.3158874511719,387.8973170463324,382.9609547337961,383.6449764537896,3410932,HDFCBANK.NS
2017-06-22,387.15625,391.26037985865725,385.60578980912027,386.4608168630072,6675460,HDFCBANK.NS
2017-06-23,382.7443542480469,388.23932309734766,381.95771258004913,388.0683176694675,5217468,HDFCBANK.NS
2017-06-27,380.2362060546875,386.47219729999637,377.63691845316754,385.1041541237132,6000432,HDFCBANK.NS
2017-06-28,379.9626159667969,381.9120888070065,377.99037580436215,379.6320166350244,4449036,HDFCBANK.NS
2017-06-29,381.7070007324219,386.03348967354407,378.96419295040573,382.6136024404813,9187708,HDFCBANK.NS
2017-06-30,379.1822814941406,381.00697235338964,377.10509372085494,379.5839454710192,4330432,HDFCBANK.NS
2017-07-03,380.685546875,382.7283002279122,378.0804752926107,379.3084135608366,3504332,HDFCBANK.NS
2017-07-04,379.4806213378906,382.5447378921621,379.17077189179196,381.0643305286608,3766080,HDFCBANK.NS
2017-07-05,378.4248352050781,380.89219955895504,377.56412670953966,379.4232514563318,4014200,HDFCBANK.NS
2017-07-06,380.58233642578125,381.6955137697651,379.02157386949096,379.2970173888765,4571676,HDFCBANK.NS
2017-07-07,382.6595153808594,383.21037442961466,380.5479217147951,381.2020545773804,5517396,HDFCBANK.NS
2017-07-10,384.7596435546875,401.20491945514704,381.24796970884205,382.84313824438516,1309252,HDFCBANK.NS
2017-07-11,385.689208984375,388.07624607756753,382.63655173762106,385.03507615088597,4410280,HDFCBANK.NS
2017-07-12,385.88427734375,386.74498576905205,380.6741335497292,385.59737453531596,5738892,HDFCBANK.NS
2017-07-13,386.4122314453125,388.6500735927522,385.51708898276553,387.433594346489,4481004,HDFCBANK.NS
2017-07-14,385.5858459472656,386.98595391685444,383.76115548805967,386.4924755355936,2443252,HDFCBANK.NS
2017-07-17,386.13677978515625,387.353259005827,384.9088412618632,386.1827010492098,2399340,HDFCBANK.NS
2017-07-18,386.4122314453125,387.39916040218804,384.9891765510991,385.52854828562886,2322188,HDFCBANK.NS
2017-07-19,388.4205017089844,389.3156160393446,386.0219774671179,386.7449781336681,3987244,HDFCBANK.NS
2017-07-20,392.68963623046875,393.6306718832954,387.46800486875156,388.7877578502845,3698476,HDFCBANK.NS
2017-07-21,390.8879089355469,393.6880693923529,390.1878548124179,393.42411318111465,3873508,HDFCBANK.NS
2017-07-24,398.2440185546875,399.3686830934057,389.0401826685762,392.48301614351936,19678176,HDFCBANK.NS
2017-07-25,399.28839111328125,403.7296410838853,397.7735498543427,403.7296410838853,11160468,HDFCBANK.NS
2017-07-26,401.10162353515625,402.81155310901914,397.64730242813425,399.8277638267301,3895344,HDFCBANK.NS
2017-07-27,410.7644958496094,412.86463001784404,402.0197038232667,403.04106661751973,17961712,HDFCBANK.NS
2017-07-28,408.205322265625,410.04150026850664,404.2116295057869,406.7134276382837,9255396,HDFCBANK.NS
2017-07-31,409.55950927734375,411.07435052663516,405.462542710674,407.98728746544396,7369140,HDFCBANK.NS
2017-08-01,412.4974060058594,415.24021390031106,406.75934934531796,408.9742448198579,8516860,HDFCBANK.NS
2017-08-02,411.2235412597656,414.7467021632264,409.0201332823915,414.7467021632264,7397916,HDFCBANK.NS
2017-08-03,408.5381164550781,411.3038707664242,407.2642847821102,410.38578176917775,4256784,HDFCBANK.NS
2017-08-04,410.9022216796875,412.39411635412847,405.3707408749463,407.86105176640393,3545068,HDFCBANK.NS
2017-08-07,410.5120849609375,412.3252885580331,409.69726966007323,409.9267919399948,1918660,HDFCBANK.NS
2017-08-08,408.0675964355469,412.5088461796332,405.35922279417633,411.3268010390897,4035372,HDFCBANK.NS
2017-08-09,404.9804992675781,407.8725018637749,403.5804192275224,406.4838811248415,3270056,HDFCBANK.NS
2017-08-10,404.0625,405.3363599033284,402.31813621780407,403.95922617772254,7788444,HDFCBANK.NS
2017-08-11,401.4459228515625,403.5001358857047,397.3374687654239,400.5163464849572,6359836,HDFCBANK.NS
2017-08-14,403.3165283203125,407.39054868032406,401.20493460846285,402.3525459774802,3577084,HDFCBANK.NS
2017-08-16,408.83648681640625,410.79891316026556,401.3311208339909,404.4985109106156,4426832,HDFCBANK.NS
2017-08-17,405.1986083984375,408.76766277468545,402.52466843293155,407.6889193465401,5454868,HDFCBANK.NS
2017-08-18,402.157470703125,404.1887372886534,400.05733622607767,403.95921500739917,3707464,HDFCBANK.NS
2017-08-21,400.1031799316406,403.729642733546,398.9555686674748,402.5820314693801,4009724,HDFCBANK.NS
2017-08-22,400.97540283203125,402.58205871057976,398.63428690185975,401.9623597931388,6609556,HDFCBANK.NS
2017-08-23,406.8166809082031,408.07905322146127,401.66391785486275,401.66391785486275,3360524,HDFCBANK.NS
2017-08-24,404.53289794921875,407.3904382765293,403.7640041439203,407.37897897665806,7878276,HDFCBANK.NS
2017-08-28,404.47564697265625,406.51840091389636,403.5805044570727,404.51008091899735,1507784,HDFCBANK.NS
2017-08-29,400.7803039550781,403.72965942232986,398.90969191359255,403.72965942232986,4918596,HDFCBANK.NS
2017-08-30,405.9216003417969,406.2543964085494,401.67543857142505,402.11150844707214,2694320,HDFCBANK.NS
2017-08-31,407.7348327636719,408.51521409946224,403.13292797703394,406.7134698507038,7303436,HDFCBANK.NS
2017-09-01,405.70355224609375,408.88243003029027,404.2116575153725,408.77915621761304,2295172,HDFCBANK.NS
2017-09-04,401.8705139160156,405.10677204378635,400.76879590671575,405.10677204378635,3642524,HDFCBANK.NS
2017-09-05,402.89190673828125,405.08385560051465,401.8934904780148,403.27062408330784,3682436,HDFCBANK.NS
2017-09-06,403.9362487792969,404.60186896620195,398.9097054602031,400.22945851336544,5751632,HDFCBANK.NS
2017-09-07,405.4625549316406,407.80367074948566,403.9821195610105,403.9821195610105,6946420,HDFCBANK.NS
2017-09-08,410.3055114746094,410.84488323170535,406.4839598901398,407.03481896843516,8311664,HDFCBANK.NS
2017-09-11,418.4994201660156,419.79622657886523,410.8907514071197,411.53342496222274,11477676,HDFCBANK.NS
2017-09-12,421.21923828125,422.29800970867734,417.34033452053643,419.4978213396834,6687680,HDFCBANK.NS
2017-09-13,422.74554443359375,424.3866341008859,418.64857793402695,421.1733226474449,4995376,HDFCBANK.NS
2017-09-14,422.18328857421875,425.1900248467568,420.37005695375706,422.355430284683,8154016,HDFCBANK.NS
2017-09-15,424.3751525878906,425.02931341414495,420.8175577157616,421.4028506599304,3767332,HDFCBANK.NS
2017-09-18,427.0146789550781,427.9327679984004,425.1899881886168,425.43099776963055,4084928,HDFCBANK.NS
2017-09-19,424.5473327636719,428.7476015232095,424.0538822961173,428.03608808785015,4241468,HDFCBANK.NS
2017-09-20,424.3522033691406,427.2441780955353,423.52592887843537,424.15711506156265,3446128,HDFCBANK.NS
2017-09-21,422.1143798828125,424.271894715665,420.1863873083942,424.15713358644786,7712496,HDFCBANK.NS
2017-09-22,418.67156982421875,422.0799699522976,417.73053411467436,421.1274749398919,8243524,HDFCBANK.NS
2017-09-25,413.08270263671875,418.29284692331396,411.4416128137548,418.29284692331396,10149228,HDFCBANK.NS
2017-09-26,411.3727111816406,412.35963997707324,409.6971876663968,410.6267639211836,11438732,HDFCBANK.NS
2017-09-27,407.7463073730469,414.42539973995474,406.25441263737287,412.22199158006873,7337220,HDFCBANK.NS
2017-09-28,412.0613708496094,412.91059209981466,404.71665770497674,407.1725349555704,27646464,HDFCBANK.NS
2017-09-29,414.4483337402344,418.18955778596614,412.27935959003383,413.16301468760247,6213632,HDFCBANK.NS
2017-10-03,415.1713562011719,417.9600574101982,412.47446950453826,414.97626787349714,4394424,HDFCBANK.NS
2017-10-04,412.4515380859375,415.8714256691863,411.61377615848545,414.9533365471252,6625104,HDFCBANK.NS
2017-10-05,412.8187561035156,414.2877042595861,411.5563835974615,411.9924815213059,3336196,HDFCBANK.NS
2017-10-06,413.1630554199219,414.16147174593897,411.76297509924274,412.68106422989877,3030660,HDFCBANK.NS
2017-10-09,412.1072692871094,413.8286864520514,410.95965784381474,412.86470404682683,3062492,HDFCBANK.NS
2017-10-10,413.759765625,416.57141330137085,411.4530837297918,412.9105444727479,3798180,HDFCBANK.NS
2017-10-11,410.8792419433594,416.6402445414083,410.2939490264925,413.8859776721083,5267440,HDFCBANK.NS
2017-10-12,417.455078125,418.0632896712041,410.38578164126443,412.01538400729845,5381560,HDFCBANK.NS
2017-10-13,424.7998352050781,426.11958827833735,418.1895825179593,419.26832599678545,6433464,HDFCBANK.NS
2017-10-16,426.2572326660156,429.9525351181788,422.7799651342241,426.911365444982,3274544,HDFCBANK.NS
2017-10-17,424.9031066894531,425.46542504957046,422.11440547681957,424.6162038490146,2613288,HDFCBANK.NS
2017-10-18,428.8623046875,430.35419924488224,422.0913986193805,422.55044309857504,3926720,HDFCBANK.NS
2017-10-19,424.24896240234375,428.0590264172859,422.47016483948374,427.32456637266625,570008,HDFCBANK.NS
2017-10-23,427.66876220703125,429.1376819955102,421.41428173434997,426.8883810582462,4162892,HDFCBANK.NS
2017-10-24,428.5410461425781,431.4100746610436,425.3047875773204,427.60001039209277,11328872,HDFCBANK.NS
2017-10-25,412.0154113769531,427.5999787391879,409.69724210920583,426.9114119457271,21367208,HDFCBANK.NS
2017-10-26,412.0727844238281,415.4352911407759,403.4656996626242,405.79535620822753,28571464,HDFCBANK.NS
2017-10-27,411.08587646484375,414.86150663202903,408.3201218801547,414.1499931924138,7472088,HDFCBANK.NS
2017-10-30,416.58294677734375,416.81246906206957,411.3957487461119,412.7384485081865,5422352,HDFCBANK.NS
2017-10-31,415.09100341796875,415.77957019167843,412.967922532364,415.77957019167843,4682460,HDFCBANK.NS
2017-11-01,418.00592041015625,418.87811618799043,415.8943268671993,416.6058402555096,4190612,HDFCBANK.NS
2017-11-02,418.2124938964844,419.9798320650529,417.03044868343824,418.4190695288954,4737944,HDFCBANK.NS
2017-11-03,420.1863708496094,422.32093897657774,418.0977239832414,419.0387596023904,3810488,HDFCBANK.NS
2017-11-06,419.7043762207031,422.32093544605897,418.32724273555294,418.8781017331835,6148244,HDFCBANK.NS
2017-11-07,418.5797119140625,423.4570596775793,417.90263249050355,421.8618912632407,7446376,HDFCBANK.NS
2017-11-08,419.09613037109375,420.8519811418776,417.5009619818772,418.9239886880336,3283144,HDFCBANK.NS
2017-11-09,419.5322265625,421.1733162046881,417.98295142114756,419.33713825938156,3113308,HDFCBANK.NS
2017-11-10,418.1895751953125,421.127471453223,415.9746796901856,418.12070730729306,7744360,HDFCBANK.NS
2017-11-13,416.2500915527344,418.45349956958654,411.9924425686304,418.1895433760694,3335872,HDFCBANK.NS
2017-11-14,413.679443359375,417.5009946256823,413.14007164718424,416.7894812169719,4712468,HDFCBANK.NS
2017-11-15,413.197509765625,413.97789116878175,410.38586166417855,412.6810846041348,6148368,HDFCBANK.NS
2017-11-16,414.9073486328125,416.8123944622201,412.03832058723003,414.0581275384609,4012972,HDFCBANK.NS
2017-11-17,419.00439453125,421.9308034969767,416.1583127570898,419.727367273204,6358772,HDFCBANK.NS
2017-11-20,421.8963317871094,422.25207446587586,419.7961975843606,419.7961975843606,2392424,HDFCBANK.NS
2017-11-21,423.7554626464844,424.6161711014197,421.42580615822214,421.7356555984282,2275532,HDFCBANK.NS
2017-11-22,425.82122802734375,426.911458903576,423.36535073434254,424.54736811218197,5660796,HDFCBANK.NS
2017-11-23,422.97509765625,426.91141007855595,421.8619202819279,426.68188781507286,3232580,HDFCBANK.NS
2017-11-24,424.93756103515625,426.4065092522969,422.5505236845348,423.00956825127525,5203684,HDFCBANK.NS
2017-11-27,426.34906005859375,427.37042284805534,423.6062524030734,424.38663364449746,3870472,HDFCBANK.NS
2017-11-28,428.1393127441406,429.4361190278325,425.9588514235824,425.99328536379323,5090540,HDFCBANK.NS
2017-11-29,429.96405029296875,430.4689880454115,425.94741084173194,428.05900437466937,3274584,HDFCBANK.NS
2017-11-30,425.46539306640625,430.11321873212313,422.320949378717,428.9082268928632,5796312,HDFCBANK.NS
2017-12-01,424.20306396484375,426.91143805859457,423.2620282264579,425.7408800416826,3858148,HDFCBANK.NS
2017-12-04,420.96673583984375,425.74080965099887,420.04864687753326,425.74080965099887,3641932,HDFCBANK.NS
2017-12-05,417.833740234375,419.69289274653056,414.74667739010584,419.10759984191105,3893360,HDFCBANK.NS
2017-12-06,413.89752197265625,418.04038214820025,412.91056500147505,417.7190453656397,6395120,HDFCBANK.NS
2017-12-07,415.35498046875,416.95014903411254,413.8515983968733,414.6664136604746,4231304,HDFCBANK.NS
2017-12-08,422.4127502441406,425.3047249614086,416.3533573016704,416.3533573016704,8956400,HDFCBANK.NS
2017-12-11,423.7899169921875,425.01785551011193,422.32096888813606,424.1571470137367,3198232,HDFCBANK.NS
2017-12-12,417.7076110839844,424.5932796176469,416.8009812496713,424.4096505829398,2410588,HDFCBANK.NS
2017-12-13,418.04034423828125,423.4685510518113,416.6058301764526,417.74198212413256,2907460,HDFCBANK.NS
2017-12-14,421.8734130859375,422.3209702984053,415.8943468373426,418.6486140349409,3683092,HDFCBANK.NS
2017-12-15,429.9984436035156,433.3380035135817,425.87853046581085,425.99329158962274,12450124,HDFCBANK.NS
2017-12-18,431.2608337402344,435.8627662019035,415.2746309486391,425.76378689022175,12297988,HDFCBANK.NS
2017-12-19,432.5346984863281,434.63483276655046,430.618193221042,431.455955072676,4952112,HDFCBANK.NS
2017-12-20,428.78204345703125,436.8038357576257,427.74919321998357,435.8398534101902,9343504,HDFCBANK.NS
2017-12-21,428.8164978027344,432.6495087687684,428.1049563024098,431.47895071466303,6854544,HDFCBANK.NS
2017-12-22,430.73291015625,431.50180404392825,427.3130232333954,431.2722818077347,4470904,HDFCBANK.NS
2017-12-26,428.827880859375,432.1444941104693,426.15394110144734,431.73134286231186,6785696,HDFCBANK.NS
2017-12-27,426.1654357910156,429.2754734718167,424.880116800306,429.2295522113094,3489384,HDFCBANK.NS
2017-12-28,431.0542907714844,431.7084236076561,426.4523582601895,426.6589338973632,8700520,HDFCBANK.NS
2017-12-29,429.7574768066406,431.31821133334626,428.78200722075456,430.7673803344228,6345872,HDFCBANK.NS
2018-01-01,425.6490478515625,431.67400741268597,424.73095877558177,429.82634194013275,6580516,HDFCBANK.NS
2018-01-02,429.7460021972656,430.354241795908,426.5786117883603,426.5786117883603,4776316,HDFCBANK.NS
2018-01-03,425.22442626953125,431.10019060040486,424.8916021773755,430.3542432454461,4531288,HDFCBANK.NS
2018-01-04,426.8884582519531,428.17377730821937,425.3047490496545,425.3047490496545,2373776,HDFCBANK.NS
2018-01-05,427.7376403808594,428.75903115842516,425.89000316164186,427.5999326405841,2870868,HDFCBANK.NS
2018-01-08,427.0491027832031,429.3672719591156,426.3949699588998,428.05900631050906,4570308,HDFCBANK.NS
2018-01-09,427.7606506347656,429.17221822273757,425.76381805909705,427.3704739763012,5305528,HDFCBANK.NS
2018-01-10,427.8753356933594,428.72458476645147,426.2916546994148,428.1048579264355,4615888,HDFCBANK.NS
2018-01-11,429.79193115234375,430.5837717642779,426.05070700290025,427.8753978136294,4059096,HDFCBANK.NS
2018-01-12,428.12786865234375,431.0772239924127,426.911389507359,429.89517878886204,4336708,HDFCBANK.NS
2018-01-15,435.5758361816406,437.1021646995084,426.87693757778874,429.19510662600845,12576444,HDFCBANK.NS
2018-01-16,436.126708984375,438.3874975435289,432.70682185546485,436.8841155987385,6445384,HDFCBANK.NS
2018-01-17,433.911865234375,436.67761988297434,433.1085372638274,435.40376003682064,2905496,HDFCBANK.NS
2018-01-18,443.9648742675781,448.4864511296568,440.23513791606484,441.60078401917076,16649540,HDFCBANK.NS
2018-01-19,448.0733337402344,449.8406719094623,440.51058666645366,444.1599961142325,11455988,HDFCBANK.NS
2018-01-22,450.63250732421875,456.29023643285467,448.2913915637467,449.8636133845046,8849768,HDFCBANK.NS
2018-01-23,447.8668212890625,451.40144186932616,446.03064311007654,451.01126521343383,5047796,HDFCBANK.NS
2018-01-24,449.3242492675781,451.9293212650017,447.70610615849756,448.1536913676183,4790568,HDFCBANK.NS
2018-01-25,453.29498291015625,454.45408154750754,447.6831747769765,448.463556076134,8723668,HDFCBANK.NS
2018-01-29,458.96417236328125,460.6396679759166,453.995010052113,453.995010052113,8235892,HDFCBANK.NS
2018-01-30,458.01165771484375,459.48060574355844,455.40658573632294,458.5395701060212,6397560,HDFCBANK.NS
2018-01-31,460.352783203125,462.14306802865417,456.06072817131155,456.6115871959247,6943348,HDFCBANK.NS
2018-02-01,457.0132141113281,462.4873139357316,455.6705146099237,460.42161377423207,6521420,HDFCBANK.NS
2018-02-02,447.109375,456.7263635668666,445.6174802682238,455.83122112422996,7346124,HDFCBANK.NS
2018-02-05,439.2711486816406,444.18293039185664,437.4349706978479,440.2236716143036,7926784,HDFCBANK.NS
2018-02-06,435.3577880859375,438.8465148630641,421.47169281961146,426.9113586010979,10749804,HDFCBANK.NS
2018-02-07,429.8492736816406,437.69892329072565,427.46223671875,437.69892329072565,8364972,HDFCBANK.NS
2018-02-08,431.71990966796875,435.7709834038378,428.4033240189238,432.419963810154,5171444,HDFCBANK.NS
2018-02-09,424.5013732910156,427.99010005306883,423.2619476194425,424.13414331888123,6408952,HDFCBANK.NS
2018-02-12,430.73291015625,432.8789374610897,425.7981820780881,426.9113593200567,4381108,HDFCBANK.NS
2018-02-14,432.2247619628906,435.61021461206883,430.27382314810995,433.7510902862593,3577188,HDFCBANK.NS
2018-02-15,431.93798828125,434.8873440026206,430.3542789312118,433.72824527088983,4915224,HDFCBANK.NS
2018-02-16,431.1805419921875,434.91027897634115,430.50346248528353,432.39702126185387,3583520,HDFCBANK.NS
2018-02-19,431.0887145996094,433.246229532636,426.69338556080044,432.0986181871809,3654552,HDFCBANK.NS
2018-02-20,427.6458435058594,432.8445280538532,426.63596802365316,432.59205918330167,4084068,HDFCBANK.NS
2018-02-21,426.31463623046875,428.87381494241123,425.12110371002296,428.73607917700565,2753072,HDFCBANK.NS
2018-02-22,425.3505859375,426.9113483105065,422.6766743690828,424.61612600776186,13253596,HDFCBANK.NS
2018-02-23,431.6281433105469,432.6150723231528,424.7080408295101,426.1999356787149,4076748,HDFCBANK.NS
2018-02-26,438.7433166503906,439.4892640452747,432.3166929406206,433.3610024827447,4788884,HDFCBANK.NS
2018-02-27,436.6776428222656,441.0844595707665,436.0923497772636,439.47780354527134,4787328,HDFCBANK.NS
2018-02-28,432.46575927734375,435.04788427360234,431.04273270876763,433.6937255787329,4066364,HDFCBANK.NS
2018-03-01,430.2050476074219,434.5545112975051,428.74758684244375,431.34119961881436,3909840,HDFCBANK.NS
2018-03-05,429.1951599121094,431.0428254027938,426.5097605456558,430.15917026206205,3781464,HDFCBANK.NS
2018-03-06,423.7554626464844,431.4788921190079,422.2061874276008,429.206616194408,4576828,HDFCBANK.NS
2018-03-07,420.6224670410156,425.39654101745026,419.68143142563883,422.32093728366175,5628164,HDFCBANK.NS
2018-03-08,425.2702941894531,426.56710050211,420.48476089312106,422.2750456455495,5518724,HDFCBANK.NS
2018-03-09,424.8572082519531,428.1164132723772,423.23906504450537,425.752322688902,4108108,HDFCBANK.NS
2018-03-12,428.5754699707031,429.08040777088996,425.3965920508606,426.9573267173465,6557116,HDFCBANK.NS
2018-03-13,426.9687805175781,432.5920758395406,425.7637886628719,428.6213295683194,5124200,HDFCBANK.NS
2018-03-14,427.9442443847656,428.7246256552219,424.1571271778208,425.99330521755167,3680392,HDFCBANK.NS
2018-03-15,431.68548583984375,433.2232738032884,428.1049161030005,428.1049161030005,5870924,HDFCBANK.NS
2018-03-16,425.30474853515625,431.7543184490371,423.82434116266927,431.5018495661596,7896336,HDFCBANK.NS
2018-03-19,423.98504638671875,426.91145555788165,423.0440106097594,425.30479954234124,7838740,HDFCBANK.NS
2018-03-20,422.2061462402344,425.97031645285034,421.23067675313405,423.49146513731404,3657372,HDFCBANK.NS
2018-03-21,426.6589050292969,427.6458338679109,423.0783636260131,424.1571069658091,5921140,HDFCBANK.NS
2018-03-22,428.6902160644531,431.50186384750197,425.7867537706316,426.6589495961888,6673224,HDFCBANK.NS
2018-03-23,422.6767272949219,425.32769257582464,421.68977037401885,423.847285212324,7190152,HDFCBANK.NS
2018-03-26,434.5888977050781,436.0922796658041,420.82904987750095,422.29799789678793,10501768,HDFCBANK.NS
2018-03-27,434.3938293457031,435.8627774324587,430.5837653835137,434.66927287201287,6136836,HDFCBANK.NS
2018-03-28,432.90185546875,436.023352071099,430.5951739581739,432.1788548689563,8837508,HDFCBANK.NS
2018-04-02,443.2533874511719,444.29772496521895,433.9118424624804,433.9118424624804,4596368,HDFCBANK.NS
2018-04-03,439.7416687011719,441.9909698602695,438.6170041126972,441.5893059370894,4079884,HDFCBANK.NS
2018-04-04,432.2477722167969,441.8188387218239,431.1460542226438,439.0645717542936,3714108,HDFCBANK.NS
2018-04-05,438.1350402832031,439.30559818577,433.84295728331966,436.3906767403726,4858892,HDFCBANK.NS
2018-04-06,441.4631652832031,442.163191436523,437.42357870087375,438.8924988996431,3720008,HDFCBANK.NS
2018-04-09,445.0551452636719,445.732224717146,439.85646052012,440.4073195424967,4003536,HDFCBANK.NS
2018-04-10,440.8778076171875,445.96173105028134,439.19082468590494,445.96173105028134,6067236,HDFCBANK.NS
2018-04-11,440.4187927246094,440.68274893301,437.33172946656947,439.7417132497969,2870812,HDFCBANK.NS
2018-04-12,442.7024841308594,443.6435196611484,437.44641951134514,439.7645884082571,4712516,HDFCBANK.NS
2018-04-13,441.8303527832031,445.2731867009943,440.4761658386344,442.5189195667614,3297172,HDFCBANK.NS
2018-04-16,445.7551574707031,447.5683888547622,440.6482873927449,440.68272133391974,2847744,HDFCBANK.NS
2018-04-17,447.22412109375,447.7979267405216,443.9189949647751,446.0765098002069,2667832,HDFCBANK.NS
2018-04-18,443.57470703125,448.3717277926742,442.9894420882527,447.79792215178264,2712720,HDFCBANK.NS
2018-04-19,445.0436706542969,446.37491099490694,443.6665370679504,445.2731929186879,3169032,HDFCBANK.NS
2018-04-20,448.9225769042969,450.0931347823121,443.4714234361276,445.5026897564854,9361380,HDFCBANK.NS
2018-04-23,444.2977294921875,454.22456756556323,426.9802856094751,454.22456756556323,15304620,HDFCBANK.NS
2018-04-24,444.1255798339844,447.1208565795414,442.0598794626635,444.1255798339844,5037416,HDFCBANK.NS
2018-04-25,440.8548889160156,444.8141479730513,438.8465691044758,442.4959787084448,4020592,HDFCBANK.NS
2018-04-26,443.0353698730469,445.08958302045124,438.6744466622773,439.9483064915128,7847480,HDFCBANK.NS
2018-04-27,441.4631652832031,444.24037930743856,438.9613667917728,443.666573599214,5777008,HDFCBANK.NS
2018-04-30,446.2601623535156,448.67014619707726,442.702567155877,442.9779826737133,4609552,HDFCBANK.NS
2018-05-02,452.0440979003906,453.99503713986934,446.65032470889065,447.568413762763,7100048,HDFCBANK.NS
2018-05-03,451.6768798828125,453.2835357697756,446.65033657574264,451.71131382681847,4152772,HDFCBANK.NS
2018-05-04,456.405029296875,456.74931269840647,451.30964616135134,452.15886734465363,6881436,HDFCBANK.NS
2018-05-07,453.85736083984375,456.12963700922825,453.3065017657723,454.8328305271878,5264128,HDFCBANK.NS
2018-05-08,451.4817810058594,454.4311364972853,448.62421200583066,454.28194142198305,7100564,HDFCBANK.NS
2018-05-09,454.0868835449219,454.56887472849013,448.98001282403885,448.98001282403885,4327332,HDFCBANK.NS
2018-05-10,457.3689880371094,458.81498945614356,454.91311110659154,456.4279523916705,7171672,HDFCBANK.NS
2018-05-11,461.74139404296875,462.9463858753165,455.83119600812023,457.36898390130847,6057068,HDFCBANK.NS
2018-05-14,464.0366516113281,465.33345804665584,461.89062398004523,462.9923140706474,4742916,HDFCBANK.NS
2018-05-15,467.72052001953125,473.96351491686244,465.1728002611406,465.25315547456455,9826684,HDFCBANK.NS
2018-05-16,464.4039001464844,470.291152238547,462.9808732160579,466.0564773750204,6841604,HDFCBANK.NS
2018-05-17,465.41375732421875,469.24676781468025,461.91354289976096,464.5186149170162,6615476,HDFCBANK.NS
2018-05-18,461.8332214355469,464.71370899016074,459.84784828137265,464.71370899016074,5217460,HDFCBANK.NS
2018-05-21,457.4493103027344,463.86444568485234,455.8426546274281,462.7397811085677,4848108,HDFCBANK.NS
2018-05-22,456.7263488769531,462.2463423962699,455.71644533358494,458.7461279458356,3960372,HDFCBANK.NS
2018-05-23,451.58502197265625,457.66736153162725,450.64398636144256,456.2443348042165,5726292,HDFCBANK.NS
2018-05-24,455.83123779296875,456.8067074609547,449.0258967409779,451.49326119529536,4520744,HDFCBANK.NS
2018-05-25,461.0413513183594,462.71687501937066,456.7263496517085,456.7492962740812,4759588,HDFCBANK.NS
2018-05-28,468.7303466796875,470.9796760277021,460.4216521011552,460.83480337498776,5103940,HDFCBANK.NS
2018-05-29,466.5269775390625,471.14036973199177,465.6548096917314,467.76640344617124,3351244,HDFCBANK.NS
2018-05-30,470.1419372558594,471.20919333598096,462.78573771631744,463.56609097536256,4866996,HDFCBANK.NS
2018-05-31,494.1877746582031,498.9345942292456,480.455535183718,485.0752999450999,39639192,HDFCBANK.NS
2018-06-01,487.5238037109375,493.8528589529831,485.3062940412617,488.7711176541217,21151356,HDFCBANK.NS
2018-06-04,472.64813232421875,498.2416409693798,470.74247931633863,496.62472326572396,88796324,HDFCBANK.NS
2018-06-05,476.6673583984375,477.4411351724008,467.2892132226821,473.52589575210004,17105460,HDFCBANK.NS
2018-06-06,475.22369384765625,476.94454501388043,472.37096643180786,475.88197651727234,9782000,HDFCBANK.NS
2018-06-07,476.3439636230469,480.4093794295823,474.2650693479446,478.88483440372744,10563896,HDFCBANK.NS
2018-06-08,473.37579345703125,476.1245310790101,470.06108950674866,475.60480751567343,6180888,HDFCBANK.NS
2018-06-11,471.7472839355469,476.5171684340504,470.93882511250473,473.9647371568665,7091188,HDFCBANK.NS
2018-06-12,472.10528564453125,474.1495258294051,470.84641107669063,473.9647239677013,5234256,HDFCBANK.NS
2018-06-13,469.2410583496094,474.6346564200245,467.54330039066997,473.9878780562346,7897960,HDFCBANK.NS
2018-06-14,470.6155090332031,472.37101425365904,467.75124883308536,468.9061901882288,16927576,HDFCBANK.NS
2018-06-15,468.8136901855469,470.9618919309477,467.1274930813977,467.98213822490305,10880816,HDFCBANK.NS
2018-06-18,466.3998718261719,470.93879600579515,464.0784289276213,468.9291815660697,7487404,HDFCBANK.NS
2018-06-19,467.40472412109375,471.37771074446243,466.4345847493061,467.73964580504696,10981152,HDFCBANK.NS
2018-06-20,474.9464111328125,475.3737619018783,467.75115055942837,467.98213878192684,9051712,HDFCBANK.NS
2018-06-21,475.2813720703125,478.3304052188704,472.8444351319095,475.8357212269205,13510704,HDFCBANK.NS
2018-06-22,481.22943115234375,482.4883059354155,473.49132416699376,475.1313070351794,7848980,HDFCBANK.NS
2018-06-25,483.9088134765625,484.5671525334726,478.85019345917806,481.16007591343845,6992336,HDFCBANK.NS
2018-06-26,483.6201171875,485.7683193219988,480.42096356641537,481.8530795248748,9161932,HDFCBANK.NS
2018-06-27,487.98583984375,489.5796363430449,482.7654824047954,483.45844721207504,19126804,HDFCBANK.NS
2018-06-28,492.2012634277344,494.31478305015537,487.66231113973083,488.5400776406909,37533540,HDFCBANK.NS
2018-06-29,487.0271911621094,494.3148821282852,486.2534143183135,490.08778564257653,19458120,HDFCBANK.NS
2018-07-02,478.8963928222656,487.01560731182394,476.5865103053368,487.00410301413217,9864876,HDFCBANK.NS
2018-07-03,478.19183349609375,481.61047065766195,477.1293214497549,478.8963588925648,6863100,HDFCBANK.NS
2018-07-04,485.89532470703125,486.93477178954765,477.91466971698816,479.58933446104237,6097992,HDFCBANK.NS
2018-07-05,490.5613098144531,491.77399816125757,483.3544874893103,486.23028000443736,9735968,HDFCBANK.NS
2018-07-06,488.5747375488281,493.2869313292864,487.6970273799767,488.14744315475286,8121344,HDFCBANK.NS
2018-07-09,491.000244140625,492.005065776069,486.8655762392063,490.1225337391181,6182296,HDFCBANK.NS
2018-07-10,495.7931213378906,496.5323287992508,490.8499957033113,491.9818154889002,10950736,HDFCBANK.NS
2018-07-11,496.2205505371094,497.94140186818464,493.1137695874038,495.481399352564,5857920,HDFCBANK.NS
2018-07-12,500.3089904785156,503.51976100040076,497.0867156589847,497.2945825272322,8020668,HDFCBANK.NS
2018-07-13,503.7622985839844,506.049116307222,499.65075246759244,500.8749451912255,7161188,HDFCBANK.NS
2018-07-16,500.9789123535156,505.8758522072708,499.8008496651418,503.41579339181203,9017336,HDFCBANK.NS
2018-07-17,502.80364990234375,503.78534991938056,499.6853086717561,499.6853086717561,6361924,HDFCBANK.NS
2018-07-18,502.6766357421875,512.7939327205323,502.0876044056093,505.17132020711904,17460272,HDFCBANK.NS
2018-07-19,504.96343994140625,506.67273044769945,501.4754947809234,504.24735380320396,5304776,HDFCBANK.NS
2018-07-20,505.64483642578125,508.8324855323426,501.49860864583064,504.9634323717418,10006964,HDFCBANK.NS
2018-07-23,498.1146545410156,503.0924631479486,493.86449283679207,496.6247914454038,16880132,HDFCBANK.NS
2018-07-24,498.87689208984375,501.0135334843714,495.93179178927863,495.93179178927863,5208792,HDFCBANK.NS
2018-07-25,501.3253173828125,502.8151801574108,498.9345666932966,500.0086393835952,7038616,HDFCBANK.NS
2018-07-26,506.4648742675781,508.9710630169477,500.0895758243337,500.0895758243337,21281092,HDFCBANK.NS
2018-07-27,508.670654296875,510.93434998999663,504.6399213887296,508.6244679344858,10554596,HDFCBANK.NS
2018-07-30,501.2213439941406,507.94312412873217,498.7959675487783,507.94312412873217,7169120,HDFCBANK.NS
2018-07-31,503.4388732910156,504.91717548193554,496.636280844838,498.93460257333965,8860944,HDFCBANK.NS
2018-08-01,498.63433837890625,502.39945824123066,497.0174205822678,499.58141278867,6071560,HDFCBANK.NS
2018-08-02,492.0511169433594,497.4793403558178,490.00690494121716,497.43315398847653,8905704,HDFCBANK.NS
2018-08-03,490.0762023925781,495.9433378306759,488.30916482188485,492.82499642807636,13604008,HDFCBANK.NS
2018-08-06,488.3784484863281,493.7142430091894,486.48435619171573,489.9260584199646,5744632,HDFCBANK.NS
2018-08-07,492.2128601074219,493.0444403999076,486.9232515169854,490.8500519324449,7428456,HDFCBANK.NS
2018-08-08,493.47174072265625,497.0404976914833,492.7094682648455,493.3562466046126,9945380,HDFCBANK.NS
2018-08-09,489.3486022949219,494.77682611079666,483.8395100349817,494.77682611079666,8944408,HDFCBANK.NS
2018-08-10,488.4130554199219,490.5728179445599,484.6133102857743,490.50351019630205,5442940,HDFCBANK.NS
2018-08-13,483.14654541015625,485.9877121336246,480.4555548837582,481.3795078739193,10054252,HDFCBANK.NS
2018-08-14,482.5574951171875,486.23018512194875,482.11858367925095,484.6132676417333,4935964,HDFCBANK.NS
2018-08-16,479.4623107910156,482.00318160219604,477.314108735567,481.14853633534057,10625160,HDFCBANK.NS
2018-08-17,479.8434143066406,483.46991817965636,478.52673630226826,481.1253538473033,6065328,HDFCBANK.NS
2018-08-20,484.197509765625,486.8308093874535,479.3005706359222,479.3005706359222,7811136,HDFCBANK.NS
2018-08-21,484.1629333496094,487.84718466339626,483.37753946237194,484.61334915899874,7776320,HDFCBANK.NS
2018-08-23,480.43243408203125,486.69223815538186,479.7279650410744,486.2302616597432,12574552,HDFCBANK.NS
2018-08-24,478.11102294921875,483.5969935554485,477.2332563734995,478.37663686323333,9714628,HDFCBANK.NS
2018-08-27,480.5594787597656,482.41894539420946,478.20340996043194,479.7625806003223,12574788,HDFCBANK.NS
2018-08-28,483.8857116699219,484.6710490871692,480.17833933420036,482.3034197517023,9973532,HDFCBANK.NS
2018-08-29,480.1090393066406,483.7009175861896,478.78085697514524,483.26200611005044,9873692,HDFCBANK.NS
2018-08-30,477.24481201171875,482.2803103894498,476.2631120188914,481.28710609983153,21827460,HDFCBANK.NS
2018-08-31,476.1130065917969,480.16686197280484,475.4316024801085,477.96091273528816,15771500,HDFCBANK.NS
2018-09-03,479.3121643066406,480.21299589575005,476.64423882465894,478.0070468991811,7661608,HDFCBANK.NS
2018-09-04,473.94171142578125,479.9820317179522,473.2949330350529,479.739482772227,7130536,HDFCBANK.NS
2018-09-05,472.56732177734375,475.88199763879084,470.18815963909935,474.40369534570294,5641508,HDFCBANK.NS
2018-09-06,474.0340576171875,475.60478893708176,469.5066937261133,473.29490652359425,10402412,HDFCBANK.NS
2018-09-07,475.1312561035156,475.8357815247873,471.3892578382086,473.75688733365956,5919300,HDFCBANK.NS
2018-09-10,471.4816589355469,474.68084046917727,467.7742863480502,474.68084046917727,8598592,HDFCBANK.NS
2018-09-11,462.06890869140625,473.06394393650635,460.62523210468595,472.67127518364174,18186536,HDFCBANK.NS
2018-09-12,464.7136535644531,466.90804169599187,459.5626330790292,462.41533201066864,12246008,HDFCBANK.NS
2018-09-14,468.8136901855469,470.61540959761237,466.35365997950527,466.56155501886735,10334672,HDFCBANK.NS
2018-09-17,460.1747741699219,467.27766276170274,459.2046348117187,466.89655471178486,9338220,HDFCBANK.NS
2018-09-18,459.48175048828125,464.2516628139926,457.5760976959136,460.7984002447267,9325736,HDFCBANK.NS
2018-09-19,453.04876708984375,461.5144915048061,451.9284797943709,460.78687292838777,16712264,HDFCBANK.NS
2018-09-21,455.1045837402344,461.94183006316763,441.23372853124846,455.9476964627841,22610148,HDFCBANK.NS
2018-09-24,444.8140563964844,455.5550098923026,442.3424934299331,454.4116293472772,13390792,HDFCBANK.NS
2018-09-25,450.9814453125,453.1989267766329,442.34247949910906,444.81404238782267,16682552,HDFCBANK.NS
2018-09-26,454.6310729980469,456.8947691796828,451.6513470608436,453.41838465720093,14726724,HDFCBANK.NS
2018-09-27,456.4674072265625,458.7426357068956,451.61665428102134,454.9082366369243,18352208,HDFCBANK.NS
2018-09-28,463.3739318847656,465.54519860410835,456.69836666039214,457.50682543366355,14460716,HDFCBANK.NS
2018-10-01,470.16497802734375,471.67796220147216,461.4682937890556,464.24015252873124,12449588,HDFCBANK.NS
2018-10-03,469.1717834472656,474.03406912763836,463.59341164387837,469.0100747563108,15332148,HDFCBANK.NS
2018-10-04,452.2171936035156,466.08804767416245,448.8101173140753,463.82435180991416,17970584,HDFCBANK.NS
2018-10-05,453.9612121582031,459.66661056844526,448.1518521189439,451.3394730027914,15729180,HDFCBANK.NS
2018-10-08,449.2720642089844,454.8157811966531,445.8072410916915,453.891828365375,20128020,HDFCBANK.NS
2018-10-09,448.2557678222656,453.891886453724,445.80729814538796,449.13353440303604,12459364,HDFCBANK.NS
2018-10-10,454.3885192871094,457.87643605126635,447.07773589467826,449.2721241617924,15939932,HDFCBANK.NS
2018-10-11,447.5513610839844,450.034485137767,442.9431278986447,444.6524468401459,14359904,HDFCBANK.NS
2018-10-12,457.7840576171875,461.3066284296417,448.5791814941688,449.2721462441597,9600320,HDFCBANK.NS
2018-10-15,463.8359680175781,464.4711857068946,455.11616155514355,459.6666188144326,12585968,HDFCBANK.NS
2018-10-16,460.30181884765625,466.18045832275254,459.0891305782044,462.6694483261099,9406004,HDFCBANK.NS
2018-10-17,456.109375,464.9793290929983,453.5454111644819,463.385504590874,7940796,HDFCBANK.NS
2018-10-19,454.5270690917969,457.5530091290223,452.27493395082627,452.48282898781514,9867348,HDFCBANK.NS
2018-10-22,461.7223815917969,466.59622763716055,459.34319152858814,465.2102982481393,20331160,HDFCBANK.NS
2018-10-23,458.47705078125,461.7224471735641,455.7398454885091,455.7398454885091,19428564,HDFCBANK.NS
2018-10-24,460.1863708496094,464.00923791328046,455.64744580395063,462.9004829627894,18072336,HDFCBANK.NS
2018-10-25,454.7696533203125,462.8080270681406,453.30285545457605,455.87837994235446,29847056,HDFCBANK.NS
2018-10-26,453.0141296386719,456.7099415164397,450.19608436059667,454.7696628380571,15155712,HDFCBANK.NS
2018-10-29,444.9526672363281,453.88034034038964,437.7689102656126,453.68400597167135,17044280,HDFCBANK.NS
2018-10-30,441.82275390625,446.2692775045746,438.7159733721173,444.65235983245657,13828704,HDFCBANK.NS
2018-10-31,441.59173583984375,443.0123190523262,435.41280086732337,439.3511613528292,23449404,HDFCBANK.NS
2018-11-01,441.6957092285156,445.8073112535144,437.95371095163904,445.8073112535144,19629052,HDFCBANK.NS
2018-11-02,450.3000183105469,452.7369555489849,441.6495199028873,444.88335529966577,30092868,HDFCBANK.NS
2018-11-05,451.81298828125,452.6561009795205,447.655200045533,450.4039656851738,5705296,HDFCBANK.NS
2018-11-06,449.6302185058594,456.43281163125516,448.79863819442755,451.5820580663481,8485588,HDFCBANK.NS
2018-11-07,452.2633972167969,453.88031483954956,450.4270520525357,452.96792260257564,958760,HDFCBANK.NS
2018-11-09,449.3645324707031,452.7138619859979,447.262545103914,452.32116505577574,10101620,HDFCBANK.NS
2018-11-12,443.739990234375,453.19894782071725,442.83913041738816,450.7735711886492,7907764,HDFCBANK.NS
2018-11-13,445.2876281738281,447.5859501335063,440.77179631110823,443.2664808536253,13350420,HDFCBANK.NS
2018-11-14,452.2171936035156,452.73691710529465,447.33178704743176,447.7822310003897,26110636,HDFCBANK.NS
2018-11-15,456.2364196777344,456.7330500241723,446.08446979406,453.17582555272696,10392524,HDFCBANK.NS
2018-11-16,462.9697570800781,464.979343560409,457.3567313708941,457.58771961906126,15813216,HDFCBANK.NS
2018-11-19,465.1872253417969,466.8272362175988,462.4153664429294,464.51735380187586,12286428,HDFCBANK.NS
2018-11-20,464.8522644042969,466.5038359315726,461.7570445983775,464.9793192128589,5705168,HDFCBANK.NS
2018-11-21,466.30755615234375,467.50868384178943,462.90047927147833,464.92162657368664,6545604,HDFCBANK.NS
2018-11-22,463.24688720703125,470.0610398735022,462.0111058373882,465.03704595839224,12974552,HDFCBANK.NS
2018-11-26,473.4797058105469,473.9878686600172,464.7598997472352,465.18722235203614,18184436,HDFCBANK.NS
2018-11-27,476.75970458984375,477.6605361253745,471.38922826633893,471.4585360137514,12895440,HDFCBANK.NS
2018-11-28,482.5920715332031,484.75183364734335,475.8587884138728,476.9906079770561,13021108,HDFCBANK.NS
2018-11-29,492.2474670410156,493.71420843025084,483.6893420455846,485.30625961689265,31908636,HDFCBANK.NS
2018-11-30,491.6468811035156,493.74889652932796,487.3851595886779,492.00492413454214,13040924,HDFCBANK.NS
2018-12-03,488.1474304199219,494.77678124281937,486.6690719339174,492.23591075090945,10799856,HDFCBANK.NS
2018-12-04,481.73748779296875,487.61612664360763,480.1321309617078,486.32257006948794,8157420,HDFCBANK.NS
2018-12-05,484.8904724121094,486.29952314719907,479.51999616124624,479.9935333029475,11798844,HDFCBANK.NS
2018-12-06,484.3939514160156,485.45646359669223,481.6105315496785,482.6961651142561,11730252,HDFCBANK.NS
2018-12-07,486.83087158203125,489.2331268903348,480.52488090571285,486.62294831517096,9903920,HDFCBANK.NS
2018-12-10,482.4767150878906,486.18408783982073,477.1986109315172,477.1986109315172,10915056,HDFCBANK.NS
2018-12-11,475.7318115234375,478.4459231754369,469.3680746266233,474.91179204347316,18905780,HDFCBANK.NS
2018-12-12,481.6798095703125,482.7192566965352,475.8589169421886,477.44115262038036,11370488,HDFCBANK.NS
2018-12-13,485.3755798339844,490.84998961591975,483.06569752990947,483.920342703695,7064236,HDFCBANK.NS
2018-12-14,484.08209228515625,489.2331418372372,482.31505462775266,486.2071730295215,6158284,HDFCBANK.NS
2018-12-17,492.0511169433594,492.60552253228764,484.8442954361793,485.99923658776623,8437324,HDFCBANK.NS
2018-12-18,493.263916015625,494.0839356962767,485.6759847804468,490.6191114627825,7413968,HDFCBANK.NS
2018-12-19,490.49188232421875,498.7958968407961,488.2051217002012,492.72095229180303,9009896,HDFCBANK.NS
2018-12-20,493.7257995605469,494.41876427668893,485.6873975745766,487.9742149740131,7980476,HDFCBANK.NS
2018-12-21,487.65087890625,496.41692914183915,487.16583736025075,492.9289835982917,10220308,HDFCBANK.NS
2018-12-24,480.6056823730469,485.99928059681247,479.8434662588667,485.99928059681247,5601488,HDFCBANK.NS
2018-12-26,490.2378845214844,491.31195721606423,477.9146400940465,479.76254590397997,7601916,HDFCBANK.NS
2018-12-27,486.24176025390625,493.89899713378156,484.7172154555489,492.6978696772375,11639868,HDFCBANK.NS
2018-12-28,490.3648986816406,493.7950965089522,488.6556083099934,489.08295909971105,9415612,HDFCBANK.NS
2018-12-31,490.0877380371094,493.62186939149416,488.93279683591265,493.62186939149416,5866528,HDFCBANK.NS
2019-01-01,496.18585205078125,496.8556953773877,486.368852025891,491.46209751215014,6373440,HDFCBANK.NS
2019-01-02,491.6584777832031,496.0472544230344,489.6257699555058,494.9616209540095,8134232,HDFCBANK.NS
2019-01-03,487.801025390625,491.6007710406543,485.76831739621565,490.6652572961889,12771664,HDFCBANK.NS
2019-01-04,489.1060791015625,491.6585106493372,487.4660962942707,488.59791620907237,7287120,HDFCBANK.NS
2019-01-07,489.84527587890625,493.2408487268181,489.2331794912886,491.4737545397903,5387012,HDFCBANK.NS
2019-01-08,485.76824951171875,490.5035082444768,484.30145168827363,490.15702589817744,8343460,HDFCBANK.NS
2019-01-09,488.95587158203125,490.0068792536006,485.6758501621951,489.23304616515964,8568628,HDFCBANK.NS
2019-01-10,487.0386962890625,490.5728275835415,483.37751018588284,489.00209629781614,7691540,HDFCBANK.NS
2019-01-11,487.8240661621094,490.61904656486416,486.92323453801015,488.262977676468,6408040,HDFCBANK.NS
2019-01-14,485.4564208984375,487.3620739132169,484.71726979567023,487.3620739132169,4855160,HDFCBANK.NS
2019-01-15,490.13397216796875,491.19654073405803,485.537328296727,486.24185377683284,5087556,HDFCBANK.NS
2019-01-16,489.7413024902344,490.85005742808977,486.98100403424485,489.706676808334,5252452,HDFCBANK.NS
2019-01-17,492.5361328125,493.36765646708693,488.15891785520046,490.9076547810652,8240228,HDFCBANK.NS
2019-01-18,492.0627136230469,494.0838607861506,488.43620942054383,493.15990779730316,5207976,HDFCBANK.NS
2019-01-21,496.19732666015625,500.43598309239576,491.1964542100067,494.30323451798824,17561512,HDFCBANK.NS
2019-01-22,493.35626220703125,495.88557219345483,491.7855308732403,495.70077032001814,8796976,HDFCBANK.NS
2019-01-23,486.3226013183594,493.3562381008737,485.41020908026326,492.92888731403326,7624288,HDFCBANK.NS
2019-01-24,485.5950012207031,490.0761502763791,484.59017987371925,487.3851599836764,10111572,HDFCBANK.NS
2019-01-25,484.15142822265625,487.3852640981893,482.76549856171357,483.4584633921849,11262236,HDFCBANK.NS
2019-01-28,481.41412353515625,485.5488469162507,479.70483309637547,482.7654273125916,15360436,HDFCBANK.NS
2019-01-29,475.2813720703125,481.14845015324045,474.2188037276057,480.0512561358483,14762788,HDFCBANK.NS
2019-01-30,469.9917907714844,475.2005871960436,468.4441807430193,475.2005871960436,18514160,HDFCBANK.NS
2019-01-31,480.4439697265625,482.7076657159039,467.05821274198235,469.13710686397934,16579404,HDFCBANK.NS
2019-02-01,482.869384765625,489.00213419401825,479.6702312807808,480.44400809626404,15654188,HDFCBANK.NS
2019-02-04,486.2071228027344,488.0781501002706,481.0676344734722,483.92036178895734,7938288,HDFCBANK.NS
2019-02-05,488.3207702636719,489.46415093734964,484.382408926674,486.92327993201184,8690288,HDFCBANK.NS
2019-02-06,490.30718994140625,491.31201139380477,488.21679137829545,488.82888768788877,10875684,HDFCBANK.NS
2019-02-07,489.0598449707031,492.0049449935519,486.4266016253658,490.8615644986978,7217308,HDFCBANK.NS
2019-02-08,490.30718994140625,495.45823923333205,486.61137791399636,487.847187618108,12235644,HDFCBANK.NS
2019-02-11,494.23406982421875,494.98478176319963,488.1475622474259,488.1475622474259,7036364,HDFCBANK.NS
2019-02-12,491.93572998046875,496.16282679473517,490.8039099628277,493.8529439884282,9772388,HDFCBANK.NS
2019-02-14,487.4313659667969,494.3148267014555,486.36885391379303,494.3148267014555,7441388,HDFCBANK.NS
2019-02-15,485.2254333496094,486.94634088637395,480.0397585382585,486.7730997029639,8416524,HDFCBANK.NS
2019-02-18,482.7423095703125,489.2331017974985,481.84147797430677,486.64604473810425,7138744,HDFCBANK.NS
2019-02-19,481.39105224609375,486.9578349869339,480.03974848634573,482.6961132430093,5268636,HDFCBANK.NS
2019-02-20,487.004150390625,487.6162467597103,480.89446542409604,482.4190105910256,4892500,HDFCBANK.NS
2019-02-21,488.74798583984375,489.6834994740693,483.59699329356835,485.4679641684072,5261544,HDFCBANK.NS
2019-02-22,483.1003723144531,491.5661256556029,482.5575837539873,489.55648273188757,8890708,HDFCBANK.NS
2019-02-25,490.9423828125,491.9933905833809,483.95498855144757,483.95498855144757,8140596,HDFCBANK.NS
2019-02-26,487.5353088378906,490.8500126572805,485.3294162488394,487.67392434008633,9607428,HDFCBANK.NS
2019-02-27,483.28521728515625,490.72302844475524,482.338142802331,488.7943101890028,7030092,HDFCBANK.NS
2019-02-28,479.8896484375,486.426627169037,478.88482699596403,483.4815269915325,11645376,HDFCBANK.NS
2019-03-01,481.22943115234375,485.28323014469817,479.76263309170247,481.899274572732,9352928,HDFCBANK.NS
2019-03-05,486.71539306640625,487.6393461213329,478.14570592451446,482.511361551595,11837276,HDFCBANK.NS
2019-03-06,486.0570068359375,487.4544969747564,482.8924792083267,487.3851892236322,8458044,HDFCBANK.NS
2019-03-07,491.1964416503906,492.00490040692785,483.92031284155576,487.2927633548397,10204852,HDFCBANK.NS
2019-03-08,491.5892028808594,492.0049930269297,487.25817301266454,488.5517298240793,7053460,HDFCBANK.NS
2019-03-11,491.6468811035156,495.16945156973713,490.20320468293306,492.46690058912856,9224108,HDFCBANK.NS
2019-03-12,501.47540283203125,502.3993556700451,493.62180370891326,495.93168580394797,15097292,HDFCBANK.NS
2019-03-13,514.306884765625,516.0277359007162,501.72958618768087,502.3994295362836,57166348,HDFCBANK.NS
2019-03-14,513.8910522460938,519.1460343513185,510.6225914282,518.5339381140877,15379864,HDFCBANK.NS
2019-03-15,520.41650390625,522.0103002023125,514.6533586059842,515.3347626341961,12763088,HDFCBANK.NS
2019-03-18,522.3683471679688,529.3441807786268,519.0305783588917,522.4722805978627,14358720,HDFCBANK.NS
2019-03-19,523.823486328125,525.706017585511,519.9544340093086,524.227715674867,11957992,HDFCBANK.NS
2019-03-20,531.0419311523438,531.2729193781604,522.275939261326,524.112284377846,11711992,HDFCBANK.NS
2019-03-22,525.7638549804688,532.889864674985,524.5281017442431,531.2729470101715,30403880,HDFCBANK.NS
2019-03-25,526.9535522460938,528.4665366950876,520.4165729187234,522.0334908106147,9199260,HDFCBANK.NS
2019-03-26,533.8947143554688,534.737798910776,524.9439196652776,525.7061357756141,11786848,HDFCBANK.NS
2019-03-27,531.1459350585938,537.75222175105,526.433797184076,535.5578333145959,13885300,HDFCBANK.NS
2019-03-28,531.9197998046875,537.04772812353,528.4665364445099,530.9958467240449,19554328,HDFCBANK.NS
2019-04-01,533.9985961914062,538.6645471132363,532.3354922303275,537.1053765759231,9647076,HDFCBANK.NS
2019-04-02,530.0833740234375,535.892705580366,527.9120507767291,535.892705580366,10910496,HDFCBANK.NS
2019-04-03,529.5983276367188,534.9688046261654,528.558880477471,529.4482078267189,7659452,HDFCBANK.NS
2019-04-04,527.5655517578125,534.2757710560671,526.6531595364604,529.598259441763,9211552,HDFCBANK.NS
2019-04-05,532.5665283203125,534.4490599882165,527.1151830980486,528.4549262181253,8351180,HDFCBANK.NS
2019-04-08,528.824462890625,536.5741297501912,526.6763173378013,535.6617374657447,6398132,HDFCBANK.NS
2019-04-09,528.327880859375,531.9659458385138,523.6503687433394,530.4876435790404,10777600,HDFCBANK.NS
2019-04-10,516.801513671875,527.5770915169117,515.3347159256698,519.7234920810206,108128700,HDFCBANK.NS
2019-04-11,521.4559936523438,522.7264290743095,516.7091736606387,518.5455190373021,8793300,HDFCBANK.NS
2019-04-12,523.24609375,524.8514506873962,520.2086210496088,520.2086210496088,9170444,HDFCBANK.NS
2019-04-15,528.6859741210938,529.6329922106695,523.0383220865116,524.3433832803996,10219780,HDFCBANK.NS
2019-04-16,532.4395141601562,533.5597734147959,526.7225545730256,529.18255705004,8273776,HDFCBANK.NS
2019-04-18,529.80615234375,534.7493344993587,528.5010913495672,534.2757973302224,10614856,HDFCBANK.NS
2019-04-22,524.0430297851562,537.0476794964162,522.2644315446869,537.0476794964162,20980420,HDFCBANK.NS
2019-04-23,518.6378784179688,528.9630409071727,517.7832332550504,526.0872487538885,15282400,HDFCBANK.NS
2019-04-24,526.595458984375,527.5540376572327,519.0421545448004,519.723558598462,12354128,HDFCBANK.NS
2019-04-25,522.8303833007812,530.9958411222667,521.5599478283002,528.2470469001811,18086636,HDFCBANK.NS
2019-04-26,526.8726196289062,527.8081332882931,521.3173411267334,523.396235305987,11707568,HDFCBANK.NS
2019-04-30,535.3036499023438,535.8926811538856,526.2835484516136,527.8080932916503,12536836,HDFCBANK.NS
2019-05-02,544.1621704101562,545.0514414014978,535.3153085096759,536.7012381109954,17169300,HDFCBANK.NS
2019-05-03,546.9686279296875,549.2900711744762,544.3238236848837,546.1024219722004,12351520,HDFCBANK.NS
2019-05-06,537.8446044921875,543.2612679283291,535.2113608769498,542.3604362688052,13748092,HDFCBANK.NS
2019-05-07,536.4356079101562,544.670316817744,535.4307864221928,543.2612658749752,9924204,HDFCBANK.NS
2019-05-08,532.9475708007812,536.770437121979,528.5010475640644,536.4817018468675,12064208,HDFCBANK.NS
2019-05-09,529.1709594726562,531.27297510552,524.7129313616634,531.27297510552,9027724,HDFCBANK.NS
2019-05-10,530.4644775390625,537.0245208044392,529.2749106955378,529.2749106955378,10594200,HDFCBANK.NS
2019-05-13,528.3162841796875,534.356660411027,526.6531801526647,530.3605526337777,11071632,HDFCBANK.NS
2019-05-14,528.4779052734375,533.8137555038086,525.6252347043775,530.5106128085125,10494744,HDFCBANK.NS
2019-05-15,528.2008666992188,532.9361262429052,527.1614194823119,530.3490688928836,8956348,HDFCBANK.NS
2019-05-16,533.73291015625,535.6616843585377,526.6531437419,526.7801985421384,8050136,HDFCBANK.NS
2019-05-17,545.617431640625,547.2805359562441,533.952523652521,534.2758846828611,14758780,HDFCBANK.NS
2019-05-20,561.8442993164062,563.3110408856753,549.7520417235694,556.2197128026702,17699632,HDFCBANK.NS
2019-05-21,555.2264404296875,565.7825920843898,554.2447403757037,563.1493486146794,10325176,HDFCBANK.NS
2019-05-22,555.699951171875,560.3774629712018,553.0435864463315,557.1090019750432,11386660,HDFCBANK.NS
2019-05-23,538.6878051757812,563.5882973304052,535.6849574531115,556.4507818393553,33081996,HDFCBANK.NS
2019-05-24,548.2160034179688,551.1726079986589,540.5471481551533,545.0629798673666,13692800,HDFCBANK.NS
2019-05-27,556.300537109375,559.4303825719259,547.9618392865723,549.4978884885355,12049024,HDFCBANK.NS
2019-05-28,558.1137084960938,558.9914749834668,551.3804246503265,558.183016238656,7364840,HDFCBANK.NS
2019-05-29,558.2754516601562,561.4862220148497,556.7278417393018,556.7278417393018,7475216,HDFCBANK.NS
2019-05-30,563.5072631835938,565.4359807783953,557.3860760074838,558.0674799049717,9359200,HDFCBANK.NS
2019-05-31,560.2273559570312,569.3860172057554,544.3931006704162,567.4919248978302,19785080,HDFCBANK.NS
2019-06-03,567.5612182617188,568.1848752213266,560.1349126246915,560.6084497880723,8480860,HDFCBANK.NS
2019-06-04,566.4524536132812,569.5592340604488,563.8538359986893,567.076110562061,6442988,HDFCBANK.NS
2019-06-06,559.7654418945312,570.5410220408094,557.4555592142041,566.6604078591357,15634924,HDFCBANK.NS
2019-06-07,565.37841796875,566.9029631121371,556.4507438676329,560.296676015621,7970932,HDFCBANK.NS
2019-06-10,563.6574096679688,570.5293088045821,561.7864390333227,570.5293088045821,7077140,HDFCBANK.NS
2019-06-11,565.5516967773438,568.2080620658384,563.6922861902972,566.2677830212573,7103292,HDFCBANK.NS
2019-06-12,560.6200561523438,565.5516215654893,559.8346622483668,564.7662840551294,7308620,HDFCBANK.NS
2019-06-13,564.6968994140625,566.3831247264316,558.055987980178,562.6757524559237,11107948,HDFCBANK.NS
2019-06-14,562.4795532226562,567.9885895710208,560.1465491614841,564.2927772878935,11956920,HDFCBANK.NS
2019-06-17,559.4535522460938,563.5882194430669,558.3679187289638,562.456399553773,12810020,HDFCBANK.NS
2019-06-18,558.3562622070312,561.7633383752197,555.2956683610314,558.5295033681256,12419652,HDFCBANK.NS
2019-06-19,560.9203491210938,564.7431596096466,558.2293021260025,560.6084924207678,10744276,HDFCBANK.NS
2019-06-20,563.9417724609375,566.4170643860689,561.2107915390925,564.4066202774218,11171492,HDFCBANK.NS
2019-06-21,561.1178588867188,564.7204299200428,559.1306228711246,563.8604726996228,13250260,HDFCBANK.NS
2019-06-24,561.9893798828125,564.9295763805668,560.141621153557,560.5948364276584,6915000,HDFCBANK.NS
2019-06-25,564.4879150390625,567.462952310299,558.5146321530405,562.4309975688637,8899800,HDFCBANK.NS
2019-06-26,573.5990600585938,574.0871730653297,562.9308231434123,563.5583564776941,10533636,HDFCBANK.NS
2019-06-27,572.2974853515625,579.7815249562717,570.8680440577499,573.7966084328706,19879236,HDFCBANK.NS
2019-06-28,567.9859008789062,575.2491476932145,566.4286721107417,572.692484814578,12756844,HDFCBANK.NS
2019-07-01,577.7012939453125,578.5031451319261,569.4502446676173,570.8331556625193,8524160,HDFCBANK.NS
2019-07-02,579.8976440429688,580.4787038065389,573.4362481232456,578.2706767049724,7246828,HDFCBANK.NS
2019-07-03,578.6541748046875,581.8267952773264,577.1085784742027,580.8273610982814,7463256,HDFCBANK.NS
2019-07-04,577.2945556640625,580.5716989566844,574.5519420030873,579.8512188364064,7993964,HDFCBANK.NS
2019-07-05,574.6448364257812,579.8860067995332,571.7628027194762,577.5966653960901,7583060,HDFCBANK.NS
2019-07-08,560.0486450195312,575.156198327517,557.1317137627816,575.1445657838416,14607140,HDFCBANK.NS
2019-07-09,552.971435546875,560.3276878450141,551.5420509065266,558.712352689921,16482688,HDFCBANK.NS
2019-07-10,555.20263671875,557.3525579703036,549.9730985392955,552.8783975278814,11569148,HDFCBANK.NS
2019-07-11,559.479248046875,561.0713746867801,556.8063728153514,558.5147114218445,9097596,HDFCBANK.NS
2019-07-12,556.399658203125,562.001097964859,554.3427403401765,562.001097964859,8976272,HDFCBANK.NS
2019-07-15,556.5972290039062,558.5147265043895,552.5530751550829,556.8877589282218,8233184,HDFCBANK.NS
2019-07-16,555.7721557617188,562.0011291708336,553.633866701789,562.0011291708336,12770568,HDFCBANK.NS
2019-07-17,557.2247314453125,560.5135640529811,555.7953469944563,556.1788237756745,7759736,HDFCBANK.NS
2019-07-18,560.5833129882812,564.5577853066592,558.259073443997,558.5147624915201,10802584,HDFCBANK.NS
2019-07-19,552.1578979492188,562.6286075596316,550.1474536110699,561.3038024802423,8939228,HDFCBANK.NS
2019-07-22,533.9358520507812,546.161372982349,530.2170693180301,545.0340942688354,22171296,HDFCBANK.NS
2019-07-23,526.0914916992188,533.2966325177192,521.1060104494343,533.2966325177192,27802864,HDFCBANK.NS
2019-07-24,530.1357421875,532.9480945598887,523.1862890773264,524.5227267326771,17363740,HDFCBANK.NS
2019-07-25,531.332763671875,538.1660048653456,529.9846934601754,531.088707184081,19462008,HDFCBANK.NS
2019-07-26,529.2990112304688,533.099108325288,528.2647361218771,529.5081700635334,12829828,HDFCBANK.NS
2019-07-29,521.6289672851562,528.4273663232251,516.6899594369867,528.4273663232251,9976492,HDFCBANK.NS
2019-07-30,523.4768676757812,527.8812904006395,520.6064090514794,524.1160335703793,10394136,HDFCBANK.NS
2019-07-31,523.33740234375,526.9051329331204,519.293248017567,520.6296858271679,13891840,HDFCBANK.NS
2019-08-01,517.5487060546875,521.7882240006119,511.77175362917154,519.2491879801987,18241676,HDFCBANK.NS
2019-08-02,515.8133544921875,518.0612142609386,508.27768413550723,515.0329787459242,27825536,HDFCBANK.NS
2019-08-05,507.6371765136719,512.4707070460379,503.7354109032077,511.78354179021875,19822440,HDFCBANK.NS
2019-08-06,509.93157958984375,514.858262989048,504.7835565647628,504.7835565647628,24890940,HDFCBANK.NS
2019-08-07,508.7435607910156,512.9365022261064,504.3176781650864,510.1412079360459,18750136,HDFCBANK.NS
2019-08-08,520.192626953125,522.4871205606395,508.5106483209434,512.0047663808674,19711600,HDFCBANK.NS
2019-08-09,531.57177734375,533.2023656178105,521.741670837066,523.4188359734471,30436112,HDFCBANK.NS
2019-08-13,517.2109985351562,529.5452232805699,513.0762923761187,529.5452232805699,15440068,HDFCBANK.NS
2019-08-14,519.3307495117188,520.716738284431,513.1811245497369,520.716738284431,14254052,HDFCBANK.NS
2019-08-16,518.923095703125,520.1576954273031,513.425717549471,515.7318126628074,15247560,HDFCBANK.NS
2019-08-19,514.0662841796875,522.254144200774,512.8666029376242,521.4388500416737,8498200,HDFCBANK.NS
2019-08-20,517.269287109375,518.9464524908541,514.0663453886839,514.6253815590389,10270592,HDFCBANK.NS
2019-08-21,518.4921264648438,522.0677393053584,515.7783277096306,518.2707868568199,10472712,HDFCBANK.NS
2019-08-22,506.43743896484375,517.3274390605752,504.79519228220863,517.3274390605752,13992044,HDFCBANK.NS
2019-08-23,503.7819519042969,507.1130226369965,498.40104398570224,503.38596321476774,20099616,HDFCBANK.NS
2019-08-26,525.55029296875,527.8797050899162,504.7836066567184,511.2826437266069,25280244,HDFCBANK.NS
2019-08-27,526.4353637695312,529.4519404208985,521.8115158604874,525.5152575605598,20660832,HDFCBANK.NS
2019-08-28,523.5353393554688,525.8298328901292,518.608655795571,524.1176923469654,13662588,HDFCBANK.NS
2019-08-29,518.7484130859375,524.9795904156061,517.1993767970072,523.1859544835784,14783716,HDFCBANK.NS
2019-08-30,518.9812622070312,526.4470379915673,517.5952736359569,520.2740970593653,19233320,HDFCBANK.NS
2019-09-03,515.0213012695312,517.3623715513528,511.57376035967326,517.129430366503,11428676,HDFCBANK.NS
2019-09-04,523.5935668945312,529.7082732146208,512.2376837286505,514.1012132738207,15060704,HDFCBANK.NS
2019-09-05,520.658447265625,529.3355060795809,518.2941170752189,523.8847053043448,17296252,HDFCBANK.NS
2019-09-06,523.16259765625,525.6551138940729,517.4322784849605,518.9929730891992,12870004,HDFCBANK.NS
2019-09-09,524.0245361328125,526.6567261455742,516.2210060837434,523.1859250808683,10643404,HDFCBANK.NS
2019-09-11,524.4205322265625,529.7082860651805,522.0561449365234,529.7082860651805,15209116,HDFCBANK.NS
2019-09-12,528.9744873046875,533.1557700005759,523.6866771627766,524.2806885300841,18132300,HDFCBANK.NS
2019-09-13,525.85302734375,528.1824390193922,521.3223330087066,524.3505681870413,15371340,HDFCBANK.NS
2019-09-16,522.7549438476562,527.0643558219105,522.0212018542569,524.5602380530871,11030184,HDFCBANK.NS
2019-09-17,515.114501953125,523.7682440556035,512.0280313132598,523.6284565992211,10656556,HDFCBANK.NS
2019-09-18,509.6170654296875,518.0961016149688,507.81177128863845,516.500488657704,12959884,HDFCBANK.NS
2019-09-19,512.9598388671875,515.7551332650024,505.01652120523266,512.4240627335244,10623310,HDFCBANK.NS
2019-09-20,558.8724975585938,563.6711088712841,514.9863996486561,516.1976824753287,46150034,HDFCBANK.NS
2019-09-23,585.7306518554688,597.5873362774947,572.5694739553558,586.8022041317837,41920410,HDFCBANK.NS
2019-09-24,584.1234130859375,587.920309391531,571.8939993067331,582.3530371049728,23379048,HDFCBANK.NS
2019-09-25,577.554443359375,582.3064784127342,573.0819832688842,582.3064784127342,15608976,HDFCBANK.NS
2019-09-26,578.8588256835938,594.0000022105288,575.9936378282621,577.6009660741333,30671560,HDFCBANK.NS
2019-09-27,579.6508178710938,583.9835466293503,576.5760056251082,581.5376642042971,14873170,HDFCBANK.NS
2019-09-30,571.8472290039062,577.6940748483133,566.745840365301,572.4762156301016,18218458,HDFCBANK.NS
2019-10-01,581.7939453125,584.6823933522121,568.8889691218436,573.7341573013938,18768352,HDFCBANK.NS
2019-10-03,570.0303955078125,579.4645134828711,566.6760083277701,577.670820865362,16298876,HDFCBANK.NS
2019-10-04,554.26025390625,577.5077964268856,552.2104168966683,576.133466131315,18403632,HDFCBANK.NS
2019-10-07,552.955810546875,568.3066122849731,550.2769868504864,559.617894486953,22513220,HDFCBANK.NS
2019-10-09,572.1734619140625,572.9887560869607,554.4000375707993,557.7077911267619,17427270,HDFCBANK.NS
2019-10-10,559.315185546875,571.1485540150486,557.754433878059,569.2151873872587,11556858,HDFCBANK.NS
2019-10-11,558.499755859375,570.23996774118,553.9107694461826,565.3016264534493,17186318,HDFCBANK.NS
2019-10-14,561.1087646484375,568.3299417289361,557.8475879024058,563.2518122788907,12267802,HDFCBANK.NS
2019-10-15,569.7975463867188,570.7059944051566,562.2502166649889,562.3201104057339,8400374,HDFCBANK.NS
2019-10-16,568.8889770507812,575.3647536685824,563.764270742802,573.8040590306887,10586816,HDFCBANK.NS
2019-10-17,568.37646484375,572.9653945997602,565.1618652668644,571.8705824554944,12243614,HDFCBANK.NS
2019-10-18,572.5693969726562,574.8289149519666,568.5395033497446,570.9154919142811,11233806,HDFCBANK.NS
2019-10-22,577.3681030273438,585.6141990728054,574.2466567063789,585.6141990728054,20006228,HDFCBANK.NS
2019-10-23,578.4395141601562,582.2364666852551,574.4329373258008,580.8853964967017,10190214,HDFCBANK.NS
2019-10-24,575.8771362304688,584.2863350277048,571.3347835169793,581.4211473266541,13107494,HDFCBANK.NS
2019-10-25,572.5693969726562,580.8853853837359,568.3764559045082,577.694102722615,12993542,HDFCBANK.NS
2019-10-27,576.6226196289062,578.5793598172293,575.3647599060206,577.6708550214476,1750082,HDFCBANK.NS
2019-10-29,578.8588256835938,585.7771672764354,576.6225676329923,576.7623550875566,14232568,HDFCBANK.NS
2019-10-30,581.5842895507812,588.2696906958417,579.0918300553573,580.9087828109485,12011366,HDFCBANK.NS
2019-10-31,573.1984252929688,588.828803265403,571.684307424746,585.9402981330073,13217706,HDFCBANK.NS
2019-11-01,577.7174072265625,579.4411491028686,571.917138084156,577.2282080309179,11512260,HDFCBANK.NS
2019-11-04,576.2266235351562,582.3529883466448,572.5927750101185,580.6990831115767,9935176,HDFCBANK.NS
2019-11-05,577.461181640625,579.9303808814818,572.5927337569641,578.1600051762933,12367810,HDFCBANK.NS
2019-11-06,585.4510498046875,586.545861921883,572.1268263487713,578.835486501119,12130336,HDFCBANK.NS
2019-11-07,588.7355346679688,591.5308289185795,582.352968877237,587.4776750033567,16963034,HDFCBANK.NS
2019-11-08,584.9619140625,590.2729846512815,583.0284907813127,586.5459255532465,13251496,HDFCBANK.NS
2019-11-11,589.2247314453125,590.9717903446365,582.5859076278816,583.5409892410081,14286610,HDFCBANK.NS
2019-11-13,585.870361328125,591.6705737319026,584.0300919568745,587.9201981344958,9293496,HDFCBANK.NS
2019-11-14,593.487548828125,594.9317727677324,585.7072793063352,588.7821483737378,11055218,HDFCBANK.NS
2019-11-15,595.35107421875,598.6588275728928,592.1830514491907,598.1230514893108,9279012,HDFCBANK.NS
2019-11-18,587.9669799804688,596.0732892686855,586.4062282468794,594.931899992591,9130292,HDFCBANK.NS
2019-11-19,592.5557861328125,594.0000100773509,587.5242338875246,589.4809739253167,10570578,HDFCBANK.NS
2019-11-20,593.2313232421875,597.7037827616671,590.2729814731323,593.0682757816081,11054258,HDFCBANK.NS
2019-11-21,597.8901977539062,599.5906799764068,590.9019613905449,591.7871493706533,12019526,HDFCBANK.NS
2019-11-22,589.2247314453125,598.0299196719865,587.9435549191417,598.0299196719865,7688010,HDFCBANK.NS
2019-11-25,592.1830444335938,596.0964675524503,588.945184845304,588.945184845304,7893556,HDFCBANK.NS
2019-11-26,594.0232543945312,596.2128784749182,590.2495622362497,595.6072087316289,8716002,HDFCBANK.NS
2019-11-27,595.5840454101562,599.0082695258785,592.2296581550427,594.4659163251183,9580666,HDFCBANK.NS
2019-11-28,589.48095703125,597.7503686992535,587.9435225363611,596.422558512575,12366040,HDFCBANK.NS
2019-11-29,593.9767456054688,596.2828976173189,583.2847672291058,590.5990981914024,15567626,HDFCBANK.NS
2019-12-02,589.6906127929688,593.5108254980174,586.359542456636,593.5108254980174,8946204,HDFCBANK.NS
2019-12-03,584.86865234375,591.2046402664582,584.1232520358545,590.8319116773115,6991906,HDFCBANK.NS
2019-12-04,583.1217041015625,585.5675866460592,574.9920222837997,583.5176927584945,11395614,HDFCBANK.NS
2019-12-05,580.3030395507812,586.4294037826509,578.0435215438523,584.9618630167804,12772494,HDFCBANK.NS
2019-12-06,580.5127563476562,587.0117927333266,576.8555342061269,581.8637697393675,13774650,HDFCBANK.NS
2019-12-09,579.0684814453125,582.2830812412412,576.5527620897583,582.1200337823306,8265350,HDFCBANK.NS
2019-12-10,582.1200561523438,584.053479477632,580.0701622275852,582.8188797491653,9788900,HDFCBANK.NS
2019-12-11,581.7706298828125,584.2165124108483,578.8588649684841,582.3995597302257,11054642,HDFCBANK.NS
2019-12-12,588.68896484375,591.4143653966029,583.7506229827026,583.7506229827026,12913148,HDFCBANK.NS
2019-12-13,588.8054809570312,592.7654814988791,586.6624332143489,589.3412571103048,11775186,HDFCBANK.NS
2019-12-16,585.7772216796875,591.6706453877498,581.5143863644261,591.3212335892924,11327576,HDFCBANK.NS
2019-12-17,592.1830444335938,593.9068432529398,584.8453974121392,587.0117617163637,12427354,HDFCBANK.NS
2019-12-18,602.0831298828125,605.1812593281282,593.371151438186,597.7271406604992,17447172,HDFCBANK.NS
2019-12-19,600.4292602539062,608.2094735907406,599.171343650852,607.9765323905909,13018376,HDFCBANK.NS
2019-12-20,604.109619140625,605.4606893266727,596.3527235268623,600.4058772146014,15026044,HDFCBANK.NS
2019-12-23,606.7652587890625,607.5106592668415,600.4292694223249,605.1812472297753,10195782,HDFCBANK.NS
2019-12-24,600.59228515625,606.1595568825055,599.5673097918527,604.9948509255141,7179208,HDFCBANK.NS
2019-12-26,591.8803100585938,601.8502054281621,589.1782260886076,600.8485468302338,14949758,HDFCBANK.NS
2019-12-27,594.0001220703125,595.8636518650429,591.6707098268995,592.6024747242647,7092992,HDFCBANK.NS
2019-12-30,597.3311157226562,600.4059281123311,593.5574797503094,597.2612219903074,9334190,HDFCBANK.NS
2019-12-31,592.6490478515625,597.2379785680167,591.0417761619264,597.2379785680167,8357056,HDFCBANK.NS
2020-01-01,595.67724609375,596.3294928506378,591.9501867634335,594.5125400530261,3673698,HDFCBANK.NS
2020-01-02,599.47412109375,600.0564740382747,595.8635328376968,595.8635328376968,6137166,HDFCBANK.NS
2020-01-03,590.9252319335938,598.658868195343,588.6889737244671,597.3543747616177,10855550,HDFCBANK.NS
2020-01-06,578.1367797851562,587.8504739642061,575.8306845007339,587.011862840554,10890186,HDFCBANK.NS
2020-01-07,587.2913208007812,592.3461332836704,583.4012142757196,586.4993434976219,14724494,HDFCBANK.NS
2020-01-08,585.75390625,588.0134242921156,577.717435646002,580.9319783912775,11332110,HDFCBANK.NS
2020-01-09,592.3228759765625,594.3727698457291,588.4560294308527,589.3412173369028,9546316,HDFCBANK.NS
2020-01-10,597.5872802734375,599.5440203071881,594.0465857124096,598.2395269513544,9214580,HDFCBANK.NS
2020-01-13,599.124755859375,604.0165209733124,594.4659319413395,597.5873212182596,7451568,HDFCBANK.NS
2020-01-14,600.7553100585938,602.1762740209311,595.1647216749543,600.5223688759421,7886290,HDFCBANK.NS
2020-01-15,598.3093872070312,600.0331290940006,593.5806701446882,599.3110455988225,11787448,HDFCBANK.NS
2020-01-16,599.8933715820312,601.4540659561723,596.0265256367868,597.2844420038613,7150400,HDFCBANK.NS
2020-01-17,595.467529296875,598.6122351185539,592.5557646471724,597.1446943610231,16918814,HDFCBANK.NS
2020-01-20,584.6358032226562,607.9066050842921,583.5176741496056,607.9066050842921,22178450,HDFCBANK.NS
2020-01-21,579.720703125,582.3529498323231,576.9487258319602,582.3529498323231,14984804,HDFCBANK.NS
2020-01-22,578.090087890625,584.6823343492005,575.0851695578679,581.4444748473799,18368310,HDFCBANK.NS
2020-01-23,579.9536743164062,580.885439084355,573.501214672443,577.6941561282123,11508920,HDFCBANK.NS
2020-01-24,579.8139038085938,584.216469285912,577.2748108684818,580.4894104706909,11831756,HDFCBANK.NS
2020-01-27,565.2085571289062,575.364817135002,564.5330503346871,575.364817135002,18888552,HDFCBANK.NS
2020-01-28,569.8673095703125,572.0104140338276,565.2318025959702,567.8174725762849,13412158,HDFCBANK.NS
2020-01-29,575.7607421875,578.6259302694377,569.4247530368923,570.8457170791959,13788350,HDFCBANK.NS
2020-01-30,571.1951293945312,577.2049667543175,567.0720247294748,577.2049667543175,12111984,HDFCBANK.NS
2020-01-31,571.3115844726562,576.6692318345022,568.492973329783,573.7108332296785,11178268,HDFCBANK.NS
2020-02-03,555.7045288085938,558.1037775830681,548.6696593338028,557.6612120676856,13077010,HDFCBANK.NS
2020-02-04,572.9421997070312,574.8988830437811,558.1271166016611,558.1271166016611,20897704,HDFCBANK.NS
2020-02-05,579.8605346679688,581.4212293180981,571.7774864838223,575.3181813139211,18020682,HDFCBANK.NS
2020-02-06,577.6009521484375,581.7472595087551,576.3896125591639,579.8604701400541,11827550,HDFCBANK.NS
2020-02-07,578.7190551757812,580.9553132918676,573.7807134456975,580.4894309235501,6815448,HDFCBANK.NS
2020-02-10,577.8339233398438,579.0684661177814,571.1950996008843,579.0684661177814,9219834,HDFCBANK.NS
2020-02-11,577.9737548828125,584.6824735228149,576.7857887600557,579.231671617422,11613520,HDFCBANK.NS
2020-02-12,581.8870849609375,583.7040375931034,579.5809899584544,580.1167091920769,6297930,HDFCBANK.NS
2020-02-13,578.3463745117188,586.9651981930836,574.7124693465487,586.9651981930836,9112140,HDFCBANK.NS
2020-02-14,568.0736694335938,581.6075753387364,566.0470924519831,579.1849528372734,14688858,HDFCBANK.NS
2020-02-17,567.0487670898438,574.4329916588214,565.7908505041116,570.7059325077503,10152690,HDFCBANK.NS
2020-02-18,565.2318115234375,567.6776940789686,560.6894582060227,566.9322936266028,10529116,HDFCBANK.NS
2020-02-19,571.7307739257812,573.0352672009034,565.5345730449556,569.5411497179709,10012268,HDFCBANK.NS
2020-02-20,567.025390625,573.0352842485164,565.6277435902475,573.0352842485164,11123414,HDFCBANK.NS
2020-02-24,563.6943969726562,565.9306552798603,559.0588897598949,563.228514564523,16568084,HDFCBANK.NS
2020-02-25,559.1986083984375,563.2517621021274,558.1270562434645,560.9223503481898,13886680,HDFCBANK.NS
2020-02-26,558.7094116210938,561.2484476958087,552.3734229968032,557.8941175036563,13814786,HDFCBANK.NS
2020-02-27,558.8026123046875,560.2235763483709,550.2071049209364,556.7294584085682,20655098,HDFCBANK.NS
2020-02-28,548.6463623046875,552.0705862121758,545.1289278047099,547.6447038754537,24313056,HDFCBANK.NS
2020-03-02,549.5548095703125,559.5945969771311,543.2887147008902,559.1519746216763,14664898,HDFCBANK.NS
2020-03-03,550.579833984375,552.2336823548427,544.1506342222837,547.4118109684788,22369550,HDFCBANK.NS
2020-03-04,535.22900390625,549.7412525837075,527.8913558315098,548.9725352208427,34288870,HDFCBANK.NS
2020-03-05,536.3937377929688,542.7530444952581,532.3871601690611,537.1624551957361,19549708,HDFCBANK.NS
2020-03-06,528.7298583984375,531.5251523293091,512.936436314933,524.1176120384192,23053566,HDFCBANK.NS
2020-03-09,515.8716430664062,521.0429267212518,496.16479331610776,517.1295028928447,34420590,HDFCBANK.NS
2020-03-11,518.8998413085938,521.7882894484478,508.7435822122366,514.800053429049,35538240,HDFCBANK.NS
2020-03-12,475.8056640625,503.1529651713541,467.4896750399993,500.8235532955608,59000770,HDFCBANK.NS
2020-03-13,498.4010009765625,503.8284852954916,428.23909634655143,456.58802825644625,66342364,HDFCBANK.NS
2020-03-16,465.6494140625,483.1200023840045,463.55294346391946,482.18823767352427,31986322,HDFCBANK.NS
2020-03-17,454.2818908691406,470.5411970727661,444.7779075141395,469.60943232608736,42676838,HDFCBANK.NS
2020-03-18,408.53228759765625,462.621222819032,402.9882756681397,458.8941636221013,61181406,HDFCBANK.NS
2020-03-19,417.220947265625,428.58848837232307,370.37648104223007,394.60236407895457,67220048,HDFCBANK.NS
2020-03-20,411.3042907714844,426.09605788155034,384.1433508674439,407.6471250805587,88637464,HDFCBANK.NS
2020-03-23,359.4515075683594,390.7588059658692,356.39998398079274,370.19008963394305,50276954,HDFCBANK.NS
2020-03-24,357.65789794921875,377.3647163375854,344.1705977708533,370.4929514413145,61057272,HDFCBANK.NS
2020-03-25,399.14471435546875,404.12966132480113,351.85765452812115,358.93907213019304,47228042,HDFCBANK.NS
2020-03-26,419.806640625,436.85795439366626,391.8071183345117,405.3642854901964,57043156,HDFCBANK.NS
2020-03-27,421.3673400878906,460.59464364275357,406.2960274682874,440.2355771858335,55235936,HDFCBANK.NS
2020-03-30,387.4510498046875,413.2376253086618,385.7505679318737,409.97644900972085,39268444,HDFCBANK.NS
2020-03-31,401.5440368652344,406.9948379925167,390.4094365490034,397.77037250572664,35211092,HDFCBANK.NS
2020-04-01,386.5193176269531,402.4524718496196,382.02354140583975,402.4524718496196,29103504,HDFCBANK.NS
2020-04-03,379.1583557128906,393.2047205521955,377.36471996123026,392.738838181873,34996280,HDFCBANK.NS
2020-04-07,417.47723388671875,422.695122786483,393.8337005790682,407.18124356426796,60412638,HDFCBANK.NS
2020-04-08,414.12286376953125,440.2588542172346,403.5007226339045,409.9532107330256,56219352,HDFCBANK.NS
2020-04-09,430.9645080566406,433.68993715538386,414.6353356379403,425.3506308285837,44457146,HDFCBANK.NS
2020-04-13,417.1277770996094,441.0508543473895,412.8649703884256,435.1341424408637,34158056,HDFCBANK.NS
2020-04-15,402.19622802734375,433.50352770906346,392.7388219868248,433.50352770906346,57978752,HDFCBANK.NS
2020-04-16,409.8599853515625,414.9614026209837,398.9117504487359,402.9882208912777,53854396,HDFCBANK.NS
2020-04-17,424.0927429199219,428.61180788575837,413.35415928982513,426.2823958863792,55883462,HDFCBANK.NS
2020-04-20,440.1889343261719,447.6896573467304,435.60000447662213,443.05412220028626,66232986,HDFCBANK.NS
2020-04-21,429.3805236816406,435.13415992541616,423.02121757203196,430.94121834155237,33178006,HDFCBANK.NS
2020-04-22,432.61834716796875,434.6682409215296,422.69505860889075,428.2157816238388,38289354,HDFCBANK.NS
2020-04-23,444.8943786621094,446.5482554024853,425.14095463381267,435.60001961536125,40901222,HDFCBANK.NS
2020-04-24,437.02093505859375,446.50165799272145,431.40705839822743,434.66823486560065,33284568,HDFCBANK.NS
2020-04-27,433.1308898925781,446.03583856390827,431.54687829659736,440.3287789408924,27421072,HDFCBANK.NS
2020-04-28,433.9228820800781,439.6998068235012,429.54357611222713,439.6998068235012,29441436,HDFCBANK.NS
2020-04-29,455.213623046875,462.4814046121069,435.1806824265689,435.5999879066559,55877778,HDFCBANK.NS
2020-04-30,466.7209777832031,474.73416066697814,462.2019128631203,466.5346418862624,43793134,HDFCBANK.NS
2020-05-04,430.0094299316406,447.2470777187162,427.4470768822105,446.082371787157,26722324,HDFCBANK.NS
2020-05-05,424.6285400390625,439.79300721740964,423.0445284271206,436.99771268001086,29672858,HDFCBANK.NS
2020-05-06,440.91107177734375,442.5882368798602,421.92636582697077,428.1458838869384,33785846,HDFCBANK.NS
2020-05-07,430.94122314453125,439.4668654397009,429.24074099804096,438.1624003972234,21831730,HDFCBANK.NS
2020-05-08,432.8280029296875,439.7696615007863,431.0343672092372,438.8611852074246,20807484,HDFCBANK.NS
2020-05-11,426.65509033203125,444.45180345293176,425.81650771067046,436.5318027624707,28550784,HDFCBANK.NS
2020-05-12,420.0162353515625,423.67342893329084,405.8301118234422,419.7600057409809,49568418,HDFCBANK.NS
2020-05-13,432.1758117675781,447.2470957556799,429.5901417470769,443.05415423297035,44346966,HDFCBANK.NS
2020-05-14,416.359130859375,424.418891162578,414.63536019176115,418.3624196092152,39554890,HDFCBANK.NS
2020-05-15,413.7734680175781,415.7534682323334,407.6471030378416,414.8682802916548,24349628,HDFCBANK.NS
2020-05-18,389.780517578125,413.7035672135185,387.28802970101975,413.7035672135185,46649964,HDFCBANK.NS
2020-05-19,386.98516845703125,404.0597387757822,384.8653811091867,401.0547920628165,47460692,HDFCBANK.NS
2020-05-20,399.30780029296875,402.52240028040137,387.7073454015666,389.6873456344274,40014306,HDFCBANK.NS
2020-05-21,400.4491882324219,411.8400179452096,397.07154102642323,401.3343761156615,48478908,HDFCBANK.NS
2020-05-22,390.805419921875,405.45742634117755,388.10330782681336,396.00001979086005,42047432,HDFCBANK.NS
2020-05-26,397.1181640625,406.1329770132901,395.41768195013475,399.26121170104915,38005152,HDFCBANK.NS
2020-05-27,420.99462890625,423.8597885151024,399.33109798692743,400.6122745466723,56025754,HDFCBANK.NS
2020-05-28,440.37530517578125,442.58824640782035,425.79319284959575,428.61177546862604,75488806,HDFCBANK.NS
2020-05-29,443.35699462890625,444.9176892853015,430.21910534202704,439.7929829165703,53025166,HDFCBANK.NS
2020-06-01,460.12872314453125,463.55294710838655,450.08893556201167,454.2352999303285,39190230,HDFCBANK.NS
2020-06-02,466.3482360839844,468.2117654989054,454.3284770447843,459.6861241126822,41623594,HDFCBANK.NS
2020-06-03,476.2483215332031,487.4295000284801,473.0803266465828,475.2000860492709,50546088,HDFCBANK.NS
2020-06-04,466.6744384765625,484.0285306577172,461.73606762930575,478.9504576381199,54275882,HDFCBANK.NS
2020-06-05,481.4195251464844,485.6357832510225,467.1868247410071,467.32658376191273,35195984,HDFCBANK.NS
2020-06-08,473.2899169921875,496.93344756617995,468.8640344216865,493.83531839274775,49812664,HDFCBANK.NS
2020-06-09,459.9656677246094,478.3447332881716,456.35507928245374,475.2000272256489,61844146,HDFCBANK.NS
2020-06-10,462.0854187011719,465.8124776723893,455.7261413926541,461.22354768815916,36497730,HDFCBANK.NS
2020-06-11,451.253662109375,460.47815598594246,449.57649691465576,458.8941445191046,30897714,HDFCBANK.NS
2020-06-12,457.8459167480469,459.66286943509465,432.3388560083312,432.3388560083312,42644876,HDFCBANK.NS
2020-06-15,442.51837158203125,453.7694425427741,439.32708862200815,450.97414823552907,32009936,HDFCBANK.NS
2020-06-16,461.40997314453125,463.0638500950959,443.5200763383147,454.2353723002698,45399970,HDFCBANK.NS
2020-06-17,456.2153015136719,465.3699012714585,453.4200073507084,460.7576545284876,36957838,HDFCBANK.NS
2020-06-18,475.1767883300781,477.48291203671164,452.83772021082575,456.56477963642925,40870126,HDFCBANK.NS
2020-06-19,481.4195251464844,485.91530129283376,471.54284186645083,474.2449538663695,47877752,HDFCBANK.NS
2020-06-22,479.2764892578125,487.28964329238073,476.97036583388126,484.2614078803022,29694474,HDFCBANK.NS
2020-06-23,485.58917236328125,486.84703189849483,473.59267400330907,484.0517379354413,28830512,HDFCBANK.NS
2020-06-24,481.0235595703125,492.6706191240731,479.88217048220713,488.47767768471925,39429246,HDFCBANK.NS
2020-06-25,479.2764892578125,488.7106072723648,469.1435476866267,476.08520638993417,70646790,HDFCBANK.NS
2020-06-26,492.1814270019531,495.23297939739126,478.9270957860002,484.98356684165975,39969138,HDFCBANK.NS
2020-06-29,501.312744140625,504.36423952455726,483.12001494724564,483.12001494724564,46005956,HDFCBANK.NS
2020-06-30,496.5606994628906,502.4774395265227,492.11155707015206,500.3576520513276,35746130,HDFCBANK.NS
2020-07-01,505.29595947265625,510.6070293638422,494.4409353976547,496.56066585899566,34846718,HDFCBANK.NS
2020-07-02,507.5323181152344,517.7118375859235,505.57557783518183,507.95162366598936,36954496,HDFCBANK.NS
2020-07-03,500.3343811035156,510.51395704740577,498.49416837031265,509.2094635782726,27597254,HDFCBANK.NS
2020-07-06,513.8683471679688,521.7417720208723,512.4706998048646,516.174442568924,35558216,HDFCBANK.NS
2020-07-07,514.8699340820312,517.9214296107266,509.2327685436883,516.8499342372218,24349850,HDFCBANK.NS
2020-07-08,517.2924194335938,524.0710298957644,514.7999604111131,515.7317250453415,30056350,HDFCBANK.NS
2020-07-09,524.0942993164062,526.3072403625031,515.8482049033214,520.8564399023828,20114484,HDFCBANK.NS
2020-07-10,514.8466186523438,521.7882776487165,512.2610055058834,520.809936002207,17562978,HDFCBANK.NS
2020-07-13,503.2694091796875,518.5270561601409,499.09978489044283,517.0828322475223,29922114,HDFCBANK.NS
2020-07-14,493.29949951171875,497.9816397311006,489.1764522171121,495.046558269637,26612674,HDFCBANK.NS
2020-07-15,490.6440124511719,502.68705992705804,489.2230485234201,498.58727246401384,20974394,HDFCBANK.NS
2020-07-16,495.0233459472656,496.39767622101897,481.7689581051824,490.8769813884191,23662456,HDFCBANK.NS
2020-07-17,511.7484436035156,514.3341133890951,493.0433127841031,493.39272454591634,28405738,HDFCBANK.NS
2020-07-20,527.8681030273438,537.1158577655613,523.7217380814993,528.7765510055758,65124096,HDFCBANK.NS
2020-07-21,530.4303588867188,539.468430751152,528.3105714998238,536.7197704521928,47512422,HDFCBANK.NS
2020-07-22,524.7466430664062,533.2024202132012,520.6469119655198,530.407125742883,24718012,HDFCBANK.NS
2020-07-23,526.6334838867188,532.9228963769175,520.041236458095,524.1177075165571,20149122,HDFCBANK.NS
2020-07-24,521.3689575195312,523.1393333029866,513.0529684515155,523.1393333029866,19598440,HDFCBANK.NS
2020-07-27,502.9200439453125,513.8682801960905,500.9866206375826,512.4007392820107,37970094,HDFCBANK.NS
2020-07-28,506.2510681152344,509.86165633567697,493.6023509108289,502.68705675581344,35596450,HDFCBANK.NS
2020-07-29,495.9783935546875,507.112994331172,491.7621919408776,503.6188763178658,33592086,HDFCBANK.NS
2020-07-30,489.4793395996094,504.85345831796695,487.63907005501545,500.3576819247292,26956266,HDFCBANK.NS
2020-07-31,481.1633605957031,492.76378674190425,475.2233316206492,492.76378674190425,37726696,HDFCBANK.NS
2020-08-03,466.81414794921875,478.4378906614677,462.62120650057307,477.9720082782848,31783542,HDFCBANK.NS
2020-08-04,485.286376953125,494.3245062096364,467.28001216894444,469.60942399431303,60306168,HDFCBANK.NS
2020-08-05,478.71746826171875,491.8786456601499,475.2000335008773,488.2214234354095,33221360,HDFCBANK.NS
2020-08-06,484.8437805175781,491.505921442642,478.1118027303425,483.1200384227675,33646888,HDFCBANK.NS
2020-08-07,486.3113098144531,487.8720044096025,475.4795445056124,482.1183684045793,24836784,HDFCBANK.NS
2020-08-10,489.4793395996094,495.6988580706814,486.2880566336683,486.38121036258593,22172854,HDFCBANK.NS
2020-08-11,496.9335021972656,498.96007938089247,488.4777247720502,488.4777247720502,20136148,HDFCBANK.NS
2020-08-12,495.55902099609375,496.63057312341414,488.2446910256454,496.1646907846492,20666432,HDFCBANK.NS
2020-08-13,493.39276123046875,499.1230804280221,492.2047384038107,497.53906894928076,19892740,HDFCBANK.NS
2020-08-14,481.9320373535156,496.5840733030116,478.60102361089946,496.5840733030116,20924512,HDFCBANK.NS
2020-08-17,481.1399841308594,487.778807441307,475.29316648133,487.778807441307,19561012,HDFCBANK.NS
2020-08-18,492.20477294921875,494.60407876787144,476.13182958268015,478.9271240812086,24040824,HDFCBANK.NS
2020-08-19,496.9100341796875,498.4008916150436,492.08816390039954,496.1646338972076,17715624,HDFCBANK.NS
2020-08-20,493.369384765625,498.0048911755551,490.10820847350095,491.482538591307,19216734,HDFCBANK.NS
2020-08-21,505.7852478027344,507.2527887625489,495.9784003626129,496.35112903731255,28924302,HDFCBANK.NS
2020-08-24,520.4140014648438,523.1626623598357,505.78528149964694,505.9483289792866,36779740,HDFCBANK.NS
2020-08-25,521.6484375,525.0494013572187,515.3590258599623,521.3223426075668,27601738,HDFCBANK.NS
2020-08-26,521.0661010742188,527.262359189932,516.8964767141415,522.2541238364602,25190062,HDFCBANK.NS
2020-08-27,518.1077270507812,526.4004552606473,515.3823267984022,524.4903490845594,20645996,HDFCBANK.NS
2020-08-28,519.2258911132812,524.117655901697,510.1411850776518,518.0378683450753,38696610,HDFCBANK.NS
2020-08-31,519.8548583984375,535.2057174156104,512.7967287494497,526.2141644558503,38501166,HDFCBANK.NS
2020-09-01,525.189208984375,532.7830573562773,516.1976566572553,525.5153038893357,28877884,HDFCBANK.NS
2020-09-02,528.3805541992188,530.6400725458099,522.1144015732478,523.698413163885,19761682,HDFCBANK.NS
2020-09-03,526.8663940429688,533.8778897281048,525.5153237691262,529.8247357769847,19833362,HDFCBANK.NS
2020-09-04,521.462158203125,524.304029279035,514.5204995331633,517.1294294246478,23661370,HDFCBANK.NS
2020-09-07,517.3623657226562,521.5553070027138,512.0047185314716,520.0645061846334,17615466,HDFCBANK.NS
2020-09-08,518.2708740234375,521.2292728790193,513.8683079141333,518.9930145207112,14624918,HDFCBANK.NS
2020-09-09,510.8400573730469,517.1294698441241,508.3941747454058,512.9365281967393,15728872,HDFCBANK.NS
2020-09-10,508.0679931640625,514.7300763009547,505.01644118182367,513.86820537228,15188088,HDFCBANK.NS
2020-09-11,502.52398681640625,514.7300811188078,498.9599756164938,510.8166581712648,20794730,HDFCBANK.NS
2020-09-14,492.8802185058594,509.6753002806365,490.2712886719225,506.8800061291888,21650590,HDFCBANK.NS
2020-09-15,498.7270812988281,501.3593280856497,492.95012848793635,497.5623753639873,16505110,HDFCBANK.NS
2020-09-16,509.5122985839844,510.6071108508691,497.7254511054125,498.5873221720915,18710112,HDFCBANK.NS
2020-09-17,504.8301696777344,509.67535813094077,502.2212395476729,505.01653401639834,18318686,HDFCBANK.NS
2020-09-18,492.57745361328125,508.83670286508107,487.8719961697908,508.7435491390424,23481778,HDFCBANK.NS
2020-09-21,488.8504333496094,499.12310632138906,485.21652781988456,491.5059403264313,19842878,HDFCBANK.NS
2020-09-22,482.3746032714844,492.9734268813607,479.62588599418274,491.06332059388154,18620678,HDFCBANK.NS
2020-09-23,487.8953552246094,491.50594391211547,481.8854607448718,487.3130022104955,16079828,HDFCBANK.NS
2020-09-24,480.04522705078125,487.7788633671432,477.5294507653503,483.5859218482279,19809510,HDFCBANK.NS
2020-09-25,486.3811950683594,490.08493716770005,477.832264939084,489.17648929289015,20321544,HDFCBANK.NS
2020-09-28,491.1331481933594,493.3694062104635,485.7522411997085,488.68726586795344,16152422,HDFCBANK.NS
2020-09-29,495.0233459472656,498.4475700684675,489.64238170651424,492.90355836868895,12644446,HDFCBANK.NS
2020-09-30,502.5007019042969,506.36754823878437,490.1082425077449,493.83530138613077,18813842,HDFCBANK.NS
2020-10-01,515.70849609375,517.1294601513388,507.85838908625533,507.85838908625533,21203080,HDFCBANK.NS
2020-10-05,519.1561279296875,527.378965039592,517.5954330026384,518.0613154805885,16940126,HDFCBANK.NS
2020-10-06,533.0160522460938,534.8330050135146,524.6767457589959,528.7998505709778,19371990,HDFCBANK.NS
2020-10-07,541.4718017578125,542.6830845842645,529.9877895979016,533.3887537552557,21248778,HDFCBANK.NS
2020-10-08,555.2386474609375,560.4565074085144,541.9842595267456,549.7412125869052,35060674,HDFCBANK.NS
2020-10-09,574.689208984375,576.2964803811725,555.1687266903496,559.5247153902895,44972388,HDFCBANK.NS
2020-10-12,565.4181518554688,578.9753174994802,561.6677760146721,573.7574576839783,19220546,HDFCBANK.NS
2020-10-13,558.3367309570312,569.5179083853134,556.7294594498794,565.3017068523109,18353952,HDFCBANK.NS
2020-10-14,564.41650390625,565.7209973196525,547.6447382103152,556.9857026863531,22582918,HDFCBANK.NS
2020-10-15,544.7329711914062,566.9788547701016,542.2870887036962,565.6743613618266,28246896,HDFCBANK.NS
2020-10-16,558.7560424804688,560.6894658056045,546.4800526713536,549.7412294562637,25822848,HDFCBANK.NS
2020-10-19,560.7127685546875,575.3647468497838,555.6113223045031,575.3647468497838,42359556,HDFCBANK.NS
2020-10-20,570.2167358398438,571.8240642283002,561.8075927142334,562.5529931737565,27411978,HDFCBANK.NS
2020-10-21,580.8155517578125,582.8188687791578,569.1684920300116,573.3148566671905,35640752,HDFCBANK.NS
2020-10-22,574.57275390625,582.3529667944613,569.7741427117008,577.670826193271,21913060,HDFCBANK.NS
2020-10-23,575.7374877929688,581.6308546067371,573.5943832747879,579.3247594944286,15866230,HDFCBANK.NS
2020-10-26,564.136962890625,578.6258929585825,561.2018812651366,572.9421508966846,19571976,HDFCBANK.NS
2020-10-27,574.4795532226562,575.8306235030151,558.0571992756649,571.1717996882658,24317780,HDFCBANK.NS
2020-10-28,563.5313720703125,573.9671498044765,559.7577357874014,572.1036200973192,16571186,HDFCBANK.NS
2020-10-29,553.0955200195312,561.131990801828,549.0423661992309,559.3383550737734,23060024,HDFCBANK.NS
2020-10-30,551.3950805664062,558.732727611852,548.0406935091028,550.9291982143144,11522716,HDFCBANK.NS
2020-11-02,566.1635131835938,570.705865994571,548.5764548641692,556.4265609121364,21926080,HDFCBANK.NS
2020-11-03,581.3978881835938,582.7023815841136,570.9388515941085,571.3814171029953,28164230,HDFCBANK.NS
2020-11-04,585.8004150390625,589.2479554310528,573.0352286527191,583.2846392465076,23404822,HDFCBANK.NS
2020-11-05,591.2979125976562,594.4659356297403,583.4478056211416,589.8071116827988,21433928,HDFCBANK.NS
2020-11-06,609.2111206054688,610.3059328513875,589.5741664300999,589.9235782237172,35705724,HDFCBANK.NS
2020-11-09,624.5386352539062,627.0543545612294,612.7284716515643,612.7284716515643,26288440,HDFCBANK.NS
2020-11-10,649.2769165039062,649.905846271379,629.6632819080761,632.2023178424812,41517356,HDFCBANK.NS
2020-11-11,647.5531616210938,659.1303837292211,638.4917724940213,652.1887252116443,36116194,HDFCBANK.NS
2020-11-12,639.0508422851562,646.9010059383767,633.6000411498976,641.7064059916323,27053948,HDFCBANK.NS
2020-11-13,633.041015625,637.6998395348973,627.5435806631576,637.6998395348973,22472480,HDFCBANK.NS
2020-11-14,638.1190185546875,640.5649008404727,636.0225480240146,637.2338876047256,1835066,HDFCBANK.NS
2020-11-17,656.1720581054688,658.1054814824922,643.1972443513791,645.6198670074319,31059900,HDFCBANK.NS
2020-11-18,656.2884521484375,661.087063163395,651.7927329093654,653.6329454674019,18862776,HDFCBANK.NS
2020-11-19,640.2854614257812,651.9790982252188,637.327119576682,647.4367448510429,20266882,HDFCBANK.NS
2020-11-20,653.935791015625,656.1487322426384,635.9527431554501,639.4934377445903,20405362,HDFCBANK.NS
2020-11-23,649.7196044921875,663.2535113941707,640.7513680047175,659.2236171309135,25246636,HDFCBANK.NS
2020-11-24,670.031982421875,673.2000051944815,653.1903807294234,655.9623580026505,40154400,HDFCBANK.NS
2020-11-25,653.5399169921875,682.2382642475824,650.8377760613756,676.1352155884485,24152602,HDFCBANK.NS
2020-11-26,664.651123046875,667.1435824592155,646.1788749098687,659.2235818294623,27943126,HDFCBANK.NS
2020-11-27,671.2666625976562,673.6659683958317,659.4798716850385,667.0504608872737,17994580,HDFCBANK.NS
2020-12-01,667.749267578125,675.0635985199283,664.1153621050089,671.266645580672,17147574,HDFCBANK.NS
2020-12-02,655.4732055664062,667.0504284490065,649.8127800267889,666.6776997890113,17892150,HDFCBANK.NS
2020-12-03,641.6132202148438,667.1435985499762,640.1457361473225,665.7459513463101,37933222,HDFCBANK.NS
2020-12-04,645.526611328125,652.9108356424312,639.7962922032295,643.3835637642517,26912322,HDFCBANK.NS
2020-12-07,639.3070678710938,642.8943392913466,632.7148211096007,640.5882443598133,24316318,HDFCBANK.NS
2020-12-08,641.1939697265625,647.0174997252765,635.9993695936276,640.5882998585322,19457896,HDFCBANK.NS
2020-12-09,655.5896606445312,656.9174709203267,640.6115876636862,641.5200355541075,22069074,HDFCBANK.NS
2020-12-10,645.64306640625,653.1670780012442,640.9376658774692,651.3035485347642,19727966,HDFCBANK.NS
2020-12-11,644.2220458984375,649.9057870224467,639.6563767611608,647.5996924618158,21356384,HDFCBANK.NS
2020-12-14,639.2605590820312,646.644783892893,637.3271357099983,644.3153718471693,17222050,HDFCBANK.NS
2020-12-15,648.1821899414062,649.8826151632962,636.3953427628618,643.2904248616038,21561436,HDFCBANK.NS
2020-12-16,657.2203369140625,660.0622653011153,649.6730641163804,654.0989473068469,16832092,HDFCBANK.NS
2020-12-17,671.7092895507812,673.2000905325154,654.3318527009812,660.9007833867663,21924478,HDFCBANK.NS
2020-12-18,657.5230102539062,670.7307628385558,655.1703386268847,668.5411386517594,22995918,HDFCBANK.NS
2020-12-21,639.4935302734375,663.3466879919946,636.7214956867946,660.3883459292866,23761824,HDFCBANK.NS
2020-12-22,639.703125,645.1539833124564,626.611840669391,645.1539833124564,22851558,HDFCBANK.NS
2020-12-23,640.89111328125,643.3602557955827,634.0892418451367,637.0941604754499,15467394,HDFCBANK.NS
2020-12-24,650.88427734375,654.0988772169751,641.5200526551101,647.2970056798262,14952188,HDFCBANK.NS
2020-12-28,658.221923828125,662.0188766835374,654.0988760476331,654.5647584379803,11699194,HDFCBANK.NS
2020-12-29,664.9072875976562,668.4247221963727,661.5529573227735,662.0421565534632,14495346,HDFCBANK.NS
2020-12-30,667.3765258789062,670.824066950373,658.2918192439054,670.824066950373,16216726,HDFCBANK.NS
2020-12-31,669.1468505859375,672.7341219785199,663.9056740816035,668.5411807750526,22145750,HDFCBANK.NS
2021-01-01,663.9057006835938,672.2682665596484,661.8324899943431,670.8706194358238,8810938,HDFCBANK.NS
2021-01-04,659.689453125,669.9388655323093,651.7694526284428,669.9388655323093,15740192,HDFCBANK.NS
2021-01-05,664.6744384765625,666.5612850615263,656.4283422342761,661.1803202602692,14386824,HDFCBANK.NS
2021-01-06,661.8092041015625,670.8705931849613,658.3383464243002,668.5411814030691,22134050,HDFCBANK.NS
2021-01-07,659.805908203125,667.4230735980611,658.0821661778708,667.3764967350231,19894842,HDFCBANK.NS
2021-01-08,666.9805297851562,671.8024011097472,662.9972126337416,667.1435772462953,13768764,HDFCBANK.NS
2021-01-11,676.2048950195312,682.4710465719119,669.1468231131314,675.5293883793129,17331392,HDFCBANK.NS
2021-01-12,689.9718017578125,693.0931909419772,675.1101425268274,676.6708371189097,20388156,HDFCBANK.NS
2021-01-13,685.1500244140625,697.379438511434,681.1667067884669,695.5159087442155,16934650,HDFCBANK.NS
2021-01-14,684.2647705078125,693.2330066489362,678.3247699468085,685.3828996345541,12297166,HDFCBANK.NS
2021-01-15,683.2863159179688,685.615727517682,673.1999523171303,684.427704853668,14165236,HDFCBANK.NS
2021-01-18,690.9501953125,700.151372968801,683.4494998376483,684.8005702093648,42825632,HDFCBANK.NS
2021-01-19,700.6172485351562,704.2511540690322,683.4494931587943,695.0033996358874,17360254,HDFCBANK.NS
2021-01-20,695.0964965820312,699.2894379153008,692.3012023598515,699.2894379153008,13346052,HDFCBANK.NS
2021-01-21,687.0833129882812,696.1912788146382,683.9851839846258,695.0964666654859,26333054,HDFCBANK.NS
2021-01-22,672.5245971679688,683.868822839449,670.9405855493311,683.868822839449,15392364,HDFCBANK.NS
2021-01-25,681.5159912109375,689.9717673229738,677.9287198278455,682.5642265090312,20344718,HDFCBANK.NS
2021-01-27,656.707763671875,685.7322574652719,655.1004922770827,683.9153048861119,23556276,HDFCBANK.NS
2021-01-28,638.9343872070312,652.8410221795793,625.2141734367799,647.5299515080465,42704446,HDFCBANK.NS
2021-01-29,647.8094482421875,656.3118016621228,635.6965063836496,648.2054368904044,28704502,HDFCBANK.NS
2021-02-01,687.9918212890625,690.6706450387913,652.7012301513299,657.010642270459,26370544,HDFCBANK.NS
2021-02-02,727.0327758789062,735.3953419095049,697.6122920046123,699.2894572101152,42420206,HDFCBANK.NS
2021-02-03,733.6715698242188,736.8861126405844,718.3906055316733,735.6282530055202,20237254,HDFCBANK.NS
2021-02-04,735.6748657226562,739.8212303398263,719.0661472568776,729.5718178288212,24484684,HDFCBANK.NS
2021-02-05,744.2936401367188,753.9141221565797,721.1858866666988,721.1858866666988,27054716,HDFCBANK.NS
2021-02-08,747.8577880859375,760.1570958970046,743.4085880281806,754.7295540876615,17447580,HDFCBANK.NS
2021-02-09,750.9324951171875,758.4565068510009,739.2155420064337,750.07062409712,18421366,HDFCBANK.NS
2021-02-10,736.909423828125,752.3301185888382,730.0376590097499,749.3018832451476,19788006,HDFCBANK.NS
2021-02-11,732.5302124023438,744.3869541247504,728.7332593016877,737.0259891336575,13648618,HDFCBANK.NS
2021-02-12,737.0026245117188,741.9177064770458,732.8329998671228,733.2523053924318,9910106,HDFCBANK.NS
2021-02-15,753.1454467773438,757.0588701571608,743.8743760087222,745.4583874803633,10355244,HDFCBANK.NS
2021-02-16,757.8275756835938,764.5129763820796,749.3484823473618,755.2884826208972,13897358,HDFCBANK.NS
2021-02-17,739.1223754882812,755.5680457969456,737.4917872032456,754.7294347879077,12794426,HDFCBANK.NS
2021-02-18,724.1210327148438,748.1838130338533,721.185950864325,748.1838130338533,14720560,HDFCBANK.NS
2021-02-19,717.0396728515625,728.7333110610434,714.1978012591222,719.7883907014638,17139508,HDFCBANK.NS
2021-02-22,721.1859130859375,733.2522779153973,717.2025960503815,719.8115828343564,29451838,HDFCBANK.NS
2021-02-23,712.4039916992188,725.7048983861081,709.3757564887336,723.8646858909743,18239906,HDFCBANK.NS
2021-02-24,748.4168090820312,751.9109273171002,706.3942365231012,711.1695314443621,14314332,HDFCBANK.NS
2021-02-25,748.3934326171875,762.3000096545275,746.3435388642035,749.9541271452258,20109570,HDFCBANK.NS
2021-02-26,714.849853515625,740.2404403226598,708.6070189633014,739.3785693922811,27912846,HDFCBANK.NS
2021-03-01,726.2640380859375,732.6233438115595,717.7849448283059,728.640026799245,13536018,HDFCBANK.NS
2021-03-02,730.5966796875,739.5882318050076,722.5835260028767,734.0907973180748,16110038,HDFCBANK.NS
2021-03-03,739.285400390625,743.5482352941176,729.1058823529412,737.9576470588236,11222410,HDFCBANK.NS
2021-03-04,723.0726928710938,731.9011402745581,717.0394825766341,721.44210471644,16291438,HDFCBANK.NS
2021-03-05,712.8001098632812,720.0678643152556,708.6537449089482,713.2659922880285,17445822,HDFCBANK.NS
2021-03-08,707.9083251953125,724.4471508250812,704.6471483105694,718.3906794677011,15117050,HDFCBANK.NS
2021-03-09,727.9412841796875,729.4320851815223,716.6436354492188,719.788341796875,15066696,HDFCBANK.NS
2021-03-10,724.7965087890625,733.7647445558563,723.1193436041591,732.3670974233689,11055016,HDFCBANK.NS
2021-03-12,723.026123046875,745.4117937253521,715.1527564719762,745.4117937253521,15631204,HDFCBANK.NS
2021-03-15,712.171142578125,721.372319983862,705.9516239083291,721.372319983862,12230386,HDFCBANK.NS
2021-03-16,704.484130859375,717.6453095621886,703.4824722565825,713.2194264585876,13722366,HDFCBANK.NS
2021-03-17,696.6572265625,716.9930044366868,694.2579208590815,710.1212391245092,21064428,HDFCBANK.NS
2021-03-18,694.6306762695312,709.096347909828,690.041745885562,704.2977363182185,18065540,HDFCBANK.NS
2021-03-19,697.6588745117188,704.0414404652653,686.7339552850576,691.8353446743922,21235020,HDFCBANK.NS
2021-03-22,684.4510498046875,696.4475200354932,680.3745793379089,696.4475200354932,14015632,HDFCBANK.NS
2021-03-23,698.8934326171875,702.2943397175386,684.4277626140187,684.8470681114331,19761428,HDFCBANK.NS
2021-03-24,688.9468994140625,701.8285019700834,685.3129940326869,694.5840649453481,16368900,HDFCBANK.NS
2021-03-25,681.7490234375,696.7504713848288,675.6459751498256,694.2579549579342,23964356,HDFCBANK.NS
2021-03-26,694.7704467773438,698.357718513874,686.7106584986326,696.0283065108258,12021258,HDFCBANK.NS
2021-03-30,723.8414306640625,727.9645352211458,699.5457100566057,701.9216988192317,25607644,HDFCBANK.NS
2021-03-31,695.8651733398438,721.1858673203236,693.2329267265126,721.1858673203236,30774506,HDFCBANK.NS
2021-04-01,692.6505737304688,698.5439967458411,682.5176327661925,698.5439967458411,35763762,HDFCBANK.NS
2021-04-05,675.3430786132812,691.8353260425176,666.6776778227897,689.5059141703206,16006586,HDFCBANK.NS
2021-04-06,670.987060546875,681.4228366536412,667.4463660295091,680.1882370410952,15075734,HDFCBANK.NS
2021-04-07,674.2250366210938,678.6509197498997,662.2751976696493,670.5446108839972,25088180,HDFCBANK.NS
2021-04-08,667.5162963867188,680.6075798822934,666.4447441652386,676.9270977085577,17613592,HDFCBANK.NS
2021-04-09,662.3683471679688,667.5163707856304,659.2702176235557,664.3483475023903,28157816,HDFCBANK.NS
2021-04-12,636.884521484375,651.7694405705431,630.3388513880949,648.9741463293542,22549128,HDFCBANK.NS
2021-04-13,652.3983764648438,655.2402475957199,634.065916270059,637.3270929150924,18600682,HDFCBANK.NS
2021-04-15,666.2583618164062,669.3331740651886,648.0423726368563,654.5647257762638,34444984,HDFCBANK.NS
2021-04-16,665.5828247070312,673.1999896868467,663.1835192520597,668.5178493633546,15606526,HDFCBANK.NS
2021-04-19,658.0122680664062,660.481410495047,639.3303964800215,647.5764916470772,24069242,HDFCBANK.NS
2021-04-20,648.2288208007812,664.5347057583308,644.7579625947119,663.8824589859461,23186270,HDFCBANK.NS
2021-04-22,662.7176513671875,664.72096824602,638.7480269006979,642.9176512384666,38485312,HDFCBANK.NS
2021-04-23,658.82763671875,668.3549094755161,652.3285428266348,656.4283308776554,22713528,HDFCBANK.NS
2021-04-26,654.4715576171875,665.7458879042123,653.5164760375324,658.2917701949979,30170952,HDFCBANK.NS
2021-04-27,670.2649536132812,671.8023882068552,654.4715865158399,655.6129755923002,20592906,HDFCBANK.NS
2021-04-28,688.01513671875,689.04005522921,666.6777004956049,669.1235830445929,24103940,HDFCBANK.NS
2021-04-29,686.01171875,700.523964446024,680.6540720500849,692.3942838095647,24078552,HDFCBANK.NS
2021-04-30,657.9656372070312,677.2997538961505,655.7293792755509,673.1999666452368,35232902,HDFCBANK.NS
2021-05-03,658.9673461914062,662.4382042371565,641.6598603108004,648.9741913343149,22473700,HDFCBANK.NS
2021-05-04,646.8077392578125,662.9505738100507,644.4550675488944,656.8707864882977,21486328,HDFCBANK.NS
2021-05-05,653.4466552734375,656.7078321353601,643.7097015544721,652.701254793366,14421612,HDFCBANK.NS
2021-05-06,652.6546630859375,657.2669102027188,649.9059455621662,655.776052406065,11477044,HDFCBANK.NS
2021-05-07,659.1071166992188,663.8590943683245,657.010645926894,658.2685056421251,12048334,HDFCBANK.NS
2021-05-10,661.4830322265625,666.2117493741731,658.1985958361555,664.814102347514,11060050,HDFCBANK.NS
2021-05-11,653.8892211914062,663.5096466065934,649.9292210583383,650.3717865603421,14519034,HDFCBANK.NS
2021-05-12,652.0023803710938,656.2418985871353,647.0407217294511,652.1188509642291,13774926,HDFCBANK.NS
2021-05-14,646.1089477539062,651.7228530109861,644.0124771074226,649.6030654980458,10604142,HDFCBANK.NS
2021-05-17,670.987060546875,672.0818727050178,643.5233185186172,649.9757777493439,15120692,HDFCBANK.NS
2021-05-18,687.968505859375,690.7871170805363,677.8588806961257,679.6990933972745,22165280,HDFCBANK.NS
2021-05-19,679.349609375,688.9700911258076,676.7174196350752,684.9401974873838,10130916,HDFCBANK.NS
2021-05-20,667.5162963867188,682.9369917808087,665.5129794058325,679.4195570658875,10684184,HDFCBANK.NS
2021-05-21,697.5657348632812,699.7087825125944,672.2682979911269,672.2682979911269,19341646,HDFCBANK.NS
2021-05-24,703.4590454101562,708.3508101809515,698.1247151463558,700.3376563521917,22146102,HDFCBANK.NS
2021-05-25,689.0167236328125,705.2294532162696,685.0800402672332,703.7153354802148,19236974,HDFCBANK.NS
2021-05-26,688.1316528320312,692.7671601737984,684.8471590151202,689.5059832261073,12283990,HDFCBANK.NS
2021-05-27,690.7405395507812,693.6988813645199,681.3296811145242,686.2913399610924,20439496,HDFCBANK.NS
2021-05-28,700.430908203125,704.8801081042284,688.923635068822,694.5841178992605,17750020,HDFCBANK.NS
2021-05-31,706.2078247070312,707.9083068412123,693.0000700403444,698.8236000406835,15661054,HDFCBANK.NS
2021-06-01,704.2743530273438,711.4023760066137,702.2011992377004,708.2809868888664,11030162,HDFCBANK.NS
2021-06-02,700.6871337890625,703.575581938167,695.5624273584244,703.4824282057742,10624016,HDFCBANK.NS
2021-06-03,708.3973999023438,710.4472366588116,693.116436724301,702.5505539104325,10287260,HDFCBANK.NS
2021-06-04,699.2660522460938,708.4439681614565,698.4507581781768,706.2776039783398,9424476,HDFCBANK.NS
2021-06-07,698.7537231445312,705.3459706378511,696.9600872352875,703.4824409928369,8091668,HDFCBANK.NS
2021-06-08,690.9268798828125,699.4292332375256,690.2047394524685,697.2162919534222,9872540,HDFCBANK.NS
2021-06-09,689.6456298828125,699.7552536082195,685.8021006935529,691.3227948822273,10223442,HDFCBANK.NS
2021-06-10,689.9951171875,693.6988593363984,686.5475762237011,690.484259561094,11483540,HDFCBANK.NS
2021-06-11,692.4641723632812,697.2162061317158,689.9950301987733,694.6305365172441,7205974,HDFCBANK.NS
2021-06-14,689.2496948242188,692.3012472963337,681.3763277503531,688.690658691659,8881964,HDFCBANK.NS
2021-06-15,694.28125,696.9600738131186,687.0833896329151,692.3012497903037,7569602,HDFCBANK.NS
2021-06-16,691.6489868164062,696.0282926691292,688.6207512726651,693.2329983210603,7702098,HDFCBANK.NS
2021-06-17,683.0301513671875,688.923574895063,680.1882802007045,682.9835745028993,9283802,HDFCBANK.NS
2021-06-18,689.4127197265625,694.1646969170276,677.8588147746814,684.614108805082,11938060,HDFCBANK.NS
2021-06-21,693.55908203125,695.0033629173906,679.722397980227,680.8172102081012,7260472,HDFCBANK.NS
2021-06-22,691.2763061523438,702.5506371300067,689.5059303397944,697.4259308909948,14366824,HDFCBANK.NS
2021-06-23,692.0682983398438,697.7986745512052,688.8536984376266,694.1647691190624,7844868,HDFCBANK.NS
2021-06-24,701.7353515625,705.089682030104,693.2329979253112,694.1647627074689,14785024,HDFCBANK.NS
2021-06-25,705.8583374023438,709.0729369927518,702.0847017398665,703.9948080015744,10383176,HDFCBANK.NS
2021-06-28,702.7136840820312,709.5388723967646,701.152989466271,708.1412252416824,9356786,HDFCBANK.NS
2021-06-29,702.8073120117188,705.6848435152247,698.1751031497531,705.1233878844295,10971692,HDFCBANK.NS
2021-06-30,700.8655395507812,706.0592041820919,699.0875014782571,700.912318001838,9679022,HDFCBANK.NS
2021-07-01,695.6483764648438,702.7838314781875,693.8937563795953,702.7838314781875,16911442,HDFCBANK.NS
2021-07-02,692.67724609375,696.8181381606023,691.0863790923012,694.8295686879264,14827036,HDFCBANK.NS
2021-07-05,699.7191772460938,703.9536838673887,694.6191264593356,697.1457340681139,7373882,HDFCBANK.NS
2021-07-06,718.0841064453125,720.5639923825959,699.9764497430932,700.4443484394454,17669032,HDFCBANK.NS
2021-07-07,720.3302001953125,723.0673967428644,714.8089715271229,717.7567568039035,9629190,HDFCBANK.NS
2021-07-08,711.4165649414062,719.4878176227463,708.1412739982538,713.5455269010719,8420922,HDFCBANK.NS
2021-07-09,702.7838745117188,709.3344565644245,700.6783302804919,707.7202288337677,10695842,HDFCBANK.NS
2021-07-12,695.765380859375,702.7838615001891,694.3616847312122,702.7838615001891,14458978,HDFCBANK.NS
2021-07-13,702.7136840820312,704.7022536501623,694.408481768072,700.0232664310304,18178142,HDFCBANK.NS
2021-07-14,701.4503784179688,705.2871250803108,697.683770870483,700.6783341056623,9788494,HDFCBANK.NS
2021-07-15,711.5335693359375,714.3643794730821,701.6843354297325,704.187582188956,10438802,HDFCBANK.NS
2021-07-16,712.3056030273438,715.8616218663434,710.6445968457965,714.9258244288939,5170628,HDFCBANK.NS
2021-07-19,688.2789916992188,696.6309721194395,685.9394981856252,695.7653709427182,25111600,HDFCBANK.NS
2021-07-20,675.248046875,680.3247365462768,671.9727558462353,674.7099519255372,24174250,HDFCBANK.NS
2021-07-22,677.8448486328125,687.1092660782373,676.113646226117,681.3073105627461,13207114,HDFCBANK.NS
2021-07-23,675.0609741210938,681.9390634349863,671.5751510088148,679.1550885023515,13126684,HDFCBANK.NS
2021-07-26,671.2242431640625,675.6458639562131,668.2062616486203,669.0952807876625,13167166,HDFCBANK.NS
2021-07-27,673.6572265625,678.4064103071216,671.9493846985216,671.9493846985216,22401430,HDFCBANK.NS
2021-07-28,663.15283203125,673.1658182413217,656.9297566466004,671.4580337267465,20670342,HDFCBANK.NS
2021-07-29,663.5973510742188,669.0717431809376,661.281275286732,668.2763382138219,13702230,HDFCBANK.NS
2021-07-30,667.4341430664062,669.9140292656406,658.7780162695392,663.9483202569891,11655488,HDFCBANK.NS
2021-08-02,665.6560668945312,671.434604155067,662.6615039265599,671.434604155067,13258786,HDFCBANK.NS
2021-08-03,671.2943115234375,673.7274192851925,659.7372352838776,659.7372352838776,12033120,HDFCBANK.NS
2021-08-04,685.6119995117188,689.9166447776518,673.7741393555907,674.2420380634766,22053948,HDFCBANK.NS
2021-08-05,694.7593383789062,705.1467232671466,681.9155425555743,686.454136871017,18822408,HDFCBANK.NS
2021-08-06,698.4090576171875,701.848101893155,689.6827347936737,694.151190555678,13339270,HDFCBANK.NS
2021-08-09,703.6729125976562,705.2871403721247,690.6185265864331,698.1049062784269,10998048,HDFCBANK.NS
2021-08-10,705.4275512695312,711.0891146362193,696.7012282897388,696.7012282897388,14838346,HDFCBANK.NS
2021-08-11,699.4851684570312,710.6679592857763,697.660409142684,708.8197821888172,12585786,HDFCBANK.NS
2021-08-12,702.5031127929688,705.4040618582296,696.8415500011622,700.4443471096191,8597674,HDFCBANK.NS
2021-08-13,714.1069946289062,716.3529313032537,702.3159698799373,702.4095267761425,16658428,HDFCBANK.NS
2021-08-16,716.165771484375,718.2245372816506,711.8844867606579,714.0836450209575,6252778,HDFCBANK.NS
2021-08-17,708.7027587890625,713.0776000960025,704.3279174821225,709.8958661728431,8282666,HDFCBANK.NS
2021-08-18,707.9307250976562,732.4252103424661,705.7549847439424,728.3778752099084,22985932,HDFCBANK.NS
2021-08-20,708.7496337890625,711.1125453306043,695.3209624684945,695.3209624684945,13150406,HDFCBANK.NS
2021-08-23,713.3583374023438,717.3588940823976,705.8953760801488,715.8148055456828,10843054,HDFCBANK.NS
2021-08-24,729.3839111328125,732.0275503345746,714.6918798434089,715.8850444307441,18381314,HDFCBANK.NS
2021-08-25,728.7054443359375,732.1679061275219,724.3071851475217,726.2255583877181,7727974,HDFCBANK.NS
2021-08-26,727.4888916015625,735.0688273823142,722.1781958823681,725.2429550875793,11119002,HDFCBANK.NS
2021-08-27,724.5177612304688,729.2903625174678,723.0205081501615,726.1788245585184,6382138,HDFCBANK.NS
2021-08-30,733.7821655273438,734.6009882849862,725.9916404384651,727.8632353130765,9049166,HDFCBANK.NS
2021-08-31,739.93505859375,740.8474382651433,730.9513687618706,731.5596599538288,12062576,HDFCBANK.NS
2021-09-01,738.85888671875,747.702184301824,736.7065639444443,736.9405133137502,12422558,HDFCBANK.NS
2021-09-02,743.4911499023438,744.8948462205987,735.1859466860024,736.5194467650346,9618524,HDFCBANK.NS
2021-09-03,737.4318237304688,747.7021781113503,733.8056085362491,742.1341717446589,10735334,HDFCBANK.NS
2021-09-06,732.5889892578125,739.724444603404,730.8343690908638,739.2565458922177,7876896,HDFCBANK.NS
2021-09-07,734.2501220703125,740.2158312029533,727.6761217089012,731.0918054706792,7245496,HDFCBANK.NS
2021-09-08,737.5956420898438,739.5140156486024,732.5423124611898,735.5134582662054,6724080,HDFCBANK.NS
2021-09-09,733.9458618164062,739.0225510973258,730.3898432533427,736.4725261247671,8250948,HDFCBANK.NS
2021-09-13,727.8399047851562,741.1516010354179,726.950885759595,730.8578287988149,8959164,HDFCBANK.NS
2021-09-14,724.5645141601562,732.027475160657,723.6520774763231,729.9219311285555,9758506,HDFCBANK.NS
2021-09-15,723.7457275390625,727.4889171159565,718.2245000665279,718.2245000665279,14822998,HDFCBANK.NS
2021-09-16,729.8986206054688,731.9340258288291,718.8328610372279,719.5112913673174,10260550,HDFCBANK.NS
2021-09-17,740.2859497070312,743.4910444223593,729.5476401259087,734.133070294954,20498102,HDFCBANK.NS
2021-09-20,729.851806640625,740.0753822447209,728.9862054323227,731.7935977510607,8781610,HDFCBANK.NS
2021-09-21,726.1553955078125,733.9693384001288,715.3937249500291,730.857800489461,14774996,HDFCBANK.NS
2021-09-22,717.6162109375,725.3131787966195,715.8850085999203,724.7750838701154,10582202,HDFCBANK.NS
2021-09-23,734.6010131835938,735.5368106526174,721.4998486172622,721.4998486172622,13664304,HDFCBANK.NS
2021-09-24,749.3632202148438,752.3577263390091,736.940486313232,738.812081199107,20806702,HDFCBANK.NS
2021-09-27,760.3822631835938,765.2484217091811,752.3812058137348,755.9840034178407,16415462,HDFCBANK.NS
2021-09-28,755.6798095703125,763.6106695972712,740.2157348669626,763.6106695972712,12773790,HDFCBANK.NS
2021-09-29,745.7603759765625,751.7260847567792,741.6896798907969,747.2342683926307,16263036,HDFCBANK.NS
2021-09-30,746.2750244140625,751.6090811295566,740.7304361257566,742.0873538076034,15975348,HDFCBANK.NS
2021-10-01,740.543212890625,743.4909974009443,732.3784038274563,740.6836053402736,11128596,HDFCBANK.NS
2021-10-04,741.9703979492188,749.2696065845623,740.9644042742369,743.4910687947713,7051028,HDFCBANK.NS
2021-10-05,746.5089111328125,747.4681262541196,737.5252795042604,744.8946835659208,10257178,HDFCBANK.NS
2021-10-06,755.6096801757812,761.2010472242603,742.5552940183129,746.7663826422353,18600830,HDFCBANK.NS
2021-10-07,753.5509033203125,761.5987386153337,751.9132577682348,761.084061436561,11265724,HDFCBANK.NS
2021-10-08,749.8779296875,758.9317589146212,748.7081828334393,754.2527714983781,7245562,HDFCBANK.NS
2021-10-11,764.4530029296875,769.6934460990624,748.1701035333743,748.5912238329689,13080848,HDFCBANK.NS
2021-10-12,762.4877319335938,768.079155828651,760.3354092752614,760.3354092752614,8176946,HDFCBANK.NS
2021-10-13,767.0732421875,771.0971601191812,762.6749823994329,765.9502737348906,6225644,HDFCBANK.NS
2021-10-14,789.5322875976562,790.7488128094394,766.4180801076105,766.4180801076105,14757288,HDFCBANK.NS
2021-10-18,781.5313110351562,807.1253500121098,780.0106400858581,797.7673749395057,28856456,HDFCBANK.NS
2021-10-19,790.1405639648438,791.8951842055869,781.8587792751537,783.9409057808846,8987540,HDFCBANK.NS
2021-10-20,783.1921997070312,794.8428883458274,778.7939406602059,790.3276546281638,10908568,HDFCBANK.NS
2021-10-21,784.3386840820312,786.9822662811649,777.109614248012,782.2331397429754,9738190,HDFCBANK.NS
2021-10-22,786.4207763671875,799.1710165314034,781.7417891509615,786.1166307748242,12175554,HDFCBANK.NS
2021-10-25,775.3081665039062,790.7488240142435,755.0949649733542,790.7488240142435,16426766,HDFCBANK.NS
2021-10-26,773.3196411132812,783.1922930858217,770.3250777594776,772.0329195806469,12090656,HDFCBANK.NS
2021-10-27,768.6641235351562,779.0748711857041,766.090680295695,773.3196934581074,13249642,HDFCBANK.NS
2021-10-28,745.6433715820312,772.0328702050767,742.6254477542099,772.0328702050767,17797750,HDFCBANK.NS
2021-10-29,740.6134033203125,749.5736743338151,729.9219300628911,743.9588902564083,12406874,HDFCBANK.NS
2021-11-01,751.1177978515625,753.7847975661676,740.9410012363768,741.6194314974399,8122320,HDFCBANK.NS
2021-11-02,751.7962646484375,758.9317200932103,748.6613660865314,751.44534061017,13237722,HDFCBANK.NS
2021-11-03,739.9584350585938,753.2701884011461,737.197878202498,751.0242516160887,10207338,HDFCBANK.NS
2021-11-04,745.8071899414062,747.6320064902674,744.0057911766709,746.2985064756734,1096808,HDFCBANK.NS
2021-11-08,748.7549438476562,750.8370703527786,734.8115388253409,744.9415577689133,18943580,HDFCBANK.NS
2021-11-09,735.65380859375,746.1113342173927,734.1565554425947,746.1113342173927,12695476,HDFCBANK.NS
2021-11-10,727.6995239257812,734.1331316762905,725.2430555119505,733.6652329307989,13714126,HDFCBANK.NS
2021-11-11,724.4476318359375,727.5357520533504,718.5052836512886,725.2664546194623,7999404,HDFCBANK.NS
2021-11-12,726.6466674804688,729.4774774090271,722.9268957318046,725.2429714067782,14914092,HDFCBANK.NS
2021-11-15,728.63525390625,735.4665635341739,727.3017540284615,730.9045511883169,9533594,HDFCBANK.NS
2021-11-16,724.3072509765625,728.6118965466009,721.3126876112315,727.582542163149,8245406,HDFCBANK.NS
2021-11-17,716.2593383789062,722.4355782478812,715.1831485439678,719.1135089681062,7598878,HDFCBANK.NS
2021-11-18,720.2833251953125,722.2016985884679,713.6625466615229,714.0368884967193,9152874,HDFCBANK.NS
2021-11-22,709.0302734375,726.5062782081744,701.403559006971,723.3713798098189,15261272,HDFCBANK.NS
2021-11-23,709.1239013671875,714.8556604723817,700.1402120099383,702.7838511021728,11235214,HDFCBANK.NS
2021-11-24,710.2936401367188,718.8561520256227,708.4220453479039,713.0776145384648,30802286,HDFCBANK.NS
2021-11-25,713.989990234375,717.4290913331872,705.123332817624,708.7729654824068,10251652,HDFCBANK.NS
2021-11-26,697.122314453125,704.9829786803473,694.8295993014816,701.8480801025066,18624936,HDFCBANK.NS
2021-11-29,702.432861328125,705.4274241669192,684.0678389753331,699.4149378263186,12990996,HDFCBANK.NS
2021-11-30,698.8302612304688,715.4172505030992,695.5549696977534,699.5086916299106,25221542,HDFCBANK.NS
2021-12-01,704.0238037109375,705.1467720355122,696.7479559415331,699.508569747121,8677634,HDFCBANK.NS
2021-12-02,713.8964233398438,715.3235371851069,701.8480321217536,703.9535762181189,11203110,HDFCBANK.NS
2021-12-03,708.1881103515625,718.6689956881011,705.146768758102,713.9198695084689,8124694,HDFCBANK.NS
2021-12-06,703.6260986328125,710.6445792398034,700.6081177018816,707.9307438918171,7029532,HDFCBANK.NS
2021-12-07,713.8731079101562,716.820892914321,706.4803418484618,708.3752975369557,12427534,HDFCBANK.NS
2021-12-08,727.0210571289062,727.6059305314374,717.7566395861959,718.6924370302457,15295534,HDFCBANK.NS
2021-12-09,714.4111328125,727.4421004421224,712.1418354958904,722.9970627041388,11747744,HDFCBANK.NS
2021-12-10,712.399169921875,714.9491949236455,705.8017527309845,713.4987204148438,7779384,HDFCBANK.NS
2021-12-13,707.0650634765625,719.4643778261712,705.2168295205678,714.0133470755834,10322142,HDFCBANK.NS
2021-12-14,702.9944458007812,709.3344966351345,700.4678382738138,703.0178635846237,9191100,HDFCBANK.NS
2021-12-15,701.8480224609375,712.7734452539385,699.8126746191084,703.2517185058593,10115148,HDFCBANK.NS
2021-12-16,701.8948364257812,709.8023359689812,699.0406657466433,707.8371842532578,13210432,HDFCBANK.NS
2021-12-17,689.2382202148438,704.6554599209462,686.7349164136573,700.4443715150442,14994768,HDFCBANK.NS
2021-12-20,667.059814453125,682.1963264598411,661.6555614483385,679.3889341698829,21156668,HDFCBANK.NS
2021-12-21,674.6163940429688,678.8040647198691,669.0951663273568,673.5402041456153,9118750,HDFCBANK.NS
2021-12-22,676.2072143554688,681.2605434308314,671.7621764690725,679.5293409953787,8577484,HDFCBANK.NS
2021-12-23,675.6925659179688,682.1028129914248,672.3003000182912,679.9738508560433,9779166,HDFCBANK.NS
2021-12-24,673.259521484375,679.3889836741034,668.1594136960191,676.347641805039,5561024,HDFCBANK.NS
2021-12-27,678.8275146484375,680.3247677693998,665.4222043278841,668.5805208219992,4705098,HDFCBANK.NS
2021-12-28,683.5065307617188,686.3607017715158,680.0440685179192,683.459695192528,5450678,HDFCBANK.NS
2021-12-29,680.2545166015625,683.6000037447715,677.2365928197368,681.2839280160719,7668702,HDFCBANK.NS
2021-12-30,683.833984375,686.3372311223421,676.1136554374787,682.4302882045415,7215918,HDFCBANK.NS
2021-12-31,692.2094116210938,694.7360762558859,683.8340127004611,683.8340127004611,6325736,HDFCBANK.NS
2022-01-03,711.0422973632812,712.6097466433577,692.7240511526534,694.8295953810808,9069184,HDFCBANK.NS
2022-01-04,715.2066650390625,717.242013200678,705.4977658695926,711.2061078358669,8857352,HDFCBANK.NS
2022-01-05,732.1913452148438,735.5368326901471,714.9960662063432,719.0668195884875,14332638,HDFCBANK.NS
2022-01-06,720.4470825195312,727.4655635961949,715.9084876032401,721.967753419475,9628930,HDFCBANK.NS
2022-01-07,725.5003662109375,733.0803024514203,718.6456386996041,722.4356068198455,11179384,HDFCBANK.NS
2022-01-10,729.5243530273438,735.5368405872058,723.1375236180195,728.986258037447,8856496,HDFCBANK.NS
2022-01-11,732.6825561523438,733.9926381894911,724.2136014478044,730.6472083128816,8389198,HDFCBANK.NS
2022-01-12,728.3545532226562,737.7125276138084,726.1788127534048,733.6651922663265,21085530,HDFCBANK.NS
2022-01-13,714.94921875,727.5824837410013,711.393200027693,727.5824837410013,41963896,HDFCBANK.NS
2022-01-14,722.9736938476562,724.634699976791,710.7381313157847,715.8850170593487,11208968,HDFCBANK.NS
2022-01-17,711.9078979492188,728.0504036864833,710.8083473875251,715.8850370439071,22989372,HDFCBANK.NS
2022-01-18,715.5340576171875,725.6640754798688,712.609690862172,717.2886776701968,12341152,HDFCBANK.NS
2022-01-19,710.4808349609375,720.4471011947609,708.0945627563246,717.7566833789662,14317626,HDFCBANK.NS
2022-01-20,706.0592041015625,715.183229601881,701.8948938601593,715.1598118180823,15197846,HDFCBANK.NS
2022-01-21,711.9547119140625,715.791515854972,695.1103572609701,701.8481105455162,11537694,HDFCBANK.NS
2022-01-24,695.6016845703125,711.7909698146024,686.664829914109,706.503691119895,11868508,HDFCBANK.NS
2022-01-25,696.2567138671875,699.5085871279545,675.6457523831212,682.5004800615633,13594248,HDFCBANK.NS
2022-01-27,690.127197265625,694.8296022690124,671.4346661656787,678.4531469966787,28617838,HDFCBANK.NS
2022-01-28,684.6527709960938,695.6249726359689,683.1321002250448,691.3203274537698,24925208,HDFCBANK.NS
2022-01-31,695.1571655273438,697.8944189691098,686.3139246484154,689.0978994263672,12842546,HDFCBANK.NS
2022-02-01,700.4443969726562,709.8023715481092,689.4253590634428,705.8252323535418,14739484,HDFCBANK.NS
2022-02-02,716.446533203125,718.2245712750496,704.4683367927917,707.439482390718,13969290,HDFCBANK.NS
2022-02-03,709.0302734375,720.5405698688631,706.0591281584843,715.3001273507508,10564762,HDFCBANK.NS
2022-02-04,713.07763671875,717.2185288944974,708.4454280490403,715.1364024737923,11579958,HDFCBANK.NS
2022-02-07,686.945556640625,710.7381964956596,683.1321704303245,707.5096837189468,12268042,HDFCBANK.NS
2022-02-08,683.9977416992188,691.7648491334083,675.9031280031979,690.8056910143061,13981130,HDFCBANK.NS
2022-02-09,700.72509765625,701.7076735253208,686.4074085334615,689.6826995080589,11308342,HDFCBANK.NS
2022-02-10,713.59228515625,718.4584429859755,702.6200836537802,708.398621088093,14314530,HDFCBANK.NS
2022-02-11,710.6680297851562,713.5456186212665,701.6142000803864,701.9651241551181,10711104,HDFCBANK.NS
2022-02-14,689.5424194335938,701.5908131967175,687.483710464398,697.1691925069682,14656620,HDFCBANK.NS
2022-02-15,710.1766967773438,713.4987662506672,689.238229154205,690.6185075252026,13135066,HDFCBANK.NS
2022-02-16,709.217529296875,718.1076055341441,705.1234152402379,717.9204346111028,10032264,HDFCBANK.NS
2022-02-17,704.8894653320312,712.1418959411561,702.7839209616402,707.9775856519622,7351208,HDFCBANK.NS
2022-02-18,707.6265869140625,709.8023272905024,697.3795939695534,701.0526444546318,7796128,HDFCBANK.NS
2022-02-21,712.1885986328125,716.2125160226459,699.7659224389105,703.7196436005554,7468066,HDFCBANK.NS
2022-02-22,706.8545532226562,712.1886099012698,696.209857647376,697.0755159478297,9536196,HDFCBANK.NS
2022-02-23,702.2692260742188,713.873080486644,699.8127577039627,713.592352667638,9029562,HDFCBANK.NS
2022-02-24,664.1354370117188,690.1271759497945,658.4036778434378,678.4063475939694,23630766,HDFCBANK.NS
2022-02-25,681.3072509765625,685.8926808498369,670.4286067551512,673.7506759327907,18318654,HDFCBANK.NS
2022-02-28,667.340576171875,673.0957535053741,661.6322344054892,667.2236014871822,24880832,HDFCBANK.NS
2022-03-02,643.0098266601562,654.3095923595013,633.7220483369093,648.7415860755369,38505560,HDFCBANK.NS
2022-03-03,641.4890747070312,651.3149467484956,637.6991069143452,646.1680613934428,17527922,HDFCBANK.NS
2022-03-04,639.3836669921875,648.5076929756106,625.5338748714294,636.3423249977131,21219364,HDFCBANK.NS
2022-03-07,619.8722534179688,623.4048545200336,606.8880638056838,616.9244686053191,27054458,HDFCBANK.NS
2022-03-08,621.2760009765625,624.1769504634315,604.5252023978661,609.2977469385984,39212492,HDFCBANK.NS
2022-03-09,641.559326171875,643.2203323186494,617.0882008482499,622.3052828761213,23134694,HDFCBANK.NS
2022-03-10,651.6425170898438,667.6914658500247,645.8172009386801,667.6914658500247,22273206,HDFCBANK.NS
2022-03-11,653.5609741210938,659.2458980426811,642.284568944958,649.4434424176493,15150780,HDFCBANK.NS
2022-03-14,674.96728515625,678.4531075865442,662.0766532654897,662.0766532654897,25018126,HDFCBANK.NS
2022-03-15,666.2877197265625,678.2191360559357,660.5559609016676,675.4117439784361,18867928,HDFCBANK.NS
2022-03-16,677.5875854492188,680.7926804596888,671.9961611232817,677.0494904640341,13364108,HDFCBANK.NS
2022-03-17,692.5134887695312,697.0755010615136,688.0684511517023,688.746881415176,14823954,HDFCBANK.NS
2022-03-21,695.5314331054688,698.8769203085982,689.1212436187219,695.765382460701,12257876,HDFCBANK.NS
2022-03-22,699.1109008789062,700.912299571318,681.8220084853747,693.0984136042903,10461814,HDFCBANK.NS
2022-03-23,692.1392211914062,710.6446394736307,689.4955818487248,705.123411414872,31188256,HDFCBANK.NS
2022-03-24,675.0140380859375,687.6473023703385,671.2240702239247,685.9394607752508,20160044,HDFCBANK.NS
2022-03-25,669.5162353515625,679.3888861163086,663.9482296136653,678.9209874344103,16366462,HDFCBANK.NS
2022-03-28,670.4052734375,672.8383238063171,655.8067998749772,669.5162544931684,15754886,HDFCBANK.NS
2022-03-29,679.29541015625,683.2491316427125,669.0951948290217,674.2420809430911,12377448,HDFCBANK.NS
2022-03-30,691.06298828125,693.7768236906089,680.3481533388308,688.7469124751822,20109742,HDFCBANK.NS
2022-03-31,687.9747924804688,694.6891269176839,685.892666262322,688.278938036831,14295714,HDFCBANK.NS
2022-04-01,704.6554565429688,706.5270513810643,687.9514954595828,690.8056661643701,14568556,HDFCBANK.NS
2022-04-04,775.214599609375,805.7683508673401,731.1151465312183,739.2799561112737,97450970,HDFCBANK.NS
2022-04-05,752.4981689453125,779.8468281909389,749.5738017412657,779.8468281909389,30922582,HDFCBANK.NS
2022-04-06,725.640625,743.8653120659286,724.0029796909878,742.8826791872928,27027860,HDFCBANK.NS
2022-04-07,709.6853637695312,721.1956605372436,708.2582498667109,721.1722998718208,40781732,HDFCBANK.NS
2022-04-08,708.7027587890625,713.8964227995248,700.5847279803062,707.509594288743,41256322,HDFCBANK.NS
2022-04-11,700.0466918945312,706.5270778408221,698.6897741627865,704.6554829326345,20799066,HDFCBANK.NS
2022-04-12,698.8067016601562,705.0531378211556,692.5602654991568,694.3616640533457,27435402,HDFCBANK.NS
2022-04-13,685.4482421875,702.9243059694253,684.3721093462098,697.1691285715119,28892520,HDFCBANK.NS
2022-04-18,652.9292602539062,669.8672285581865,650.4026528038955,663.8781019646151,45620376,HDFCBANK.NS
2022-04-19,628.013671875,650.1687231151512,620.901633806875,646.1213875528598,74096022,HDFCBANK.NS
2022-04-20,633.6752319335938,636.29545322895,624.8085173031893,633.7453710453256,49325736,HDFCBANK.NS
2022-04-21,643.056640625,645.6067231021995,633.2074061310639,638.6817987018899,52446270,HDFCBANK.NS
2022-04-22,634.2835083007812,643.524508237747,631.2655843325418,636.3422741404268,20659148,HDFCBANK.NS
2022-04-25,639.03271484375,641.3254301314081,618.6791193133066,631.663309565486,20935488,HDFCBANK.NS
2022-04-26,641.9804077148438,646.6125589606428,635.0087059489563,641.956989934193,17016842,HDFCBANK.NS
2022-04-27,642.2144165039062,645.2323404272349,634.5174482238076,636.3422646708045,18054334,HDFCBANK.NS
2022-04-28,641.6528930664062,645.2323296688057,637.3248299413617,641.9570386552584,20773722,HDFCBANK.NS
2022-04-29,647.8525390625,657.2807094431166,641.7464951987836,645.8639695553754,28401476,HDFCBANK.NS
2022-05-02,656.7894897460938,658.0762113815073,637.3015513975251,637.3015513975251,19494316,HDFCBANK.NS
2022-05-04,634.470703125,656.7426721358721,631.6633106332964,655.0582480641592,29055916,HDFCBANK.NS
2022-05-05,633.0435791015625,643.3607691923194,630.0256550672423,643.3607691923194,17862912,HDFCBANK.NS
2022-05-06,616.5032958984375,624.6447444402929,614.3509733708648,622.3052510154229,26731268,HDFCBANK.NS
2022-05-09,617.55615234375,620.6676904474025,606.162829230765,608.2683736009221,32762434,HDFCBANK.NS
2022-05-10,627.4755859375,633.0669526579659,615.3102195153957,615.3102195153957,20113812,HDFCBANK.NS
2022-05-11,631.0081787109375,634.002741829974,621.6736224435258,633.0669444250589,17102924,HDFCBANK.NS
2022-05-12,616.784423828125,628.0262253837076,612.0273436365588,625.328158341983,22382290,HDFCBANK.NS
2022-05-13,611.2462768554688,623.8607721581939,609.1872638600877,620.0977504004504,16768238,HDFCBANK.NS
2022-05-16,617.7547607421875,621.0208116277611,608.382682552167,614.8674041954738,9804356,HDFCBANK.NS
2022-05-17,621.9674682617188,623.3874853125446,614.4886886817793,621.3047820818717,16641444,HDFCBANK.NS
2022-05-18,621.920166015625,631.1029547972003,620.0741322337622,626.7245687489848,15732384,HDFCBANK.NS
2022-05-19,609.2109375,613.636645262878,605.0692215597546,608.8085531555822,20537506,HDFCBANK.NS
2022-05-20,625.2571411132812,626.7954928932373,611.7196570057959,616.7607290100877,13919350,HDFCBANK.NS
2022-05-23,617.2340087890625,629.5171317872963,614.9146363103386,621.9673984270154,19486320,HDFCBANK.NS
2022-05-24,624.3104858398438,627.1742100621962,613.8733949747416,615.3407344006453,12870796,HDFCBANK.NS
2022-05-25,628.9728393554688,632.3571667282956,626.3220949288518,629.5408230008094,12887112,HDFCBANK.NS
2022-05-26,646.912353515625,648.9477342187919,634.2742260052379,635.2919163568214,26992428,HDFCBANK.NS
2022-05-27,658.9115600585938,660.1658621498103,648.8294165218157,649.326445570491,24031718,HDFCBANK.NS
2022-05-30,663.4082641601562,672.3780146327596,661.9408671117387,667.5262901343535,12624674,HDFCBANK.NS
2022-05-31,657.4441528320312,664.9466218858126,653.2077920753914,660.7338934097787,13485388,HDFCBANK.NS
2022-06-01,660.2368774414062,662.887564224445,652.8054784242131,653.2078050088518,12091896,HDFCBANK.NS
2022-06-02,655.6218872070312,656.9945819675592,652.5451834730333,656.6395776905593,11475020,HDFCBANK.NS
2022-06-03,653.3497924804688,663.0295511428869,651.4564366321221,661.8698937980286,6957244,HDFCBANK.NS
2022-06-06,652.47412109375,656.5211926538722,644.0487215665758,651.4564884687982,6173266,HDFCBANK.NS
2022-06-07,644.9716796875,650.5097803969437,640.9482983756177,644.6876878569063,10253966,HDFCBANK.NS
2022-06-08,647.2437133789062,653.6811117575384,642.3209765785515,650.036424833201,5986588,HDFCBANK.NS
2022-06-09,652.1190795898438,654.1781503456399,642.3919983690421,644.806015573734,7311816,HDFCBANK.NS
2022-06-10,639.5282592773438,647.5040092218784,635.9782170663667,643.7883099305161,9155430,HDFCBANK.NS
2022-06-13,627.9314575195312,629.5408215518057,619.2693891545304,626.5114406288128,10892572,HDFCBANK.NS
2022-06-14,621.0206909179688,627.647436095447,617.7073183292296,620.6656867120324,11870356,HDFCBANK.NS
2022-06-15,618.8670043945312,622.8194309622124,614.5833214454613,616.1216730760376,11810470,HDFCBANK.NS
2022-06-16,606.4892578125,625.0678127660508,604.9272160672077,620.0740634178733,12169192,HDFCBANK.NS
2022-06-17,610.489013671875,614.867399697434,601.8978987250547,603.5072629824699,14723922,HDFCBANK.NS
2022-06-20,625.8251342773438,627.174138793338,612.5716430424657,617.5653345357969,15936840,HDFCBANK.NS
2022-06-21,632.6412353515625,640.9009774209887,626.7244981154012,632.8068924380476,13220684,HDFCBANK.NS
2022-06-22,629.6591796875,632.8305277490141,626.3221167580701,630.6058576498191,8159698,HDFCBANK.NS
2022-06-23,631.978515625,638.0609096242678,624.0974104893153,629.7774779340417,15372244,HDFCBANK.NS
2022-06-24,640.806396484375,644.5220962821917,633.5879763381755,633.5879763381755,8013432,HDFCBANK.NS
2022-06-27,641.9660034179688,651.3144484447005,639.9543127160139,648.4744145125288,9804164,HDFCBANK.NS
2022-06-28,637.0670166015625,639.4810341157448,633.5169738511049,636.1676608819845,9770574,HDFCBANK.NS
2022-06-29,636.1438598632812,639.362587841217,630.1324782999224,630.1324782999224,9994046,HDFCBANK.NS
2022-06-30,638.06103515625,640.9010694373609,632.3809665940282,632.3809665940282,12475822,HDFCBANK.NS
2022-07-01,640.7826538085938,643.7410224780701,629.5645429261943,636.1439086225995,11472452,HDFCBANK.NS
2022-07-04,641.6819458007812,643.8356033101861,635.3391924463452,640.7589001990658,8487480,HDFCBANK.NS
2022-07-05,640.2383422851562,652.9001609789714,638.203019182199,645.6344186304245,14325718,HDFCBANK.NS
2022-07-06,649.0661010742188,650.0837914761512,637.6349527152158,638.0609693695875,15049078,HDFCBANK.NS
2022-07-07,660.6866455078125,661.7279682683665,650.5808109266956,653.2078656726364,17743142,HDFCBANK.NS
2022-07-08,661.3019409179688,667.4080259025676,660.1896057642597,667.4080259025676,12474030,HDFCBANK.NS
2022-07-11,665.5856323242188,667.3606535366644,659.4795477972783,659.8345520397675,7462880,HDFCBANK.NS
2022-07-12,658.793212890625,665.1595990343833,657.6571877869562,665.1595990343833,9876974,HDFCBANK.NS
2022-07-13,642.723388671875,659.9292508118748,641.019379724398,657.9412500032589,15945610,HDFCBANK.NS
2022-07-14,639.504638671875,649.728748870004,638.6526054134325,644.6876772822643,10372410,HDFCBANK.NS
2022-07-15,644.71142578125,646.0604304121975,637.4930058328619,640.4276846012615,13595646,HDFCBANK.NS
2022-07-18,637.8479614257812,646.6283647787831,635.2445970528642,638.0609408531288,20332220,HDFCBANK.NS
2022-07-19,638.0846557617188,643.0547152126437,632.8542367511087,632.8542367511087,15792538,HDFCBANK.NS
2022-07-20,646.1314086914062,648.9950749004665,641.492663496681,643.6937013470418,20347862,HDFCBANK.NS
2022-07-21,644.0960083007812,648.2377243196178,642.8416484646634,644.0013636183196,12640278,HDFCBANK.NS
2022-07-22,659.1244506835938,661.254475838406,644.8769606486418,646.5809692163656,12729592,HDFCBANK.NS
2022-07-25,661.065185546875,664.8518972587639,654.7698119942409,660.3078547606243,10143126,HDFCBANK.NS
2022-07-26,659.7162475585938,663.6212944051289,656.189895033676,660.7812603349215,8527964,HDFCBANK.NS
2022-07-27,664.7572631835938,665.5145939819267,655.219471350983,657.4205091247603,9212778,HDFCBANK.NS
2022-07-28,670.6503295898438,674.0347148899765,667.8813080826944,669.7983540849104,17420406,HDFCBANK.NS
2022-07-29,678.86279296875,680.9454961932345,669.9167317996424,680.6615043400415,20019736,HDFCBANK.NS
2022-08-01,684.5192260742188,685.6078711371147,676.898479511382,681.1348405708483,13193036,HDFCBANK.NS
2022-08-02,676.9931030273438,683.7855061039321,673.5850853482716,682.5548362631915,15036510,HDFCBANK.NS
2022-08-03,678.5787963867188,679.5964868191563,670.7213803397141,674.4844023747412,10975498,HDFCBANK.NS
2022-08-04,677.7741088867188,684.7794912450086,668.8043003902649,681.6081431357295,12012206,HDFCBANK.NS
2022-08-05,675.4783935546875,680.164403086726,672.6856821032446,678.2947372860145,9268982,HDFCBANK.NS
2022-08-08,692.0452270507812,693.2048843527748,675.5019962689638,675.9280128752218,15357736,HDFCBANK.NS
2022-08-10,694.0570068359375,696.5183465521361,685.8919089915445,691.7139440904666,17353102,HDFCBANK.NS
2022-08-11,703.23974609375,705.748465966316,697.9620623413853,703.6184404151097,18301766,HDFCBANK.NS
2022-08-12,702.9794311523438,704.9437995689399,698.6246776607533,702.9084187458374,8850370,HDFCBANK.NS
2022-08-16,711.0261840820312,714.0318751491698,704.3521157975206,707.5471540191029,12563756,HDFCBANK.NS
2022-08-17,714.6945190429688,716.0435235450822,703.2633714143817,710.0084517055847,12384350,HDFCBANK.NS
2022-08-18,715.5465698242188,716.5879503313682,709.8428693302802,710.008526430319,8342138,HDFCBANK.NS
2022-08-19,706.7188110351562,715.6885618964038,705.2751039852128,714.7418839044774,8063702,HDFCBANK.NS
2022-08-22,695.9739990234375,704.494101169479,694.7196390958088,702.8137823590608,8234066,HDFCBANK.NS
2022-08-23,693.8203125,698.6246570090722,686.5308805205054,687.903575143371,14966884,HDFCBANK.NS
2022-08-24,697.1573486328125,698.4117085642,690.696259596575,691.9743095906954,13455520,HDFCBANK.NS
2022-08-25,693.3706665039062,703.7604928802608,689.654966674725,700.4944420172992,11823040,HDFCBANK.NS
2022-08-26,693.4889526367188,701.3937485514476,691.642918993121,696.778693332773,7706176,HDFCBANK.NS
2022-08-29,681.3240966796875,684.4481221958239,676.2120129037309,680.1880716427379,8653178,HDFCBANK.NS
2022-08-30,703.4290771484375,705.251420744394,683.0755001251575,684.6611742208433,10135400,HDFCBANK.NS
2022-09-01,696.8259887695312,705.014718429371,690.6015696459982,693.3232687724303,22403136,HDFCBANK.NS
2022-09-02,703.1450805664062,705.5117755531663,693.5362758079048,696.8260165078848,12038086,HDFCBANK.NS
2022-09-05,707.6654663085938,709.5351321703702,702.482369800808,703.4290477623429,12131932,HDFCBANK.NS
2022-09-06,704.9674682617188,713.1562565405578,703.594773527377,709.48787908154,12238696,HDFCBANK.NS
2022-09-07,701.63037109375,705.2750580128373,696.4236424775478,696.4236424775478,9776206,HDFCBANK.NS
2022-09-08,708.8724975585938,710.0085227511238,701.5594328865137,705.3224549448381,11164690,HDFCBANK.NS
2022-09-09,709.3457641601562,714.2685009714878,707.1921065293857,708.2097390835974,15128888,HDFCBANK.NS
2022-09-12,706.9554443359375,711.9018134782359,705.2750678740501,710.0084575913257,11080492,HDFCBANK.NS
2022-09-13,716.2091674804688,717.534539678244,709.3221202937293,709.4877773732925,13001966,HDFCBANK.NS
2022-09-14,723.5696411132812,728.4213656433966,706.3874130797399,707.1921240116534,20219760,HDFCBANK.NS
2022-09-15,719.8065795898438,729.3916941454547,715.6885534856144,724.2086553128241,13539372,HDFCBANK.NS
2022-09-16,706.5767211914062,716.9664880842785,701.9616664055304,711.4757677925938,20560046,HDFCBANK.NS
2022-09-19,711.2391357421875,716.6352116395905,700.5416864112245,704.8017372069685,12076038,HDFCBANK.NS
2022-09-20,719.8065795898438,721.3686213704209,714.694553161901,716.6352314664156,10781668,HDFCBANK.NS
2022-09-21,718.6942138671875,720.1852431794865,712.3751501709676,713.7951670816074,9072304,HDFCBANK.NS
2022-09-22,703.3817138671875,714.812861621089,701.8433622049612,710.955137435071,12048144,HDFCBANK.NS
2022-09-23,684.5192260742188,698.1750450604594,680.1881625436476,696.9206851182904,15806252,HDFCBANK.NS
2022-09-26,675.2891235351562,679.9278112565614,671.1947294615087,674.6737596977232,8923486,HDFCBANK.NS
2022-09-27,669.2303466796875,681.6081733278456,665.9879860224158,678.0108084136324,12639700,HDFCBANK.NS
2022-09-28,657.728271484375,667.6920233859096,656.0005724707542,665.5146754065687,11816132,HDFCBANK.NS
2022-09-29,654.3201293945312,663.7158966193714,652.6398106789119,660.9232428535685,14410388,HDFCBANK.NS
2022-09-30,672.7803955078125,677.5611079896381,646.1077536442672,652.6398551450152,15781756,HDFCBANK.NS
2022-10-03,668.922607421875,671.1236451823496,663.1952174570123,667.3842557736752,11541112,HDFCBANK.NS
2022-10-04,687.7615966796875,690.1282917818199,675.0524555373647,676.638129699665,11538526,HDFCBANK.NS
2022-10-06,680.1881103515625,692.3055766138067,678.8627381029233,691.051216767887,12549198,HDFCBANK.NS
2022-10-07,677.25341796875,679.2177284598232,672.3069910888432,676.9930584243101,13297994,HDFCBANK.NS
2022-10-10,669.7745971679688,674.9813254851756,661.8224798985273,666.4612246024735,13109302,HDFCBANK.NS
2022-10-11,662.982177734375,670.7212576122362,662.4141363552453,663.1951571386545,14521620,HDFCBANK.NS
2022-10-12,667.3132934570312,669.7036205529012,661.3965564168059,664.1892100752841,9225050,HDFCBANK.NS
2022-10-13,659.645263671875,665.6330139849169,655.1012205192,663.6450131620727,14714234,HDFCBANK.NS
2022-10-14,681.134765625,684.9214773171474,669.8929652889377,670.7213084715949,12849920,HDFCBANK.NS
2022-10-17,684.7085571289062,689.9389184377674,675.4547565184473,679.2414685381723,18410500,HDFCBANK.NS
2022-10-18,683.4304809570312,692.4476117206183,681.6081374235195,690.1519292027847,10561108,HDFCBANK.NS
2022-10-19,690.4359130859375,699.3110189397639,687.9508834468661,692.9682650667686,12967040,HDFCBANK.NS
2022-10-20,685.7734985351562,687.7141766872251,682.7914400176263,683.5014484474541,7898078,HDFCBANK.NS
2022-10-21,680.9454345703125,689.9625651125049,678.768086852019,687.2881883606218,10492606,HDFCBANK.NS
2022-10-24,691.572021484375,692.4950094920829,688.3769829921866,688.3769829921866,2167794,HDFCBANK.NS
2022-10-25,686.7675170898438,694.7669571686256,683.9748056352751,691.5955514291327,13773394,HDFCBANK.NS
2022-10-27,688.4241943359375,694.5539107499477,686.9331650572058,693.204906271337,15937276,HDFCBANK.NS
2022-10-28,690.4595336914062,694.3882702618566,685.1108379889911,686.3415077571179,10474278,HDFCBANK.NS
2022-10-31,708.4464111328125,709.061774904196,694.5066016209489,696.7549617216131,12830528,HDFCBANK.NS
2022-11-01,716.2802124023438,723.7353013468916,709.4878095867721,711.6651573414332,19073756,HDFCBANK.NS
2022-11-02,716.7298583984375,723.3802941610854,715.4991886100082,718.0552306509842,12720406,HDFCBANK.NS
2022-11-03,713.582275390625,719.5936579391653,708.5885255286502,708.9198397362794,10332352,HDFCBANK.NS
2022-11-04,708.6594848632812,717.6292356675809,705.0857523541924,711.5231511022943,10818060,HDFCBANK.NS
2022-11-07,714.1738891601562,715.6885508115232,706.2690933816195,714.7418728342593,9835834,HDFCBANK.NS
2022-11-09,713.9608764648438,718.5049193556288,711.9018633497144,717.1322824659693,9269790,HDFCBANK.NS
2022-11-10,721.7236328125,722.7886455515248,707.6654877696277,708.6357980412447,12774182,HDFCBANK.NS
2022-11-11,762.6200561523438,774.8558563783679,727.9953006169394,731.3086732465354,56722338,HDFCBANK.NS
2022-11-14,764.4661254882812,770.5958420285266,756.3956729493768,763.0224185196467,19195390,HDFCBANK.NS
2022-11-15,766.3358154296875,768.3001837702703,759.8274043968535,768.3001837702703,11030202,HDFCBANK.NS
2022-11-16,772.915283203125,777.2226566503574,763.022486309608,766.170202291269,13578150,HDFCBANK.NS
2022-11-17,765.9335327148438,772.2762870225876,763.9218419167568,765.9098426520217,12100930,HDFCBANK.NS
2022-11-18,763.921875,768.2292486333745,759.8274808186842,767.2825705697473,10459232,HDFCBANK.NS
2022-11-21,756.0880737304688,763.0225019450933,752.7036881737774,760.9634887596205,8344816,HDFCBANK.NS
2022-11-22,754.9757080078125,759.4014161193165,753.0823520002695,757.3424030172414,8546314,HDFCBANK.NS
2022-11-23,756.9400634765625,759.7090850341104,754.5023561024125,759.7090850341104,10185738,HDFCBANK.NS
2022-11-24,769.246826171875,772.489186507646,756.9400131515326,760.1586834269335,17197960,HDFCBANK.NS
2022-11-25,765.69677734375,772.3471550385603,764.0164009297646,771.4004771220918,8410496,HDFCBANK.NS
2022-11-28,757.460693359375,760.8687108608916,754.5260148319932,758.7150531969597,16105980,HDFCBANK.NS
2022-11-29,756.3247680664062,763.1881840970266,753.9580728834337,756.0407762005783,12638236,HDFCBANK.NS
2022-11-30,761.3421020507812,763.448495298528,755.9697158820187,755.9697158820187,15184806,HDFCBANK.NS
2022-12-01,766.5724487304688,774.8558805629993,764.4424234021038,767.755796135116,20446366,HDFCBANK.NS
2022-12-02,760.7030639648438,766.1464622403034,759.7800760651729,762.075758564348,7811078,HDFCBANK.NS
2022-12-05,763.4721069335938,764.2531278294877,755.5436787874839,762.052089952201,11592622,HDFCBANK.NS
2022-12-06,762.6200561523438,763.8270357990309,757.3423153362178,757.8156542833029,12353092,HDFCBANK.NS
2022-12-07,762.2887573242188,766.1464816690436,759.4487233693498,764.0401462647712,11674720,HDFCBANK.NS
2022-12-08,766.5724487304688,769.6491519825515,759.7090337835149,762.0757285928094,14803634,HDFCBANK.NS
2022-12-09,772.03955078125,773.8382042003839,766.8091320460886,769.6491658684815,11963384,HDFCBANK.NS
2022-12-12,778.0509643554688,782.7133418481023,767.4718494913106,769.175858298182,14434808,HDFCBANK.NS
2022-12-13,780.2047119140625,784.322738181516,778.6426700715715,781.0093651173817,17031702,HDFCBANK.NS
2022-12-14,786.8076782226562,788.3460298269417,781.0092760218877,782.4292928873821,14227640,HDFCBANK.NS
2022-12-15,772.3945922851562,790.1921268749417,770.146232067255,784.3464018645261,18182648,HDFCBANK.NS
2022-12-16,776.1102905273438,778.6899649239426,761.6024388526127,766.8328578314446,14647958,HDFCBANK.NS
2022-12-19,778.5243530273438,779.4237087213362,769.7438910954138,778.1693487623974,9604542,HDFCBANK.NS
2022-12-20,773.1519165039062,774.5719334714851,766.9038071781762,766.9038071781762,7174698,HDFCBANK.NS
2022-12-21,765.6731567382812,778.5480122385196,760.4427954437242,776.7493009218134,9269198,HDFCBANK.NS
2022-12-22,763.046142578125,770.3592068674686,761.6024355451656,767.850487106121,9747096,HDFCBANK.NS
2022-12-23,756.2301025390625,759.3068061921712,750.4553317833038,751.1890303820713,10693152,HDFCBANK.NS
2022-12-26,771.2821655273438,775.8025758263841,752.6089661769071,757.105686415071,9907322,HDFCBANK.NS
2022-12-27,772.063232421875,774.3589150189524,763.732477566371,772.9625880792587,7926772,HDFCBANK.NS
2022-12-28,771.4478149414062,772.9624764124482,768.2764094267546,768.2764094267546,8691870,HDFCBANK.NS
2022-12-29,776.891357421875,777.9326801546684,762.5491619891518,766.856535519368,11012896,HDFCBANK.NS
2022-12-30,770.6668701171875,778.6426203561981,766.8091458826996,778.6426203561981,7122640,HDFCBANK.NS
2023-01-02,770.9271850585938,776.1576039774972,766.1228405647803,770.1225318929031,4381378,HDFCBANK.NS
2023-01-03,775.96826171875,777.6959605884185,767.85048648393,767.85048648393,8378030,HDFCBANK.NS
2023-01-04,762.0994873046875,778.9976666530196,760.6557802287117,773.9092723546631,10351600,HDFCBANK.NS
2023-01-05,757.2003784179688,765.8861953295342,752.3250213655542,764.4424882611195,10941436,HDFCBANK.NS
2023-01-06,754.6917114257812,761.649771597572,747.0235849749788,758.2890762614053,9092462,HDFCBANK.NS
2023-01-09,756.1591186523438,762.809555296411,752.6090758417694,755.4491100902288,10729340,HDFCBANK.NS
2023-01-10,742.3375244140625,757.3423465426853,740.775482712064,757.3423465426853,16371766,HDFCBANK.NS
2023-01-11,753.0350341796875,756.3957295571362,738.4088473774297,742.17186935277,15195798,HDFCBANK.NS
2023-01-12,757.0584106445312,759.1884361515325,749.8399908708047,751.5676897826115,9250070,HDFCBANK.NS
2023-01-13,757.6500854492188,762.0284712196939,750.7156575106625,756.750729788885,9244546,HDFCBANK.NS
2023-01-16,750.3843994140625,767.4246047675382,748.0177042260798,764.4425457184223,14748094,HDFCBANK.NS
2023-01-17,761.5551147460938,762.5491150718101,746.6922588614403,752.5143515673539,10786354,HDFCBANK.NS
2023-01-18,774.9979248046875,777.033247723356,757.2003331678316,759.709052840869,19090642,HDFCBANK.NS
2023-01-19,778.2166137695312,781.0093253374716,772.9625625915704,774.8559185317824,11172162,HDFCBANK.NS
2023-01-20,786.1923828125,790.002784845069,777.8853180956044,778.2166322807672,18843404,HDFCBANK.NS
2023-01-23,791.9434814453125,796.4402020140254,786.4054381729433,788.701120801895,15444400,HDFCBANK.NS
2023-01-24,802.5463256835938,805.812376548019,792.8428755647417,792.8665656285084,24983940,HDFCBANK.NS
2023-01-25,780.370361328125,801.3392445591735,778.7846872191718,800.6056037705797,14704142,HDFCBANK.NS
2023-01-27,764.8211059570312,774.8558686823252,752.5852477560804,772.4891739093187,35179948,HDFCBANK.NS
2023-01-30,764.0401000976562,769.3178411010082,748.8222408528942,754.975647383291,18512822,HDFCBANK.NS
2023-01-31,758.9990844726562,768.0871701361255,754.975702983403,766.6671531399184,18596244,HDFCBANK.NS
2023-02-01,770.3828735351562,788.1093950748863,760.18239548965,768.7024970580272,17302790,HDFCBANK.NS
2023-02-02,758.9280395507812,768.9391705012463,752.0173020214557,761.1763996984457,17497106,HDFCBANK.NS
2023-02-03,785.1748046875,785.9794579248195,760.65581986461,762.5491759812612,14411100,HDFCBANK.NS
2023-02-06,781.837646484375,790.1920908907817,779.2105920792565,785.7426930007946,11167672,HDFCBANK.NS
2023-02-07,782.9972534179688,788.06201475717,772.773143844212,785.4586505805794,10264588,HDFCBANK.NS
2023-02-08,782.9026489257812,789.6240391235308,781.0092930638084,783.0209836671545,8444826,HDFCBANK.NS
2023-02-09,781.2697143554688,786.5237657315753,774.1696293119086,785.7427448206556,11777336,HDFCBANK.NS
2023-02-10,784.3700561523438,785.0327423176034,777.3172933990301,780.441377066591,8172116,HDFCBANK.NS
2023-02-13,784.961669921875,786.5710339771882,778.4296267994425,783.3759959273335,5736944,HDFCBANK.NS
2023-02-14,792.2274780273438,794.026189377833,784.7723886188783,788.1094517520668,10908592,HDFCBANK.NS
2023-02-15,790.6181030273438,794.2627899763636,784.204336885185,794.2627899763636,11438712,HDFCBANK.NS
2023-02-16,787.7544555664062,796.1089007357218,786.216103767944,791.9908166376073,8062500,HDFCBANK.NS
2023-02-17,783.8020629882812,789.6004657481362,777.6722882594793,786.2160803362563,8956270,HDFCBANK.NS
2023-02-20,776.4415893554688,790.2157422072587,773.8145926677021,785.7427119293137,8086706,HDFCBANK.NS
2023-02-21,779.3526611328125,786.8550727038969,773.4359236507838,776.2759576421577,12389296,HDFCBANK.NS
2023-02-22,764.0638427734375,777.199000918852,761.6261929817764,775.8026738859212,10359102,HDFCBANK.NS
2023-02-23,758.8806762695312,766.2647523789618,753.6029353883428,763.4957310605046,27882010,HDFCBANK.NS
2023-02-24,752.1119384765625,765.8151364213195,750.336917326773,765.8151364213195,17061740,HDFCBANK.NS
2023-02-27,753.981689453125,756.8690457387776,746.5976127581428,750.6683165199346,14312972,HDFCBANK.NS
2023-02-28,757.1531372070312,759.8512044760379,751.9937299760343,753.5557719623353,18993992,HDFCBANK.NS
2023-03-01,756.4193725585938,763.4957671267764,755.330669803195,763.0224281514963,14137256,HDFCBANK.NS
2023-03-02,749.98193359375,760.1587217973406,748.8222761897821,754.5023440243442,17391814,HDFCBANK.NS
2023-03-03,764.8684692382812,766.8091474999005,751.6623001418777,755.4490119813835,14986234,HDFCBANK.NS
2023-03-06,770.2645874023438,776.0156100994345,765.8862015978312,766.8091895470669,27004710,HDFCBANK.NS
2023-03-08,771.8029174804688,776.039278351897,766.8091679963849,766.8091679963849,20099774,HDFCBANK.NS
2023-03-09,771.8739013671875,779.0923212778464,770.1225701404643,771.5188971092862,20700166,HDFCBANK.NS
2023-03-10,751.969970703125,763.8507673644085,750.2422718962587,762.2887256418968,27387000,HDFCBANK.NS
2023-03-13,742.4558715820312,759.1410704335563,740.7518050492812,751.6149691826986,26443550,HDFCBANK.NS
2023-03-14,740.4677734375,749.5795482072941,738.077446413025,743.2604847931999,33185612,HDFCBANK.NS
2023-03-15,729.8413696289062,749.2482674050162,727.3326499748621,746.9288948951588,37264754,HDFCBANK.NS
2023-03-16,734.5747680664062,737.982785579755,725.1790009533352,728.4686837227395,21753342,HDFCBANK.NS
2023-03-17,744.3965454101562,747.4968810064513,728.9420164278159,737.2254484326775,22950876,HDFCBANK.NS
2023-03-20,739.2371826171875,742.2428737084866,731.4981015299404,742.1718613024195,26503114,HDFCBANK.NS
2023-03-21,747.6152954101562,749.0590025399467,736.6101631453514,744.0652527440902,33050494,HDFCBANK.NS
2023-03-22,745.8875732421875,750.7392976925187,740.9175140491653,749.768929690198,14177324,HDFCBANK.NS
2023-03-23,739.8998413085938,752.7746385074203,737.722493547406,742.0771890697815,28364178,HDFCBANK.NS
2023-03-24,738.7164916992188,744.9882331927605,736.0184248411618,738.4088098056723,31477748,HDFCBANK.NS
2023-03-27,741.9351806640625,747.6152485739262,737.8881669466679,739.4501509534972,31872006,HDFCBANK.NS
2023-03-28,747.97021484375,749.2482647269658,740.3494690077168,741.1067998011212,39276302,HDFCBANK.NS
2023-03-29,751.567626953125,758.2890171010677,748.7749155212824,749.7689157853254,39763612,HDFCBANK.NS
2023-03-31,761.8629150390625,763.4722216352403,753.7451385197168,755.2598004151715,34711228,HDFCBANK.NS
2023-04-03,762.3361206054688,764.7737701383646,758.6440534334533,760.916103659407,40025398,HDFCBANK.NS
2023-04-05,782.7843627929688,783.8493755314626,764.9158157360166,766.1464855665928,43365392,HDFCBANK.NS
2023-04-06,788.7484130859375,790.0974176490104,779.6366375439686,780.3230137466818,44637344,HDFCBANK.NS
2023-04-10,785.009033203125,790.9494607030667,782.902697787476,787.2810834915474,31813286,HDFCBANK.NS
2023-04-11,787.3047485351562,790.1921047569881,781.5299783108553,785.26936780893,42361542,HDFCBANK.NS
2023-04-12,797.52880859375,799.0907924607276,789.4347241030233,789.5293687807915,26955504,HDFCBANK.NS
2023-04-13,801.1025390625,803.2799446098875,794.3338262706332,799.138228506588,35330086,HDFCBANK.NS
2023-04-17,788.890380859375,814.1430025509777,782.5713173666323,814.1430025509777,32405148,HDFCBANK.NS
2023-04-18,785.553466796875,793.9079124895011,784.0388049665387,790.4762044164357,29637226,HDFCBANK.NS
2023-04-19,788.440673828125,790.618079244519,784.3936604333247,788.1093596720481,24741168,HDFCBANK.NS
2023-04-20,791.37548828125,794.0024850715804,788.7721237726142,791.280785812552,32922716,HDFCBANK.NS
2023-04-21,792.6534423828125,793.7657774269219,787.2810565292857,790.0027556575246,20128618,HDFCBANK.NS
2023-04-24,799.0672607421875,800.6292448057368,792.4168245439707,798.5229093249309,35675852,HDFCBANK.NS
2023-04-25,787.7070922851562,798.8541908386393,786.6420795569525,798.8541908386393,50353068,HDFCBANK.NS
2023-04-26,791.328125,792.8427866144116,783.376007072747,785.7427019581631,27392750,HDFCBANK.NS
2023-04-27,795.6828002929688,797.6944908945422,788.5117034159383,790.7127411596693,47790392,HDFCBANK.NS
2023-04-28,798.8069458007812,800.4163100797197,790.4761903211897,797.4342510399031,27916272,HDFCBANK.NS
2023-05-02,798.6411743164062,804.202907194295,796.1561447326687,799.3274927082318,32221184,HDFCBANK.NS
2023-05-03,801.4338989257812,802.7829034515152,795.0438227485433,797.5524846534473,29407270,HDFCBANK.NS
2023-05-04,817.8350830078125,820.9827408858079,798.5701525541848,798.5701525541848,56854638,HDFCBANK.NS
2023-05-05,769.4835205078125,786.192351749063,767.8031440250422,775.8025843027785,62770416,HDFCBANK.NS
2023-05-08,778.38232421875,781.1750359781396,771.5425985281042,773.9092936156137,37244524,HDFCBANK.NS
2023-05-09,778.406005859375,783.8494045017483,776.2522902407883,780.9620480823568,43688938,HDFCBANK.NS
2023-05-10,782.0033569335938,783.210394506021,773.0099158578086,778.4059920594077,46340550,HDFCBANK.NS
2023-05-11,782.5240478515625,798.9962689250709,780.6543818274131,788.1804838313546,35734618,HDFCBANK.NS
2023-05-12,789.434814453125,791.8015094745331,778.287657790037,779.5893400518114,22478760,HDFCBANK.NS
2023-05-15,793.2214965820312,795.5645014526352,788.1567347587811,791.4227853213184,18512260,HDFCBANK.NS
2023-05-16,788.6731567382812,800.4029520198595,787.0932017516233,800.4029520198595,32722086,HDFCBANK.NS
2023-05-17,784.4360961914062,789.9658807338478,778.1642575542323,789.9658807338478,30466868,HDFCBANK.NS
2023-05-18,787.5720825195312,791.8570257917997,785.1782464024507,789.0083841897797,49646942,HDFCBANK.NS
2023-05-19,788.481689453125,789.9658560394562,781.1326248446826,789.0083216684993,30460332,HDFCBANK.NS
2023-05-22,785.6809692382812,791.3543491028732,781.6832161993159,787.5720763787239,28334032,HDFCBANK.NS
2023-05-23,783.837646484375,789.7743715289307,782.0422694614203,789.4871228939105,22470074,HDFCBANK.NS
2023-05-24,773.592041015625,782.6646557954235,772.538718142512,779.2175554402136,33588112,HDFCBANK.NS
2023-05-25,770.6236572265625,775.6268094273125,764.7587591498904,773.5441253964981,29776930,HDFCBANK.NS
2023-05-26,773.592041015625,775.1240726305493,767.1047222806039,775.1240726305493,26635066,HDFCBANK.NS
2023-05-29,783.0237426757812,785.6569622323185,777.9248603912886,779.6723723310973,21816292,HDFCBANK.NS
2023-05-30,783.6222534179688,786.446991726549,779.6963855607993,782.1141249746089,37125928,HDFCBANK.NS
2023-05-31,771.22216796875,782.7604463317739,768.2538345692759,780.3427069263231,43334270,HDFCBANK.NS
2023-06-01,767.9425659179688,775.5549758597977,766.0274971750312,775.5549758597977,50366938,HDFCBANK.NS
2023-06-02,769.1395263671875,773.1133176055869,766.5063067001975,771.9881679023533,17859710,HDFCBANK.NS
2023-06-05,768.1340942382812,773.9271655706029,767.2004631482836,772.9696311869709,18697242,HDFCBANK.NS
2023-06-06,765.7402954101562,770.7433894299307,762.3170981340278,769.6901249341668,32182852,HDFCBANK.NS
2023-06-07,769.7140502929688,772.0361181070452,764.112497093835,767.6792895707576,24949026,HDFCBANK.NS
2023-06-08,770.1927490234375,778.4754447215801,767.5834912360843,767.5834912360843,37395522,HDFCBANK.NS
2023-06-09,771.1024780273438,774.8847507794242,769.3789277124094,773.6399676877086,18212578,HDFCBANK.NS
2023-06-12,766.4105834960938,773.5920917430839,765.7642009992537,772.0360982895694,13408292,HDFCBANK.NS
2023-06-13,767.7032470703125,770.3364668139276,761.287754551761,761.287754551761,27926108,HDFCBANK.NS
2023-06-14,766.8652954101562,771.7726587801916,766.1231829378727,771.030546307908,20113968,HDFCBANK.NS
2023-06-15,757.4336547851562,768.8761438484094,755.9733914813049,767.9425712071014,35377476,HDFCBANK.NS
2023-06-16,767.3441772460938,770.4322024997265,758.3672916910389,759.8754201529412,15779272,HDFCBANK.NS
2023-06-19,768.014404296875,772.8499412572538,765.2375312003252,771.2939478800904,24829146,HDFCBANK.NS
2023-06-20,769.6182861328125,771.2939713592292,761.5510703742875,768.0144276761805,20005626,HDFCBANK.NS
2023-06-21,783.0715942382812,783.8615717803077,771.2939332038942,773.6877691232111,24308946,HDFCBANK.NS
2023-06-22,786.9017333984375,793.580570693625,784.7233777731387,785.1781832214814,56596140,HDFCBANK.NS
2023-06-23,786.8538208007812,794.7056138469821,782.3294945543738,784.0051796001923,21339218,HDFCBANK.NS
2023-06-26,783.0476684570312,790.3249060654587,779.7680665871447,787.571994837304,16130314,HDFCBANK.NS
2023-06-27,794.083251953125,800.9296461673263,784.4840048316838,786.5905337191974,33831864,HDFCBANK.NS
2023-06-28,802.4856567382812,804.2810337444777,794.9929383437692,799.5412267594668,59562950,HDFCBANK.NS
2023-06-30,814.5745239257812,818.1174128864183,805.8848875767882,815.8193069543128,40699016,HDFCBANK.NS
2023-07-03,823.3839111328125,841.4334124492976,818.691968869587,819.8888869527296,44104116,HDFCBANK.NS
2023-07-04,827.4054565429688,836.406303333363,820.5112555769142,825.1313123295552,38795188,HDFCBANK.NS
2023-07-05,801.1211547851562,823.4795589682101,798.8470106542848,821.6841820227852,37165754,HDFCBANK.NS
2023-07-06,801.93505859375,808.0872054143094,794.9450691746598,800.977524195429,52156544,HDFCBANK.NS
2023-07-07,794.945068359375,801.9350577712964,792.9821345334826,797.1473857846021,19926336,HDFCBANK.NS
2023-07-10,793.0538940429688,802.772891445225,789.8222154878739,795.2323081500037,38398442,HDFCBANK.NS
2023-07-11,789.1998291015625,802.4137915457645,787.8113925946035,796.1898182223189,50670426,HDFCBANK.NS
2023-07-12,781.8029174804688,797.7698512050471,779.0261026386073,792.5273150200137,70958358,HDFCBANK.NS
2023-07-13,785.704833984375,793.5326659534852,784.2446291019418,793.1735905563402,41913546,HDFCBANK.NS
2023-07-14,787.3326416015625,791.6894113288874,782.7843533101579,791.6894113288874,24727214,HDFCBANK.NS
2023-07-17,803.80224609375,805.2864126924621,781.8268204083179,789.9658626293475,49252928,HDFCBANK.NS
2023-07-18,803.1319580078125,815.8192884919896,799.5412040971963,812.9466853634967,81076818,HDFCBANK.NS
2023-07-19,806.7705688476562,808.518080755261,801.935031985233,804.8555001145571,32935134,HDFCBANK.NS
2023-07-20,808.51806640625,810.0740597242783,804.328853626943,804.8794475665894,56210948,HDFCBANK.NS
2023-07-21,802.2941284179688,809.0208308967337,801.0972104283851,804.3288890002611,42154248,HDFCBANK.NS
2023-07-24,803.5629272460938,806.5552224214,799.589135875981,803.6107922802456,32179444,HDFCBANK.NS
2023-07-25,812.2763671875,813.4254200816819,803.5628280895314,806.5551228956,55992596,HDFCBANK.NS
2023-07-26,809.45166015625,813.7126998116902,808.1590121278992,813.7126998116902,24794358,HDFCBANK.NS
2023-07-27,801.04931640625,815.3405049960073,798.3203084228094,813.85633843129,59741302,HDFCBANK.NS
2023-07-28,786.8538208007812,799.0145182505155,785.7047679378544,795.471629607848,41015684,HDFCBANK.NS
2023-07-31,790.5403442382812,793.2214872008873,784.5557544882844,789.989808735889,34565006,HDFCBANK.NS
2023-08-01,795.8306884765625,798.3202542585794,789.965790937782,792.0962813602819,35394188,HDFCBANK.NS
2023-08-02,785.4176025390625,790.6840418124119,781.8986752587043,786.1357533490648,28116322,HDFCBANK.NS
2023-08-03,779.7442016601562,790.6121935791729,777.0391553272656,785.1781976196645,57673946,HDFCBANK.NS
2023-08-04,791.0191040039062,793.0778262359121,780.0314207032054,782.856158727379,37388304,HDFCBANK.NS
2023-08-07,790.5642700195312,796.2376491558498,788.7928549114002,796.2376491558498,28300918,HDFCBANK.NS
2023-08-08,789.91796875,792.6469182530226,786.1596581385537,790.7797145936216,43773828,HDFCBANK.NS
2023-08-09,790.2052001953125,792.1202688416507,780.9171055719207,791.4021180992739,33361236,HDFCBANK.NS
2023-08-10,783.1912231445312,792.0005503088863,780.8692141779015,788.5534502391737,50781118,HDFCBANK.NS
2023-08-11,775.0283813476562,784.4122069559019,773.7835398495799,784.4122069559019,28225822,HDFCBANK.NS
2023-08-14,771.24609375,773.2090275802822,766.1472113841155,771.2939587813216,31304410,HDFCBANK.NS
2023-08-16,768.9957885742188,770.6475703412267,757.0745330516527,757.936278873205,34137542,HDFCBANK.NS
2023-08-17,764.73486328125,770.7673182443161,763.1549081618289,764.8784583736676,52884040,HDFCBANK.NS
2023-08-18,761.598876953125,764.2560581283789,759.085349306415,760.0668453838622,25633366,HDFCBANK.NS
2023-08-21,761.0004272460938,766.2668661889733,759.8035093045302,766.2668661889733,21837270,HDFCBANK.NS
2023-08-22,757.7448120117188,765.069973432526,756.4521639695814,764.2799958764373,32273570,HDFCBANK.NS
2023-08-23,759.6119384765625,761.5031037600577,753.2204087970642,756.4520870169149,36498588,HDFCBANK.NS
2023-08-24,756.1170043945312,764.2081226998831,754.6088761414499,762.8197446808867,43145792,HDFCBANK.NS
2023-08-25,747.594970703125,755.2552457791736,746.1108040957927,753.8429059393314,30069756,HDFCBANK.NS
2023-08-28,755.3749389648438,757.7209098998453,747.5949720764402,747.5949720764402,28867238,HDFCBANK.NS
2023-08-29,761.3834838867188,762.5085750919843,757.1463475103358,761.0961768187698,35538932,HDFCBANK.NS
2023-08-30,755.8297119140625,767.918583020737,753.4358760513546,767.918583020737,28084204,HDFCBANK.NS
2023-08-31,752.3587036132812,757.9603149977916,748.3610091258726,755.9734194012763,100075772,HDFCBANK.NS
2023-09-01,753.9146728515625,755.9733951516992,746.5656081528945,752.1432576208482,43226776,HDFCBANK.NS
2023-09-04,758.630615234375,761.9340622690505,754.0104999128797,761.2398731833899,25073638,HDFCBANK.NS
2023-09-05,754.0104370117188,760.473793886353,751.9517147780502,760.473793886353,38712082,HDFCBANK.NS
2023-09-06,763.873046875,766.0274992165465,754.010454511239,754.9201238552107,56320910,HDFCBANK.NS
2023-09-07,771.22216796875,772.730296406896,759.8754081832036,763.8731027987624,34208342,HDFCBANK.NS
2023-09-08,777.2306518554688,781.7789400663747,769.6661070326583,770.0012791246807,34502210,HDFCBANK.NS
2023-09-11,781.2523193359375,783.5025017381441,777.51791189902,779.8638828046087,31573022,HDFCBANK.NS
2023-09-12,783.694091796875,786.5666951817179,778.0207118004635,785.1782585237241,39033340,HDFCBANK.NS
2023-09-13,787.04541015625,790.7318942113928,779.7202486339522,781.0129551372609,46420094,HDFCBANK.NS
2023-09-14,786.5665893554688,789.9658245482066,782.8321820803015,787.2129133414476,23538848,HDFCBANK.NS
2023-09-15,795.5913696289062,799.5411989049336,789.9658552054733,789.9658552054733,173411202,HDFCBANK.NS
2023-09-18,779.9357299804688,792.3597154342939,778.5233316755201,791.7612564347212,37056288,HDFCBANK.NS
2023-09-20,748.648193359375,765.5486976798287,747.0682967790859,765.5486976798287,115474648,HDFCBANK.NS
2023-09-21,743.6929931640625,751.161749541656,735.8891231351594,743.5254363384076,72841442,HDFCBANK.NS
2023-09-22,732.3462524414062,748.9834124885792,729.5215142987016,746.3980579436757,61704250,HDFCBANK.NS
2023-09-25,732.9925537109375,737.636571986799,730.1199506265053,730.1199506265053,40208754,HDFCBANK.NS
2023-09-26,736.1763305664062,737.3014216965777,730.1199143423902,730.1199143423902,27575308,HDFCBANK.NS
2023-09-27,731.005615234375,733.7106613351264,725.3322361649047,729.1623733855774,39338538,HDFCBANK.NS
2023-09-28,729.49755859375,736.1524343562999,726.9361657647512,734.4288841265327,55354188,HDFCBANK.NS
2023-09-29,730.742431640625,735.1231049512756,728.8273627596361,729.4975901133708,32053782,HDFCBANK.NS
2023-10-03,722.0048828125,731.0774976675469,721.0233866976592,731.0774976675469,38971694,HDFCBANK.NS
2023-10-04,732.29833984375,734.9075975129915,713.0039997369529,715.7569109328484,54649430,HDFCBANK.NS
2023-10-05,735.2667236328125,742.8312687313597,733.7585952718871,734.9316099718342,48512674,HDFCBANK.NS
2023-10-06,734.4528198242188,739.6952970962377,732.4419625913994,739.2165299136511,17759356,HDFCBANK.NS
2023-10-09,725.9307861328125,732.513835306317,723.8960254791839,731.55630088108,16454972,HDFCBANK.NS
2023-10-10,730.0481567382812,732.035052316478,725.4280415474352,727.989492834349,33266292,HDFCBANK.NS
2023-10-11,737.1099853515625,738.330865115236,731.7956810054357,732.5616968533279,31333360,HDFCBANK.NS
2023-10-12,742.0173950195312,743.0467562738991,733.2798928919548,735.4343454713572,22025336,HDFCBANK.NS
2023-10-13,735.2667236328125,741.5146589381054,732.4898505097352,737.3014842223872,39745300,HDFCBANK.NS
2023-10-16,732.322265625,734.6442747554978,727.9654959828763,733.2319349541434,17856084,HDFCBANK.NS
2023-10-17,737.8759765625,744.8420626176685,734.9076433348039,744.8420626176685,32902558,HDFCBANK.NS
2023-10-18,727.6065063476562,737.8760401745988,726.8165287202147,737.8760401745988,31216200,HDFCBANK.NS
2023-10-19,725.3082885742188,730.7183808812238,719.6827744216524,720.7360972438319,30252364,HDFCBANK.NS
2023-10-20,729.0667114257812,731.0775102771368,720.5446319365362,720.5446319365362,21094010,HDFCBANK.NS
2023-10-23,721.04736328125,731.9153553189844,718.1986633818357,729.4018275247573,22376136,HDFCBANK.NS
2023-10-25,716.47509765625,729.066698092264,714.0572999767982,728.2048937755804,28311996,HDFCBANK.NS
2023-10-26,700.6279296875,714.3206598703572,699.1198013241884,713.9615844716288,55561798,HDFCBANK.NS
2023-10-27,703.380859375,707.6179375015631,702.3036331507926,703.548416210113,31940532,HDFCBANK.NS
2023-10-30,711.01708984375,713.3390988556793,699.9097152306466,700.5560392009198,23310982,HDFCBANK.NS
2023-10-31,706.8997192382812,720.0658162779376,705.7028013255851,720.0658162779376,32634824,HDFCBANK.NS
2023-11-01,705.9422607421875,707.3546006535829,700.077362339955,700.077362339955,33877466,HDFCBANK.NS
2023-11-02,707.0194702148438,713.6025192857455,702.4233167339939,710.9692996573848,45225154,HDFCBANK.NS
2023-11-03,710.370849609375,714.0334304636632,709.3654501545199,712.4056102569502,18095340,HDFCBANK.NS
2023-11-06,715.517578125,717.193263319672,710.0117553425058,717.193263319672,25593730,HDFCBANK.NS
2023-11-07,712.0465087890625,715.2781873463503,707.234875115352,715.2781873463503,41952848,HDFCBANK.NS
2023-11-08,714.105224609375,715.014835514477,709.054207384732,710.4665472159254,31399546,HDFCBANK.NS
2023-11-09,711.2805786132812,714.6079876326531,710.2512173342882,711.4481354625899,22116740,HDFCBANK.NS
2023-11-10,714.081298828125,716.2357512885518,708.5994376116778,708.6233409063911,14015186,HDFCBANK.NS
2023-11-13,712.7886352539062,716.2117740009877,711.4001986764561,714.3685319579603,20605914,HDFCBANK.NS
2023-11-15,720.2574462890625,723.3933366396359,718.4142041069291,720.1137927400063,41245460,HDFCBANK.NS
2023-11-16,722.1484985351562,727.2473809327844,719.9461810912933,722.7948225701767,29713838,HDFCBANK.NS
2023-11-17,720.5924682617188,721.7415211781168,712.8843283809061,713.3630955591337,23701874,HDFCBANK.NS
2023-11-20,720.640380859375,724.3747884733571,718.8929272981045,724.3747884733571,19331452,HDFCBANK.NS
2023-11-21,726.74462890625,728.6836593929769,723.9438525479579,727.2473578304415,24959972,HDFCBANK.NS
2023-11-22,724.1593017578125,727.7260937743376,719.8503972552013,727.7260937743376,29123650,HDFCBANK.NS
2023-11-23,728.3485107421875,729.5693319457266,722.2202676591917,722.2202676591917,13046220,HDFCBANK.NS
2023-11-24,733.5192260742188,734.0219550188177,727.654327789123,728.3006518298484,16469192,HDFCBANK.NS
2023-11-28,731.867431640625,735.9848175325754,730.5029569217514,735.0033214761758,28489338,HDFCBANK.NS
2023-11-29,746.4698486328125,748.3130905581396,733.950075384279,734.3809775281464,34042488,HDFCBANK.NS
2023-11-30,746.3023071289062,752.8374324125391,738.3308218551477,751.2575357769422,69491440,HDFCBANK.NS
2023-12-01,744.6744995117188,749.6297282428743,743.09454440636,745.8714174875178,22153536,HDFCBANK.NS
2023-12-04,770.5279541015625,771.7727371502491,753.4120264631497,760.2823241901957,50662456,HDFCBANK.NS
2023-12-05,777.3743286132812,784.6994906156142,773.9272279317513,783.5025725396295,52230820,HDFCBANK.NS
2023-12-06,779.3372192382812,784.4360428215049,773.9989536278642,784.4360428215049,38613060,HDFCBANK.NS
2023-12-07,780.60595703125,782.3056039667443,773.7835244385168,777.996699171334,20450386,HDFCBANK.NS
2023-12-08,791.4979248046875,792.3597291563016,780.605970823838,780.605970823838,33728038,HDFCBANK.NS
2023-12-11,790.4446411132812,796.5249611291558,788.5295723280279,789.9898356540881,23187620,HDFCBANK.NS
2023-12-12,782.5928344726562,792.9581557902037,781.2762247045517,791.9766596766761,36581476,HDFCBANK.NS
2023-12-13,780.8214721679688,783.2631733056354,773.256926701281,781.563526294323,29346914,HDFCBANK.NS
2023-12-14,790.0376586914062,794.2507747290626,787.5719960728002,788.0507632436652,35172366,HDFCBANK.NS
2023-12-15,793.101806640625,798.5836675519721,788.3380380661904,789.9658581899005,138837130,HDFCBANK.NS
2023-12-18,792.69482421875,797.0037289891579,790.4206800343679,795.0886602023099,18014754,HDFCBANK.NS
2023-12-19,791.3543090820312,794.1072204559873,787.1172310907685,789.9658725265142,24008446,HDFCBANK.NS
2023-12-20,793.3171997070312,799.038444004139,787.308648353673,793.795966876438,34232520,HDFCBANK.NS
2023-12-21,807.5365600585938,808.9968233004131,790.0855201370065,793.31719852569,36589240,HDFCBANK.NS
2023-12-22,799.9481811523438,807.1536510402615,798.1528041148157,806.0524630799391,48578850,HDFCBANK.NS
2023-12-26,805.5018310546875,807.1775162105685,798.8470139045111,801.0971963079616,18045856,HDFCBANK.NS
2023-12-27,815.4841918945312,817.0162235511344,803.6586070355986,805.0470435987298,27009078,HDFCBANK.NS
2023-12-28,816.4177856445312,824.149887782185,814.8617922105217,818.3568162242175,44076470,HDFCBANK.NS
2023-12-29,818.3328247070312,821.0378710363707,811.9891593992248,812.4679265922668,25011426,HDFCBANK.NS
2024-01-01,812.9945678710938,818.2849687904367,810.0740996496615,816.7768404269046,14239686,HDFCBANK.NS
2024-01-02,813.4733276367188,815.2448013204753,808.4941371304667,813.3297325444754,29242092,HDFCBANK.NS
2024-01-03,800.9296264648438,816.1543877106121,799.038461039413,814.8617397029581,28389762,HDFCBANK.NS
2024-01-04,809.5234985351562,811.4864323425077,799.8763278844378,803.3713517790169,26734056,HDFCBANK.NS
2024-01-05,805.3822021484375,816.2502532169135,798.6315959676855,807.7521349770598,31889470,HDFCBANK.NS
2024-01-08,796.4052734375,805.4539851831421,794.7535499790049,803.6107431564817,17998470,HDFCBANK.NS
2024-01-09,790.2052001953125,803.2755670838737,788.4098233393704,798.1766851243468,25326888,HDFCBANK.NS
2024-01-10,792.8145141601562,794.7295829425168,785.8484865302768,786.6145023545687,16115824,HDFCBANK.NS
2024-01-11,789.4871215820312,796.1419974247106,786.6145183500772,794.7535608406137,18314010,HDFCBANK.NS
2024-01-12,785.7527465820312,792.8385248919463,782.1141273593444,790.9234559912412,19773552,HDFCBANK.NS
2024-01-15,800.8817749023438,804.7597774337735,786.9017379565865,788.8646717373587,28320356,HDFCBANK.NS
2024-01-16,803.9219970703125,806.076449581534,793.8439236127375,800.977566949657,25322500,HDFCBANK.NS
2024-01-17,736.1045532226562,764.4954709128732,731.7477834906084,751.6644868680132,170145236,HDFCBANK.NS
2024-01-18,711.5198974609375,725.3323197153799,708.5994291824192,715.2782083529884,161070930,HDFCBANK.NS
2024-01-19,704.0989990234375,723.0581685801238,703.0217728163159,720.999446229209,109600538,HDFCBANK.NS
2024-01-23,683.3683471679688,706.0379622645205,682.243255943311,701.3939438294391,115469402,HDFCBANK.NS
2024-01-24,697.0371704101562,698.2579916906107,660.8184204446432,660.8184204446432,86004404,HDFCBANK.NS
2024-01-25,686.9830322265625,697.731331945695,679.5621410018516,695.409322831776,98941852,HDFCBANK.NS
2024-01-29,696.438720703125,700.3406850803747,692.2016426624417,693.2788688648152,65645498,HDFCBANK.NS
2024-01-30,691.4835205078125,700.53217422801,689.8557002681358,696.3908845219285,41728768,HDFCBANK.NS
2024-01-31,700.220947265625,706.1576134139724,687.8926926486038,689.1853406292018,65761040,HDFCBANK.NS
2024-02-01,702.0402221679688,705.5112841214318,697.1089554241759,701.4178599181299,32690740,HDFCBANK.NS
2024-02-02,692.3692016601562,708.9824002114282,690.4062678183428,706.1816237651476,44867754,HDFCBANK.NS
2024-02-05,691.7467651367188,695.1220972150085,686.5761145330804,692.2973590957444,38605046,HDFCBANK.NS
2024-02-06,691.3876953125,694.0687799185687,685.8818725644124,692.0819428119112,41075740,HDFCBANK.NS
2024-02-07,684.6131591796875,696.0318040698868,683.0332624281431,695.6487669186412,54837086,HDFCBANK.NS
2024-02-08,671.734375,688.9220715355453,670.5134952051483,684.5653014988382,69106124,HDFCBANK.NS
2024-02-09,671.9976196289062,677.0725401801844,664.0500959229506,666.515758652701,56642124,HDFCBANK.NS
2024-02-12,665.4864501953125,676.809306881893,662.3026364247897,670.1065656569043,34447812,HDFCBANK.NS
2024-02-13,667.6168823242188,672.3566891768745,662.7813454112104,666.4199643535106,57580994,HDFCBANK.NS
2024-02-14,662.6378173828125,666.2046099191948,652.8230890297091,658.7837177497752,91320810,HDFCBANK.NS
2024-02-15,677.0007934570312,677.6949825309235,662.7813723217212,663.0925826953933,41584944,HDFCBANK.NS
2024-02-16,679.8015747070312,683.5359238875297,674.31965507416,681.7166435513678,32175742,HDFCBANK.NS
2024-02-19,678.4609985351562,684.1583399970523,677.5513291516161,684.1583399970523,34451756,HDFCBANK.NS
2024-02-20,696.2711181640625,697.6834579371554,675.9235134549672,677.4555450204665,56133508,HDFCBANK.NS
2024-02-21,689.017822265625,700.9151754054046,687.0309267122648,700.9151754054046,45893136,HDFCBANK.NS
2024-02-22,679.634033203125,684.0626300055545,676.1150473676641,678.7722288264276,50560882,HDFCBANK.NS
2024-02-23,680.1366577148438,686.5042847124961,678.8918747107963,681.0702888003248,29833452,HDFCBANK.NS
2024-02-26,680.9505615234375,686.9590543726445,676.761348833584,676.761348833584,23506870,HDFCBANK.NS
2024-02-27,679.9212036132812,683.0570934898373,676.5219684176848,676.7613520010825,32087150,HDFCBANK.NS
2024-02-28,674.7745361328125,681.8602559709077,672.1891814386264,679.9212837827165,25321986,HDFCBANK.NS
2024-02-29,671.9019165039062,675.2532869853846,668.9814482015562,671.2794957514693,53295700,HDFCBANK.NS
2024-03-01,684.9961547851562,685.9536891619308,670.2740637422462,670.2740637422462,34738898,HDFCBANK.NS
2024-03-04,685.9297485351562,687.9884708858845,681.9081507835436,685.0919059296933,35616474,HDFCBANK.NS
2024-03-05,689.8317260742188,690.8610872691976,680.6394189764245,680.8069758120575,37991672,HDFCBANK.NS
2024-03-06,690.6695556640625,695.576919496979,686.3367475409569,686.3367475409569,42409530,HDFCBANK.NS
2024-03-07,692.34521484375,694.7151474764962,690.0950324505662,692.0579662212759,49348046,HDFCBANK.NS
2024-03-11,683.5838012695312,692.2733788101641,681.2856954339823,684.6370656855901,50531094,HDFCBANK.NS
2024-03-12,698.7847290039062,700.9152197851,684.2780586597365,686.5522029862251,65418454,HDFCBANK.NS
2024-03-13,699.191650390625,704.553819805337,694.260324713518,701.6333514911945,63067454,HDFCBANK.NS
2024-03-14,696.8217163085938,701.8727337796063,691.4835086418929,700.0055299615263,52432158,HDFCBANK.NS
2024-03-15,695.4811401367188,698.6649535010525,690.5019498876019,694.2123954494871,143613804,HDFCBANK.NS
2024-03-18,692.3213500976562,697.0850604784281,687.413986176019,692.7761555716247,21437856,HDFCBANK.NS
2024-03-19,693.9011840820312,695.3614473234808,687.2702704859524,687.2702704859524,36183594,HDFCBANK.NS
2024-03-20,685.1397705078125,695.0023623556473,682.0756489825828,693.7575794231888,43606094,HDFCBANK.NS
2024-03-21,692.1776733398438,694.8108929167894,688.6108811083764,690.6695449843953,28922860,HDFCBANK.NS
2024-03-22,690.7891845703125,694.5714568199686,688.3474837448974,689.9034770136652,45980326,HDFCBANK.NS
2024-03-26,682.434814453125,688.4433080631126,680.8788209713061,683.2965603924812,56844290,HDFCBANK.NS
2024-03-27,689.7599487304688,693.2310112679723,680.4479491623351,681.5491372067122,62168668,HDFCBANK.NS
2024-03-28,693.20703125,699.2394862002545,689.7598723903825,689.7598723903825,55592142,HDFCBANK.NS
2024-04-01,704.0271606445312,705.6071157662267,696.8935177463561,698.0425707036562,25199570,HDFCBANK.NS
2024-04-02,708.6472778320312,715.685132245699,700.5561005197442,701.4657698820595,41225446,HDFCBANK.NS
2024-04-03,709.6766357421875,716.0681660997278,704.4580616337976,704.793175292623,45584386,HDFCBANK.NS
2024-04-04,731.36474609375,732.5137990357915,720.0658521240722,720.0658521240722,88935066,HDFCBANK.NS
2024-04-05,741.8737182617188,744.2435924609226,732.5856231419043,736.8227010597361,59055902,HDFCBANK.NS
2024-04-08,740.4613647460938,745.5602472863112,738.0436253706997,744.4590593119542,20482940,HDFCBANK.NS
2024-04-09,741.3949584960938,744.4111567395224,737.4451291623751,744.4111567395224,21884494,HDFCBANK.NS
2024-04-10,735.5540161132812,742.041335404094,733.9261958559255,742.041335404094,27807400,HDFCBANK.NS
2024-04-12,727.2233276367188,732.4419011780001,724.5901083532815,728.2048236560291,41084208,HDFCBANK.NS
2024-04-15,715.61328125,722.9384424882777,714.3445949763995,716.9778144689066,23415248,HDFCBANK.NS
2024-04-16,722.5794067382812,724.3269187314523,709.6526921569106,711.9268363888184,20744886,HDFCBANK.NS
2024-04-18,715.61328125,727.1755203466597,713.8658277959437,722.8427124294902,34234884,HDFCBANK.NS
2024-04-19,733.13623046875,734.8836839791993,708.6951417404246,711.7113984519393,34576434,HDFCBANK.NS
2024-04-22,723.9917602539062,745.6320734709891,722.124614867159,745.6320734709891,42298438,HDFCBANK.NS
2024-04-23,721.7894287109375,730.838140600938,719.7068030516607,730.7424105369589,26827060,HDFCBANK.NS
2024-04-24,723.7523803710938,728.5640142912791,722.4836939974829,725.3323355684494,22441580,HDFCBANK.NS
2024-04-25,723.2975463867188,727.5824894434112,721.1430939897369,721.1430939897369,35445204,HDFCBANK.NS
2024-04-26,722.8427734375,731.5563134799157,720.8080127488288,727.6304456461381,24854694,HDFCBANK.NS
2024-04-29,732.2744140625,734.6442882658492,721.2867304749565,725.3322898363435,36093350,HDFCBANK.NS
2024-04-30,727.7740478515625,737.0621437156515,725.2844816560712,732.1308179153048,52307382,HDFCBANK.NS
2024-05-02,733.591064453125,735.8652087221101,727.8937229116466,728.6837005042626,33475006,HDFCBANK.NS
2024-05-03,727.53466796875,737.5887797565925,721.59794265299,734.0698523195007,31865242,HDFCBANK.NS
2024-05-06,728.994873046875,734.6682525558684,726.361653503664,728.6836626849343,28793396,HDFCBANK.NS
2024-05-07,721.09521484375,729.6651592326485,720.1376804638342,728.6597013791286,28480602,HDFCBANK.NS
2024-05-08,709.84423828125,716.6905745370962,708.7430502857517,716.211807311795,41687862,HDFCBANK.NS
2024-05-09,693.0155029296875,711.8071150125822,691.9622384959757,706.1576388307392,46281278,HDFCBANK.NS
2024-05-10,697.8200073242188,704.6385064038308,692.4331341667237,698.3538309269745,27276608,HDFCBANK.NS
2024-05-13,706.2400512695312,708.4482125597933,694.1317160729689,694.956710818051,27047202,HDFCBANK.NS
2024-05-14,709.0062866210938,711.2144479759614,703.8378359787137,704.7841569928967,25665142,HDFCBANK.NS
2024-05-15,698.1111450195312,708.3995858863757,696.8008453990276,708.3995858863757,38931996,HDFCBANK.NS
2024-05-16,708.6665649414062,709.782790041372,696.655267230535,701.7752582341244,34945236,HDFCBANK.NS
2024-05-17,710.5349731445312,712.4276743183018,701.848002597153,701.848002597153,20920190,HDFCBANK.NS
2024-05-21,707.962890625,713.2526672307866,703.7407019802051,703.7407019802051,43769978,HDFCBANK.NS
2024-05-22,708.156982421875,711.2629460513618,702.7943980944078,707.5018325662894,39996278,HDFCBANK.NS
2024-05-23,724.3661499023438,725.8463536828482,707.1135946322969,707.8900706969359,40861920,HDFCBANK.NS
2024-05-24,736.3046875,737.6150464828621,721.1631959122375,721.8911533778286,31060206,HDFCBANK.NS
2024-05-27,741.400390625,749.7961904344879,737.2025499615863,739.2893258205864,29385440,HDFCBANK.NS
2024-05-28,742.75927734375,745.4527436990592,739.9930626339711,742.5651435020584,27908904,HDFCBANK.NS
2024-05-29,731.9855346679688,739.5319916615282,728.5641108173895,736.6929693394153,35147706,HDFCBANK.NS
2024-05-30,735.1642456054688,739.4106642295702,726.8170235494816,727.569210732381,33755350,HDFCBANK.NS
2024-05-31,743.2688598632812,745.4284433104547,734.751733835956,737.1782587165238,74079588,HDFCBANK.NS
2024-06-03,762.9964599609375,776.0026570209221,752.2227131847588,776.0026570209221,72637256,HDFCBANK.NS
2024-06-04,719.7800903320312,756.5904610836327,705.6334383679294,755.6198511271432,89531240,HDFCBANK.NS
2024-06-05,753.0963134765625,756.8816568854197,719.3918460943981,725.0699500696824,81631650,HDFCBANK.NS
2024-06-06,756.93017578125,759.7206794979887,750.5726922052945,759.4537972959696,46422870,HDFCBANK.NS
2024-06-07,763.5545654296875,768.8929201187634,753.2176050765474,757.585349822155,36712216,HDFCBANK.NS
2024-06-10,757.7067260742188,767.0973660487972,755.9110620154896,763.8700759254958,22454058,HDFCBANK.NS
2024-06-11,759.4052734375,762.4141406844706,753.2903831592504,755.1345658211561,29545326,HDFCBANK.NS
2024-06-12,763.94287109375,770.8099486335476,760.1817573757736,764.3553684919713,39280436,HDFCBANK.NS
2024-06-13,767.1458129882812,769.5480488358222,763.8700045190919,767.6311179466796,24120192,HDFCBANK.NS
2024-06-14,774.9835815429688,776.0027102146836,765.6656898154778,768.7231350719568,25540554,HDFCBANK.NS
2024-06-18,780.2733764648438,781.5836762242601,771.3679826211641,774.983540294414,32415714,HDFCBANK.NS
2024-06-19,804.5628051757812,810.4107535609992,778.4291452824868,782.9910236928816,90131196,HDFCBANK.NS
2024-06-20,810.143798828125,816.0159768197282,801.7237698729426,810.3622215983705,41408742,HDFCBANK.NS
2024-06-21,808.396728515625,811.8423818466847,797.4288483846301,811.8423818466847,51630776,HDFCBANK.NS
2024-06-24,811.6240234375,812.9343231272944,798.6906344612428,799.2972656586157,28544994,HDFCBANK.NS
2024-06-25,830.5266723632812,833.2443684249017,810.9931467609703,810.9931467609703,74521548,HDFCBANK.NS
2024-06-26,825.7463989257812,830.3082774504516,820.699215435536,828.8765922572081,47596666,HDFCBANK.NS
2024-06-27,823.1500244140625,831.3274011881083,818.5153383232833,823.1257354693937,55074650,HDFCBANK.NS
2024-06-28,817.156494140625,828.2214113967111,814.8270066965403,823.8536668700472,26476046,HDFCBANK.NS
2024-07-01,827.5420532226562,828.5612411045389,815.3123910533884,815.3123910533884,21187024,HDFCBANK.NS
2024-07-02,839.8687744140625,841.9556094944659,826.353042764463,832.2980286836319,45921690,HDFCBANK.NS
2024-07-03,858.3346557617188,870.6371250279785,856.3934358619908,869.1812101031826,123217802,HDFCBANK.NS
2024-07-04,838.1945190429688,854.0154497500956,837.0782938778042,854.0154497500956,45848658,HDFCBANK.NS
2024-07-05,799.8310546875,817.7388187080663,796.9677437114144,817.7388187080663,82242548,HDFCBANK.NS
2024-07-08,793.6434936523438,803.1554594894733,789.6640164804963,798.4723137874327,39087800,HDFCBANK.NS
2024-07-09,794.2015380859375,799.1516248009418,786.363851419409,788.6205312494033,48550878,HDFCBANK.NS
2024-07-10,789.1544799804688,795.9002315965357,786.5581099756618,791.0228924563764,45507182,HDFCBANK.NS
2024-07-11,787.1161499023438,789.0330808548738,776.973264088155,788.1109895551602,44177074,HDFCBANK.NS
2024-07-12,787.50439453125,795.1237185250396,781.899157363576,787.1647047300575,56049960,HDFCBANK.NS
2024-07-15,787.2131958007812,790.9500796896383,783.8645795922547,787.8926346206944,33375694,HDFCBANK.NS
2024-07-16,786.07275390625,789.5912150674294,784.6411278889234,786.5580588939988,28950324,HDFCBANK.NS
2024-07-18,783.6705322265625,788.1110255525017,776.0754971813087,780.3704345530638,33717064,HDFCBANK.NS
2024-07-19,780.0307006835938,787.649965003423,778.1865181041212,784.2528302190582,26002152,HDFCBANK.NS
2024-07-22,797.1376953125,801.2384985771903,782.6270649860646,784.7381297391379,53744822,HDFCBANK.NS
2024-07-23,785.4176025390625,799.6855810002239,778.9145038672318,799.5642547535156,52002152,HDFCBANK.NS
2024-07-24,778.4534912109375,786.6793870769927,770.6886113878456,780.4432298173384,61728206,HDFCBANK.NS
2024-07-25,784.5440673828125,788.6206413154175,773.0908809941293,773.0908809941293,25535732,HDFCBANK.NS
2024-07-26,785.2962646484375,787.0433507268658,774.7651110455088,778.9144923179402,43810540,HDFCBANK.NS
2024-07-29,778.9387817382812,791.9449196556922,775.6629731237323,783.7675425920842,51001148,HDFCBANK.NS
2024-07-30,784.0344848632812,793.3523167913979,776.0026637402938,777.4585786816452,54595834,HDFCBANK.NS
2024-07-31,784.1315307617188,790.0279981871195,780.9527594083772,783.2822470366172,37820484,HDFCBANK.NS
2024-08-01,795.3178100585938,800.7774909815698,785.1991540216145,787.6014491725216,26215174,HDFCBANK.NS
2024-08-02,805.1937255859375,810.7019249608421,791.5323792943032,791.5323792943032,44119238,HDFCBANK.NS
2024-08-05,784.1315307617188,798.8120065813332,776.9732822215763,795.9486953170099,41333634,HDFCBANK.NS
2024-08-06,777.0703125,792.4787456590307,773.2364505401089,791.0471196604719,45116050,HDFCBANK.NS
2024-08-07,787.8926391601562,791.0471215466921,777.5556193354371,784.7381567736204,42346264,HDFCBANK.NS
2024-08-08,797.21044921875,802.3547292854007,785.8300713873926,788.1352699911228,33976950,HDFCBANK.NS
2024-08-09,800.8502197265625,806.8437833638833,798.7149252998082,801.7237923493824,26644618,HDFCBANK.NS
2024-08-12,805.65478515625,813.3468572381819,799.4671466635041,801.7238266679481,39316196,HDFCBANK.NS
2024-08-13,778.0409545898438,792.2118961762867,777.0461148817201,790.0765423217451,54055042,HDFCBANK.NS
2024-08-14,780.2733764648438,783.1366284755188,778.0409261468292,779.6424562895212,32334428,HDFCBANK.NS
2024-08-16,792.0662841796875,793.0611831331643,781.8263604564881,790.319198015761,27849246,HDFCBANK.NS
2024-08-19,791.7993774414062,794.759726022084,787.9896858897818,794.759726022084,19502164,HDFCBANK.NS
2024-08-20,794.783935546875,798.8119905444514,789.8095595425733,789.8095595425733,31134494,HDFCBANK.NS
2024-08-21,789.0089111328125,793.255329982036,785.126471042094,790.1250771140934,47630904,HDFCBANK.NS
2024-08-22,791.6781005859375,795.0752357163401,790.0765703279278,792.0177904024437,21300638,HDFCBANK.NS
2024-08-23,788.6448974609375,792.9883534236101,787.6499985352013,792.9883534236101,20333422,HDFCBANK.NS
2024-08-26,795.8758544921875,799.7582942162704,792.1147410094821,792.1147410094821,22364266,HDFCBANK.NS
2024-08-27,794.8082275390625,799.4914324239653,792.1147612152419,797.550212512406,35773244,HDFCBANK.NS
2024-08-28,794.49267578125,795.7787456725287,791.14405997193,794.8081358287445,26921188,HDFCBANK.NS
2024-08-29,795.1964721679688,798.035494358065,791.6052035874162,796.8707505966252,49052604,HDFCBANK.NS
2024-08-30,794.3956909179688,806.5768334130655,786.7521378937474,803.6650036895526,445342100,HDFCBANK.NS
2024-09-02,789.56689453125,799.200245545704,787.747000900005,799.200245545704,34049680,HDFCBANK.NS
2024-09-03,794.6140747070312,795.8758557711201,788.4264363868309,792.9883149182248,37282860,HDFCBANK.NS
2024-09-04,796.773681640625,798.2295964742419,792.0176694876126,795.4148040993854,24682744,HDFCBANK.NS
2024-09-05,798.5450439453125,800.7046866194709,796.8707654853739,798.8119853769339,22876318,HDFCBANK.NS
2024-09-06,794.419921875,799.6612390821284,793.0368146024134,795.0751309568867,26029602,HDFCBANK.NS
2024-09-09,799.0546264648438,800.0252363967779,791.0956131747174,794.9295342541234,23792914,HDFCBANK.NS
2024-09-10,800.9229736328125,802.6943484628727,794.9294696385643,802.6943484628727,26606646,HDFCBANK.NS
2024-09-11,797.7928466796875,801.9664575454252,795.5118777911906,800.9473289635273,22226684,HDFCBANK.NS
2024-09-12,808.8092651367188,810.4593139115112,799.32158835399,802.6944342572692,32424046,HDFCBANK.NS
2024-09-13,808.4937744140625,812.400503038587,804.1746076631325,812.400503038587,23860532,HDFCBANK.NS
2024-09-16,810.9202880859375,814.2446744093743,807.5717313009576,809.0033572167779,15172820,HDFCBANK.NS
2024-09-17,809.876953125,814.3417351276187,807.6202731787942,814.3417351276187,20127122,HDFCBANK.NS
2024-09-18,822.494873046875,824.4846115422112,810.9931099061356,811.3570886275262,40917342,HDFCBANK.NS
2024-09-19,829.1435546875,834.2392569551141,824.6059649927001,824.6301946967953,30651776,HDFCBANK.NS
2024-09-20,845.0130004882812,846.8328941482245,828.6825354394553,833.0259912779876,60623386,HDFCBANK.NS
2024-09-23,854.0397338867188,857.2184459846895,844.5519977602407,848.7984163669939,26965350,HDFCBANK.NS
2024-09-24,858.0435180664062,864.6436541344489,851.3462854547951,856.5633141386422,33039036,HDFCBANK.NS
2024-09-25,863.4060668945312,867.7252930088929,854.2095613390953,854.2095613390953,31965312,HDFCBANK.NS
2024-09-26,865.5171508789062,867.7253122548344,858.0435015109396,860.4700264333525,31899644,HDFCBANK.NS
2024-09-27,850.5697631835938,862.9692695590985,849.2836931713828,862.3869272945984,35613502,HDFCBANK.NS
2024-09-30,840.572509765625,849.987378933711,836.8599148404105,848.7013681367213,26383534,HDFCBANK.NS
2024-10-01,837.7334594726562,845.4013020975134,834.773110848595,836.6658121791694,24572284,HDFCBANK.NS
2024-10-03,816.282958984375,837.7091852435565,812.0850591484665,832.613483062025,48473398,HDFCBANK.NS
2024-10-04,804.4657592773438,820.4808225688465,802.2090794198211,812.6431358067093,48683232,HDFCBANK.NS
2024-10-07,785.12646484375,805.1210074565657,782.7969771111757,801.8209097089745,94458296,HDFCBANK.NS
2024-10-08,801.2627563476562,804.0532597925816,787.1646239424159,791.0470635179641,29734406,HDFCBANK.NS
2024-10-09,792.5758666992188,804.0290527657074,790.4162239204929,800.510591541895,41125642,HDFCBANK.NS
2024-10-10,806.7709350585938,808.2510795642027,792.2603056670246,795.4147877416559,21754766,HDFCBANK.NS
2024-10-11,801.238525390625,807.7658537028776,797.4774117796152,807.7658537028776,23672594,HDFCBANK.NS
2024-10-14,819.2432861328125,821.1602762579215,802.6943989459767,803.689297804442,18527508,HDFCBANK.NS
2024-10-15,817.3020629882812,824.0478137120458,813.1284522229286,822.1065938917583,19651130,HDFCBANK.NS
2024-10-16,824.92138671875,828.8765747113987,815.3608435545054,815.3608435545054,20470682,HDFCBANK.NS
2024-10-17,811.9879760742188,823.8779471608134,808.1297662380588,822.5675882717809,14695732,HDFCBANK.NS
2024-10-18,816.2101440429688,820.6506963237373,802.7429312558701,807.1106759435778,24809724,HDFCBANK.NS
2024-10-21,838.9466552734375,848.3858722296796,830.3810701774502,832.2980010606213,46548354,HDFCBANK.NS
2024-10-22,832.0796508789062,844.4306385333365,830.2111793718472,839.6018778313584,38875280,HDFCBANK.NS
2024-10-23,842.3923950195312,847.5851345291038,827.4692671141377,827.4692671141377,38036090,HDFCBANK.NS
2024-10-24,849.1138305664062,858.3346247570413,843.5085346118838,843.5085346118838,30832258,HDFCBANK.NS
2024-10-25,846.0806884765625,853.0933215296461,838.9466699408074,851.7102142266036,26130478,HDFCBANK.NS
2024-10-28,841.6158447265625,849.7689918168825,839.043763962605,845.4012471416386,22012142,HDFCBANK.NS
2024-10-29,850.1815185546875,856.0779859182065,837.1996103215174,837.7092042477628,35794926,HDFCBANK.NS
2024-10-30,841.8099975585938,851.5889046504595,836.7628139716957,845.4012662208864,32715724,HDFCBANK.NS
2024-10-31,842.3438110351562,843.8968224808245,834.4333755848933,838.6069864702176,22895912,HDFCBANK.NS
2024-11-01,843.120361328125,846.4203996311912,837.6849100339031,841.0335262277963,1759692,HDFCBANK.NS
2024-11-04,831.8612060546875,846.8571409139798,830.3082539054162,846.8571409139798,28089248,HDFCBANK.NS
2024-11-05,853.0933227539062,855.447039991069,823.999313734677,826.4743572133567,44232406,HDFCBANK.NS
2024-11-06,851.8316040039062,859.7178102794018,847.0270726401069,859.7178102794018,27787910,HDFCBANK.NS
2024-11-07,847.6094360351562,854.5977803501312,843.4600547619757,846.5174998307751,18895456,HDFCBANK.NS
2024-11-08,851.4432983398438,855.0103373353861,847.2696873607207,850.2543248355499,19902986,HDFCBANK.NS
2024-11-11,857.1942138671875,865.2017460745226,849.8660612419557,851.4918803256005,24565362,HDFCBANK.NS
2024-11-12,833.8509521484375,861.4162973605047,829.2163253609564,859.9603824917264,31395406,HDFCBANK.NS
2024-11-13,815.967529296875,839.2864576545572,811.9152444974701,833.1473377113161,35728500,HDFCBANK.NS
2024-11-14,821.5,827.3721783747438,811.4784403744485,811.9637453515568,27146470,HDFCBANK.NS
2024-11-18,827.4934692382812,834.190701332557,822.5919010273279,825.0184258091194,27081968,HDFCBANK.NS
2024-11-19,845.5225830078125,851.1035901563789,826.3287477699067,831.8127176211167,50981272,HDFCBANK.NS
2024-11-21,845.0130004882812,853.6514527573436,841.6158656563873,848.9925368361551,35716512,HDFCBANK.NS
2024-11-22,847.1483764648438,851.370565411524,839.3592669406547,846.1535367827626,24773612,HDFCBANK.NS
2024-11-25,866.560546875,875.2718066744363,856.5147576427843,866.293664684976,427737274,HDFCBANK.NS
2024-11-26,866.5363159179688,878.4019987795361,858.8927626136716,878.4019987795361,30935566,HDFCBANK.NS
2024-11-27,879.5182495117188,881.9690041453489,866.3422072982357,868.6474059809165,32714976,HDFCBANK.NS
2024-11-28,870.224609375,891.0684339141281,867.725276958314,882.7697308653094,35722392,HDFCBANK.NS
2024-11-29,871.632080078125,875.7814023363161,865.2503073983569,874.1799313606635,27669536,HDFCBANK.NS
2024-12-02,875.8298950195312,877.5042327860683,861.4163604593637,875.2475527258944,15110876,HDFCBANK.NS
2024-12-03,886.3125610351562,891.6994347831544,881.3624144018961,884.565415610868,43410242,HDFCBANK.NS
2024-12-04,902.7157592773438,905.0937654692016,888.6662041479593,891.9905313310416,44669084,HDFCBANK.NS
2024-12-05,905.4577026367188,912.3490091706271,890.6316128458285,902.6671991983368,39682714,HDFCBANK.NS
2024-12-06,900.6531982421875,904.7054828102569,894.9023463139778,901.2113107944992,17783156,HDFCBANK.NS
2024-12-09,907.520263671875,912.3733132102273,897.3288596413352,899.5855395249345,26947912,HDFCBANK.NS
2024-12-10,906.59814453125,911.2570600965298,901.963517909446,911.2570600965298,13325480,HDFCBANK.NS
2024-12-11,904.1716918945312,908.4423993938311,901.0900171351183,903.492253077643,14045426,HDFCBANK.NS
2024-12-12,902.30322265625,906.8651010060448,897.183231769173,898.2994568437374,17293790,HDFCBANK.NS
2024-12-13,908.3695678710938,909.9468090067054,887.7441068669418,903.8804969466607,19009002,HDFCBANK.NS
2024-12-16,905.1907958984375,907.4959944793276,900.3620351992098,905.1422772502634,13107082,HDFCBANK.NS
2024-12-17,889.6853637695312,903.8077269850552,886.4095551207139,900.8958970749953,21079532,HDFCBANK.NS
2024-12-18,878.74169921875,891.0199388482123,877.0189020931173,888.0353013877913,23422312,HDFCBANK.NS
2024-12-19,870.3944702148438,874.0827761662058,863.3575480971324,873.3548187057529,25380770,HDFCBANK.NS
2024-12-20,859.7177734375,872.3599918831414,857.5581899695972,864.9105130352275,25692348,HDFCBANK.NS
2024-12-23,874.0343017578125,876.4608267488114,864.4738169898098,864.8135067920166,11044592,HDFCBANK.NS
2024-12-24,872.6268310546875,877.7710517489787,868.4775092184595,874.5438211790217,14485834,HDFCBANK.NS
2024-12-26,869.0598754882812,879.3726061062491,864.2068257857081,872.8452779528201,10481678,HDFCBANK.NS
2024-12-27,872.6996459960938,876.4364704987394,868.2590937552997,871.0253675774094,7259330,HDFCBANK.NS
2024-12-30,862.82373046875,880.8285332674382,859.4751142791366,869.7635560951499,22222218,HDFCBANK.NS
2024-12-31,860.3729248046875,864.7164399349241,856.8544636879918,859.1354326463724,14117236,HDFCBANK.NS
2025-01-01,865.1774291992188,870.637110073425,854.6705648241472,860.6640693133434,7313806,HDFCBANK.NS
2025-01-02,870.5158081054688,875.2232427161829,860.4457297678027,862.4354683380634,18558576,HDFCBANK.NS
2025-01-03,848.8954467773438,871.2437647886038,847.4881097293069,869.181218624921,24426194,HDFCBANK.NS
2025-01-06,830.1141357421875,852.7778537230372,827.8332261221516,844.4791507386858,18816348,HDFCBANK.NS
2025-01-07,831.5215454101562,835.209851324859,825.0184469798143,832.2980215119891,13527906,HDFCBANK.NS
2025-01-08,822.252197265625,830.6722262669281,816.9380725391129,829.0221775951162,19738190,HDFCBANK.NS
2025-01-09,809.3916625976562,819.6801043914131,804.6841687860751,817.3263871062876,40420222,HDFCBANK.NS
2025-01-10,804.0289916992188,812.8372885629307,802.6944030605147,810.9445873725031,17453280,HDFCBANK.NS
2025-01-13,791.4596557617188,799.1760171914914,788.2809435229427,795.9002084068898,21669066,HDFCBANK.NS
2025-01-14,799.1030883789062,803.7620038731537,794.4441728846588,795.8515690343077,26661432,HDFCBANK.NS
2025-01-15,797.3803100585938,806.9165047926833,794.1045016943054,803.9076378434971,14022892,HDFCBANK.NS
2025-01-16,801.7481079101562,805.873200199019,797.2832665938832,802.1363163454865,21212454,HDFCBANK.NS
2025-01-17,794.3228759765625,800.9958190311999,790.3191101437801,797.5986843852027,23112076,HDFCBANK.NS
2025-01-20,801.3598022460938,806.0672365854673,789.1058522041777,789.1058522041777,17557618,HDFCBANK.NS
2025-01-21,797.0648803710938,806.115829748555,792.5272908307279,804.756952160241,31158144,HDFCBANK.NS
2025-01-22,808.5423583984375,811.3813805875693,788.8389294808721,797.0648841596673,30619306,HDFCBANK.NS
2025-01-23,807.9842529296875,818.7094808723397,801.359828269384,818.7094808723397,34909158,HDFCBANK.NS
2025-01-24,800.6561279296875,810.604879376396,798.0839880054712,805.6062147090801,24236200,HDFCBANK.NS
2025-01-27,790.9500732421875,797.6472463633178,789.1058906376462,796.433983923838,22804166,HDFCBANK.NS
2025-01-28,810.6534423828125,817.3991933860295,799.2972941154203,799.2972941154203,30179312,HDFCBANK.NS
2025-01-29,814.0020141601562,815.8704263644069,809.9011517987993,812.8857890816031,12619890,HDFCBANK.NS
2025-01-30,820.8933715820312,823.9993352943973,811.696865930955,815.7976693049923,25744846,HDFCBANK.NS
2025-01-31,824.4118041992188,827.2993450265934,817.2292670650723,818.830797136207,15821686,HDFCBANK.NS
2025-02-01,820.6264038085938,831.3274019434516,813.3954072501344,823.8051750140157,5587528,HDFCBANK.NS
2025-02-03,814.3417358398438,818.6124432523412,807.2805248629369,810.4592960980566,20276540,HDFCBANK.NS
2025-02-04,835.1613159179688,837.5393220656948,815.3366201880791,819.534460691003,28616502,HDFCBANK.NS
2025-02-05,843.363037109375,846.4689416589049,834.1907609306318,841.0335494558958,23675506,HDFCBANK.NS
2025-02-06,846.299072265625,848.7984047453597,836.6657803207547,842.2467875560731,26760716,HDFCBANK.NS
2025-02-07,840.9122314453125,857.5339275509261,837.1511177279839,849.2837426225924,23509600,HDFCBANK.NS
2025-02-10,832.6619873046875,836.3988118099606,829.1435263354559,833.4142336911924,17195950,HDFCBANK.NS
2025-02-11,825.6978759765625,830.3567917735487,819.5344674010676,826.4743520691721,22724704,HDFCBANK.NS
2025-02-12,828.3185424804688,830.8421046157138,815.8946879155817,821.6213102303759,22809570,HDFCBANK.NS
2025-02-13,823.9022216796875,831.9340426083429,821.8882534526111,824.5331418355402,12602434,HDFCBANK.NS
2025-02-14,822.5191040039062,825.9405276867242,815.3123371576534,825.9405276867242,19959892,HDFCBANK.NS
2025-02-17,833.4384765625,834.7245465784594,815.918979031997,817.8359099627821,12938946,HDFCBANK.NS
2025-02-18,836.2047119140625,840.329803960056,828.003046468469,831.3516624481879,16350910,HDFCBANK.NS
2025-02-19,838.2186889648438,843.4114874933574,831.0604409265417,833.2686021535318,11884112,HDFCBANK.NS
2025-02-20,818.7579956054688,832.152400807599,817.8844822121968,830.3567961314325,26390510,HDFCBANK.NS
2025-02-21,821.3786010742188,822.567574466393,813.977700828203,815.74907568617,15680940,HDFCBANK.NS
2025-02-24,813.9049682617188,817.3506217636291,806.1400885993494,815.8461881773111,20693646,HDFCBANK.NS
2025-02-25,816.4527587890625,819.1947435645432,810.9930781817751,810.9930781817751,24138708,HDFCBANK.NS
2025-02-27,825.3580932617188,830.235431637752,816.5498559350805,816.5498559350805,35786800,HDFCBANK.NS
2025-02-28,840.7423095703125,843.0960267361039,817.7388430279666,817.7388430279666,54516728,HDFCBANK.NS
2025-03-03,825.7706909179688,845.9108470636534,822.1551333662954,844.3336059197142,21205364,HDFCBANK.NS
2025-03-04,829.8715209960938,831.9583561196923,821.7426625301964,824.04786119963,19920958,HDFCBANK.NS
2025-03-05,820.1654052734375,830.2597724194886,819.316121569752,825.9647760106438,21583872,HDFCBANK.NS
2025-03-06,820.7477416992188,824.9699304836942,811.5512362127743,818.7094845214233,32966088,HDFCBANK.NS
2025-03-07,819.8014526367188,825.576593853863,814.1476376668198,816.2829914666041,13372914,HDFCBANK.NS
2025-03-10,818.9521484375,824.969941998729,816.7925649870414,819.6801059027778,15604050,HDFCBANK.NS
2025-03-11,817.9815063476562,822.1065984888339,810.4835684463997,816.4770728267864,19898430,HDFCBANK.NS
2025-03-12,830.4296264648438,833.9966062113717,820.9176607269924,820.9176607269924,18784106,HDFCBANK.NS
2025-03-13,828.221435546875,835.1128015457978,825.0427235934661,832.8076029783965,15736264,HDFCBANK.NS
2025-03-17,830.065673828125,836.6658099001849,827.4450150114936,827.4450150114936,18950652,HDFCBANK.NS
2025-03-18,830.065673828125,830.065673828125,830.065673828125,830.065673828125,0,HDFCBANK.NS
2025-03-19,846.42041015625,849.7690263917825,840.6452690024086,842.004146653194,15221406,HDFCBANK.NS
2025-03-20,858.3831787109375,860.9310298420936,848.9440205977578,851.2249302948321,17833978,HDFCBANK.NS
2025-03-21,859.15966796875,860.9795616616999,851.9771897387066,851.9771897387066,33508264,HDFCBANK.NS
2025-03-24,873.5489501953125,875.6843039218336,860.7611760226637,863.3575457763671,17393736,HDFCBANK.NS
2025-03-25,883.958740234375,894.7567761384419,874.2769294910811,875.9269782864857,39101416,HDFCBANK.NS
2025-03-26,876.7277221679688,886.8948376499686,874.5195608455505,885.681575218163,24478442,HDFCBANK.NS
2025-03-27,885.8514404296875,893.4464752752693,872.6268796196651,873.548970937254,41658100,HDFCBANK.NS
2025-03-28,887.2344970703125,891.0198994245295,876.3879431494396,887.6227647317345,28773648,HDFCBANK.NS
2025-04-01,857.9463500976562,878.3534470865061,856.7330877140463,874.5195261060333,28511006,HDFCBANK.NS
2025-04-02,872.0444946289062,873.16066049231,859.3294691298255,859.3294691298255,11573564,HDFCBANK.NS
2025-04-03,871.0496826171875,875.4902352930214,862.3870000641348,864.3767387506249,11250038,HDFCBANK.NS
2025-04-04,881.9447631835938,893.9074835384829,878.9358367650708,879.8579280746396,33540454,HDFCBANK.NS
2025-04-07,853.0205078125,863.7700245665659,843.5570610557007,855.4956105111871,37995450,HDFCBANK.NS
2025-04-08,858.5773315429688,864.8134887917699,849.4293443655757,856.5633039940931,35563872,HDFCBANK.NS
2025-04-09,856.5632934570312,861.4163432783175,850.982286162552,856.5632934570312,22454608,HDFCBANK.NS
2025-04-11,876.8247680664062,882.9638878798253,861.2950087869681,861.2950087869681,32775766,HDFCBANK.NS
2025-04-15,905.0452270507812,910.8203678930464,900.240696123474,905.0937456982635,49298344,HDFCBANK.NS
2025-04-16,911.4027099609375,914.2175024102767,902.9098732067754,914.2175024102767,19136820,HDFCBANK.NS
2025-04-17,925.3309326171875,931.6398970227459,910.7717839889756,913.3439239431574,35703084,HDFCBANK.NS
2025-04-21,935.2311401367188,946.6843248983055,926.9324374922522,933.726706667588,34247298,HDFCBANK.NS
2025-04-22,952.0227661132812,956.3419923313835,939.0651467003056,939.0651467003056,45961750,HDFCBANK.NS
2025-04-23,933.67822265625,960.3699954066212,932.0281739470523,960.3699954066212,30570642,HDFCBANK.NS
2025-04-24,930.2325439453125,933.6781972127433,924.5544405338061,926.9324466168475,25931754,HDFCBANK.NS
2025-04-25,927.5148315429688,938.094503546439,918.099962552793,934.1150265036636,18500878,HDFCBANK.NS
2025-04-28,931.882568359375,936.4929655182809,926.156005327847,927.5148236825167,13920492,HDFCBANK.NS
2025-04-29,926.35009765625,936.0561965032714,922.17642775897,931.2031470797607,18918308,HDFCBANK.NS
2025-04-30,934.2120361328125,939.9871769317172,927.0780770079656,928.3883766867898,31936870,HDFCBANK.NS
2025-05-02,932.7075805664062,942.4136794135693,931.7854893276606,936.5415014593009,17840404,HDFCBANK.NS
2025-05-05,939.9386596679688,947.3152712805899,937.754787372496,941.0063068714467,15068024,HDFCBANK.NS
2025-05-06,937.4635620117188,941.5401354999643,933.8723527219415,936.638567281111,17490156,HDFCBANK.NS
2025-05-07,944.2093505859375,945.7137841650697,932.9502988258117,938.5798247058746,21420778,HDFCBANK.NS
2025-05-08,935.91064453125,948.6741890736062,931.348765916796,948.6741890736062,34803430,HDFCBANK.NS
2025-05-09,917.0807495117188,931.3002083857921,915.6734125356725,926.9809824392288,17188796,HDFCBANK.NS
2025-05-12,949.8388671875,951.149226156264,928.0487213449755,930.6208021509265,18618972,HDFCBANK.NS
2025-05-13,933.0473022460938,952.0227142931207,931.7855212010662,946.3446699698328,24242102,HDFCBANK.NS
2025-05-14,927.2236938476562,936.7356597192896,923.5353878045329,932.8047011833116,15445308,HDFCBANK.NS
2025-05-15,938.4827270507812,943.8210814498384,920.6234813646776,928.6310129632633,32241458,HDFCBANK.NS
2025-05-16,938.9194946289062,943.3358172154161,935.8621088859327,938.4827675522878,15868010,HDFCBANK.NS
2025-05-19,940.8607177734375,943.9181627683963,937.1238932163359,940.0357230243618,10202964,HDFCBANK.NS
2025-05-20,929.3104858398438,938.8709699179398,928.3883945615378,935.7164876572758,23879090,HDFCBANK.NS
2025-05-21,935.0856323242188,944.8402502940019,932.3193584728106,935.1826696209016,15132040,HDFCBANK.NS
2025-05-22,931.7369995117188,933.8237752836327,924.6029810935157,929.4560306672615,21306670,HDFCBANK.NS
2025-05-23,938.3856811523438,940.0357299039,929.1163680438908,931.8340640363383,9566072,HDFCBANK.NS
2025-05-26,941.5886840820312,946.2961778607493,935.13416349166,939.0651219212037,10802860,HDFCBANK.NS
2025-05-27,934.8429565429688,945.3740503477449,929.989907003196,937.415037254252,26162148,HDFCBANK.NS
2025-05-28,933.4840698242188,938.8224242656362,930.6692774222134,931.8825397952628,18157594,HDFCBANK.NS
2025-05-29,935.42529296875,941.8798725130029,925.6221566559584,935.6679454442282,28917794,HDFCBANK.NS
2025-05-30,943.86962890625,945.7623300992254,934.406182182701,937.560664423884,28748078,HDFCBANK.NS
2025-06-02,937.65771484375,939.5504160632175,925.9618769879231,936.6871049098005,14668822,HDFCBANK.NS
2025-06-03,934.0179443359375,947.3153125176999,931.7855532960983,940.5210428582492,24377584,HDFCBANK.NS
2025-06-04,942.073974609375,943.0931624292062,932.2223193620798,932.2708380103269,12961542,HDFCBANK.NS
2025-06-05,946.1505126953125,950.6638723983343,941.5886343458625,945.3740366284826,22255418,HDFCBANK.NS
2025-06-06,960.27294921875,968.8143643397722,942.8019697752012,943.4328899516395,30127008,HDFCBANK.NS
2025-06-09,960.3699951171875,968.1833931080394,958.9140802403333,968.1833931080394,13202588,HDFCBANK.NS
2025-06-10,953.7698974609375,962.2627345803987,951.7315810074685,962.2627345803987,15533126,HDFCBANK.NS
2025-06-11,946.538818359375,954.8860400853163,944.8887696252715,954.8860400853163,11096394,HDFCBANK.NS
2025-06-12,943.1417236328125,951.6830795561876,939.2107650861756,946.3447246989118,16349130,HDFCBANK.NS
2025-06-13,930.6207885742188,938.0944968797781,928.3883975845915,931.7855323379068,12117762,HDFCBANK.NS
2025-06-16,939.2592163085938,940.957783641244,931.8340268436207,933.7267280054107,16513746,HDFCBANK.NS
2025-06-17,936.4444580078125,942.268117646221,931.3487558242051,940.0357266330969,16978736,HDFCBANK.NS
2025-06-18,938.5313110351562,939.6960548333931,930.329645039179,930.329645039179,18433816,HDFCBANK.NS
2025-06-19,939.210693359375,944.7917002839463,934.5031997999406,938.5312545811619,16876220,HDFCBANK.NS
2025-06-20,953.4786987304688,956.0023202459611,937.415115265286,937.415115265286,32900408,HDFCBANK.NS
2025-06-23,945.5681762695312,950.1785732937573,942.3651754483343,945.5681762695312,11739518,HDFCBANK.NS
2025-06-24,951.634521484375,960.4185295373859,949.0623814631601,953.6242600004867,22625322,HDFCBANK.NS
2025-06-25,961.0009155273438,961.8744882040819,953.0904797513926,954.1096083800328,18405932,HDFCBANK.NS
2025-06-26,981.1896362304688,983.7617170900772,960.9038642878594,961.5833031108746,50084830,HDFCBANK.NS
2025-06-27,988.5983276367188,991.0024945345428,978.0494846238399,987.666092322087,28213384,HDFCBANK.NS
2025-06-30,982.023681640625,988.0586250503452,979.0798184930638,986.9301202198938,13649020,HDFCBANK.NS
2025-07-01,987.2244873046875,989.138010315157,983.250284063281,983.740927917604,14389386,HDFCBANK.NS
2025-07-02,974.418701171875,991.0515399227539,970.4444979040134,991.0515399227539,18878250,HDFCBANK.NS
2025-07-03,974.9583740234375,985.2128423794024,973.584607191008,978.7854199779471,16860506,HDFCBANK.NS
2025-07-04,976.037841796875,983.0049605598704,971.4748300017685,974.9583893832662,7863944,HDFCBANK.NS
2025-07-07,975.1055908203125,980.5026731224453,973.3392849545877,975.8906089947405,11349426,HDFCBANK.NS
2025-07-08,981.974609375,983.740915249207,970.0028875050783,970.0028875050783,15224316,HDFCBANK.NS
2025-07-09,986.7828979492188,988.058619887602,980.3554754225707,984.7222177139129,13861428,HDFCBANK.NS
2025-07-10,984.3296508789062,989.6286283244265,981.2876830187669,989.1379844829171,17030310,HDFCBANK.NS
2025-07-11,973.2901611328125,983.6427940678678,971.9163943170895,980.3063919997392,12516922,HDFCBANK.NS
2025-07-14,972.94677734375,975.7434233970494,966.8627814826074,972.94677734375,13088850,HDFCBANK.NS
2025-07-15,979.079833984375,983.0540373178538,968.0403470063502,968.0403470063502,14498168,HDFCBANK.NS
2025-07-16,979.4723510742188,992.4253009235872,977.6569328760377,990.1192987637652,17994612,HDFCBANK.NS
2025-07-17,974.8602905273438,983.6428275379242,972.7995503940688,983.2502884954769,22529158,HDFCBANK.NS
2025-07-18,960.3862915039062,979.8157761377424,958.2274465683581,974.8602851924708,16129446,HDFCBANK.NS
2025-07-21,981.5330200195312,982.2689857931025,969.7575676423911,970.5916382285527,22309078,HDFCBANK.NS
2025-07-22,984.771240234375,990.1192700741381,982.7596124670459,987.7151032772119,14836814,HDFCBANK.NS
2025-07-23,993.2103881835938,995.9089294093236,982.7596500249109,986.6848008986999,13634916,HDFCBANK.NS
2025-07-24,988.2548217773438,999.7849522880986,985.4091233743482,999.7849522880986,19107176,HDFCBANK.NS
2025-07-25,985.9922485351562,991.1076548914018,983.237817433207,991.1076548914018,9306598,HDFCBANK.NS
2025-07-28,987.9105224609375,994.2555908496133,983.9756037755068,985.205265864704,12059580,HDFCBANK.NS
2025-07-29,994.3539428710938,996.7640925817828,981.9097985152405,983.6804999207345,19895696,HDFCBANK.NS
2025-07-30,996.4197998046875,999.764444634085,992.091365270063,997.5018784172968,15154036,HDFCBANK.NS
2025-07-31,992.6815795898438,999.1742313953042,987.664582321978,990.9108782036614,22183032,HDFCBANK.NS
2025-08-01,989.7304077148438,997.6494796779898,988.3040477115343,990.6157884442932,11317258,HDFCBANK.NS
2025-08-04,979.7947387695312,992.8291567300697,977.8764539291843,988.6974801605747,13933946,HDFCBANK.NS
2025-08-05,972.7118530273438,980.975205994727,966.7603007320947,977.0894619202779,23978058,HDFCBANK.NS
2025-08-06,976.499267578125,977.8272785976125,968.9737116887809,969.5147509914575,14080204,HDFCBANK.NS
2025-08-07,981.4671020507812,984.5166400056098,972.3184281442016,973.9415460716062,13081186,HDFCBANK.NS
2025-08-08,970.8920288085938,980.1882863803764,968.9737439061473,977.3846207407715,13895264,HDFCBANK.NS
2025-08-11,981.5654296875,982.5491593344192,970.4984711596596,971.8757166821836,9105854,HDFCBANK.NS
2025-08-12,968.924560546875,981.7622208654035,967.7440729221851,979.7455870293594,12937802,HDFCBANK.NS
2025-08-13,974.0399169921875,980.7784409396806,968.5309950398891,980.7784409396806,13577396,HDFCBANK.NS
2025-08-14,979.35205078125,981.7622004561191,969.5639286580633,972.908633518138,17511716,HDFCBANK.NS
2025-08-18,985.5003662109375,996.8132573563983,981.5654475516468,988.6483131467888,19284796,HDFCBANK.NS
2025-08-19,979.35205078125,986.7300232295675,977.1878335213248,982.8935135816985,12352438,HDFCBANK.NS
2025-08-20,977.9256591796875,979.7947696044055,973.4005266300795,977.3354453835109,9950228,HDFCBANK.NS
2025-08-21,979.4012451171875,982.5000176251586,975.4663263982883,982.5000176251586,12439850,HDFCBANK.NS
2025-08-22,966.317626953125,981.7621945267439,962.6286407512459,978.7618310909676,19833502,HDFCBANK.NS
2025-08-25,966.0717163085938,972.6135426708398,962.5794879672083,964.1534314319724,17518044,HDFCBANK.NS
2025-08-26,957.5625,969.6623631247153,952.2503356808104,963.5632270654481,16917731,HDFCBANK.NS
2025-08-28,942.2162475585938,956.3819785474136,939.4618165446824,951.2665723546679,25438255,HDFCBANK.NS
2025-08-29,936.1171264648438,947.6267755693488,934.6415319653455,938.4781016808785,14823813,HDFCBANK.NS
2025-09-01,935.1333618164062,941.8719458039564,930.9525108908947,934.1496321868741,20178344,HDFCBANK.NS
2025-09-02,929.1326904296875,939.2650942089082,928.6408255856272,935.5269334024698,14196320,HDFCBANK.NS
2025-09-03,938.9207763671875,940.740652202688,924.7058709175366,929.6245191670979,16083481,HDFCBANK.NS
2025-09-04,945.610107421875,949.9877162864987,940.6914592688354,944.5772033181551,17597657,HDFCBANK.NS
2025-09-05,947.7251586914062,951.7584261964354,938.5272505370174,951.7584261964354,11602111,HDFCBANK.NS
2025-09-08,950.2828369140625,957.3165278914954,944.823149393627,953.2340258485783,11711307,HDFCBANK.NS
2025-09-09,949.4467163085938,958.5462157684692,947.0365666053971,958.1526998830964,13985539,HDFCBANK.NS
2025-09-10,950.1845092773438,958.0543466125587,946.0528326679372,958.0543466125587,18091100,HDFCBANK.NS
2025-09-11,952.0535278320312,953.4799478098324,944.2820997482355,944.6755555766032,15113633,HDFCBANK.NS
2025-09-12,951.5617065429688,954.9555859441327,946.5938836721522,954.1194397337725,14363519,HDFCBANK.NS
2025-09-15,951.3157348632812,956.5294899386951,949.2991011128589,953.824233432933,14486377,HDFCBANK.NS
2025-09-16,951.1190185546875,953.5783427584718,945.560981879392,945.560981879392,18661794,HDFCBANK.NS
2025-09-17,950.7747192382812,958.5462075924,948.6596764461077,949.4467082101403,17361476,HDFCBANK.NS
2025-09-18,961.0055541992188,963.7108108355188,953.4799980850369,957.4640913046234,17791598,HDFCBANK.NS
2025-09-19,951.168212890625,960.8087513537787,946.4462625851606,959.0380500102757,31243267,HDFCBANK.NS
2025-09-22,948.5121459960938,955.3982535857159,946.298754270858,948.315388056543,10854415,HDFCBANK.NS
2025-09-23,941.6260375976562,952.447063800625,939.9536851760515,951.2665762064279,21022298,HDFCBANK.NS
2025-09-24,935.5761108398438,940.8882751893465,927.6570988338277,936.7074240016012,15117220,HDFCBANK.NS
2025-09-25,934.3955688476562,942.4129893816753,931.9854792780051,937.0024763946197,31413279,HDFCBANK.NS
2025-09-26,929.6737060546875,935.9695999150294,925.9847198182591,929.7228805294212,14874656,HDFCBANK.NS
2025-09-29,934.8382568359375,941.232499440892,923.8204729543667,930.6574059019287,32398179,HDFCBANK.NS
2025-09-30,935.5269165039062,944.3804835370663,930.9033750448373,942.4621986714628,28296687,HDFCBANK.NS
2025-10-01,949.5450439453125,953.8242439027433,930.6082481971154,937.1992488555558,25350832,HDFCBANK.NS
2025-10-03,949.4467163085938,951.0206597658967,936.5106471136629,936.5106471136629,26658296,HDFCBANK.NS
2025-10-06,957.6116333007812,961.4973774003239,946.3479168763192,956.0868643620497,18542683,HDFCBANK.NS
2025-10-07,966.514404296875,973.7447933808842,955.201513050652,958.1527020714059,25535736,HDFCBANK.NS
2025-10-08,962.7762451171875,969.8591107869768,958.6937429483099,960.1201629857547,15939710,HDFCBANK.NS
2025-10-09,961.2022094726562,963.0713198098597,954.3653364923583,958.6445364195181,15370950,HDFCBANK.NS
2025-10-10,964.9404296875,970.1541847807785,962.1859386567031,963.0713193511867,13757080,HDFCBANK.NS
2025-10-13,961.1038818359375,965.0388004923793,956.1852335153851,958.4477997344204,18634254,HDFCBANK.NS
2025-10-14,961.25146484375,964.4977607253469,951.2665847409552,954.2177737318785,22934382,HDFCBANK.NS
2025-10-15,962.3335571289062,968.8753835018975,957.5132576917447,959.1364356766506,23310447,HDFCBANK.NS
2025-10-16,978.1715698242188,980.384961573746,965.5306676270898,966.6619807603523,22936566,HDFCBANK.NS
2025-10-17,986.2381591796875,992.5832274986775,969.9574453059425,977.7781081157631,25210511,HDFCBANK.NS
2025-10-20,986.6316528320312,1003.4042311581684,980.7784494751901,980.7784494751901,22195202,HDFCBANK.NS
2025-10-21,991.3043823242188,993.5669485153896,987.664570603417,989.6320299074079,3471600,HDFCBANK.NS
2025-10-23,992.386474609375,1003.8961237048558,989.6320435542233,999.4693402098319,43526526,HDFCBANK.NS
2025-10-24,978.5650634765625,995.4852253636408,975.1711841959709,994.5506701933195,17707768,HDFCBANK.NS
2025-10-27,986.6316528320312,992.6323796093756,979.9914777728962,980.286584655995,15700796,HDFCBANK.NS
2025-10-28,987.2218627929688,991.5994716753507,978.8109864255694,981.4178939740924,33904289,HDFCBANK.NS
2025-10-29,991.451904296875,996.0262711888014,983.729650556841,988.5499498614066,17769445,HDFCBANK.NS
2025-10-30,981.9097900390625,993.0750977302371,980.8768258561881,983.7296659041476,19962917,HDFCBANK.NS
2025-10-31,971.2362670898438,988.1072545286754,965.1863657946757,977.8272677237645,23221330,HDFCBANK.NS
2025-11-03,976.499267578125,978.3683179002891,967.3013592642496,968.9737116887809,16607180,HDFCBANK.NS
2025-11-04,969.2196655273438,980.7784892471573,967.6948965344255,970.9411924643373,20024544,HDFCBANK.NS
2025-11-06,968.6294555664062,974.9252895070431,958.1527104344483,965.0388182096445,22279516,HDFCBANK.NS
2025-11-07,966.317626953125,968.8753600783504,958.8904800750938,964.0550607577244,15004568,HDFCBANK.NS
2025-11-10,968.4818725585938,974.8269410200376,964.2518469316628,966.3176552483678,15988262,HDFCBANK.NS
2025-11-11,975.564697265625,977.3353986115102,962.0875891716729,967.4981021987119,10200530,HDFCBANK.NS
2025-11-12,973.4005126953125,982.7459446009269,971.629811290036,982.549186657653,13137263,HDFCBANK.NS
2025-11-13,970.596923828125,973.9907432290495,966.6127705451346,967.990016129637,14124839,HDFCBANK.NS
2025-11-14,973.4988403320312,975.5155341538173,960.169315545859,960.169315545859,21386965,HDFCBANK.NS
2025-11-17,980.3357543945312,981.7129998984626,969.5639028977658,975.121999344663,18396408,HDFCBANK.NS
2025-11-18,976.302490234375,982.7459073482096,973.8923406153428,981.4178963551165,20002640,HDFCBANK.NS
2025-11-19,978.41748046875,980.3357652840727,967.9899702531849,973.8923481205824,19813847,HDFCBANK.NS
2025-11-20,992.4356689453125,995.1409255797437,976.3025381325072,979.106143718625,19850865,HDFCBANK.NS
2025-11-21,981.8114013671875,991.8946306513916,980.3358068377918,986.7792242744008,17499897,HDFCBANK.NS
2025-11-24,982.8934936523438,994.9933562138265,977.4337461176169,983.7296398293618,32204053,HDFCBANK.NS
2025-11-25,973.6956176757812,989.7303993265384,972.3184321597589,987.6645910314578,24989383,HDFCBANK.NS
2025-11-26,987.5662231445312,990.566586579224,965.3338969506472,965.3338969506472,19494356,HDFCBANK.NS
2025-11-27,993.0750732421875,1000.2562876177888,984.7133712881919,985.7954498771661,25536848,HDFCBANK.NS
2025-11-28,991.2059936523438,995.583602701878,987.8613487922537,990.615779865885,15988807,HDFCBANK.NS
2025-12-01,985.7954711914062,1000.9449320171519,983.0410401436599,1000.9449320171519,16746566,HDFCBANK.NS
2025-12-02,973.6956176757812,978.2208101938114,968.9737272569581,971.9249162739843,27316662,HDFCBANK.NS
2025-12-03,984.2214965820312,985.9921979107919,969.957416921422,969.957416921422,15448777,HDFCBANK.NS
2025-12-04,980.9752197265625,988.3531921071142,976.8435431850351,983.7296507402166,14528169,HDFCBANK.NS
2025-12-05,986.9759521484375,991.5994935414243,974.0891176678615,975.8598190407668,12843366,HDFCBANK.NS
2025-12-08,986.7791748046875,990.1238795871441,981.2703128546212,983.7296369469886,12901022,HDFCBANK.NS
2025-12-09,980.8768310546875,986.4841021884776,977.82729309106,978.7126738119038,15294322,HDFCBANK.NS
2025-12-10,973.6956176757812,982.2540778335763,969.2688341502419,981.2703481612342,15322830,HDFCBANK.NS
2025-12-11,984.0247802734375,986.3857555063869,972.4167821359742,973.892376646044,11844809,HDFCBANK.NS
2025-12-12,985.2052612304688,988.3532081724247,981.9589653386773,986.6808557305643,11988618,HDFCBANK.NS
2025-12-15,979.89306640625,985.5003373398883,975.8597989154725,975.8597989154725,9790060,HDFCBANK.NS
2025-12-16,978.1223754882812,982.4508099496376,973.9906989646398,973.9906989646398,20049088,HDFCBANK.NS
2025-12-17,967.989990234375,979.7947462128429,964.8420432983647,979.7947462128429,19080922,HDFCBANK.NS
2025-12-18,963.7599487304688,971.334679033018,957.464054962666,957.464054962666,14912404,HDFCBANK.NS
2025-12-19,969.465576171875,971.9249003123414,962.7762265182249,970.9411706561548,25952384,HDFCBANK.NS
2025-12-22,971.6298217773438,976.745228147207,967.8916609831689,971.9249286743926,13540411,HDFCBANK.NS
2025-12-23,980.3849487304688,982.647574967353,971.6297908389565,974.3842218605324,17927849,HDFCBANK.NS
2025-12-24,980.9752197265625,983.1394369666097,976.8435431850351,976.8435431850351,13699996,HDFCBANK.NS
2025-12-26,975.9581909179688,980.9752483081762,971.6298163538564,979.7947606844748,9360853,HDFCBANK.NS
2025-12-29,975.564697265625,981.1719682293385,971.1379138798658,976.9418827381613,13545749,HDFCBANK.NS
2025-12-30,974.7777709960938,978.8110386964976,966.219310709625,974.0891482066822,33155849,HDFCBANK.NS
2025-12-31,975.0728759765625,981.3687099365719,971.531413084593,974.8761180311038,10963454,HDFCBANK.NS
2026-01-01,975.023681640625,981.3195154723957,973.4005036762727,977.3354223369146,7132074,HDFCBANK.NS
2026-01-02,985.3035888671875,986.8775923251652,972.7118614138294,975.0236621058955,11751459,HDFCBANK.NS
2026-01-05,961.5957641601562,990.0255759869466,960.4152765333309,989.3861276768052,27647379,HDFCBANK.NS
2026-01-06,946.544677734375,950.9714611429873,940.445541918535,947.0365425575541,31988783,HDFCBANK.NS
2026-01-07,933.608642578125,940.8882662408619,930.6082790568153,940.4455758755977,52884712,HDFCBANK.NS
2026-01-08,931.296875,937.4943598087852,926.083119844739,929.3294156929511,21928849,HDFCBANK.NS
2026-01-09,923.72216796875,935.1334082207486,918.1148967937476,929.6245460388378,38183839,HDFCBANK.NS
2026-01-12,921.7055053710938,926.6733280832916,914.4750564356341,922.246544668881,21071666,HDFCBANK.NS
2026-01-13,922.0989990234375,932.2806373194226,917.4262830054705,932.2806373194226,32042827,HDFCBANK.NS
2026-01-14,910.3926391601562,924.7550683892156,905.2280583696796,914.8685971701506,36688248,HDFCBANK.NS
2026-01-15,910.3926391601562,910.3926391601562,910.3926391601562,910.3926391601562,0,HDFCBANK.NS
2026-01-16,915.95068359375,920.7218085803552,904.2443363942556,906.9987674975428,37780235,HDFCBANK.NS
2026-01-19,912.8027954101562,920.9185652819042,904.5394420693568,920.6726328615482,38191942,HDFCBANK.NS
2026-01-20,916.049072265625,919.2953681382725,904.637772173591,914.1799618930222,36022727,HDFCBANK.NS
2026-01-21,905.3755493164062,916.9836070913005,900.6044845836736,909.9499161549952,32766854,HDFCBANK.NS
2026-01-22,903.75244140625,913.1962220288154,898.3419283315923,912.9011151422527,44444755,HDFCBANK.NS
2026-01-23,901.1947021484375,911.0319985807623,894.4561781091321,905.0312717738813,30985247,HDFCBANK.NS
2026-01-27,911.3272094726562,916.0490999795524,890.2753700750383,891.2590997657288,44753093,HDFCBANK.NS
2026-01-28,917.524658203125,926.1322926560076,913.2946327089841,917.3279002643548,35347138,HDFCBANK.NS
2026-01-29,920.2791137695312,924.0172745375145,909.310503842987,914.9669494914904,37175628,HDFCBANK.NS
2026-01-30,914.1307983398438,923.6238136980638,912.6552038308206,914.8685955943554,29691233,HDFCBANK.NS
2026-02-02,912.9994506835938,914.6718030723491,894.5053455447564,900.1126164754811,28032106,HDFCBANK.NS
2026-02-03,933.2643432617188,977.8272849855383,929.6245315003357,967.7440559401642,50336968,HDFCBANK.NS
2026-02-04,937.5927124023438,941.62604002273,932.5265406922532,937.0024986247718,24366770,HDFCBANK.NS
2026-02-05,934.248046875,940.4947060438036,931.2968579683982,940.4455315704454,28103169,HDFCBANK.NS
2026-02-06,925.7879638671875,932.674071523322,922.3449100391202,929.6245335781572,18120272,HDFCBANK.NS
2026-02-09,922.0006103515625,934.5431633331389,920.1315000080592,929.6245151050697,23947829,HDFCBANK.NS
2026-02-10,917.2295532226562,925.5912552799808,914.8194035624206,914.868578036692,31525385,HDFCBANK.NS
2026-02-11,912.0157470703125,920.7709650928405,910.2450456843219,916.098249190927,24869804,HDFCBANK.NS
2026-02-12,905.6215209960938,913.4913584500406,903.5557126812706,911.9174149760892,33872203,HDFCBANK.NS
2026-02-13,889.1932373046875,913.097855324917,886.3403973585059,898.1451529282086,50188359,HDFCBANK.NS
2026-02-16,910.7368774414062,914.3766890728148,887.4224732532938,889.1932346170704,18806989,HDFCBANK.NS
2026-02-17,910.6385498046875,912.9994649414832,903.6540332583628,907.9824677389611,22599629,HDFCBANK.NS
2026-02-18,909.6548461914062,910.4418179261975,904.5886143276533,908.1792516728873,12738702,HDFCBANK.NS
2026-02-19,900.702880859375,914.0816406792112,897.6041683586819,913.8848827326366,21209234,HDFCBANK.NS
2026-02-20,897.0138549804688,902.9162328649714,893.6200357305538,896.1777087970013,22654907,HDFCBANK.NS
2026-02-23,908.5726928710938,910.5893867142319,900.3585742006053,901.5882362795462,23270122,HDFCBANK.NS
2026-02-24,895.6858520507812,912.8519465614362,894.3578410316289,912.8519465614362,31313985,HDFCBANK.NS
2026-02-25,892.8330078125,901.0963609031212,888.4062243801156,895.7350222932594,27884303,HDFCBANK.NS
2026-02-26,883.9794311523438,897.1614323550999,880.4380284625158,897.1614323550999,41165937,HDFCBANK.NS
2026-02-27,873.3060302734375,884.3238147843207,870.6007736322075,883.9794733683615,34620755,HDFCBANK.NS
2026-03-02,865.0918579101562,873.3059762779105,857.3695443137591,861.9439110956672,38378924,HDFCBANK.NS
2026-03-04,854.5167846679688,864.993469417403,834.202743374385,834.202743374385,39862322,HDFCBANK.NS
2026-03-05,863.4686889648438,867.0593261570968,849.4505416361635,859.6321193633155,31324582,HDFCBANK.NS
2026-03-06,843.10546875,857.5171318697022,841.1871839599715,853.9264946975441,34439647,HDFCBANK.NS
2026-03-09,827.0215454101562,828.7430723323081,808.1339237415574,811.5769775858611,35592613,HDFCBANK.NS
2026-03-10,835.629150390625,842.8595391904452,826.923107096334,836.2193641547399,52866024,HDFCBANK.NS
2026-03-11,820.38134765625,835.0388833093358,814.1346283989498,831.2515482012323,42261076,HDFCBANK.NS
2026-03-12,819.2008666992188,822.7915039414563,806.7566625998296,806.7566625998296,46107561,HDFCBANK.NS
2026-03-13,803.7071533203125,810.3965031755142,798.7885048911796,806.6583423777922,41700464,HDFCBANK.NS
2026-03-16,826.9231567382812,830.7597265616207,802.3791489072894,803.7071599773169,52182605,HDFCBANK.NS
2026-03-17,831.5958251953125,835.0881134427475,821.5125964091002,833.907625869114,38826979,HDFCBANK.NS
2026-03-18,829.333251953125,833.0222380629118,818.0695356894909,831.5958180920426,23507063,HDFCBANK.NS
2026-03-19,785.2130126953125,802.3791069663046,757.4718247668609,757.4718247668609,171637393,HDFCBANK.NS
2026-03-20,767.7518310546875,780.8354236248008,765.5384393026802,772.2277890336613,103129469,HDFCBANK.NS
2026-03-23,732.04248046875,756.1930326018271,728.9928823726722,750.7333447737776,72341738,HDFCBANK.NS
2026-03-24,752.454833984375,760.1770877270425,735.5346719806084,742.7158864237038,61269986,HDFCBANK.NS
2026-03-25,769.5717163085938,781.8683373030494,755.7011518436857,755.7011518436857,59230640,HDFCBANK.NS
2026-03-27,743.8963623046875,762.2921184952538,742.2731843894259,760.6197661066401,65485199,HDFCBANK.NS
2026-03-30,719.6473999023438,738.7809532430898,714.8271607333363,733.0753333889118,103500135,HDFCBANK.NS
2026-04-01,730.17333984375,743.6012737142313,727.0745673991486,730.9111370884557,78862761,HDFCBANK.NS
2026-04-02,738.6826171875,742.7158847301245,714.8271732077576,718.1226435138951,49310300,HDFCBANK.NS
2026-04-06,758.45556640625,760.1770933079504,732.8785952952741,746.6508105088765,42976659,HDFCBANK.NS
2026-04-07,759.4392700195312,761.4067292682865,748.6182441513773,753.5368922732654,51309793,HDFCBANK.NS
2026-04-08,802.82177734375,804.4941298279846,783.0488345582994,786.9837533249241,70269512,HDFCBANK.NS
2026-04-09,784.72119140625,805.674621946626,780.1959987742106,801.7397031581198,48879392,HDFCBANK.NS
2026-04-10,797.1161499023438,799.0344347920734,787.9674758614352,790.9186649096054,38156026,HDFCBANK.NS
2026-04-13,781.7699584960938,785.5081191272287,774.5395096022282,778.6220116333144,47549328,HDFCBANK.NS
2026-04-15,796.72265625,801.5428954413671,790.9186273804953,791.8531825431569,39769515,HDFCBANK.NS
2026-04-16,782.5077514648438,806.7074765090769,779.3106301457999,804.6908427624061,62861293,HDFCBANK.NS
2026-04-17,786.8853759765625,790.8694690755784,775.3757269911107,777.2447773125524,37282544,HDFCBANK.NS
2026-04-20,782.5077514648438,796.7718311959621,777.146412936798,784.130869340026,52148044,HDFCBANK.NS
2026-04-21,798.5425415039062,801.6413139109341,782.2618278432276,782.2618278432276,49135752,HDFCBANK.NS
2026-04-22,786.8853759765625,799.8213849297669,785.0162656130275,796.8210214869076,23876412,HDFCBANK.NS
2026-04-23,771.5883178710938,783.6882404572269,769.7684420568696,779.1138736217773,37677616,HDFCBANK.NS
2026-04-24,772.0802001953125,774.7854567622786,764.3579463755373,764.6530532653331,27720358,HDFCBANK.NS
2026-04-27,776.9496459960938,780.0975928052393,772.227755803421,774.6870798664892,18115375,HDFCBANK.NS
2026-04-28,769.817626953125,781.5732082997206,765.6367759332712,772.2277766082829,35366803,HDFCBANK.NS
2026-04-29,766.3253784179688,777.1464043006358,764.7022005187322,772.7196209849993,25799963,HDFCBANK.NS
2026-04-30,759.1441650390625,766.1286213727735,749.847908057028,757.4718126650201,47998755,HDFCBANK.NS
2026-05-01,759.1441650390625,759.1441650390625,759.1441650390625,759.1441650390625,0,HDFCBANK.NS
2026-05-04,766.7189331054688,773.8017387354295,760.0295232783589,760.0295232783589,29028060,HDFCBANK.NS
2026-05-05,759.734375,764.2595672860843,751.2743242683289,761.8002432312857,38887657,HDFCBANK.NS
2026-05-06,783.58984375,785.9508189360297,760.9148872376333,762.5380651832903,35530831,HDFCBANK.NS
2026-05-07,783.0979614257812,788.5084744009563,775.7199891869062,781.0813276889071,46137553,HDFCBANK.NS
2026-05-08,768.145263671875,775.9167518274592,764.5546865191014,771.2440360478325,38016841,HDFCBANK.NS
2026-05-11,751.2251586914062,762.2428825536997,749.5036318326614,759.3901026416063,41123422,HDFCBANK.NS
2026-05-12,738.2399291992188,747.3394284783378,735.6330216051203,744.2898305325124,43937132,HDFCBANK.NS
2026-05-13,737.4037475585938,747.5853858194506,735.1903557682459,739.7647228184694,28960919,HDFCBANK.NS
2026-05-14,757.0291748046875,765.6368096362314,734.846082190099,738.7810009702333,50992358,HDFCBANK.NS
2026-05-15,755.0125122070312,769.1782432932904,752.9467039429112,760.4230253238243,24347873,HDFCBANK.NS
2026-05-18,756.143798828125,761.5050772404568,739.1252283144738,746.6507839481793,29812079,HDFCBANK.NS
2026-05-19,750.044677734375,758.2587962302428,747.8804605130283,754.2255287138954,40307830,HDFCBANK.NS
2026-05-20,747.1427001953125,749.8479568451309,742.8635000569833,747.2410491475586,24013451,HDFCBANK.NS
2026-05-21,746.7984008789062,755.7503168336749,742.8634822100684,754.5206547496631,34664725,HDFCBANK.NS
2026-05-22,754.3239135742188,762.390509033052,746.7984174780529,746.7984174780529,25604071,HDFCBANK.NS
2026-05-25,774.0476684570312,775.0313981291084,762.5872538025895,763.3742255318324,26043952,HDFCBANK.NS
2026-05-26,766.22705078125,777.9825721015808,764.1120080103449,771.2932224692265,31528062,HDFCBANK.NS
2026-05-27,746.3065185546875,761.3083956280444,744.584991677417,756.9799611769273,63680153,HDFCBANK.NS
2026-05-28,746.3065185546875,746.3065185546875,746.3065185546875,746.3065185546875,0,HDFCBANK.NS
2026-05-29,732.4359130859375,748.1264133157719,725.7465633447872,733.9115075895189,101299431,HDFCBANK.NS
2026-06-01,730.6160278320312,740.1089829912345,727.1729740345589,736.8135126590627,47996441,HDFCBANK.NS
2026-06-02,736.0757446289062,741.3386744827858,721.2214502442791,725.0087855549667,47314447,HDFCBANK.NS
2026-06-03,741.3878784179688,744.5849997963322,730.5176176978582,732.3375535846441,36109480,HDFCBANK.NS
2026-06-04,741.9288940429688,744.9784318589446,732.8785694984622,736.9610714527732,42673538,HDFCBANK.NS
2026-06-05,734.8952026367188,746.355676758121,732.5342875674706,741.6829610502508,22116568,HDFCBANK.NS
2026-06-08,726.6319580078125,729.4355636015806,722.5494557860566,725.9925096938186,21550700,HDFCBANK.NS
2026-06-09,726.3367919921875,731.8457142768752,720.3852393810432,727.4189306755471,38539563,HDFCBANK.NS
2026-06-10,734.698486328125,743.6504624272108,724.418559222074,724.5169081730804,44458159,HDFCBANK.NS
2026-06-11,732.485107421875,743.699649970007,728.0583237911012,730.9111639255492,32632007,HDFCBANK.NS
2026-06-12,759.8819580078125,761.8494172504803,740.8467538097462,742.4207572291352,36088159,HDFCBANK.NS
2026-06-15,764.7022094726562,780.5894671305239,762.980682607529,777.1464134002696,39990334,HDFCBANK.NS
2026-06-16,772.1294555664062,774.8838866823837,766.7681167622869,767.8010209255166,27820970,HDFCBANK.NS
2026-06-17,774.2935791015625,781.376444549763,770.3586605239058,774.8346784396643,32405604,HDFCBANK.NS
2026-06-18,786.0,789.8857441736253,773.4082723338255,773.7033792240301,41492071,HDFCBANK.NS
2026-06-19,779.7999877929688,789.0499877929688,776.2000122070312,788.7000122070312,33798761,HDFCBANK.NS
2026-06-22,786.4000244140625,789.9000244140625,783.0999755859375,789.9000244140625,25194765,HDFCBANK.NS
2026-06-23,774.6500244140625,790.9000244140625,772.5499877929688,783.0499877929688,28289062,HDFCBANK.NS
2026-06-24,793.2000122070312,794.9000244140625,772.6500244140625,773.0,34701292,HDFCBANK.NS
2026-06-25,796.2999877929688,804.4500122070312,794.75,798.5,46707966,HDFCBANK.NS
2026-06-26,796.2999877929688,796.2999877929688,796.2999877929688,796.2999877929688,0,HDFCBANK.NS
2026-06-29,798.9000244140625,805.9000244140625,793.2999877929688,800.0,46695977,HDFCBANK.NS
2026-06-30,797.9500122070312,806.0999755859375,792.75,806.0999755859375,45778356,HDFCBANK.NS
2026-07-01,796.1500244140625,802.25,793.5,793.5,26094378,HDFCBANK.NS
2026-07-02,795.9000244140625,805.4500122070312,794.0,795.0,34143823,HDFCBANK.NS
2026-07-03,801.0499877929688,807.0,798.5499877929688,803.0,25871958,HDFCBANK.NS
2026-07-06,829.8499755859375,831.5,805.0,805.0,63203327,HDFCBANK.NS
2026-07-07,829.2999877929688,843.0,826.0999755859375,843.0,57611729,HDFCBANK.NS
2026-07-08,810.2999877929688,834.3499755859375,806.9500122070312,825.9000244140625,38754632,HDFCBANK.NS
2026-07-09,817.5499877929688,822.8499755859375,812.2999877929688,813.0,39891798,HDFCBANK.NS
2026-07-10,824.9500122070312,827.7000122070312,820.2999877929688,824.0,23595785,HDFCBANK.NS
2026-07-13,817.9500122070312,821.9500122070312,811.0,817.0,21741736,HDFCBANK.NS
2026-07-14,809.4000244140625,818.4000244140625,807.0,811.4000244140625,25605395,HDFCBANK.NS
2026-07-15,815.4500122070312,819.7000122070312,809.7000122070312,811.0,21488739,HDFCBANK.NS
2026-07-16,808.2999877929688,818.0,806.5,814.5,18698186,HDFCBANK.NS
2026-07-17,819.5999755859375,823.7000122070312,808.5,810.0,17415322,HDFCBANK.NS
2026-07-20,777.5999755859375,790.0,774.5499877929688,790.0,56061789,HDFCBANK.NS
2026-07-21,761.4500122070312,772.5,760.0999755859375,769.1500244140625,42246009,HDFCBANK.NS
2026-07-22,753.1500244140625,761.3499755859375,750.3499755859375,760.25,23385446,HDFCBANK.NS
2026-07-23,747.25,751.0,743.25,749.4000244140625,32532090,HDFCBANK.NS
2026-07-24,742.7999877929688,748.25,737.25,738.5,23837859,HDFCBANK.NS
2026-07-27,739.5499877929688,747.9500122070312,738.0999755859375,746.0999755859375,29678752,HDFCBANK.NS
2026-07-28,735.4000244140625,740.25,732.0,732.0,33886037,HDFCBANK.NS
2026-07-29,748.2000122070312,751.25,740.7999877929688,743.0,20460659,HDFCBANK.NS
2026-07-30,753.9500122070312,757.9000244140625,745.5,752.7999877929688,35844392,HDFCBANK.NS
2026-07-31,748.1500244140625,757.5499877929688,747.2000122070312,753.9500122070312,25522483,HDFCBANK.NS
2026-08-03,753.0,756.8499755859375,750.0499877929688,753.0499877929688,14827841,HDFCBANK.NS
2026-08-04,742.0,753.2000122070312,738.0,753.2000122070312,31559802,HDFCBANK.NS
2026-08-05,735.0,741.9500122070312,732.5999755859375,733.7999877929688,60050538,HDFCBANK.NS
2026-08-06,734.2999877929688,740.5,733.5499877929688,739.0,44772122,HDFCBANK.NS
2026-08-07,731.0,736.0,728.2000122070312,733.0,19382042,HDFCBANK.NS
2026-08-10,731.0,737.5499877929688,728.5,731.5,23660590,HDFCBANK.NS
2026-08-11,729.0,730.8499755859375,726.5499877929688,730.5,29154365,HDFCBANK.NS
2026-08-12,729.0,730.6500244140625,722.0,729.0,26993177,HDFCBANK.NS
2026-08-13,725.0,729.0,724.5,726.9000244140625,22129893,HDFCBANK.NS
2026-08-14,727.0,729.5999755859375,723.5,725.0,20364131,HDFCBANK.NS
2026-08-17,729.0,732.0999755859375,724.5,727.0499877929688,14823722,HDFCBANK.NS
2026-08-18,723.0,729.0,723.0,726.2999877929688,17916507,HDFCBANK.NS
2026-08-19,720.0,725.4000244140625,715.0999755859375,724.0,21342651,HDFCBANK.NS
2026-08-20,725.0499877929688,728.2999877929688,724.2999877929688,725.5,17603805,HDFCBANK.NS
2026-08-21,726.9500122070312,732.7999877929688,726.5999755859375,728.2999877929688,26029811,HDFCBANK.NS
2026-08-24,729.0,734.4000244140625,724.0999755859375,732.5,11408345,HDFCBANK.NS
2026-08-25,727.5,728.7000122070312,722.0,726.5999755859375,17511874,HDFCBANK.NS
2026-08-26,727.2000122070312,731.0,724.1500244140625,728.0,21156463,HDFCBANK.NS
2026-08-27,711.0,728.1500244140625,710.0,728.1500244140625,46515020,HDFCBANK.NS
2026-08-28,720.2999877929688,720.2999877929688,707.0,710.8499755859375,16494301,HDFCBANK.NS
2026-08-31,709.0,739.75,704.1500244140625,723.0499877929688,78157067,HDFCBANK.NS
2026-09-01,711.9000244140625,715.4500122070312,698.5,705.0499877929688,44417092,HDFCBANK.NS
2026-09-02,,,,,36929072,HDFCBANK.NS
