Date,Close,High,Low,Open,Volume,ticker
2010-01-04,266.7189636230469,272.3781145559934,265.61172817700816,270.5327591750475,3275801,BHARTIARTL.NS
2010-01-05,270.94287109375,272.2961374253612,266.965054577387,269.2205169779672,4773358,BHARTIARTL.NS
2010-01-06,268.0721740722656,274.87957804244627,267.45705573980047,273.0752142707819,4893074,BHARTIARTL.NS
2010-01-07,270.1636657714844,273.9364422382948,269.01543911526846,269.3024888363629,4292821,BHARTIARTL.NS
2010-01-08,266.59588623046875,271.8449572419106,266.26781755651405,270.45067232056147,2946669,BHARTIARTL.NS
2010-01-11,269.7945861816406,271.47594886923133,266.96502457502265,271.47594886923133,3487591,BHARTIARTL.NS
2010-01-12,264.2994689941406,273.8544540606614,262.78215448413965,270.73781479543146,7220708,BHARTIARTL.NS
2010-01-13,261.141845703125,264.0534455497626,258.55828684645763,263.68435777828404,4770795,BHARTIARTL.NS
2010-01-14,260.8548278808594,264.5866143720389,260.157698959859,261.79801537249415,4349517,BHARTIARTL.NS
2010-01-15,260.3216857910156,264.5045420910467,259.17345889645145,260.81380286857467,4890287,BHARTIARTL.NS
2010-01-18,263.02825927734375,264.6686033297621,259.29650085845674,259.99362972333114,4348367,BHARTIARTL.NS
2010-01-19,262.9051818847656,267.2110668768931,260.89577814571965,263.274269643451,4310517,BHARTIARTL.NS
2010-01-20,271.8860168457031,272.54215429160416,263.72534554858646,263.72534554858646,10115597,BHARTIARTL.NS
2010-01-21,264.4225158691406,273.11632451052515,263.43830954529466,270.6557948149891,4388678,BHARTIARTL.NS
2010-01-22,264.2174377441406,270.6557552617572,258.353219669321,261.38784844807583,9648877,BHARTIARTL.NS
2010-01-25,271.3939514160156,272.0910801559416,261.14183764072436,264.2174578873915,5990411,BHARTIARTL.NS
2010-01-27,264.8326110839844,272.13213482244305,262.4541192655839,270.24573231012636,5597033,BHARTIARTL.NS
2010-01-28,257.2460021972656,268.89239989177815,255.0725504375121,265.7347419895794,8455790,BHARTIARTL.NS
2010-01-29,251.29981994628906,257.45108862964787,249.45443656409716,255.07259696120877,7595735,BHARTIARTL.NS
2010-02-01,255.23660278320312,257.28702555973285,250.15155096478844,250.15155096478844,4288766,BHARTIARTL.NS
2010-02-02,252.32504272460938,258.9274101035109,251.0537865128063,257.9432036831922,5096874,BHARTIARTL.NS
2010-02-03,253.43228149414062,256.5079022945922,251.38185836989103,254.25243963510226,4049198,BHARTIARTL.NS
2010-02-04,249.41342163085938,253.43225723493796,246.4608303885509,251.79191333818721,2861509,BHARTIARTL.NS
2010-02-05,246.09176635742188,249.7005232786978,241.45781175909602,247.6910913967271,4344729,BHARTIARTL.NS
2010-02-08,252.8991241455078,254.66249713311248,245.55861022758165,247.77305344220693,5335407,BHARTIARTL.NS
2010-02-09,256.8359375,259.5835169020401,251.79190449500544,254.25240636779483,6797505,BHARTIARTL.NS
2010-02-10,258.5993347167969,261.14187484755445,252.7761343736303,258.35327617501673,6011378,BHARTIARTL.NS
2010-02-11,257.94317626953125,260.7317469448149,254.86755583327027,258.7633620852185,3742244,BHARTIARTL.NS
2010-02-15,234.24026489257812,259.9935626724568,233.25605871494832,259.9935626724568,21051251,BHARTIARTL.NS
2010-02-16,222.75796508789062,237.4389822984551,220.91258144659253,234.568400951906,49980391,BHARTIARTL.NS
2010-02-17,228.95018005371094,231.08261294195253,224.23420240990967,224.23420240990967,17899829,BHARTIARTL.NS
2010-02-18,231.2056884765625,233.25611153463979,226.36669450299524,228.82719661831908,7785215,BHARTIARTL.NS
2010-02-19,228.6631622314453,232.84603249084424,224.97240905824637,230.0984667037357,9762722,BHARTIARTL.NS
2010-02-22,227.1048126220703,232.10784034059705,226.36666486131472,230.4675104404823,6283372,BHARTIARTL.NS
2010-02-23,229.72935485839844,230.63155090749498,225.5464989224667,225.5464989224667,4149060,BHARTIARTL.NS
2010-02-24,226.32565307617188,229.64734587743615,225.5465001673762,229.64734587743615,5771589,BHARTIARTL.NS
2010-02-25,226.57168579101562,229.6473197232817,225.95655345019466,227.18680424591722,7132567,BHARTIARTL.NS
2010-02-26,229.1142120361328,231.28765002208226,226.2026124623128,228.00697659728667,7128286,BHARTIARTL.NS
2010-03-02,238.01307678222656,240.14550993191563,229.6473507989825,229.6473507989825,6950115,BHARTIARTL.NS
2010-03-03,239.4483642578125,241.86784700031592,238.09507024312646,240.3095412592162,5656398,BHARTIARTL.NS
2010-03-04,240.80166625976562,241.8678829177569,237.8490470571281,237.8490470571281,3663476,BHARTIARTL.NS
2010-03-05,244.77943420410156,249.1263379966029,240.30952893642748,241.1296868873874,9062775,BHARTIARTL.NS
2010-03-08,240.0635223388672,248.3472249673055,238.66923685771798,244.53342857283687,6942247,BHARTIARTL.NS
2010-03-09,238.91526794433594,241.25274055868735,235.42954075618516,239.48936745939378,4200362,BHARTIARTL.NS
2010-03-10,236.20870971679688,241.53979253029777,232.92802200707163,239.48936965468002,5975112,BHARTIARTL.NS
2010-03-11,241.0886688232422,242.4009437673775,236.4957342906078,236.9468322741342,4471626,BHARTIARTL.NS
2010-03-12,245.31259155273438,246.3378169685843,240.30957706066806,240.30957706066806,4487902,BHARTIARTL.NS
2010-03-15,245.64065551757812,247.1169789764658,237.8490424891425,237.8490424891425,3477760,BHARTIARTL.NS
2010-03-16,241.7858123779297,245.23052003624034,239.9404293078579,244.8204410810772,3042667,BHARTIARTL.NS
2010-03-17,244.45140075683594,247.28099053105217,242.48298806417742,242.77006560592537,3695915,BHARTIARTL.NS
2010-03-18,246.13275146484375,248.9213220884677,243.67222183520695,246.00972220617774,4981590,BHARTIARTL.NS
2010-03-19,255.81076049804688,256.58992735568125,246.05073470037095,246.05073470037095,8505632,BHARTIARTL.NS
2010-03-22,259.46044921875,262.2900384507487,251.79186720678254,252.20194616287793,7411728,BHARTIARTL.NS
2010-03-23,252.32504272460938,263.27431485029064,250.6026884320129,260.15767507187064,6234799,BHARTIARTL.NS
2010-03-25,257.86114501953125,259.1734200002865,248.5112274394099,254.25238882245426,11381437,BHARTIARTL.NS
2010-03-26,254.3753662109375,259.0913569330032,250.15149239224138,258.23018012394067,7975896,BHARTIARTL.NS
2010-03-29,256.05682373046875,258.27126730282697,254.416479729549,255.0726173299169,3102927,BHARTIARTL.NS
2010-03-30,254.94956970214844,259.17344478595857,254.047373623639,255.4826779925833,3700172,BHARTIARTL.NS
2010-03-31,256.3438720703125,262.2080914260825,251.79192790787658,253.1862133578329,7532934,BHARTIARTL.NS
2010-04-01,247.6910400390625,259.58349725806534,246.5017943171622,256.38484784268104,14419348,BHARTIARTL.NS
2010-04-05,259.2144470214844,260.9368012285426,248.1011549302648,251.79192188020212,10741491,BHARTIARTL.NS
2010-04-06,259.54248046875,261.46987393591473,255.72871254208613,260.4036574550083,4129617,BHARTIARTL.NS
2010-04-07,262.7821044921875,267.21101792586677,257.2869747578603,259.9935345102108,5770421,BHARTIARTL.NS
2010-04-08,256.63092041015625,263.6843856487095,254.25242857858493,261.63396261362544,6877157,BHARTIARTL.NS
2010-04-09,252.53005981445312,259.5835246472909,251.79191200777623,255.89275784206367,6484250,BHARTIARTL.NS
2010-04-12,252.776123046875,255.81075235336831,250.5616795856152,250.5616795856152,5891860,BHARTIARTL.NS
2010-04-13,251.79185485839844,255.89269976191417,251.0947262215924,251.79185485839844,3395835,BHARTIARTL.NS
2010-04-15,249.4954376220703,255.03158798651523,248.38822976665608,252.61210498351318,4931669,BHARTIARTL.NS
2010-04-16,249.987548828125,251.5048634604741,247.44500884631495,248.92133223866503,4153955,BHARTIARTL.NS
2010-04-19,250.8897247314453,281.8920968992138,244.615427191252,281.8920968992138,4812139,BHARTIARTL.NS
2010-04-20,249.741455078125,253.43222138070357,248.10111141344132,253.43222138070357,3760929,BHARTIARTL.NS
2010-04-21,250.7256317138672,252.7760541099967,248.9212677813872,250.9716901775167,5619463,BHARTIARTL.NS
2010-04-22,248.59326171875,250.1515675801865,247.2809866111134,250.1515675801865,4209007,BHARTIARTL.NS
2010-04-23,244.5743408203125,250.06947008758186,243.79517427549953,248.8392334322452,15927170,BHARTIARTL.NS
2010-04-26,243.91824340820312,249.24935310250032,242.77001678763583,246.13271418509984,4766960,BHARTIARTL.NS
2010-04-27,244.65643310546875,247.28098328544453,243.0981272649898,244.4104023549777,3428228,BHARTIARTL.NS
2010-04-28,240.9656982421875,245.7226538668161,239.4893748548339,244.3693875145716,6709386,BHARTIARTL.NS
2010-04-29,243.0570831298828,244.8204560712596,239.57135625389222,241.129689705133,5816167,BHARTIARTL.NS
2010-04-30,244.8614501953125,248.019108369975,242.3189382701555,245.23053794501578,8104084,BHARTIARTL.NS
2010-05-03,243.59019470214844,245.9686861465806,242.11389924416977,244.41038044578974,3323969,BHARTIARTL.NS
2010-05-04,237.0288543701172,245.230545409329,236.33172562857808,245.230545409329,4732234,BHARTIARTL.NS
2010-05-05,243.01614379882812,245.8867250456758,232.27191114425932,235.5525992308098,9873530,BHARTIARTL.NS
2010-05-06,239.4483642578125,243.5902010031233,238.09507024312646,242.68803276517306,5682148,BHARTIARTL.NS
2010-05-07,235.79859924316406,237.76701183827046,233.9122246684017,236.20870602935918,3387727,BHARTIARTL.NS
2010-05-10,241.45774841308594,244.41036693769746,235.1834514056853,239.4893360633449,3783329,BHARTIARTL.NS
2010-05-11,233.5021514892578,241.5397947957068,233.01003444226237,241.5397947957068,5255746,BHARTIARTL.NS
2010-05-12,214.2691650390625,233.33808842045138,213.12092440269868,232.92800942185303,29314603,BHARTIARTL.NS
2010-05-13,211.9317169189453,223.08602877198678,208.73306682598692,214.47424327283318,30486003,BHARTIARTL.NS
2010-05-14,216.9757080078125,219.60024393857483,208.77401760252107,209.553170414909,14945387,BHARTIARTL.NS
2010-05-17,218.69808959960938,219.3952322615407,211.726649094375,213.24396367796703,5537427,BHARTIARTL.NS
2010-05-18,219.7643280029297,222.92198674376533,216.81172267733555,218.98517501433236,6000553,BHARTIARTL.NS
2010-05-19,212.99790954589844,218.98514347814242,211.68563452976156,218.57505059263946,5247052,BHARTIARTL.NS
2010-05-20,213.44900512695312,217.79590940830357,212.25975930121623,213.24396561615458,5075402,BHARTIARTL.NS
2010-05-21,218.32899475097656,219.1491665939166,206.682596238987,212.42377136772797,3757974,BHARTIARTL.NS
2010-05-24,218.20596313476562,222.55285302628954,215.95050100559982,219.84630680284226,5489050,BHARTIARTL.NS
2010-05-25,217.01673889160156,221.77372211317012,214.925310922577,217.83691080668592,5279757,BHARTIARTL.NS
2010-05-26,216.23764038085938,221.11764020280418,213.24401560924125,218.9852065730962,4305026,BHARTIARTL.NS
2010-05-27,213.77708435058594,217.34482200223036,211.27556331596028,215.78650220368255,8180587,BHARTIARTL.NS
2010-05-28,213.81805419921875,218.0009236091134,211.6446161968016,216.52461430810598,5791244,BHARTIARTL.NS
2010-05-31,215.62249755859375,216.89375387182707,213.24400546267776,214.06417754504943,3907631,BHARTIARTL.NS
2010-06-01,210.78346252441406,216.52463822395782,209.1431186754467,215.786490434883,5454164,BHARTIARTL.NS
2010-06-02,221.7327117919922,223.45506583034097,208.6100031159707,210.78345516852337,10798027,BHARTIARTL.NS
2010-06-03,224.27523803710938,227.18683803728402,222.593902901564,223.4140609634217,6895147,BHARTIARTL.NS
2010-06-04,226.61270141601562,228.33505538705504,219.3952167863342,223.08598323051584,4975708,BHARTIARTL.NS
2010-06-07,220.1333770751953,224.15221249409822,218.16497837571367,218.16497837571367,4627876,BHARTIARTL.NS
2010-06-08,211.8906707763672,222.38882908652153,210.98848865958456,220.62546997510094,5214643,BHARTIARTL.NS
2010-06-09,223.1269989013672,225.46447146633608,212.42378681594317,213.8590911169486,14047214,BHARTIARTL.NS
2010-06-10,233.91221618652344,235.30650144787194,222.34782732441113,225.54649073251204,12899743,BHARTIARTL.NS
2010-06-11,224.3162384033203,239.48935568936673,222.88093414253197,239.48935568936673,11104323,BHARTIARTL.NS
2010-06-14,220.70751953125,227.8429809291609,217.5088558029937,226.40769040138937,9492508,BHARTIARTL.NS
2010-06-15,221.07656860351562,223.45506009753262,217.38580210978714,219.80529872606508,6886077,BHARTIARTL.NS
2010-06-16,218.28799438476562,223.90615463125968,216.934728085754,223.90615463125968,6180984,BHARTIARTL.NS
2010-06-17,219.0671844482422,221.0355972485208,216.0325549907738,218.2470124481261,5452641,BHARTIARTL.NS
2010-06-18,217.3037872314453,221.44563775356303,216.52462049550167,218.37000370301465,6030460,BHARTIARTL.NS
2010-06-21,217.22177124023438,219.8053022731679,216.81169223916697,218.16497238297794,6940466,BHARTIARTL.NS
2010-06-22,214.88430786132812,219.23119822412696,214.47421495688835,217.3448097442828,5014986,BHARTIARTL.NS
2010-06-23,216.56564331054688,218.0829578990941,213.36699363450558,214.8843082230528,4377083,BHARTIARTL.NS
2010-06-24,215.90953063964844,218.16499313186884,215.04835354676712,215.78650137325917,8286439,BHARTIARTL.NS
2010-06-25,215.7454833984375,218.0829560051026,214.9663166056019,215.62245413937487,5918882,BHARTIARTL.NS
2010-06-28,217.67286682128906,218.78008844336856,216.4015969375086,216.5246261908242,5496212,BHARTIARTL.NS
2010-06-29,218.0009307861328,218.98513701920646,216.1965526921645,218.16496515831176,3571629,BHARTIARTL.NS
2010-06-30,215.5404052734375,217.75486225287253,213.6950360288411,216.5656165808441,7007284,BHARTIARTL.NS
2010-07-01,217.3858184814453,218.370024805351,214.14614974636328,215.70446948292005,8278079,BHARTIARTL.NS
2010-07-02,217.0987548828125,218.04194213534046,215.78647986790023,217.7548785043483,2459569,BHARTIARTL.NS
2010-07-05,219.35421752929688,219.7642965292054,215.82748536358608,217.67286863501522,3790109,BHARTIARTL.NS
2010-07-06,222.71690368652344,223.33203607853363,218.98514586900183,219.80530387712145,11519800,BHARTIARTL.NS
2010-07-07,226.48963928222656,229.15519398112994,222.26577909720706,222.26577909720706,10778118,BHARTIARTL.NS
2010-07-08,230.42648315429688,231.6977530142893,227.47387833141374,229.03219792921095,6207032,BHARTIARTL.NS
2010-07-09,253.1452178955078,254.66253259102612,231.2876935860719,231.2876935860719,52219871,BHARTIARTL.NS
2010-07-12,250.7256317138672,256.46681997739694,249.61839639928,252.9401023430416,16195352,BHARTIARTL.NS
2010-07-13,245.9277801513672,251.5049229451094,244.16440657458867,250.06961822513037,10693831,BHARTIARTL.NS
2010-07-14,247.36297607421875,252.44802780304616,244.98448458447433,248.51123058282383,11630355,BHARTIARTL.NS
2010-07-15,244.41043090820312,249.74151436927943,243.01614540516428,248.51127715757514,4120377,BHARTIARTL.NS
2010-07-16,244.77943420410156,246.05069013682507,240.30952893642748,240.30952893642748,3389876,BHARTIARTL.NS
2010-07-19,244.0003204345703,248.18320465328256,241.70386656482663,242.77008324117443,5124736,BHARTIARTL.NS
2010-07-20,244.12335205078125,246.66589226418435,242.36000650229116,245.92774438669485,2600132,BHARTIARTL.NS
2010-07-21,241.94984436035156,245.23053170138803,241.2116966515781,244.94348197348697,2393379,BHARTIARTL.NS
2010-07-22,247.77305603027344,248.51123154803244,239.48935479210178,241.37575705108526,3905944,BHARTIARTL.NS
2010-07-23,257.3689880371094,259.5834586661064,247.69100321514054,249.70043438172462,11429835,BHARTIARTL.NS
2010-07-26,262.7821044921875,263.97135002319243,253.9652966255597,257.53303321857453,10405199,BHARTIARTL.NS
2010-07-27,264.6275329589844,266.0628371977884,260.116608519132,264.2584729762154,7389473,BHARTIARTL.NS
2010-07-28,264.09442138671875,265.3246861147288,261.7159299452484,265.3246861147288,2807219,BHARTIARTL.NS
2010-07-29,259.9115905761719,264.01243636551243,258.7633637530198,263.2742885669259,3343255,BHARTIARTL.NS
2010-07-30,251.62786865234375,262.3720715427903,250.23358341706077,258.35323632493225,8503156,BHARTIARTL.NS
2010-08-02,260.8548278808594,262.4541530462873,252.6121434830854,252.6121434830854,9071713,BHARTIARTL.NS
2010-08-03,269.3845520019531,270.4917876423201,260.2806916585019,262.2900956446343,9834399,BHARTIARTL.NS
2010-08-04,265.0376281738281,270.6557884495834,263.72538087807135,269.83563041825516,4303422,BHARTIARTL.NS
2010-08-05,266.22686767578125,269.83562402619043,265.20167016090664,265.32469941705983,4929011,BHARTIARTL.NS
2010-08-06,265.24273681640625,268.07229912884577,262.65917751678097,265.73482615757297,2514528,BHARTIARTL.NS
2010-08-09,269.3434753417969,270.49170185946434,260.9777377158813,264.0533851255346,6603816,BHARTIARTL.NS
2010-08-10,266.96502685546875,270.3276967156961,265.32468316033385,269.8356074930753,4591762,BHARTIARTL.NS
2010-08-11,262.98724365234375,275.37182057889527,259.0094266313458,263.4383417440556,12509844,BHARTIARTL.NS
2010-08-12,259.9115905761719,264.9146324370306,258.55829646889464,260.1986403389993,5817079,BHARTIARTL.NS
2010-08-13,259.9525451660156,264.83252878393796,258.35319293161297,260.81372201292373,3741099,BHARTIARTL.NS
2010-08-16,261.42889404296875,263.39730660320464,256.4668714047749,260.8137755323355,3101836,BHARTIARTL.NS
2010-08-17,259.2554626464844,263.2742983343787,257.7791669945409,260.4036895122356,4343972,BHARTIARTL.NS
2010-08-18,259.33770751953125,262.71107700142477,256.91051854476154,260.98325700581785,4100030,BHARTIARTL.NS
2010-08-19,258.9263916015625,261.5181222404733,257.77449274428017,260.037113403965,3480455,BHARTIARTL.NS
2010-08-20,255.30612182617188,258.18581257260587,253.49603129584128,256.7048319441514,2806623,BHARTIARTL.NS
2010-08-23,261.10675048828125,263.4516417564184,255.5530298500794,256.7049008860095,4312015,BHARTIARTL.NS
2010-08-24,265.9198913574219,267.7299819559625,260.6952819157491,261.4769214446567,6968253,BHARTIARTL.NS
2010-08-25,260.777587890625,267.0306485841993,258.3503987195777,264.7680283050767,4686350,BHARTIARTL.NS
2010-08-26,264.5624084472656,266.49591931674695,258.8852677156093,261.64156754358385,5251096,BHARTIARTL.NS
2010-08-27,260.0781555175781,266.9894343757779,259.1730964823485,264.10974413818514,4548409,BHARTIARTL.NS
2010-08-30,265.59075927734375,268.5115990753012,262.58764897267736,263.2047195629574,4584547,BHARTIARTL.NS
2010-08-31,269.3343811035156,270.1160206288331,259.378841067302,265.7553491096493,6308685,BHARTIARTL.NS
2010-09-01,277.8089294433594,279.5778986368125,270.5273903246996,270.6919592045441,8793789,BHARTIARTL.NS
2010-09-02,274.8880615234375,280.64747025161506,274.06530078797215,279.66014065307263,3804773,BHARTIARTL.NS
2010-09-03,279.1253662109375,280.8943353864473,275.62857704445565,275.7931459226309,3897016,BHARTIARTL.NS
2010-09-06,282.5399169921875,283.65063864125784,278.0969468159688,279.7424686249557,4531861,BHARTIARTL.NS
2010-09-07,282.663330078125,285.74873942175964,280.64754899467044,284.59684063694453,4297798,BHARTIARTL.NS
2010-09-08,289.61578369140625,291.01449416193987,278.09698994230683,280.5653008985436,6403109,BHARTIARTL.NS
2010-09-09,288.052490234375,294.51124140416437,286.0778306127904,291.26129122446537,6075974,BHARTIARTL.NS
2010-09-13,286.98291015625,292.04297976736444,285.6253488513064,291.59045004572187,5698570,BHARTIARTL.NS
2010-09-14,293.27703857421875,295.78649807330356,283.9385974211976,288.9163672344731,6917596,BHARTIARTL.NS
2010-09-15,293.07135009765625,297.02066891162764,288.0524589298714,291.2612595712409,5198040,BHARTIARTL.NS
2010-09-16,285.9544372558594,296.197939714345,284.35003661296184,292.1663774403919,7141945,BHARTIARTL.NS
2010-09-17,295.2516784667969,296.19785891707465,287.2296495805877,287.2296495805877,9154009,BHARTIARTL.NS
2010-09-20,301.09344482421875,306.89397674705344,295.3751834295135,295.3751834295135,10622651,BHARTIARTL.NS
2010-09-21,300.7642822265625,305.1249816341959,298.7073522233362,301.21681184206824,6546264,BHARTIARTL.NS
2010-09-22,298.46051025390625,308.5394699689833,295.1282898065485,304.30219029840214,5277333,BHARTIARTL.NS
2010-09-23,292.4954528808594,300.22952300518836,291.3435819516961,299.5713030856718,2753259,BHARTIARTL.NS
2010-09-24,302.9034729003906,303.89080261305236,290.4796227710233,292.16632147764494,9082847,BHARTIARTL.NS
2010-09-27,307.017333984375,309.6913624142077,300.51743424535846,304.5079022972669,7205540,BHARTIARTL.NS
2010-09-28,307.0996398925781,310.1438717683689,304.4256113971194,305.28952143781163,4070115,BHARTIARTL.NS
2010-09-29,298.9953308105469,309.93820131013234,297.8434599695302,308.53949105319094,3497950,BHARTIARTL.NS
2010-09-30,301.3813781738281,304.4256381773995,294.22328567838014,294.7992071828537,8294465,BHARTIARTL.NS
2010-10-01,300.39410400390625,304.5079647364494,299.5301938072718,304.5079647364494,4035625,BHARTIARTL.NS
2010-10-04,296.0744934082031,303.3560333674902,293.03026130938485,301.91617390752333,4414660,BHARTIARTL.NS
2010-10-05,290.97332763671875,301.95731943709796,288.58728758225766,296.0744898193799,5686066,BHARTIARTL.NS
2010-10-06,289.6980285644531,295.66312909869475,288.3816166017076,292.9068575973444,3917799,BHARTIARTL.NS
2010-10-07,291.96063232421875,296.6092927692269,290.76761228576606,291.83724047539556,3629608,BHARTIARTL.NS
2010-10-08,290.3561706542969,296.11557940509323,287.6821703935596,293.6883906499808,2592663,BHARTIARTL.NS
2010-10-11,282.08734130859375,292.82449194363,280.4829132307387,291.3435114132749,6777705,BHARTIARTL.NS
2010-10-12,278.9608154296875,284.2676949105112,277.7677955795802,281.3879764530247,5190130,BHARTIARTL.NS
2010-10-13,285.99554443359375,286.8183053008799,276.8627650788237,279.33107554066,9103035,BHARTIARTL.NS
2010-10-14,283.8974609375,289.61572131486247,281.75826042682814,287.353101103963,4074495,BHARTIARTL.NS
2010-10-15,274.5178527832031,285.9543728131727,271.7615539460655,285.3373022111172,6206683,BHARTIARTL.NS
2010-10-18,269.25213623046875,275.6286170200536,266.1667548819509,275.6286170200536,7847094,BHARTIARTL.NS
2010-10-19,269.21099853515625,276.04000856526375,265.75535826208716,270.8153989676557,6006847,BHARTIARTL.NS
2010-10-20,264.31549072265625,271.26792024271464,262.2996820521193,267.4008717886128,6109985,BHARTIARTL.NS
2010-10-21,277.3564147949219,278.59058395034566,266.1255841344789,267.154063073995,5318157,BHARTIARTL.NS
2010-10-22,274.3533020019531,281.2234610258749,272.7077524279619,278.837421108582,3670603,BHARTIARTL.NS
2010-10-25,277.4386901855469,280.9766006100382,274.8469602478424,275.8342620584175,5036992,BHARTIARTL.NS
2010-10-26,270.5274658203125,279.66024719102836,269.99266556653055,278.91975667502135,2595183,BHARTIARTL.NS
2010-10-27,264.8914794921875,270.6920112473525,261.64152905518483,269.86925026987603,4852021,BHARTIARTL.NS
2010-10-28,272.049560546875,276.8627900627804,266.78382922911544,267.3186294131071,12385094,BHARTIARTL.NS
2010-10-29,267.93572998046875,272.91350109545675,263.57505750038507,270.4863393314449,3083767,BHARTIARTL.NS
2010-11-01,275.87548828125,276.41028851964586,270.116077524693,270.6920269583437,3512389,BHARTIARTL.NS
2010-11-02,270.89764404296875,276.369064674833,269.66347497850035,275.87541376503106,3343836,BHARTIARTL.NS
2010-11-03,270.19830322265625,274.5589744871806,269.08755384943913,272.3375036007221,2177828,BHARTIARTL.NS
2010-11-04,268.3470764160156,272.9957364726917,267.60655822506016,271.67929683540694,3182032,BHARTIARTL.NS
2010-11-08,269.9103698730469,275.38181949014296,269.4578401943422,272.33755931701853,6053124,BHARTIARTL.NS
2010-11-09,275.2583923339844,276.04003195244456,270.938841626679,271.92617148263173,6948271,BHARTIARTL.NS
2010-11-10,269.087646484375,284.35007081432497,267.85347699371107,275.6286695629334,11337057,BHARTIARTL.NS
2010-11-11,260.613037109375,268.840757917942,259.99596640672655,267.77115755602597,7845177,BHARTIARTL.NS
2010-11-12,251.39797973632812,259.99595945249837,249.62903819738784,259.173170677661,15715053,BHARTIARTL.NS
2010-11-15,254.77130126953125,256.41685064683605,251.1511204994349,252.7143715128938,10986583,BHARTIARTL.NS
2010-11-16,257.8978576660156,263.12246702851115,255.8820768840969,257.4864772443967,9850158,BHARTIARTL.NS
2010-11-18,267.3597717285156,269.74581182957246,258.5561017246199,263.287032736723,10415307,BHARTIARTL.NS
2010-11-19,270.2394714355469,281.1823424696801,268.1825412089802,268.2236904003041,17594387,BHARTIARTL.NS
2010-11-22,277.2330627441406,279.660224356204,274.8058732720954,274.9292929913498,6280409,BHARTIARTL.NS
2010-11-23,270.8153076171875,273.85956642324646,263.45149992684725,273.16019762294906,8499425,BHARTIARTL.NS
2010-11-24,272.9957275390625,277.60323825880386,271.5147190655938,272.9957275390625,6740358,BHARTIARTL.NS
2010-11-25,275.6286315917969,279.5368019371859,273.695121015443,274.14765069501124,8374470,BHARTIARTL.NS
2010-11-26,274.6412658691406,278.9196948104215,269.9103351673203,278.9196948104215,7089599,BHARTIARTL.NS
2010-11-29,278.67291259765625,280.5653019827401,273.9831301206786,275.62865219120624,3571716,BHARTIARTL.NS
2010-11-30,296.3213195800781,298.5839398531781,276.86276851543164,277.27414895418104,14357045,BHARTIARTL.NS
2010-12-01,288.4227294921875,294.47010037336116,283.19811954614704,294.14099042731186,7293186,BHARTIARTL.NS
2010-12-02,284.7613525390625,292.08401282524153,283.23922276811845,291.2612520236396,4692175,BHARTIARTL.NS
2010-12-03,284.35003662109375,292.08407906194356,282.7044867847485,286.7360769187989,4375447,BHARTIARTL.NS
2010-12-06,284.1443176269531,289.12208796580404,282.66330899408615,287.8467695591726,2008761,BHARTIARTL.NS
2010-12-07,287.0240173339844,291.8783681118962,284.0620278386575,285.46076599532466,4279168,BHARTIARTL.NS
2010-12-08,286.03668212890625,290.6442212573049,283.9797519830089,286.32467073691834,4719168,BHARTIARTL.NS
2010-12-09,278.46722412109375,287.6411267349318,276.45144285580574,287.1474756826107,3620606,BHARTIARTL.NS
2010-12-10,272.3374938964844,278.0969028983383,267.4008456691918,276.6570436828811,9232424,BHARTIARTL.NS
2010-12-13,273.201416015625,274.64124743520307,264.93254727929644,273.5305259120952,5454691,BHARTIARTL.NS
2010-12-14,275.7519836425781,277.27411335852685,269.3343548980382,272.3374930073267,3829572,BHARTIARTL.NS
2010-12-15,279.4956359863281,281.38799706790775,274.6824070501774,276.03999587215924,4696849,BHARTIARTL.NS
2010-12-16,283.2803955078125,285.0904861378366,279.7836060902845,281.7993869378128,5014784,BHARTIARTL.NS
2010-12-20,275.6286315917969,281.3880419881587,274.4767606565171,281.3880419881587,2716161,BHARTIARTL.NS
2010-12-21,273.8597106933594,277.68558294350714,271.5147915923185,275.62865249311096,2579684,BHARTIARTL.NS
2010-12-22,282.4164733886719,283.03354401483034,274.2710241114778,274.8058242261438,3806784,BHARTIARTL.NS
2010-12-23,282.45758056640625,286.28347954890205,279.78358012701426,283.56832992583657,4486098,BHARTIARTL.NS
2010-12-24,286.818359375,289.45123922265947,278.91974769200476,278.91974769200476,2150395,BHARTIARTL.NS
2010-12-27,281.3057556152344,289.65689604049487,280.6475357293039,287.14743620788244,1406861,BHARTIARTL.NS
2010-12-28,281.676025390625,284.92597607414706,280.8532643507394,282.1697043025433,2087889,BHARTIARTL.NS
2010-12-29,291.26129150390625,291.960632708068,283.0335709327228,283.0335709327228,4157002,BHARTIARTL.NS
2010-12-30,294.0998229980469,296.1978741977709,288.83406468663577,292.08401444696887,6336195,BHARTIARTL.NS
2010-12-31,295.2106018066406,296.0333906324672,289.656909567222,291.6315414572471,3120012,BHARTIARTL.NS
2011-01-03,295.6631164550781,300.31177696779974,291.8783660565793,296.9384070313156,3283719,BHARTIARTL.NS
2011-01-04,293.2358703613281,297.71996067878047,290.56184241021634,296.40352129238175,3833685,BHARTIARTL.NS
2011-01-05,287.1474304199219,292.9479617052869,285.9544103832178,292.08405160491424,2954082,BHARTIARTL.NS
2011-01-06,290.6029968261719,292.33081658696835,287.2707769817747,287.2707769817747,3224930,BHARTIARTL.NS
2011-01-07,278.50836181640625,291.919544527136,275.1349915415634,291.0967556605987,6786239,BHARTIARTL.NS
2011-01-10,279.0019836425781,282.99242425461995,275.669762910871,279.7424740429597,3068961,BHARTIARTL.NS
2011-01-11,278.46722412109375,285.41965520951135,274.8058929147625,280.56530377842176,3709562,BHARTIARTL.NS
2011-01-12,287.2297058105469,288.9986752308283,276.45140396785126,279.8658952377193,2132019,BHARTIARTL.NS
2011-01-13,285.21392822265625,291.26129909979,283.93863763005965,284.84366908610554,3563055,BHARTIARTL.NS
2011-01-14,282.8279113769531,289.1632435310371,280.7709810110844,283.93866101811767,2474877,BHARTIARTL.NS
2011-01-17,286.7360534667969,289.6157445498861,279.4545134490114,280.1538825197503,3716294,BHARTIARTL.NS
2011-01-18,283.3627014160156,289.08096261281116,282.2931010074048,288.0525113968321,2208607,BHARTIARTL.NS
2011-01-19,283.4038391113281,286.65376153796586,281.14119080800384,283.8563409120126,2966214,BHARTIARTL.NS
2011-01-20,279.9892272949219,282.2107256723686,278.0968666163283,278.9196272835479,3853851,BHARTIARTL.NS
2011-01-21,276.49249267578125,279.7013211958331,272.33751149183405,279.7013211958331,3220549,BHARTIARTL.NS
2011-01-24,274.0653076171875,278.0145982497931,273.57162887562794,276.61588824866465,2928676,BHARTIARTL.NS
2011-01-25,277.8912353515625,280.44184436423154,274.0653636225287,276.98620390705014,3866285,BHARTIARTL.NS
2011-01-27,267.93572998046875,279.74251239519054,266.7838589619533,279.74251239519054,6439857,BHARTIARTL.NS
2011-01-28,269.25213623046875,273.3659966018125,265.34396609169414,269.78693640714465,4096337,BHARTIARTL.NS
2011-01-31,262.4642333984375,266.29013241011467,255.88206341897373,265.0559633502259,4756969,BHARTIARTL.NS
2011-02-01,260.90093994140625,269.7457573489215,255.05926057866228,267.40083905149953,6445397,BHARTIARTL.NS
2011-02-02,265.59075927734375,268.0590694984391,250.49290938732747,255.05927075936503,11730023,BHARTIARTL.NS
2011-02-03,279.5778503417969,281.7581995682576,263.6572139308201,263.6572139308201,7437162,BHARTIARTL.NS
2011-02-04,273.5716857910156,282.6221952894425,271.9261639367379,282.2108148258731,7238103,BHARTIARTL.NS
2011-02-07,274.6824035644531,283.2392332290415,273.160273737292,275.6285840932359,4770975,BHARTIARTL.NS
2011-02-08,274.2298583984375,280.03041665865953,273.24252874010233,275.6285684494185,3653369,BHARTIARTL.NS
2011-02-09,273.28369140625,277.0272921679891,267.1129016321908,268.5527609374642,4358336,BHARTIARTL.NS
2011-02-10,265.42620849609375,272.6665978795115,257.6921403706395,271.5146993880757,6903674,BHARTIARTL.NS
2011-02-11,262.382080078125,265.50861151827337,258.35048906583313,265.50861151827337,3167685,BHARTIARTL.NS
2011-02-14,269.3343811035156,270.2394403286177,259.17315085432017,266.166729535613,4306568,BHARTIARTL.NS
2011-02-15,270.8153076171875,274.1475270622089,266.0843784315402,267.8121979852527,3129682,BHARTIARTL.NS
2011-02-16,270.19830322265625,273.57164480654046,267.606545398491,270.6919541329885,2808369,BHARTIARTL.NS
2011-02-17,279.6190490722656,280.77094777116986,267.89456687684,273.1602979604707,5499423,BHARTIARTL.NS
2011-02-18,272.6255187988281,280.81209072955863,269.9515177918023,278.91972935842693,5044655,BHARTIARTL.NS
2011-02-21,272.0906982421875,273.7362479157072,268.92301860315945,271.26793733541723,4256319,BHARTIARTL.NS
2011-02-22,271.92608642578125,275.2171570562159,266.0432583216688,269.25205845483634,4981445,BHARTIARTL.NS
2011-02-23,270.0337829589844,277.4798642984941,268.10027243380625,270.6920028645745,4760426,BHARTIARTL.NS
2011-02-24,266.9073181152344,276.780591272318,264.52127733443905,268.2237582508439,8685403,BHARTIARTL.NS
2011-02-25,271.3090515136719,273.81851121714834,267.0306503352689,271.5147417349429,4632115,BHARTIARTL.NS
2011-02-28,272.5843811035156,274.8058803876521,267.11295914144523,271.51478065559155,6420348,BHARTIARTL.NS
2011-03-01,277.7678527832031,278.8374531642663,265.0971613967902,272.4198230179063,5446370,BHARTIARTL.NS
2011-03-03,271.63812255859375,278.42598246888826,269.12866321431045,276.03997067167205,3517302,BHARTIARTL.NS
2011-03-04,269.00531005859375,274.47673123975557,266.7015405749568,271.9672715347198,3625974,BHARTIARTL.NS
2011-03-07,266.9483337402344,268.38816504059923,262.5464857569069,267.4008354329362,2565177,BHARTIARTL.NS
2011-03-08,275.5051574707031,275.83426736722083,265.75533598881555,266.2489869036041,3472743,BHARTIARTL.NS
2011-03-09,273.5716857910156,277.1096246416645,271.9261639367379,275.0938157942064,1786515,BHARTIARTL.NS
2011-03-10,271.1033630371094,272.66664216080403,269.1698526567356,272.3786535611884,980737,BHARTIARTL.NS
2011-03-11,265.3851013183594,272.74891155280073,264.1509321279029,270.6097109586561,3574256,BHARTIARTL.NS
2011-03-14,264.7268371582031,266.57807670406197,262.7110566064774,263.36927634989274,3023582,BHARTIARTL.NS
2011-03-15,258.4738464355469,264.06868788771794,254.19541696154798,261.64152631360605,4819267,BHARTIARTL.NS
2011-03-16,263.6572570800781,265.17938686992255,259.21428740431264,259.21428740431264,4186534,BHARTIARTL.NS
2011-03-17,261.51806640625,266.4958363667971,260.2427759565181,262.29967806255206,5273043,BHARTIARTL.NS
2011-03-18,262.1763000488281,266.4135520426625,261.2300915981861,264.85030078765044,4664167,BHARTIARTL.NS
2011-03-21,260.7363586425781,264.2331470275103,259.9958685062328,262.9989782269549,2006096,BHARTIARTL.NS
2011-03-22,268.7173156738281,269.29326499732895,261.8060352317303,261.8060352317303,3750136,BHARTIARTL.NS
2011-03-23,272.00836181640625,272.79000120443584,267.6065140238028,268.3881534118324,2316550,BHARTIARTL.NS
2011-03-24,274.18878173828125,275.1349623674869,268.71733247291627,272.9957616892899,2046780,BHARTIARTL.NS
2011-03-25,279.4956359863281,280.56523622547786,273.24254771594804,274.8880972607849,2701811,BHARTIARTL.NS
2011-03-28,286.16009521484375,287.9701859005444,275.21722486314553,280.89436419281515,8030083,BHARTIARTL.NS
2011-03-29,296.6915588378906,300.2706185634793,285.50185006478995,285.50185006478995,9452816,BHARTIARTL.NS
2011-03-30,295.7042541503906,297.5554940174735,291.6315152988168,296.19790511362265,5630729,BHARTIARTL.NS
2011-03-31,294.0587158203125,295.78653604807107,289.1220945581394,294.14098634068677,9325109,BHARTIARTL.NS
2011-04-01,292.3309326171875,296.4447934766918,290.43854324902355,291.7549831816622,4942781,BHARTIARTL.NS
2011-04-04,295.6631164550781,297.84346633573176,290.438506579548,291.67267582557196,2368243,BHARTIARTL.NS
2011-04-05,296.403564453125,298.9130239163655,294.1409443757707,297.43204332100015,2105888,BHARTIARTL.NS
2011-04-06,290.685302734375,298.7896024977222,288.1758432856283,296.4447119252744,4845107,BHARTIARTL.NS
2011-04-07,293.7296447753906,294.7581239261925,284.4323225224649,290.68538437859456,7589768,BHARTIARTL.NS
2011-04-08,297.76116943359375,352.47549039331756,293.811850484212,295.6219689326673,6809750,BHARTIARTL.NS
2011-04-11,298.21368408203125,301.3813354879279,295.3751147120932,297.7611544926243,4044750,BHARTIARTL.NS
2011-04-13,302.3275451660156,308.53945617132734,290.4384675361623,293.1536172244359,8758584,BHARTIARTL.NS
2011-04-15,306.4002685546875,309.3622577545848,302.32755778230876,303.9319581514283,6629599,BHARTIARTL.NS
2011-04-18,303.02691650390625,310.2261857792175,301.34024552419345,306.4825568408624,3912057,BHARTIARTL.NS
2011-04-19,309.7325439453125,311.0078346295964,300.72318290798347,302.7801132523061,5014397,BHARTIARTL.NS
2011-04-20,313.1058654785156,318.00136506593174,308.86858572772576,310.4318648047076,8298620,BHARTIARTL.NS
2011-04-21,309.56793212890625,316.35579235559356,305.33065268776994,313.4761016757802,6009147,BHARTIARTL.NS
2011-04-25,308.90972900390625,311.8305690255523,306.7293793193008,308.08694029387885,2384536,BHARTIARTL.NS
2011-04-26,313.9698181152344,314.99829719694696,307.3876467162114,308.5395176565464,6007245,BHARTIARTL.NS
2011-04-27,316.8905944824219,319.4000539597597,314.05202510871226,315.944413977844,5856456,BHARTIARTL.NS
2011-04-28,318.2070617675781,320.75764279150343,314.5045820760917,316.767202363116,4969685,BHARTIARTL.NS
2011-04-29,312.69451904296875,320.05832988836625,309.52683921729977,318.24823907083294,3474612,BHARTIARTL.NS
2011-05-02,315.69757080078125,316.7260496620877,311.8305504598165,311.8305504598165,2567365,BHARTIARTL.NS
2011-05-03,308.08697509765625,315.61535473798045,306.60599425627265,313.22931457131773,3721992,BHARTIARTL.NS
2011-05-04,304.2198791503906,309.69132722545123,300.3940082759223,308.0868992058645,3163786,BHARTIARTL.NS
2011-05-05,294.4701232910156,303.9731354153057,289.78034101979745,296.07452395537877,9934784,BHARTIARTL.NS
2011-05-06,288.7518615722656,297.4732618811142,284.43231061174436,293.72963247534085,7345483,BHARTIARTL.NS
2011-05-09,300.4763488769531,301.83390998718943,289.61574855514226,290.27396844494774,4569883,BHARTIARTL.NS
2011-05-10,301.09344482421875,302.4098847142193,298.66625529453245,301.8750844914044,2801287,BHARTIARTL.NS
2011-05-11,301.2991027832031,302.69781305142817,299.1187529315636,301.1345617445787,3230479,BHARTIARTL.NS
2011-05-12,300.8877868652344,301.62827741783366,298.5428954720058,298.5428954720058,2725663,BHARTIARTL.NS
2011-05-13,302.57440185546875,307.8812823300969,298.7485300700259,298.7485300700259,3580151,BHARTIARTL.NS
2011-05-16,305.4129638671875,308.4983730192675,300.06496219821884,302.78008436247706,2523797,BHARTIARTL.NS
2011-05-17,305.0016174316406,307.26423806089775,303.1915265002314,305.16615848904934,1985073,BHARTIARTL.NS
2011-05-18,306.0299987792969,308.5394582813756,303.6028376471045,305.41292816500703,2227649,BHARTIARTL.NS
2011-05-19,300.97003173828125,307.5933526683986,299.9004312690672,306.85286217894145,1817420,BHARTIARTL.NS
2011-05-20,307.59332275390625,311.33692403207743,300.5586219982371,301.62822236342885,4732033,BHARTIARTL.NS
2011-05-23,303.15032958984375,308.8685901244529,301.257968427589,304.5079184697023,3331442,BHARTIARTL.NS
2011-05-24,304.9192810058594,307.51101104980955,302.36867228738316,304.4256022203584,3517512,BHARTIARTL.NS
2011-05-25,304.1376647949219,306.4825556257082,299.1187453444901,302.4921151505198,2306477,BHARTIARTL.NS
2011-05-26,302.20416259765625,307.4698937424252,300.14723245142125,302.12189207820194,5773192,BHARTIARTL.NS
2011-05-27,306.8116455078125,307.92239492770597,303.60284480587234,303.7673858295722,2481609,BHARTIARTL.NS
2011-05-30,305.61865234375,307.6344611504787,301.95732171599127,306.89394289904,3936916,BHARTIARTL.NS
2011-05-31,307.84014892578125,308.95087057413235,303.80855920441974,305.9066385134903,3215081,BHARTIARTL.NS
2011-06-01,313.9698181152344,316.47927810023214,308.5395176565464,308.7452079008926,4608558,BHARTIARTL.NS
2011-06-02,313.59954833984375,317.5076903628628,311.41919858533134,311.83057902354614,2260188,BHARTIARTL.NS
2011-06-03,311.3780822753906,316.43812349166603,310.30848187910357,314.29892269909186,2711559,BHARTIARTL.NS
2011-06-06,312.6533203125,314.79252074518047,308.95084088056745,312.9413088891907,2818802,BHARTIARTL.NS
2011-06-07,310.8843688964844,314.1754399493901,310.18499993000626,311.83054938644693,2198037,BHARTIARTL.NS
2011-06-08,310.8020935058594,312.0774118413682,305.2484019872616,311.04893290756786,2901623,BHARTIARTL.NS
2011-06-09,309.8147277832031,312.4476068024225,309.03311620184996,310.26725734712824,2342963,BHARTIARTL.NS
2011-06-10,307.6755676269531,310.92551764256274,306.27685743061284,310.59640772224867,1977670,BHARTIARTL.NS
2011-06-13,310.6787414550781,312.28317005556886,307.63450889769695,308.7452307272888,2850479,BHARTIARTL.NS
2011-06-14,312.07745361328125,313.06475563231146,310.18506438018045,310.9667040168956,3194917,BHARTIARTL.NS
2011-06-15,309.97930908203125,312.1596586247573,308.6217481957922,310.96663875383035,2573491,BHARTIARTL.NS
2011-06-16,304.1376647949219,312.48880486278125,302.4921151505198,308.5394857162162,5994787,BHARTIARTL.NS
2011-06-17,313.1058654785156,314.25773626262264,303.76739592386116,303.76739592386116,5130753,BHARTIARTL.NS
2011-06-20,320.7576904296875,322.48551082766255,308.9920576177613,312.6533886649006,8848136,BHARTIARTL.NS
2011-06-21,322.1975402832031,327.79238180994463,319.35897032684863,320.92224962048726,5559217,BHARTIARTL.NS
2011-06-22,314.1343688964844,324.9949413270624,310.6787005549595,323.3493916072839,8541584,BHARTIARTL.NS
2011-06-23,314.4223327636719,318.49504398297313,312.0774418022536,312.7767830275975,3273163,BHARTIARTL.NS
2011-06-24,322.44439697265625,324.3779076666691,315.5742365556479,315.5742365556479,5471448,BHARTIARTL.NS
2011-06-27,325.8176574707031,328.20369706738137,319.2354600591949,320.05824866562034,4959702,BHARTIARTL.NS
2011-06-28,329.3555908203125,333.1814898520089,326.02337055914506,326.47590014547137,10719216,BHARTIARTL.NS
2011-06-29,330.30181884765625,332.35874901424256,328.6562691423912,330.38408936792456,4263304,BHARTIARTL.NS
2011-06-30,324.91265869140625,332.2353198464135,320.67537876845995,330.7543390838226,13125165,BHARTIARTL.NS
2011-07-01,315.4919738769531,325.81777542704634,314.58691444021713,324.9127159903104,5799385,BHARTIARTL.NS
2011-07-04,316.1912536621094,319.4823247689424,315.12162560291443,317.1785554921761,4410181,BHARTIARTL.NS
2011-07-05,314.50457763671875,317.91909654310666,311.2135062929468,317.58998662273166,2594353,BHARTIARTL.NS
2011-07-06,315.4507141113281,319.89368348528905,313.1058236689505,313.1058236689505,4248866,BHARTIARTL.NS
2011-07-07,327.4632873535156,328.20380570240127,315.5742346161759,315.5742346161759,8972726,BHARTIARTL.NS
2011-07-08,327.58660888671875,337.2541872595672,325.52967909632383,328.9853189153893,6220607,BHARTIARTL.NS
2011-07-11,321.9095458984375,329.02651678267915,320.67537669759577,327.5043868409652,1889284,BHARTIARTL.NS
2011-07-12,318.33038330078125,324.74798306956484,316.9727948312518,318.4949242825589,2729874,BHARTIARTL.NS
2011-07-13,324.91265869140625,326.8873182815135,317.91910746808355,318.49502895354726,6051451,BHARTIARTL.NS
2011-07-14,326.27020263671875,328.3682818236767,323.88416272213027,325.65313199466306,3835596,BHARTIARTL.NS
2011-07-15,323.3082275390625,327.87461696032994,321.9506387522107,327.66892675504505,1920350,BHARTIARTL.NS
2011-07-18,323.431640625,325.4062721273791,321.0044516762752,321.1278713689194,1082795,BHARTIARTL.NS
2011-07-19,327.83343505859375,329.931513947085,321.7449164378511,321.7449164378511,3797711,BHARTIARTL.NS
2011-07-20,325.28289794921875,329.93155803791376,323.92530911642666,329.1087693289551,3221108,BHARTIARTL.NS
2011-07-21,325.07720947265625,326.8873280811757,322.73231855159395,323.3493892445093,5572151,BHARTIARTL.NS
2011-07-22,338.28271484375,339.434613617653,325.9411333060876,327.1341534119279,11423101,BHARTIARTL.NS
2011-07-25,355.9722595214844,360.53864884997444,336.9662397715239,337.33647098952395,15650804,BHARTIARTL.NS
2011-07-26,349.3489990234375,355.97231933588455,347.4154885201728,353.7919694058259,7871857,BHARTIARTL.NS
2011-07-27,353.4216613769531,355.7665518423402,347.6211032668215,351.2413119203768,5289506,BHARTIARTL.NS
2011-07-28,354.4501647949219,356.67166376249713,347.6211547190097,347.6211547190097,4924393,BHARTIARTL.NS
2011-07-29,359.7571105957031,361.40266052753833,350.62432936900547,354.2033900232532,7995295,BHARTIARTL.NS
2011-08-01,363.1304016113281,368.47840289574975,360.20956156830476,368.47840289574975,4307734,BHARTIARTL.NS
2011-08-02,355.7666320800781,361.81400306731825,353.7919723691481,360.0039122622894,3038663,BHARTIARTL.NS
2011-08-03,350.7065734863281,355.35523391186064,339.55801273093863,352.14640507637444,15342713,BHARTIARTL.NS
2011-08-04,348.8963928222656,352.9691310309917,345.35848254092593,348.8552715001412,3936601,BHARTIARTL.NS
2011-08-05,342.1086120605469,346.3458922575108,336.34920181360576,336.43150019683327,5985715,BHARTIARTL.NS
2011-08-08,335.97894287109375,341.3269443415904,325.2417628818957,329.10878361594376,8689189,BHARTIARTL.NS
2011-08-09,335.0738525390625,339.31113199429564,322.65000274428564,323.555061921512,10113344,BHARTIARTL.NS
2011-08-10,334.7447204589844,340.17501944250523,328.45051153990227,338.15923887952016,7288802,BHARTIARTL.NS
2011-08-11,326.72271728515625,334.7858958892302,324.9948972785656,334.04540558068794,7416538,BHARTIARTL.NS
2011-08-12,320.14056396484375,330.1783746320021,316.767194284411,329.93156308951507,7043295,BHARTIARTL.NS
2011-08-16,325.69427490234375,331.4125351777583,319.0709554147143,323.14366614972755,12588424,BHARTIARTL.NS
2011-08-17,326.97283935546875,330.6846682278573,316.4146769626327,325.0756575491029,5418918,BHARTIARTL.NS
2011-08-18,322.6011047363281,331.7570147171513,321.77623212883094,328.04515780976146,6516533,BHARTIARTL.NS
2011-08-19,316.4559326171875,325.6943221006608,311.13563940428145,319.21921274573253,8120797,BHARTIARTL.NS
2011-08-22,323.92083740234375,325.32308993330787,314.3525062989167,315.25985767270214,3679094,BHARTIARTL.NS
2011-08-23,331.2620849609375,333.9016326112406,323.7558922782924,325.5705673226063,9573967,BHARTIARTL.NS
2011-08-24,328.0451354980469,333.36545592197155,326.06547489134533,329.942289298233,5267076,BHARTIARTL.NS
2011-08-25,331.83941650390625,337.6958905552091,324.04453556766225,331.5094731236695,8509606,BHARTIARTL.NS
2011-08-26,328.82867431640625,336.7885409475187,326.1066763291166,330.27218010341886,6279865,BHARTIARTL.NS
2011-08-29,334.1078186035156,338.7682521158097,332.2106368901871,332.4168480435107,3645172,BHARTIARTL.NS
2011-08-30,333.77789306640625,343.51118291945727,330.8084020243817,335.71630035599827,5582539,BHARTIARTL.NS
2011-09-02,337.0360412597656,345.5732887679123,335.3038453036044,343.1399805073949,5725538,BHARTIARTL.NS
2011-09-05,334.52032470703125,337.5722952295935,330.51977705545585,332.00450890352363,2947636,BHARTIARTL.NS
2011-09-06,328.4988708496094,334.89150161342394,322.39493016939815,332.4994182620191,4929940,BHARTIARTL.NS
2011-09-07,331.3033142089844,334.72645287914156,328.3338233189225,329.942287077088,4690977,BHARTIARTL.NS
2011-09-08,329.5299072265625,333.48922892343666,326.80788054259665,331.303356894605,3950839,BHARTIARTL.NS
2011-09-09,330.0660095214844,335.7162731734779,326.31292753091765,333.1592325977896,6006553,BHARTIARTL.NS
2011-09-12,318.2293701171875,328.1688995868593,315.54859690901617,327.5090126539956,3285687,BHARTIARTL.NS
2011-09-13,314.72369384765625,323.2197163389077,312.95027232627604,321.6112525695241,4165475,BHARTIARTL.NS
2011-09-14,311.2593078613281,316.74461407676995,307.25876109569145,315.91974150898096,6358228,BHARTIARTL.NS
2011-09-15,319.3016662597656,321.611270429738,307.423757818128,315.0949081837914,5017504,BHARTIARTL.NS
2011-09-16,318.2293701171875,321.52880478150587,314.8062310921795,320.7039321501564,6904041,BHARTIARTL.NS
2011-09-19,319.0954895019531,321.61130510992837,313.03280234124156,316.74465960346464,3371857,BHARTIARTL.NS
2011-09-20,322.8486022949219,323.75592594616336,318.22939342653297,320.70395564075613,4068649,BHARTIARTL.NS
2011-09-21,324.37451171875,326.1891865281185,322.93100579306343,325.77676424378956,2724946,BHARTIARTL.NS
2011-09-22,307.5062561035156,320.6214603036064,303.588187827591,320.6214603036064,5455410,BHARTIARTL.NS
2011-09-23,309.3208923339844,315.25987411304976,297.4842101093632,304.3717687819668,7868621,BHARTIARTL.NS
2011-09-26,314.1875,317.8581307244537,303.5468604791228,310.76436173369103,3952985,BHARTIARTL.NS
2011-09-27,319.71405029296875,321.2400350882917,314.8061804242077,318.8067268542195,5324327,BHARTIARTL.NS
2011-09-28,312.8265380859375,321.52877167789995,310.9293563666474,321.52877167789995,2039546,BHARTIARTL.NS
2011-09-29,309.6508483886719,314.10507093927305,308.1661168486508,310.97062217115194,4224977,BHARTIARTL.NS
2011-09-30,311.7955017089844,320.45651114301825,306.6401662161592,310.8469246706355,3532661,BHARTIARTL.NS
2011-10-03,314.2287902832031,315.8785074433702,306.06271128827876,307.7536818514013,3565880,BHARTIARTL.NS
2011-10-04,305.1141357421875,316.0022411168234,301.3610536254576,312.2079055969559,5282999,BHARTIARTL.NS
2011-10-05,301.9797668457031,308.41365153275586,301.113668595362,308.41365153275586,4972635,BHARTIARTL.NS
2011-10-07,292.6588439941406,310.06328472831996,287.21479086060117,306.1864700149513,15009037,BHARTIARTL.NS
2011-10-10,299.8763122558594,303.54691571774566,283.3791954496424,290.3492334449876,11169676,BHARTIARTL.NS
2011-10-11,309.3208923339844,313.8163681059876,302.7220516211153,302.9282627749046,6990486,BHARTIARTL.NS
2011-10-12,307.8361511230469,311.7542187822583,305.32033602359644,310.1457550752269,4115359,BHARTIARTL.NS
2011-10-13,305.1141357421875,310.8881318629956,301.97968708930017,310.1457661202771,5213981,BHARTIARTL.NS
2011-10-14,316.4559326171875,317.48701646324014,302.8870803580239,302.8870803580239,4098263,BHARTIARTL.NS
2011-10-17,313.4864501953125,319.0954610683103,311.0943670999683,314.6412383366535,2744407,BHARTIARTL.NS
2011-10-18,308.5785217285156,312.9914906249891,306.3101711420639,308.94971855780545,3313805,BHARTIARTL.NS
2011-10-19,317.3632507324219,318.8892356710464,306.64013068809726,309.5683682824122,4284200,BHARTIARTL.NS
2011-10-20,321.7349853515625,323.30219572012754,313.44517400262094,314.27004655550417,2774385,BHARTIARTL.NS
2011-10-21,311.7955017089844,323.26101677933576,310.5582345973661,323.26101677933576,3257674,BHARTIARTL.NS
2011-10-24,315.9197692871094,317.40452886746607,311.01189857506546,317.0745853974468,2446054,BHARTIARTL.NS
2011-10-25,320.4151916503906,324.70442810824204,315.0123926773142,318.3943056932161,3540580,BHARTIARTL.NS
2011-10-28,323.30218505859375,337.6134566425453,320.95135561800095,329.28239216500504,4732927,BHARTIARTL.NS
2011-10-31,323.178466796875,326.31291522620023,320.33270837731163,324.82815591612564,2421868,BHARTIARTL.NS
2011-11-01,325.4468078613281,326.6428491965416,319.05417891736676,319.05417891736676,1820597,BHARTIARTL.NS
2011-11-02,317.1158142089844,326.39545694426107,316.1260117190592,321.7350228378235,2944231,BHARTIARTL.NS
2011-11-03,324.4982604980469,325.6530765689566,315.96101190726995,316.29095536602426,3647871,BHARTIARTL.NS
2011-11-04,327.7151794433594,330.354698886777,317.610693574296,322.5185914987901,8406519,BHARTIARTL.NS
2011-11-08,327.5914001464844,331.83941061773146,325.9416832745634,327.4676678897738,4424674,BHARTIARTL.NS
2011-11-09,326.0242614746094,332.0044695009006,324.1683329195162,326.31297947175,3521903,BHARTIARTL.NS
2011-11-11,326.3129577636719,329.03498426802213,320.8276513493985,321.6937494221218,3732083,BHARTIARTL.NS
2011-11-14,334.2315979003906,335.46886499438745,327.88019293459365,328.8287699594327,6553674,BHARTIARTL.NS
2011-11-15,331.2620849609375,336.9536025992687,330.0247900172232,334.06659037411504,6318187,BHARTIARTL.NS
2011-11-16,331.2620849609375,339.84058689388354,326.4779188100327,333.9841114926778,7013063,BHARTIARTL.NS
2011-11-17,326.3541564941406,337.2010082170743,323.9620736387883,331.92194133274404,4380305,BHARTIARTL.NS
2011-11-18,327.8801574707031,331.5920142122964,323.0135126468412,323.0135126468412,6292013,BHARTIARTL.NS
2011-11-21,320.4151916503906,326.47787745244966,315.91971611926374,316.74458862075966,10344432,BHARTIARTL.NS
2011-11-22,312.3728332519531,320.70386923172845,307.341231289185,319.21913788934233,7128770,BHARTIARTL.NS
2011-11-23,300.9073791503906,308.4960502213295,292.65882120975823,308.4960502213295,11163073,BHARTIARTL.NS
2011-11-24,312.3728332519531,317.1569986113464,299.5875753144852,302.72202366537493,13372340,BHARTIARTL.NS
2011-11-25,309.4446105957031,315.2598598329789,305.6090218617781,310.1044974301534,5145884,BHARTIARTL.NS
2011-11-28,319.6316223144531,321.52880422579216,311.34183812180794,311.79548594814537,6559205,BHARTIARTL.NS
2011-11-29,308.2486267089844,323.4672242806796,303.6294459365759,322.3536615484724,7609984,BHARTIARTL.NS
2011-11-30,318.4767761230469,320.8688588320733,302.92823851437544,310.1457400411233,52303883,BHARTIARTL.NS
2011-12-01,312.70281982421875,326.3541775844889,309.19717418848927,324.0858268585869,9331900,BHARTIARTL.NS
2011-12-02,322.18865966796875,324.8694326094978,307.09379645856285,314.5174818190749,10460760,BHARTIARTL.NS
2011-12-05,322.1061706542969,328.1276316677361,318.1056237573275,323.42594446165555,5113184,BHARTIARTL.NS
2011-12-07,311.2593078613281,322.5186103291422,310.14577318714635,322.10616007997885,8320600,BHARTIARTL.NS
2011-12-08,302.92828369140625,310.5582086305876,300.3299894576102,310.5582086305876,6636511,BHARTIARTL.NS
2011-12-09,295.875732421875,301.814685990802,290.0605111255038,300.5774191263156,9838610,BHARTIARTL.NS
2011-12-12,282.34808349609375,299.2576192754835,280.82209881898524,298.0615779861426,8782284,BHARTIARTL.NS
2011-12-13,285.2763671875,289.3593928388558,277.9351605236764,280.12100440283706,6780262,BHARTIARTL.NS
2011-12-14,287.7096862792969,291.8339654874606,282.01819661313266,284.7402231249638,5910234,BHARTIARTL.NS
2011-12-15,277.6877136230469,282.26566869336165,273.85212436105945,278.8012763008076,10973531,BHARTIARTL.NS
2011-12-16,277.6051940917969,290.8441282049914,271.78994490540555,278.512517533325,7910102,BHARTIARTL.NS
2011-12-19,277.4814758300781,283.25547190725416,264.9849067855615,275.5018152440972,12067526,BHARTIARTL.NS
2011-12-20,266.6346435546875,280.28600164664397,263.3352090020067,280.28600164664397,8932351,BHARTIARTL.NS
2011-12-21,281.6882019042969,284.69891791649735,270.30519671263994,273.85206724851264,5158308,BHARTIARTL.NS
2011-12-22,276.49169921875,282.100710704165,266.67590118873153,279.6261484565138,6559119,BHARTIARTL.NS
2011-12-23,272.7384948730469,278.677475745927,270.2639334746131,277.15149109629516,3595847,BHARTIARTL.NS
2011-12-26,284.3690185546875,285.0701588491116,274.67698222968113,275.5018268767326,4068563,BHARTIARTL.NS
2011-12-27,283.0080261230469,287.00857303265065,280.6159430722893,284.6577433874553,2796709,BHARTIARTL.NS
2011-12-28,283.5029602050781,285.35888885138775,280.1210464035926,282.67811544251464,2156133,BHARTIARTL.NS
2011-12-29,281.2345275878906,289.3593522780882,277.3989391075299,282.92549796333304,5623529,BHARTIARTL.NS
2011-12-30,283.3379821777344,285.56507963583465,278.924984807851,282.1831660760173,3812196,BHARTIARTL.NS
2012-01-02,284.4102783203125,287.7921917238309,282.30688532053415,284.16281374844715,2178980,BHARTIARTL.NS
2012-01-03,295.83447265625,297.3192038937278,284.7813834455335,286.6373114576469,2346402,BHARTIARTL.NS
2012-01-04,285.6887512207031,294.4734627558456,284.9876389577146,292.94747803397576,3242474,BHARTIARTL.NS
2012-01-05,284.0804138183594,287.70976487185754,282.18323145769955,286.2250328891125,3215175,BHARTIARTL.NS
2012-01-06,272.65606689453125,282.1006665400644,270.80013851671106,282.1006665400644,8772101,BHARTIARTL.NS
2012-01-09,264.3249206542969,272.5322220135392,263.95372395987994,272.20227870645516,8372999,BHARTIARTL.NS
2012-01-10,272.4910888671875,275.00690394465784,264.81991136138794,264.81991136138794,9865514,BHARTIARTL.NS
2012-01-11,268.61431884765625,273.85216155465537,266.5934323210435,273.85216155465537,6875226,BHARTIARTL.NS
2012-01-12,269.27410888671875,272.1611205199207,267.50068761201453,270.51140357673864,4734619,BHARTIARTL.NS
2012-01-13,275.9967041015625,279.21365939277274,270.92384851571836,272.20236877979147,8236860,BHARTIARTL.NS
2012-01-16,280.4508972167969,282.7605008915005,276.3266189058067,276.450351165411,3766280,BHARTIARTL.NS
2012-01-17,284.6164855957031,286.63737175687316,280.69841762706596,284.32779555283264,5172743,BHARTIARTL.NS
2012-01-18,284.9464111328125,290.1017457587392,283.33794739985626,286.55487486576874,2394995,BHARTIARTL.NS
2012-01-19,281.06964111328125,284.2453156773909,277.35778395647316,279.626134901069,4665303,BHARTIARTL.NS
2012-01-20,282.3893737792969,286.14248416791446,278.5125590310893,282.2244160128172,3440022,BHARTIARTL.NS
2012-01-23,290.47296142578125,292.4938475909836,280.49220702318104,280.49220702318104,3367453,BHARTIARTL.NS
2012-01-24,294.1847839355469,298.2678091948688,290.55540642573345,292.5763202858302,3954176,BHARTIARTL.NS
2012-01-25,296.37066650390625,300.61864966016805,292.08140201538316,296.94804654484386,4730488,BHARTIARTL.NS
2012-01-27,308.99102783203125,309.98085838138945,295.9583008279647,301.85603071060314,5182957,BHARTIARTL.NS
2012-01-30,294.59722900390625,308.4135719612209,292.86503295013534,306.84633365993426,2818227,BHARTIARTL.NS
2012-01-31,301.6497497558594,305.56781763383515,292.823783679421,298.4328221621801,5104196,BHARTIARTL.NS
2012-02-01,298.02032470703125,300.9073363337771,294.1022853802187,300.9073363337771,6292396,BHARTIARTL.NS
2012-02-02,318.2705993652344,326.1892140279744,295.7932757384356,302.72206007701595,28098827,BHARTIARTL.NS
2012-02-03,319.71405029296875,330.7258872735568,318.06436115686637,324.5807226221837,17943219,BHARTIARTL.NS
2012-02-06,320.9101257324219,324.99317939699216,317.7756769384261,324.99317939699216,6714609,BHARTIARTL.NS
2012-02-07,312.4141845703125,322.1062226632706,308.99101721343595,321.69380026451375,6895811,BHARTIARTL.NS
2012-02-08,291.99884033203125,305.1965176158809,289.85422266124806,305.1965176158809,25849826,BHARTIARTL.NS
2012-02-09,288.7819519042969,291.95762543918624,284.08026583409753,290.9677953228005,15203006,BHARTIARTL.NS
2012-02-10,288.6582946777344,294.8034601590588,287.0498307944781,289.5243927633754,9889723,BHARTIARTL.NS
2012-02-13,286.80230712890625,290.3079242248615,283.42039436495105,289.02940406290605,8476202,BHARTIARTL.NS
2012-02-14,282.3893737792969,287.8746803686489,281.3170645055603,287.8746803686489,8190882,BHARTIARTL.NS
2012-02-15,288.36956787109375,291.17407321205917,283.6266552483004,285.4001047715013,11796765,BHARTIARTL.NS
2012-02-16,288.98822021484375,294.2260338795308,285.4000958067614,291.58651431064095,8826660,BHARTIARTL.NS
2012-02-17,288.36956787109375,293.27746618305235,286.3486817099523,292.82379045102067,10426697,BHARTIARTL.NS
2012-02-21,296.040771484375,297.36051745839376,285.5650870648405,288.6995361228987,9187206,BHARTIARTL.NS
2012-02-22,286.5960998535156,299.01016071338756,280.5746398893405,299.01016071338756,12379451,BHARTIARTL.NS
2012-02-23,279.3785705566406,283.5441020011674,275.2130670426447,280.94580850523414,12869967,BHARTIARTL.NS
2012-02-24,282.5955810546875,286.38991649230223,279.00745676721675,284.575213682177,3965967,BHARTIARTL.NS
2012-02-27,281.2345275878906,286.59610078072035,278.3887692937692,284.32775041120533,3870487,BHARTIARTL.NS
2012-02-28,283.1316833496094,288.6169603777378,279.79099630086273,282.9254722375432,2964510,BHARTIARTL.NS
2012-02-29,288.8644714355469,290.63789287121267,283.21420784889494,283.21420784889494,5114844,BHARTIARTL.NS
2012-03-01,285.6475524902344,288.8645082136355,283.7503985397382,287.8746778318612,2324193,BHARTIARTL.NS
2012-03-02,289.02947998046875,290.5554650683118,283.8328911723138,287.792212891217,4132978,BHARTIARTL.NS
2012-03-05,287.91595458984375,292.7413466705004,284.6989986055311,287.0498564268637,3840271,BHARTIARTL.NS
2012-03-06,276.78033447265625,289.52436802274707,275.7905041835732,285.40008911683594,3841064,BHARTIARTL.NS
2012-03-07,271.9137268066406,277.9351882347101,270.2640094338448,277.15156899131455,5000176,BHARTIARTL.NS
2012-03-09,279.50238037109375,280.28599956284694,273.06849700646853,276.1617203679275,5413888,BHARTIARTL.NS
2012-03-12,279.7085876464844,284.4927536804768,277.68770148269306,284.4927536804768,2884585,BHARTIARTL.NS
2012-03-13,279.66729736328125,282.4305486626015,277.3989192258115,280.61587408315745,4203990,BHARTIARTL.NS
2012-03-14,278.9662170410156,285.235114518221,278.30633015599005,281.646990054846,4905479,BHARTIARTL.NS
2012-03-15,273.5633850097656,279.131141534195,272.28486479633574,278.8012260615345,3429106,BHARTIARTL.NS
2012-03-16,270.18145751953125,276.5740861720056,269.72778187332045,274.6769326539842,4878841,BHARTIARTL.NS
2012-03-19,268.24310302734375,273.31595912969993,265.8510199985029,273.0272690850255,5258224,BHARTIARTL.NS
2012-03-20,266.2222595214844,269.2742302593832,264.4900629330062,268.078188427789,5366154,BHARTIARTL.NS
2012-03-21,274.55322265625,275.5017994921793,265.68600392914817,266.8820453068105,6464855,BHARTIARTL.NS
2012-03-22,267.1707763671875,275.33682733997847,266.55211498247866,274.67696841385,4048201,BHARTIARTL.NS
2012-03-23,277.1515808105469,280.45098776630243,264.86122077226696,267.253304082197,8527858,BHARTIARTL.NS
2012-03-26,271.2537841796875,277.81139891657523,269.0679126007249,277.15151210290594,3827163,BHARTIARTL.NS
2012-03-27,279.3785705566406,279.9559784214694,272.20232339724464,275.25429250621977,5723670,BHARTIARTL.NS
2012-03-28,278.5950012207031,281.1932951795846,276.4503829556967,278.8012402974484,3519817,BHARTIARTL.NS
2012-03-29,273.975830078125,277.6052078152626,268.0781017292277,275.99671613426386,7029001,BHARTIARTL.NS
2012-03-30,278.71875,279.79105919600437,274.0170908991405,276.2029347645109,4383397,BHARTIARTL.NS
2012-04-02,280.69842529296875,282.8018183214356,278.5950322645019,279.5436371594111,2022608,BHARTIARTL.NS
2012-04-03,277.8114318847656,283.62665369847315,276.780348142097,282.1006687520895,3901123,BHARTIARTL.NS
2012-04-04,272.284912109375,277.151557204242,271.46003949278816,276.24420570515827,3796571,BHARTIARTL.NS
2012-04-09,271.9961853027344,274.5120006163349,270.09903141414276,272.0374387079144,2665160,BHARTIARTL.NS
2012-04-10,272.07867431640625,274.3470249116302,270.5939149240415,274.3470249116302,4930749,BHARTIARTL.NS
2012-04-11,265.6035461425781,272.2023869785081,264.98491266967335,272.2023869785081,5161454,BHARTIARTL.NS
2012-04-12,267.2533264160156,270.1403112348789,265.64486224848275,266.42848159078153,2900039,BHARTIARTL.NS
2012-04-13,266.8409118652344,271.4600932976176,264.2838425566916,268.5318549790015,2257838,BHARTIARTL.NS
2012-04-16,261.5205383300781,265.60356421797604,259.41714527630506,265.60356421797604,4308696,BHARTIARTL.NS
2012-04-17,265.8511047363281,267.2533578625494,259.9121486764174,261.4381341270917,3755386,BHARTIARTL.NS
2012-04-18,265.14984130859375,269.23289440082,264.4074756365165,268.9029509987263,2092070,BHARTIARTL.NS
2012-04-19,266.96453857421875,268.737959885309,265.19108933259474,266.0984406525947,1457198,BHARTIARTL.NS
2012-04-20,267.5419921875,270.9239059383754,264.24258525607974,266.55216172891147,2477742,BHARTIARTL.NS
2012-04-23,257.76739501953125,269.31538673990855,256.0351990545282,266.09845935648457,3988935,BHARTIARTL.NS
2012-04-24,253.51943969726562,255.45784702003957,238.34206870875846,252.48835592718274,15317269,BHARTIARTL.NS
2012-04-25,258.1799011230469,260.365745322523,251.5810313227884,251.5810313227884,4544523,BHARTIARTL.NS
2012-04-26,254.30299377441406,261.43801644891266,251.9934178593669,259.82952488558396,6731235,BHARTIARTL.NS
2012-04-27,253.56068420410156,258.179892917473,249.9313338598506,254.30305005040105,5027621,BHARTIARTL.NS
2012-04-30,256.1177062988281,257.8086488654721,253.31317327064417,253.31317327064417,3450482,BHARTIARTL.NS
2012-05-02,262.2629089355469,263.9126262696357,253.6844067288247,257.355010340585,7512577,BHARTIARTL.NS
2012-05-03,259.82958984375,261.85050418781924,258.26237921891317,259.82958984375,1950314,BHARTIARTL.NS
2012-05-04,257.1487731933594,260.2419963736808,255.45783055328928,258.5098003304726,3612635,BHARTIARTL.NS
2012-05-07,260.6956787109375,262.46912839235597,253.8493725063606,255.1279209372073,3084053,BHARTIARTL.NS
2012-05-08,260.1594543457031,263.2939025742682,258.2623008078628,261.4792279010007,2742403,BHARTIARTL.NS
2012-05-09,255.21038818359375,258.3448371090261,254.0968255074216,258.09737252975685,2045925,BHARTIARTL.NS
2012-05-10,255.7877655029297,259.6233263682248,254.34425953795477,255.4165686786095,3164471,BHARTIARTL.NS
2012-05-11,253.39573669433594,257.7674530619788,252.4059062156596,253.31322987320638,1971879,BHARTIARTL.NS
2012-05-14,253.849365234375,255.7052937492988,249.10645232431415,254.05560434095756,2241859,BHARTIARTL.NS
2012-05-15,250.87991333007812,254.63299600697886,240.8991578904846,250.83865992078316,8060721,BHARTIARTL.NS
2012-05-16,245.4358673095703,251.41607565981548,243.6211920644917,247.45675374632543,4051033,BHARTIARTL.NS
2012-05-17,246.38441467285156,252.40587570769088,245.27087995815643,247.82792077109758,2934167,BHARTIARTL.NS
2012-05-18,244.61094665527344,246.59057906731942,241.39399161594872,244.11601760436196,3078743,BHARTIARTL.NS
2012-05-21,243.12619018554688,249.93126919888812,241.47650114525436,245.31206168057483,2227203,BHARTIARTL.NS
2012-05-22,243.45616149902344,247.20927152937261,242.38385232764847,247.20927152937261,2618788,BHARTIARTL.NS
2012-05-23,232.6918182373047,244.52848729540065,231.0421009651296,243.37369917014746,5562593,BHARTIARTL.NS
2012-05-24,245.64202880859375,248.77647739074607,231.41327791282473,231.41327791282473,4201709,BHARTIARTL.NS
2012-05-25,246.67311096191406,249.89003839802908,244.98214043995395,248.28157467997156,3265783,BHARTIARTL.NS
2012-05-28,249.3951873779297,251.16860919933566,247.45675191553613,247.66299103622882,2315698,BHARTIARTL.NS
2012-05-29,247.4566650390625,251.0860421587173,246.6318205680433,249.93125431318404,2888729,BHARTIARTL.NS
2012-05-30,249.31263732910156,253.23070512369796,246.7968221427196,248.199102681471,3960239,BHARTIARTL.NS
2012-05-31,249.56008911132812,253.97305786446245,247.45669634141305,248.65273773400486,6266388,BHARTIARTL.NS
2012-06-01,248.15785217285156,251.292300858981,246.75559954828148,247.53921870244818,3502027,BHARTIARTL.NS
2012-06-04,242.96127319335938,248.15786157492298,239.70309210359758,247.45672127080488,20886524,BHARTIARTL.NS
2012-06-05,236.8986053466797,245.60084007095375,235.37262026430346,244.98217859800354,10476966,BHARTIARTL.NS
2012-06-06,245.2296142578125,247.04428919313062,235.33133909424018,240.0330260813079,9941772,BHARTIARTL.NS
2012-06-07,248.69400024414062,249.51884484971194,243.04373649047469,247.45670540524708,3087966,BHARTIARTL.NS
2012-06-08,250.9623565673828,254.05557976994095,244.98214924890263,244.98214924890263,3644528,BHARTIARTL.NS
2012-06-11,250.79737854003906,254.59171378048873,249.02392922431096,254.59171378048873,2115165,BHARTIARTL.NS
2012-06-12,254.67425537109375,255.6228324321871,248.28162468283028,248.28162468283028,1650770,BHARTIARTL.NS
2012-06-13,253.4781494140625,258.5097793845169,252.73578373148646,255.7052464617906,2865283,BHARTIARTL.NS
2012-06-14,252.36465454101562,254.30306210113707,250.5499792828976,251.74602096154084,2676816,BHARTIARTL.NS
2012-06-15,257.1075439453125,257.8911631647979,249.93132247106072,250.38497029551476,2429484,BHARTIARTL.NS
2012-06-18,255.04534912109375,259.6233032269782,253.2306744240838,259.00466983878846,2093745,BHARTIARTL.NS
2012-06-19,259.7882995605469,260.65439751180395,254.30299391556218,254.30299391556218,2559497,BHARTIARTL.NS
2012-06-20,255.99392700195312,261.39672505915064,254.88036467549847,260.53062723424824,2673145,BHARTIARTL.NS
2012-06-21,257.0662536621094,259.00466055337137,254.92163564884356,255.95269125886267,2361473,BHARTIARTL.NS
2012-06-22,256.4476623535156,257.68492928845035,252.4058622522138,255.7877754826689,1940490,BHARTIARTL.NS
2012-06-25,254.7566680908203,259.4171012263552,253.5606267399119,258.5510032801986,2068218,BHARTIARTL.NS
2012-06-26,252.4058380126953,256.1176943221097,250.59116325740575,255.08661071147927,2258635,BHARTIARTL.NS
2012-06-27,251.45730590820312,254.05560020064436,249.84881407241997,253.8081356212101,3589018,BHARTIARTL.NS
2012-06-28,250.4262237548828,252.9832646573239,249.39516788471772,252.15841996119184,2628799,BHARTIARTL.NS
2012-06-29,251.6222686767578,253.9318729594704,249.51887557082702,250.75617056205806,5579822,BHARTIARTL.NS
2012-07-02,255.87030029296875,256.94260966796236,251.58103486245219,251.6222882732374,2734478,BHARTIARTL.NS
2012-07-03,262.8815612792969,266.09851729367915,257.3550287624074,257.684972252843,6949954,BHARTIARTL.NS
2012-07-04,269.6866149902344,270.55271307367474,262.8815346798839,263.95384393266346,5072314,BHARTIARTL.NS
2012-07-05,267.33575439453125,270.8414000951639,266.42843084569523,268.90299278062594,3040875,BHARTIARTL.NS
2012-07-06,265.026123046875,268.3668106435636,263.37643387976254,267.418205855831,2057780,BHARTIARTL.NS
2012-07-09,261.2730712890625,264.32504128984993,258.7160304400455,264.32504128984993,1519925,BHARTIARTL.NS
2012-07-10,265.108642578125,267.9956266897182,260.695645638721,262.1391516597862,2490482,BHARTIARTL.NS
2012-07-11,260.4482421875,264.32505709905723,259.5821440506397,263.1290154847959,2591870,BHARTIARTL.NS
2012-07-12,252.65335083007812,260.8194027546774,252.03468937326014,259.74709347024594,3852007,BHARTIARTL.NS
2012-07-13,254.01431274414062,255.58155096308863,252.8182713445863,254.42673503422094,2767466,BHARTIARTL.NS
2012-07-16,263.5826721191406,265.5623328398065,255.7052826421095,258.592294842382,6441229,BHARTIARTL.NS
2012-07-17,267.37701416015625,271.21257547484544,263.9951006654065,266.5933949484692,6572092,BHARTIARTL.NS
2012-07-18,267.7481689453125,269.10919612481024,259.82955422540067,267.62446459311985,4247618,BHARTIARTL.NS
2012-07-19,261.1080627441406,269.60408508764067,260.03575358319966,268.9854516326063,3350900,BHARTIARTL.NS
2012-07-20,259.5408630371094,263.4589309405668,258.4685538322424,261.479270286718,5293352,BHARTIARTL.NS
2012-07-23,250.9623565673828,260.57194168038575,247.41548557972936,260.57194168038575,3707009,BHARTIARTL.NS
2012-07-24,254.5091552734375,255.45775983872974,248.03404860538305,252.7357342485379,2961184,BHARTIARTL.NS
2012-07-25,248.03416442871094,255.62283691151936,246.2607146451427,255.62283691151936,3489272,BHARTIARTL.NS
2012-07-26,247.86915588378906,251.12733676787764,245.8070164372841,249.8075630532286,4312792,BHARTIARTL.NS
2012-07-27,253.6019287109375,257.355011219586,251.62226790326932,253.23073183554723,4378451,BHARTIARTL.NS
2012-07-30,255.004150390625,258.8397113161986,254.0555735098361,255.70526271797797,3053459,BHARTIARTL.NS
2012-07-31,247.4979248046875,256.61257933837436,246.21940466948965,256.5301004752561,8820008,BHARTIARTL.NS
2012-08-01,245.3945770263672,250.05501070517866,243.78611321465067,248.28158913712406,4767852,BHARTIARTL.NS
2012-08-02,246.01321411132812,248.6939868657605,244.2397647881078,246.6318475322275,3613842,BHARTIARTL.NS
2012-08-03,244.56976318359375,246.87936757695266,242.34266560933224,245.80705823409994,3347571,BHARTIARTL.NS
2012-08-06,244.32232666015625,248.61156403406412,242.92004590118032,246.21948075075662,3396186,BHARTIARTL.NS
2012-08-07,242.3426513671875,246.1370156215816,241.80649666547717,245.80707211817963,4931355,BHARTIARTL.NS
2012-08-08,226.2991485595703,242.54881196226262,224.69067100996946,242.54881196226262,37089348,BHARTIARTL.NS
2012-08-09,211.78172302246094,227.5777138973807,209.76083677411498,227.37150272492946,37229419,BHARTIARTL.NS
2012-08-10,210.83314514160156,217.51447927123445,208.60603376505728,212.8952847878363,13379337,BHARTIARTL.NS
2012-08-13,214.5037384033203,216.02972334422648,211.9879370932679,211.9879370932679,7545768,BHARTIARTL.NS
2012-08-14,215.1223907470703,217.22578388341367,213.92636311138847,216.11223513352914,4964990,BHARTIARTL.NS
2012-08-16,215.2879638671875,217.565045444872,215.08095899994728,216.44721075036225,7206557,BHARTIARTL.NS
2012-08-17,217.19244384765625,219.17973845731018,214.62556077995848,215.2879876435022,9890407,BHARTIARTL.NS
2012-08-21,214.08734130859375,218.51732472959972,211.60326845902412,215.70201039030061,15559811,BHARTIARTL.NS
2012-08-22,205.8898468017578,211.89307318811794,205.35162843870813,211.56185973100676,12333644,BHARTIARTL.NS
2012-08-23,206.1796417236328,208.45672350216876,201.66687633985632,204.56498679391223,10399188,BHARTIARTL.NS
2012-08-24,205.31019592285156,207.42167084451967,202.45349785683507,205.35159409331058,6921485,BHARTIARTL.NS
2012-08-27,206.3038330078125,210.1541855014065,205.18599823223576,207.0076720379065,6584318,BHARTIARTL.NS
2012-08-28,206.01402282714844,207.00766304160464,203.19872290521084,206.17962952955781,4620671,BHARTIARTL.NS
2012-08-29,200.63180541992188,206.84203509387058,198.56172886193897,205.97260350027858,6701956,BHARTIARTL.NS
2012-08-30,201.08726501464844,201.91529859690712,197.44393127173302,198.72737280996688,10284093,BHARTIARTL.NS
2012-08-31,205.1859893798828,206.09683325293273,198.85156455352333,198.89296272438332,6760809,BHARTIARTL.NS
2012-09-03,204.3994140625,206.5108753160162,202.45353149931324,204.19239513776077,5546369,BHARTIARTL.NS
2012-09-04,206.80067443847656,207.21468421756157,199.80380823497657,203.07453035062073,8178551,BHARTIARTL.NS
2012-09-05,213.5076904296875,214.29431168496777,204.93756884213448,204.97896700946072,6808889,BHARTIARTL.NS
2012-09-06,208.74656677246094,213.5905318864964,203.7783650731398,212.88670681718173,15648001,BHARTIARTL.NS
2012-09-07,211.97586059570312,212.72108378395126,210.23699714377594,211.06503069684183,6097758,BHARTIARTL.NS
2012-09-10,216.1573944091797,216.73702489487837,210.44399804859933,210.44399804859933,4420962,BHARTIARTL.NS
2012-09-11,216.61282348632812,217.1924399345625,211.7688449703778,214.45993635756042,3955135,BHARTIARTL.NS
2012-09-12,215.9090118408203,217.19245334796707,213.67332823238527,215.41219170349893,6122223,BHARTIARTL.NS
2012-09-13,209.9471893310547,215.2879884137044,207.79431603585837,214.79116826426923,6689510,BHARTIARTL.NS
2012-09-14,211.23065185546875,215.163786968266,209.98859443140302,214.04595210943478,7590436,BHARTIARTL.NS
2012-09-17,219.22113037109375,221.9122219036105,212.67968630894168,215.45358820654792,9452826,BHARTIARTL.NS
2012-09-18,222.07786560058594,224.39634577752798,219.8835799555885,220.25619158946992,9405233,BHARTIARTL.NS
2012-09-20,222.11923217773438,225.76256566261765,219.55233526403944,220.25616025435656,7192292,BHARTIARTL.NS
2012-09-21,231.22760009765625,232.22124050311427,224.18934893988924,224.39635385293693,11562728,BHARTIARTL.NS
2012-09-24,231.02056884765625,234.33268913590163,226.05238140577677,231.84860242447326,10168554,BHARTIARTL.NS
2012-09-25,228.2052459716797,231.8485793277028,226.59057715298422,231.35175923110583,4482301,BHARTIARTL.NS
2012-09-26,219.59376525878906,228.16388893688833,216.9440716182524,226.88043328453276,9012463,BHARTIARTL.NS
2012-09-27,216.44720458984375,223.40267212240175,215.2879716836022,220.5873721800698,5964535,BHARTIARTL.NS
2012-09-28,219.80076599121094,221.08420751831315,217.10966037696662,219.3039318271421,5781818,BHARTIARTL.NS
2012-10-01,219.46954345703125,221.58101860649546,217.44086465741753,219.55235382590476,2748599,BHARTIARTL.NS
2012-10-03,219.6765594482422,223.15430071713456,218.88993800883193,220.67019981078286,3448153,BHARTIARTL.NS
2012-10-04,223.3612823486328,226.3421891066425,221.49821036774344,221.49821036774344,3896945,BHARTIARTL.NS
2012-10-05,220.04916381835938,225.0173371125625,178.689024412864,224.6447255173995,3215936,BHARTIARTL.NS
2012-10-08,223.94090270996094,229.03328427368766,220.25615708760824,221.12558877014803,6777685,BHARTIARTL.NS
2012-10-09,219.6765594482422,225.84539250856923,218.80712763577503,225.67978578147913,4605682,BHARTIARTL.NS
2012-10-10,216.98544311523438,220.67018910954442,216.28163208301183,219.01413593797608,3166031,BHARTIARTL.NS
2012-10-11,221.33258056640625,223.11285612891524,216.944037983219,217.77205747943157,3026901,BHARTIARTL.NS
2012-10-12,215.5778045654297,222.74026353999278,213.79752885115562,221.0842103873707,3950912,BHARTIARTL.NS
2012-10-15,218.6414794921875,219.01410507182285,212.3898512620515,215.7433833456224,4836463,BHARTIARTL.NS
2012-10-16,221.62242126464844,223.3198866611523,215.37079203964132,215.37079203964132,5531155,BHARTIARTL.NS
2012-10-17,224.02371215820312,225.22437140982856,220.33898010871135,222.94727547215248,5558825,BHARTIARTL.NS
2012-10-18,220.17335510253906,223.4026789115427,217.9376715453861,222.16063560624042,5613056,BHARTIARTL.NS
2012-10-19,221.1670379638672,221.87084904279934,216.28164643690695,217.77209298833213,4471993,BHARTIARTL.NS
2012-10-22,225.1415557861328,225.59699181422872,219.2625519597941,220.25619233284735,3479900,BHARTIARTL.NS
2012-10-23,224.56195068359375,227.46004737649864,223.609708498936,225.18296539534893,2610262,BHARTIARTL.NS
2012-10-25,223.27847290039062,226.59059309166128,222.32624482919815,224.81033146789554,3685328,BHARTIARTL.NS
2012-10-29,223.40267944335938,224.39633377895169,220.33897616247216,220.7943981456555,3389531,BHARTIARTL.NS
2012-10-30,223.7339324951172,227.2944561184924,222.5746713801224,224.18934048283793,2160230,BHARTIARTL.NS
2012-10-31,223.27847290039062,226.25937967063197,221.08420150984944,223.56828814854683,2174299,BHARTIARTL.NS
2012-11-01,232.80081176757812,233.42184040491242,222.90584987413044,224.23070349029877,4457307,BHARTIARTL.NS
2012-11-02,227.6670684814453,235.160741404473,227.29445684701628,234.37411995823925,3185959,BHARTIARTL.NS
2012-11-05,226.46641540527344,229.77853584271912,224.437736555442,228.1224686144846,1504611,BHARTIARTL.NS
2012-11-06,226.67340087890625,229.0746911445522,224.06510573222644,226.38358563404555,2133681,BHARTIARTL.NS
2012-11-07,224.47914123535156,232.635226499533,223.03007895440192,224.39633086720048,13581248,BHARTIARTL.NS
2012-11-08,229.40589904785156,230.10973809989645,221.6638236846071,221.91222674725267,7712289,BHARTIARTL.NS
2012-11-09,228.37086486816406,231.43458213937828,227.6670538409652,228.45367523661406,2626268,BHARTIARTL.NS
2012-11-12,231.8486328125,234.33271984951364,225.8040079380105,226.5492312453097,3828795,BHARTIARTL.NS
2012-11-15,240.3773193359375,245.13848799052144,236.15436901522708,236.19578120938894,11744545,BHARTIARTL.NS
2012-11-16,249.56849670410156,251.67998633610426,241.90922984357272,241.90922984357272,13159619,BHARTIARTL.NS
2012-11-19,256.2754821777344,257.51753945728854,251.34869328749537,251.4729018192551,9327675,BHARTIARTL.NS
2012-11-20,255.86151123046875,258.75960793818354,252.96341452275396,257.51757850832615,8426669,BHARTIARTL.NS
2012-11-21,254.5366668701172,256.8551611453033,251.30735658678725,255.8615207416521,5267416,BHARTIARTL.NS
2012-11-22,254.86790466308594,257.9730347256116,252.6736187336854,254.45389479822953,5838235,BHARTIARTL.NS
2012-11-23,252.9219970703125,258.34559275929064,251.22454566956483,256.64814135854294,4043569,BHARTIARTL.NS
2012-11-26,256.8965148925781,257.9315673714494,253.95700622736896,254.99205870624021,4285590,BHARTIARTL.NS
2012-11-27,270.5176086425781,274.5335817873736,257.10353551818906,258.75957454428084,12978506,BHARTIARTL.NS
2012-11-29,273.5399169921875,275.19595586961043,269.5239722459624,269.9379819653181,10961665,BHARTIARTL.NS
2012-11-30,279.0463562011719,282.1100735151052,268.9443883268823,276.2724681713433,11038178,BHARTIARTL.NS
2012-12-03,274.2024230957031,281.53047575510357,273.53999613785174,279.4603985213304,4346318,BHARTIARTL.NS
2012-12-04,275.2787780761719,276.31380236641064,271.304217510356,273.25008560643795,5032537,BHARTIARTL.NS
2012-12-05,273.5813293457031,275.982619611173,270.4348159009571,273.25011592846437,4389614,BHARTIARTL.NS
2012-12-06,268.861572265625,276.89346255826763,265.9220637120872,276.89346255826763,5776097,BHARTIARTL.NS
2012-12-07,266.99853515625,273.2501506486748,265.1768471109441,269.0272000708296,5173212,BHARTIARTL.NS
2012-12-10,263.2309875488281,269.9380533198724,261.3265311211573,269.52404349107866,3677246,BHARTIARTL.NS
2012-12-11,260.167236328125,265.7978359564733,258.34554865233054,263.39654587296434,6083673,BHARTIARTL.NS
2012-12-12,258.2627868652344,262.8997469375119,254.7850598015148,262.8997469375119,6887188,BHARTIARTL.NS
2012-12-13,263.14813232421875,264.96979198623376,256.97931435623474,257.93154235705595,6986904,BHARTIARTL.NS
2012-12-14,258.7181701660156,264.34876970585765,255.40603629667223,263.35512954505464,4032024,BHARTIARTL.NS
2012-12-17,248.8646697998047,257.60040104510693,248.03665009574016,255.86153723613117,7937945,BHARTIARTL.NS
2012-12-18,259.5049133300781,260.25013675092816,248.40927427480557,248.4920986844971,7377327,BHARTIARTL.NS
2012-12-19,261.6991271972656,264.0176214780063,259.42204511437785,259.42204511437785,5210100,BHARTIARTL.NS
2012-12-20,262.4029235839844,263.6449808986906,256.1512808954351,259.2564101631786,3384499,BHARTIARTL.NS
2012-12-21,254.49522399902344,260.70545406062297,253.29457895968667,260.04302727767566,3786915,BHARTIARTL.NS
2012-12-24,255.5302734375,257.89015155990586,251.2245269632093,253.95700266386618,2180920,BHARTIARTL.NS
2012-12-26,262.8169860839844,264.01763144852515,255.6131138967396,255.8615310171411,3520174,BHARTIARTL.NS
2012-12-27,263.85198974609375,266.25328002940546,261.6577043453388,263.35515559752196,3829434,BHARTIARTL.NS
2012-12-28,264.1832580566406,267.86799059261966,259.9188949062429,262.2787734881507,4906816,BHARTIARTL.NS
2012-12-31,262.5685119628906,265.7150533700976,261.3678668589965,264.1417826664941,1901073,BHARTIARTL.NS
2013-01-01,266.7086181640625,267.45386923104525,262.89967865320693,263.7691101933149,1907995,BHARTIARTL.NS
2013-01-02,265.8392333984375,270.18639186386076,264.9698017053529,266.87428581489445,3117675,BHARTIARTL.NS
2013-01-03,271.59405517578125,272.3392782955026,264.39018495507145,267.4539018101808,4080508,BHARTIARTL.NS
2013-01-04,270.7660827636719,273.0845771419818,269.7310581542789,270.890291324409,3642504,BHARTIARTL.NS
2013-01-07,270.6004638671875,274.20239962796245,269.3584064180058,272.9603421787808,3678613,BHARTIARTL.NS
2013-01-08,273.49853515625,275.5271998290469,268.8615753164095,270.60043876110524,3582034,BHARTIARTL.NS
2013-01-09,276.3552551269531,278.6323369378345,274.32656235937213,274.86480871496957,5683351,BHARTIARTL.NS
2013-01-10,273.29156494140625,276.52087516604706,270.64185724649195,276.18966170418275,2808174,BHARTIARTL.NS
2013-01-11,269.2756042480469,274.1195693153182,268.199167566431,273.0845448283978,3081315,BHARTIARTL.NS
2013-01-14,272.1736755371094,273.2501121186158,267.70230848575136,270.35201578671723,3629642,BHARTIARTL.NS
2013-01-15,285.836181640625,290.3075485023958,270.1863836054059,272.00807131660184,10145407,BHARTIARTL.NS
2013-01-16,283.9317321777344,288.6515166729108,282.1928686328872,285.6705957225816,4544189,BHARTIARTL.NS
2013-01-17,292.70880126953125,295.60689710862,280.1227217682002,282.44121526229475,8244694,BHARTIARTL.NS
2013-01-18,288.8585205078125,292.6260488284783,285.8775995684187,291.3840194655987,5941208,BHARTIARTL.NS
2013-01-21,294.4063415527344,297.26305411310756,285.5050184528358,287.53368335211877,5710906,BHARTIARTL.NS
2013-01-22,291.1770324707031,293.86812429374544,288.9827468157426,293.66111938720735,5712140,BHARTIARTL.NS
2013-01-23,304.1770935058594,305.1707338666496,290.01776743118177,290.63881018045527,9453028,BHARTIARTL.NS
2013-01-24,299.6642761230469,306.04009866104985,297.7597921723969,305.50188042156987,5379301,BHARTIARTL.NS
2013-01-25,298.505126953125,306.86826094456234,295.7726505845376,298.09111708140273,5253508,BHARTIARTL.NS
2013-01-28,295.8967590332031,300.40953843456697,294.36490045056036,296.2693846498101,3187540,BHARTIARTL.NS
2013-01-29,289.3966979980469,301.07193498210665,288.4030578251437,295.8967292529912,4969870,BHARTIARTL.NS
2013-01-30,285.3393859863281,292.25345609934965,283.6419346135872,292.04645120209085,3826717,BHARTIARTL.NS
2013-01-31,281.19921875,287.6992787630312,279.377558916904,284.1387274061972,4743578,BHARTIARTL.NS
2013-02-01,272.7533874511719,287.16113314464314,270.5176892389873,278.590994048672,17723635,BHARTIARTL.NS
2013-02-04,274.1195373535156,277.1418701866275,271.428445963252,274.90617269468294,4477981,BHARTIARTL.NS
2013-02-05,268.9029541015625,275.8998199324034,267.3297114172227,272.87751506039893,6984046,BHARTIARTL.NS
2013-02-06,270.4348449707031,273.9539844023908,268.6545971949701,271.1386840722596,4258648,BHARTIARTL.NS
2013-02-07,265.0526428222656,270.68324308767154,261.78192071908666,270.43482600594916,3664561,BHARTIARTL.NS
2013-02-08,266.4603271484375,269.2756276431144,262.69277039740456,264.8042597874367,4097563,BHARTIARTL.NS
2013-02-11,261.8233642578125,265.7979263146549,260.5399224412265,265.05270293850987,2525668,BHARTIARTL.NS
2013-02-12,266.87432861328125,267.8679689987334,260.0430825061018,260.0430825061018,2750476,BHARTIARTL.NS
2013-02-13,269.8966064453125,273.53995415430563,267.37110756087975,267.86794172203776,3380578,BHARTIARTL.NS
2013-02-14,258.09716796875,270.35203716681843,256.85513860173245,270.2692408166265,4873234,BHARTIARTL.NS
2013-02-15,262.19598388671875,263.52083787495366,253.91567449830183,258.09721335586073,3411604,BHARTIARTL.NS
2013-02-18,259.7532043457031,262.8997176221099,258.3455544072591,261.6576884024467,2790086,BHARTIARTL.NS
2013-02-19,254.6608428955078,260.8296614040462,252.21814037713474,260.7882772496274,5057227,BHARTIARTL.NS
2013-02-20,251.72134399414062,257.8487785852637,250.93470857321745,257.76595419713254,8055927,BHARTIARTL.NS
2013-02-21,245.26272583007812,254.86788867484705,241.37098848368018,250.81053057006542,8843988,BHARTIARTL.NS
2013-02-22,256.3996887207031,257.76592648337635,245.2212854435953,246.17351346230956,7111174,BHARTIARTL.NS
2013-02-25,254.20545959472656,258.1800213061524,252.96343008844292,254.61946943015442,4017917,BHARTIARTL.NS
2013-02-26,258.17999267578125,277.8871222144272,250.56211161170117,258.26278902607544,11939183,BHARTIARTL.NS
2013-02-27,266.4188537597656,269.02714874000725,261.1194674597611,262.48570519501226,10651675,BHARTIARTL.NS
2013-02-28,267.3711242675781,271.42848200569705,262.6927518272528,270.2692489539689,10650518,BHARTIARTL.NS
2013-03-01,257.600341796875,270.1863954169379,254.9506344924222,267.8265173726871,8427935,BHARTIARTL.NS
2013-03-04,261.6991271972656,263.43799089830895,254.41245892441503,257.51758869802023,4000021,BHARTIARTL.NS
2013-03-05,266.7086181640625,268.2404764050182,256.35823601086383,261.6576496176463,6147752,BHARTIARTL.NS
2013-03-06,265.3424072265625,270.72461770118326,264.01755369200714,267.6609009120344,5266181,BHARTIARTL.NS
2013-03-07,265.17681884765625,266.0462505809593,261.823300453208,264.14179442136447,5579844,BHARTIARTL.NS
2013-03-08,267.3711242675781,269.89662330981685,265.383871612908,267.4953328156288,3345446,BHARTIARTL.NS
2013-03-11,266.0876770019531,270.3106273555217,264.14180854603563,267.5367393142934,4047760,BHARTIARTL.NS
2013-03-12,260.45709228515625,265.79789183238785,259.918873914539,265.79789183238785,2719091,BHARTIARTL.NS
2013-03-13,262.734130859375,265.2596295828362,257.4347443857507,259.33920044734873,4611608,BHARTIARTL.NS
2013-03-14,260.4984130859375,262.85831894132974,255.86145378702784,261.32646055798506,5960918,BHARTIARTL.NS
2013-03-15,256.9379577636719,262.69276724070295,254.3710744135028,258.5940251047722,6735913,BHARTIARTL.NS
2013-03-18,254.61947631835938,256.9793829126293,249.36150079769297,252.54939904716903,5817743,BHARTIARTL.NS
2013-03-19,242.94427490234375,258.2628361775322,235.16077167858256,256.6895650444774,17744473,BHARTIARTL.NS
2013-03-20,231.88999938964844,246.25632930119286,228.20526751580064,240.95694247523656,23077903,BHARTIARTL.NS
2013-03-21,246.67030334472656,251.39008701474836,235.98870685438962,235.98870685438962,12231265,BHARTIARTL.NS
2013-03-22,243.48245239257812,248.20220892200456,239.17667762059213,248.20220892200456,7059864,BHARTIARTL.NS
2013-03-25,238.96963500976562,246.33909792816888,238.14161554946583,245.92508819801898,5721358,BHARTIARTL.NS
2013-03-26,245.84230041503906,246.7531442835004,236.36134828967013,237.56199337171324,7365237,BHARTIARTL.NS
2013-03-28,241.57797241210938,245.84233506579767,239.0938855565955,245.55253381136927,4956778,BHARTIARTL.NS
2013-04-01,243.1511993408203,244.18625181833414,238.47285522876794,238.47285522876794,1611104,BHARTIARTL.NS
2013-04-02,241.61935424804688,244.2690334765731,240.3772969573314,243.44101397479182,3001840,BHARTIARTL.NS
2013-04-03,232.51101684570312,242.53017352254668,231.51737660668624,240.50150889166463,6268041,BHARTIARTL.NS
2013-04-04,226.5491943359375,235.61613717999856,225.26575284701767,232.67662859019288,7232391,BHARTIARTL.NS
2013-04-05,223.77529907226562,231.51738846451732,220.71158185455738,226.0523808890402,4795154,BHARTIARTL.NS
2013-04-08,232.34544372558594,235.49195758495762,223.44410649762705,223.56831505021444,4399187,BHARTIARTL.NS
2013-04-09,229.36453247070312,233.91871074477595,226.88044542595404,233.50468689130136,4871185,BHARTIARTL.NS
2013-04-10,233.21485900878906,234.29129567077487,227.21163297998677,231.10338385973472,3875709,BHARTIARTL.NS
2013-04-11,227.8740692138672,232.883655136269,224.93456035062354,232.3868349597882,4592096,BHARTIARTL.NS
2013-04-12,226.46641540527344,230.52375908591296,224.39633837949197,226.05239158870313,2235706,BHARTIARTL.NS
2013-04-15,231.55877685546875,234.99510553195705,224.27210974203265,224.39631827777933,3361243,BHARTIARTL.NS
2013-04-16,235.98873901367188,236.77537440554752,230.5237455201464,233.3390596424706,3446789,BHARTIARTL.NS
2013-04-17,236.858154296875,238.88684690540288,234.7466933851148,235.98872261837536,3440184,BHARTIARTL.NS
2013-04-18,248.11936950683594,250.0652376383366,235.57470104494763,235.98871076857898,6751606,BHARTIARTL.NS
2013-04-22,249.0303192138672,252.54943139905828,247.58125652699226,249.23732416369882,3617448,BHARTIARTL.NS
2013-04-23,247.95384216308594,254.82647267745617,245.5111392891948,248.98886674487096,6475297,BHARTIARTL.NS
2013-04-25,251.5970916748047,256.5238801993251,247.20852138926205,250.06523329355082,5591278,BHARTIARTL.NS
2013-04-26,263.6864013671875,265.7978906815735,255.94431126516938,257.51758221126846,7871847,BHARTIARTL.NS
2013-04-29,263.4794006347656,268.4061904210458,259.132241422768,265.54947778514776,3679145,BHARTIARTL.NS
2013-04-30,263.934814453125,268.32338572621717,259.9188688315029,268.281973530038,3790188,BHARTIARTL.NS
2013-05-02,262.27874755859375,268.9444008322492,250.97613394216143,255.03349176587093,13188695,BHARTIARTL.NS
2013-05-03,263.06536865234375,274.4921901953211,261.7405149016137,269.9380264557212,8632202,BHARTIARTL.NS
2013-05-06,265.3838806152344,267.7437589941081,263.39659985510497,266.66732225855,5561415,BHARTIARTL.NS
2013-05-07,274.2437438964844,275.56859750609766,264.05898083915764,266.8328685509978,6640496,BHARTIARTL.NS
2013-05-08,268.44757080078125,274.07819963641555,267.32974990346935,274.07819963641555,4053323,BHARTIARTL.NS
2013-05-09,269.1099548339844,271.42844869091863,266.6258682920051,266.6258682920051,3679327,BHARTIARTL.NS
2013-05-10,268.4889831542969,270.76606518517997,267.1641293098453,269.10999787961555,2559143,BHARTIARTL.NS
2013-05-13,258.1385803222656,268.9443872274399,256.85513876033656,266.54309680406783,3260879,BHARTIARTL.NS
2013-05-14,262.6927490234375,264.05901499936544,258.4283864300982,260.4156671016043,2737174,BHARTIARTL.NS
2013-05-15,267.1640930175781,268.7787479068965,261.0780710296619,261.0780710296619,3669284,BHARTIARTL.NS
2013-05-16,266.2118835449219,271.4698863786248,265.4252481219658,265.92208229985226,2848840,BHARTIARTL.NS
2013-05-17,261.28509521484375,267.86795183233176,258.88380478006724,266.95710786119366,2969012,BHARTIARTL.NS
2013-05-20,254.86790466308594,264.8042816098963,254.0398849333731,264.72148524453524,4133045,BHARTIARTL.NS
2013-05-21,252.09396362304688,257.51755901417044,250.6863135529395,254.2054247091852,3532737,BHARTIARTL.NS
2013-05-22,258.386962890625,259.91882133667366,253.3773778185291,253.95698023084205,4259201,BHARTIARTL.NS
2013-05-23,249.41551208496094,256.5594522115518,248.46019454360143,256.0610489045604,7114423,BHARTIARTL.NS
2013-05-24,247.96182250976562,253.11212192976615,244.763647491311,253.11212192976615,3215243,BHARTIARTL.NS
2013-05-27,256.8087158203125,258.2624369397617,249.20786004190205,249.20786004190205,3515446,BHARTIARTL.NS
2013-05-28,261.5021057128906,263.6619004642947,257.5147663612023,258.01319784425715,2858211,BHARTIARTL.NS
2013-05-29,261.6681823730469,262.6650170265287,257.18244049646995,262.4573466564094,2289709,BHARTIARTL.NS
2013-05-30,262.00054931640625,265.0741168401153,254.4412665252314,254.4412665252314,2848487,BHARTIARTL.NS
2013-05-31,250.82774353027344,262.9558600718551,246.715795785986,260.8375822564227,3290263,BHARTIARTL.NS
2013-06-03,252.0321502685547,256.2271307907962,247.87868694012582,251.1183782101555,1784790,BHARTIARTL.NS
2013-06-04,252.6967315673828,256.26872990680124,251.3261013202517,253.5689866150666,1453418,BHARTIARTL.NS
2013-06-05,251.24302673339844,254.19198561156372,249.29090259086172,253.94276989561044,4573757,BHARTIARTL.NS
2013-06-06,245.13743591308594,251.2014786617134,242.81148822201715,250.8276832200497,6559786,BHARTIARTL.NS
2013-06-07,239.4887237548828,246.63269242019817,238.15963881713276,243.47606295269225,4529987,BHARTIARTL.NS
2013-06-10,235.7090606689453,242.06386433097114,233.42465835219238,241.31624533452995,4940861,BHARTIARTL.NS
2013-06-11,231.5140838623047,235.25219320454343,227.81749172259833,233.88154889316132,9030024,BHARTIARTL.NS
2013-06-12,230.72491455078125,234.0061517619116,228.10823384784328,229.4788781299669,5786891,BHARTIARTL.NS
2013-06-13,238.99032592773438,239.94561541782477,228.60666502100582,228.60666502100582,5118975,BHARTIARTL.NS
2013-06-14,240.4440155029297,242.85302564391952,238.4918633170792,240.90087345806904,2862901,BHARTIARTL.NS
2013-06-17,245.88507080078125,249.2078253029514,240.4440388557357,240.4440388557357,4389186,BHARTIARTL.NS
2013-06-18,242.52076721191406,250.4123266124735,240.61016019700088,248.46020239544012,3783624,BHARTIARTL.NS
2013-06-19,248.8340301513672,250.66154653627777,242.56228847671986,242.56228847671986,3808832,BHARTIARTL.NS
2013-06-20,239.90403747558594,245.0543072285909,238.0764933663984,245.0543072285909,7898653,BHARTIARTL.NS
2013-06-21,242.52076721191406,245.51124340473717,237.45353081113996,239.90408647910095,6272944,BHARTIARTL.NS
2013-06-24,235.45986938476562,241.73159673197281,233.9230859968374,240.07020548445783,5307277,BHARTIARTL.NS
2013-06-25,245.30355834960938,246.8403416844847,232.71857282448977,236.3320740509275,4755952,BHARTIARTL.NS
2013-06-26,230.6833953857422,244.2236857261053,229.64502930324636,243.39300411138336,10110244,BHARTIARTL.NS
2013-06-27,233.2169952392578,237.49506709862922,230.93257878722272,237.49506709862922,6356748,BHARTIARTL.NS
2013-06-28,242.35459899902344,244.3067230950745,233.67386169384557,234.463026023449,4512772,BHARTIARTL.NS
2013-07-01,246.00970458984375,250.03856137359367,241.85623992830108,242.35464331128298,3514414,BHARTIARTL.NS
2013-07-02,251.57530212402344,253.90122168591367,242.56227240509986,244.9297654234234,5586795,BHARTIARTL.NS
2013-07-03,244.6805419921875,254.7319233184365,234.91989356995794,250.86919239957314,4859432,BHARTIARTL.NS
2013-07-04,250.16311645507812,252.19833137802254,243.4760620745075,243.4760620745075,3413730,BHARTIARTL.NS
2013-07-05,245.76040649414062,254.27500338473456,243.2267888363945,253.0289531524756,2146899,BHARTIARTL.NS
2013-07-08,243.8914031982422,255.60417690489632,240.98398946926815,243.5591249325149,5044558,BHARTIARTL.NS
2013-07-09,242.2715606689453,246.7157579245023,240.98399291889075,244.72208830159968,2830695,BHARTIARTL.NS
2013-07-10,240.9839630126953,244.2236546517251,240.1947987022086,244.2236546517251,3123772,BHARTIARTL.NS
2013-07-11,249.24929809570312,250.03846225676818,243.39292705826986,243.39292705826986,2979503,BHARTIARTL.NS
2013-07-12,253.7766876220703,254.98119294800293,246.54965566647462,250.0385637652878,3779448,BHARTIARTL.NS
2013-07-15,261.2113952636719,262.6235710403064,250.91079584618137,252.61370459417918,3822989,BHARTIARTL.NS
2013-07-16,266.73541259765625,268.77059905927183,256.1025379772121,257.5147133414685,4192610,BHARTIARTL.NS
2013-07-17,262.54046630859375,272.01038351326855,259.25922874160847,269.97516843813787,6912776,BHARTIARTL.NS
2013-07-18,268.85369873046875,269.97514136322286,261.460542676697,261.460542676697,3838679,BHARTIARTL.NS
2013-07-19,274.0040588378906,277.3683590139217,264.492624233237,268.89527650697374,6293753,BHARTIARTL.NS
2013-07-22,279.19580078125,280.19263540489106,270.8473283883696,273.21482116758517,3923614,BHARTIARTL.NS
2013-07-23,274.211669921875,280.2757123679562,273.17328992067115,279.48654806755053,3129509,BHARTIARTL.NS
2013-07-24,280.2757568359375,281.604869946825,271.6365497433561,271.6365497433561,4830763,BHARTIARTL.NS
2013-07-25,280.02655029296875,283.1000889938794,276.7868302721505,279.943459633015,5327831,BHARTIARTL.NS
2013-07-26,280.1095886230469,282.3939908825064,275.00080737382467,280.6910544233713,2934628,BHARTIARTL.NS
2013-07-29,277.4513854980469,288.0842614889072,275.3746534443421,279.94345833685554,5566137,BHARTIARTL.NS
2013-07-30,266.73541259765625,277.3267418936705,263.4957211375706,276.20529941587864,3557068,BHARTIARTL.NS
2013-07-31,286.17364501953125,289.08108667533094,260.2560264723382,260.83752042913505,15423344,BHARTIARTL.NS
2013-08-01,285.1352844238281,294.0652232490862,281.81250209768467,288.87337938051,14825967,BHARTIARTL.NS
2013-08-02,286.796630859375,290.24402083924224,281.68787794077673,285.09372259590293,7003400,BHARTIARTL.NS
2013-08-05,279.4035339355469,287.75200820458105,278.282091215906,285.8829463812422,3784135,BHARTIARTL.NS
2013-08-06,268.23065185546875,280.6910426355178,264.201796107865,280.6910426355178,5974287,BHARTIARTL.NS
2013-08-07,271.0135192871094,276.2053353638443,266.2370439960036,269.9751391948511,4690771,BHARTIARTL.NS
2013-08-08,280.1927185058594,282.5186666508633,269.1444999773282,271.5535106668919,4966485,BHARTIARTL.NS
2013-08-12,283.9307556152344,286.13209520628993,276.57911791321845,284.2630338200764,5109950,BHARTIARTL.NS
2013-08-13,287.75201416015625,290.28560447285133,277.11913702657097,280.77419821030566,4174860,BHARTIARTL.NS
2013-08-14,285.1768798828125,292.23778723151975,283.4324257149091,287.41976560051194,3284156,BHARTIARTL.NS
2013-08-16,278.8220520019531,289.0811338726672,275.6239050378806,288.0842989817731,9362242,BHARTIARTL.NS
2013-08-19,263.82806396484375,278.24058215194714,255.6872598681842,278.19903681734195,8009204,BHARTIARTL.NS
2013-08-20,264.53411865234375,268.93679867500737,250.3292719076994,258.34546754983825,7301715,BHARTIARTL.NS
2013-08-21,248.16946411132812,269.60134096217155,244.6390112134733,269.1444548514113,5402958,BHARTIARTL.NS
2013-08-22,260.0068664550781,263.3296211063537,245.71892863157453,247.5464732243729,5759879,BHARTIARTL.NS
2013-08-23,256.642578125,260.7960145956531,252.1568071049346,260.0068782618604,6355217,BHARTIARTL.NS
2013-08-26,255.064208984375,262.9142507753748,253.36127245300702,256.76711738755876,2872961,BHARTIARTL.NS
2013-08-27,244.14059448242188,254.81501634973804,241.8146747154482,253.3612953992394,6931145,BHARTIARTL.NS
2013-08-28,239.07337951660156,243.3929969187908,231.92942501809,243.3929969187908,4976641,BHARTIARTL.NS
2013-08-29,248.66793823242188,249.95550612688027,240.90092927275154,243.725308952718,9465005,BHARTIARTL.NS
2013-08-30,248.4602508544922,251.03538646771614,240.98400350430074,250.86923326108246,6036400,BHARTIARTL.NS
2013-09-02,249.45701599121094,252.36445753296363,245.13742713354407,252.36445753296363,2835899,BHARTIARTL.NS
2013-09-03,236.74742126464844,255.77028762169118,235.0860440933296,254.19198704418912,5196862,BHARTIARTL.NS
2013-09-04,246.8818817138672,248.54324474018824,233.00930073398382,236.91356291502356,3793874,BHARTIARTL.NS
2013-09-05,246.05125427246094,256.68410374157764,244.22370953679652,251.69995731094104,8318190,BHARTIARTL.NS
2013-09-06,260.62982177734375,263.99412103984605,248.0032780517578,251.65833832521676,10362269,BHARTIARTL.NS
2013-09-10,281.06488037109375,291.9054259604327,267.1507681920292,269.1444375683134,13540881,BHARTIARTL.NS
2013-09-11,278.36517333984375,286.4644034881682,273.5056071226621,281.31413245893225,6307373,BHARTIARTL.NS
2013-09-12,272.9656066894531,282.35243094345003,269.6013073998669,281.43865883568367,3496522,BHARTIARTL.NS
2013-09-13,270.59820556640625,275.99769257600633,262.8312252111924,268.39686542857385,5393254,BHARTIARTL.NS
2013-09-16,278.90509033203125,282.1863273507183,271.6365144980458,273.2979056710868,3984483,BHARTIARTL.NS
2013-09-17,280.1927185058594,283.1001325909719,274.3778622074446,279.6942869821208,3677563,BHARTIARTL.NS
2013-09-18,280.44183349609375,282.6846901624185,277.07750630433696,282.4354744901003,2487066,BHARTIARTL.NS
2013-09-19,294.3144226074219,298.0110286412829,284.9691426493944,286.5889885501553,9473616,BHARTIARTL.NS
2013-09-20,285.92437744140625,294.3143945160346,283.34924262361136,294.3143945160346,11382598,BHARTIARTL.NS
2013-09-23,278.4067077636719,282.6847802367896,274.1701806252384,282.35250194388175,5865483,BHARTIARTL.NS
2013-09-24,274.37774658203125,279.11270342124266,272.9655714068591,278.19893143158737,6043060,BHARTIARTL.NS
2013-09-25,279.1127624511719,281.5217726350406,270.05821566192935,274.1285889010036,3677757,BHARTIARTL.NS
2013-09-26,278.0743713378906,281.77094899358394,273.4640215356824,280.3587735759953,5735740,BHARTIARTL.NS
2013-09-27,270.224365234375,281.18951991145997,268.7706443009862,281.18951991145997,5590554,BHARTIARTL.NS
2013-09-30,264.7002258300781,267.98149108766404,259.2176769663285,267.31693459602445,6173039,BHARTIARTL.NS
2013-10-01,267.9814453125,269.39362058396773,256.68401501257847,265.2401572847851,4654219,BHARTIARTL.NS
2013-10-03,269.3937072753906,270.63972978921,258.34548909397216,267.3169749575028,6084930,BHARTIARTL.NS
2013-10-04,272.7580261230469,275.95620142496256,264.40955094464863,264.40955094464863,4172051,BHARTIARTL.NS
2013-10-07,268.52142333984375,270.55660989121725,265.3232489349572,268.52142333984375,2690157,BHARTIARTL.NS
2013-10-08,275.873046875,277.9497788542857,268.3137660980749,275.12542786296666,4468155,BHARTIARTL.NS
2013-10-09,277.5760192871094,278.3236383957672,268.43838052036614,277.20219566868644,5809880,BHARTIARTL.NS
2013-10-10,276.5376281738281,279.3619794185913,273.38099865743476,275.1669978834704,3673190,BHARTIARTL.NS
2013-10-11,277.90826416015625,280.4418822608044,275.5823164464909,278.8220082372435,2296597,BHARTIARTL.NS
2013-10-14,276.7037353515625,281.189477208395,275.789963224514,279.8603643429361,1859046,BHARTIARTL.NS
2013-10-15,281.6879577636719,285.75835999900727,277.45143043866074,279.112821976368,4620627,BHARTIARTL.NS
2013-10-17,289.62103271484375,290.74244716182034,282.020178528757,283.266228959845,6505452,BHARTIARTL.NS
2013-10-18,296.349609375,298.2186708154163,289.7040732136208,290.74242505375094,5157142,BHARTIARTL.NS
2013-10-21,293.1929931640625,298.6755698775127,290.7424377095928,294.5221060798302,2595830,BHARTIARTL.NS
2013-10-22,292.5284118652344,295.6434953848778,290.32707230145047,291.1577818673547,3184462,BHARTIARTL.NS
2013-10-23,288.9565124511719,294.8128855164592,287.0043880960761,292.19620459858345,2669052,BHARTIARTL.NS
2013-10-24,290.45172119140625,296.39118432071325,288.95648314091443,289.91177255494057,3339071,BHARTIARTL.NS
2013-10-25,285.343017578125,289.99488572994466,284.0969668996465,289.24726657413345,2612230,BHARTIARTL.NS
2013-10-28,281.9371337890625,289.3302899296025,280.02652675794,285.75831972312153,2300715,BHARTIARTL.NS
2013-10-29,283.4323425292969,286.50590909032877,279.2788787649051,284.0138364573303,2519191,BHARTIARTL.NS
2013-10-30,299.04937744140625,302.787500636663,277.6175011253308,282.8508904756009,21918676,BHARTIARTL.NS
2013-10-31,304.94732666015625,307.77167794854796,295.8097162414552,297.26343721831665,11596552,BHARTIARTL.NS
2013-11-01,305.0303649902344,310.5129134238804,300.95996383030933,303.20282071750324,5959996,BHARTIARTL.NS
2013-11-05,298.7171325683594,303.6182160955131,295.7266561806385,299.5478423313166,5977214,BHARTIARTL.NS
2013-11-06,295.39434814453125,302.99517434720445,293.06840042201804,299.29859643975425,5858839,BHARTIARTL.NS
2013-11-07,289.2887878417969,297.8033870731205,288.08428259981787,294.06526347688396,3727390,BHARTIARTL.NS
2013-11-08,285.7582702636719,293.19297044806166,284.80298097754644,287.46117847494685,3403437,BHARTIARTL.NS
2013-11-11,283.2662048339844,287.83500914520704,282.02015450902286,283.2662048339844,4793478,BHARTIARTL.NS
2013-11-12,280.56646728515625,285.71676611280253,279.15429175011286,283.05856823234825,2929093,BHARTIARTL.NS
2013-11-13,276.205322265625,282.4355181391696,272.5918069712781,282.2693930840701,3578940,BHARTIARTL.NS
2013-11-14,282.3524475097656,286.3397862559493,278.32359156509034,278.32359156509034,3268860,BHARTIARTL.NS
2013-11-18,286.796630859375,288.25035155894665,283.1000533156073,284.4291661691377,4041879,BHARTIARTL.NS
2013-11-19,292.071533203125,294.0236571336448,287.4611835996344,287.83500713296405,5518304,BHARTIARTL.NS
2013-11-20,286.090576171875,293.2760613676635,284.01384423282406,292.4868970426237,4265438,BHARTIARTL.NS
2013-11-21,281.3141174316406,285.71679771334385,279.6112087866284,283.2247246187114,2478236,BHARTIARTL.NS
2013-11-22,279.0296936035156,288.16733176222044,278.28207454460596,282.1032605009556,3655653,BHARTIARTL.NS
2013-11-25,279.23736572265625,283.847687504637,274.12858440156424,281.9786540982084,3516569,BHARTIARTL.NS
2013-11-26,271.6780700683594,282.89241168487223,269.97513350371867,279.1127712358632,6876493,BHARTIARTL.NS
2013-11-27,267.3999938964844,273.63018983423524,264.61716010532416,272.46723005200147,7019318,BHARTIARTL.NS
2013-11-28,268.81219482421875,271.4704210101707,266.90158772101904,271.3873303457194,6444942,BHARTIARTL.NS
2013-11-29,271.6365966796875,273.8794824739073,268.895307446859,271.5535341279514,6981001,BHARTIARTL.NS
2013-12-02,276.2884216308594,278.78049443319856,272.46723583309,272.46723583309,3836570,BHARTIARTL.NS
2013-12-03,274.95928955078125,276.91141357925505,273.79630169640916,275.7899710511759,2866368,BHARTIARTL.NS
2013-12-04,275.9976806640625,279.73580420364254,273.3809998119939,273.3809998119939,4480939,BHARTIARTL.NS
2013-12-05,278.57281494140625,282.4355178139546,277.4513723721317,280.7741547521363,9374944,BHARTIARTL.NS
2013-12-06,276.12225341796875,279.11275749496735,274.95929367433877,278.94660431548687,4762438,BHARTIARTL.NS
2013-12-09,279.4035339355469,285.75833850926125,277.94981293335275,285.75833850926125,5918717,BHARTIARTL.NS
2013-12-10,278.48974609375,283.4739200540578,276.6622297057303,279.9434670148631,3421539,BHARTIARTL.NS
2013-12-11,272.55029296875,281.3141069967465,271.0550268143939,281.3141069967465,3164053,BHARTIARTL.NS
2013-12-12,268.81219482421875,272.8825966394109,262.12511215530026,271.67809141492484,4530513,BHARTIARTL.NS
2013-12-13,266.5278015136719,273.83789565110044,265.4063587864458,270.22437985196274,5027068,BHARTIARTL.NS
2013-12-16,260.29754638671875,268.72908136023386,258.76076318022945,266.5277417331988,4972532,BHARTIARTL.NS
2013-12-17,271.9272155761719,273.6716971998111,260.9620913739369,260.9620913739369,4711304,BHARTIARTL.NS
2013-12-18,272.259521484375,275.7899741571789,268.81215946509275,272.425674663235,3996392,BHARTIARTL.NS
2013-12-19,268.7706604003906,273.7963519070632,264.6587412142724,270.8889379943174,3503368,BHARTIARTL.NS
2013-12-20,272.3841247558594,274.04551587560337,265.78013373112833,269.1444331684957,3807279,BHARTIARTL.NS
2013-12-23,272.6749267578125,274.33628999903294,270.5151039134892,272.3841656880493,2997246,BHARTIARTL.NS
2013-12-24,270.51507568359375,275.70691965516835,269.35211591046397,273.29790945296907,2657958,BHARTIARTL.NS
2013-12-26,273.7547302246094,275.54072903370195,269.10286363595606,271.3457484779031,5657339,BHARTIARTL.NS
2013-12-27,273.4640808105469,275.374659716818,272.3426381626739,275.374659716818,2806661,BHARTIARTL.NS
2013-12-30,273.837890625,277.20219061674084,273.2979419381327,273.5886748839266,3614597,BHARTIARTL.NS
2013-12-31,274.33624267578125,276.8698605610529,270.8473354659587,273.71323156779357,2339127,BHARTIARTL.NS
2014-01-01,280.56646728515625,281.6048473678504,274.2947539722772,274.9593104744371,1883623,BHARTIARTL.NS
2014-01-02,273.0487060546875,281.60485000395073,271.2211897207331,280.7741684325675,5276461,BHARTIARTL.NS
2014-01-03,273.5886535644531,275.7069309421346,269.18600187496355,272.4672390733844,4701341,BHARTIARTL.NS
2014-01-06,273.5886535644531,274.66855085403654,270.5981774173561,272.88257985734947,2704888,BHARTIARTL.NS
2014-01-07,275.54083251953125,277.8667807515125,271.221242502614,274.5440256911587,4110547,BHARTIARTL.NS
2014-01-08,276.12225341796875,277.4513663410792,272.21800530246924,276.6206848282269,6305970,BHARTIARTL.NS
2014-01-09,273.7963562011719,276.62073574676674,271.8442317840878,276.1223042447606,3730440,BHARTIARTL.NS
2014-01-10,274.5854797363281,276.7452742479561,271.63652088293327,271.63652088293327,3787879,BHARTIARTL.NS
2014-01-13,274.95928955078125,277.2852090031594,273.3394437481019,274.12857992220364,2555309,BHARTIARTL.NS
2014-01-14,272.4256896972656,275.7899893768711,270.80584378695073,274.95930782127937,2474603,BHARTIARTL.NS
2014-01-15,275.3746337890625,276.7868092345308,273.46402693449755,274.0455208690492,2800811,BHARTIARTL.NS
2014-01-16,262.12506103515625,276.5791209101303,260.46366999294406,276.5791209101303,10508913,BHARTIARTL.NS
2014-01-17,258.2624206542969,264.6171972116724,254.39968906765125,262.49894773527666,6504517,BHARTIARTL.NS
2014-01-20,256.3102111816406,259.8406636954725,255.1472514947207,258.42848831557615,5217898,BHARTIARTL.NS
2014-01-21,253.27822875976562,258.3454652743576,251.40916703317635,258.3454652743576,7842351,BHARTIARTL.NS
2014-01-22,257.30706787109375,259.01000441476197,253.52742746863294,253.52742746863294,5951157,BHARTIARTL.NS
2014-01-23,261.3775329589844,262.4159132693997,254.52432417173185,256.6841192133109,5278619,BHARTIARTL.NS
2014-01-24,260.1314392089844,261.46055228506435,255.64569664130778,260.00685947026517,5058323,BHARTIARTL.NS
2014-01-27,254.9395751953125,259.3007090800253,252.40595738415047,255.77025664833155,5568181,BHARTIARTL.NS
2014-01-28,254.1919708251953,257.0993842055157,250.9937964171148,254.93958980138154,5757925,BHARTIARTL.NS
2014-01-29,250.78614807128906,261.460541307065,249.99698369947805,257.5147475761955,8611443,BHARTIARTL.NS
2014-01-30,256.3933410644531,258.0547042633638,249.29091775327626,250.8692184178787,9410790,BHARTIARTL.NS
2014-01-31,261.6681823730469,262.7065623518254,256.7670997562314,257.5147187142972,3675441,BHARTIARTL.NS
2014-02-03,254.0673828125,260.08990854672595,252.36447435200878,260.08990854672595,4028120,BHARTIARTL.NS
2014-02-04,262.7065734863281,263.9110785609807,248.75094400245496,251.6168121084764,7637040,BHARTIARTL.NS
2014-02-05,261.08673095703125,263.91111033237996,258.6777486459001,263.24655378855516,5097413,BHARTIARTL.NS
2014-02-06,261.75128173828125,265.3647969293913,259.59145918640456,261.2528503308546,7592592,BHARTIARTL.NS
2014-02-07,262.12506103515625,264.36794597418816,255.39646247442369,261.4605046182714,9224604,BHARTIARTL.NS
2014-02-10,255.02268981933594,261.5021021125271,253.6105141837694,261.5021021125271,10467267,BHARTIARTL.NS
2014-02-11,253.0290069580078,255.06422183253787,248.87554280483445,253.3612852153891,11167787,BHARTIARTL.NS
2014-02-12,255.8118438720703,256.2687299973374,250.57848235323462,253.44437884065016,7256213,BHARTIARTL.NS
2014-02-13,251.6168212890625,257.5978296816765,250.1215832550013,255.39648983097356,3673969,BHARTIARTL.NS
2014-02-14,253.69354248046875,263.7449237743023,250.8691915905263,252.53058273995813,14159920,BHARTIARTL.NS
2014-02-17,253.0705108642578,258.26235426998744,251.69988085702838,258.22080894654556,3867756,BHARTIARTL.NS
2014-02-18,251.07688903808594,256.3933412894622,248.7509693062952,255.02268289533436,7408301,BHARTIARTL.NS
2014-02-19,251.32606506347656,253.9427454444827,250.32923042382922,250.86917900428213,2544886,BHARTIARTL.NS
2014-02-20,246.63267517089844,252.53059289235588,246.00966401288355,252.53059289235588,4785876,BHARTIARTL.NS
2014-02-21,239.36412048339844,247.87871858070903,237.6611839870261,247.13107145848684,6257760,BHARTIARTL.NS
2014-02-24,234.919921875,242.5622939796641,234.1723027973113,240.81784008899484,7194628,BHARTIARTL.NS
2014-02-25,238.4918670654297,240.40247395439476,235.7505927146837,235.7505927146837,5895280,BHARTIARTL.NS
2014-02-26,239.40565490722656,242.4792217591087,236.8305195060203,238.61649052911358,8052633,BHARTIARTL.NS
2014-02-28,238.90725708007812,242.8530509332184,235.33527275945028,240.90089854408217,5039929,BHARTIARTL.NS
2014-03-03,238.1180877685547,241.64854074915925,236.83052006491306,241.23317182988725,3743907,BHARTIARTL.NS
2014-03-04,238.6995849609375,241.64854399674175,237.45353444274699,239.6548744189114,4211396,BHARTIARTL.NS
2014-03-05,234.8783416748047,241.2331306394486,234.17225401206647,241.2331306394486,8474738,BHARTIARTL.NS
2014-03-06,237.45352172851562,237.99347036091035,235.50139758615126,235.91673836058033,8311773,BHARTIARTL.NS
2014-03-07,250.78614807128906,253.98432276030073,238.86570434695963,239.2395279319813,14249287,BHARTIARTL.NS
2014-03-10,253.4858856201172,257.4316792623612,249.9554608835185,250.8276877674594,10134303,BHARTIARTL.NS
2014-03-11,251.74143981933594,254.8150066749111,248.21101497100653,254.8150066749111,4448609,BHARTIARTL.NS
2014-03-12,249.33242797851562,255.02267553445918,247.62951949601523,253.36128425385786,4115516,BHARTIARTL.NS
2014-03-13,249.95545959472656,252.48904957544585,247.5464493440552,250.03852212415342,2283999,BHARTIARTL.NS
2014-03-14,245.0543670654297,251.11843848192007,241.19166380748956,249.70626286156772,4199008,BHARTIARTL.NS
2014-03-18,245.13743591308594,248.3771276723649,243.97444800345937,247.13107723438912,3444084,BHARTIARTL.NS
2014-03-19,248.9585723876953,250.78608829085059,245.55272811714767,246.6741704767065,5211552,BHARTIARTL.NS
2014-03-20,245.46971130371094,252.6136512224596,245.05434241042033,248.41867011542539,3582627,BHARTIARTL.NS
2014-03-21,242.9361114501953,249.20782498062502,242.18849239137867,248.62635911720434,5050188,BHARTIARTL.NS
2014-03-24,244.18212890625,247.33878640133295,242.7284361488774,245.05435581194777,5319891,BHARTIARTL.NS
2014-03-25,244.92974853515625,246.2173160838844,240.5270691717039,244.22364677271554,7649439,BHARTIARTL.NS
2014-03-26,248.00331115722656,248.7924755194537,245.0543522273759,246.30040270079687,7887921,BHARTIARTL.NS
2014-03-27,258.09625244140625,262.0835916704194,248.83403436693436,250.453880380651,14322728,BHARTIARTL.NS
2014-03-28,263.661865234375,265.7385971705108,257.18245371774003,258.3454416040137,5662000,BHARTIARTL.NS
2014-03-31,263.95257568359375,271.8026447993788,262.3742752982023,265.40629635365485,6532401,BHARTIARTL.NS
2014-04-01,261.9589538574219,266.984644522691,259.17612015593846,264.16029362243484,3162658,BHARTIARTL.NS
2014-04-02,270.68121337890625,272.88255307166395,265.032511763803,265.8216479246023,6702502,BHARTIARTL.NS
2014-04-03,266.4031677246094,273.0487046459452,265.3648157657375,273.0487046459452,4881760,BHARTIARTL.NS
2014-04-04,262.6650695800781,267.4830619943277,261.6682067057152,267.233846275737,2500822,BHARTIARTL.NS
2014-04-07,263.70343017578125,265.5724918701406,260.83753370255124,262.6650500663879,3700298,BHARTIARTL.NS
2014-04-09,265.9048156738281,266.65243485398656,263.4127142357124,264.2849413005957,4273679,BHARTIARTL.NS
2014-04-10,265.614013671875,269.7674779249984,262.70659994596315,266.652393799249,7003435,BHARTIARTL.NS
2014-04-11,267.6907653808594,269.1029410799715,262.62355662340576,264.1603401971732,5656050,BHARTIARTL.NS
2014-04-15,270.182861328125,274.4609341213708,266.32015752823753,266.32015752823753,7037546,BHARTIARTL.NS
2014-04-16,268.8952331542969,274.1285943906377,267.0677168800631,270.8058400855021,2618016,BHARTIARTL.NS
2014-04-17,270.4320068359375,271.5534493830739,266.6523665654564,269.97512075168316,2780516,BHARTIARTL.NS
2014-04-21,278.11590576171875,279.4450186033909,270.265864684797,270.80581326070364,2331487,BHARTIARTL.NS
2014-04-22,278.48974609375,280.48341567787315,275.45772451467917,279.1127854189049,4003481,BHARTIARTL.NS
2014-04-23,281.4386291503906,283.6815138589965,277.9082051925971,278.4896709014975,10125384,BHARTIARTL.NS
2014-04-24,281.4386291503906,281.4386291503906,281.4386291503906,281.4386291503906,0,BHARTIARTL.NS
2014-04-25,283.84771728515625,287.0043748770638,280.2342016895439,281.8125304854977,5253995,BHARTIARTL.NS
2014-04-28,280.4833984375,285.3014189055569,278.1159335319903,282.72628361382243,2061766,BHARTIARTL.NS
2014-04-29,278.2820129394531,283.76458899532423,274.6684981811826,283.2246404540778,4881096,BHARTIARTL.NS
2014-04-30,272.50872802734375,285.42600509007406,268.60448005767915,281.8540353387756,6630619,BHARTIARTL.NS
2014-05-02,270.4735412597656,275.4161692051377,267.5660998198139,272.508727765186,4679457,BHARTIARTL.NS
2014-05-05,266.07086181640625,272.13493226174114,264.65868642221255,269.9751097810487,2753659,BHARTIARTL.NS
2014-05-06,261.5851745605469,268.3138028467799,260.2976067452429,267.2754226508266,4024013,BHARTIARTL.NS
2014-05-07,258.34539794921875,262.49886111964463,253.56892374168268,261.25281091724526,6526369,BHARTIARTL.NS
2014-05-08,255.8533172607422,261.9173586635394,255.02260777706135,259.17607081093115,4040554,BHARTIARTL.NS
2014-05-09,257.057861328125,260.67134827849384,255.4379874326298,255.85335630194126,4855275,BHARTIARTL.NS
2014-05-12,263.7864990234375,265.5724982276925,257.63936513733796,257.63936513733796,3154170,BHARTIARTL.NS
2014-05-13,265.1571044921875,270.5981641308006,261.3774641642285,266.77697847521097,5869623,BHARTIARTL.NS
2014-05-14,268.4799499511719,269.9751883026912,266.23709242389293,267.89845586860747,3047032,BHARTIARTL.NS
2014-05-15,266.98468017578125,270.8058662796173,264.5341243781508,270.30743480231547,3376603,BHARTIARTL.NS
2014-05-16,274.7516784667969,287.41974285066766,270.80588423205825,270.80588423205825,15301025,BHARTIARTL.NS
2014-05-19,280.9402770996094,286.00751314823725,276.0391942324725,276.53759752057806,5477382,BHARTIARTL.NS
2014-05-20,288.7072448730469,290.6593688776547,281.06487390139046,282.43550398592134,8561464,BHARTIARTL.NS
2014-05-21,281.8540344238281,290.7009103149012,278.86353046824115,289.08106455369324,3802119,BHARTIARTL.NS
2014-05-22,276.2884216308594,282.85089594965734,274.71009291673977,282.3524645122785,4212270,BHARTIARTL.NS
2014-05-23,285.4674987792969,289.0810416865703,277.1190549386315,277.1190549386315,7182794,BHARTIARTL.NS
2014-05-26,282.0201721191406,289.9533043646715,279.27888373559705,286.63052204274493,6913231,BHARTIARTL.NS
2014-05-27,279.0296936035156,282.43553876360284,276.6207113595561,282.43553876360284,4371841,BHARTIARTL.NS
2014-05-28,283.7646484375,285.7583179896593,277.65906004617483,280.35880331794107,6017145,BHARTIARTL.NS
2014-05-29,280.4003601074219,289.7871861388827,278.6974515421428,284.2630915065648,8026940,BHARTIARTL.NS
2014-05-30,285.84136962890625,288.16731735111716,281.6048430881607,281.6048430881607,4834916,BHARTIARTL.NS
2014-06-02,300.3785400390625,303.2028915022329,283.4739484670876,286.5890328923467,6886379,BHARTIARTL.NS
2014-06-03,299.2156066894531,304.15823625393614,295.3528746553292,302.9537308349677,6487420,BHARTIARTL.NS
2014-06-04,293.982177734375,300.0462206702556,291.28240639009124,299.0493859147303,6266080,BHARTIARTL.NS
2014-06-05,295.0621032714844,299.0494145471647,291.157854534671,294.0652684205173,8150401,BHARTIARTL.NS
2014-06-06,295.6435241699219,304.98883189511065,291.90542920802994,298.883243974473,7173403,BHARTIARTL.NS
2014-06-09,296.0589294433594,301.9568477092069,293.64991898952377,298.50945710131737,9484266,BHARTIARTL.NS
2014-06-10,300.3370056152344,304.44892469675415,295.93432546010473,301.16768724683436,9441767,BHARTIARTL.NS
2014-06-11,295.1866760253906,303.20284295659184,290.95012138075845,301.5414517359698,5407848,BHARTIARTL.NS
2014-06-12,284.0969543457031,292.9438322002162,282.1448299339612,291.5732018298273,6972595,BHARTIARTL.NS
2014-06-13,276.869873046875,285.34295388725076,273.50557353256875,284.4291817184486,6868987,BHARTIARTL.NS
2014-06-16,276.3299255371094,278.61432784002886,272.4256773970124,276.2053176837598,5279321,BHARTIARTL.NS
2014-06-17,280.9818115234375,282.6016573071516,276.6206774410601,276.6206774410601,4378378,BHARTIARTL.NS
2014-06-18,282.6432189941406,286.50595041576514,279.40352691676975,279.94347559633155,6554028,BHARTIARTL.NS
2014-06-19,280.89874267578125,286.42286502770855,279.44504995427184,281.48023664129596,4779752,BHARTIARTL.NS
2014-06-20,281.397216796875,282.31096102050793,276.8699285012871,279.1958765879866,3061729,BHARTIARTL.NS
2014-06-23,283.7231140136719,285.4675677338788,279.9434455344341,279.9434455344341,4876509,BHARTIARTL.NS
2014-06-24,283.22467041015625,286.9212480746332,281.39715424096664,284.92760685741854,3514105,BHARTIARTL.NS
2014-06-25,279.9434509277344,281.3556264366235,275.83153225893744,280.7741606041415,6295558,BHARTIARTL.NS
2014-06-26,281.1479187011719,283.2661957472006,278.4066305767386,278.6973915825388,4760973,BHARTIARTL.NS
2014-06-27,275.54083251953125,282.35252399195247,273.42258284900106,282.35252399195247,6976862,BHARTIARTL.NS
2014-06-30,279.8604431152344,280.77421549948235,275.79004085111643,275.79004085111643,5137323,BHARTIARTL.NS
2014-07-01,278.6974182128906,283.88923395205006,277.99131642068403,280.15111086807246,2348339,BHARTIARTL.NS
2014-07-02,280.89874267578125,282.3524635254755,279.1542889074221,280.5249472272385,3235504,BHARTIARTL.NS
2014-07-03,279.9019470214844,284.2630816131588,279.11278263628,282.4355371151726,4085387,BHARTIARTL.NS
2014-07-04,281.8124694824219,286.75509707246175,280.31723167279887,283.4738604532143,4634232,BHARTIARTL.NS
2014-07-07,286.1321105957031,288.1672971297082,281.77094837452194,282.89239089220234,6165692,BHARTIARTL.NS
2014-07-08,282.89239501953125,288.54109675988855,280.60799275311666,286.1736319686295,4422166,BHARTIARTL.NS
2014-07-09,283.68157958984375,286.4228681309925,280.8156831884357,283.1416309475103,2913994,BHARTIARTL.NS
2014-07-10,277.4929504394531,287.0043844801987,273.29794070577964,285.75833390863795,6605423,BHARTIARTL.NS
2014-07-11,278.6974182128906,279.8603779626728,274.4193465170659,276.6206862915901,4222483,BHARTIARTL.NS
2014-07-14,275.873046875,278.28205709609875,271.3042421462083,276.66221121532914,3951757,BHARTIARTL.NS
2014-07-15,277.90826416015625,278.7389457080873,273.75480016413184,276.7037590387455,2791094,BHARTIARTL.NS
2014-07-16,279.2788391113281,280.3587361613582,274.1285413993685,276.62064180670757,4598577,BHARTIARTL.NS
2014-07-17,279.61114501953125,282.2693707159477,278.69740103252445,279.90190603519045,1603948,BHARTIARTL.NS
2014-07-18,279.3204345703125,281.646382241524,277.5344355210378,278.7804859483757,2182944,BHARTIARTL.NS
2014-07-21,280.1095886230469,282.4355080807107,277.53442533524213,279.94343544568056,1682610,BHARTIARTL.NS
2014-07-22,294.18988037109375,296.39122051480507,282.435560535995,282.435560535995,10834823,BHARTIARTL.NS
2014-07-23,294.3559265136719,296.30805038563847,290.53474128748223,294.18980147818485,5618523,BHARTIARTL.NS
2014-07-24,294.5636291503906,295.7266170389629,291.6977610128422,294.0652258611338,2281668,BHARTIARTL.NS
2014-07-25,294.7298278808594,297.3049635083272,291.69780609285675,295.3112937868235,3469073,BHARTIARTL.NS
2014-07-28,294.0236511230469,296.5572688997808,291.73924903010476,296.1419281789151,3800382,BHARTIARTL.NS
2014-07-30,309.9729919433594,310.9283094888155,297.38802007396447,297.38802007396447,12472425,BHARTIARTL.NS
2014-07-31,309.76531982421875,311.6759267762777,307.3978548947532,310.6790920354015,9190997,BHARTIARTL.NS
2014-08-01,315.7048034667969,321.5611763060021,307.39787488091946,307.7716703529357,9349848,BHARTIARTL.NS
2014-08-04,313.088134765625,321.1458479298462,309.8484144897247,317.78154791057733,7246998,BHARTIARTL.NS
2014-08-05,311.3021240234375,315.8294119250584,310.26377201235135,315.3725257889058,3432741,BHARTIARTL.NS
2014-08-06,305.40423583984375,313.50349483461116,303.4936567005042,311.5098250236737,5823989,BHARTIARTL.NS
2014-08-07,303.867431640625,308.14550393893364,301.74918222205775,304.86426647861623,7882178,BHARTIARTL.NS
2014-08-08,310.6791076660156,311.80055032194554,300.0877766875981,302.2475713373992,5987141,BHARTIARTL.NS
2014-08-11,312.7142639160156,315.6632226701203,309.34996440491824,313.12960467300826,4623445,BHARTIARTL.NS
2014-08-12,307.3148193359375,315.24792450205666,306.359501711974,315.24792450205666,3758284,BHARTIARTL.NS
2014-08-13,306.193359375,314.00185623131193,303.7843490409919,308.8515854340946,5088251,BHARTIARTL.NS
2014-08-14,303.36895751953125,307.3147506180833,301.70756651042814,305.65335960898017,3085046,BHARTIARTL.NS
2014-08-18,312.5896911621094,312.75584436047285,301.5414738933758,303.11980270098917,2941081,BHARTIARTL.NS
2014-08-19,313.2957763671875,319.1521488945114,311.80053830237824,311.80053830237824,5532857,BHARTIARTL.NS
2014-08-20,311.1360168457031,320.6059058697857,310.30530706087524,316.07861770781017,4836047,BHARTIARTL.NS
2014-08-21,311.11920166015625,314.38883562616996,308.8555870774133,312.3767684714749,2560698,BHARTIARTL.NS
2014-08-22,306.0890197753906,312.20910880455574,305.4183211984744,310.23894238042294,3123067,BHARTIARTL.NS
2014-08-25,309.4424743652344,310.5323524207925,306.0051513656214,307.5980675318403,3003476,BHARTIARTL.NS
2014-08-26,309.8616027832031,314.9756713283485,306.1308604261719,308.7717249073165,2818960,BHARTIARTL.NS
2014-08-27,309.358642578125,313.2151450583459,306.46625862092054,309.7778220761187,3472892,BHARTIARTL.NS
2014-08-28,310.0293273925781,312.8797819184157,308.646001044709,308.646001044709,4787890,BHARTIARTL.NS
2014-09-01,315.0594787597656,316.90388515575967,310.0711700821821,310.1969295800235,3447961,BHARTIARTL.NS
2014-09-02,328.3058166503906,330.73709188560963,315.1014916943682,317.40700739836467,6636891,BHARTIARTL.NS
2014-09-03,339.1206970214844,342.80953810762367,327.29967357154084,327.29967357154084,13661124,BHARTIARTL.NS
2014-09-04,339.1206970214844,342.01308023368875,333.92279877599833,340.2944049911821,6719459,BHARTIARTL.NS
2014-09-05,336.2702941894531,341.8035424651948,331.5754048211229,340.0010367484776,3055188,BHARTIARTL.NS
2014-09-08,338.49200439453125,341.6358789179954,336.64756924076937,338.9531131829717,3569223,BHARTIARTL.NS
2014-09-09,340.4621276855469,344.52821927237727,335.0965685049724,335.1803987136961,3943462,BHARTIARTL.NS
2014-09-10,341.845458984375,345.2408524578187,338.4081362083857,341.17476047256474,5147073,BHARTIARTL.NS
2014-09-11,340.4202575683594,346.87572413721153,337.1086940606359,341.8454849170367,7838854,BHARTIARTL.NS
2014-09-12,347.0852355957031,348.4266324184972,340.5459402786566,341.17470939378535,4618781,BHARTIARTL.NS
2014-09-15,345.0312805175781,347.50448495596174,342.1808258894391,344.1929215286507,3619408,BHARTIARTL.NS
2014-09-16,345.6600646972656,350.06150599417737,343.270690573118,344.98936617695966,4342129,BHARTIARTL.NS
2014-09-17,347.3786926269531,350.6902557415526,345.45045577924196,348.7620188938414,4378000,BHARTIARTL.NS
2014-09-18,348.67822265625,351.2771868400287,344.8636491911572,347.0434054569245,3643270,BHARTIARTL.NS
2014-09-19,347.8817138671875,352.11546590023966,343.01916429405765,348.34279421237676,3862700,BHARTIARTL.NS
2014-09-22,348.04937744140625,350.5225815491169,343.2287571232918,347.504438493832,2386534,BHARTIARTL.NS
2014-09-23,340.7975158691406,348.0494117098752,339.9172276065294,347.9236521883373,2182556,BHARTIARTL.NS
2014-09-24,337.98895263671875,342.4742524285755,331.3239252901425,339.6237695938732,3474338,BHARTIARTL.NS
2014-09-25,340.587890625,350.4387209234461,334.80312356620965,338.03085632202965,6393950,BHARTIARTL.NS
2014-09-26,339.5818176269531,342.68379064306595,336.6475050174767,339.53988833121963,4018112,BHARTIARTL.NS
2014-09-29,338.0728454589844,341.13288994913717,335.01277258067563,338.5758551935777,2435380,BHARTIARTL.NS
2014-09-30,339.7076416015625,342.8515161219586,336.1864885124049,338.0728245799042,4148252,BHARTIARTL.NS
2014-10-01,338.0308837890625,341.5520367585624,336.7733169907469,338.7015822964104,4642350,BHARTIARTL.NS
2014-10-07,338.19854736328125,340.00105316704105,335.34809287465197,335.34809287465197,5427769,BHARTIARTL.NS
2014-10-08,335.0966796875,340.79758998263844,332.9168948203941,335.34817039711373,6679826,BHARTIARTL.NS
2014-10-09,339.498046875,342.0131521320217,334.59356749387706,334.59356749387706,3174456,BHARTIARTL.NS
2014-10-10,328.8927001953125,337.0248853006289,327.3836141390767,336.0607667009209,2947378,BHARTIARTL.NS
2014-10-13,328.2638854980469,329.94063192465825,318.58071391808056,328.3896450285622,4680304,BHARTIARTL.NS
2014-10-14,334.0066833496094,335.5995993567914,329.14413350219365,329.14413350219365,2715018,BHARTIARTL.NS
2014-10-15,334.0066833496094,334.0066833496094,334.0066833496094,334.0066833496094,0,BHARTIARTL.NS
2014-10-16,325.41339111328125,337.2344164952326,322.01799775574005,334.0066835658441,4298043,BHARTIARTL.NS
2014-10-17,331.9526672363281,335.34806038981185,326.9643581703628,326.9643581703628,5080864,BHARTIARTL.NS
2014-10-20,336.7733154296875,338.15664174023783,333.9647902828207,335.34808820521795,3650660,BHARTIARTL.NS
2014-10-21,344.2767333984375,347.9236459045539,338.45006492677663,338.61775374851646,4542123,BHARTIARTL.NS
2014-10-22,343.2707214355469,347.9236821929454,341.38438522611085,347.0014929357288,2854861,BHARTIARTL.NS
2014-10-27,347.54638671875,349.4746235957385,344.6120737137291,344.65400301511465,2755722,BHARTIARTL.NS
2014-10-28,341.8036193847656,347.923708917701,335.47391168965277,347.923708917701,3408381,BHARTIARTL.NS
2014-10-29,339.6238098144531,344.98939847929614,338.11475219654426,344.57021896189434,2572044,BHARTIARTL.NS
2014-10-30,341.6358947753906,343.73182068436944,336.563754643425,340.04300698193384,6382703,BHARTIARTL.NS
2014-10-31,334.4258728027344,347.0852563972976,332.07842822215713,345.5761706871368,16904947,BHARTIARTL.NS
2014-11-03,331.7850646972656,338.5758521888677,329.8987285300082,336.5637564920391,5739253,BHARTIARTL.NS
2014-11-05,322.3952941894531,334.7612592312566,320.71854787412906,334.50974018691943,11873813,BHARTIARTL.NS
2014-11-07,327.67706298828125,328.7669411265744,317.7423718182732,323.9463197330105,8290910,BHARTIARTL.NS
2014-11-10,328.0123596191406,331.32392281070486,323.5270598608493,328.64112881607474,3727030,BHARTIARTL.NS
2014-11-11,322.77252197265625,329.8148276202423,321.0538748612914,328.7249496879399,4608206,BHARTIARTL.NS
2014-11-12,324.7007751464844,326.16790317650754,321.5149716807371,322.227571046261,3122243,BHARTIARTL.NS
2014-11-13,327.7189025878906,328.59919079550247,315.227207255185,326.33560471370856,5146041,BHARTIARTL.NS
2014-11-14,325.5810852050781,330.5693946516597,324.44927793817453,324.91038670529474,2872915,BHARTIARTL.NS
2014-11-17,329.6471862792969,331.15624375167425,322.9402294832096,325.11998547401106,2310461,BHARTIARTL.NS
2014-11-18,334.928955078125,339.0369768879395,327.8028179697995,330.31792351461104,8324287,BHARTIARTL.NS
2014-11-19,336.81524658203125,341.88738630560636,331.44968690679707,336.35413780931475,6340864,BHARTIARTL.NS
2014-11-20,333.4617614746094,339.4141895739825,329.521428943852,337.44402330860385,3294101,BHARTIARTL.NS
2014-11-21,336.6475524902344,337.27635007416353,330.9466436502951,334.0066878021902,3186377,BHARTIARTL.NS
2014-11-24,334.8869934082031,338.8692552977247,332.0784681441505,336.18648955698336,2850647,BHARTIARTL.NS
2014-11-25,338.36627197265625,341.887425347274,334.0905897874999,340.2945091120153,6439812,BHARTIARTL.NS
2014-11-26,329.77294921875,338.03089287578325,328.2638633425744,337.36019435040606,4162084,BHARTIARTL.NS
2014-11-27,323.10791015625,330.4855659328528,321.43116375516854,330.4855659328528,5302552,BHARTIARTL.NS
2014-11-28,320.5090026855469,327.2159604909891,317.86813751737606,323.61097670304747,6057648,BHARTIARTL.NS
2014-12-01,316.7362365722656,323.1916733932549,315.3110095237836,322.5629042687289,3176480,BHARTIARTL.NS
2014-12-02,322.22760009765625,323.4432376078797,316.19134184929453,316.61052132423634,3677823,BHARTIARTL.NS
2014-12-03,317.23931884765625,324.7427343160863,316.06561053544453,324.44931433507236,7485703,BHARTIARTL.NS
2014-12-04,310.11309814453125,320.7603854656057,308.60404095273134,318.5806298800839,5866566,BHARTIARTL.NS
2014-12-05,308.3525695800781,315.01762525148564,306.04705414115074,312.7120814244055,4821637,BHARTIARTL.NS
2014-12-08,309.9873962402344,314.30500730643877,307.2627012521068,307.68188072902586,4263114,BHARTIARTL.NS
2014-12-09,296.90887451171875,312.0833667929805,295.6094065915511,307.01122626290334,6530448,BHARTIARTL.NS
2014-12-10,296.1961975097656,303.1966024938307,292.29779439521093,301.81327618493475,5831543,BHARTIARTL.NS
2014-12-11,287.81256103515625,299.7174196366993,286.72268281255407,295.6932560754113,5011388,BHARTIARTL.NS
2014-12-12,291.7109375,294.47756183768524,289.2796624271297,289.2796624271297,4315126,BHARTIARTL.NS
2014-12-15,293.3876953125,294.64523381368315,285.8842800580817,288.8185649489976,3772552,BHARTIARTL.NS
2014-12-16,293.4714660644531,294.8966931098722,285.88422212510324,290.9144318868,3775593,BHARTIARTL.NS
2014-12-17,286.7646179199219,292.96853805179876,285.1298005529781,289.3216530576258,6079742,BHARTIARTL.NS
2014-12-18,291.9205017089844,292.7588606036172,288.0220703950079,288.5251084423089,5392525,BHARTIARTL.NS
2014-12-19,287.64483642578125,292.4654571173512,281.52471963103005,292.21393807955445,5594541,BHARTIARTL.NS
2014-12-22,292.4235534667969,293.13618134034937,288.39939044980946,289.1958485472635,3422665,BHARTIARTL.NS
2014-12-23,297.78912353515625,298.87900154273854,292.63315345677717,293.42958311667303,5122234,BHARTIARTL.NS
2014-12-24,296.02850341796875,299.6334861729215,293.8487477237252,299.6334861729215,6101722,BHARTIARTL.NS
2014-12-26,297.03460693359375,299.0466742054565,292.9684863084161,298.45983426240093,1285099,BHARTIARTL.NS
2014-12-29,294.4356994628906,301.3522476852434,293.4296514397585,295.94475730350854,1342543,BHARTIARTL.NS
2014-12-30,293.219970703125,296.78305279804937,290.9982855563205,296.2800147484285,1135504,BHARTIARTL.NS
2014-12-31,295.6932067871094,296.3639053335537,293.2619316532874,293.2619316532874,2422916,BHARTIARTL.NS
2015-01-01,304.2445983886719,305.92134490753403,294.81294535082816,297.1184611687045,2460188,BHARTIARTL.NS
2015-01-02,306.04705810546875,307.6818750682678,303.49002359989186,304.9990810442982,2795887,BHARTIARTL.NS
2015-01-05,299.2562255859375,307.053088171799,298.1244467619234,307.053088171799,1605267,BHARTIARTL.NS
2015-01-06,296.90887451171875,298.54369173917075,292.08822467098656,298.54369173917075,3916948,BHARTIARTL.NS
2015-01-07,297.6214599609375,300.13659384060986,293.8488159177417,295.0644251624363,4899318,BHARTIARTL.NS
2015-01-08,302.77740478515625,304.28646213289835,296.070420154855,298.9209028168087,7096620,BHARTIARTL.NS
2015-01-09,298.2921142578125,305.9212882136653,296.7411275638163,303.9091927639158,3831782,BHARTIARTL.NS
2015-01-12,292.54925537109375,298.2082627743206,290.9982687877238,298.2082627743206,2276975,BHARTIARTL.NS
2015-01-13,290.32763671875,295.35787613420507,288.65091863508826,293.34578036802304,1604173,BHARTIARTL.NS
2015-01-14,289.9084167480469,291.9205122334891,288.94429830682975,290.8725635774167,3415213,BHARTIARTL.NS
2015-01-15,292.8846435546875,295.60936695660433,287.8125037046767,290.1599485409246,4966049,BHARTIARTL.NS
2015-01-16,287.43524169921875,295.1063167254385,284.29133894581037,290.91446531299584,9779165,BHARTIARTL.NS
2015-01-19,293.8069152832031,295.35790235882655,286.638848319369,288.31559494006456,3385131,BHARTIARTL.NS
2015-01-20,297.5376281738281,299.29820484746654,291.7947893311207,293.80688506903783,2891041,BHARTIARTL.NS
2015-01-21,309.358642578125,310.19700157411233,297.2022668073781,297.62144630537176,5052826,BHARTIARTL.NS
2015-01-22,310.1969909667969,313.5085543087547,302.77743461918953,313.0055446059939,2502844,BHARTIARTL.NS
2015-01-23,322.0180358886719,325.07808036412143,311.87375552773847,312.6702136261606,6269436,BHARTIARTL.NS
2015-01-27,330.4855041503906,331.1562025854398,319.92204638059167,320.84426382582177,5268554,BHARTIARTL.NS
2015-01-28,313.215087890625,331.74306813600055,311.5383418165334,330.06632206190886,4490563,BHARTIARTL.NS
2015-01-29,315.0594787597656,318.99981054743654,304.37026210102863,314.2211199583543,7542171,BHARTIARTL.NS
2015-01-30,313.2989807128906,319.2514091744496,306.96930205185794,319.2514091744496,5409140,BHARTIARTL.NS
2015-02-02,301.2264099121094,313.0055052166697,298.8789653556073,310.19695193090735,4157252,BHARTIARTL.NS
2015-02-03,311.4964904785156,313.5504870035552,301.89714961338,301.93905052930666,4242370,BHARTIARTL.NS
2015-02-04,309.31671142578125,316.31711687545743,306.00514799036023,314.38885145278533,5535031,BHARTIARTL.NS
2015-02-05,305.7536315917969,311.7898896280098,301.8552001579132,310.1969736134308,8259274,BHARTIARTL.NS
2015-02-06,308.7298583984375,310.196986570453,300.9749245080262,305.92130479904534,3318996,BHARTIARTL.NS
2015-02-09,298.54364013671875,306.5919937322494,296.15429447790825,306.00512544890097,3030260,BHARTIARTL.NS
2015-02-10,298.5855712890625,303.32236172247246,295.9446781917027,297.87294348428304,6847286,BHARTIARTL.NS
2015-02-11,298.54364013671875,302.3582130081017,291.75285332317685,299.25623954892853,3489433,BHARTIARTL.NS
2015-02-12,295.6932067871094,301.6875360122427,292.84275215879836,300.97493654924233,4361948,BHARTIARTL.NS
2015-02-13,297.6214599609375,298.8790269007737,292.842768043504,296.61541208669985,3377769,BHARTIARTL.NS
2015-02-16,302.945068359375,306.38239092113633,295.10630483077034,295.9446637242066,2355833,BHARTIARTL.NS
2015-02-18,295.1063537597656,304.78952549230263,293.84881521110987,304.3703459760841,3408770,BHARTIARTL.NS
2015-02-19,299.0466613769531,300.47188864462095,293.5972713500332,297.57953319409603,3057263,BHARTIARTL.NS
2015-02-20,292.8846435546875,300.80723794035083,291.96245437441985,297.62143414237715,4072136,BHARTIARTL.NS
2015-02-23,291.1659851074219,294.184099963851,289.4054086451206,291.7528533909066,2410807,BHARTIARTL.NS
2015-02-24,286.7646179199219,293.303887387697,285.1298005529781,290.1600122032913,7390936,BHARTIARTL.NS
2015-02-25,292.25592041015625,293.8488367543576,288.9443565681952,290.8306929176301,2882686,BHARTIARTL.NS
2015-02-26,292.8846435546875,295.60936695660433,290.28570806281425,293.4295825574401,4571845,BHARTIARTL.NS
2015-02-27,297.78912353515625,300.22039859457954,291.20789779808064,292.5912241533494,3711112,BHARTIARTL.NS
2015-03-02,292.6331481933594,304.328386106877,289.6569341836763,298.71130734443943,4619840,BHARTIARTL.NS
2015-03-03,292.8008117675781,293.93261907036793,288.1478514233567,293.4295809855041,2293482,BHARTIARTL.NS
2015-03-04,294.4775390625,300.47186767374893,292.842722168523,295.1063082398407,3694564,BHARTIARTL.NS
2015-03-05,291.66900634765625,295.02249897455084,288.44130163094337,294.6033194932275,3879220,BHARTIARTL.NS
2015-03-09,287.938232421875,290.70485644300214,284.2913202298506,290.70485644300214,3823862,BHARTIARTL.NS
2015-03-10,308.478271484375,320.50888449918807,285.6746119993658,286.76448975689834,12896222,BHARTIARTL.NS
2015-03-11,326.587158203125,330.31790115399735,303.6996340019321,310.1970013812598,14318713,BHARTIARTL.NS
2015-03-12,333.50372314453125,335.2642998408964,324.4912499024864,326.50331727822044,18411651,BHARTIARTL.NS
2015-03-13,335.5577087402344,337.6117337435634,326.461405572289,334.467830667844,12653947,BHARTIARTL.NS
2015-03-16,325.6230163574219,335.2642868960217,323.7786095058147,335.2642868960217,15605904,BHARTIARTL.NS
2015-03-17,324.072021484375,328.9765010499495,317.7423429947701,328.8088406076476,13158523,BHARTIARTL.NS
2015-03-18,320.467041015625,327.21592744883617,319.83827176902713,323.5270854148541,4777244,BHARTIARTL.NS
2015-03-19,320.2154846191406,322.73061808853487,318.37107801131634,321.0957728169831,4636137,BHARTIARTL.NS
2015-03-20,318.79022216796875,325.1199276645559,316.5685372692451,319.4190196597811,7256601,BHARTIARTL.NS
2015-03-23,321.30535888671875,326.88050745434384,316.9038899483003,321.9341279972861,3546841,BHARTIARTL.NS
2015-03-24,330.192138671875,332.4138240557626,319.92209912855503,320.0897879590405,8101985,BHARTIARTL.NS
2015-03-25,331.15625,333.2102748969872,324.4073637736142,324.4492930773644,11374656,BHARTIARTL.NS
2015-03-26,335.0546875,338.2824206885251,326.9644040705242,326.9644040705242,12656646,BHARTIARTL.NS
2015-03-27,315.64642333984375,339.1207877297735,311.11922226271656,336.1865028265905,9357286,BHARTIARTL.NS
2015-03-30,326.4613952636719,329.39568010528626,316.56860592454365,318.58070155841597,5166621,BHARTIARTL.NS
2015-03-31,329.7310485839844,331.74314433505856,322.7725720693035,326.1679659066434,6709861,BHARTIARTL.NS
2015-04-01,337.2763671875,339.4141939168738,329.52143316016287,329.7310229027229,6096908,BHARTIARTL.NS
2015-04-06,336.0188293457031,342.9773059190044,334.048662885071,337.27639629775774,4825167,BHARTIARTL.NS
2015-04-07,339.33038330078125,343.73182492512353,332.1623171714016,337.0248676112761,4691848,BHARTIARTL.NS
2015-04-08,351.4028625488281,354.50483575081904,341.21665478489314,341.21665478489314,6392808,BHARTIARTL.NS
2015-04-09,341.3843688964844,352.5346967805112,339.7495518300139,351.4448187361976,5176227,BHARTIARTL.NS
2015-04-10,345.3665771484375,347.00142234870316,336.60562485217275,341.216655364749,5103339,BHARTIARTL.NS
2015-04-13,356.8941955566406,357.9840734733388,342.05502739326937,342.9772448865455,4307880,BHARTIARTL.NS
2015-04-15,348.04937744140625,356.307320253224,343.01916740408257,356.307320253224,3883730,BHARTIARTL.NS
2015-04-16,350.4387512207031,354.58870180501395,347.4625372244302,348.8877644629163,3429760,BHARTIARTL.NS
2015-04-17,340.3363952636719,356.0558239230764,338.6177481013822,352.07359061619877,6165372,BHARTIARTL.NS
2015-04-20,337.2763671875,341.71970947318806,334.300153099732,338.53390564286,3642501,BHARTIARTL.NS
2015-04-21,333.9228515625,343.6898805124069,330.31786849500827,333.3779125916949,4315761,BHARTIARTL.NS
2015-04-22,334.8450927734375,336.43798049768986,327.97044700645245,332.8329971750778,4659581,BHARTIARTL.NS
2015-04-23,335.2223205566406,337.77935499351406,332.8329749358363,336.8571658636671,6374398,BHARTIARTL.NS
2015-04-24,334.635498046875,338.03089157594434,331.11434499626176,335.34809748475186,8213565,BHARTIARTL.NS
2015-04-27,327.8028259277344,338.45011673490734,322.0599867937837,334.46785436388126,16825758,BHARTIARTL.NS
2015-04-28,335.9768981933594,343.3126243204571,321.43114868556023,326.1260383884784,5756976,BHARTIARTL.NS
2015-04-29,324.74273681640625,337.44405214497664,321.850381126027,330.3179152156885,12480808,BHARTIARTL.NS
2015-04-30,319.50286865234375,325.2876072001731,311.70603478868236,324.82652686325974,9124401,BHARTIARTL.NS
2015-05-04,329.39569091796875,330.40173876792926,313.21515187112095,313.21515187112095,5025010,BHARTIARTL.NS
2015-05-05,324.4912109375,328.64113311256375,320.676609627996,328.64113311256375,2710648,BHARTIARTL.NS
2015-05-06,327.132080078125,339.53994585658677,323.6109270607133,329.7310155383466,15076384,BHARTIARTL.NS
2015-05-07,330.0244140625,335.7672519942821,323.06596708522125,326.8805398103206,8782001,BHARTIARTL.NS
2015-05-08,333.6294860839844,335.34813349058703,330.40175264498066,332.83302795412783,6371723,BHARTIARTL.NS
2015-05-11,332.16229248046875,337.6536117761562,330.90472565778407,332.8329910008134,4799566,BHARTIARTL.NS
2015-05-12,328.2638854980469,334.80318236775327,326.08412933753004,332.41383645242945,6930590,BHARTIARTL.NS
2015-05-13,320.7185363769531,335.34808712888577,319.16754963939763,331.9946230066072,6440531,BHARTIARTL.NS
2015-05-14,323.61090087890625,328.8087997669658,319.3351910852733,320.25740856785126,5484794,BHARTIARTL.NS
2015-05-15,328.6411437988281,331.1562490893811,324.4492921851884,325.2876511526547,4322623,BHARTIARTL.NS
2015-05-18,333.2102966308594,335.18046304885155,328.6411661383784,330.3179125754428,4866514,BHARTIARTL.NS
2015-05-19,333.6713562011719,339.5399541699301,331.24008111646435,334.425913341795,6042689,BHARTIARTL.NS
2015-05-20,335.8092041015625,338.5758283932202,332.7072305506689,333.0425798099048,5645720,BHARTIARTL.NS
2015-05-21,332.3718566894531,337.6116849286456,329.898680925286,336.186457779426,2829064,BHARTIARTL.NS
2015-05-22,331.0724792480469,334.2582836488306,327.50939621020643,331.5754890426299,3589617,BHARTIARTL.NS
2015-05-25,335.26422119140625,342.8933945486496,328.89261448862163,331.0723701940769,5979086,BHARTIARTL.NS
2015-05-26,335.8092041015625,341.1747638611831,333.8390378491093,337.0248416177734,6978361,BHARTIARTL.NS
2015-05-27,342.683837890625,346.33075031334766,335.47384326005596,335.47384326005596,5615442,BHARTIARTL.NS
2015-05-28,337.8631286621094,346.0372402765988,335.30612304133325,345.4084711949143,8018965,BHARTIARTL.NS
2015-05-29,356.8103332519531,364.69099698330615,337.2763059437635,337.6535560566075,75197864,BHARTIARTL.NS
2015-06-01,349.2650451660156,352.911957695523,343.8994854345334,348.7201061711343,4727277,BHARTIARTL.NS
2015-06-02,350.5226135253906,355.8881732805502,346.03731363832054,352.40894955850496,4759119,BHARTIARTL.NS
2015-06-03,352.7023620605469,354.63059896768357,343.06109236040413,350.5645070313576,4054895,BHARTIARTL.NS
2015-06-04,349.0974426269531,355.8044005006508,347.0853467483964,352.5347376009565,3630919,BHARTIARTL.NS
2015-06-05,348.4266662597656,354.08564562185677,346.91758049347635,349.6003743996334,5527337,BHARTIARTL.NS
2015-06-08,344.19293212890625,350.35495037413057,342.0970062038838,349.8938415607576,3158812,BHARTIARTL.NS
2015-06-09,342.0131530761719,345.408546601932,337.73747128861635,345.408546601932,3013310,BHARTIARTL.NS
2015-06-10,347.965576171875,350.89986087300167,342.1389076840578,343.5641349261083,3796042,BHARTIARTL.NS
2015-06-11,344.19293212890625,350.18728992644355,342.9772945246301,349.68425180707095,3434353,BHARTIARTL.NS
2015-06-12,347.7559814453125,353.24730059807905,341.6777940054802,344.654007966491,2529220,BHARTIARTL.NS
2015-06-15,346.7918395996094,350.774101372309,345.0731924037995,350.2710916819743,2604882,BHARTIARTL.NS
2015-06-16,347.3367919921875,348.17515090261907,343.01918114952986,346.2888149659958,4285319,BHARTIARTL.NS
2015-06-17,354.0438232421875,355.88823026771314,347.7141156113759,348.426743546328,4864718,BHARTIARTL.NS
2015-06-18,357.5229797363281,363.3915774010545,347.00145027440385,350.5226031956092,6872461,BHARTIARTL.NS
2015-06-19,363.85272216796875,366.6193466495347,357.5649444168018,357.5649444168018,3747410,BHARTIARTL.NS
2015-06-22,355.8881530761719,365.5294224327212,355.0497941704511,364.60720492590673,4135774,BHARTIARTL.NS
2015-06-23,360.750732421875,364.0203664878918,359.0739860848839,359.6189250958867,5811630,BHARTIARTL.NS
2015-06-24,356.2654724121094,361.672961782408,354.9240752988329,359.66086611249335,2864319,BHARTIARTL.NS
2015-06-25,357.73260498046875,360.0800499570199,354.2114517097198,356.7265571333754,4373706,BHARTIARTL.NS
2015-06-26,350.3968505859375,359.19973306247886,349.8099822914503,357.4810858696887,2623558,BHARTIARTL.NS
2015-06-29,347.0014953613281,348.76207205068766,340.37836812266,346.2888674688938,3194613,BHARTIARTL.NS
2015-06-30,352.157470703125,353.7922878815376,347.0853303251962,350.0615446925085,5214359,BHARTIARTL.NS
2015-07-01,355.84625244140625,359.1997451107396,352.36702863660787,355.2174832114641,3142082,BHARTIARTL.NS
2015-07-02,363.14007568359375,367.33192730283696,356.7265387318101,358.8224645414317,4975741,BHARTIARTL.NS
2015-07-03,364.7748718261719,367.03848633283815,362.59511592208776,363.81075338985045,3975749,BHARTIARTL.NS
2015-07-06,363.09820556640625,367.3738877675449,360.2896516847381,360.91842096451114,2229083,BHARTIARTL.NS
2015-07-07,362.0502014160156,365.6132838456928,361.0441536104072,363.0143199174991,1311090,BHARTIARTL.NS
2015-07-08,360.750732421875,363.01431868569716,354.7983042166725,359.5770241800584,3088205,BHARTIARTL.NS
2015-07-09,363.76885986328125,371.31417546635885,360.75071658915834,362.4693637665493,6238280,BHARTIARTL.NS
2015-07-10,351.5286560058594,365.52946719590864,350.14535796438923,365.52946719590864,5725932,BHARTIARTL.NS
2015-07-13,355.21746826171875,357.9002622842769,351.7382446033476,353.792241034273,2771223,BHARTIARTL.NS
2015-07-14,354.0438232421875,356.7265893552726,352.953945073097,355.2175316424023,1532422,BHARTIARTL.NS
2015-07-15,354.5887145996094,357.8164193627954,352.57661899450204,353.7922565407351,2387269,BHARTIARTL.NS
2015-07-16,356.0139465332031,357.4811031462501,351.61250508221696,356.64271577244267,2347739,BHARTIARTL.NS
2015-07-17,357.0199890136719,360.49921281792376,353.9180153920643,356.30736117599264,3436416,BHARTIARTL.NS
2015-07-20,360.0381164550781,362.59515115478644,356.39120369742625,356.39120369742625,2266929,BHARTIARTL.NS
2015-07-21,373.2843933105469,379.3206523055353,363.7689101774106,368.88295150293476,6657689,BHARTIARTL.NS
2015-07-22,368.37982177734375,376.21858425045167,367.0803259240837,370.97875670756827,3125401,BHARTIARTL.NS
2015-07-23,362.9305419921875,369.8470897156793,361.16996517572926,369.7213585614968,2619973,BHARTIARTL.NS
2015-07-24,363.76885986328125,367.9606829395556,360.6249570708841,363.39158130845846,2156436,BHARTIARTL.NS
2015-07-27,350.3968505859375,363.6850045176324,349.1812130825983,362.1759470611263,2565851,BHARTIARTL.NS
2015-07-28,343.73187255859375,356.3074299103042,342.97734365959667,351.27721832488396,3535491,BHARTIARTL.NS
2015-07-29,350.1453552246094,352.0736206722297,338.78543745381,344.57020540851573,3834817,BHARTIARTL.NS
2015-07-30,349.5584411621094,357.1037847441146,345.9115288825604,350.14530941950915,3646699,BHARTIARTL.NS
2015-07-31,351.1094970703125,357.27151562977684,347.08533385089294,351.0675961503318,3222836,BHARTIARTL.NS
2015-08-03,351.19329833984375,354.63059262483944,349.97766087207737,352.1154874748769,1546763,BHARTIARTL.NS
2015-08-04,346.45648193359375,357.1456993083008,343.06106042889417,354.4629055430518,5116932,BHARTIARTL.NS
2015-08-05,350.0615234375,358.570986498268,348.552437497538,357.14575916863816,6127568,BHARTIARTL.NS
2015-08-06,347.92364501953125,353.7922427787373,347.08528607742466,352.07359559215746,4021215,BHARTIARTL.NS
2015-08-07,345.0731506347656,349.6003508524014,343.81558397891956,348.7619920072707,4145596,BHARTIARTL.NS
2015-08-10,343.8995361328125,348.3009780434736,342.4743086754631,345.99546220399196,2977050,BHARTIARTL.NS
2015-08-11,339.4141540527344,345.4085108280078,337.6535777114863,344.5701519562329,3210336,BHARTIARTL.NS
2015-08-12,334.25823974609375,340.1268379822744,328.05429222818407,338.7016106319648,4155754,BHARTIARTL.NS
2015-08-13,324.4112243652344,349.6609968186112,317.96177655378915,341.4411145920324,7871377,BHARTIARTL.NS
2015-08-14,333.0947570800781,334.5279930301103,323.14660486044113,328.7951348712965,3612439,BHARTIARTL.NS
2015-08-17,328.9637756347656,336.08764885726134,325.6336700718127,333.853552337183,1642969,BHARTIARTL.NS
2015-08-18,325.04345703125,333.60056471469335,323.9474767334633,332.2516571029248,1956234,BHARTIARTL.NS
2015-08-19,322.51434326171875,325.76014937616264,314.378760210328,325.4229223961281,4410748,BHARTIARTL.NS
2015-08-20,320.3645324707031,330.48131379121367,314.8003013170669,328.7951788132771,4434974,BHARTIARTL.NS
2015-08-21,311.5544738769531,315.221806163505,302.23861172613243,315.221806163505,6592108,BHARTIARTL.NS
2015-08-24,293.6393127441406,309.10955806296545,284.91360565794344,301.1847399131788,7423096,BHARTIARTL.NS
2015-08-25,293.6815185546875,309.82619144434193,280.3189323975374,295.5362525587256,8827955,BHARTIARTL.NS
2015-08-26,285.96746826171875,295.83132134169836,283.69120764961866,295.07256780433164,7620596,BHARTIARTL.NS
2015-08-27,292.79632568359375,295.99996779208055,288.665302222476,292.96492490383133,8545234,BHARTIARTL.NS
2015-08-28,305.61090087890625,307.5920987696245,296.33720133585683,300.8897514953977,6812371,BHARTIARTL.NS
2015-08-31,298.6977844238281,308.56163815089536,295.0725871616583,307.71855640631975,8370962,BHARTIARTL.NS
2015-09-01,291.1944580078125,298.9506493135053,289.29755998176637,295.91563530951544,4459476,BHARTIARTL.NS
2015-09-02,289.38189697265625,294.9039634709265,286.43115393214583,293.3864564225591,7030063,BHARTIARTL.NS
2015-09-03,292.3326416015625,293.3443225871332,289.3819268039795,289.3819268039795,3675760,BHARTIARTL.NS
2015-09-04,295.0725402832031,297.30666515808423,288.5387933995281,290.8572178713416,5305451,BHARTIARTL.NS
2015-09-07,292.62762451171875,294.9882128326568,289.25538402890805,294.9882128326568,2898337,BHARTIARTL.NS
2015-09-08,293.1756896972656,294.60889726502376,285.96748777964655,294.2295347440012,3089268,BHARTIARTL.NS
2015-09-09,298.8663635253906,308.30869001808554,293.38646101653165,295.07256729796137,6374276,BHARTIARTL.NS
2015-09-10,295.4519958496094,297.18026642633544,291.7003632217577,297.18026642633544,3357167,BHARTIARTL.NS
2015-09-11,293.9765625,298.4026482171641,291.95320087298103,296.5900784050088,3354447,BHARTIARTL.NS
2015-09-14,298.57135009765625,299.2879396765547,291.8268382133057,294.9883165618312,2811019,BHARTIARTL.NS
2015-09-15,295.9156799316406,298.44486816538534,294.22954492677445,298.44486816538534,2361340,BHARTIARTL.NS
2015-09-16,303.0816650390625,305.27362588867413,296.3371547456628,296.3371547456628,2974270,BHARTIARTL.NS
2015-09-18,300.8897705078125,305.99031128820087,297.770427743329,303.54542255642247,6783352,BHARTIARTL.NS
2015-09-21,297.01165771484375,302.66018851693246,296.25290410666895,298.4448653185314,2792725,BHARTIARTL.NS
2015-09-22,289.8455810546875,299.28790811590596,286.89486633741643,299.28790811590596,4558449,BHARTIARTL.NS
2015-09-23,284.87152099609375,289.171172454687,283.4804774398027,286.64195563888757,4087837,BHARTIARTL.NS
2015-09-24,280.6983642578125,285.46167791247507,279.9396106252191,284.87152351063133,9967481,BHARTIARTL.NS
2015-09-28,276.18792724609375,282.7638098849736,272.64705857989543,279.98169471194575,5295350,BHARTIARTL.NS
2015-09-29,272.01470947265625,275.51344221707325,266.0711173252521,273.9959068551243,7126332,BHARTIARTL.NS
2015-09-30,284.829345703125,285.5880992231069,273.9959475013502,278.211270209788,7251836,BHARTIARTL.NS
2015-10-01,286.17822265625,287.0212756881226,282.93241709875605,286.13605858581536,5093796,BHARTIARTL.NS
2015-10-05,291.91107177734375,292.9227526131366,286.00961450877116,288.2437394527589,5969834,BHARTIARTL.NS
2015-10-06,294.10302734375,295.5783987710604,291.3630763048341,294.22949101433136,4610836,BHARTIARTL.NS
2015-10-07,288.8760681152344,294.18737180703124,286.93703432955056,294.1030721961555,3635620,BHARTIARTL.NS
2015-10-08,287.9486999511719,291.44740481353256,284.0706040394328,289.5926707375982,4770259,BHARTIARTL.NS
2015-10-09,293.0492248535156,294.1452053208902,289.3818924217136,290.01418225740537,5548083,BHARTIARTL.NS
2015-10-12,294.6510925292969,296.8430539182024,293.0492855709087,293.38651259590273,2441453,BHARTIARTL.NS
2015-10-13,291.23663330078125,296.50577248391704,289.04467231410416,295.99994631280157,2590061,BHARTIARTL.NS
2015-10-14,291.9532775878906,295.1990841490611,288.24380884407697,292.9228231308724,3464048,BHARTIARTL.NS
2015-10-15,296.12640380859375,297.9389737187543,290.0141830717606,293.3864526324635,5514188,BHARTIARTL.NS
2015-10-16,294.77752685546875,297.13811579517807,287.4850252822207,292.7120293751658,4598180,BHARTIARTL.NS
2015-10-19,306.62255859375,308.26652936465945,291.7003294265258,297.60175857126137,4334115,BHARTIARTL.NS
2015-10-20,305.0628967285156,309.40468338739726,303.0816989277566,305.9059784513988,2588064,BHARTIARTL.NS
2015-10-21,313.198486328125,315.137520091838,306.7912021262181,306.91766581465293,4434717,BHARTIARTL.NS
2015-10-23,302.7444152832031,315.896236484003,300.5524545987705,315.30608224315495,4452331,BHARTIARTL.NS
2015-10-26,296.9273681640625,307.9293386760802,292.4169533478385,307.718575363729,7353435,BHARTIARTL.NS
2015-10-27,297.30670166015625,299.0350006185329,293.47076978418613,296.2950207314471,2855148,BHARTIARTL.NS
2015-10-28,302.0699768066406,303.2924208731213,295.91562094945755,297.01160134739143,3806874,BHARTIARTL.NS
2015-10-29,299.6251220703125,302.6180007358311,294.22951907590505,300.55250337828693,4560952,BHARTIARTL.NS
2015-10-30,294.2716979980469,304.26198686552476,290.4779015158052,297.60177525580076,3988476,BHARTIARTL.NS
2015-11-02,295.19903564453125,296.5057794521367,289.7191330490546,292.96491052979593,2857066,BHARTIARTL.NS
2015-11-03,293.09136962890625,298.2762092488085,291.6159980853008,295.9577845643464,1670964,BHARTIARTL.NS
2015-11-04,292.0375671386719,295.3255088014388,289.3397512838226,294.22952824718317,2412413,BHARTIARTL.NS
2015-11-05,283.7334289550781,291.7003855250363,281.66790266479205,289.4662599911537,3467567,BHARTIARTL.NS
2015-11-06,285.96746826171875,288.45452070646553,267.33574260541224,280.7404931049468,3373067,BHARTIARTL.NS
2015-11-09,282.63739013671875,285.46166982216704,270.41297565208293,281.6257376866721,3630757,BHARTIARTL.NS
2015-11-10,279.6023254394531,283.01673034923965,276.14575645719736,280.44537851200647,2421896,BHARTIARTL.NS
2015-11-13,281.4992370605469,283.2696714365086,274.0381085273773,274.0381085273773,2780378,BHARTIARTL.NS
2015-11-16,283.05889892578125,286.0517773469142,278.63281313023987,283.0167348526411,2697681,BHARTIARTL.NS
2015-11-17,282.0050964355469,284.66074831228894,279.0543816437586,283.69123140818675,2173068,BHARTIARTL.NS
2015-11-18,281.54144287109375,288.4545828968646,280.2768628852097,283.26974215109266,2486993,BHARTIARTL.NS
2015-11-19,286.2625427246094,287.48498683652,280.06602256525997,282.5530463154271,1983013,BHARTIARTL.NS
2015-11-20,287.78009033203125,290.3092785126657,281.58356929798884,285.4195013747884,2315668,BHARTIARTL.NS
2015-11-23,285.7988586425781,291.86891526753044,284.07058834525253,287.99081957004626,2146374,BHARTIARTL.NS
2015-11-24,287.9486999511719,291.44740481353256,282.5530683890258,286.2204010112569,2882252,BHARTIARTL.NS
2015-11-26,288.4544677734375,291.40518177663665,286.6840336620978,288.3280041158988,8126680,BHARTIARTL.NS
2015-11-27,288.4967041015625,290.646501176878,286.0939511007106,289.92991166747555,1460049,BHARTIARTL.NS
2015-11-30,281.87860107421875,290.01418356120365,280.909084279045,289.1711304431579,7110699,BHARTIARTL.NS
2015-12-01,272.09906005859375,283.22752157872577,271.0030795372333,283.22752157872577,9058372,BHARTIARTL.NS
2015-12-02,272.2254943847656,274.4596192631919,266.78772789389353,274.2488559969747,6804758,BHARTIARTL.NS
2015-12-03,269.4012756347656,275.26056935089633,268.5160583931408,271.4667730161879,4408535,BHARTIARTL.NS
2015-12-04,270.8766174316406,271.8882983527347,267.37791255824203,268.09453058251546,2941586,BHARTIARTL.NS
2015-12-07,269.8650207519531,273.1529630137389,268.64257628840005,270.87667333472353,2685214,BHARTIARTL.NS
2015-12-08,267.96807861328125,270.1600397645871,265.64965377292185,269.78064869742656,4590607,BHARTIARTL.NS
2015-12-09,262.0666198730469,267.6729864250459,259.7481950390225,267.4622231262353,5188413,BHARTIARTL.NS
2015-12-10,263.5841369628906,265.10167273738807,260.0854318144373,264.63798204371136,2341048,BHARTIARTL.NS
2015-12-11,260.9705810546875,265.565265618649,259.24228242422635,265.565265618649,2355955,BHARTIARTL.NS
2015-12-14,258.1042175292969,262.19307680565623,256.41808263515196,258.8208070173664,3826300,BHARTIARTL.NS
2015-12-15,260.6755065917969,261.3499604600999,256.7974111226064,258.10418333438315,2623471,BHARTIARTL.NS
2015-12-16,270.0757751464844,271.42468327501496,260.9706738260149,262.1931182491067,4587498,BHARTIARTL.NS
2015-12-17,271.80401611328125,273.4058514774745,269.82281822137975,270.62373590347636,4000133,BHARTIARTL.NS
2015-12-18,268.979736328125,272.647068805242,268.09451912837625,271.71968753041733,4544383,BHARTIARTL.NS
2015-12-21,270.5393981933594,272.5205958062633,267.25142831595934,269.3169540761309,3305363,BHARTIARTL.NS
2015-12-22,272.4784851074219,275.9350548622422,269.9492967773688,270.62375080499766,3705221,BHARTIARTL.NS
2015-12-23,280.19244384765625,280.6139989200181,273.32147013520927,274.839005592085,3980119,BHARTIARTL.NS
2015-12-24,285.33514404296875,286.4311244146354,277.07312718459576,280.10814096856416,2858615,BHARTIARTL.NS
2015-12-28,279.6866149902344,284.95578214572265,278.2112436191612,284.3234638169182,3336594,BHARTIARTL.NS
2015-12-29,282.63739013671875,283.480471907903,278.63285877525243,280.65619222245476,2788729,BHARTIARTL.NS
2015-12-30,280.82476806640625,286.0939068367438,279.9395509259749,285.7988439723013,1726114,BHARTIARTL.NS
2015-12-31,286.97918701171875,288.1173317414376,280.27683942505104,281.5835833865971,3275719,BHARTIARTL.NS
2016-01-01,287.0635070800781,290.01422193073006,284.6607539909682,286.59981638496345,1387248,BHARTIARTL.NS
2016-01-04,275.51348876953125,285.75670432116135,270.62371204314735,284.95581525678614,3498169,BHARTIARTL.NS
2016-01-05,272.6892395019531,277.1574901520431,270.623741951854,275.6821184464813,2351113,BHARTIARTL.NS
2016-01-06,271.6354064941406,280.3189513319659,269.48558091333257,274.7547489440118,2678635,BHARTIARTL.NS
2016-01-07,271.76190185546875,274.6704528016573,266.91425985093264,270.5394574703944,3135368,BHARTIARTL.NS
2016-01-08,273.0264587402344,273.95384010828997,268.5160726850092,273.4058498127413,1999282,BHARTIARTL.NS
2016-01-11,270.7501525878906,273.15287666991486,265.31238607559595,270.6236889182414,2795794,BHARTIARTL.NS
2016-01-12,265.9026184082031,274.3754307476256,264.3851108582318,271.466850820918,3262399,BHARTIARTL.NS
2016-01-13,260.1697082519531,271.93045958434476,254.64764159414494,270.6237157801027,5044083,BHARTIARTL.NS
2016-01-14,260.296142578125,263.03609355980115,253.3408692182841,258.73647158537784,3633282,BHARTIARTL.NS
2016-01-15,258.0620422363281,262.78319118764415,255.5328542785836,262.78319118764415,3572695,BHARTIARTL.NS
2016-01-18,253.13014221191406,260.2540157846806,247.73451052485805,259.4952622154652,4574694,BHARTIARTL.NS
2016-01-19,261.6028747558594,263.3733089351178,251.57042392242897,254.43683844626622,3707778,BHARTIARTL.NS
2016-01-20,261.0128173828125,264.59585114092306,255.27998620752584,260.0854644262883,5629713,BHARTIARTL.NS
2016-01-21,260.75982666015625,264.2163954913863,255.99651420472168,263.87916856767845,3422136,BHARTIARTL.NS
2016-01-22,251.82334899902344,262.361655582572,245.79545647432303,262.2773559812088,5904068,BHARTIARTL.NS
2016-01-25,250.81170654296875,253.72028588572198,246.63854734483374,252.79293303453056,3479687,BHARTIARTL.NS
2016-01-27,251.06455993652344,252.49776714514536,246.00618491163445,250.81163262114868,5644966,BHARTIARTL.NS
2016-01-28,245.6689910888672,249.42062306802015,243.09763916189905,248.1138793411182,7080505,BHARTIARTL.NS
2016-01-29,244.4044189453125,250.64310417103832,237.99713449316067,243.9828923321384,7373584,BHARTIARTL.NS
2016-02-01,250.0529022216797,251.2332107705912,245.50035286170134,246.34343447479583,4425387,BHARTIARTL.NS
2016-02-02,254.77413940429688,256.29164669978235,249.29420754176087,250.05296118950363,4808715,BHARTIARTL.NS
2016-02-03,252.75071716308594,254.43685183853455,249.673539222332,253.50947063026192,5232930,BHARTIARTL.NS
2016-02-04,256.50238037109375,257.809124199354,254.26825522104508,256.12301786462183,3411138,BHARTIARTL.NS
2016-02-05,258.9894714355469,260.08545213508023,254.64768417378852,254.6898197101636,2647351,BHARTIARTL.NS
2016-02-08,262.1930236816406,264.300684735503,257.6404746634138,259.9588989679523,2753109,BHARTIARTL.NS
2016-02-09,263.24688720703125,264.6800946972548,258.8208010538252,260.5069359091196,3145945,BHARTIARTL.NS
2016-02-10,262.4459533691406,265.5231599951159,260.0853932646645,262.1930545667999,10180024,BHARTIARTL.NS
2016-02-11,260.2539978027344,265.98685607412625,256.67099349860814,257.13465558595925,6520711,BHARTIARTL.NS
2016-02-12,273.6165771484375,278.21126221121625,259.2423105686035,263.4576331558508,4049410,BHARTIARTL.NS
2016-02-15,268.8533020019531,278.12700157422915,266.7877759456327,276.98885689397986,5615585,BHARTIARTL.NS
2016-02-16,265.8182678222656,273.91168744920896,264.51152387432944,271.7618902566971,2910959,BHARTIARTL.NS
2016-02-17,269.4012756347656,271.1295460409448,260.16971216620357,264.3007354761552,3974587,BHARTIARTL.NS
2016-02-18,270.7923583984375,272.39419390028655,266.4505711667004,272.309894281008,2569038,BHARTIARTL.NS
2016-02-19,274.8811340332031,276.48296904443384,267.0406438052745,270.2021497574553,5961801,BHARTIARTL.NS
2016-02-22,277.4525451660156,282.34232229343183,271.4667874475728,273.57444901811056,3455165,BHARTIARTL.NS
2016-02-23,270.8766174316406,280.74049927553136,268.17883018916325,280.74049927553136,5437598,BHARTIARTL.NS
2016-02-24,273.1107177734375,274.45962554578773,267.7994148301365,268.2209413722199,2523354,BHARTIARTL.NS
2016-02-25,271.93048095703125,274.3753695461427,268.0945488485814,273.953842937077,9556967,BHARTIARTL.NS
2016-02-26,268.05230712890625,273.8694354527515,267.25138967539766,273.8694354527515,7064596,BHARTIARTL.NS
2016-02-29,265.98687744140625,271.7618717044171,263.9213514578269,267.25145722194105,3988625,BHARTIARTL.NS
2016-03-01,270.37078857421875,271.7196964556879,261.5607518153154,266.02900203590514,4830530,BHARTIARTL.NS
2016-03-02,275.13409423828125,276.31437432905227,270.62370861047526,271.4667617400109,3289694,BHARTIARTL.NS
2016-03-03,281.0777282714844,282.3844720988007,273.15290860611776,276.8624053434846,3265002,BHARTIARTL.NS
2016-03-04,277.5790100097656,283.8176951357757,275.76641134555763,279.89743489227584,2167900,BHARTIARTL.NS
2016-03-08,279.47589111328125,281.5835525630667,275.47133150397826,277.78975624403154,2393678,BHARTIARTL.NS
2016-03-09,282.08935546875,283.1432003802197,276.77805247929865,277.4103708450223,3430173,BHARTIARTL.NS
2016-03-10,283.5225830078125,285.5459448277573,279.0543613393176,279.93957856715514,1837525,BHARTIARTL.NS
2016-03-11,284.3234558105469,285.6301994081075,281.5835049532259,282.4265579717548,3018179,BHARTIARTL.NS
2016-03-14,287.2742004394531,288.3280167198403,279.7287731023128,282.5530235714322,2633043,BHARTIARTL.NS
2016-03-15,289.0867614746094,290.4356691107012,283.26963297784005,286.64187352096826,2309456,BHARTIARTL.NS
2016-03-16,285.3773498535156,290.6886532994015,282.76383366050555,287.69577460146076,4361912,BHARTIARTL.NS
2016-03-17,287.2742004394531,296.505733825213,284.9979115984532,287.7378624745621,7155690,BHARTIARTL.NS
2016-03-18,290.2671203613281,293.59722596134606,286.6840873988235,291.5317000795488,3951904,BHARTIARTL.NS
2016-03-21,298.1498107910156,299.2879269617515,289.3397730686447,290.8572803276991,2813415,BHARTIARTL.NS
2016-03-22,295.8313293457031,300.7211062155931,290.56218997041884,299.2035990998021,4425316,BHARTIARTL.NS
2016-03-23,301.9857177734375,304.68353360586946,296.7587138716542,296.7587138716542,5116641,BHARTIARTL.NS
2016-03-28,294.9039611816406,304.3462874531844,292.4169087994118,302.57585306146404,4630593,BHARTIARTL.NS
2016-03-29,298.8663635253906,301.6063147798201,291.74246171676776,292.5433793287106,4073263,BHARTIARTL.NS
2016-03-30,298.2762451171875,302.8709595098572,295.99998423488535,299.28792613613615,4229163,BHARTIARTL.NS
2016-03-31,295.7470397949219,300.6789809096042,292.1640351748541,298.02332909311616,7926944,BHARTIARTL.NS
2016-04-01,282.8059997558594,295.2412052953798,280.06604840638937,295.2412052953798,4517171,BHARTIARTL.NS
2016-04-04,293.8080139160156,295.83134734447026,282.8903149015917,282.8903149015917,3434762,BHARTIARTL.NS
2016-04-05,278.63287353515625,292.1218971175624,277.41042916722574,292.1218971175624,5289842,BHARTIARTL.NS
2016-04-06,282.0050964355469,286.26258367307395,279.5180723296231,281.11987914329956,3037097,BHARTIARTL.NS
2016-04-07,279.2651062011719,283.5225643009024,277.57897146246955,283.3539651005845,2415746,BHARTIARTL.NS
2016-04-08,282.08935546875,284.44994409087434,274.5017920040072,279.85525906687496,2319546,BHARTIARTL.NS
2016-04-11,293.59722900390625,295.07257202378605,287.4850079945128,287.8643704950678,4524262,BHARTIARTL.NS
2016-04-12,295.1568603515625,297.18019335809765,290.140620538332,293.55502531815677,3089585,BHARTIARTL.NS
2016-04-13,296.12640380859375,307.2970003393758,294.7353319096393,295.9577760570059,6614377,BHARTIARTL.NS
2016-04-18,302.9974060058594,306.03242034331197,296.9273487838461,299.3300732255141,2828391,BHARTIARTL.NS
2016-04-20,300.678955078125,307.1705383339201,298.52912965309054,306.8754754509175,3250868,BHARTIARTL.NS
2016-04-21,301.1847839355469,302.6601554579681,295.91564478663753,301.6906386504825,2218219,BHARTIARTL.NS
2016-04-22,297.6860656738281,301.77492454734846,294.86178643599817,295.91563134617803,1460160,BHARTIARTL.NS
2016-04-25,302.61798095703125,306.8754676236039,298.6977497868672,298.6977497868672,3431082,BHARTIARTL.NS
2016-04-26,303.8404235839844,306.7068383654024,299.6251010119921,301.35339982382965,2605766,BHARTIARTL.NS
2016-04-27,314.5052185058594,321.5448208882616,305.3158191413018,307.7185434909249,8618572,BHARTIARTL.NS
2016-04-28,314.21014404296875,324.5798231621727,312.3553814792852,323.27307939019994,10016684,BHARTIARTL.NS
2016-04-29,306.5382385253906,314.1258305579834,303.9247225498312,313.4935121905309,5411248,BHARTIARTL.NS
2016-05-02,301.6484680175781,307.29699807989414,300.46818795356313,306.0323898671526,1745061,BHARTIARTL.NS
2016-05-03,310.5428161621094,312.3553861302814,301.8171076467936,301.8171076467936,4349238,BHARTIARTL.NS
2016-05-04,304.7256774902344,311.30158948850953,302.91310740684725,308.51947397182033,1883272,BHARTIARTL.NS
2016-05-05,298.7820739746094,308.5616277620886,296.4636492125235,305.61088457608315,2375047,BHARTIARTL.NS
2016-05-06,302.7444152832031,307.25480031418596,298.78202042332845,300.97398110776106,3196077,BHARTIARTL.NS
2016-05-09,309.23602294921875,310.16337554955544,301.98565859394995,303.71392868097416,2070741,BHARTIARTL.NS
2016-05-10,310.96435546875,311.3437465271731,303.7983178133197,309.82621084058803,2932396,BHARTIARTL.NS
2016-05-11,302.5758972167969,318.21474614156153,300.97406179667007,307.2970467679801,5316307,BHARTIARTL.NS
2016-05-12,305.27362060546875,306.49606468076587,299.87801817354864,306.032374075118,3224321,BHARTIARTL.NS
2016-05-13,299.20361328125,305.18937096815426,297.60177793535354,305.18937096815426,4006032,BHARTIARTL.NS
2016-05-16,297.98114013671875,300.25742924487,289.0446685512387,299.2878838966027,2996171,BHARTIARTL.NS
2016-05-17,296.0843200683594,302.66023322237277,293.89235853272595,300.13104463917165,2749594,BHARTIARTL.NS
2016-05-18,296.12640380859375,297.26454835371914,292.7541342478909,295.0725588657096,2421651,BHARTIARTL.NS
2016-05-19,290.6886901855469,297.4332019942232,289.50840989683945,296.12645800545596,2741126,BHARTIARTL.NS
2016-05-20,288.285888671875,292.1218489248433,286.0517921688774,291.61599420936767,4199413,BHARTIARTL.NS
2016-05-23,291.5738220214844,294.01871004660416,287.9064899838047,292.29041138216996,1842701,BHARTIARTL.NS
2016-05-24,290.9837341308594,292.5012698854298,288.15948301991074,291.61602404278364,2293594,BHARTIARTL.NS
2016-05-25,296.463623046875,297.18021246792864,292.5433633530015,292.6276629530482,2157455,BHARTIARTL.NS
2016-05-26,297.475341796875,300.1309936400471,293.1756905342178,296.75872373739605,5273432,BHARTIARTL.NS
2016-05-27,296.12640380859375,301.4798710310451,294.6931963820714,297.5596112351161,3075870,BHARTIARTL.NS
2016-05-30,300.046630859375,301.1426398615979,296.9694527702282,297.68607074701566,2845695,BHARTIARTL.NS
2016-05-31,296.25286865234375,300.9740175088173,292.6698357983728,300.8897179062441,24281872,BHARTIARTL.NS
2016-06-01,306.24322509765625,307.1705779411415,297.0116609133787,298.06547745077313,3081625,BHARTIARTL.NS
2016-06-02,308.730224609375,310.2477317209296,303.3346215649864,304.6413653858866,2604662,BHARTIARTL.NS
2016-06-03,301.9435729980469,308.3087219294267,299.58301254087417,307.7185675415789,3677399,BHARTIARTL.NS
2016-06-06,294.01873779296875,302.7023103633199,292.7119940641473,300.9740115357872,5264582,BHARTIARTL.NS
2016-06-07,294.3559875488281,296.8430115242497,292.79631634936584,294.01876057199553,4463323,BHARTIARTL.NS
2016-06-08,297.30670166015625,302.0278793274656,296.4214844159241,299.79375417828794,2654000,BHARTIARTL.NS
2016-06-09,296.12640380859375,300.4681901628342,294.90395966122713,299.70940810134704,1549979,BHARTIARTL.NS
2016-06-10,295.9999694824219,298.065466951222,293.04925473454915,294.8196892926944,2180603,BHARTIARTL.NS
2016-06-13,288.6652526855469,295.4940908754553,287.94866330184664,293.63932848848333,2180335,BHARTIARTL.NS
2016-06-14,288.8760681152344,290.43573937842314,284.40781762641154,289.33975879571346,3358585,BHARTIARTL.NS
2016-06-15,296.6744079589844,297.47532558560556,292.54338469013885,293.38646639341107,3259569,BHARTIARTL.NS
2016-06-16,292.12188720703125,296.7165730411287,287.6958006021165,296.3793745827633,2614007,BHARTIARTL.NS
2016-06-17,300.9740295410156,302.57586478947235,290.3935868554803,293.3864655168754,5592177,BHARTIARTL.NS
2016-06-20,307.2969665527344,308.5615746357334,298.2761678800006,300.1309302080128,3205939,BHARTIARTL.NS
2016-06-21,305.35797119140625,307.4656325607091,303.62967231125657,305.4001067195867,1615514,BHARTIARTL.NS
2016-06-22,306.0745849609375,309.4046907599744,304.21985080177126,306.833338546637,2399688,BHARTIARTL.NS
2016-06-23,307.5499572753906,308.3508749414833,305.18936835584157,307.4656576650409,1405739,BHARTIARTL.NS
2016-06-24,300.0045166015625,303.50322149116784,293.9765951239526,300.97403345027027,2445195,BHARTIARTL.NS
2016-06-27,296.0420837402344,301.7749130499993,294.8617752020333,298.4448077941881,2697253,BHARTIARTL.NS
2016-06-28,301.058349609375,302.2386583612319,296.59012762540084,297.05378976315683,3541398,BHARTIARTL.NS
2016-06-29,300.299560546875,303.75612968835947,298.65558985140325,302.2386226690171,2469054,BHARTIARTL.NS
2016-06-30,309.23602294921875,311.93380970586384,299.66723427245563,301.81705941101666,4076692,BHARTIARTL.NS
2016-07-01,310.5428161621094,314.3366124025445,305.73733902108444,308.3929906799678,2907785,BHARTIARTL.NS
2016-07-04,314.7580871582031,316.90788373933435,311.0064556113923,312.39749877876534,1855655,BHARTIARTL.NS
2016-07-05,308.4773254394531,315.3061651598826,306.5382915693438,315.3061651598826,1559936,BHARTIARTL.NS
2016-07-07,306.3275451660156,313.0298930138723,305.7373907374021,307.718588797684,2606039,BHARTIARTL.NS
2016-07-08,299.3300476074219,305.4001043099307,297.6017487409087,304.1355246265902,1746867,BHARTIARTL.NS
2016-07-11,303.3767395019531,308.4772793530652,301.8592324783991,308.4772793530652,2437511,BHARTIARTL.NS
2016-07-12,306.28533935546875,307.2970202893588,303.5032239240479,305.52658579182804,1333227,BHARTIARTL.NS
2016-07-13,306.62255859375,308.51945672852446,302.7444627186149,308.4772926521781,1609500,BHARTIARTL.NS
2016-07-14,309.3624572753906,309.99477557753534,305.062835556315,306.5382068651837,1097465,BHARTIARTL.NS
2016-07-15,319.43719482421875,320.32241216131627,308.0558045925853,308.0558045925853,2814751,BHARTIARTL.NS
2016-07-18,305.7373046875,320.3644692067733,304.3883969715261,320.1115704203556,3592796,BHARTIARTL.NS
2016-07-19,307.12841796875,310.41635956031996,301.47988755530304,302.7023317696724,3552577,BHARTIARTL.NS
2016-07-20,306.36962890625,309.36250753226483,304.6413585428623,307.044082840037,2845114,BHARTIARTL.NS
2016-07-21,310.121337890625,311.68100928689273,305.6109229379592,308.47733832917794,2198453,BHARTIARTL.NS
2016-07-22,309.6997985839844,311.76532488878223,306.95984675294994,310.24778895019125,2559958,BHARTIARTL.NS
2016-07-25,313.5778503417969,314.2944683973093,306.1167496125304,306.87550319965004,1850765,BHARTIARTL.NS
2016-07-26,311.8074035644531,314.4209197588506,309.27821552418015,311.9338672485328,1862583,BHARTIARTL.NS
2016-07-27,314.0837097167969,318.0461054784185,310.5849760923221,312.52403844090605,2593217,BHARTIARTL.NS
2016-07-28,313.5356750488281,321.88202054290963,306.5382373372775,321.88202054290963,8216550,BHARTIARTL.NS
2016-07-29,305.2315673828125,313.53575081010894,303.88265927433787,313.53575081010894,4178023,BHARTIARTL.NS
2016-08-01,306.87548828125,309.40467629773127,305.2736530274514,306.41179762635534,1775282,BHARTIARTL.NS
2016-08-02,301.6484680175781,307.5499254318635,299.83586957363974,305.1050371551069,3557285,BHARTIARTL.NS
2016-08-03,302.5337219238281,303.84046582244,297.8125725476111,302.78664930649774,2491473,BHARTIARTL.NS
2016-08-04,308.7723693847656,310.8800307066654,297.64390847006115,303.3346026033221,3301158,BHARTIARTL.NS
2016-08-05,306.87548828125,313.19847259600647,303.1238560596404,309.5733040572869,4259304,BHARTIARTL.NS
2016-08-08,296.3793029785156,307.6341980412654,294.4824050993921,306.03236301548014,5372323,BHARTIARTL.NS
2016-08-09,294.60888671875,299.330064399977,290.646491146622,297.51746582897465,5734542,BHARTIARTL.NS
2016-08-10,292.0796813964844,297.9389748007674,290.85723724467823,295.91564160410303,1704178,BHARTIARTL.NS
2016-08-11,293.1461181640625,293.4846741126667,289.4643329703444,293.0614863418134,2758046,BHARTIARTL.NS
2016-08-12,294.3734130859375,295.3890810462669,291.241777373158,291.3687394506506,2615030,BHARTIARTL.NS
2016-08-16,289.8452453613281,297.3780800742162,287.51768375161987,294.96588663460835,4152972,BHARTIARTL.NS
2016-08-17,292.55364990234375,295.81224745678986,290.7339366822734,290.7339366822734,3575486,BHARTIARTL.NS
2016-08-18,298.90155029296875,299.53636062937744,293.569315424789,294.88120902068556,2093475,BHARTIARTL.NS
2016-08-19,297.42041015625,300.4673853078539,293.9502185361585,299.6210096900996,1895295,BHARTIARTL.NS
2016-08-22,296.4047546386719,298.77461793152645,292.9345628731778,297.0818666250908,983587,BHARTIARTL.NS
2016-08-23,299.4094543457031,300.80598002677414,291.7496565758688,294.54273659762504,2546554,BHARTIARTL.NS
2016-08-24,298.4360656738281,303.3027825926066,296.2354375719477,299.620997221295,1809971,BHARTIARTL.NS
2016-08-25,292.8499450683594,299.621036597297,291.24179685867534,297.2934747798376,3583163,BHARTIARTL.NS
2016-08-26,291.11480712890625,294.6273289756253,289.0834999248437,294.11948067990187,1250748,BHARTIARTL.NS
2016-08-29,289.9721984863281,294.33106717714867,283.7512289779136,290.73394225113555,2828305,BHARTIARTL.NS
2016-08-30,280.8735046386719,291.2417484624122,278.2497174963186,290.0991185380159,4487274,BHARTIARTL.NS
2016-08-31,280.7042541503906,285.1477833317763,278.33436236711503,281.21207377414487,7103241,BHARTIARTL.NS
2016-09-01,263.0994567871094,281.29676516206854,255.1857344123551,279.3077591701723,39290697,BHARTIARTL.NS
2016-09-02,269.9128112792969,271.64789263916737,259.41760531726624,260.8141307216,17010250,BHARTIARTL.NS
2016-09-06,272.1134338378906,273.2137336222016,264.6229005958852,269.9128342692688,7841855,BHARTIARTL.NS
2016-09-07,270.9708251953125,272.87519917526976,267.5429634952347,269.5742995618042,3788590,BHARTIARTL.NS
2016-09-08,274.5679626464844,276.9378545810043,269.9974711025732,270.97080882832523,3819474,BHARTIARTL.NS
2016-09-09,272.6212158203125,276.5569250124594,269.44727898247044,273.8061759317153,3280689,BHARTIARTL.NS
2016-09-12,269.1933288574219,272.49425609501696,265.8501000439679,269.06636681063696,3494956,BHARTIARTL.NS
2016-09-14,270.7168884277344,273.5945997537063,268.38929829389497,268.38929829389497,2224288,BHARTIARTL.NS
2016-09-15,273.12908935546875,275.07576468227586,268.22004213536786,270.03978405097376,2301243,BHARTIARTL.NS
2016-09-16,273.89080810546875,276.34533149134035,271.77484065763485,272.6212161729256,3584872,BHARTIARTL.NS
2016-09-19,274.3563232421875,275.07573669076237,271.73250758485034,273.3829856778301,1697274,BHARTIARTL.NS
2016-09-20,270.16668701171875,274.22935818132373,268.897123765922,274.22935818132373,3040194,BHARTIARTL.NS
2016-09-21,272.4096374511719,273.38300373944344,269.82815186244954,271.18237568995033,1845538,BHARTIARTL.NS
2016-09-22,276.7685852050781,277.5726593319856,273.0867992488727,273.89087337578025,1642721,BHARTIARTL.NS
2016-09-23,276.72625732421875,279.30771447962445,274.2294033409374,275.92218327370347,2369838,BHARTIARTL.NS
2016-09-26,271.1401062011719,278.2074232305048,270.08210796335334,275.9221917458116,2391218,BHARTIARTL.NS
2016-09-27,266.4426574707031,272.4520050341448,265.80787571191513,272.4520050341448,2490305,BHARTIARTL.NS
2016-09-28,272.32501220703125,273.7638678936157,263.3109918794834,265.38462925319385,3263576,BHARTIARTL.NS
2016-09-29,267.2043762207031,273.9754669907574,265.8501523347703,272.9597990763078,6941546,BHARTIARTL.NS
2016-09-30,265.7655029296875,267.8814704466099,260.7718241752879,267.2466887894156,6355157,BHARTIARTL.NS
2016-10-03,269.7435302734375,270.84383001013015,265.7655191239164,265.7655191239164,1672721,BHARTIARTL.NS
2016-10-04,274.2294006347656,274.9488141868349,267.54294146103183,268.72787307246927,2908344,BHARTIARTL.NS
2016-10-05,272.28271484375,276.0491611571683,271.3517073221293,272.53663901310694,1439691,BHARTIARTL.NS
2016-10-06,272.79052734375,275.2873524823555,270.08207965207447,275.0334570059677,1741337,BHARTIARTL.NS
2016-10-07,270.37835693359375,274.6102924805076,268.4739830715214,273.0444746085728,1477152,BHARTIARTL.NS
2016-10-10,267.3736572265625,270.7591881385795,266.6118848282402,269.2357006611523,2687189,BHARTIARTL.NS
2016-10-13,259.62921142578125,265.68088866845346,258.57124192719374,264.876814653761,3440146,BHARTIARTL.NS
2016-10-14,258.4866027832031,260.60257061470634,255.94744711732173,260.60257061470634,5431236,BHARTIARTL.NS
2016-10-17,255.0164031982422,258.86745206462575,250.74213789830185,258.48656587230715,3779712,BHARTIARTL.NS
2016-10-18,259.5445861816406,260.687216196788,251.41927131985747,255.60887649591686,5102965,BHARTIARTL.NS
2016-10-19,259.7984924316406,261.9144599963122,257.3016386682926,259.5445682991896,5073975,BHARTIARTL.NS
2016-10-20,261.6182861328125,262.80324667584,258.14809367329036,259.92550582821417,5290430,BHARTIARTL.NS
2016-10-21,262.16839599609375,263.56495028085004,258.65590247918504,263.56495028085004,2362713,BHARTIARTL.NS
2016-10-24,259.5445861816406,260.687216196788,257.0054306610104,259.2906620316944,2185144,BHARTIARTL.NS
2016-10-25,263.9034729003906,264.41129251993436,255.3549419179271,256.8784580957772,4024793,BHARTIARTL.NS
2016-10-26,268.89715576171875,273.29835472621187,266.4426321362561,266.6118957919936,6538988,BHARTIARTL.NS
2016-10-27,273.4676513671875,275.62592063983357,265.42696842144477,266.2310424479411,5615716,BHARTIARTL.NS
2016-10-28,269.87054443359375,273.3407366281364,269.36272471079945,273.3407366281364,1566275,BHARTIARTL.NS
2016-11-01,268.6855773925781,271.43632690438284,267.6699094206168,269.1510954621785,2398681,BHARTIARTL.NS
2016-11-02,262.04144287109375,267.1197831807593,261.23739739922564,267.0351513405017,2221637,BHARTIARTL.NS
2016-11-03,261.4913024902344,266.90819901879553,258.4019966010487,261.53363274171943,2989059,BHARTIARTL.NS
2016-11-04,259.58685302734375,262.84545031686537,257.34395220168005,262.1683384473646,2376146,BHARTIARTL.NS
2016-11-07,258.6558532714844,263.9880879051547,257.0477053694532,263.9880879051547,1847168,BHARTIARTL.NS
2016-11-08,258.0634460449219,259.62926414848874,254.76254614748586,259.50230205095414,1527704,BHARTIARTL.NS
2016-11-09,254.7624969482422,258.14802803702213,239.56985131411085,243.75947075538974,5669889,BHARTIARTL.NS
2016-11-10,261.2373352050781,265.8501276461001,256.666844344307,258.1480015048369,3190980,BHARTIARTL.NS
2016-11-11,255.10108947753906,260.6449192827665,252.51960338193143,257.3016892995203,1886129,BHARTIARTL.NS
2016-11-15,256.15899658203125,258.0633701658704,248.8377566070187,256.45525094237536,3114405,BHARTIARTL.NS
2016-11-16,262.083740234375,263.52259597666034,256.7091748284093,258.19036081531874,2746958,BHARTIARTL.NS
2016-11-17,251.50389099121094,267.1197382445865,249.81111117275668,263.56491495563716,4236589,BHARTIARTL.NS
2016-11-18,257.09002685546875,257.68250690334844,249.8957491009581,252.56186632700675,3641254,BHARTIARTL.NS
2016-11-21,253.4928741455078,258.61351473189103,251.75779289706668,257.64017716958523,1826207,BHARTIARTL.NS
2016-11-22,257.2593078613281,258.52889986118606,249.68414342324925,254.7624827630725,3327374,BHARTIARTL.NS
2016-11-23,254.38162231445312,260.89881796201297,253.19669067835653,258.52892603020837,1970256,BHARTIARTL.NS
2016-11-24,255.94741821289062,257.894122154644,252.56188726058468,254.7624866785249,4795418,BHARTIARTL.NS
2016-11-25,254.7624969482422,258.9944323039247,252.77349134341685,256.37061633401987,2099139,BHARTIARTL.NS
2016-11-28,269.8281555175781,271.8594912863461,254.76248688157173,254.76248688157173,4886483,BHARTIARTL.NS
2016-11-29,274.9488220214844,275.9221884132124,268.13542923705825,271.5209605060404,4516337,BHARTIARTL.NS
2016-11-30,274.7371826171875,276.59925459939655,274.06007074358547,275.0757385539885,4993485,BHARTIARTL.NS
2016-12-01,269.3203430175781,274.9065021994084,265.38463344410457,274.22939025860416,7124295,BHARTIARTL.NS
2016-12-02,269.6589050292969,271.9441363860012,266.0194497606446,266.61190122741397,1836012,BHARTIARTL.NS
2016-12-05,276.5569152832031,278.1650630951294,268.7278274138888,268.7278274138888,2481220,BHARTIARTL.NS
2016-12-06,278.3343811035156,280.9581972050984,274.86418935216454,276.68393139070037,3142493,BHARTIARTL.NS
2016-12-07,277.741943359375,283.49739609923876,275.1604857695923,279.0538659402804,2899591,BHARTIARTL.NS
2016-12-08,281.3813781738281,282.693271862848,277.9535167523336,279.984823994205,2061325,BHARTIARTL.NS
2016-12-09,281.0004577636719,285.6132788963934,278.54593434618835,282.82019953651195,2646396,BHARTIARTL.NS
2016-12-12,278.5882263183594,279.307639684879,276.3876273248592,278.8844519799141,775144,BHARTIARTL.NS
2016-12-13,279.3077087402344,280.11178277422704,275.9221776038814,275.9221776038814,1063869,BHARTIARTL.NS
2016-12-14,273.04443359375,279.096081601457,272.11339759582256,277.699556264173,1481398,BHARTIARTL.NS
2016-12-15,269.531982421875,272.832910855496,268.72790827396636,271.5209883364389,3073256,BHARTIARTL.NS
2016-12-16,262.591552734375,270.50527343164856,261.06806520386135,269.9974538080139,4401700,BHARTIARTL.NS
2016-12-19,258.57122802734375,263.64953866679207,257.3862678610931,262.71850263039624,4126010,BHARTIARTL.NS
2016-12-20,256.07440185546875,259.62922541767455,253.15436002662503,258.9944436843125,3596096,BHARTIARTL.NS
2016-12-21,255.3549346923828,259.2906441060171,253.9160790415118,257.38627043229786,2651665,BHARTIARTL.NS
2016-12-22,247.35659790039062,254.72016892256576,245.66384667106243,253.49290708553656,3156188,BHARTIARTL.NS
2016-12-23,250.14971923828125,251.50394337510596,246.42563152162842,250.02275714300202,2047449,BHARTIARTL.NS
2016-12-26,250.61521911621094,251.37696297279552,244.3519472693395,249.2609950780103,2719536,BHARTIARTL.NS
2016-12-27,253.5775604248047,254.59322844432194,246.4256113592417,250.53058502586583,2548216,BHARTIARTL.NS
2016-12-28,253.4928741455078,256.53987754965567,251.20764308710193,253.06968639316673,2899350,BHARTIARTL.NS
2016-12-29,256.45526123046875,257.6825229821938,251.8001096945538,255.10103741344685,3551526,BHARTIARTL.NS
2016-12-30,258.69818115234375,259.92544299404807,254.00075634960916,255.01642428684139,1955045,BHARTIARTL.NS
2017-01-02,263.22637939453125,264.07275503955606,256.5399200880787,256.5399200880787,1643255,BHARTIARTL.NS
2017-01-03,257.6825866699219,265.7232424164689,253.91614000057763,264.0304908864267,3286354,BHARTIARTL.NS
2017-01-04,265.68084716796875,266.7811467384722,253.19663707706383,255.9473860033225,5776206,BHARTIARTL.NS
2017-01-05,271.7748718261719,273.3830198811834,262.4222952073368,265.0460825333331,4268281,BHARTIARTL.NS
2017-01-06,270.63226318359375,279.3077285334785,269.40500125303794,270.1244435080177,2656936,BHARTIARTL.NS
2017-01-09,269.10870361328125,272.0287447817807,267.6275179107835,271.3516329554734,2635116,BHARTIARTL.NS
2017-01-10,270.92852783203125,271.69027170397294,268.347041789619,269.9974916220949,1058176,BHARTIARTL.NS
2017-01-11,273.17138671875,274.77953471136135,269.8281573242873,271.77486128062685,2609766,BHARTIARTL.NS
2017-01-12,272.36737060546875,275.37204435858706,270.8438542754228,273.76389619343087,1680284,BHARTIARTL.NS
2017-01-13,271.01312255859375,275.07576553914754,267.45829920325554,272.87516606386384,2614161,BHARTIARTL.NS
2017-01-16,269.6589050292969,273.7215767651407,268.5586052657418,270.84383662244613,1871694,BHARTIARTL.NS
2017-01-17,269.5742492675781,270.6745489334514,268.38928912001626,269.91280521550897,2050997,BHARTIARTL.NS
2017-01-18,265.68084716796875,269.8281213461417,263.4379177897865,269.1510381685749,3670155,BHARTIARTL.NS
2017-01-19,268.3892822265625,273.0444335559481,263.22633997773477,265.76549519219515,2526854,BHARTIARTL.NS
2017-01-20,271.3093566894531,277.19174177350226,265.8078578308219,265.8078578308219,3784887,BHARTIARTL.NS
2017-01-23,270.5476379394531,272.5366437616412,266.9504838961354,271.690268061855,1985278,BHARTIARTL.NS
2017-01-24,267.8815002441406,269.9974679964306,266.3156823878694,269.15109235935904,2393587,BHARTIARTL.NS
2017-01-25,263.5225830078125,266.3579927678292,258.1480178663475,258.1480178663475,14931206,BHARTIARTL.NS
2017-01-27,274.0177917480469,277.614945290581,262.6338796769186,262.6338796769186,3540993,BHARTIARTL.NS
2017-01-30,292.55364990234375,313.12087445623644,272.6212356899724,273.4676399254646,23241046,BHARTIARTL.NS
2017-01-31,294.7119445800781,298.7745874241503,290.3530473599404,295.4313867395416,11732135,BHARTIARTL.NS
2017-02-01,292.0881652832031,296.1508082369875,287.8985315994394,292.84990904581207,4103983,BHARTIARTL.NS
2017-02-02,299.028564453125,304.53009258928813,291.3687667760133,292.0035485633965,6964972,BHARTIARTL.NS
2017-02-03,299.45172119140625,306.3921045201397,298.0975259176437,299.02853337712975,2662623,BHARTIARTL.NS
2017-02-06,300.6789245605469,302.11778004496745,298.4783254266807,299.6209552306517,1504449,BHARTIARTL.NS
2017-02-07,298.90155029296875,303.6836353093335,296.9125447779756,299.79025610433206,4062008,BHARTIARTL.NS
2017-02-08,298.0975341796875,301.1868397010618,293.611674440961,300.4673974691631,4888372,BHARTIARTL.NS
2017-02-09,300.6789245605469,302.16011028200535,296.91250789075167,297.9705058802521,2043938,BHARTIARTL.NS
2017-02-10,302.6256103515625,305.03780320873335,300.50964315732034,302.16009241010056,2203893,BHARTIARTL.NS
2017-02-13,303.0488586425781,304.6993082253084,299.07084754682677,299.15547937321077,3669035,BHARTIARTL.NS
2017-02-14,312.27447509765625,313.07854910306816,300.46737513588073,302.5833427682433,4739203,BHARTIARTL.NS
2017-02-15,309.1851806640625,315.27915963458827,304.7839815907968,313.07856009795546,3974478,BHARTIARTL.NS
2017-02-16,309.5237121582031,312.2321597795637,304.95322112696135,305.79959667883236,4049974,BHARTIARTL.NS
2017-02-17,312.7399597167969,315.0252194185476,306.6459816114724,310.6239923105419,2551827,BHARTIARTL.NS
2017-02-20,317.69140625,320.7807118886274,313.2901781775057,313.2901781775057,3876138,BHARTIARTL.NS
2017-02-21,307.11151123046875,319.8496177295836,304.2761016152858,314.94057086838876,7028108,BHARTIARTL.NS
2017-02-22,305.54571533203125,315.279149266882,303.9375673176142,307.15383468683865,7531248,BHARTIARTL.NS
2017-02-23,309.9892272949219,339.40117868363825,307.8309295342557,314.0095684481658,39500561,BHARTIARTL.NS
2017-02-27,301.059814453125,311.00486957564675,298.39369731715954,310.6239834163921,10077345,BHARTIARTL.NS
2017-02-28,309.05816650390625,315.786954714162,301.65229510846547,302.16011466225564,13488220,BHARTIARTL.NS
2017-03-01,307.02685546875,312.1898265323573,305.9265557980681,311.9359024053975,3826413,BHARTIARTL.NS
2017-03-02,302.0331726074219,309.77762909764726,298.0974919910391,308.08484937358645,4657721,BHARTIARTL.NS
2017-03-03,301.4407653808594,305.9689267292577,299.0285431731606,302.0332168764105,4021692,BHARTIARTL.NS
2017-03-06,305.9689025878906,308.0848702212492,302.32944742958887,304.6993105440316,3302817,BHARTIARTL.NS
2017-03-07,305.6303405761719,306.7729705270879,301.60999928633385,305.5457087508175,3171320,BHARTIARTL.NS
2017-03-08,305.2918395996094,308.1695514568205,303.42979580840466,304.8686517370102,3024515,BHARTIARTL.NS
2017-03-09,304.86865234375,306.3075082752191,301.8639783898565,304.57239791164966,1304223,BHARTIARTL.NS
2017-03-10,308.8466491699219,310.2008731950926,304.65704366921113,305.41878751846644,2319807,BHARTIARTL.NS
2017-03-14,305.6303405761719,312.9939112337946,303.5143729846576,309.77764393384604,5921380,BHARTIARTL.NS
2017-03-15,307.40777587890625,309.9046298662017,301.4830604345058,304.69932798212636,7389777,BHARTIARTL.NS
2017-03-16,305.2494201660156,309.43905329667575,303.9375267114033,308.08482960432525,2670827,BHARTIARTL.NS
2017-03-17,293.5693359375,307.2384800226083,291.15714246942525,305.67269084235005,6378625,BHARTIARTL.NS
2017-03-20,295.7276306152344,298.18215430119346,287.13679771437756,292.84991911989147,4737850,BHARTIARTL.NS
2017-03-21,296.1508483886719,297.758996618573,292.0458746350149,295.3891045227868,2511084,BHARTIARTL.NS
2017-03-22,286.2480773925781,294.9658719278407,275.75287121999105,293.696279904205,8955493,BHARTIARTL.NS
2017-03-23,286.5020446777344,289.21046412465677,284.00519049707,286.755940193012,4762081,BHARTIARTL.NS
2017-03-24,288.19476318359375,294.28874146196307,286.2480593579494,288.956506885939,5308761,BHARTIARTL.NS
2017-03-27,286.6712646484375,289.3373820994751,283.66659123569946,287.7715643590617,3212610,BHARTIARTL.NS
2017-03-28,288.4063720703125,290.73393353843096,286.5866302103107,288.53330547763505,2316105,BHARTIARTL.NS
2017-03-29,291.87652587890625,293.1884480905958,288.7872207634603,289.8875204303422,9825597,BHARTIARTL.NS
2017-03-30,297.2511291503906,298.26679712611866,289.6336623218477,291.87656352618404,4345156,BHARTIARTL.NS
2017-03-31,296.2777099609375,298.18208330937824,292.003445320721,296.23537972623296,5787371,BHARTIARTL.NS
2017-04-03,289.2950439453125,292.84986676398006,284.59759131790025,292.84986676398006,7333921,BHARTIARTL.NS
2017-04-05,291.580322265625,293.90788383879783,287.0098309478505,290.2684286141365,4693744,BHARTIARTL.NS
2017-04-06,289.2950439453125,290.3107117020183,285.74022112664494,290.3107117020183,2412374,BHARTIARTL.NS
2017-04-07,291.7496032714844,296.6163201303844,289.2527494783601,291.1994534176855,6347228,BHARTIARTL.NS
2017-04-10,292.5959777832031,294.88120901540685,289.5066725646354,294.79657719042353,1532435,BHARTIARTL.NS
2017-04-11,296.4047546386719,301.10220829709885,290.1838133406082,290.3107754205132,2327556,BHARTIARTL.NS
2017-04-12,296.9125671386719,299.5363831876752,292.299774084493,293.69629961054767,2529238,BHARTIARTL.NS
2017-04-13,287.9831848144531,299.1978341678943,287.1368091619421,296.23546206488237,6554985,BHARTIARTL.NS
2017-04-17,288.8718566894531,290.56463645470745,286.4173331947365,290.14144867829594,2089233,BHARTIARTL.NS
2017-04-18,286.7558288574219,290.60690559613823,284.6398617606378,287.7714965030305,6170878,BHARTIARTL.NS
2017-04-19,287.7292785644531,289.2527661458978,281.6352709194533,287.2637605091199,2779410,BHARTIARTL.NS
2017-04-20,290.09912109375,290.98782689619685,286.1211101036751,289.46433942331896,2097176,BHARTIARTL.NS
2017-04-21,290.1414489746094,292.8498966017823,288.0254814307826,289.46433706781613,1500170,BHARTIARTL.NS
2017-04-24,291.7073059082031,293.2307935735769,286.6289945838824,291.15715599239525,1487606,BHARTIARTL.NS
2017-04-25,299.5786437988281,304.5300208204411,288.95650495764244,290.31072871260005,4747068,BHARTIARTL.NS
2017-04-26,302.6256103515625,304.6992473112705,297.92815802161624,299.57860727439646,3272330,BHARTIARTL.NS
2017-04-27,302.9219055175781,306.3497668536339,299.4094123526394,299.8326001566643,4978376,BHARTIARTL.NS
2017-04-28,300.89056396484375,302.92189977720153,296.65865734517945,300.7213003102854,2985691,BHARTIARTL.NS
2017-05-02,294.2041015625,301.27141722981287,293.4423292214664,300.89053105929605,2436068,BHARTIARTL.NS
2017-05-03,293.1461181640625,296.23542328282116,291.030150650188,294.62730402165704,2616848,BHARTIARTL.NS
2017-05-04,292.8499450683594,297.42043686582457,290.90324084924777,293.4423965901477,1345900,BHARTIARTL.NS
2017-05-05,291.7919006347656,295.38905408346983,290.4376768112719,293.2307562823256,1708526,BHARTIARTL.NS
2017-05-08,297.33575439453125,300.678983993196,291.4110676568256,291.7919252270266,2955948,BHARTIARTL.NS
2017-05-09,292.215087890625,297.0818333300283,290.81856248740706,296.23542911205845,3126657,BHARTIARTL.NS
2017-05-10,315.4907531738281,321.96561836109083,284.80923579242415,284.80923579242415,27085852,BHARTIARTL.NS
2017-05-11,309.7776794433594,313.88265302910094,306.77300569217846,313.16321078209694,8059693,BHARTIARTL.NS
2017-05-12,309.0158996582031,313.41709848441707,305.96889601417195,306.60367769265844,4070508,BHARTIARTL.NS
2017-05-15,308.2118835449219,313.1209315634205,305.88432162713224,309.77770157356764,4132180,BHARTIARTL.NS
2017-05-16,316.8449401855469,319.6380195225639,309.3121063533657,309.69296387319105,6500818,BHARTIARTL.NS
2017-05-17,318.1991882324219,322.38879322793935,314.1788468898341,314.1788468898341,5842838,BHARTIARTL.NS
2017-05-18,313.7980041503906,322.98128857526297,311.9782621676637,316.2948294364001,3683713,BHARTIARTL.NS
2017-05-19,315.4907531738281,321.20387457310886,311.5973737444453,315.7023470782892,6026064,BHARTIARTL.NS
2017-05-22,315.32147216796875,320.4421131573008,314.3481345290699,316.5487339420965,3037325,BHARTIARTL.NS
2017-05-23,314.77130126953125,318.45308634575537,314.00955757438265,314.8982633286572,6451328,BHARTIARTL.NS
2017-05-24,311.76666259765625,315.70234356840933,309.48140259950657,311.47040820701596,7704006,BHARTIARTL.NS
2017-05-25,313.7557067871094,318.53779261395124,305.33416527300756,310.62407079543374,15733429,BHARTIARTL.NS
2017-05-26,316.2102355957031,322.0079895622669,311.8936678083706,312.3168556711184,3171630,BHARTIARTL.NS
2017-05-29,315.7869873046875,320.69603435625146,311.38575985932283,317.14121113403047,2214859,BHARTIARTL.NS
2017-05-30,313.7557067871094,318.9186788803498,312.61307664752746,317.22589879571245,2172819,BHARTIARTL.NS
2017-05-31,314.4751281738281,319.0032895221784,311.5127560576565,316.5487657274588,17087943,BHARTIARTL.NS
2017-06-01,310.53936767578125,316.04086586353714,309.65066191778936,313.1631547100022,2467620,BHARTIARTL.NS
2017-06-02,315.9139709472656,322.7696937270321,312.9939291982644,313.8403048196048,5747881,BHARTIARTL.NS
2017-06-05,315.1944885253906,319.7649793486174,314.30578277253005,315.87160039991363,2588187,BHARTIARTL.NS
2017-06-06,312.31683349609375,315.27917698461073,310.62405350567883,313.1632091614951,3666864,BHARTIARTL.NS
2017-06-07,315.5330810546875,317.60671849863735,314.00959349013704,316.0832309340869,4307736,BHARTIARTL.NS
2017-06-08,311.21649169921875,316.80265058448,310.3700874883441,315.66002066258375,3858535,BHARTIARTL.NS
2017-06-09,311.3011169433594,314.0941963269608,309.98922340277886,311.2587867028474,3205017,BHARTIARTL.NS
2017-06-12,309.10052490234375,314.68668380099473,307.7039708478768,310.5393805387104,2462371,BHARTIARTL.NS
2017-06-13,307.40777587890625,311.8936355430452,306.4767397494854,308.08488785310124,1257634,BHARTIARTL.NS
2017-06-14,309.3544006347656,311.9358860310603,306.0112002167919,307.66164963617837,2338631,BHARTIARTL.NS
2017-06-15,309.1851806640625,313.5863797373282,308.465738460373,309.3544443239833,2823152,BHARTIARTL.NS
2017-06-16,308.8042907714844,311.0472205262585,305.20716577459945,309.77765711310275,4962261,BHARTIARTL.NS
2017-06-19,311.0472106933594,312.1052088304871,307.4500858101876,308.0848674966986,1888109,BHARTIARTL.NS
2017-06-20,310.28546142578125,313.8826149046633,309.56604792577014,312.1052032863185,2553936,BHARTIARTL.NS
2017-06-21,310.8778991699219,311.63964280835904,308.50800778175807,310.1161555314847,2945763,BHARTIARTL.NS
2017-06-22,309.9468994140625,312.2744608374106,306.81526402202115,311.25879298110465,7013343,BHARTIARTL.NS
2017-06-23,309.9468994140625,311.9359048853086,307.4500743444675,309.69297528508395,5681037,BHARTIARTL.NS
2017-06-27,314.39044189453125,318.15685911139775,308.9312448443512,308.9312448443512,4226917,BHARTIARTL.NS
2017-06-28,319.2571716308594,323.02358866053714,311.0471970122225,317.3104677543966,4209925,BHARTIARTL.NS
2017-06-29,323.7007141113281,327.0016132657154,319.68037278606687,319.7226743693123,4698010,BHARTIARTL.NS
2017-06-30,321.3731689453125,324.92799241834297,315.36382177332183,323.7007305688629,3628132,BHARTIARTL.NS
2017-07-03,323.3621520996094,325.13956371251555,318.91862306734384,322.8543038332883,1687712,BHARTIARTL.NS
2017-07-04,321.0346374511719,324.9280172023944,320.0189694300339,324.9280172023944,1836644,BHARTIARTL.NS
2017-07-05,318.4954528808594,320.3575252483216,315.9986274075276,319.087933057744,2338530,BHARTIARTL.NS
2017-07-06,322.72735595703125,324.03927826297337,316.50641503832475,318.70701453018637,2399488,BHARTIARTL.NS
2017-07-07,326.6207580566406,328.01731228807324,324.16623424952746,325.0126385696838,4849963,BHARTIARTL.NS
2017-07-10,343.37921142578125,347.14562869142594,330.2178874582824,331.82603548565936,2101702,BHARTIARTL.NS
2017-07-11,334.7037353515625,346.08764724284947,333.0109555547823,342.0673059728498,6175288,BHARTIARTL.NS
2017-07-12,336.1002502441406,340.5014775779116,333.8573206661122,336.69273031935796,2894251,BHARTIARTL.NS
2017-07-13,342.0823669433594,343.567292332014,338.30644090234694,341.3187000592401,2879273,BHARTIARTL.NS
2017-07-14,345.34912109375,346.7067636037059,341.2762222958409,343.6945050592257,2424013,BHARTIARTL.NS
2017-07-17,346.57952880859375,347.8947343969518,344.45821927731987,347.47047823708954,2517635,BHARTIARTL.NS
2017-07-18,346.4522705078125,364.86523623184775,344.6703715258725,344.6703715258725,4039652,BHARTIARTL.NS
2017-07-19,357.44061279296875,358.7558182751336,345.56126888421954,347.8947063070167,5104135,BHARTIARTL.NS
2017-07-20,356.2102966308594,360.1983506735369,353.07075494382775,358.07704105245847,3406260,BHARTIARTL.NS
2017-07-21,348.99786376953125,353.8344594138244,341.6157020558085,353.8344594138244,12143745,BHARTIARTL.NS
2017-07-24,356.4223937988281,358.5012661289889,344.5430494585802,345.3491533656895,5425590,BHARTIARTL.NS
2017-07-25,362.9984436035156,366.2228304415709,355.23443568933595,358.6285422198999,7134553,BHARTIARTL.NS
2017-07-26,361.68328857421875,364.90767586227213,357.8649253774307,364.86523875023227,5764897,BHARTIARTL.NS
2017-07-27,353.0283508300781,362.10756605113716,349.12514191174773,361.4711817249213,15443045,BHARTIARTL.NS
2017-07-28,350.69488525390625,352.56162970281565,346.36742045926724,350.48275716189136,1940125,BHARTIARTL.NS
2017-07-31,355.4890441894531,357.61035384661255,347.894755042183,352.13737435650194,2953735,BHARTIARTL.NS
2017-08-01,353.87689208984375,358.925587050294,351.07676082900616,356.50730362446603,2448373,BHARTIARTL.NS
2017-08-02,352.8586730957031,358.6286268269384,350.228232730957,357.10129289383906,2195053,BHARTIARTL.NS
2017-08-03,359.9438171386719,360.7074840723264,350.65250259191424,352.94350339287786,2812811,BHARTIARTL.NS
2017-08-04,357.14361572265625,359.22251673955276,349.2523539827399,359.22251673955276,3004061,BHARTIARTL.NS
2017-08-07,354.2162780761719,358.5861512905553,353.36773696828,357.10125463268236,1299253,BHARTIARTL.NS
2017-08-08,354.5132141113281,360.6225772740095,351.3736726817937,354.2586489327276,1994391,BHARTIARTL.NS
2017-08-09,353.0283508300781,355.48907136980597,349.5918352437593,355.48907136980597,1360936,BHARTIARTL.NS
2017-08-10,353.197998046875,356.80420388706625,349.8463286457354,352.2221744686481,1661135,BHARTIARTL.NS
2017-08-11,351.75555419921875,354.6829391061492,347.89475397054196,349.5918074374348,2538665,BHARTIARTL.NS
2017-08-14,346.66436767578125,351.6706534768953,343.77939136544177,350.44029339760687,2234285,BHARTIARTL.NS
2017-08-16,345.9855651855469,348.82813327471825,342.5914870546139,345.3491809232401,4181433,BHARTIARTL.NS
2017-08-17,353.2828369140625,356.3799410862204,344.45818889309584,348.74324468643545,3282886,BHARTIARTL.NS
2017-08-18,357.2285461425781,358.41646924488896,350.2282039387731,351.2464360544532,3062360,BHARTIARTL.NS
2017-08-21,355.65875244140625,361.3014227309095,354.2586725975384,359.3073957399129,2075746,BHARTIARTL.NS
2017-08-22,358.1618957519531,360.6226161249613,353.4525831003032,358.6710261640042,3456653,BHARTIARTL.NS
2017-08-23,366.4774169921875,368.2593158416874,359.94376872271295,359.9862058313058,4754764,BHARTIARTL.NS
2017-08-24,367.36834716796875,368.55627009473767,363.16813671996675,367.41075554237705,2773039,BHARTIARTL.NS
2017-08-28,368.5987854003906,371.7807358262777,365.0349871320529,368.25937467331244,2806489,BHARTIARTL.NS
2017-08-29,363.2530822753906,369.53213752947016,362.61666921466525,369.53213752947016,2102533,BHARTIARTL.NS
2017-08-30,364.0167541503906,366.3077550041557,362.7439567436543,366.13806400697325,2389197,BHARTIARTL.NS
2017-08-31,362.91363525390625,366.3925588887212,359.9013761743238,366.3925588887212,7912495,BHARTIARTL.NS
2017-09-01,358.5437316894531,365.2470711917688,357.3982170322312,364.86522339537356,1996184,BHARTIARTL.NS
2017-09-04,353.3253479003906,360.5802267997795,351.03431838902253,358.9255816051398,1409182,BHARTIARTL.NS
2017-09-05,344.9249267578125,352.0525224794553,337.6276113260543,351.37370110292136,7204076,BHARTIARTL.NS
2017-09-06,341.5308532714844,344.1188564310906,340.72474921653054,340.72474921653054,2064288,BHARTIARTL.NS
2017-09-07,337.11846923828125,345.7309892799247,335.2092879371906,341.6156244036437,2642421,BHARTIARTL.NS
2017-09-08,342.3793640136719,343.52484995631517,336.524536771869,337.6276143355783,2013742,BHARTIARTL.NS
2017-09-11,341.9126892089844,345.6886153963004,338.13676302166834,345.3492046866559,1612161,BHARTIARTL.NS
2017-09-12,343.82183837890625,345.3491720620386,337.71244618245123,345.3491720620386,2583110,BHARTIARTL.NS
2017-09-13,340.8095703125,345.94313871670226,339.2397995619944,345.6885735323062,1877714,BHARTIARTL.NS
2017-09-14,338.47613525390625,344.9249092720992,336.86392738337685,344.9249092720992,1667328,BHARTIARTL.NS
2017-09-15,336.01544189453125,341.91267763449946,333.76684961075216,339.40952014411323,5339372,BHARTIARTL.NS
2017-09-18,336.5669860839844,340.47019480936393,335.33662587494194,338.56101319312813,1309340,BHARTIARTL.NS
2017-09-19,334.9971923828125,338.56099016216433,331.43339460346067,338.56099016216433,1103781,BHARTIARTL.NS
2017-09-20,336.7366943359375,338.4761850555497,314.80236627871096,314.80236627871096,11779464,BHARTIARTL.NS
2017-09-21,339.49432373046875,341.44594218695283,330.71211250619297,332.6212938561592,6557075,BHARTIARTL.NS
2017-09-22,335.46392822265625,340.21564962068834,331.98497548904163,337.7124919428538,5273742,BHARTIARTL.NS
2017-09-25,330.7121276855469,336.7790826701725,328.71810076298215,336.7790826701725,3002284,BHARTIARTL.NS
2017-09-26,328.6756896972656,332.9607461772584,325.02704623487284,328.5908442055739,4203146,BHARTIARTL.NS
2017-09-27,327.48773193359375,330.9242469368149,326.0876809070821,329.1847852475183,2714173,BHARTIARTL.NS
2017-09-28,324.178466796875,329.9908558528706,320.3176673059221,328.80290428705797,16167139,BHARTIARTL.NS
2017-09-29,330.45751953125,332.4939832974912,321.717746148726,324.0935918107154,5337179,BHARTIARTL.NS
2017-10-03,326.3846740722656,333.3849870893378,324.9845942296732,332.62132023517984,1842563,BHARTIARTL.NS
2017-10-04,320.0207824707031,327.9968913535652,319.12983291540615,327.53022675047794,3138906,BHARTIARTL.NS
2017-10-05,320.4874267578125,322.99055531334324,316.62662678774444,319.68132282353827,3371352,BHARTIARTL.NS
2017-10-06,324.3906555175781,325.4512959726077,320.9117031075457,320.9117031075457,1065853,BHARTIARTL.NS
2017-10-09,321.54803466796875,323.79662654236813,320.3601118066835,322.77839463328394,1192143,BHARTIARTL.NS
2017-10-10,326.3422546386719,328.8454121541828,318.19642653316316,321.9723526305557,1502210,BHARTIARTL.NS
2017-10-11,342.4217224121094,344.8400340090731,327.5301487436712,327.69983969856696,7774168,BHARTIARTL.NS
2017-10-12,339.62164306640625,343.4824432906098,335.76087157416697,342.1248005186685,4023386,BHARTIARTL.NS
2017-10-13,365.6288757324219,370.8048813074789,357.05879216273865,364.86520890193003,45960026,BHARTIARTL.NS
2017-10-16,384.63580322265625,388.4541659808559,366.73194111267566,366.73194111267566,21145098,BHARTIARTL.NS
2017-10-17,395.36968994140625,398.2546666126638,386.16319238298536,386.9268880300527,18843801,BHARTIARTL.NS
2017-10-18,391.9755554199219,397.95766517837063,388.19962948984573,397.10912409608466,9015866,BHARTIARTL.NS
2017-10-19,401.9881286621094,405.42464366933905,393.2907340095963,394.5635311795147,2646228,BHARTIARTL.NS
2017-10-23,422.0132751464844,425.44979018264337,403.0487724200185,403.0487724200185,29564820,BHARTIARTL.NS
2017-10-24,426.0013427734375,428.2499349175495,418.87374728687115,418.87374728687115,17646810,BHARTIARTL.NS
2017-10-25,437.62615966796875,439.53534129694606,419.085910915691,426.72263743160016,10080877,BHARTIARTL.NS
2017-10-26,433.8502197265625,440.6808420073445,426.3407760556429,434.1047849308552,11031934,BHARTIARTL.NS
2017-10-27,411.7886047363281,434.18962408821824,409.83698608515914,434.10477859867973,8904315,BHARTIARTL.NS
2017-10-30,418.2373962402344,422.31032468840465,412.42500589146965,416.2009320161493,7211306,BHARTIARTL.NS
2017-10-31,421.8860778808594,427.14692990246505,412.97658201038513,415.7767133885296,12690735,BHARTIARTL.NS
2017-11-01,457.439208984375,462.190930168071,432.7471589712533,439.9596006068541,35708310,BHARTIARTL.NS
2017-11-02,460.91815185546875,465.4577448424063,450.22672913634335,462.4030485323755,10951971,BHARTIARTL.NS
2017-11-03,459.2634582519531,479.2461929323532,455.9117887067234,460.9181032027065,18131291,BHARTIARTL.NS
2017-11-06,451.88134765625,462.1060477358808,447.29931782696326,458.1179937815641,8295950,BHARTIARTL.NS
2017-11-07,436.4382019042969,455.3178598631345,434.5290204269346,454.7238839920547,7054590,BHARTIARTL.NS
2017-11-08,420.2738342285156,431.89861420036243,409.9218515002583,420.86778137448914,50336608,BHARTIARTL.NS
2017-11-09,427.8681335449219,431.0500836335058,420.27384447205196,426.1710800894273,10980638,BHARTIARTL.NS
2017-11-10,427.18927001953125,434.23201961607765,421.3768804653451,430.2015288313815,10487687,BHARTIARTL.NS
2017-11-13,422.5648498535156,429.9894480305498,421.4193351666426,426.80746917411676,7079805,BHARTIARTL.NS
2017-11-14,422.6921081542969,428.41965252741113,419.8495688881775,424.04975085595026,6449030,BHARTIARTL.NS
2017-11-15,413.0189514160156,423.41337113815445,410.26122887433024,422.5648300745732,9690914,BHARTIARTL.NS
2017-11-16,415.69183349609375,419.9344529626419,408.2672350636518,414.92816658922953,10682218,BHARTIARTL.NS
2017-11-17,418.7464904785156,429.310630495486,416.6676179109013,420.0192877789102,11712737,BHARTIARTL.NS
2017-11-20,418.0252990722656,421.4618147472059,414.92819412645326,419.29806775751973,5804375,BHARTIARTL.NS
2017-11-21,427.01959228515625,432.1107526496605,419.59502292670464,420.27384430863856,10087242,BHARTIARTL.NS
2017-11-22,423.49822998046875,430.6258257331215,420.4011253940354,428.08025992602603,3621523,BHARTIARTL.NS
2017-11-23,421.164794921875,430.2015722698914,418.74648296769766,426.8074653510272,5918577,BHARTIARTL.NS
2017-11-24,421.5466613769531,425.32261652311445,420.0193274577654,421.7163811079558,3900017,BHARTIARTL.NS
2017-11-27,422.5648498535156,424.0922123466678,416.62517705828117,420.7829508881417,3499938,BHARTIARTL.NS
2017-11-28,417.4737548828125,422.52247863944865,415.9464209872795,422.52247863944865,3346897,BHARTIARTL.NS
2017-11-29,420.6556701660156,421.92846746067,415.7766665451087,417.47372002732635,5898170,BHARTIARTL.NS
2017-11-30,421.24957275390625,423.7527297960258,416.4554154584897,417.7706209038246,14879534,BHARTIARTL.NS
2017-12-01,410.81280517578125,423.32850599529377,408.86118654646964,423.32850599529377,6127500,BHARTIARTL.NS
2017-12-04,410.9400329589844,417.47368107287696,409.41269933348616,411.53400880532786,3040197,BHARTIARTL.NS
2017-12-05,416.3281555175781,417.43123296603443,404.61853098939446,412.0855366856872,4264268,BHARTIARTL.NS
2017-12-06,410.2188415527344,418.3222324242958,406.4429155120807,412.8068445217559,8331495,BHARTIARTL.NS
2017-12-07,436.7351989746094,439.9595862317587,410.8552266941488,411.53404808849234,6949368,BHARTIARTL.NS
2017-12-08,445.602294921875,450.4388902760559,437.074618932234,437.1170560447663,14197096,BHARTIARTL.NS
2017-12-11,452.0086364746094,456.5058211643672,444.92347746456073,450.39645716354124,12378453,BHARTIARTL.NS
2017-12-12,444.4991455078125,453.0267913878656,441.69901483216444,452.34797008880184,3625294,BHARTIARTL.NS
2017-12-13,438.9837646484375,452.2631606810772,436.31091634467754,448.0205415895253,7920791,BHARTIARTL.NS
2017-12-14,441.4869384765625,445.4749925266901,433.59564713367376,439.4504743408516,3350247,BHARTIARTL.NS
2017-12-15,439.492919921875,449.5903378417796,436.77763435526197,447.8508759831459,6986672,BHARTIARTL.NS
2017-12-18,446.53564453125,451.2449571924897,420.10413338940026,428.589372109195,10462828,BHARTIARTL.NS
2017-12-19,455.31787109375,458.372538547304,441.40206164724435,446.95991524294556,6870721,BHARTIARTL.NS
2017-12-20,448.7842102050781,458.9240647022651,446.7053377601358,458.20283496910673,7494558,BHARTIARTL.NS
2017-12-21,444.7113342285156,451.2025458287044,442.92943525842185,448.4448231506339,5651594,BHARTIARTL.NS
2017-12-22,448.4872741699219,457.31192380308255,444.1598092129206,447.08722296370235,9484716,BHARTIARTL.NS
2017-12-26,460.70599365234375,463.63337843469606,445.68710702444275,450.5661103936596,6436620,BHARTIARTL.NS
2017-12-27,453.6632385253906,464.56675977443604,450.22669466523433,462.0211940769579,6700159,BHARTIARTL.NS
2017-12-28,450.86309814453125,456.1239491322525,449.80242903260546,453.5359463803942,8699172,BHARTIARTL.NS
2017-12-29,449.42059326171875,456.88759894742134,442.92938243565726,451.2449003937502,7502053,BHARTIARTL.NS
2018-01-01,447.93572998046875,456.5906597904595,445.8144202742595,450.5661413741037,4807939,BHARTIARTL.NS
2018-01-02,438.30499267578125,452.1783661384756,434.31693832536774,452.1783661384756,5242199,BHARTIARTL.NS
2018-01-03,439.7050476074219,445.89925688555695,436.777633950128,440.51112286879356,6333269,BHARTIARTL.NS
2018-01-04,443.7779235839844,447.34172133105227,436.56548260348103,440.38384554161456,5953924,BHARTIARTL.NS
2018-01-05,458.20281982421875,460.32412930827513,440.0019838763757,445.4749629198804,8008838,BHARTIARTL.NS
2018-01-08,438.1352844238281,453.2389888093448,436.31094831192956,453.2389888093448,12287843,BHARTIARTL.NS
2018-01-09,432.5774230957031,442.12330158556466,428.2499298314296,439.53529879511626,7541257,BHARTIARTL.NS
2018-01-10,429.6923828125,439.11100666895277,427.9104841079776,436.98969731918993,6667296,BHARTIARTL.NS
2018-01-11,436.77764892578125,438.43226534864596,426.97720426330403,431.0501040171276,5905519,BHARTIARTL.NS
2018-01-12,432.36529541015625,438.98378961433394,428.0802676978076,437.83827492415685,4847824,BHARTIARTL.NS
2018-01-15,428.08026123046875,434.4017530227476,426.34077066574554,432.5774457002849,2834570,BHARTIARTL.NS
2018-01-16,421.9284362792969,435.84421634114835,416.96455880214637,431.05005856565924,6420450,BHARTIARTL.NS
2018-01-17,424.17706298828125,426.9771940724377,417.0070299283659,420.01928910793197,6824337,BHARTIARTL.NS
2018-01-18,420.0192565917969,431.7288817045025,418.3222032279346,425.11038795142105,7912892,BHARTIARTL.NS
2018-01-19,422.47998046875,424.47400741418215,410.2612248744055,410.685509768041,9966300,BHARTIARTL.NS
2018-01-22,416.3706359863281,422.989101366336,414.0796066378915,420.5283810382929,4532165,BHARTIARTL.NS
2018-01-23,417.5585632324219,423.2436708177533,414.7584321850838,419.1707712146934,6150836,BHARTIARTL.NS
2018-01-24,389.8966979980469,413.23110458574985,386.20561741389236,413.14625909382977,29348889,BHARTIARTL.NS
2018-01-25,384.12677001953125,393.2908020468187,377.12642747190006,393.2908020468187,20580178,BHARTIARTL.NS
2018-01-29,373.8595886230469,378.7810004269026,369.1502761725341,376.74456506156906,27139736,BHARTIARTL.NS
2018-01-30,376.2850341796875,385.25232978614076,373.4240247194378,376.2850341796875,10679523,BHARTIARTL.NS
2018-01-31,375.64453125,380.8968297211712,372.698125555122,377.90771159770725,7069368,BHARTIARTL.NS
2018-02-01,374.4061584472656,381.7508158723298,367.3177177361269,375.8153214554905,8096718,BHARTIARTL.NS
2018-02-02,360.698974609375,376.19959318328233,355.105093201497,373.89372966275647,6668088,BHARTIARTL.NS
2018-02-05,375.9434509277344,381.5373330129813,351.17660501361814,356.7704870988651,15080352,BHARTIARTL.NS
2018-02-06,375.0467224121094,382.39135135316536,357.45371349160314,358.6920557909909,9331070,BHARTIARTL.NS
2018-02-07,367.44580078125,383.80046530855765,364.755612225444,380.0000429600409,10982569,BHARTIARTL.NS
2018-02-08,367.0615234375,372.3565048940818,362.9621717607794,370.64844169544824,6173490,BHARTIARTL.NS
2018-02-09,360.82708740234375,370.6057163401716,358.43579900769197,362.1081419862124,5393964,BHARTIARTL.NS
2018-02-12,362.44976806640625,368.08636217524975,359.84497529749297,367.06152425379054,3987231,BHARTIARTL.NS
2018-02-14,371.3316650390625,374.49157471047016,364.0724037123052,364.0724037123052,10468199,BHARTIARTL.NS
2018-02-15,366.3356018066406,375.1747894846369,364.4140342386648,375.1747894846369,4583095,BHARTIARTL.NS
2018-02-16,358.4358215332031,371.45978571285997,357.3255876526485,371.45978571285997,4403814,BHARTIARTL.NS
2018-02-19,353.86676025390625,358.69202061370004,344.3443478862939,358.5639122617248,6457099,BHARTIARTL.NS
2018-02-20,357.06939697265625,360.5708904515157,354.5072876645841,354.5072876645841,8022411,BHARTIARTL.NS
2018-02-21,358.3930969238281,360.82706869679976,356.42881718617446,358.6919971132781,4731875,BHARTIARTL.NS
2018-02-22,355.361328125,358.0515168294395,353.0127520616813,357.6671917637919,10769504,BHARTIARTL.NS
2018-02-23,363.4318542480469,365.6950341316472,356.2153060724218,357.83797316878633,7504250,BHARTIARTL.NS
2018-02-26,361.3822021484375,367.23230029070703,359.41795123905416,367.23230029070703,4071745,BHARTIARTL.NS
2018-02-27,367.6593322753906,369.4955038707044,362.36435069773023,363.64540535558996,5188255,BHARTIARTL.NS
2018-02-28,365.99395751953125,370.2214173710504,363.73077749244425,367.23229967104885,25920217,BHARTIARTL.NS
2018-03-01,365.3107604980469,372.86892234044086,363.60269724010965,366.4209943861147,5837005,BHARTIARTL.NS
2018-03-05,359.9303894042969,364.7556501208624,356.64237118836775,364.62754175941507,3863655,BHARTIARTL.NS
2018-03-06,353.4824523925781,365.2253320226546,350.6641554976872,361.85191823319144,4204736,BHARTIARTL.NS
2018-03-07,344.3443908691406,355.532155372218,334.13875196264894,350.70689441011024,12064643,BHARTIARTL.NS
2018-03-08,342.7216491699219,353.6532234867207,337.34127239138746,351.43275603875946,8664079,BHARTIARTL.NS
2018-03-09,343.4476013183594,348.8706907457956,339.5190706987403,345.796177205865,5093353,BHARTIARTL.NS
2018-03-12,360.0157775878906,362.5351744992582,345.02759123347073,345.8816084002446,8387164,BHARTIARTL.NS
2018-03-13,364.0723876953125,367.06150537542624,358.8201189215327,361.25409078583874,5712773,BHARTIARTL.NS
2018-03-14,360.9125061035156,363.73080323117216,357.4536961026898,363.73080323117216,4194515,BHARTIARTL.NS
2018-03-15,359.07635498046875,362.36434412018093,356.3434538497697,360.9124976240882,3636202,BHARTIARTL.NS
2018-03-16,355.9164733886719,364.45676117827065,353.2689679796108,354.6354186528853,8030364,BHARTIARTL.NS
2018-03-19,341.3125305175781,360.0584541595171,338.7931338570882,356.98394061222876,6000592,BHARTIARTL.NS
2018-03-20,341.9530944824219,344.6005998848905,335.37708678162153,340.7574646054673,8280683,BHARTIARTL.NS
2018-03-21,357.1548156738281,358.820166587388,343.4903667786854,344.17356319691237,9266412,BHARTIARTL.NS
2018-03-22,354.9343566894531,358.90557152482455,351.945238537308,353.56790598200024,5382163,BHARTIARTL.NS
2018-03-23,352.4576416015625,357.79530668385036,346.05242615179793,352.414929176252,5696201,BHARTIARTL.NS
2018-03-26,359.9730529785156,361.2540785824077,347.2480193526756,351.85977514708384,4884776,BHARTIARTL.NS
2018-03-27,352.8846435546875,360.74170537872175,348.6145000016965,360.40009273774785,6746611,BHARTIARTL.NS
2018-03-28,340.5012512207031,352.75656602377165,337.6829539159941,351.0058191597763,11413279,BHARTIARTL.NS
2018-04-02,337.4266662597656,343.1059721036944,333.49813583020483,341.18440484899645,5533293,BHARTIARTL.NS
2018-04-03,343.49029541015625,345.0275376389091,334.1386758621275,334.1386758621275,5059176,BHARTIARTL.NS
2018-04-04,337.3840026855469,345.7107849749166,335.5905436643511,345.02755973652177,4025117,BHARTIARTL.NS
2018-04-05,336.40191650390625,342.3800946599004,334.05331139889256,339.98883496484916,9747139,BHARTIARTL.NS
2018-04-06,328.75836181640625,338.6223876816736,327.17840686740647,336.6581076430388,9425575,BHARTIARTL.NS
2018-04-09,324.7870788574219,330.25285187553413,321.6698817645027,327.00754643493343,13296149,BHARTIARTL.NS
2018-04-10,329.270751953125,330.25287747031456,319.83373509896387,325.42761689828654,13281396,BHARTIARTL.NS
2018-04-11,329.0572509765625,333.75440323827695,327.3919001475945,331.3631146816646,7693575,BHARTIARTL.NS
2018-04-12,324.7016906738281,329.22802186244223,323.8476446417089,327.9469961918087,4967973,BHARTIARTL.NS
2018-04-13,322.7373962402344,329.8258362864778,320.9439372477127,327.0502518738519,7738347,BHARTIARTL.NS
2018-04-16,321.6698913574219,324.7870885433029,319.83371984983313,321.96879156535067,4140008,BHARTIARTL.NS
2018-04-17,326.2816467285156,327.4772764760618,319.53481896503746,321.96879088332787,6356203,BHARTIARTL.NS
2018-04-18,328.1604919433594,334.6511028106692,326.5378247673505,327.6907709756535,6360948,BHARTIARTL.NS
2018-04-19,337.6402282714844,339.30557898954373,329.1853374124559,332.00363436546536,3848720,BHARTIARTL.NS
2018-04-20,343.31951904296875,344.7713655397036,334.30951092727923,336.1029700655026,7492919,BHARTIARTL.NS
2018-04-23,344.04541015625,347.16260701369066,338.9212212278947,342.89246403257494,4195101,BHARTIARTL.NS
2018-04-24,346.9491271972656,348.9560904911998,338.70774083090606,343.23410080688865,6982218,BHARTIARTL.NS
2018-04-25,358.5639343261719,365.0118623166108,351.85981853438165,353.95217796309504,22192116,BHARTIARTL.NS
2018-04-26,349.46856689453125,358.6920805955002,346.26597323305606,358.6920805955002,13874130,BHARTIARTL.NS
2018-04-27,349.0841979980469,351.6462781773632,342.4654788188287,346.94912636222284,5013031,BHARTIARTL.NS
2018-04-30,349.7674865722656,352.9273966356978,345.1984133580969,347.5897021203854,3633132,BHARTIARTL.NS
2018-05-02,348.8280029296875,352.6284254717506,346.735643585845,352.6284254717506,6754394,BHARTIARTL.NS
2018-05-03,345.3692626953125,348.4437481539317,340.7575055890133,346.9919013721681,4124205,BHARTIARTL.NS
2018-05-04,338.83587646484375,357.2829015552637,336.48730036248696,350.8776861165548,15994662,BHARTIARTL.NS
2018-05-07,340.1169128417969,345.49729005096304,337.7683079472908,342.89249737389923,6553080,BHARTIARTL.NS
2018-05-08,342.59356689453125,344.1308381756132,338.87856933768876,342.8497835944388,3955811,BHARTIARTL.NS
2018-05-09,343.7038269042969,349.72471687598426,339.22015036481264,344.344339730639,9019801,BHARTIARTL.NS
2018-05-10,351.9451904296875,353.3116409503594,344.9421748887896,345.7534795818703,9023511,BHARTIARTL.NS
2018-05-11,330.16748046875,343.9173533383341,325.81194091594267,341.7395691027479,25555353,BHARTIARTL.NS
2018-05-14,327.2210693359375,336.487294134888,323.07903414413636,329.65507024372016,9823967,BHARTIARTL.NS
2018-05-15,326.1961975097656,331.4911784276121,323.12171298340166,327.09292698301533,7078344,BHARTIARTL.NS
2018-05-16,320.5596923828125,327.0503041631569,319.4067460123245,327.0503041631569,6766242,BHARTIARTL.NS
2018-05-17,313.9409484863281,323.63415299558875,312.10477691804635,322.1823064945164,9999816,BHARTIARTL.NS
2018-05-18,308.603271484375,314.3252618713971,303.2228937585945,314.3252618713971,12433574,BHARTIARTL.NS
2018-05-21,307.4503173828125,315.350091900783,303.35099446968024,308.603263700217,5482372,BHARTIARTL.NS
2018-05-22,309.0302734375,316.930047984896,300.27648171454365,304.84552565684976,7236788,BHARTIARTL.NS
2018-05-23,304.7174377441406,312.40367886560534,302.5396535212916,308.9875813399649,6604278,BHARTIARTL.NS
2018-05-24,317.61322021484375,319.32128319888767,304.8027912120557,306.59625011571154,4997302,BHARTIARTL.NS
2018-05-25,321.9260559082031,324.53084841844844,313.42848208270357,317.9548418900688,4145304,BHARTIARTL.NS
2018-05-28,320.38885498046875,325.21411559683685,316.67382824910226,322.4812143916849,6609989,BHARTIARTL.NS
2018-05-29,323.804931640625,325.98268664966884,317.0581045177815,321.0720308561737,3858054,BHARTIARTL.NS
2018-05-30,320.94390869140625,323.59141344188384,318.5526206080238,323.59141344188384,3737750,BHARTIARTL.NS
2018-05-31,319.06512451171875,327.26379940687633,317.0581609850872,321.20019640023236,11979616,BHARTIARTL.NS
2018-06-01,327.6908264160156,329.56968168635035,318.16841277689286,319.87647616736433,4548210,BHARTIARTL.NS
2018-06-04,317.9548645019531,330.29557379932237,316.0760094914213,327.9469978065667,3958335,BHARTIARTL.NS
2018-06-05,311.1226501464844,317.91216162591326,305.35794767203885,317.18625283751965,5535807,BHARTIARTL.NS
2018-06-06,324.3173522949219,326.1535237160818,309.2437426443141,309.2437426443141,5566018,BHARTIARTL.NS
2018-06-07,324.4881896972656,329.86856697274783,320.26072975341253,324.27468541665417,4036551,BHARTIARTL.NS
2018-06-08,322.4384765625,327.4772406218346,317.9121169336229,324.10382710943765,4298662,BHARTIARTL.NS
2018-06-11,332.0463562011719,334.6084656675763,322.60933879107046,322.60933879107046,6040503,BHARTIARTL.NS
2018-06-12,325.0860290527344,335.9748932599495,324.1466158891987,333.02851648359143,6132581,BHARTIARTL.NS
2018-06-13,320.81585693359375,327.00756802456823,318.808893496927,319.40672285278947,7432828,BHARTIARTL.NS
2018-06-14,321.54180908203125,327.94702474802824,318.97972859930564,318.97972859930564,5218952,BHARTIARTL.NS
2018-06-15,323.0363464355469,324.7443806973449,316.1614102093715,323.42064257710575,6339567,BHARTIARTL.NS
2018-06-18,316.75921630859375,325.2995034440453,314.3252443072341,322.7801355117386,3120256,BHARTIARTL.NS
2018-06-19,317.0154113769531,321.0293379594399,315.30734828280043,316.8446195267192,3962117,BHARTIARTL.NS
2018-06-20,317.61322021484375,321.54175061896433,316.374878166207,318.1256246508765,2785850,BHARTIARTL.NS
2018-06-21,314.8804016113281,320.2607797263553,310.695653437962,320.21809621459107,4261882,BHARTIARTL.NS
2018-06-22,319.8764343261719,321.5417850696587,312.83067737688793,316.8019206254827,3404583,BHARTIARTL.NS
2018-06-25,319.5348205566406,322.780126103314,317.5278571868797,317.69864904379546,3337617,BHARTIARTL.NS
2018-06-26,324.7016906738281,326.87944588125055,318.72348412244764,319.4067093807976,4792013,BHARTIARTL.NS
2018-06-27,320.81585693359375,325.85462173767803,318.6381016343176,325.59843394376395,3786049,BHARTIARTL.NS
2018-06-28,322.78009033203125,325.72649534339234,314.75220882429335,319.1504601319963,6498784,BHARTIARTL.NS
2018-06-29,326.1961975097656,327.34914366633285,320.5169204853044,320.5169204853044,3820380,BHARTIARTL.NS
2018-07-02,314.32525634765625,325.72655341266545,312.19018448200814,325.4703366916453,4872211,BHARTIARTL.NS
2018-07-03,316.6311340332031,319.9191231512899,312.65989071857075,319.9191231512899,3092637,BHARTIARTL.NS
2018-07-04,313.7701416015625,317.6132767703958,309.75621456309324,316.71654715889247,4355428,BHARTIARTL.NS
2018-07-05,310.35400390625,313.21501342626175,307.15141065920426,311.72045448784576,7104382,BHARTIARTL.NS
2018-07-06,309.3718566894531,312.06204523883815,307.36489338293063,309.158352415854,8008826,BHARTIARTL.NS
2018-07-09,309.2437438964844,312.91608675367405,308.816735355424,312.5744741371532,5248262,BHARTIARTL.NS
2018-07-10,314.1116943359375,315.8197572982782,309.5853347153248,309.5853347153248,1879352,BHARTIARTL.NS
2018-07-11,309.1583557128906,315.05116626583316,308.2189137643452,315.05116626583316,2085140,BHARTIARTL.NS
2018-07-12,309.28643798828125,311.72040966276796,307.7491957642224,311.72040966276796,2299214,BHARTIARTL.NS
2018-07-13,306.5536193847656,311.59238484161585,305.18716863340927,310.8664759539381,5311215,BHARTIARTL.NS
2018-07-16,296.6895751953125,307.2368265442365,294.4691073151952,304.0342330892007,3618410,BHARTIARTL.NS
2018-07-17,292.54754638671875,299.50787934487687,290.36976196610556,296.34796932681235,5420158,BHARTIARTL.NS
2018-07-18,287.6368408203125,294.7252809473675,282.68347232385565,293.87123494411065,5322210,BHARTIARTL.NS
2018-07-19,294.6398620605469,296.7749337343071,288.32007188417265,289.51570161086767,5027938,BHARTIARTL.NS
2018-07-20,294.9814758300781,296.94575565837636,290.66864896172706,292.9318289932685,4212334,BHARTIARTL.NS
2018-07-23,306.5536193847656,307.4503490755472,294.63991665913403,295.06695420770933,4145242,BHARTIARTL.NS
2018-07-24,304.7174377441406,312.9587957979606,303.39367067311053,308.64596869556436,4350541,BHARTIARTL.NS
2018-07-25,300.87432861328125,303.8634178202117,293.3588787081594,303.265617329846,5175174,BHARTIARTL.NS
2018-07-26,305.4433288574219,307.4502921827052,300.91696881073665,301.5147981334205,3816677,BHARTIARTL.NS
2018-07-27,311.4642639160156,319.3213257717843,300.31918399238884,307.3649122077721,9016962,BHARTIARTL.NS
2018-07-30,327.3064880371094,332.13174841923205,303.43637391326814,306.5962835487339,7476176,BHARTIARTL.NS
2018-07-31,333.5835876464844,335.24893835700743,323.42063369247694,326.2389306327326,8096298,BHARTIARTL.NS
2018-08-01,328.3740234375,340.7574458019189,326.7940685524409,333.0711756672133,9444961,BHARTIARTL.NS
2018-08-02,320.637451171875,330.73797052530625,317.37090654901516,329.5774787582995,6186750,BHARTIARTL.NS
2018-08-03,321.9269104003906,323.9900005393513,318.40247202323866,322.18480394466656,3647704,BHARTIARTL.NS
2018-08-06,331.5975646972656,333.27381420368215,322.09878838662075,322.22770602682215,4039536,BHARTIARTL.NS
2018-08-07,328.2880859375,332.50022096984713,326.01009424543855,331.5976226848887,2430919,BHARTIARTL.NS
2018-08-08,331.2108154296875,333.4458153854785,320.98134777414253,326.74078641047953,3321970,BHARTIARTL.NS
2018-08-09,315.52276611328125,332.07039178893467,313.3307292118636,332.07039178893467,12249927,BHARTIARTL.NS
2018-08-10,317.88665771484375,322.1847468556064,313.84646207266,316.51126453258075,4489796,BHARTIARTL.NS
2018-08-13,318.1875305175781,323.0014069045148,312.0412528317575,317.1130227306136,4235777,BHARTIARTL.NS
2018-08-14,315.47979736328125,320.3796295052459,312.90094906505664,318.1875924425609,3215464,BHARTIARTL.NS
2018-08-16,319.7778625488281,321.49710431570185,313.9324696490807,315.09293237255014,3012465,BHARTIARTL.NS
2018-08-17,319.2621154785156,322.3567216569763,314.74912387857364,319.82086543338346,3362891,BHARTIARTL.NS
2018-08-20,318.5313720703125,321.36811331835867,315.73762277588037,320.1216668473629,2837782,BHARTIARTL.NS
2018-08-21,316.5542907714844,318.4024500911619,312.1272544019315,312.9009058738455,3451323,BHARTIARTL.NS
2018-08-23,317.97259521484375,323.860978763831,316.42529252277683,320.0356848760108,4746745,BHARTIARTL.NS
2018-08-24,317.156005859375,318.7463007718764,313.7605144632366,318.0586041011935,2318341,BHARTIARTL.NS
2018-08-27,325.92413330078125,329.92133756887426,315.8236136266222,318.05861331729216,6589318,BHARTIARTL.NS
2018-08-28,323.904052734375,331.5546424473353,322.70056890680036,328.6749087609505,4072000,BHARTIARTL.NS
2018-08-29,322.2707214355469,328.7608474973972,320.42253309497556,324.9355240590496,4481303,BHARTIARTL.NS
2018-08-30,329.3196105957031,330.95286833476126,322.9154390789889,324.3338243575718,7796683,BHARTIARTL.NS
2018-08-31,329.9643249511719,331.8125134200058,323.2163340142272,326.5258415458116,8709625,BHARTIARTL.NS
2018-09-03,329.9212951660156,332.88698312465425,327.0415911133691,332.6720815749116,4176986,BHARTIARTL.NS
2018-09-04,325.2364501953125,329.62049495035365,322.95845845096915,328.6319418316689,3202349,BHARTIARTL.NS
2018-09-05,319.82080078125,324.8065865138036,314.8350150486964,322.3566564922167,6639329,BHARTIARTL.NS
2018-09-06,320.0357666015625,322.0988567895681,316.4253733263647,321.45412291355126,2611929,BHARTIARTL.NS
2018-09-07,334.9071044921875,336.36845259761014,317.0270497942412,321.41112321813,5463110,BHARTIARTL.NS
2018-09-10,333.8755798339844,341.6981078788181,328.5459741296585,334.649260443602,5613805,BHARTIARTL.NS
2018-09-11,325.53729248046875,337.3140619039457,324.46278459536006,333.96156237325965,5815679,BHARTIARTL.NS
2018-09-12,323.8180236816406,328.5029533488172,319.60591819504975,327.42841644593005,4065958,BHARTIARTL.NS
2018-09-14,329.74945068359375,333.7036923734008,320.63748345863104,324.93557351744846,3596796,BHARTIARTL.NS
2018-09-17,328.4169921875,336.1105726400716,324.16186572082336,326.78370544117575,3424364,BHARTIARTL.NS
2018-09-18,321.23919677734375,330.7809663370397,320.2506437198214,326.8267249993284,2955053,BHARTIARTL.NS
2018-09-19,318.1015930175781,326.99862858650647,309.72031539292067,321.92688751942,2182182,BHARTIARTL.NS
2018-09-21,318.4884338378906,326.52586387846907,307.0985040785091,313.67458584876636,6106651,BHARTIARTL.NS
2018-09-24,306.19586181640625,320.5514780169925,301.29605971638927,318.40243332699316,7884016,BHARTIARTL.NS
2018-09-25,309.8922119140625,312.60003560686516,295.7085343081411,308.7747121589986,6854558,BHARTIARTL.NS
2018-09-26,310.5799255371094,313.76051537131735,307.01252451678636,312.0412736896344,4398347,BHARTIARTL.NS
2018-09-27,306.711669921875,312.4281158006466,304.8634814648629,310.75186606661384,4483893,BHARTIARTL.NS
2018-09-28,291.02362060546875,308.60281950483244,288.1009242997468,306.71166820835737,12408231,BHARTIARTL.NS
2018-10-01,280.8800964355469,292.27002358006087,276.5390154744382,291.41041742108524,10867591,BHARTIARTL.NS
2018-10-03,273.7453308105469,281.3529577178392,271.94013416552406,280.2354578049798,7389608,BHARTIARTL.NS
2018-10-04,266.6104736328125,272.88569843876775,259.73353607428544,271.0805019658091,8969681,BHARTIARTL.NS
2018-10-05,256.6819152832031,271.55332060341937,250.92247703173618,265.19214043959425,7954131,BHARTIARTL.NS
2018-10-08,253.75918579101562,256.8538206571086,250.14879300105062,256.8538206571086,10015308,BHARTIARTL.NS
2018-10-09,248.42959594726562,255.22057962352062,246.71035404676584,254.66182964431138,9499251,BHARTIARTL.NS
2018-10-10,253.67323303222656,261.1519121881606,244.30340266336384,248.42955341044646,11334821,BHARTIARTL.NS
2018-10-11,245.29196166992188,253.4153457114456,242.62714439216552,248.3865675290045,5194191,BHARTIARTL.NS
2018-10-12,249.33216857910156,251.52420541450547,244.69023048054578,247.56996400518923,9995231,BHARTIARTL.NS
2018-10-15,250.23475646972656,251.86804331585475,244.17446239315782,249.33215824097712,2892892,BHARTIARTL.NS
2018-10-16,252.72764587402344,254.36093269614986,248.60149507792758,251.35225257278452,3341220,BHARTIARTL.NS
2018-10-17,247.99974060058594,256.4669724340107,244.69020427649403,254.87667764890287,4302545,BHARTIARTL.NS
2018-10-19,246.96823120117188,252.03997263998102,244.64724751278763,246.71033765632396,4139025,BHARTIARTL.NS
2018-10-22,245.6358184814453,249.28917436388178,237.98521471363202,248.81640836347916,7247010,BHARTIARTL.NS
2018-10-23,245.7647705078125,249.8049667762708,243.27186270162832,243.31485466059513,7364748,BHARTIARTL.NS
2018-10-24,271.51031494140625,282.5993877077623,246.4094730235128,249.2891774501153,13531404,BHARTIARTL.NS
2018-10-25,254.06007385253906,266.82539696797664,251.13737733482844,263.9027004502661,16981629,BHARTIARTL.NS
2018-10-26,256.1231689453125,263.04309915838274,246.71034534138778,255.3924802480235,8719999,BHARTIARTL.NS
2018-10-29,252.81362915039062,260.9370140046174,249.28919069594784,257.11171914700395,6271130,BHARTIARTL.NS
2018-10-30,251.5242156982422,255.47845726923023,248.7304368686225,253.11451071867614,5334354,BHARTIARTL.NS
2018-10-31,251.3092803955078,253.58724272005082,239.7474136322309,251.78204635609086,8163543,BHARTIARTL.NS
2018-11-01,252.2978515625,256.16613808053194,247.01120884525469,251.86804841774577,5268238,BHARTIARTL.NS
2018-11-02,259.6475830078125,264.59037736306055,252.29785030328304,252.64169863889467,4910534,BHARTIARTL.NS
2018-11-05,262.8113708496094,264.7183054407481,258.3040655704542,260.7310625589762,4841471,BHARTIARTL.NS
2018-11-06,264.4149475097656,266.92864611224405,262.5513342646537,263.5048162692321,2943744,BHARTIARTL.NS
2018-11-07,265.455078125,267.83875357427416,263.4614421152979,267.83875357427416,307017,BHARTIARTL.NS
2018-11-09,259.8208923339844,262.98470505734343,250.24284070354173,251.19632253120415,9425801,BHARTIARTL.NS
2018-11-12,256.7438049316406,264.3715722086602,254.83687045002284,260.90442127395045,6792319,BHARTIARTL.NS
2018-11-13,257.9139709472656,263.5047805747158,251.62972529233733,256.570449650482,4317488,BHARTIARTL.NS
2018-11-14,261.16448974609375,270.26580209475446,258.30407310072167,260.0376340429039,5418605,BHARTIARTL.NS
2018-11-15,263.8515319824219,265.84513880082886,258.3040724110385,261.16448904877313,4493893,BHARTIARTL.NS
2018-11-16,288.4250793457031,291.93561073532186,261.77122734647253,262.55133564953735,25046229,BHARTIARTL.NS
2018-11-19,291.9789123535156,293.7558533099891,276.50668223181736,285.5213218959908,13062401,BHARTIARTL.NS
2018-11-20,287.7316589355469,294.2326002870753,284.5678457583961,288.7284623116383,11910774,BHARTIARTL.NS
2018-11-21,288.3817443847656,294.23260040872515,286.17141317112316,286.90820002585394,9406787,BHARTIARTL.NS
2018-11-22,284.1778259277344,294.53598791347054,278.58701539227235,287.6883280428961,9903933,BHARTIARTL.NS
2018-11-26,289.9853210449219,293.75586891317016,284.3511599490925,284.3511599490925,6623860,BHARTIARTL.NS
2018-11-27,284.43780517578125,291.15544122054376,280.9273035208683,289.42188044812616,7734474,BHARTIARTL.NS
2018-11-28,272.2593688964844,288.4683843873581,269.5723263506551,287.7749483721996,10180878,BHARTIARTL.NS
2018-11-29,274.94647216796875,279.10705938315243,270.43913755509055,278.24027894056627,9217365,BHARTIARTL.NS
2018-11-30,271.73931884765625,281.10067612504315,269.31229268485833,276.50666965452695,6595578,BHARTIARTL.NS
2018-12-03,277.1567687988281,278.2402736821338,272.606112860153,274.33970306311244,3368628,BHARTIARTL.NS
2018-12-04,276.1166076660156,280.4072469782128,268.9222305193226,278.2402666171739,7156660,BHARTIARTL.NS
2018-12-05,271.1325988769531,278.11028188088153,268.87894603609755,277.11347840904966,5027352,BHARTIARTL.NS
2018-12-06,263.5047607421875,269.5723108506768,261.7711708039699,269.5723108506768,6566491,BHARTIARTL.NS
2018-12-07,263.4614562988281,266.7986138476883,259.127495366728,264.37158750755816,5298884,BHARTIARTL.NS
2018-12-10,255.6603546142578,261.46786015108245,252.1065018095186,258.694115649715,5748768,BHARTIARTL.NS
2018-12-11,251.58642578125,255.1835998051398,244.43536979431647,249.63614045304539,9994368,BHARTIARTL.NS
2018-12-12,264.84832763671875,269.5723573646623,252.66990391402112,254.83688437306358,10299827,BHARTIARTL.NS
2018-12-13,262.7247009277344,271.17592774916113,261.38117948497074,267.4053799465161,7666679,BHARTIARTL.NS
2018-12-14,276.7233581542969,288.98848225292824,264.54493557232405,264.54493557232405,22730782,BHARTIARTL.NS
2018-12-17,273.2128601074219,280.14719114583227,271.13255199073444,276.7233617102396,6809035,BHARTIARTL.NS
2018-12-18,275.4665222167969,277.980220608291,270.09240740220434,272.34605993235806,6272518,BHARTIARTL.NS
2018-12-19,279.71380615234375,280.84063239883324,275.6832127702481,276.940061945263,5789644,BHARTIARTL.NS
2018-12-20,274.383056640625,278.71701751722816,272.1727254403485,274.7730960962004,5987582,BHARTIARTL.NS
2018-12-21,266.88525390625,281.4907022508968,264.891647379673,277.3734369258026,12363968,BHARTIARTL.NS
2018-12-24,267.9254150390625,270.6991591676313,263.72147743829254,268.53217890482375,5225655,BHARTIARTL.NS
2018-12-26,277.7635498046875,279.97388111833203,262.29131866082946,267.14534217734627,8367166,BHARTIARTL.NS
2018-12-27,274.5130615234375,280.58061287051083,272.17273664201616,280.1472226351236,8764732,BHARTIARTL.NS
2018-12-28,274.383056640625,278.24027653770287,272.60611565789884,274.6864239228003,5184819,BHARTIARTL.NS
2018-12-31,270.8725280761719,278.1536070742642,269.65902958509815,276.5066890108677,4210832,BHARTIARTL.NS
2019-01-01,276.9400939941406,279.1070745690591,271.5659786462766,273.8629821647674,6117146,BHARTIARTL.NS
2019-01-02,271.0025329589844,278.2402607125116,267.9254214986209,274.68640829973793,6218991,BHARTIARTL.NS
2019-01-03,271.73931884765625,273.4729089639405,266.928617281423,270.87250911424013,6230813,BHARTIARTL.NS
2019-01-04,279.49713134765625,281.4474167160403,270.82920942174945,270.82920942174945,11361086,BHARTIARTL.NS
2019-01-07,281.6640930175781,284.2211127916253,279.193716062321,281.1873520603944,5511088,BHARTIARTL.NS
2019-01-08,285.3912658691406,287.5582460241484,280.19052523734035,280.6239153982327,7194973,BHARTIARTL.NS
2019-01-09,289.9419860839844,292.8890750576091,283.70109006039354,288.8151596735133,8018192,BHARTIARTL.NS
2019-01-10,292.36895751953125,293.53913447547467,288.1216692224178,291.71887225536136,5748158,BHARTIARTL.NS
2019-01-11,290.4620666503906,292.369001321308,285.17462352812953,292.238978378885,5922578,BHARTIARTL.NS
2019-01-14,287.4282531738281,290.201997454576,284.4378137899655,289.5952335555251,3674704,BHARTIARTL.NS
2019-01-15,292.759033203125,294.14590541892284,283.0076356304411,286.041396589586,5706902,BHARTIARTL.NS
2019-01-16,289.4652404785156,299.25998929193446,287.2549384585581,291.8922669744895,7705383,BHARTIARTL.NS
2019-01-17,287.81829833984375,291.89221290481146,286.21473122800813,288.6417572744033,4569576,BHARTIARTL.NS
2019-01-18,269.7023620605469,288.16503080084004,263.76483424330934,286.4747914402016,16359865,BHARTIARTL.NS
2019-01-21,269.875732421875,273.47293593677813,265.23840408516105,269.3123192473313,8621248,BHARTIARTL.NS
2019-01-22,264.2415771484375,270.5257936855994,261.3811607667712,270.4391215165909,8770625,BHARTIARTL.NS
2019-01-23,263.2447509765625,266.4518854639845,262.03125252884155,265.93182308654673,5617992,BHARTIARTL.NS
2019-01-24,261.4678649902344,266.7986296207274,255.27029051174577,265.8451475930978,10389592,BHARTIARTL.NS
2019-01-25,266.5385437011719,270.43911405496505,261.7711929801124,263.5047830651924,6040052,BHARTIARTL.NS
2019-01-28,264.5016174316406,268.1421423627284,255.44365586759642,266.971994599558,4546062,BHARTIARTL.NS
2019-01-29,266.8419494628906,268.4021659177047,261.51115609960374,264.3715725004618,3210022,BHARTIARTL.NS
2019-01-30,263.2447509765625,271.219236434269,260.12431801083756,267.8387576045507,6553462,BHARTIARTL.NS
2019-01-31,265.5851135253906,269.0956153991147,262.76801839352504,263.9381954682831,9493241,BHARTIARTL.NS
2019-02-01,270.3091125488281,278.1536046365876,264.37158438103654,264.4582859050713,9243929,BHARTIARTL.NS
2019-02-04,265.7151184082031,269.3556429707264,261.9445709183686,268.7055283341702,3895812,BHARTIARTL.NS
2019-02-05,267.1453552246094,270.13579498601814,253.84010398037478,256.05040605141824,14678663,BHARTIARTL.NS
2019-02-06,267.6220703125,269.13896542933657,260.90443386729504,266.10517519566343,5202682,BHARTIARTL.NS
2019-02-07,269.7023620605469,272.5194276616109,264.5449424597157,267.4920309886055,3852519,BHARTIARTL.NS
2019-02-08,271.5226745605469,272.3461043381365,265.3250997415667,267.83879854291706,3413931,BHARTIARTL.NS
2019-02-11,270.612548828125,273.42961500822594,269.57239454226755,273.0395461445716,3303611,BHARTIARTL.NS
2019-02-12,269.7890625,273.55961039986823,268.4021902585931,270.1791019738012,2226134,BHARTIARTL.NS
2019-02-14,260.7310485839844,268.61886175027513,257.0038517759541,267.8387535207384,8573394,BHARTIARTL.NS
2019-02-15,264.02484130859375,265.2816904319083,257.7406250425679,260.9044085545348,6727458,BHARTIARTL.NS
2019-02-18,262.2479248046875,266.2351671864724,260.0809446113143,266.01847210218966,4440252,BHARTIARTL.NS
2019-02-19,263.2447509765625,271.73932816225584,261.381167219407,263.41812466940775,7593977,BHARTIARTL.NS
2019-02-20,267.8387451171875,269.4423122861359,264.3282435191415,264.8483058723326,6216966,BHARTIARTL.NS
2019-02-21,268.6188659667969,269.5723479015022,262.6380165461015,265.151714964371,5805770,BHARTIARTL.NS
2019-02-22,272.0426940917969,274.33969739443654,267.0152972823702,268.0121006220189,6199607,BHARTIARTL.NS
2019-02-25,274.98980712890625,277.37348281401535,270.0924328157837,272.1727412011503,4154758,BHARTIARTL.NS
2019-02-26,273.4295654296875,277.8068769201529,271.65265385763547,273.6462605311305,5562215,BHARTIARTL.NS
2019-02-27,277.50347900390625,281.9241118837209,272.4760822325508,276.4633249115001,4527145,BHARTIARTL.NS
2019-02-28,275.6831970214844,283.3976653190915,273.8629348272096,281.6207245314849,7687680,BHARTIARTL.NS
2019-03-01,266.6685791015625,275.46652351319676,261.8578773968683,275.46652351319676,29577827,BHARTIARTL.NS
2019-03-05,266.8419494628906,268.01209712872696,263.1580740745563,266.97197239254984,11396759,BHARTIARTL.NS
2019-03-06,268.1855163574219,271.5226742835104,267.2320342783813,269.529037941122,7093395,BHARTIARTL.NS
2019-03-07,266.6685791015625,270.61250039844106,266.10516596637257,268.7055365403684,6466583,BHARTIARTL.NS
2019-03-08,267.5787353515625,270.43915205624467,266.6686040978251,268.48886660529996,4441514,BHARTIARTL.NS
2019-03-11,289.335205078125,292.1956217018954,267.57872778264175,267.8821244256732,17059011,BHARTIARTL.NS
2019-03-12,304.93743896484375,306.8443732890031,285.4779389152737,288.4683779955652,30070085,BHARTIARTL.NS
2019-03-13,292.759033203125,309.0547523881991,291.6755576286271,302.0770698965603,13993813,BHARTIARTL.NS
2019-03-14,296.7895812988281,299.86669254826177,289.9852735551716,292.1089029651442,6931287,BHARTIARTL.NS
2019-03-15,292.7156982421875,298.913242812675,287.0815374639224,298.1764853262271,11536718,BHARTIARTL.NS
2019-03-18,286.6048278808594,297.8731506714534,285.43468005652164,292.9757761938435,5844953,BHARTIARTL.NS
2019-03-19,291.89227294921875,294.23262731302185,287.77500678001536,287.77500678001536,5639437,BHARTIARTL.NS
2019-03-20,289.5085754394531,294.62264469244803,288.07835246880217,292.2389690919136,3309504,BHARTIARTL.NS
2019-03-22,287.38494873046875,301.12358931224753,285.43466333674354,291.2421687545172,9113700,BHARTIARTL.NS
2019-03-25,283.4410095214844,290.2886686793449,280.1472028741089,288.5550785095291,5253505,BHARTIARTL.NS
2019-03-26,284.13446044921875,287.25492291808257,282.7909390038032,284.7845457904423,4247229,BHARTIARTL.NS
2019-03-27,279.5404357910156,288.6417767411798,277.7201734710925,286.90818659112244,5951916,BHARTIARTL.NS
2019-03-28,285.9980773925781,288.64179890560496,275.4231913404707,279.6271587836327,13616927,BHARTIARTL.NS
2019-04-01,295.4027099609375,298.9999128947344,288.8150972840529,289.4218611242159,7080411,BHARTIARTL.NS
2019-04-02,308.968017578125,311.1783486027631,297.3096866398916,297.3096866398916,22251488,BHARTIARTL.NS
2019-04-03,303.37725830078125,314.64555168629175,301.2102776747003,308.57802941370693,12250809,BHARTIARTL.NS
2019-04-04,309.271484375,311.6118095052637,305.11086723157024,305.11086723157024,12168154,BHARTIARTL.NS
2019-04-05,309.1414489746094,311.82849209198025,306.45437650668566,310.83168861462195,3728070,BHARTIARTL.NS
2019-04-08,307.6678771972656,315.3389663720737,305.5875688936854,310.6582873642932,5656181,BHARTIARTL.NS
2019-04-09,304.7640686035156,312.91192701441406,296.00947569910994,310.7882682354996,10073980,BHARTIARTL.NS
2019-04-10,294.7093200683594,307.1911407226967,292.9757591404534,304.0706782214747,4759411,BHARTIARTL.NS
2019-04-11,300.2134094238281,304.4606975784019,292.2389247889998,296.1828163500387,18189273,BHARTIARTL.NS
2019-04-12,296.3995056152344,303.6805834590201,293.84248610182254,300.7768166025017,8349759,BHARTIARTL.NS
2019-04-15,301.3836364746094,302.51046282234984,290.2020158232762,298.95661007533334,10210051,BHARTIARTL.NS
2019-04-16,302.2937316894531,304.3306890254148,295.35940072538966,301.6436464164136,9519380,BHARTIARTL.NS
2019-04-18,300.7335205078125,303.7672811851411,288.3383732434592,302.9438222146862,16138821,BHARTIARTL.NS
2019-04-22,302.8571472167969,310.7882815330204,291.76219997529,298.17646864229766,15339393,BHARTIARTL.NS
2019-04-23,298.78692626953125,307.18881389424865,296.6156314930995,306.8112191052736,11627154,BHARTIARTL.NS
2019-04-24,306.33917236328125,308.0384516300871,297.93728479046393,298.7869244238668,7161510,BHARTIARTL.NS
2019-04-25,310.1153259277344,314.26907403790193,303.0350641284111,304.734343396555,11517967,BHARTIARTL.NS
2019-04-26,307.2359924316406,316.91236832498305,304.2622832128281,311.5313567144911,5000316,BHARTIARTL.NS
2019-04-30,302.374267578125,308.5104990136818,296.4740439150685,305.8671884812389,6139942,BHARTIARTL.NS
2019-05-02,306.05596923828125,310.9649656244108,303.6015003957634,304.82873481702234,7925814,BHARTIARTL.NS
2019-05-03,312.9002685546875,315.16595500672395,306.29202129467313,306.29202129467313,9901409,BHARTIARTL.NS
2019-05-06,314.788330078125,317.57322777499405,308.2273078703965,312.9002678226953,14870120,BHARTIARTL.NS
2019-05-07,306.7640075683594,321.77417154222155,303.4598989291197,320.9717275480771,17735230,BHARTIARTL.NS
2019-05-08,306.33917236328125,309.1240990115967,302.1854242563845,306.6696008209588,4864438,BHARTIARTL.NS
2019-05-09,297.7956848144531,307.94404789291735,295.10517872742076,303.27108835274413,7998137,BHARTIARTL.NS
2019-05-10,305.96160888671875,310.02096604999923,297.55969110355795,301.0526120030889,7855974,BHARTIARTL.NS
2019-05-13,300.8166198730469,309.0297259953659,297.0404953205608,303.5071262270241,6620278,BHARTIARTL.NS
2019-05-14,317.7619934082031,320.6885070865416,297.5596597877221,298.3148787093574,10954653,BHARTIARTL.NS
2019-05-15,312.71142578125,319.08366463365974,310.30415250621206,317.19560255903417,7782551,BHARTIARTL.NS
2019-05-16,307.0,314.6466980013234,303.0822596402923,313.41943423044347,4591691,BHARTIARTL.NS
2019-05-17,310.068115234375,312.1921848661583,304.1206967849453,305.58393888339805,4117918,BHARTIARTL.NS
2019-05-20,321.066162109375,322.81260786807474,312.47543231597206,313.46668843093374,7858379,BHARTIARTL.NS
2019-05-21,312.14501953125,321.06614807258137,310.16253673854914,320.9717273583299,4316609,BHARTIARTL.NS
2019-05-22,316.3931884765625,319.0364991113569,310.2569861539562,312.4754475611395,6791987,BHARTIARTL.NS
2019-05-23,319.8388977050781,329.4680499311765,315.4963371315112,318.6588588563724,5449864,BHARTIARTL.NS
2019-05-24,333.4329833984375,336.0762642934896,320.97170979147353,321.0189348212889,9756740,BHARTIARTL.NS
2019-05-27,329.9400634765625,332.205749792604,326.96635385557676,330.1288755613242,4004333,BHARTIARTL.NS
2019-05-28,326.25830078125,332.01693676356354,322.576568191259,329.23201013090016,8643505,BHARTIARTL.NS
2019-05-29,319.8388977050781,325.8335420173827,318.94206230995184,324.5590824504507,4581547,BHARTIARTL.NS
2019-05-30,327.2967834472656,329.987289625473,320.54692015989093,320.9717400144026,14152211,BHARTIARTL.NS
2019-05-31,329.27923583984375,332.6777356602705,325.17268342706905,329.4680185572199,11028688,BHARTIARTL.NS
2019-06-03,333.0081787109375,335.8402718022593,329.326445952,331.8281399228868,5214139,BHARTIARTL.NS
2019-06-04,332.6777648925781,336.0290986786885,330.17607081150544,331.35613900207983,6749428,BHARTIARTL.NS
2019-06-06,333.9993896484375,336.02906800824496,328.9960019429673,333.05535866258225,10510811,BHARTIARTL.NS
2019-06-07,337.11474609375,341.69331440258895,332.11135793246524,333.9994200761804,5879853,BHARTIARTL.NS
2019-06-10,343.1093444824219,344.24218758419056,333.8578169434342,334.94343501344537,5992522,BHARTIARTL.NS
2019-06-11,342.9205322265625,346.41345289244936,338.20037709713375,342.68452447009105,5668149,BHARTIARTL.NS
2019-06-12,339.7580261230469,342.11813314558674,337.11474500052736,342.11813314558674,2868026,BHARTIARTL.NS
2019-06-13,343.3925476074219,344.5253907081586,337.0675338663106,337.0675338663106,3839377,BHARTIARTL.NS
2019-06-14,333.52740478515625,342.6373457260405,331.9697417752277,342.2597215568004,5170880,BHARTIARTL.NS
2019-06-17,324.74786376953125,335.6986702089134,322.9541931492122,335.6986702089134,7087101,BHARTIARTL.NS
2019-06-18,325.8335266113281,327.9104007569614,322.1045688050709,326.06953436991034,4977568,BHARTIARTL.NS
2019-06-19,322.01019287109375,328.524019060295,315.59075804962885,327.10797244095124,4008250,BHARTIARTL.NS
2019-06-20,329.04327392578125,330.4121249207099,320.2165359876218,320.26373167353984,3563847,BHARTIARTL.NS
2019-06-21,324.55908203125,330.31768921582596,323.52063023540046,328.05200288901744,9764198,BHARTIARTL.NS
2019-06-24,325.78631591796875,329.0432583504089,324.27587793678305,325.8335409522023,3310679,BHARTIARTL.NS
2019-06-25,329.0904846191406,332.3002023156523,325.2671349260583,326.11677471353266,2848907,BHARTIARTL.NS
2019-06-26,326.2110900878906,332.3001248952254,323.3789972568766,330.4120630078827,4732848,BHARTIARTL.NS
2019-06-27,329.1376647949219,331.2145391271019,321.8213942711704,327.8160094879298,13137225,BHARTIARTL.NS
2019-06-28,327.2495422363281,330.4120635127871,323.3318020738871,328.9015963902775,8737050,BHARTIARTL.NS
2019-07-01,328.99603271484375,330.27049227528,325.83354035665104,327.57998610361426,3469130,BHARTIARTL.NS
2019-07-02,333.8105773925781,334.6602170195866,327.9103837343161,329.4680172497692,3816212,BHARTIARTL.NS
2019-07-03,333.4329833984375,336.5482797872684,330.17604127070746,333.1497506217328,8473243,BHARTIARTL.NS
2019-07-04,342.4485168457031,344.5725866547653,333.2441849892189,333.5745841081872,8565250,BHARTIARTL.NS
2019-07-05,344.3838195800781,350.37846434096247,340.32449150688046,342.4485615934951,6878479,BHARTIARTL.NS
2019-07-08,336.4539489746094,344.00622758467216,334.6130823474932,341.7405410665981,3543845,BHARTIARTL.NS
2019-07-09,342.0237121582031,342.92054754296095,334.28262217952994,336.0762929490456,3931858,BHARTIARTL.NS
2019-07-10,338.4836120605469,344.4782272435779,333.85784786265214,342.5901650159557,5299464,BHARTIARTL.NS
2019-07-11,340.5604553222656,342.11811825821695,336.3594820282699,338.2003777529746,3513505,BHARTIARTL.NS
2019-07-12,336.17071533203125,340.6076672439652,334.32984887010076,340.6076672439652,4750306,BHARTIARTL.NS
2019-07-15,330.978515625,339.28601255909285,329.60966469718585,337.586762495501,3524295,BHARTIARTL.NS
2019-07-16,331.1201171875,335.0850533918956,330.08166544200094,331.3561249454932,3651688,BHARTIARTL.NS
2019-07-17,326.8719787597656,333.62184236033715,325.5031277652904,330.931336057289,4765414,BHARTIARTL.NS
2019-07-18,323.3318176269531,331.5448931146228,319.65008502369005,328.5239880748361,3711155,BHARTIARTL.NS
2019-07-19,320.924560546875,326.6359723284221,317.29002310856765,324.2758945180476,2517348,BHARTIARTL.NS
2019-07-22,323.37908935546875,324.275924877485,316.818037207706,320.0277550705367,3120156,BHARTIARTL.NS
2019-07-23,324.3702697753906,328.99603379413514,318.51727122633116,323.7566378349583,3682410,BHARTIARTL.NS
2019-07-24,319.9333190917969,325.4559185256088,316.95960944662505,324.747895214906,4840787,BHARTIARTL.NS
2019-07-25,320.0277099609375,324.22868348522053,315.8267657872042,316.2515856430738,7600173,BHARTIARTL.NS
2019-07-26,316.1571960449219,319.9333500850313,309.83218131980357,319.08371028965996,5089100,BHARTIARTL.NS
2019-07-29,315.8267517089844,317.6204224202353,309.73771629719295,315.9683681048115,5072884,BHARTIARTL.NS
2019-07-30,326.39990234375,328.80720473200137,316.3931273739208,318.1396022310943,12960949,BHARTIARTL.NS
2019-07-31,318.7060852050781,333.95225903861285,314.08032073285574,323.99270671682086,11065547,BHARTIARTL.NS
2019-08-01,305.77276611328125,319.791673339443,303.1766808789689,316.2515571108353,9957404,BHARTIARTL.NS
2019-08-02,324.32305908203125,335.0850539553869,308.8881047224421,313.4194478134222,28586783,BHARTIARTL.NS
2019-08-05,337.68115234375,341.4100809404876,320.07490244632845,321.0661585503019,15513355,BHARTIARTL.NS
2019-08-06,347.82952880859375,354.39055030911425,334.28260727466596,334.28260727466596,17339262,BHARTIARTL.NS
2019-08-07,345.61102294921875,352.07765280037677,342.2124937962647,347.40469355915667,12759435,BHARTIARTL.NS
2019-08-08,351.3224792480469,357.5531021577237,344.95023993225567,345.5166468556124,16351434,BHARTIARTL.NS
2019-08-09,350.3784484863281,352.8329176240195,343.770201387554,351.1808631869636,7844936,BHARTIARTL.NS
2019-08-13,331.9697570800781,344.5726194405417,326.7775859416734,340.9853070695723,14292351,BHARTIARTL.NS
2019-08-14,340.98529052734375,343.4869846037943,327.86318820919195,335.1322626709747,7813907,BHARTIARTL.NS
2019-08-16,341.3157043457031,344.57261754838237,335.1322770889357,339.85246199393436,5827109,BHARTIARTL.NS
2019-08-19,340.79644775390625,345.7526104265436,339.6636047014798,343.109329537913,4606667,BHARTIARTL.NS
2019-08-20,338.0115661621094,342.0708937170024,337.3979342529944,340.3244480534414,5364922,BHARTIARTL.NS
2019-08-21,335.03790283203125,340.04129145576314,333.3858483035864,337.9643876850556,4122882,BHARTIARTL.NS
2019-08-22,333.0081787109375,337.20912266650777,331.35612440766647,335.1322485294288,3171984,BHARTIARTL.NS
2019-08-23,336.4539489746094,338.86122255596797,330.88415340549943,334.1882624565353,4676421,BHARTIARTL.NS
2019-08-26,340.466064453125,342.3541560246088,327.48560733365866,337.91717458475506,5024254,BHARTIARTL.NS
2019-08-27,328.8072509765625,347.59351049988845,325.4559171727271,342.21252749080503,32805677,BHARTIARTL.NS
2019-08-28,326.4471435546875,329.9400644056921,321.4437553718852,329.9400644056921,5628194,BHARTIARTL.NS
2019-08-29,324.2759094238281,330.17610422097476,322.05741856976954,323.1902618409322,6040518,BHARTIARTL.NS
2019-08-30,327.3912353515625,330.0345463348236,319.79176030051934,325.6919849698625,4855098,BHARTIARTL.NS
2019-09-03,317.9980163574219,326.5887457350691,316.72358620064784,326.16392589929495,4305439,BHARTIARTL.NS
2019-09-04,326.3527526855469,327.9104157034086,316.34597630466527,317.19561601450795,5241168,BHARTIARTL.NS
2019-09-05,328.2408447265625,329.7985078862493,321.8686050236498,325.6919547155079,3325608,BHARTIARTL.NS
2019-09-06,329.70404052734375,334.18821726940405,325.7863000134875,330.60087587575583,6392799,BHARTIARTL.NS
2019-09-09,336.5010986328125,337.3979339798128,329.98727279728166,331.30889862658125,3782198,BHARTIARTL.NS
2019-09-11,335.2266540527344,341.69328392855994,331.54489211007973,341.5044718609178,4900745,BHARTIARTL.NS
2019-09-12,328.09918212890625,338.3419657699674,327.3439631746705,338.3419657699674,5639186,BHARTIARTL.NS
2019-09-13,323.8510437011719,330.1288618172024,321.82136523794594,328.1464083861129,5012583,BHARTIARTL.NS
2019-09-16,324.74786376953125,326.06951889508707,319.46127261785483,323.80383278000477,5104088,BHARTIARTL.NS
2019-09-17,320.83013916015625,329.2792521515209,313.93868911813564,329.2792521515209,8486044,BHARTIARTL.NS
2019-09-18,316.8179626464844,324.88945109450015,315.87393165612434,322.48217793919144,7631530,BHARTIARTL.NS
2019-09-19,318.7060852050781,323.37907471623237,315.96841242300064,319.4613336213571,11891538,BHARTIARTL.NS
2019-09-20,336.4539489746094,344.66705526498976,316.2988074518548,320.6885640741662,15819981,BHARTIARTL.NS
2019-09-23,328.5240173339844,341.9765188481602,325.6919241101787,336.0762952813489,5854791,BHARTIARTL.NS
2019-09-24,329.1376647949219,332.30018665431334,326.06956365777324,328.5240328272718,4811334,BHARTIARTL.NS
2019-09-25,322.52935791015625,331.3088691733455,319.08363322294366,329.5152279893469,4697149,BHARTIARTL.NS
2019-09-26,324.79510498046875,327.6271983460667,321.39657533142065,321.9630116148708,4958745,BHARTIARTL.NS
2019-09-27,329.56243896484375,335.03784217686575,320.2636867701572,324.7478633146741,3416220,BHARTIARTL.NS
2019-09-30,346.50787353515625,353.9185346971866,324.983883967788,333.24418479316256,19984719,BHARTIARTL.NS
2019-10-01,331.3089294433594,349.90643635259346,327.43841360750696,349.2928043868982,7344343,BHARTIARTL.NS
2019-10-03,325.5975646972656,335.6987334074995,322.1990348848355,331.3089473890154,5037665,BHARTIARTL.NS
2019-10-04,320.4997253417969,329.18484648923777,315.54356217705754,328.8072516679684,4794009,BHARTIARTL.NS
2019-10-07,322.43499755859375,327.3439648114947,318.23402423150867,319.08366390336494,3566103,BHARTIARTL.NS
2019-10-09,339.2860107421875,340.6548616626713,320.0277064887114,323.898251482857,8848384,BHARTIARTL.NS
2019-10-10,356.13702392578125,363.45329369891687,341.7404921350773,342.5901317953389,48555442,BHARTIARTL.NS
2019-10-11,361.4708251953125,363.7837071611835,351.7472818020815,353.9657430516736,11113337,BHARTIARTL.NS
2019-10-14,371.5247802734375,374.78169315156106,358.9691149188033,362.9340510595386,10930620,BHARTIARTL.NS
2019-10-15,362.1788330078125,370.01431394711017,360.1963502572905,368.17344758967823,8746356,BHARTIARTL.NS
2019-10-16,363.6893310546875,365.15257338818685,356.23144428100454,359.77159025319054,9079900,BHARTIARTL.NS
2019-10-17,364.2557373046875,365.8134003555655,357.8363023621422,363.45332261214446,4877679,BHARTIARTL.NS
2019-10-18,362.0372619628906,364.77493442903875,359.20513942977857,363.4060835206901,4053714,BHARTIARTL.NS
2019-10-22,353.163330078125,374.3096963531168,346.64947464573345,360.4323751410602,11570680,BHARTIARTL.NS
2019-10-23,340.182861328125,356.8450808857387,335.1322772717797,352.5969115338671,13588127,BHARTIARTL.NS
2019-10-24,351.51129150390625,355.28741592952036,307.2832698058181,334.1410487047601,74062675,BHARTIARTL.NS
2019-10-25,354.154541015625,357.2226711872224,342.3068988602784,349.1983488003048,28275934,BHARTIARTL.NS
2019-10-27,352.2193298339844,354.4850163260638,345.13906688387397,351.1808779623847,2033141,BHARTIARTL.NS
2019-10-29,339.7580261230469,345.1862341191744,333.3385913747932,342.6845400466447,36912144,BHARTIARTL.NS
2019-10-30,347.3575134277344,350.56723092864337,340.4660628728739,343.9117881503042,17185921,BHARTIARTL.NS
2019-10-31,353.304931640625,355.7122344331611,343.39257571085676,346.17747333417566,13034332,BHARTIARTL.NS
2019-11-01,352.172119140625,355.3346412209057,343.0150107754383,343.0150107754383,13938891,BHARTIARTL.NS
2019-11-04,356.8450622558594,360.3379830558111,353.0689086568325,357.0810700213892,7763797,BHARTIARTL.NS
2019-11-05,362.4620666503906,363.9253383324418,353.58816259072296,355.90104465047625,6766429,BHARTIARTL.NS
2019-11-06,350.66162109375,363.8308890967563,349.5287779950513,363.4532942975554,8335534,BHARTIARTL.NS
2019-11-07,350.9447937011719,354.484939080068,348.3959042906502,353.8241115513335,4906572,BHARTIARTL.NS
2019-11-08,348.4903259277344,354.815369002011,346.083052689377,349.2927699075521,6094415,BHARTIARTL.NS
2019-11-11,350.7088317871094,353.0217137645926,347.64073082834875,350.4728240210509,2826663,BHARTIARTL.NS
2019-11-13,347.97113037109375,352.50250296520187,345.65824839088214,351.27526845035976,6544841,BHARTIARTL.NS
2019-11-14,342.2125244140625,346.5550849396087,330.695310157394,337.8699638885162,21487581,BHARTIARTL.NS
2019-11-15,371.0528259277344,376.19780168756427,337.2563690722463,337.82280538603317,56210391,BHARTIARTL.NS
2019-11-18,386.2989196777344,397.01371903728676,370.15594179021906,373.83767461896986,43462375,BHARTIARTL.NS
2019-11-19,414.7616271972656,420.70901753782323,397.86339926848825,403.0083748763986,63965674,BHARTIARTL.NS
2019-11-20,412.8263244628906,427.6004817650247,408.86138793364864,423.21069601592933,56689066,BHARTIARTL.NS
2019-11-21,402.4419250488281,417.7352631816693,398.5713801582552,417.7352631816693,22595291,BHARTIARTL.NS
2019-11-22,397.1081237792969,405.887665655616,393.66239859655514,399.3266144279627,17090583,BHARTIARTL.NS
2019-11-25,426.13720703125,430.1493685678336,397.7689608661471,397.7689608661471,34112216,BHARTIARTL.NS
2019-11-26,408.1533508300781,421.98344720570054,405.8404688201805,420.0953850507718,23906748,BHARTIARTL.NS
2019-11-27,409.09735107421875,412.54307598748215,402.53630035968274,409.23893811483737,13586924,BHARTIARTL.NS
2019-11-28,412.212646484375,419.05690061341824,404.5187820621227,409.0973500415139,22352772,BHARTIARTL.NS
2019-11-29,417.68804931640625,424.48510775769455,410.79659951505033,414.99757269845855,20386454,BHARTIARTL.NS
2019-12-02,432.9342346191406,458.4231605821211,429.5829009688783,444.7818475731816,56782244,BHARTIARTL.NS
2019-12-03,433.40625,439.0232405191782,420.33137322574464,436.8991706939002,24319749,BHARTIARTL.NS
2019-12-04,435.5775451660156,438.7872626385432,429.2525309410643,435.05833393237003,16851755,BHARTIARTL.NS
2019-12-05,422.3138427734375,437.65440635368293,420.4257806344656,437.371202902947,17642464,BHARTIARTL.NS
2019-12-06,419.9537658691406,427.0812239372576,418.0657037267095,426.6092084016499,11629491,BHARTIARTL.NS
2019-12-09,420.8977966308594,426.32600463690676,416.98005594797587,422.54985100427183,8012971,BHARTIARTL.NS
2019-12-10,421.98345947265625,425.75958389228475,418.44334282925456,420.5202171301603,7274085,BHARTIARTL.NS
2019-12-11,417.9713439941406,423.9187343228195,415.94166529719035,419.6233984938043,6931352,BHARTIARTL.NS
2019-12-12,414.10076904296875,419.00973650338005,412.0710904913743,418.1129011119651,7527779,BHARTIARTL.NS
2019-12-13,403.8580017089844,416.0360441743299,402.15875157333994,415.3752165242041,13320154,BHARTIARTL.NS
2019-12-16,398.24090576171875,406.92602558535276,396.91928006289675,406.3124230878606,7093336,BHARTIARTL.NS
2019-12-17,415.3280029296875,416.79124522366,394.22883212326406,400.97866603973495,23423482,BHARTIARTL.NS
2019-12-18,413.77032470703125,422.07782132976496,409.8525841553887,421.9834299660946,17986000,BHARTIARTL.NS
2019-12-19,424.2962951660156,431.23494063888535,406.17083536205047,411.599042972409,14236801,BHARTIARTL.NS
2019-12-20,428.40289306640625,434.63351594876127,420.7562235313183,424.7211600290805,21689127,BHARTIARTL.NS
2019-12-23,429.3468933105469,433.4534459186596,421.464216566541,423.9186855146522,10630886,BHARTIARTL.NS
2019-12-24,431.5654296875,434.2559360304129,427.0812524493119,429.06373544154525,6974012,BHARTIARTL.NS
2019-12-26,422.5027160644531,430.95183058101566,421.03947356488317,429.81898726341024,5997570,BHARTIARTL.NS
2019-12-27,429.630126953125,431.4709934688933,423.87151963073563,423.87151963073563,5997611,BHARTIARTL.NS
2019-12-30,434.7279357910156,438.6928722807677,429.6301267607055,434.2559202410582,12141748,BHARTIARTL.NS
2019-12-31,430.2909240722656,436.6159672165426,429.0636895989865,434.25588963310264,5212590,BHARTIARTL.NS
2020-01-01,427.9308776855469,434.7279368420263,424.57954379230694,430.5269632165888,5154996,BHARTIARTL.NS
2020-01-02,429.7245178222656,433.6894540383654,428.1196591930647,428.6860660737011,4933053,BHARTIARTL.NS
2020-01-03,429.630126953125,433.5006720748392,426.2316267321299,430.19656322365773,5154587,BHARTIARTL.NS
2020-01-06,424.4851379394531,431.8486037657992,419.7649532389636,428.4972699869022,7538915,BHARTIARTL.NS
2020-01-07,420.1897888183594,429.8189413133177,418.30172660771274,426.70364453586086,4353883,BHARTIARTL.NS
2020-01-08,433.1702575683594,434.9639283356116,415.7056241303646,417.8296940307979,14118818,BHARTIARTL.NS
2020-01-09,434.35028076171875,448.36918856066046,429.8189083235219,442.1857618149476,18180867,BHARTIARTL.NS
2020-01-10,431.42376708984375,439.87288005740345,428.7804860670679,438.7872326290348,37724966,BHARTIARTL.NS
2020-01-13,442.65777587890625,443.9794310608017,428.8276802020275,433.3118275934288,15206224,BHARTIARTL.NS
2020-01-14,443.0826110839844,446.1979370707375,440.4865256620562,442.6577912357409,8238486,BHARTIARTL.NS
2020-01-15,441.6665344238281,445.58427480680353,438.9760284684743,443.2241973111671,10875259,BHARTIARTL.NS
2020-01-16,447.37799072265625,450.25727968863504,441.8081955290186,442.941009361138,16290593,BHARTIARTL.NS
2020-01-17,472.0644836425781,475.60460009453107,448.5108149271613,448.5108149271613,61915666,BHARTIARTL.NS
2020-01-20,480.2303466796875,484.00650010947027,466.5890632227937,471.0732105668853,45298836,BHARTIARTL.NS
2020-01-21,483.10968017578125,486.1777810879943,476.17100499805235,481.4576258384358,65202963,BHARTIARTL.NS
2020-01-22,485.70574951171875,494.43809513591793,478.34228408531203,485.9417572663972,20285793,BHARTIARTL.NS
2020-01-23,494.3436584472656,496.56214901159154,483.67608416675705,486.17777817424945,15772863,BHARTIARTL.NS
2020-01-24,494.91009521484375,497.8365795413951,485.375335262234,491.3699496544944,23824625,BHARTIARTL.NS
2020-01-27,485.61138916015625,494.7684964965437,483.2512821121124,491.98359894339063,11856786,BHARTIARTL.NS
2020-01-28,463.7569580078125,485.6113767185568,458.8951863353155,485.5641516853771,31674769,BHARTIARTL.NS
2020-01-29,462.8129577636719,473.3389458163272,460.92489552835633,465.50346405932703,20037283,BHARTIARTL.NS
2020-01-30,462.38812255859375,465.314636536625,453.2309858002878,464.46499681868534,15337903,BHARTIARTL.NS
2020-01-31,468.66595458984375,471.4508520709117,459.7448259035733,465.59782431196805,18356252,BHARTIARTL.NS
2020-02-03,481.5048522949219,484.6201490886266,468.2883580503637,468.2883580503637,15212799,BHARTIARTL.NS
2020-02-04,489.8594970703125,493.3524177049291,475.2741826302946,485.2337333446651,14646591,BHARTIARTL.NS
2020-02-05,503.5007629394531,507.4185326159881,486.93296633009413,489.0098403661536,30647706,BHARTIARTL.NS
2020-02-06,516.1980590820312,521.862245151891,504.20883001350444,505.10566534467506,17180298,BHARTIARTL.NS
2020-02-07,509.2593994140625,518.274948156235,508.12652701084875,518.1804980968138,8967847,BHARTIARTL.NS
2020-02-10,508.5513610839844,513.2243791642671,506.0968921931724,509.9674076018868,8570467,BHARTIARTL.NS
2020-02-11,504.3976745605469,514.1684730401072,502.9344321832564,509.3066716434558,6622800,BHARTIARTL.NS
2020-02-12,509.4010314941406,511.9971462842708,505.0585003172434,506.0025313861819,5160923,BHARTIARTL.NS
2020-02-13,509.73138427734375,512.3746943582476,501.990295441034,509.4953471946141,5729055,BHARTIARTL.NS
2020-02-14,533.3795166015625,535.786789807469,504.3504162851024,514.404387634524,37517890,BHARTIARTL.NS
2020-02-17,533.2379150390625,536.8724523397985,525.3552378404491,533.3323064076842,23354434,BHARTIARTL.NS
2020-02-18,517.56689453125,537.0139797537968,507.22969068988664,531.821809344127,21865560,BHARTIARTL.NS
2020-02-19,512.9884033203125,522.6175560125918,508.5986174998328,518.3694159515838,22088140,BHARTIARTL.NS
2020-02-20,515.0652465820312,521.1070568112369,508.4569707836069,513.2715759153944,16010058,BHARTIARTL.NS
2020-02-24,500.243896484375,511.7139150989649,497.6005860025611,511.66671941547884,9834434,BHARTIARTL.NS
2020-02-25,505.29449462890625,507.84341381588035,501.2351374243367,503.1704540075284,9804202,BHARTIARTL.NS
2020-02-26,505.9552917480469,509.2122045230506,491.18113636134404,502.8871616899909,18965240,BHARTIARTL.NS
2020-02-27,501.8959655761719,505.86087248218246,497.5061801289777,504.77525439146,11381143,BHARTIARTL.NS
2020-02-28,494.2021179199219,498.8278822124062,484.76177723821985,495.5237732465035,16934165,BHARTIARTL.NS
2020-03-02,489.34027099609375,506.0024883882936,483.2040402188745,504.11442641085597,10096159,BHARTIARTL.NS
2020-03-03,491.6531982421875,503.5008117263651,485.37537984660054,494.67410355548157,10563605,BHARTIARTL.NS
2020-03-04,487.829833984375,502.9815851216897,479.003126083444,495.61811947368994,18066379,BHARTIARTL.NS
2020-03-05,497.4117736816406,500.99911502199217,487.73542641948444,493.5412582572163,14344961,BHARTIARTL.NS
2020-03-06,490.0955505371094,494.34369051179857,482.82647580420286,488.7738952492081,9503868,BHARTIARTL.NS
2020-03-09,468.4771728515625,483.3457216250324,463.5681758292307,481.45765939362053,15664232,BHARTIARTL.NS
2020-03-11,466.1642761230469,480.04156830921403,459.74484125720227,459.74484125720227,21401999,BHARTIARTL.NS
2020-03-12,438.9288635253906,454.552630471569,433.5006555547604,451.7205372784832,14471096,BHARTIARTL.NS
2020-03-13,464.32342529296875,480.56082509246534,396.49453705542567,428.40290037333426,24254296,BHARTIARTL.NS
2020-03-16,438.7872314453125,465.36180474931683,430.6213512901726,445.8202978441389,14936276,BHARTIARTL.NS
2020-03-17,429.2525329589844,454.08063312773845,419.4817640905884,438.9760767918313,12629709,BHARTIARTL.NS
2020-03-18,401.7339172363281,452.0037483664445,384.6468783711823,434.25591122551737,29342689,BHARTIARTL.NS
2020-03-19,419.8593444824219,426.3731701482924,341.50447766838573,393.14315554513325,24017236,BHARTIARTL.NS
2020-03-20,436.7575378417969,445.58427463290786,412.2126438451152,420.0953496383401,19758966,BHARTIARTL.NS
2020-03-23,384.5524597167969,420.7561840905409,377.1417693012762,393.09596386787604,14907385,BHARTIARTL.NS
2020-03-24,381.4371643066406,413.3455266335378,377.7554313208659,387.9037948739064,12947855,BHARTIARTL.NS
2020-03-25,405.085205078125,413.7231301993156,382.900416899986,383.79722290904465,14093189,BHARTIARTL.NS
2020-03-26,444.3570251464844,465.8337883216403,396.7304809438012,402.630703831178,22302573,BHARTIARTL.NS
2020-03-27,423.8243103027344,448.22761912288826,413.01511933116154,444.35707412576863,16378409,BHARTIARTL.NS
2020-03-30,406.92608642578125,424.1547416190052,404.04679751332657,419.0097370327794,10210726,BHARTIARTL.NS
2020-03-31,416.2248229980469,421.9834299453657,400.27062800015244,416.31921436171257,17059457,BHARTIARTL.NS
2020-04-01,397.7689208984375,415.37516963410394,389.31983750905425,415.37516963410394,9646905,BHARTIARTL.NS
2020-04-03,400.2234802246094,407.82295447744525,392.3408024963289,407.82295447744525,14419445,BHARTIARTL.NS
2020-04-07,443.88507080078125,458.5648071732706,408.90857781444015,408.90857781444015,15553539,BHARTIARTL.NS
2020-04-08,435.81353759765625,463.61537571957433,427.6476571494862,447.8027966880518,13639333,BHARTIARTL.NS
2020-04-09,461.3496398925781,464.74816897024124,444.6402272736438,444.6402272736438,11962829,BHARTIARTL.NS
2020-04-13,483.5345153808594,491.74759164614073,463.5209625651195,463.5209625651195,24416550,BHARTIARTL.NS
2020-04-15,481.92962646484375,505.95530986411353,476.78462218122104,504.0672478226584,26277115,BHARTIARTL.NS
2020-04-16,472.44207763671875,484.2897201730859,469.51556376450293,472.0172577931093,17401120,BHARTIARTL.NS
2020-04-17,474.3301696777344,483.8177351823401,470.318037452574,482.4016885146364,16430317,BHARTIARTL.NS
2020-04-20,462.8601379394531,479.28634927759407,459.65042050675083,479.28634927759407,11688508,BHARTIARTL.NS
2020-04-21,472.4892883300781,475.604614381821,452.33414841339965,456.9127167724629,15781695,BHARTIARTL.NS
2020-04-22,473.33892822265625,488.11308510617755,464.51221999030804,487.12182898904047,18447565,BHARTIARTL.NS
2020-04-23,468.24114990234375,478.9087246446483,463.5681608103361,473.7637493606302,12767355,BHARTIARTL.NS
2020-04-24,466.589111328125,471.0732591345321,457.33755354917776,467.20271394393444,12161869,BHARTIARTL.NS
2020-04-27,466.4002685546875,474.8965774005946,463.61537107221034,470.1763927748467,10074370,BHARTIARTL.NS
2020-04-28,458.4703674316406,469.6099867322664,457.0071251637895,469.6099867322664,11729091,BHARTIARTL.NS
2020-04-29,468.24114990234375,470.50683624685354,459.79203646985303,463.473769442044,8371711,BHARTIARTL.NS
2020-04-30,485.5169677734375,487.07463079185885,467.48592722852857,474.9437844825617,20170888,BHARTIARTL.NS
2020-05-04,502.69842529296875,509.778658347304,471.92287727093066,474.33015063929474,34658164,BHARTIARTL.NS
2020-05-05,498.4974365234375,522.7119340450961,496.60937432228445,507.8906105453845,30498970,BHARTIARTL.NS
2020-05-06,515.4428100585938,520.5878436359309,500.3855095742065,501.9903388112777,26074684,BHARTIARTL.NS
2020-05-07,498.4974365234375,514.8292567449521,495.09893630158217,514.8292567449521,15823732,BHARTIARTL.NS
2020-05-08,500.38555908203125,515.2540783158784,498.7334753000034,509.77867443397,13847608,BHARTIARTL.NS
2020-05-11,506.1913146972656,517.8029790399999,502.32079905042,503.21763443704504,14490804,BHARTIARTL.NS
2020-05-12,528.5177001953125,532.4354111615907,500.81025585186035,503.17039200874046,23041211,BHARTIARTL.NS
2020-05-13,524.8359985351562,537.8636503388221,518.5581510422536,536.5892495284046,21509772,BHARTIARTL.NS
2020-05-14,509.6370849609375,531.0194304491026,505.15290788907924,520.2574641777435,13428330,BHARTIARTL.NS
2020-05-15,523.0895385742188,525.7328490369698,509.21224669642305,513.0827623231598,14758117,BHARTIARTL.NS
2020-05-18,507.93780517578125,527.7153212630101,505.2472989343937,525.7328676961353,21991328,BHARTIARTL.NS
2020-05-19,565.2877807617188,569.724761210984,525.8271482714491,527.2431946210062,73259076,BHARTIARTL.NS
2020-05-20,560.8037109375,577.7491333703891,555.6587356887741,571.1409158198733,36412918,BHARTIARTL.NS
2020-05-21,561.2757568359375,570.6689311477376,552.6378896094467,557.4524366307332,20673544,BHARTIARTL.NS
2020-05-22,560.0013427734375,563.9662499448174,554.148314685804,563.5886257615667,11630640,BHARTIARTL.NS
2020-05-26,527.9513549804688,544.1887249925284,526.3464669025192,539.9877807606899,77933211,BHARTIARTL.NS
2020-05-27,531.5858764648438,533.8987584427513,522.8535597685276,529.6033642687098,22948762,BHARTIARTL.NS
2020-05-28,531.2554321289062,536.2116244196969,524.8831932837606,533.0491028379752,16574283,BHARTIARTL.NS
2020-05-29,521.6735229492188,532.4354894706644,513.366025602569,526.7713027437037,55206200,BHARTIARTL.NS
2020-06-01,527.762451171875,530.2169786832466,519.3605637011088,527.7152554929363,40024637,BHARTIARTL.NS
2020-06-02,526.86572265625,540.2710592246623,524.9776603116522,531.4914871407356,32573015,BHARTIARTL.NS
2020-06-03,520.7766723632812,536.4948311640869,518.5109859981912,536.2116570566383,29783799,BHARTIARTL.NS
2020-06-04,540.4125366210938,552.637802392635,518.7941567212679,521.3902125677043,30007267,BHARTIARTL.NS
2020-06-05,551.6466674804688,556.9804850669809,535.6925278149488,551.316297637881,48771843,BHARTIARTL.NS
2020-06-08,552.40185546875,560.4733745024616,546.784864346455,555.0923618133205,20813563,BHARTIARTL.NS
2020-06-09,536.0227661132812,558.5379819299822,534.040312739828,547.5399796133674,15219451,BHARTIARTL.NS
2020-06-10,535.3619384765625,543.763825713129,531.538618980356,539.0436709398997,19489440,BHARTIARTL.NS
2020-06-11,520.9654541015625,541.6870598407203,516.1037115886913,538.0997182111221,27803048,BHARTIARTL.NS
2020-06-12,528.753662109375,530.547332660084,509.77859299541694,509.77859299541694,19224358,BHARTIARTL.NS
2020-06-15,519.8798217773438,532.1994800214176,518.2749924453507,524.8832099083082,13838935,BHARTIARTL.NS
2020-06-16,514.4044799804688,527.9985994091145,506.9466219208157,526.7713353950949,19430678,BHARTIARTL.NS
2020-06-17,531.9161376953125,533.8514538133844,510.7225800532577,516.2451782633399,20916747,BHARTIARTL.NS
2020-06-18,529.5089721679688,540.8374036262396,526.9601117780443,532.6714938396756,19692591,BHARTIARTL.NS
2020-06-19,540.459716796875,545.8407284532865,529.6033021289062,530.4529417274018,41924711,BHARTIARTL.NS
2020-06-22,548.5313110351562,555.09233295113,538.4773388813004,543.5751184844935,12954502,BHARTIARTL.NS
2020-06-23,546.4071655273438,551.8825688419491,542.2062216810195,548.5312646411458,9944839,BHARTIARTL.NS
2020-06-24,526.1576538085938,549.4281186886076,523.9391632588265,548.4840289494521,12619809,BHARTIARTL.NS
2020-06-25,527.71533203125,532.1523135059468,519.2190519703304,522.9007850702826,15881470,BHARTIARTL.NS
2020-06-26,529.0369262695312,534.7011123229914,525.9687961400263,528.6593021257482,11317405,BHARTIARTL.NS
2020-06-29,535.3619384765625,537.1084133529848,520.3517758563835,527.6208494278115,13162970,BHARTIARTL.NS
2020-06-30,528.5177001953125,544.7078726327755,526.204818418532,539.9877177212019,13182057,BHARTIARTL.NS
2020-07-01,528.801025390625,542.8199055384496,527.0545501577778,542.8199055384496,13894655,BHARTIARTL.NS
2020-07-02,527.196044921875,535.2675626492313,526.3936009768199,533.1906592681053,13795692,BHARTIARTL.NS
2020-07-03,548.9088745117188,550.7969953774214,529.2257501343024,530.358622653724,21005887,BHARTIARTL.NS
2020-07-06,544.330322265625,556.3196112875236,542.8670799148523,554.7147231794429,16114629,BHARTIARTL.NS
2020-07-07,535.4091796875,549.9945237483746,534.3707572892963,546.5959650617494,12759442,BHARTIARTL.NS
2020-07-08,529.8866577148438,541.8758888256614,527.7153625377596,539.9878264807551,9581306,BHARTIARTL.NS
2020-07-09,536.8251953125,538.3356331411499,528.9425190146397,532.4354101622108,8611659,BHARTIARTL.NS
2020-07-10,542.5365600585938,546.595916629544,533.9930858195983,537.2499984716313,13532330,BHARTIARTL.NS
2020-07-13,553.95947265625,556.0363763113762,538.0997265853449,542.3478665649336,16660491,BHARTIARTL.NS
2020-07-14,556.3668212890625,563.399859111483,546.1712028545053,551.7882526762211,32935464,BHARTIARTL.NS
2020-07-15,532.057861328125,555.9891237428287,528.3288742674547,555.9891237428287,20062926,BHARTIARTL.NS
2020-07-16,531.2554321289062,534.5123450740323,522.3342742652637,534.2291122827227,11528871,BHARTIARTL.NS
2020-07-17,535.0316162109375,541.7814799669527,530.3114605009774,531.5859201529976,12189475,BHARTIARTL.NS
2020-07-20,543.52783203125,549.9000701463535,535.8339388766126,539.0436557723119,9789671,BHARTIARTL.NS
2020-07-21,535.9756469726562,551.127399621871,534.6539916345845,547.5400578044053,12005925,BHARTIARTL.NS
2020-07-22,537.2972412109375,543.2918558869756,531.3026265348994,536.211623132201,11034525,BHARTIARTL.NS
2020-07-23,535.4563598632812,543.5278778091829,532.4354254183281,538.0996701649783,9718786,BHARTIARTL.NS
2020-07-24,528.1401977539062,535.6452516626993,524.3168772646883,533.3796237439825,9960443,BHARTIARTL.NS
2020-07-27,528.1873168945312,532.1994782629048,513.6964224668833,526.9601117332675,10895560,BHARTIARTL.NS
2020-07-28,533.001953125,542.1118945011376,524.222440250372,527.2433163464258,14210206,BHARTIARTL.NS
2020-07-29,534.5122680664062,537.2971650921916,528.8952783399329,533.6154328410796,9979767,BHARTIARTL.NS
2020-07-30,521.7678833007812,547.9648334071566,512.6579424324224,543.7638892976399,45326361,BHARTIARTL.NS
2020-07-31,523.7975463867188,527.9984901369747,515.7260286399473,520.0685594275207,13917435,BHARTIARTL.NS
2020-08-03,516.71728515625,525.355210252433,515.8204497992393,523.4671481747466,9392745,BHARTIARTL.NS
2020-08-04,518.2750244140625,522.3815774153912,515.3012852815338,517.3309932896951,12035116,BHARTIARTL.NS
2020-08-05,527.6681518554688,529.1313942610823,515.962153909457,521.1071295232416,12920232,BHARTIARTL.NS
2020-08-06,526.1048583984375,532.1683646896295,523.5941514650586,532.1683646896295,10620956,BHARTIARTL.NS
2020-08-07,531.3157348632812,533.7790180073202,523.0257705588095,526.768089895904,7346008,BHARTIARTL.NS
2020-08-10,529.4682006835938,535.2948812157231,525.6311514300813,534.6316511522206,9594610,BHARTIARTL.NS
2020-08-11,522.1256713867188,531.0314410121757,521.2729806619179,528.6628883943357,8290695,BHARTIARTL.NS
2020-08-12,518.9044799804688,531.7420894747622,516.6780226232887,521.0835721717406,12613101,BHARTIARTL.NS
2020-08-13,507.2037048339844,519.4728722774847,496.6873429245753,505.9247276503349,37464752,BHARTIARTL.NS
2020-08-14,500.80865478515625,514.3094345906374,497.3978917778641,514.3094345906374,18550546,BHARTIARTL.NS
2020-08-17,493.9871520996094,504.5036025111154,490.8606684749475,502.65612554237765,19369462,BHARTIARTL.NS
2020-08-18,498.6295166015625,501.2823189368882,492.8028362778809,494.6029479402884,13771669,BHARTIARTL.NS
2020-08-19,507.6773681640625,511.51447609396877,499.3874052622993,501.1875168786261,17395288,BHARTIARTL.NS
2020-08-20,497.9189758300781,505.5457686498375,495.2188080413166,503.082485590286,13690809,BHARTIARTL.NS
2020-08-21,492.8976745605469,501.9455700161006,488.8711052579093,501.9455700161006,22244899,BHARTIARTL.NS
2020-08-24,499.197998046875,504.40881391321955,481.48115929822103,490.6711789914555,29714401,BHARTIARTL.NS
2020-08-25,500.8560485839844,507.48799650328425,498.3453413476356,506.39847987582556,19881871,BHARTIARTL.NS
2020-08-26,487.4499206542969,500.61911431516387,485.08136806031433,500.61911431516387,26386996,BHARTIARTL.NS
2020-08-27,484.27606201171875,491.2396540480382,481.2916738407095,487.35520996387163,22268191,BHARTIARTL.NS
2020-08-28,495.9294128417969,501.70872874991557,485.1761360996355,485.1761360996355,22217757,BHARTIARTL.NS
2020-08-31,486.12353515625,494.8398737873547,481.81277518684146,491.2396501631969,190329697,BHARTIARTL.NS
2020-09-01,517.5307006835938,526.2470103220488,487.1657418991735,490.2922256994346,75732733,BHARTIARTL.NS
2020-09-02,521.6045532226562,529.6102663101618,516.4411030450857,521.0834775803569,35680638,BHARTIARTL.NS
2020-09-03,509.7144470214844,523.8310923838417,507.48798971905694,521.6046350814142,25084656,BHARTIARTL.NS
2020-09-04,495.6451110839844,509.7143896993774,492.1870420633246,503.55615312061747,28610361,BHARTIARTL.NS
2020-09-07,488.3500061035156,500.24016441008,483.4707756820687,497.397901125186,16450037,BHARTIARTL.NS
2020-09-08,471.9122009277344,489.67640529309995,468.02775678167365,488.87107969230755,33745174,BHARTIARTL.NS
2020-09-09,477.7388610839844,480.0126835256497,465.28023227498505,467.3171994396414,32068518,BHARTIARTL.NS
2020-09-10,471.20159912109375,481.29167483710665,465.3749477107548,481.29167483710665,21400064,BHARTIARTL.NS
2020-09-11,465.8012390136719,476.03340902995717,462.8642163401294,473.04902119921667,15888599,BHARTIARTL.NS
2020-09-14,449.17401123046875,471.1068804148332,443.67894527942457,469.9226040384784,53032505,BHARTIARTL.NS
2020-09-15,460.02203369140625,462.01160628836755,445.3369472177081,450.1688126696763,31436333,BHARTIARTL.NS
2020-09-16,456.4217529296875,464.9012063604133,455.28484182058673,461.3957427139964,13379581,BHARTIARTL.NS
2020-09-17,453.8163757324219,456.99025401995783,449.07924088249325,454.76379681121824,13750507,BHARTIARTL.NS
2020-09-18,468.548828125,471.4858511528448,450.3109133841305,457.6060616069101,55830089,BHARTIARTL.NS
2020-09-21,443.1578063964844,469.92256828980214,436.99956970791857,469.92256828980214,23162880,BHARTIARTL.NS
2020-09-22,446.1896057128906,453.3426583140204,436.76273077477373,443.86841821387185,18950065,BHARTIARTL.NS
2020-09-23,410.9927673339844,442.4472396896709,401.61325792828296,442.4472396896709,86810146,BHARTIARTL.NS
2020-09-24,397.255126953125,410.7085416770009,394.2707387597089,402.89228828738476,36458719,BHARTIARTL.NS
2020-09-25,416.53521728515625,421.5565725253505,399.9552896336129,402.65542790312,34232784,BHARTIARTL.NS
2020-09-28,420.32489013671875,424.1146037729433,411.22963043048253,422.5513472662,21445626,BHARTIARTL.NS
2020-09-29,412.6981201171875,421.17757367300914,406.9188341673084,420.65649799830123,18187111,BHARTIARTL.NS
2020-09-30,398.8183898925781,417.2457950518048,396.165587253414,414.9719726342206,27686374,BHARTIARTL.NS
2020-10-01,409.6190185546875,411.7507159570528,401.37641991840565,403.6028771011107,13593932,BHARTIARTL.NS
2020-10-05,402.13433837890625,414.4982359489315,400.7605719822368,409.6190058195024,15282146,BHARTIARTL.NS
2020-10-06,404.31341552734375,407.39253378895137,400.8553170819297,404.55027077823667,11078299,BHARTIARTL.NS
2020-10-07,400.2395324707031,409.05057248752354,398.9604962798993,405.30825315701736,10393534,BHARTIARTL.NS
2020-10-08,402.13433837890625,412.6033938724069,397.06561815063554,403.6028645529694,17018635,BHARTIARTL.NS
2020-10-09,402.84490966796875,412.1296889906446,401.04479788826904,405.4977121761464,20948615,BHARTIARTL.NS
2020-10-12,393.22857666015625,407.9610282225175,390.19682315910853,405.49774507188727,14326607,BHARTIARTL.NS
2020-10-13,393.46539306640625,405.02399449004616,391.38106089937855,399.007853247581,28303313,BHARTIARTL.NS
2020-10-14,391.5232238769531,397.44463537366806,389.6757467890443,394.5076122078788,14374547,BHARTIARTL.NS
2020-10-15,378.2118835449219,393.6549000915655,374.2327091378463,391.66532761600115,28378188,BHARTIARTL.NS
2020-10-16,380.5330810546875,385.8860515084048,377.40659731564887,383.1858836996392,23786283,BHARTIARTL.NS
2020-10-19,376.7907409667969,383.3753525950251,373.28527719934226,382.3331717690543,17237471,BHARTIARTL.NS
2020-10-20,383.7069396972656,391.47582766577676,376.0801766688411,376.79074245738155,26395238,BHARTIARTL.NS
2020-10-21,396.97088623046875,398.107797362994,382.3331664451861,384.3701334516249,23929199,BHARTIARTL.NS
2020-10-22,408.0083312988281,409.61895274637965,396.02341547933634,396.9708363948441,27014551,BHARTIARTL.NS
2020-10-23,411.56121826171875,414.59297151368946,404.8345111314171,412.03492878684085,18512271,BHARTIARTL.NS
2020-10-26,411.2296142578125,416.34569948236367,405.497693595807,411.5138346689665,11956996,BHARTIARTL.NS
2020-10-27,410.56640625,415.8246163131844,405.0239757807921,411.22960683468443,13021129,BHARTIARTL.NS
2020-10-28,428.0937805175781,462.34318110015136,418.7616360404117,422.5513496984503,125905730,BHARTIARTL.NS
2020-10-29,427.0989990234375,433.0677752724208,421.60393330494827,424.16197606080596,25537340,BHARTIARTL.NS
2020-10-30,410.94537353515625,430.9834284464382,407.866255191257,430.9834284464382,23483928,BHARTIARTL.NS
2020-11-02,433.3520202636719,435.8153328354398,412.1297166002969,412.1297166002969,28703578,BHARTIARTL.NS
2020-11-03,430.6991882324219,436.4784743118444,423.9251159415414,433.92043158527684,16337850,BHARTIARTL.NS
2020-11-04,429.2306823730469,431.59923494805616,423.6408865136468,429.1833172127358,10191499,BHARTIARTL.NS
2020-11-05,433.2572326660156,437.61538718739905,428.8043478216234,432.973012241043,9407770,BHARTIARTL.NS
2020-11-06,426.2463073730469,436.1468927863007,425.15676137286584,432.9730145652213,12195207,BHARTIARTL.NS
2020-11-09,446.994873046875,449.78977089810047,428.75695981949315,432.30978858225143,24953555,BHARTIARTL.NS
2020-11-10,441.8788146972656,449.22135737575326,440.5524134295248,449.0792324342287,9800899,BHARTIARTL.NS
2020-11-11,453.4373779296875,456.0427857953136,439.65234874721756,443.3473025935748,16032885,BHARTIARTL.NS
2020-11-12,454.62164306640625,457.79552115287464,450.07402806746796,451.7793800100767,14785276,BHARTIARTL.NS
2020-11-13,450.73724365234375,452.868970610695,445.28957225731335,451.9215494985158,8428163,BHARTIARTL.NS
2020-11-14,456.1849365234375,461.39578200521964,453.81638378442176,461.39578200521964,4014491,BHARTIARTL.NS
2020-11-17,459.0745544433594,468.9277742177535,455.94804153542697,465.09069555000826,19050384,BHARTIARTL.NS
2020-11-18,453.2478942871094,459.5009203832068,446.33169701688894,458.5061047101297,10504589,BHARTIARTL.NS
2020-11-19,443.915771484375,456.13754412632636,442.447245309105,450.9740641164187,11541941,BHARTIARTL.NS
2020-11-20,458.26922607421875,460.40092334047245,440.8840034621494,445.76323343173016,12090462,BHARTIARTL.NS
2020-11-23,452.15838623046875,461.15891588294625,450.1214191404541,461.15891588294625,10193531,BHARTIARTL.NS
2020-11-24,449.3161315917969,455.9481091224124,446.4265029647393,453.2479411613001,9346208,BHARTIARTL.NS
2020-11-25,439.69970703125,452.7741702277016,434.53625654166694,451.44779846314924,14497115,BHARTIARTL.NS
2020-11-26,443.77362060546875,444.9578968350433,435.91000287633864,444.05784100937785,11535113,BHARTIARTL.NS
2020-11-27,438.8943786621094,447.80017690140386,437.71010246517136,443.6788780624936,18491882,BHARTIARTL.NS
2020-12-01,454.2427062988281,457.1323346037534,436.2890126379209,443.1578152352422,18534936,BHARTIARTL.NS
2020-12-02,459.4061584472656,462.2484216005506,449.12659291337127,455.71120456561675,20948620,BHARTIARTL.NS
2020-12-03,454.6690673828125,463.43274183491695,449.07924176855926,461.4905050547947,20094168,BHARTIARTL.NS
2020-12-04,467.7908630371094,471.62791224830465,457.98500842372647,461.2536168095391,31622330,BHARTIARTL.NS
2020-12-07,482.19171142578125,483.6602376021415,468.5961723759378,471.8174156934466,22541162,BHARTIARTL.NS
2020-12-08,477.12298583984375,489.10790309655204,473.38066688362545,486.9762057810291,19661141,BHARTIARTL.NS
2020-12-09,476.6019287109375,480.2495174885598,472.85960960909506,478.35467535658347,11826802,BHARTIARTL.NS
2020-12-10,478.59149169921875,482.00219547700476,468.1224367507946,475.1333638512865,13441906,BHARTIARTL.NS
2020-12-11,477.88092041015625,481.765364332694,471.15421337861585,481.765364332694,14019094,BHARTIARTL.NS
2020-12-14,476.6019287109375,485.08138259866723,474.8018169031814,480.34424781277994,14147649,BHARTIARTL.NS
2020-12-15,477.69146728515625,480.1547502360121,471.9121811990005,479.2546943461411,13320211,BHARTIARTL.NS
2020-12-16,489.060546875,491.52385926930543,475.7018629907158,477.69146486180244,17707777,BHARTIARTL.NS
2020-12-17,488.0184020996094,495.02932972034654,485.08137914240484,489.8184844385931,20023766,BHARTIARTL.NS
2020-12-18,483.8023681640625,487.8289373308798,478.4967922832306,486.8815162224399,11000487,BHARTIARTL.NS
2020-12-21,465.0907287597656,484.32342971937624,454.9059226859251,480.81796582947,15539470,BHARTIARTL.NS
2020-12-22,473.9964904785156,478.44937509519167,460.02197173664,468.02771457959625,21632475,BHARTIARTL.NS
2020-12-23,480.53375244140625,482.7128150678523,472.1964232439558,473.99653510612063,13326963,BHARTIARTL.NS
2020-12-24,490.1027526855469,495.50305881674325,483.61287105707527,492.6607955325291,21241048,BHARTIARTL.NS
2020-12-28,494.1766052246094,499.292690377362,489.43950025204,492.75547373283854,13124256,BHARTIARTL.NS
2020-12-29,492.8976745605469,497.35055981160417,488.01844390512105,495.5030826966396,11457626,BHARTIARTL.NS
2020-12-30,489.01318359375,495.8820156627742,486.31301592745507,495.8820156627742,10691466,BHARTIARTL.NS
2020-12-31,482.9022521972656,491.19221532165693,479.6810090465771,489.91320876661706,15816475,BHARTIARTL.NS
2021-01-01,488.0657653808594,489.2500417003434,481.48115369739264,485.3182325372779,10377082,BHARTIARTL.NS
2021-01-04,489.9132385253906,493.13448187174697,484.70239330418616,489.81847874700014,13489114,BHARTIARTL.NS
2021-01-05,486.9762268066406,489.7237596920977,484.2286939211836,486.9762268066406,10689423,BHARTIARTL.NS
2021-01-06,497.6821594238281,503.7930314807466,486.1235570669607,487.9236689601748,30837593,BHARTIARTL.NS
2021-01-07,516.583251953125,525.2995611256854,499.38745941905285,504.02989334643127,39444841,BHARTIARTL.NS
2021-01-08,511.84613037109375,520.8466302313046,509.05117350615825,520.4202848730529,14538362,BHARTIARTL.NS
2021-01-11,518.3833618164062,525.2048288273674,513.030391564107,513.030391564107,19892197,BHARTIARTL.NS
2021-01-12,536.0054321289062,539.0845799947272,516.3463569903287,520.1361000989899,25857074,BHARTIARTL.NS
2021-01-13,547.8482055664062,570.0652920025868,537.1896902523634,557.0855894327025,85239439,BHARTIARTL.NS
2021-01-14,550.0272827148438,554.0537922537037,540.0793039334459,552.0642200621783,16974338,BHARTIARTL.NS
2021-01-15,570.9654541015625,578.5448821457502,562.5807593253976,577.5026717605421,57451072,BHARTIARTL.NS
2021-01-18,556.0908813476562,571.2970429931497,553.2959832170197,570.96542793524,21359539,BHARTIARTL.NS
2021-01-19,561.1595458984375,566.0387463932827,555.6644805129459,560.0226053470137,11034273,BHARTIARTL.NS
2021-01-20,564.80712890625,570.8232698936204,558.0330275586844,561.1595404046292,13333007,BHARTIARTL.NS
2021-01-21,550.7852172851562,572.2917681761338,544.2006354648004,568.691544822769,17380638,BHARTIARTL.NS
2021-01-22,546.5219116210938,554.7645109817613,542.6374377725558,553.2012248443149,12662954,BHARTIARTL.NS
2021-01-25,550.216796875,556.9435333327002,539.6056459679079,548.5587806128111,12503932,BHARTIARTL.NS
2021-01-27,540.7899169921875,551.1642425612439,532.7842030213201,549.5062262248904,15567653,BHARTIARTL.NS
2021-01-28,540.8847045898438,545.5744447856841,533.163181617598,536.7160400922197,15201598,BHARTIARTL.NS
2021-01-29,524.4942016601562,548.0850554231005,521.6519386398337,548.0850554231005,25521965,BHARTIARTL.NS
2021-02-01,548.7009887695312,550.5484658544136,520.3256023616791,529.6103529511495,14212955,BHARTIARTL.NS
2021-02-02,567.8388671875,573.8076431704858,548.7956575807787,554.148568663243,21711996,BHARTIARTL.NS
2021-02-03,576.8394775390625,589.7718168440043,567.9336484692435,577.3605532549526,30641248,BHARTIARTL.NS
2021-02-04,569.023193359375,590.2454956364385,564.3334532568098,582.5713379792184,51976676,BHARTIARTL.NS
2021-02-05,550.5484008789062,574.0445244818288,545.9533912915311,572.0548932246886,35465208,BHARTIARTL.NS
2021-02-08,565.896728515625,571.912870386865,553.9591751041146,558.0331095428868,21646080,BHARTIARTL.NS
2021-02-09,567.4598999023438,575.7972875337388,563.7175809019217,567.4125347415173,20927436,BHARTIARTL.NS
2021-02-10,559.169921875,575.7972726348348,549.7430768766272,573.1444702258462,31642664,BHARTIARTL.NS
2021-02-11,566.6546630859375,571.8181139186394,558.0330840357312,560.8753473062885,19253595,BHARTIARTL.NS
2021-02-12,555.4276733398438,566.4178056449708,553.8644461392962,566.4178056449708,15905053,BHARTIARTL.NS
2021-02-15,562.4859619140625,571.2970010443435,558.9804687612892,560.9700411388682,17972742,BHARTIARTL.NS
2021-02-16,562.7228393554688,569.9706521273284,561.8227834045595,563.7176256355483,15064854,BHARTIARTL.NS
2021-02-17,562.6280517578125,567.3177916933428,559.0278283206329,565.5650451345168,16436661,BHARTIARTL.NS
2021-02-18,558.0803833007812,566.5598069478809,554.4327948607058,565.6123859695668,22193564,BHARTIARTL.NS
2021-02-19,550.7852172851562,564.6649761295643,545.2427867791254,558.9804501475496,19465126,BHARTIARTL.NS
2021-02-22,540.316162109375,554.1485557915836,538.13712916396,551.4010820304903,20227667,BHARTIARTL.NS
2021-02-23,535.8159790039062,546.6639560605963,534.3474233363445,544.769113935618,23764401,BHARTIARTL.NS
2021-02-24,542.826904296875,543.9164208404493,535.4843616384496,538.231894490143,8888950,BHARTIARTL.NS
2021-02-25,548.7009887695312,553.7223442966341,546.7113572775755,549.4115251573107,16230241,BHARTIARTL.NS
2021-02-26,527.0523071289062,555.1434419103222,522.7414882541738,544.2954058921566,198547005,BHARTIARTL.NS
2021-03-01,504.2193603515625,529.7050580957989,493.60820890927397,528.662906690261,55091122,BHARTIARTL.NS
2021-03-02,512.7462158203125,515.3989595323388,501.04548874175447,512.0829857083849,30622757,BHARTIARTL.NS
2021-03-03,517.5780639648438,521.7940938185565,511.6092873744908,519.899251588209,24669015,BHARTIARTL.NS
2021-03-04,511.230224609375,517.2937305499303,509.7143628522079,511.6092047766385,17678275,BHARTIARTL.NS
2021-03-05,504.7877502441406,510.18808520152476,496.82940219402434,506.8721117566336,16658703,BHARTIARTL.NS
2021-03-08,498.06109619140625,507.298480673246,497.16104032333516,503.08245120613594,15293359,BHARTIARTL.NS
2021-03-09,494.3187255859375,504.0298796364309,487.26043293028135,502.22976787385295,20181762,BHARTIARTL.NS
2021-03-10,498.20318603515625,502.60867609332337,489.2026569122273,492.8502455034668,19013738,BHARTIARTL.NS
2021-03-12,496.6399230957031,504.740426191473,494.12927495653116,502.65612342112536,11624491,BHARTIARTL.NS
2021-03-15,495.3609313964844,500.05067140433937,489.25003038217903,500.05067140433937,10875944,BHARTIARTL.NS
2021-03-16,501.4718017578125,505.6878312387687,496.45044672659185,496.45044672659185,13252045,BHARTIARTL.NS
2021-03-17,495.4082946777344,503.08245215086265,491.7133408780598,500.9980905375609,8482758,BHARTIARTL.NS
2021-03-18,499.48223876953125,504.21934401567825,488.2552522066491,501.9928868764215,12465338,BHARTIARTL.NS
2021-03-19,502.0876159667969,506.6352605566945,497.87158641688336,500.24013903414425,49597558,BHARTIARTL.NS
2021-03-22,500.24017333984375,505.9247589230019,495.50306778045865,505.0247029755291,13581706,BHARTIARTL.NS
2021-03-23,501.4244384765625,504.4561622236744,494.69770199884147,501.85078383348315,15239339,BHARTIARTL.NS
2021-03-24,496.1188659667969,505.40367519269444,494.08192828211276,500.2401654117137,10801499,BHARTIARTL.NS
2021-03-25,481.0547790527344,496.1188141580531,473.28589152262174,495.8819883645165,17572322,BHARTIARTL.NS
2021-03-26,495.0293273925781,497.3031497064349,483.7549756023404,485.1761071845143,11148490,BHARTIARTL.NS
2021-03-30,494.0818786621094,500.1453848554531,489.1078889471694,500.05065453765957,10691124,BHARTIARTL.NS
2021-03-31,490.1027526855469,498.2505917738626,489.10793697131396,494.88725277873203,7712521,BHARTIARTL.NS
2021-04-01,493.418701171875,496.35572408826647,487.4972901779777,492.61337560914603,7111516,BHARTIARTL.NS
2021-04-05,500.4770202636719,501.187556587952,487.54465236929116,493.4186981662933,9376649,BHARTIARTL.NS
2021-04-06,504.2193603515625,509.57233069146065,496.97154785181584,500.7138670087062,13115141,BHARTIARTL.NS
2021-04-07,513.1251220703125,518.1464772782791,507.1089806355409,508.7669969548113,21391503,BHARTIARTL.NS
2021-04-08,514.4515380859375,519.7097781667246,512.0829853561709,518.0517617999407,11367448,BHARTIARTL.NS
2021-04-09,516.583251953125,520.8466467590391,508.2932881523454,511.1355513562881,11641539,BHARTIARTL.NS
2021-04-12,494.98193359375,510.5197086875146,491.23961475268203,509.2880378227988,9869735,BHARTIARTL.NS
2021-04-13,507.9617004394531,511.6092894210319,495.59780181627127,498.7243150736098,6657701,BHARTIARTL.NS
2021-04-15,510.99346923828125,517.4359562338573,502.3718901645824,511.6092752750116,9989813,BHARTIARTL.NS
2021-04-16,512.31982421875,515.541067425224,509.71438699331577,511.65659416665534,6273393,BHARTIARTL.NS
2021-04-19,498.7716369628906,506.8721398479033,495.7399132100105,504.26670254086366,7368743,BHARTIARTL.NS
2021-04-20,502.3244934082031,508.7669799985888,498.25055940076936,501.18755282125153,7369109,BHARTIARTL.NS
2021-04-22,502.9402770996094,505.3561947358795,498.392632777284,502.1349515835565,6675147,BHARTIARTL.NS
2021-04-23,495.1240539550781,504.4561689473746,491.8080802885247,501.1875604420113,7123670,BHARTIARTL.NS
2021-04-26,499.8138122558594,500.71386817507346,495.266226408766,495.266226408766,5929161,BHARTIARTL.NS
2021-04-27,506.20892333984375,510.235492309925,498.58218968073066,499.7190713905527,9875033,BHARTIARTL.NS
2021-04-28,515.6832275390625,519.1887210518012,507.4406283971341,507.77224346474645,12195400,BHARTIARTL.NS
2021-04-29,512.41455078125,521.083494170879,510.7565345750556,520.7992443060805,8846896,BHARTIARTL.NS
2021-04-30,508.5301513671875,518.2412474842164,505.4510621257207,505.4510621257207,8331737,BHARTIARTL.NS
2021-05-03,529.4682006835938,532.9262697453748,501.23491279824043,502.1349686616434,14556346,BHARTIARTL.NS
2021-05-04,523.4047241210938,536.1949086642288,517.9570234708485,536.1949086642288,14196229,BHARTIARTL.NS
2021-05-05,530.5103759765625,535.2474813073322,524.8732147417572,527.6207476159823,12095639,BHARTIARTL.NS
2021-05-06,529.3734741210938,534.7263852676357,523.546793547607,530.5103557924668,9169742,BHARTIARTL.NS
2021-05-07,538.6109008789062,542.7795655208238,527.6207689378793,531.694703251732,12894499,BHARTIARTL.NS
2021-05-10,542.4479370117188,546.6639667131402,539.1793283912483,541.9268613083851,8365615,BHARTIARTL.NS
2021-05-11,538.5161743164062,544.6270463739676,534.3948748097031,535.7686413119375,8033470,BHARTIARTL.NS
2021-05-12,532.2157592773438,539.2266869731964,528.8524203722044,538.1371704169677,6815070,BHARTIARTL.NS
2021-05-14,530.9367065429688,539.4161307397969,526.9101376681441,534.3474105036407,7697716,BHARTIARTL.NS
2021-05-17,520.7518920898438,534.3000362933622,517.1043034750714,534.3000362933622,13677009,BHARTIARTL.NS
2021-05-18,508.15118408203125,523.8310555129551,506.44580262371557,518.714911138008,34968901,BHARTIARTL.NS
2021-05-19,500.4296569824219,512.1303245476555,498.53481489470266,509.61967645499504,19583966,BHARTIARTL.NS
2021-05-20,493.2765808105469,503.0824653138596,492.6607747984524,503.0824653138596,14036583,BHARTIARTL.NS
2021-05-21,503.0350341796875,505.2614913009368,494.5556099664761,495.7399157243803,10492773,BHARTIARTL.NS
2021-05-24,499.103271484375,504.9773174887543,498.3453110606184,503.0824753412565,6386039,BHARTIARTL.NS
2021-05-25,498.4400329589844,502.8929472774593,496.92417104899204,502.0402565431222,9412913,BHARTIARTL.NS
2021-05-26,498.1084899902344,502.89296056702614,497.3978947222108,501.18757905328505,6908901,BHARTIARTL.NS
2021-05-27,492.4712829589844,499.29272042113723,491.42910212874165,498.4400296923883,22783169,BHARTIARTL.NS
2021-05-28,496.07147216796875,500.71384705699404,493.03971894182644,494.7924360874679,10248988,BHARTIARTL.NS
2021-05-31,506.77740478515625,507.81955613346514,497.4925962351155,497.8715764286526,12803471,BHARTIARTL.NS
2021-06-01,504.88250732421875,510.0933819257378,502.41922441695476,509.19332605179477,8435896,BHARTIARTL.NS
2021-06-02,501.6612854003906,506.4931800116272,500.2401537881196,502.0402656127083,10567595,BHARTIARTL.NS
2021-06-03,504.0772399902344,505.35621714669725,500.7138423017601,502.13497385152306,6290021,BHARTIARTL.NS
2021-06-04,504.6930236816406,507.63001697229555,503.2718921946893,505.8773293767109,4878809,BHARTIARTL.NS
2021-06-07,508.2459411621094,512.5567012843613,504.9773324695191,505.92475357137437,9674473,BHARTIARTL.NS
2021-06-08,518.0516967773438,519.1886372920669,505.9246847582873,509.8090989651783,12822963,BHARTIARTL.NS
2021-06-09,511.6092224121094,522.504622765043,507.20367354762567,520.9887020437344,12674395,BHARTIARTL.NS
2021-06-10,516.488525390625,519.0465387280478,511.9408806664358,515.3042195910762,7018193,BHARTIARTL.NS
2021-06-11,512.41455078125,520.8466094648987,511.65659041638014,516.8200407583473,7777365,BHARTIARTL.NS
2021-06-14,510.99346923828125,512.4146008774323,501.4718342352639,512.4146008774323,5714387,BHARTIARTL.NS
2021-06-15,513.9778442382812,515.0674197676988,510.0934294176447,512.556712554251,7264778,BHARTIARTL.NS
2021-06-16,508.5301513671875,515.2095234084431,506.7774635008331,515.2095234084431,10045600,BHARTIARTL.NS
2021-06-17,500.8560485839844,512.793601968242,499.3401276443409,511.1355855324684,10214732,BHARTIARTL.NS
2021-06-18,510.4249267578125,513.4093441887198,491.71333228487026,503.461364634882,15000348,BHARTIARTL.NS
2021-06-21,511.230224609375,513.4093163872249,504.9772580411314,506.872099965562,5742834,BHARTIARTL.NS
2021-06-22,508.1985778808594,520.1361309379757,507.3458871036517,519.2360749966894,9114558,BHARTIARTL.NS
2021-06-23,505.97210693359375,510.85130782077357,504.6930708023537,509.7144260898229,4767421,BHARTIARTL.NS
2021-06-24,500.95074462890625,507.2985011214958,499.67170851558274,506.87215575038795,6419922,BHARTIARTL.NS
2021-06-25,506.9669189453125,507.72487941240286,501.5192180038563,503.36669509447904,5504204,BHARTIARTL.NS
2021-06-28,503.27191162109375,508.7669771475048,502.5613163942447,508.7669771475048,5265796,BHARTIARTL.NS
2021-06-29,497.35052490234375,504.26672230655237,496.45046899095183,503.31930123265494,8713975,BHARTIARTL.NS
2021-06-30,498.0137023925781,502.51398200649686,496.7820903280594,499.2927385320962,5760552,BHARTIARTL.NS
2021-07-01,495.17144775390625,503.0824905442403,494.5556417109281,501.1875894275856,6575188,BHARTIARTL.NS
2021-07-02,497.39788818359375,504.9773156579999,492.6607828320233,497.9663290434035,13309063,BHARTIARTL.NS
2021-07-05,496.4031066894531,500.71386670934197,495.7873006614387,500.240156169663,6373586,BHARTIARTL.NS
2021-07-06,498.4400329589844,499.9559537808693,493.70292767032544,495.97674999126025,10494366,BHARTIARTL.NS
2021-07-07,501.7560729980469,502.7034940697988,495.6925074445622,495.6925074445622,6669192,BHARTIARTL.NS
2021-07-08,497.6821594238281,504.78781775607104,496.0241430236901,502.13501508060864,5400962,BHARTIARTL.NS
2021-07-09,508.05645751953125,509.24076343654093,495.5030975763466,497.87165049846635,7303645,BHARTIARTL.NS
2021-07-12,501.80340576171875,510.61444472488824,500.85598475113665,510.61444472488824,8932790,BHARTIARTL.NS
2021-07-13,502.182373046875,507.34582331308343,500.4296265487606,505.49834649872247,8138019,BHARTIARTL.NS
2021-07-14,502.182373046875,503.46135013998014,498.96112991127416,501.1875279906214,6666859,BHARTIARTL.NS
2021-07-15,497.82421875,504.50359011775873,497.3978733898498,504.50359011775873,6886797,BHARTIARTL.NS
2021-07-16,512.69873046875,514.8304571281759,498.2978962358722,499.29268237297504,11251138,BHARTIARTL.NS
2021-07-19,510.1407470703125,516.062157991559,501.4718033667881,510.6618227480699,9130551,BHARTIARTL.NS
2021-07-20,498.1084899902344,508.5774870636375,495.50305255667377,508.24593092299443,7646460,BHARTIARTL.NS
2021-07-22,517.95703125,519.188702233706,496.1188631583595,503.1772150931076,20220601,BHARTIARTL.NS
2021-07-23,519.472900390625,531.1736276177422,504.7404491935867,518.9044595102517,33200836,BHARTIARTL.NS
2021-07-26,515.4463500976562,524.7311597389479,513.598872984932,516.346406071132,5214592,BHARTIARTL.NS
2021-07-27,512.1303100585938,517.1042998540797,507.961645801172,517.1042998540797,5835018,BHARTIARTL.NS
2021-07-28,538.0423583984375,540.6951608451559,509.5723034481073,511.1355304728391,32532037,BHARTIARTL.NS
2021-07-29,537.3318481445312,546.3797724336318,535.2949105063661,543.9164305085326,15844335,BHARTIARTL.NS
2021-07-30,532.1210327148438,538.6108847596049,528.4734438983423,536.1475428322648,10125413,BHARTIARTL.NS
2021-08-02,535.4368896484375,539.9845333861115,530.5576309329238,536.2422150609567,6372299,BHARTIARTL.NS
2021-08-03,549.6957397460938,551.4011212262427,532.5473713562516,538.1371674168586,21680353,BHARTIARTL.NS
2021-08-04,544.20068359375,556.0435060155452,540.3162100329872,544.7691244598465,21816567,BHARTIARTL.NS
2021-08-05,567.2230834960938,586.4558134097305,547.1376628496702,547.1376628496702,72423461,BHARTIARTL.NS
2021-08-06,575.9393310546875,584.513543716645,557.5592938366183,563.2438195656304,29055626,BHARTIARTL.NS
2021-08-09,567.744140625,580.4870182148153,566.1335484471949,577.9289461000834,10078649,BHARTIARTL.NS
2021-08-10,589.487548828125,594.9826146259046,566.9388447745902,570.5390684230517,34514358,BHARTIARTL.NS
2021-08-11,588.2085571289062,596.1669057424174,581.4344553736056,589.4875343098709,18731287,BHARTIARTL.NS
2021-08-12,590.3875732421875,595.8826387467972,584.5609516174618,590.2454777621377,8430316,BHARTIARTL.NS
2021-08-13,603.5568237304688,605.2147811424242,585.6031297006755,590.3876001997178,21079044,BHARTIARTL.NS
2021-08-16,600.7145385742188,610.1413837412454,598.7722724363844,605.1673938633755,10506327,BHARTIARTL.NS
2021-08-17,593.41943359375,604.4569312086994,590.2455550736845,600.7146117820889,11311229,BHARTIARTL.NS
2021-08-18,590.1981811523438,600.6672377054481,588.2086085530008,592.9930793892864,7136872,BHARTIARTL.NS
2021-08-20,581.4345092773438,599.7198197397695,575.0867522978397,586.9295754492251,12770173,BHARTIARTL.NS
2021-08-23,589.9139404296875,597.3512141221274,575.6551991180235,585.8873710909104,12790616,BHARTIARTL.NS
2021-08-24,587.4979248046875,594.9351972617574,584.6082966717127,594.9351972617574,5885050,BHARTIARTL.NS
2021-08-25,580.2501831054688,589.6297227494076,578.8764166105404,589.6297227494076,8127668,BHARTIARTL.NS
2021-08-26,556.04345703125,579.35006069507,553.5801153086818,577.9289291990756,26316897,BHARTIARTL.NS
2021-08-27,563.8596801757812,573.5707743456113,554.29068147454,557.843539484344,16444274,BHARTIARTL.NS
2021-08-30,587.82958984375,592.1403498308214,559.0752248067874,564.665020914823,40506274,BHARTIARTL.NS
2021-08-31,629.1372680664062,632.974376511243,592.14036247644,593.1351487322477,60781970,BHARTIARTL.NS
2021-09-01,631.3636474609375,637.9009228865848,619.6156155815833,632.8795681513478,30796359,BHARTIARTL.NS
2021-09-02,631.4584350585938,638.327207657755,629.1371888713787,634.7270433070394,18951106,BHARTIARTL.NS
2021-09-03,623.8317260742188,634.3955125661003,619.6156962925971,632.8796505901216,7920313,BHARTIARTL.NS
2021-09-06,620.18408203125,630.7478675839429,619.047200378316,629.4688315404746,10223448,BHARTIARTL.NS
2021-09-07,635.2955322265625,644.722377514275,613.9310757319981,623.3579799316025,28185127,BHARTIARTL.NS
2021-09-08,632.7374267578125,647.848856431375,630.0372592484539,642.3537910955341,20876941,BHARTIARTL.NS
2021-09-09,650.0753784179688,652.0175857606828,631.9795884750104,632.7374899996408,19784500,BHARTIARTL.NS
2021-09-13,656.8494262695312,660.354860447562,649.791074930301,655.6177553897422,19704664,BHARTIARTL.NS
2021-09-14,657.7022094726562,662.9130257691952,652.8703145045289,658.4601110413776,11694600,BHARTIARTL.NS
2021-09-15,687.3565063476562,696.309641179077,659.5496218896257,660.3548885453959,56796797,BHARTIARTL.NS
2021-09-16,680.8192138671875,698.2518299843115,677.7874314899932,696.3569880905222,45001991,BHARTIARTL.NS
2021-09-17,689.8671875,696.1202138713616,683.093144328236,683.093144328236,26649321,BHARTIARTL.NS
2021-09-20,686.83544921875,695.1254131026108,682.4298999701616,686.8828143814344,14330899,BHARTIARTL.NS
2021-09-21,688.4459838867188,701.8046670909863,684.0404939186104,684.8931845993769,14216876,BHARTIARTL.NS
2021-09-22,688.540771484375,693.5621263277425,686.0300646067468,688.7775972774217,16348622,BHARTIARTL.NS
2021-09-23,688.588134765625,701.1888575423541,685.1773720599407,694.841101539565,26497345,BHARTIARTL.NS
2021-09-24,700.5257568359375,713.4107307707692,689.7250857313256,690.7198719831936,72175065,BHARTIARTL.NS
2021-09-27,697.4141845703125,706.4389555563596,693.1672854991324,705.5702408605861,11282248,BHARTIARTL.NS
2021-09-28,671.9326171875,701.5163410798086,662.1356880344796,699.199866731194,21944239,BHARTIARTL.NS
2021-09-29,669.9539794921875,677.5791818844202,665.1762246981606,672.7531193353859,16729859,BHARTIARTL.NS
2021-09-30,664.3556518554688,685.1077174783276,662.9078333236414,671.5947445146055,13911568,BHARTIARTL.NS
2021-10-01,652.3871459960938,663.4387818845371,644.424142948219,663.4387818845371,14952128,BHARTIARTL.NS
2021-10-04,657.6957397460938,662.3287473908813,646.4027431100006,651.518356945118,8917898,BHARTIARTL.NS
2021-10-05,674.9248046875,678.9787087540223,656.7305735960406,660.5914233904632,25598885,BHARTIARTL.NS
2021-10-06,667.347900390625,683.3221543899477,664.2592088196398,681.1986752529021,10406502,BHARTIARTL.NS
2021-10-07,668.40966796875,677.7722411652765,667.2514011660637,671.5466086487477,8121590,BHARTIARTL.NS
2021-10-08,671.3052368164062,675.2143353274953,664.9348584214382,670.9674360348135,6297352,BHARTIARTL.NS
2021-10-11,666.8170166015625,671.8361332675845,661.1705471722217,668.9887446762158,8792050,BHARTIARTL.NS
2021-10-12,662.4735717773438,674.1044294610559,660.398400262114,666.9618334397792,8579567,BHARTIARTL.NS
2021-10-13,665.900146484375,672.5600775789604,659.3366541659117,665.0314316446086,7062149,BHARTIARTL.NS
2021-10-14,661.9427490234375,669.8575036442653,658.1301477030249,668.8922911029911,9820591,BHARTIARTL.NS
2021-10-18,656.9235229492188,677.5308426308704,656.006618316772,675.6486667055274,8574445,BHARTIARTL.NS
2021-10-19,657.4061889648438,674.6835157219077,651.9527738630119,674.6835157219077,7328862,BHARTIARTL.NS
2021-10-20,683.8048095703125,689.0652294943308,657.6958231451067,659.6262481512127,21217306,BHARTIARTL.NS
2021-10-21,671.8361206054688,687.5690719118365,665.2244388231148,686.2178098157673,8908979,BHARTIARTL.NS
2021-10-22,670.3400268554688,680.7643092272144,660.4465995332678,674.2008765421813,6587256,BHARTIARTL.NS
2021-10-25,667.0584106445312,679.5096768678075,651.5185112013779,668.892338166748,9540441,BHARTIARTL.NS
2021-10-26,671.9808349609375,685.1559478993383,665.0312944125656,670.822568384228,10953878,BHARTIARTL.NS
2021-10-27,677.9169921875,689.7891533538267,669.8574911825552,675.0696623732302,11878571,BHARTIARTL.NS
2021-10-28,665.7553100585938,681.4882617469725,660.5914468400048,678.3030723358851,8884507,BHARTIARTL.NS
2021-10-29,661.5083618164062,676.6139609720527,653.4971098668766,668.1201027736129,8602343,BHARTIARTL.NS
2021-11-01,687.7138671875,697.6555435904286,665.6104786282255,665.9483383311723,17121001,BHARTIARTL.NS
2021-11-02,689.1134643554688,697.9451232320783,684.8665058634448,687.713894472059,7725455,BHARTIARTL.NS
2021-11-03,674.780029296875,707.0181500803122,671.7878941377437,700.502965762166,23261507,BHARTIARTL.NS
2021-11-04,676.7103881835938,680.2816858359886,674.8765199758539,679.509527700525,1064714,BHARTIARTL.NS
2021-11-08,684.3356323242188,690.0304093878659,679.509570037024,682.839564797567,7565546,BHARTIARTL.NS
2021-11-09,688.3894653320312,691.5264054947295,680.6195176344946,686.9416467954013,5278131,BHARTIARTL.NS
2021-11-10,709.865478515625,712.3267583780491,682.7429744551804,692.5399039786589,15180490,BHARTIARTL.NS
2021-11-11,703.2537841796875,712.9059089085434,699.0551334873928,709.431167570913,7421118,BHARTIARTL.NS
2021-11-12,717.6353759765625,719.0831944889565,700.020250742437,707.5006463898054,9207508,BHARTIARTL.NS
2021-11-15,711.8924560546875,720.0485133298781,710.5894427655643,714.2572384237396,5454742,BHARTIARTL.NS
2021-11-16,704.8945922851562,716.2358377976765,701.7576520370123,715.5601773464678,4639931,BHARTIARTL.NS
2021-11-17,695.001220703125,706.8733221900633,691.3334251340074,699.3446767772654,8002927,BHARTIARTL.NS
2021-11-18,689.49951171875,698.2829806363773,683.3704360337699,695.5320897204606,4469597,BHARTIARTL.NS
2021-11-22,716.2840576171875,729.652283941775,707.5971465127036,714.2571352575625,36884348,BHARTIARTL.NS
2021-11-23,732.499755859375,734.5266784506578,710.1068151150315,719.083279166544,18240414,BHARTIARTL.NS
2021-11-24,732.499755859375,754.6030857376269,729.9419192881865,737.4223158164291,21653712,BHARTIARTL.NS
2021-11-25,738.5324096679688,741.7658481609046,726.6119992723098,732.6445777381598,8483653,BHARTIARTL.NS
2021-11-26,713.0507202148438,736.4571228750265,707.5972461333836,736.4571228750265,11142921,BHARTIARTL.NS
2021-11-29,713.6298217773438,728.7354206171457,701.8059689262709,725.8397831842299,15885643,BHARTIARTL.NS
2021-11-30,702.916015625,724.1024421591387,697.5108490936378,714.2572627016821,14272616,BHARTIARTL.NS
2021-12-01,697.1246948242188,711.7476870654548,693.2638450086467,707.5007287035685,10488561,BHARTIARTL.NS
2021-12-02,707.0663452148438,710.1067878971227,689.3064720659726,698.717293144019,11507427,BHARTIARTL.NS
2021-12-03,693.3603515625,709.0933618918122,691.3816777890761,704.6051003590144,11024093,BHARTIARTL.NS
2021-12-06,673.3322143554688,696.786925162539,669.7126674916487,693.0225728594079,8804487,BHARTIARTL.NS
2021-12-07,674.5386962890625,681.1504369105755,669.9539371571949,677.9169398599123,10238693,BHARTIARTL.NS
2021-12-08,690.2716674804688,693.987711634479,677.8686528642071,680.4747381116936,8296393,BHARTIARTL.NS
2021-12-09,689.1134643554688,698.7655891901643,686.2660757468547,691.8642963685991,9069515,BHARTIARTL.NS
2021-12-10,685.9764404296875,693.8911936147778,682.4051428924274,686.2659923571653,4251339,BHARTIARTL.NS
2021-12-13,678.6408081054688,693.4086048076645,674.056049251204,690.1268591156456,9896899,BHARTIARTL.NS
2021-12-14,667.5408325195312,681.7294657368984,664.452200152988,676.613852103939,9275631,BHARTIARTL.NS
2021-12-15,661.6048583984375,670.7261274578186,660.3017862974457,667.6856848007282,7674319,BHARTIARTL.NS
2021-12-16,657.6957397460938,665.9000449816989,654.0278855700772,665.9000449816989,9633006,BHARTIARTL.NS
2021-12-17,642.8796997070312,661.8461467096172,638.1018866006199,657.3096367003792,13850460,BHARTIARTL.NS
2021-12-20,635.35107421875,638.1502137960158,622.6585073558904,636.2197889598024,11812939,BHARTIARTL.NS
2021-12-21,643.796630859375,647.5609825505935,636.2679863888239,640.8527450043892,8084499,BHARTIARTL.NS
2021-12-22,660.92919921875,662.1357147339357,643.7966789031124,643.7966789031124,8522226,BHARTIARTL.NS
2021-12-23,655.137939453125,665.0313668997468,652.0009990432205,665.0313668997468,5602466,BHARTIARTL.NS
2021-12-24,653.4970092773438,659.0952291206165,649.2501102877757,658.371319858679,3756020,BHARTIARTL.NS
2021-12-27,652.2423706054688,654.7518996320143,645.3893851708956,651.4702123597546,3658572,BHARTIARTL.NS
2021-12-28,656.3927001953125,659.7226948558954,651.566638052987,656.1996459272411,3892590,BHARTIARTL.NS
2021-12-29,653.303955078125,659.7226407659131,651.5183357966222,656.2961487081748,3847574,BHARTIARTL.NS
2021-12-30,655.717041015625,661.9426729739707,650.7462323462897,653.9314215841739,5701612,BHARTIARTL.NS
2021-12-31,660.0122680664062,669.9539446175205,656.3444725024477,656.8270787322289,4598628,BHARTIARTL.NS
2022-01-03,667.2513427734375,668.5061071532501,659.3365890449321,663.8730992598466,2939833,BHARTIARTL.NS
2022-01-04,673.1874389648438,678.7856594251467,666.3827029349973,668.1683224131643,6473875,BHARTIARTL.NS
2022-01-05,675.6487426757812,678.3030770220075,667.6857396371024,676.5174574811224,4586105,BHARTIARTL.NS
2022-01-06,685.68701171875,695.4356348042656,675.6487777418265,677.5792028210889,21642414,BHARTIARTL.NS
2022-01-07,680.1852416992188,690.2717238273206,677.0483011610753,689.0652082357269,4315015,BHARTIARTL.NS
2022-01-10,680.426513671875,686.6038378709388,679.1717492964317,680.8608710473454,3565324,BHARTIARTL.NS
2022-01-11,678.978759765625,684.8665325797101,670.4365936065574,678.5444023487407,10642484,BHARTIARTL.NS
2022-01-12,704.798095703125,707.2111266669731,679.702573679105,683.3221201248771,12366953,BHARTIARTL.NS
2022-01-13,706.3424682617188,710.0585715894093,700.8890531958333,703.6398851491487,5829874,BHARTIARTL.NS
2022-01-14,695.5320434570312,705.4737784720896,693.4568721096099,704.5568148944427,5344096,BHARTIARTL.NS
2022-01-17,703.2537841796875,709.1898644526916,694.5186230824517,694.952980477629,4340924,BHARTIARTL.NS
2022-01-18,689.49951171875,705.2807711183615,687.7621410366363,701.70947315897,4312058,BHARTIARTL.NS
2022-01-19,679.219970703125,690.1268589289956,677.289545922904,689.1616465388852,5879490,BHARTIARTL.NS
2022-01-20,690.5130004882812,694.6151533425236,680.7160706951576,681.4399800223767,4812496,BHARTIARTL.NS
2022-01-21,671.06396484375,689.1616985234627,665.3691877477763,684.9147401218661,6704622,BHARTIARTL.NS
2022-01-24,665.900146484375,682.4052571447579,653.7866821311417,666.2861961483509,11091633,BHARTIARTL.NS
2022-01-25,687.08642578125,695.3872877974513,658.4196645303779,660.2052839118747,14128764,BHARTIARTL.NS
2022-01-27,682.6465454101562,691.0921548443575,677.0965734962525,681.9226360300818,8937312,BHARTIARTL.NS
2022-01-28,690.8991088867188,727.7702388718916,677.2413870985289,690.0304529672989,21450677,BHARTIARTL.NS
2022-01-31,703.929443359375,709.4311662267778,694.5186217665707,702.6746789293799,10745370,BHARTIARTL.NS
2022-02-01,697.8969116210938,709.4312131962561,693.3121520800296,707.5007881263342,4814511,BHARTIARTL.NS
2022-02-02,699.8272705078125,706.294205662847,695.4355656714469,700.840731791298,3286577,BHARTIARTL.NS
2022-02-03,696.5455932617188,703.6398812569597,693.5051504569623,700.7442438855319,3651578,BHARTIARTL.NS
2022-02-04,695.14599609375,698.0898821899468,691.5746983603137,696.0146519238999,3284198,BHARTIARTL.NS
2022-02-07,681.922607421875,695.0494733984303,675.166120157964,693.0225507840145,6833983,BHARTIARTL.NS
2022-02-08,684.2391967773438,689.8374177564721,676.6139941063925,686.4591738486655,7167684,BHARTIARTL.NS
2022-02-09,694.3256225585938,700.8408072549622,677.7240138692183,682.5017688503696,10185173,BHARTIARTL.NS
2022-02-10,698.8619995117188,701.6611389286288,683.9494567238945,697.8002894773804,6074014,BHARTIARTL.NS
2022-02-11,690.2716674804688,700.1650945239367,686.1695148039089,696.5937968819654,5646980,BHARTIARTL.NS
2022-02-14,665.70703125,679.5095573513203,661.17052100235,679.5095573513203,7441445,BHARTIARTL.NS
2022-02-15,686.7968139648438,688.2928812772714,662.7147548177094,671.7877741832135,4650249,BHARTIARTL.NS
2022-02-16,696.6903686523438,702.8677521987897,683.3704479742086,692.4434690120708,5433910,BHARTIARTL.NS
2022-02-17,692.057373046875,702.1921044513272,690.1269480174556,699.2482180638418,5107708,BHARTIARTL.NS
2022-02-18,687.7621459960938,694.5186334067307,686.6038792290342,687.2795397524768,4099366,BHARTIARTL.NS
2022-02-21,685.2525634765625,691.6229418290986,678.5443254327934,683.4186363295555,4307430,BHARTIARTL.NS
2022-02-22,674.9248046875,678.0617451454684,663.5835584163837,670.05049360442,9148804,BHARTIARTL.NS
2022-02-23,679.8956298828125,684.2873344671967,675.1660656153902,675.7451694836142,4124469,BHARTIARTL.NS
2022-02-24,647.56103515625,664.5969989961626,622.9963673222941,658.274869437172,14139461,BHARTIARTL.NS
2022-02-25,664.693603515625,670.9674846884714,653.9314607082151,653.9314607082151,6452099,BHARTIARTL.NS
2022-02-28,662.6183471679688,665.9965907442075,643.2658493207512,657.3096786910222,8301523,BHARTIARTL.NS
2022-03-02,650.7944946289062,660.2053160195356,642.8314919137583,660.2053160195356,10220908,BHARTIARTL.NS
2022-03-03,648.6710205078125,656.1514170560589,645.341025745892,651.5184090408139,6517030,BHARTIARTL.NS
2022-03-04,630.95947265625,644.7137518630003,627.3881743429945,641.8663629816789,7094874,BHARTIARTL.NS
2022-03-07,651.904541015625,655.7170832315795,616.7707827229848,617.7359952155091,12615451,BHARTIARTL.NS
2022-03-08,659.2401123046875,662.9561567229067,644.3758168080235,651.518412599801,8462985,BHARTIARTL.NS
2022-03-09,667.4443969726562,673.718277782956,650.8427313537925,658.2748788652951,9896395,BHARTIARTL.NS
2022-03-10,673.4769897460938,682.8878111721409,666.5756971355686,675.6004689271701,5989327,BHARTIARTL.NS
2022-03-11,670.6778564453125,677.9652576715043,667.4444182585643,672.4635348492503,3353880,BHARTIARTL.NS
2022-03-14,676.0347900390625,680.3299380991718,664.2109381125772,664.2109381125772,4016137,BHARTIARTL.NS
2022-03-15,678.6408081054688,684.8181909686022,671.3052175034007,674.6834608697011,6006439,BHARTIARTL.NS
2022-03-16,687.2313232421875,690.6095671064398,680.4748355136828,685.3008981769004,3843706,BHARTIARTL.NS
2022-03-17,697.7521362304688,702.6264475480507,690.1269339548804,694.9529964300895,8168953,BHARTIARTL.NS
2022-03-21,683.5635375976562,699.1516848852484,682.2122164670378,696.8834589644588,6317305,BHARTIARTL.NS
2022-03-22,694.22900390625,695.9181255702555,681.2951344571098,683.8529708273592,3000133,BHARTIARTL.NS
2022-03-23,680.426513671875,694.808143518234,678.5443376527643,694.2290396255345,7974713,BHARTIARTL.NS
2022-03-24,681.7777709960938,684.1908020520889,673.5734654057105,673.7182708338266,3597143,BHARTIARTL.NS
2022-03-25,684.6734008789062,689.596019527179,681.2951574369483,687.5207892766488,2930336,BHARTIARTL.NS
2022-03-28,707.5489501953125,711.3615510232017,685.3973134523069,690.3681809624762,7960258,BHARTIARTL.NS
2022-03-29,728.6871948242188,736.4571437325963,711.3616185202142,714.6433646127457,15833573,BHARTIARTL.NS
2022-03-30,723.4267578125,743.1171160795594,718.697193069248,736.2158232441419,9938988,BHARTIARTL.NS
2022-03-31,728.6871948242188,732.5962936999221,713.9677040746485,726.8050186509108,7371181,BHARTIARTL.NS
2022-04-01,732.1136474609375,739.9801525376349,723.1854322479993,733.3684118706475,5920139,BHARTIARTL.NS
2022-04-04,741.090087890625,748.0396291307339,729.8936473290375,731.4862124826328,5783224,BHARTIARTL.NS
2022-04-05,739.9318237304688,746.8813649943571,734.5266576984952,741.0900904264321,3990794,BHARTIARTL.NS
2022-04-06,748.6670532226562,753.5413642660012,736.4570922825723,737.4223047233096,7490027,BHARTIARTL.NS
2022-04-07,735.8779907226562,750.7904758499493,733.127099910673,748.0396439498584,5818505,BHARTIARTL.NS
2022-04-08,735.58837890625,741.6209566722174,731.2449229147535,741.6209566722174,5583587,BHARTIARTL.NS
2022-04-11,731.6792602539062,738.5805525938877,729.7005865832477,730.6657989993631,4927865,BHARTIARTL.NS
2022-04-12,715.849853515625,733.513229973118,714.3537270543173,733.513229973118,3904026,BHARTIARTL.NS
2022-04-13,714.8846435546875,730.1832377268371,712.278558088419,716.1876568318745,6343030,BHARTIARTL.NS
2022-04-18,704.1224365234375,714.4019720127641,698.2346645257627,711.0237286572712,8950327,BHARTIARTL.NS
2022-04-19,698.3311767578125,713.2919690725963,691.9124906838105,713.2919690725963,9957060,BHARTIARTL.NS
2022-04-20,713.6298217773438,718.6006896019403,698.7655849688459,704.6533575176836,6632292,BHARTIARTL.NS
2022-04-21,710.155029296875,718.0215339880592,704.6050579500085,718.0215339880592,6111830,BHARTIARTL.NS
2022-04-22,713.0507202148438,715.125950613391,703.6398985267291,705.5703234883937,5182247,BHARTIARTL.NS
2022-04-25,713.6298217773438,717.1528708854825,703.7847016349455,704.5568598346775,3571031,BHARTIARTL.NS
2022-04-26,729.9901733398438,732.4997610885636,713.3885072085266,719.0832842999547,4987848,BHARTIARTL.NS
2022-04-27,726.3224487304688,735.0576105839835,720.4346757008685,723.9094173393377,4571399,BHARTIARTL.NS
2022-04-28,721.3515014648438,728.0597397795776,718.6971672254226,724.8745504746507,6101866,BHARTIARTL.NS
2022-04-29,713.2919921875,734.5266658385488,709.9619974916617,725.8397538903924,7219115,BHARTIARTL.NS
2022-05-02,715.560302734375,717.1046781666006,704.9429646494077,708.4660140332701,3938533,BHARTIARTL.NS
2022-05-04,697.2694702148438,713.6297734739236,692.0572996236334,711.3615478697599,6785271,BHARTIARTL.NS
2022-05-05,693.9395141601562,707.5972352058784,689.4030037879235,700.7442502625586,4836692,BHARTIARTL.NS
2022-05-06,685.5421752929688,698.7173494282994,683.1291440529371,686.5073877889814,5912312,BHARTIARTL.NS
2022-05-09,686.7487182617188,695.4356310717757,679.9439816762205,681.5365470109255,4819274,BHARTIARTL.NS
2022-05-10,694.6151733398438,703.1572800821932,685.4456549310848,686.2660619607954,6746893,BHARTIARTL.NS
2022-05-11,697.7037353515625,709.431089165793,691.9607689021115,694.6151029091943,6919703,BHARTIARTL.NS
2022-05-12,680.8609008789062,697.6555625338483,676.8552455579057,690.3682201572793,6754953,BHARTIARTL.NS
2022-05-13,665.900146484375,688.1965323114745,660.9292784015176,688.1965323114745,11938252,BHARTIARTL.NS
2022-05-16,669.0852661132812,673.7182739800495,656.0066495110898,661.990919428391,5412233,BHARTIARTL.NS
2022-05-17,682.4534301757812,685.3008185988165,666.8169771803033,670.8226322903909,4847812,BHARTIARTL.NS
2022-05-18,671.9326171875,701.8542007575712,665.2243794111871,695.9181210974632,18992703,BHARTIARTL.NS
2022-05-19,650.7944946289062,668.8922280724242,644.617111382095,661.1705284698565,7322668,BHARTIARTL.NS
2022-05-20,663.9696655273438,667.4444067700665,659.2401009746283,664.5487694305,5577407,BHARTIARTL.NS
2022-05-23,661.9909057617188,669.7609127674109,655.9583282181006,658.0818072958322,3788601,BHARTIARTL.NS
2022-05-24,654.607177734375,665.2727648664296,652.3388928443461,665.2727648664296,4053608,BHARTIARTL.NS
2022-05-25,664.2591552734375,665.9000280612418,655.9100448281281,657.5509176159325,4188088,BHARTIARTL.NS
2022-05-26,669.5196533203125,671.305272824895,652.3871319793465,665.9966042403704,5780597,BHARTIARTL.NS
2022-05-27,660.5913696289062,675.6486590369751,652.4835621557074,672.8012707629418,7131633,BHARTIARTL.NS
2022-05-30,674.7317504882812,679.2682607795963,659.2401024688658,663.5353096480034,4675033,BHARTIARTL.NS
2022-05-31,675.841796875,682.0191214601576,668.506146608263,673.2357113711842,44593174,BHARTIARTL.NS
2022-06-01,670.4848022460938,681.6329934346647,667.2030565946523,677.1447323101768,3749781,BHARTIARTL.NS
2022-06-02,671.7395629882812,672.7047753615924,659.288299807812,664.9348275388152,3466993,BHARTIARTL.NS
2022-06-03,662.6183471679688,676.4208734256513,661.4118316050264,672.8013267368241,6673615,BHARTIARTL.NS
2022-06-06,659.1918334960938,665.8035150030688,652.9662016096765,658.4679241816706,6407024,BHARTIARTL.NS
2022-06-07,661.4600830078125,663.3422590756732,649.877533558692,654.5588493081806,8349903,BHARTIARTL.NS
2022-06-08,640.2254638671875,663.8731710184228,637.474631702109,658.7575563558413,13904149,BHARTIARTL.NS
2022-06-09,652.8213500976562,655.7652948980023,632.3105876369093,637.0401517220245,6774925,BHARTIARTL.NS
2022-06-10,649.92578125,652.9179751995354,644.761918194487,644.761918194487,3221484,BHARTIARTL.NS
2022-06-13,647.9471435546875,649.9258174097893,635.1098290060925,637.1367517041194,5982102,BHARTIARTL.NS
2022-06-14,658.3231811523438,665.4175284532536,645.8236673561756,645.8236673561756,8878530,BHARTIARTL.NS
2022-06-15,658.3713989257812,661.1705386395236,650.0705952901009,658.2266524031423,6005970,BHARTIARTL.NS
2022-06-16,631.4419555664062,660.1087752521555,627.3880517572891,659.3365582127893,9525587,BHARTIARTL.NS
2022-06-17,621.259033203125,638.7293554388093,615.805559153699,633.1793837066247,11085830,BHARTIARTL.NS
2022-06-20,618.6046752929688,624.9268049816776,612.1377401737531,622.5137738858427,3883001,BHARTIARTL.NS
2022-06-21,631.5385131835938,635.2546165746231,618.218592756695,619.7629091582302,3515991,BHARTIARTL.NS
2022-06-22,620.48681640625,627.7259099736181,619.1355542874778,626.0367881412321,4348884,BHARTIARTL.NS
2022-06-23,637.2332763671875,641.4801758340067,625.2163694862313,625.6024780340755,4336533,BHARTIARTL.NS
2022-06-24,647.8505859375,652.194041813093,639.0671175974996,639.0671175974996,5621332,BHARTIARTL.NS
2022-06-27,660.1571044921875,663.1009908496795,647.850645055021,651.5184407911698,5284297,BHARTIARTL.NS
2022-06-28,657.4544677734375,661.0740143722521,652.7731521585026,659.2400871974296,3216376,BHARTIARTL.NS
2022-06-29,663.8731079101562,665.1278723063184,651.518400396134,653.4488252861966,5011798,BHARTIARTL.NS
2022-06-30,661.1222534179688,667.5408806109858,655.3792277838762,665.8035100516688,6505666,BHARTIARTL.NS
2022-07-01,650.0223388671875,661.9426891082027,642.8314943031892,661.0257254946108,4488771,BHARTIARTL.NS
2022-07-04,658.1784057617188,661.6531470831749,642.8797527905587,647.1749600572848,4229588,BHARTIARTL.NS
2022-07-05,660.6397094726562,665.3209665475324,656.3927508946213,659.5296915294279,3494504,BHARTIARTL.NS
2022-07-06,669.8091430664062,670.77435544667,660.3983223588347,660.6878742905361,4697006,BHARTIARTL.NS
2022-07-07,662.9078369140625,672.2704085862994,661.6048237931153,667.9269529672924,3485283,BHARTIARTL.NS
2022-07-08,670.9674682617188,672.3669792057284,662.7631623134713,664.0661755757885,2732170,BHARTIARTL.NS
2022-07-11,637.5711059570312,657.3097133911717,636.0267895196957,651.51843838332,18687521,BHARTIARTL.NS
2022-07-12,639.9358520507812,643.7002041570134,637.040214711185,640.1771551624142,7416645,BHARTIARTL.NS
2022-07-13,621.1141967773438,646.6923260929609,618.7011657098327,646.6923260929609,12030163,BHARTIARTL.NS
2022-07-14,619.32861328125,629.5115931945136,606.8773486858013,627.3881139495362,11379990,BHARTIARTL.NS
2022-07-15,629.1254272460938,634.6271496796871,620.8728730516483,626.3745954852418,5567877,BHARTIARTL.NS
2022-07-18,639.9840698242188,646.6923077843599,626.5676528158262,634.1445465885439,8982417,BHARTIARTL.NS
2022-07-19,649.4915161132812,653.4488638064348,640.0323864648531,651.5184388025754,7836419,BHARTIARTL.NS
2022-07-20,647.3197631835938,656.3444761661204,644.954980862087,656.3444761661204,4458819,BHARTIARTL.NS
2022-07-21,654.7518310546875,656.2962062962591,647.8505974985587,648.1401494463872,3550107,BHARTIARTL.NS
2022-07-22,655.2344360351562,658.1783810828838,651.7114460047561,656.0549019496624,2415220,BHARTIARTL.NS
2022-07-25,654.8001098632812,662.6665555057306,653.014431592132,656.3444261247014,2913348,BHARTIARTL.NS
2022-07-26,660.3018188476562,661.5083344199636,646.9336498712471,658.8540001608873,5016687,BHARTIARTL.NS
2022-07-27,651.4219970703125,660.1571591806946,646.4028798467872,660.1571591806946,6237523,BHARTIARTL.NS
2022-07-28,643.6519165039062,655.7653802156542,641.0941387878623,655.1862173825144,7374170,BHARTIARTL.NS
2022-07-29,654.3657836914062,656.9718690546599,647.6575454693675,649.3949160742393,7669970,BHARTIARTL.NS
2022-08-01,673.2711181640625,676.5189283288264,656.4017486091443,657.274324652026,8812526,BHARTIARTL.NS
2022-08-02,665.8543090820312,678.942592909021,660.3766554290518,678.6517539920574,6236599,BHARTIARTL.NS
2022-08-03,672.0107421875,675.5978544222158,666.0482776049458,667.0177801924349,5237250,BHARTIARTL.NS
2022-08-04,673.1256103515625,677.197532906723,659.9403993073412,676.9066939757273,6352142,BHARTIARTL.NS
2022-08-05,682.1905517578125,688.3468698112746,675.1131351939966,676.7128382088306,5811092,BHARTIARTL.NS
2022-08-08,682.869140625,688.2014049873479,677.6823253238499,686.3593855300555,5918607,BHARTIARTL.NS
2022-08-10,693.436767578125,696.1028998547273,684.4688681022807,692.1279626754729,12201239,BHARTIARTL.NS
2022-08-11,688.1529541015625,697.4602148424794,684.178016992899,696.8784777609409,7142902,BHARTIARTL.NS
2022-08-12,688.0559692382812,690.770564534335,685.0989983055489,688.2013591160448,4540159,BHARTIARTL.NS
2022-08-16,682.6267700195312,694.1638748492326,679.1365842624125,693.194372230728,6679663,BHARTIARTL.NS
2022-08-17,700.9019165039062,702.5500827586528,680.8816641444332,685.4383381991763,8812954,BHARTIARTL.NS
2022-08-18,710.83935546875,713.5539510564984,698.9144846975278,702.8894218966866,10354897,BHARTIARTL.NS
2022-08-19,709.9667358398438,715.1050877394601,703.8588813488378,707.9308040674225,13743828,BHARTIARTL.NS
2022-08-22,705.4100341796875,712.0026988817559,702.3076733478199,709.5304200316103,8118490,BHARTIARTL.NS
2022-08-23,715.1051635742188,719.952677045231,700.5141598612217,702.8894532967674,8229797,BHARTIARTL.NS
2022-08-24,716.2200927734375,731.1989207616211,696.1029125026439,700.8049767518609,14922081,BHARTIARTL.NS
2022-08-25,718.4014282226562,731.0534253464849,712.8267882600649,722.0855262762291,9849958,BHARTIARTL.NS
2022-08-26,708.5609130859375,718.8861388850705,705.7978544953895,718.8861388850705,5928897,BHARTIARTL.NS
2022-08-29,698.6234741210938,702.7923821879477,693.2912103994059,695.8119523902637,5878942,BHARTIARTL.NS
2022-08-30,704.4405517578125,707.8338107916627,690.0919253922798,699.9808635542488,8894800,BHARTIARTL.NS
2022-09-01,712.6328735351562,723.2489388285817,704.3436381487461,704.3436381487461,11869518,BHARTIARTL.NS
2022-09-02,712.5844116210938,718.3045006355765,697.7025703676197,702.8893856126434,5693707,BHARTIARTL.NS
2022-09-05,717.8197631835938,719.3224804091459,710.8877957843207,712.5844253685315,3660135,BHARTIARTL.NS
2022-09-06,738.0338134765625,741.6694480257081,717.8197090528085,717.8197090528085,10166270,BHARTIARTL.NS
2022-09-07,730.1323852539062,738.6640554829893,665.2726967414533,732.4592151661549,126794211,BHARTIARTL.NS
2022-09-08,746.3230590820312,752.3339867906219,733.9619014382421,735.8524432655696,10648073,BHARTIARTL.NS
2022-09-09,742.3966064453125,751.1705930282332,739.6335477401842,749.4255002053236,4627905,BHARTIARTL.NS
2022-09-12,745.6929931640625,747.8743741448371,741.1847821342966,743.6085387796016,2654087,BHARTIARTL.NS
2022-09-13,760.3323974609375,764.8406081220737,746.5169857123645,750.3949960277535,8335652,BHARTIARTL.NS
2022-09-14,759.4598388671875,764.355874341511,752.0916427686642,752.334018418928,6645392,BHARTIARTL.NS
2022-09-15,761.156494140625,766.537281097308,758.1510596452887,763.9680754481936,5485310,BHARTIARTL.NS
2022-09-16,755.8727416992188,763.9680649104346,752.7703214790469,763.9680649104346,20211162,BHARTIARTL.NS
2022-09-19,758.8781127929688,762.028996046341,748.6498728360004,749.9102143026015,5760313,BHARTIARTL.NS
2022-09-20,767.9915161132812,772.6451168061222,761.0595487828951,762.7077150544984,7936714,BHARTIARTL.NS
2022-09-21,756.4059448242188,772.693576765711,755.2425298625958,767.9915127974243,9966193,BHARTIARTL.NS
2022-09-22,760.1869506835938,770.5606401431068,752.6733056750024,767.07045451829,7721133,BHARTIARTL.NS
2022-09-23,747.8257446289062,763.9679852455308,745.256598456879,763.9679852455308,9271829,BHARTIARTL.NS
2022-09-26,732.02294921875,747.6319770717967,730.2293930220814,746.4685620806155,13144297,BHARTIARTL.NS
2022-09-27,737.4036254882812,741.6694604334732,734.1073522794878,735.7069960036296,5965026,BHARTIARTL.NS
2022-09-28,738.227783203125,747.4865214065508,731.9744794577766,732.4592307686759,5546932,BHARTIARTL.NS
2022-09-29,741.3301391601562,745.5474515298739,736.1432650789496,740.6514755489834,5413233,BHARTIARTL.NS
2022-09-30,775.505126953125,784.3275766426499,738.2277414200952,742.5905029712595,7469164,BHARTIARTL.NS
2022-10-03,778.8499145507812,790.6778584777533,773.7115624438268,778.8984370213025,12619046,BHARTIARTL.NS
2022-10-04,784.0367431640625,791.8412270473816,782.8733282409067,788.205592396108,5772140,BHARTIARTL.NS
2022-10-06,764.5496826171875,790.968626944238,762.6591999951606,785.8302752951926,6503205,BHARTIARTL.NS
2022-10-07,768.9124755859375,772.4996469809495,760.7686893858001,767.8460464131937,6025982,BHARTIARTL.NS
2022-10-10,768.1853637695312,770.5606569814813,755.9211913465936,761.0110800120254,3519416,BHARTIARTL.NS
2022-10-11,756.5028686523438,773.1783252447213,752.334019297685,773.1783252447213,3699862,BHARTIARTL.NS
2022-10-12,751.8977661132812,757.5208696316345,745.7414479737794,756.5029036869427,5984299,BHARTIARTL.NS
2022-10-13,745.4505615234375,755.2425139656912,744.2386832917853,751.3645036244038,2842056,BHARTIARTL.NS
2022-10-14,742.5905151367188,756.163551296034,739.7789339770782,756.163551296034,3608210,BHARTIARTL.NS
2022-10-17,742.6390380859375,747.4865513893706,736.6765730532163,737.7915247825046,4566333,BHARTIARTL.NS
2022-10-18,759.2659912109375,761.6412252618128,745.2082033933408,746.3715591840784,4391263,BHARTIARTL.NS
2022-10-19,759.5083618164062,764.5982504751646,755.727278000403,763.9195868192483,5219180,BHARTIARTL.NS
2022-10-20,768.7186889648438,769.7851182299205,754.5639145107759,758.15108621637,4756732,BHARTIARTL.NS
2022-10-21,773.1298217773438,778.3651000528855,765.6646402936423,765.9070159315953,4807736,BHARTIARTL.NS
2022-10-24,777.6380004882812,782.8733381216878,775.6020687273686,775.6020687273686,522406,BHARTIARTL.NS
2022-10-25,777.8319702148438,781.7584441426532,774.3417843176234,781.5645909501658,3184277,BHARTIARTL.NS
2022-10-27,792.1805419921875,797.1250407015173,779.6739940953365,781.9038382158224,8159181,BHARTIARTL.NS
2022-10-28,791.9381713867188,799.2579633210171,786.557443816972,794.0226256363355,3905093,BHARTIARTL.NS
2022-10-31,806.626220703125,808.3713136727814,794.9921886737529,797.900696681096,5487233,BHARTIARTL.NS
2022-11-01,810.06787109375,815.7879600008483,796.0100836454067,802.7481384295334,10488759,BHARTIARTL.NS
2022-11-02,785.1516723632812,804.6871738065153,782.6309892232644,804.6871738065153,11729925,BHARTIARTL.NS
2022-11-03,793.6832885742188,799.257928253205,779.67396485054,785.0546921842049,5897840,BHARTIARTL.NS
2022-11-04,791.5018920898438,796.7371702669699,784.5214620132704,790.8232284815851,3768226,BHARTIARTL.NS
2022-11-07,797.6098022460938,798.9186070888798,784.3276047681758,792.0836255817054,7171570,BHARTIARTL.NS
2022-11-09,794.0711059570312,800.3244096662162,789.611417592047,799.0640680999157,3969171,BHARTIARTL.NS
2022-11-10,800.5667724609375,805.3658221687489,792.6168393011152,794.7982201525074,4425290,BHARTIARTL.NS
2022-11-11,801.6817016601562,811.376727394715,798.6762081781984,805.4142628984649,4325441,BHARTIARTL.NS
2022-11-14,796.8341674804688,805.4627046491995,792.0835813280994,793.0530838756247,10406576,BHARTIARTL.NS
2022-11-15,809.777099609375,813.170358931294,797.5613897199654,797.5613897199654,6229710,BHARTIARTL.NS
2022-11-16,815.5455932617188,818.3086519829337,802.7966104912177,811.9584218320109,3445345,BHARTIARTL.NS
2022-11-17,820.3446655273438,823.4955490421319,812.8310202228489,816.127293626381,4545534,BHARTIARTL.NS
2022-11-18,811.7645263671875,825.8707775574455,805.7535983293432,824.0287580962269,7405949,BHARTIARTL.NS
2022-11-21,825.2406005859375,826.7917810306351,809.5346470949754,811.4736522377179,5527122,BHARTIARTL.NS
2022-11-22,821.7504272460938,834.3054984713065,819.326670607008,827.3735899877693,7601660,BHARTIARTL.NS
2022-11-23,817.5330200195312,825.8707182263095,815.9333171528435,825.8707182263095,4596816,BHARTIARTL.NS
2022-11-24,822.4774780273438,825.0466834962114,812.2007744993549,820.1991706672089,3455310,BHARTIARTL.NS
2022-11-25,821.0232543945312,833.7722372735011,815.933365736757,826.0162164616546,2991065,BHARTIARTL.NS
2022-11-28,811.8615112304688,826.5494403029468,810.5526471995839,814.6245700060977,3668846,BHARTIARTL.NS
2022-11-29,810.3587036132812,819.0357634939478,809.5346500940592,813.412660393911,2680296,BHARTIARTL.NS
2022-11-30,822.8653564453125,826.0162399898749,807.2078653159127,809.340782934673,6874390,BHARTIARTL.NS
2022-12-01,822.7199096679688,827.1796572784522,815.9333912454349,826.9857449173451,4506664,BHARTIARTL.NS
2022-12-02,822.7683715820312,825.9677181967162,813.5095747908919,825.4345036232254,3505272,BHARTIARTL.NS
2022-12-05,818.3571166992188,825.6283861610899,815.2062332657413,825.0467082736371,3311316,BHARTIARTL.NS
2022-12-06,807.9349365234375,819.2296650423339,804.3962876757237,819.132738455612,5567349,BHARTIARTL.NS
2022-12-07,808.5651245117188,815.9333202022818,806.6261194169665,812.0068467201562,3771882,BHARTIARTL.NS
2022-12-08,807.2078247070312,814.5760798217273,801.0999702857476,807.5956494086569,4822179,BHARTIARTL.NS
2022-12-09,809.437744140625,811.0858512210834,798.8216788394028,804.9779966778608,4615843,BHARTIARTL.NS
2022-12-12,803.135986328125,811.4252218143943,800.2274784961888,807.2078499538409,3149823,BHARTIARTL.NS
2022-12-13,812.49169921875,814.382241256416,796.9311932294928,796.9311932294928,3832999,BHARTIARTL.NS
2022-12-14,803.9115600585938,816.3211813850431,802.8935941730876,815.01237655707,7491333,BHARTIARTL.NS
2022-12-15,801.1483764648438,805.6565868114424,799.2093714424335,803.7175817890321,2996482,BHARTIARTL.NS
2022-12-16,797.658203125,807.3047650917364,794.8951445958854,799.839583808113,4309644,BHARTIARTL.NS
2022-12-19,814.77001953125,819.2781711768815,796.9311477848175,797.6098114485801,6397169,BHARTIARTL.NS
2022-12-20,803.6692504882812,814.1398674941835,796.9311950940385,814.1398674941835,2828863,BHARTIARTL.NS
2022-12-21,789.1751098632812,807.6441224055543,787.5754069170345,807.5956591107042,5079337,BHARTIARTL.NS
2022-12-22,791.69580078125,799.5488073582989,784.8123559795246,794.0226306945407,3626834,BHARTIARTL.NS
2022-12-23,783.9883422851562,793.0047051033788,780.4496339400292,789.1751577977439,2804496,BHARTIARTL.NS
2022-12-26,786.2666015625,790.3385242808026,776.7170247074708,780.4980493093831,6023206,BHARTIARTL.NS
2022-12-27,789.95068359375,794.4588942216933,780.4495702257499,790.1445959428399,1782053,BHARTIARTL.NS
2022-12-28,779.2861938476562,789.0782058104647,777.0078863609536,788.2056297832735,2907741,BHARTIARTL.NS
2022-12-29,795.7192993164062,799.5973099131356,736.918939973999,782.4371011878591,6110313,BHARTIARTL.NS
2022-12-30,781.5160522460938,799.6457633980757,780.4011597174627,799.5488368038452,3113243,BHARTIARTL.NS
2023-01-02,788.6903686523438,791.3080375188825,781.0312744083493,781.6614747706849,1626846,BHARTIARTL.NS
2023-01-03,792.665283203125,793.828698130152,783.8428334228406,785.6363895206073,1717603,BHARTIARTL.NS
2023-01-04,787.0421752929688,795.4283962015077,781.6129845649347,793.9741423450264,2970216,BHARTIARTL.NS
2023-01-05,782.4855346679688,799.8396550965302,779.2377245864681,799.8396550965302,5297349,BHARTIARTL.NS
2023-01-06,771.72412109375,787.4785393949729,767.8461104349875,782.9218650361776,3199618,BHARTIARTL.NS
2023-01-09,794.410400390625,796.4463320434561,776.6199933793855,778.219696230709,4340729,BHARTIARTL.NS
2023-01-10,768.6701049804688,800.9060661050337,766.1978852101753,800.9060661050337,8392344,BHARTIARTL.NS
2023-01-11,742.20263671875,755.8726576512522,728.7265872972611,751.3644472979695,28389020,BHARTIARTL.NS
2023-01-12,733.8165893554688,745.8383868734246,730.5687199298997,741.6695372569259,12732671,BHARTIARTL.NS
2023-01-13,740.9908447265625,742.5905477279014,729.0659742694048,733.9134873961962,12279288,BHARTIARTL.NS
2023-01-16,735.9978637695312,744.6748640086155,731.6351024174268,743.026757059033,5779293,BHARTIARTL.NS
2023-01-17,742.3482055664062,745.4506259422831,735.6101501813956,735.9979749185353,6594428,BHARTIARTL.NS
2023-01-18,752.8672485351562,756.2120444124987,742.6390077179154,744.7719253189559,5800899,BHARTIARTL.NS
2023-01-19,748.4559936523438,752.8187552733742,742.2996759232751,752.3340039821486,4169463,BHARTIARTL.NS
2023-01-20,741.1362915039062,752.1885858946541,735.173826706846,752.1885858946541,6289718,BHARTIARTL.NS
2023-01-23,749.1346435546875,752.333990183348,740.5545103531202,744.4810430790232,2685320,BHARTIARTL.NS
2023-01-24,751.9947509765625,753.8367704995612,737.7915135443511,749.4255452953789,5012125,BHARTIARTL.NS
2023-01-25,752.8187255859375,756.6967357628129,744.5779539600773,751.3160084771462,6560514,BHARTIARTL.NS
2023-01-27,750.8797607421875,755.1455958348809,742.4450763206643,751.3160487452175,6745926,BHARTIARTL.NS
2023-01-30,746.7109375,751.3160749927421,739.7305067288842,748.0682056778247,5420851,BHARTIARTL.NS
2023-01-31,746.807861328125,755.2425460130842,744.9658418420958,751.3645355072404,8537557,BHARTIARTL.NS
2023-02-01,745.6443481445312,760.7201593395965,733.5255669097435,752.2854757654369,4472974,BHARTIARTL.NS
2023-02-02,754.0306396484375,757.1815230670906,741.7179449161832,741.7664082109526,2841909,BHARTIARTL.NS
2023-02-03,768.7186889648438,770.7061575990759,754.6609002818036,756.1151542834974,5493687,BHARTIARTL.NS
2023-02-06,765.1798706054688,770.4152079287741,755.0485573480703,765.616158578034,2407975,BHARTIARTL.NS
2023-02-07,761.93212890625,771.5786325878756,759.120547652853,769.6881498273519,4126502,BHARTIARTL.NS
2023-02-08,751.46142578125,757.1815146704078,741.6694733967503,754.273006931597,9951783,BHARTIARTL.NS
2023-02-09,743.2691650390625,751.4614143733536,738.0822908126801,746.5169749619331,5913945,BHARTIARTL.NS
2023-02-10,748.4075317382812,749.6194099685804,737.7914666061125,745.4990239855633,2954992,BHARTIARTL.NS
2023-02-13,745.15966796875,755.82419647255,743.3176485496116,747.4864978572577,3705892,BHARTIARTL.NS
2023-02-14,751.5584106445312,753.885181328552,742.8328874385353,745.5474828234302,3502010,BHARTIARTL.NS
2023-02-15,761.4473876953125,763.1440172943005,748.6499411710541,751.3645366946861,3602838,BHARTIARTL.NS
2023-02-16,760.5262451171875,766.3917233855173,756.7936250018967,765.5676699330919,3399428,BHARTIARTL.NS
2023-02-17,753.109619140625,763.4348456549831,746.8078521461091,761.9805917331718,3093216,BHARTIARTL.NS
2023-02-20,755.3880004882812,769.5911785634418,753.4004727508019,757.4239323489373,3381774,BHARTIARTL.NS
2023-02-21,755.291015625,763.9680760391274,754.4184987581361,759.1690261632697,2769616,BHARTIARTL.NS
2023-02-22,748.6014404296875,757.8117149349284,743.1237271860213,753.3035042707613,3261898,BHARTIARTL.NS
2023-02-23,739.6820068359375,753.7882575705153,738.6155184913999,750.3949985332204,4062194,BHARTIARTL.NS
2023-02-24,734.0103759765625,752.1400859666156,731.974444238244,752.043159378597,4357223,BHARTIARTL.NS
2023-02-27,729.9384765625,731.392730353627,715.9291532065624,730.0354031457465,6719439,BHARTIARTL.NS
2023-02-28,719.6133422851562,734.0104329746132,717.0926590635243,731.9745010781986,10562614,BHARTIARTL.NS
2023-03-01,727.3208618164062,730.4717452640741,718.4014260682596,719.7587533767521,3744982,BHARTIARTL.NS
2023-03-02,717.52880859375,728.8720001845849,713.3599594925,728.0964099847284,4910541,BHARTIARTL.NS
2023-03-03,741.0877685546875,742.5420223711812,720.8736050011814,722.2793955252065,5759333,BHARTIARTL.NS
2023-03-06,743.220703125,752.2371250520329,741.7664491591876,743.3176888936347,4597345,BHARTIARTL.NS
2023-03-08,743.1721801757812,746.4200492763146,737.5006138338476,740.6999604670856,3546995,BHARTIARTL.NS
2023-03-09,749.8133544921875,770.7545875407789,746.7109342547587,770.7545875407789,5240056,BHARTIARTL.NS
2023-03-10,750.152587890625,755.1940129170125,744.7718606458342,749.4254609879846,4113931,BHARTIARTL.NS
2023-03-13,741.9603271484375,754.0791096354228,739.8759320649216,753.7398073952842,3447889,BHARTIARTL.NS
2023-03-14,748.2620239257812,753.061073175681,740.6999161972583,740.6999161972583,3753502,BHARTIARTL.NS
2023-03-15,733.5740966796875,742.2026335005503,729.5506376001719,734.882901396585,8101060,BHARTIARTL.NS
2023-03-16,723.2005004882812,735.8524980066104,720.8252072041039,727.1269743148324,7465693,BHARTIARTL.NS
2023-03-17,734.1558227539062,736.288740247365,716.6078498676474,727.1269291058827,9306857,BHARTIARTL.NS
2023-03-20,731.7805786132812,736.6280917985491,725.9635627909599,731.9260276783373,3566109,BHARTIARTL.NS
2023-03-21,733.864990234375,742.6389767542296,732.119897424009,736.821961270515,5332221,BHARTIARTL.NS
2023-03-22,733.6226196289062,739.924386446221,730.1808972788135,737.7914689194583,2680654,BHARTIARTL.NS
2023-03-23,740.263671875,742.4450526468511,733.7679928529618,734.8829444725153,2454948,BHARTIARTL.NS
2023-03-24,739.197265625,743.6084905988889,735.7070207776568,740.2636948103384,2336818,BHARTIARTL.NS
2023-03-27,738.5186157226562,746.2261733335719,736.1917857811085,739.7304939893492,2258853,BHARTIARTL.NS
2023-03-28,725.6242065429688,742.2511400269615,720.146493381721,742.2511400269615,4166723,BHARTIARTL.NS
2023-03-29,720.922119140625,731.877546003227,716.316981730259,728.096462144166,4891868,BHARTIARTL.NS
2023-03-31,726.157470703125,730.0354812275742,719.4194155821455,729.2114276606266,5796532,BHARTIARTL.NS
2023-04-03,737.3551635742188,738.6640275404999,729.1143917762091,731.9744361761487,2120667,BHARTIARTL.NS
2023-04-05,740.1668090820312,744.5780342994468,732.944002513518,744.5780342994468,3197932,BHARTIARTL.NS
2023-04-06,742.5905151367188,745.2566472394413,735.9493869402373,739.3426459800661,1777379,BHARTIARTL.NS
2023-04-10,746.274658203125,752.6248886694224,743.0753113213163,745.4990679247692,1701065,BHARTIARTL.NS
2023-04-11,750.5404663085938,752.3340224606845,744.7234506710112,752.3340224606845,3485481,BHARTIARTL.NS
2023-04-12,747.5834350585938,750.9282308806487,741.7664194284957,750.3950162826383,3794841,BHARTIARTL.NS
2023-04-13,743.656982421875,747.6319787193585,742.1058018793781,746.5170270224893,4292170,BHARTIARTL.NS
2023-04-17,736.4827270507812,764.9376067502559,731.3443155599758,764.9376067502559,9083437,BHARTIARTL.NS
2023-04-18,736.5796508789062,741.6695398780695,729.5992198453044,741.6695398780695,4051481,BHARTIARTL.NS
2023-04-19,741.3301391601562,743.4629974042156,732.9439185391218,738.1307334465896,3429794,BHARTIARTL.NS
2023-04-20,748.7468872070312,750.1526778888742,739.3426996365507,740.7000270204845,2355441,BHARTIARTL.NS
2023-04-21,741.8633422851562,751.6068308045992,741.1362153930525,746.1291178812555,4524208,BHARTIARTL.NS
2023-04-24,737.0642700195312,743.9962365113074,732.6045822229424,741.8633191927812,5271105,BHARTIARTL.NS
2023-04-25,749.0377197265625,753.303555033315,738.5186396996495,741.6210599978563,5773233,BHARTIARTL.NS
2023-04-26,749.8617553710938,756.1150586219763,743.7053787052291,756.1150586219763,5057352,BHARTIARTL.NS
2023-04-27,762.5137939453125,765.1314627967837,747.8258059042053,748.4560062629133,4129769,BHARTIARTL.NS
2023-04-28,774.9234619140625,777.5895942208425,763.1925034337291,765.7616499705603,6572656,BHARTIARTL.NS
2023-05-02,766.1010131835938,782.1947336578447,764.5013101263129,775.8445030744277,6301210,BHARTIARTL.NS
2023-05-03,755.5333251953125,770.2697757864532,753.4973935103067,770.2697757864532,3908267,BHARTIARTL.NS
2023-05-04,765.0344848632812,768.5247297588819,750.0557168977118,755.5333711326754,2457671,BHARTIARTL.NS
2023-05-05,763.2893676757812,766.8280757542876,756.4543863369626,765.0344604810927,1438467,BHARTIARTL.NS
2023-05-08,769.542724609375,771.0454418746505,761.2534888278593,765.8101630949411,2489174,BHARTIARTL.NS
2023-05-09,769.3972778320312,774.0024154103229,766.3918432925391,772.5966839096303,2486331,BHARTIARTL.NS
2023-05-10,771.7725219726562,773.2267758520748,764.0165012824242,772.6935612643697,2737334,BHARTIARTL.NS
2023-05-11,764.5496826171875,770.3182345894014,759.7991556552824,770.3182345894014,4808171,BHARTIARTL.NS
2023-05-12,767.7975463867188,769.494175827297,760.574740647795,763.4832482602149,2576010,BHARTIARTL.NS
2023-05-15,772.7420654296875,778.0258666391196,765.4707956480134,768.8155915823326,7569060,BHARTIARTL.NS
2023-05-16,763.3378295898438,776.8139390665477,760.0900196295456,776.426114366628,4846217,BHARTIARTL.NS
2023-05-17,768.0884399414062,773.3237776856066,759.993116847242,763.9680538640936,6529233,BHARTIARTL.NS
2023-05-18,774.9718017578125,778.5105095616784,770.4151873347348,773.6145337584601,11383252,BHARTIARTL.NS
2023-05-19,781.1766967773438,783.6973797930737,769.0579146368326,774.9718566519057,3432240,BHARTIARTL.NS
2023-05-22,777.3956298828125,779.4800841255307,775.1173224606489,776.5715763489428,9996762,BHARTIARTL.NS
2023-05-23,775.5535888671875,784.2791119539954,773.6145837367858,784.2791119539954,6516636,BHARTIARTL.NS
2023-05-24,776.9594116210938,778.413665529164,770.754571277164,778.413665529164,9104329,BHARTIARTL.NS
2023-05-25,797.6098022460938,800.3243976960805,773.5176270898219,775.2142566427815,9570396,BHARTIARTL.NS
2023-05-26,793.004638671875,804.0569324615277,788.5934138147607,802.6512010745422,6150206,BHARTIARTL.NS
2023-05-29,796.2040405273438,804.1055106873109,793.0531569575247,804.1055106873109,3684829,BHARTIARTL.NS
2023-05-30,793.4894409179688,801.148476205777,788.0117273782038,796.2040364525558,5148256,BHARTIARTL.NS
2023-05-31,823.9802856445312,861.6454380872003,793.0531289511447,794.0226315537745,47342125,BHARTIARTL.NS
2023-06-01,802.6996459960938,812.3946714705952,797.9005965514676,812.3946714705952,9713155,BHARTIARTL.NS
2023-06-02,810.9889526367188,813.7035481748123,801.7302143248082,807.401781059285,6834131,BHARTIARTL.NS
2023-06-05,809.0499877929688,815.6910574924113,806.771680160714,812.9279985193581,5298053,BHARTIARTL.NS
2023-06-06,804.1539916992188,812.6856032568468,800.9546447618266,809.0499682885043,2722174,BHARTIARTL.NS
2023-06-07,818.5025024414062,821.6533856311421,802.0209596027875,803.6206624301485,4110739,BHARTIARTL.NS
2023-06-08,810.504150390625,823.4955085281051,809.0983598261323,821.847342320553,4050621,BHARTIARTL.NS
2023-06-09,808.0803833007812,814.1882375905623,803.6691584900361,812.976359391251,3332436,BHARTIARTL.NS
2023-06-12,810.843505859375,817.3876486516508,806.3838174037664,809.389251905536,1569715,BHARTIARTL.NS
2023-06-13,808.9044799804688,818.2602038479911,807.3532994720553,812.5401147724474,3224345,BHARTIARTL.NS
2023-06-14,802.6996459960938,808.5166612807947,794.0225863616671,806.626119478519,5108720,BHARTIARTL.NS
2023-06-15,804.3963012695312,808.3712381721482,799.0640370874277,801.7786324726594,3865201,BHARTIARTL.NS
2023-06-16,812.2493286132812,814.3822463312792,795.7677831518149,797.415949532711,4907797,BHARTIARTL.NS
2023-06-19,802.8936157226562,814.3821980615268,802.2634153522778,814.3821980615268,3017364,BHARTIARTL.NS
2023-06-20,805.8505859375,808.2743424765482,801.6332140553098,802.845092324834,2691557,BHARTIARTL.NS
2023-06-21,813.4126586914062,815.1092881940403,805.0749602336725,806.6261406808701,3022724,BHARTIARTL.NS
2023-06-22,817.0967407226562,817.7754043452427,809.2437937043081,811.1827988124178,4380046,BHARTIARTL.NS
2023-06-23,828.7307739257812,836.4383310890227,815.6909526988021,818.2601581444627,7667340,BHARTIARTL.NS
2023-06-26,825.9677124023438,831.2029906877177,820.5384625977553,831.2029906877177,4431992,BHARTIARTL.NS
2023-06-27,838.5227661132812,844.7760101244608,827.5673401298056,830.3789211505406,5533649,BHARTIARTL.NS
2023-06-28,845.6002197265625,846.9574879267965,837.2624614662162,842.9825507474567,6272649,BHARTIARTL.NS
2023-06-30,851.9503784179688,856.0707643164341,840.6071865803868,853.1622566233998,5217511,BHARTIARTL.NS
2023-07-03,852.3382568359375,857.1857699631993,847.9269725511339,853.1623103980744,3333167,BHARTIARTL.NS
2023-07-04,838.7651977539062,847.1513597366053,827.2765564438464,847.1513597366053,7397493,BHARTIARTL.NS
2023-07-05,840.219482421875,844.4367952152777,836.7292374310897,841.528287309829,4284477,BHARTIARTL.NS
2023-07-06,843.1279907226562,851.1263874663905,837.1170625471615,837.9895794149583,6365222,BHARTIARTL.NS
2023-07-07,843.9036254882812,856.6525503143719,836.196067294125,838.6198240109195,18763997,BHARTIARTL.NS
2023-07-10,858.3976440429688,862.4695077109405,838.6197669110601,840.5587721524729,4310681,BHARTIARTL.NS
2023-07-11,864.6993408203125,865.9112189977299,859.2700910812393,862.8572623211425,3353977,BHARTIARTL.NS
2023-07-12,862.8088989257812,868.3835391873391,856.1677702403734,862.8088989257812,3033186,BHARTIARTL.NS
2023-07-13,858.0582275390625,866.0566236464394,856.3131347685646,864.166081822675,4228714,BHARTIARTL.NS
2023-07-14,859.4640502929688,863.0996850234806,852.8229811880643,858.0097964007641,3860080,BHARTIARTL.NS
2023-07-17,851.3201293945312,869.3044482735935,849.2841977953386,858.9792228843265,5614592,BHARTIARTL.NS
2023-07-18,848.7510986328125,853.3562361761226,836.8262279869901,850.3022791884293,4731911,BHARTIARTL.NS
2023-07-19,844.1943969726562,850.2537882802407,840.752674544697,848.7510710707083,6641825,BHARTIARTL.NS
2023-07-20,857.8643798828125,859.6579952554796,841.5282842102112,844.4367921049469,3779959,BHARTIARTL.NS
2023-07-21,858.9793090820312,864.6993981280341,848.1208680579838,851.3202148236536,7001587,BHARTIARTL.NS
2023-07-24,861.0637817382812,865.3780210889284,853.9379019264227,858.0098247940927,4125577,BHARTIARTL.NS
2023-07-25,856.7009887695312,867.4139805723717,852.2897046385892,860.9183013736554,3652262,BHARTIARTL.NS
2023-07-26,862.275634765625,869.1590795453999,856.3616334105965,859.4640535605098,2845581,BHARTIARTL.NS
2023-07-27,867.8502197265625,873.9096105832419,861.0637019670814,862.2270576725728,3445446,BHARTIARTL.NS
2023-07-28,867.8017578125,872.455417654135,863.3905327957872,872.455417654135,2314339,BHARTIARTL.NS
2023-07-31,862.7603759765625,870.4194109108225,858.2521652768063,866.7353129143912,4424817,BHARTIARTL.NS
2023-08-01,864.45703125,870.0316712921554,861.0637720939054,867.2200900361795,2087412,BHARTIARTL.NS
2023-08-02,851.3201293945312,863.4874332202007,845.9878655955879,856.2646276941573,3328903,BHARTIARTL.NS
2023-08-03,845.1153564453125,855.1496838331988,838.7166043247687,848.3147029187155,4642067,BHARTIARTL.NS
2023-08-04,862.5180053710938,865.7173520926486,839.7831577347351,842.4977531598805,7066276,BHARTIARTL.NS
2023-08-07,864.2146606445312,873.0855741287542,857.1372441671945,858.1552692589648,4086452,BHARTIARTL.NS
2023-08-08,858.3976440429688,867.0261818630096,853.5985942357231,864.7963376701335,3282856,BHARTIARTL.NS
2023-08-09,856.7494506835938,870.0801112971183,851.9988643227318,858.0097922159422,3185159,BHARTIARTL.NS
2023-08-10,848.120849609375,856.943358638016,841.7221562172219,855.1012800568323,3439922,BHARTIARTL.NS
2023-08-11,847.8773803710938,850.9453655365079,842.4719364827722,849.2896284543091,2812690,BHARTIARTL.NS
2023-08-14,844.468505859375,847.9260376390342,835.2646101195944,847.8286658209527,2665905,BHARTIARTL.NS
2023-08-16,834.631591796875,851.2375294234035,830.9792568594177,847.3417054901156,3962408,BHARTIARTL.NS
2023-08-17,834.3880615234375,837.4559870517966,827.8625448688899,834.8750394910074,3013019,BHARTIARTL.NS
2023-08-18,833.9498291015625,839.5500761291058,830.0540050824019,834.3881211928294,4929835,BHARTIARTL.NS
2023-08-21,849.2409057617188,851.2375035777961,831.8557563199429,833.365435604699,3220142,BHARTIARTL.NS
2023-08-22,854.79248046875,857.0325673096432,843.6406727280962,848.3156494929071,3333869,BHARTIARTL.NS
2023-08-23,845.5398559570312,854.1593420731634,844.2249797973413,854.1593420731634,1860153,BHARTIARTL.NS
2023-08-24,846.8060913085938,851.9193605212596,841.6928220959279,850.2636233632845,2842728,BHARTIARTL.NS
2023-08-25,850.7505493164062,853.136753358723,838.6734713750204,846.8060394828711,3124339,BHARTIARTL.NS
2023-08-28,847.6824951171875,852.9418807636621,843.2996935603088,851.2861438419534,3094455,BHARTIARTL.NS
2023-08-29,832.9271240234375,847.3416599121427,826.4016073970726,847.3416599121427,14064286,BHARTIARTL.NS
2023-08-30,835.4107055664062,840.134368086054,834.1445747365004,837.4559892573654,3261665,BHARTIARTL.NS
2023-08-31,834.0958862304688,837.1151258497277,824.9893625739633,833.2193021110438,12528190,BHARTIARTL.NS
2023-09-01,843.3971557617188,844.9554614831179,830.540925500741,830.9305316538671,4427899,BHARTIARTL.NS
2023-09-04,842.76416015625,846.8061015514718,837.3100300416575,843.2024522688919,3102649,BHARTIARTL.NS
2023-09-05,843.3484497070312,845.1989302762921,836.0437803520641,840.6213255914024,2216754,BHARTIARTL.NS
2023-09-06,857.3734130859375,859.4187562534942,843.2510517748638,844.5659279780546,4235096,BHARTIARTL.NS
2023-09-07,852.5036010742188,860.6848545438502,850.4096315229147,857.3733806524396,4532834,BHARTIARTL.NS
2023-09-08,862.7788696289062,867.4539058271677,855.2794562391008,858.8343598514836,3741470,BHARTIARTL.NS
2023-09-11,867.5999755859375,869.0609095567643,860.5874806368574,864.8729107295051,2733894,BHARTIARTL.NS
2023-09-12,867.2103881835938,873.15149560806,861.9510023570922,871.5931898904943,4106031,BHARTIARTL.NS
2023-09-13,891.3158569335938,894.0916077546093,862.4867236741721,864.9216136735039,5222561,BHARTIARTL.NS
2023-09-14,891.1209716796875,896.623786903462,886.3972498491956,896.3316120195932,5513106,BHARTIARTL.NS
2023-09-15,911.7688598632812,923.9919947913129,886.2998887330076,888.8321503511669,14003428,BHARTIARTL.NS
2023-09-18,896.2342529296875,911.4279415620655,894.0915380083131,905.1946593173561,2977375,BHARTIARTL.NS
2023-09-20,886.981689453125,895.3576867872904,881.2353256094291,887.2738643470045,5241903,BHARTIARTL.NS
2023-09-21,894.0429077148438,896.1856227695049,879.8231146761332,886.4947488362018,4896202,BHARTIARTL.NS
2023-09-22,887.6634521484375,898.3282219506243,880.261351465072,894.0428515560409,6112928,BHARTIARTL.NS
2023-09-25,886.6895751953125,889.562697868085,878.5570068452753,888.2478810329368,5278045,BHARTIARTL.NS
2023-09-26,888.9295654296875,896.9647016373239,884.3519607919844,886.2998725998963,5355047,BHARTIARTL.NS
2023-09-27,896.282958984375,897.0621118517843,883.8163347691661,891.1210043615408,4713145,BHARTIARTL.NS
2023-09-28,901.5423583984375,907.7269549679048,894.6759213221188,901.8832192063088,7386917,BHARTIARTL.NS
2023-09-29,902.2728271484375,912.0123867703094,897.7925940550438,907.726956758464,5608557,BHARTIARTL.NS
2023-10-03,901.2014770507812,904.0746591467149,892.1923840293892,894.3350991235884,4338272,BHARTIARTL.NS
2023-10-04,900.1787719726562,901.8345089495174,894.3837222764186,894.3837222764186,5603669,BHARTIARTL.NS
2023-10-05,904.6589965820312,905.3894635737631,895.4551600426539,900.9579757130341,7063132,BHARTIARTL.NS
2023-10-06,901.931884765625,904.999869749464,900.2274618736151,904.999869749464,2420855,BHARTIARTL.NS
2023-10-09,900.470947265625,903.8797930360447,892.6792997903798,894.0915477843786,2248103,BHARTIARTL.NS
2023-10-10,923.651123046875,929.2026839810675,897.062136877964,900.4709827828386,7897875,BHARTIARTL.NS
2023-10-11,930.7122802734375,931.8810393003275,923.3102388457227,923.7972168197974,5645289,BHARTIARTL.NS
2023-10-12,925.5990600585938,931.8810881425253,922.3363312395065,930.7123290543776,5544735,BHARTIARTL.NS
2023-10-13,929.3488159179688,931.0532388974809,921.6545398322344,921.6545398322344,4421671,BHARTIARTL.NS
2023-10-16,921.89794921875,933.7802231389371,919.2682563883359,933.0010703046979,1881721,BHARTIARTL.NS
2023-10-17,928.8131713867188,935.2412572653051,921.3623841426489,921.8980480582716,3863410,BHARTIARTL.NS
2023-10-18,928.033935546875,933.9264168063335,925.8912799385872,928.1800527226927,2334392,BHARTIARTL.NS
2023-10-19,918.3917846679688,926.5242931583757,916.8334194641325,921.1675353766442,4306963,BHARTIARTL.NS
2023-10-20,920.5831298828125,922.8232165668991,912.5966796023055,913.3758324343072,3125104,BHARTIARTL.NS
2023-10-23,914.8368530273438,924.3816098768477,912.5967661308616,917.0769399238259,2180066,BHARTIARTL.NS
2023-10-25,898.5717163085938,915.1777124543269,895.0654987424481,900.5196281665751,6365249,BHARTIARTL.NS
2023-10-26,881.9171752929688,900.5197114795118,876.6091030997748,897.6465887796198,6595332,BHARTIARTL.NS
2023-10-27,890.7800903320312,894.481170507782,882.8423849869006,887.0303836933224,3508393,BHARTIARTL.NS
2023-10-30,902.1266479492188,907.6782084410931,886.6407254369716,890.9748410598187,3686768,BHARTIARTL.NS
2023-10-31,890.5853271484375,899.4969882503947,888.6374152862979,896.3316314744178,5697563,BHARTIARTL.NS
2023-11-01,889.6600952148438,890.7314230066676,872.1288877050039,879.482243410298,4821458,BHARTIARTL.NS
2023-11-02,899.7891845703125,901.8345277416032,892.5332602674748,896.0394779246104,6611573,BHARTIARTL.NS
2023-11-03,906.509521484375,909.3827034926146,898.1822098078761,900.9092746420058,3895154,BHARTIARTL.NS
2023-11-06,914.7394409179688,916.2003748442286,905.7790342811307,909.8696611637691,2760800,BHARTIARTL.NS
2023-11-07,912.7428588867188,914.4959677394264,908.165253949526,911.6714716549412,3616946,BHARTIARTL.NS
2023-11-08,912.353271484375,917.2717373331833,910.0644986914863,917.2717373331833,1808553,BHARTIARTL.NS
2023-11-09,908.0678100585938,912.8889039206678,906.3147012302634,912.3532400350048,3914416,BHARTIARTL.NS
2023-11-10,911.1358642578125,912.5967982999148,904.805150075369,904.805150075369,1345614,BHARTIARTL.NS
2023-11-13,910.6488037109375,915.8107583027553,909.4800446940695,913.570671530331,1656368,BHARTIARTL.NS
2023-11-15,925.2581176757812,927.8878105309175,911.8175379607591,923.3102058490954,4816316,BHARTIARTL.NS
2023-11-16,924.8198852539062,929.056629417445,918.68397449334,924.2842213561406,5310736,BHARTIARTL.NS
2023-11-17,922.6285400390625,929.154057362481,921.3624090827118,924.0894740915193,3249469,BHARTIARTL.NS
2023-11-20,936.3612670898438,939.1857036563414,917.4178121152213,924.2841896221446,4646962,BHARTIARTL.NS
2023-11-21,945.5651245117188,950.9218823173476,935.9716820380419,941.8154178260005,5704644,BHARTIARTL.NS
2023-11-22,944.4937744140625,950.8731739427525,940.7927537249071,948.9252620594546,3309732,BHARTIARTL.NS
2023-11-23,951.2141723632812,955.4508572794164,938.601429993264,944.7373410408093,2749555,BHARTIARTL.NS
2023-11-24,947.8052978515625,951.7011218214473,945.711268689527,949.6070926594117,2322104,BHARTIARTL.NS
2023-11-28,959.249267578125,962.2685073350635,945.9060587755622,948.6818095377297,5096984,BHARTIARTL.NS
2023-11-29,969.4757690429688,980.8710060149546,965.1416532092849,969.9627470142691,5647918,BHARTIARTL.NS
2023-11-30,988.2731323242188,991.6819782112029,966.8461010346036,969.0861878712252,9934052,BHARTIARTL.NS
2023-12-01,988.2731323242188,995.9186628925186,981.9424185341052,988.5653072254207,5544950,BHARTIARTL.NS
2023-12-04,1005.9991455078125,1016.8100329999928,998.4996132017866,1009.0183852375408,5164902,BHARTIARTL.NS
2023-12-05,1004.2459106445312,1018.7091320667549,995.480307492747,1011.7454424534967,4266159,BHARTIARTL.NS
2023-12-06,997.7691040039062,1008.0443866122897,987.0556482294245,1002.2980228524142,4121251,BHARTIARTL.NS
2023-12-07,973.9559326171875,993.1428763788566,972.0080207519532,988.5652716064453,13805235,BHARTIARTL.NS
2023-12-08,974.199462890625,977.8517977927394,965.4825450351345,972.6898430201954,6630766,BHARTIARTL.NS
2023-12-11,974.7838134765625,978.4361483815986,966.213012788522,970.1575225968501,6195119,BHARTIARTL.NS
2023-12-12,969.3296508789062,974.7837803736535,961.2945143606937,973.2254746453123,7119331,BHARTIARTL.NS
2023-12-13,973.858642578125,975.9039264301448,965.6773882789307,967.3331253925245,4153219,BHARTIARTL.NS
2023-12-14,979.0205688476562,984.8643047626496,973.1281470224825,979.7997217472108,6541673,BHARTIARTL.NS
2023-12-15,966.7000122070312,984.5233950496307,962.5120133121887,973.6151354478703,10119597,BHARTIARTL.NS
2023-12-18,964.4598999023438,972.7872115619983,956.5708803185773,969.086190762769,5750263,BHARTIARTL.NS
2023-12-19,962.706787109375,971.9593687924065,960.2232112835669,969.5244788758192,3912964,BHARTIARTL.NS
2023-12-20,946.2469482421875,967.7714116990352,943.763372309432,967.0409446926037,3990591,BHARTIARTL.NS
2023-12-21,952.4315795898438,955.9864832605945,934.997743715264,942.7893915795579,4294277,BHARTIARTL.NS
2023-12-22,963.778076171875,972.9332856686277,950.1426931868274,956.3273489938053,4605120,BHARTIARTL.NS
2023-12-26,973.809814453125,976.3908214501419,963.8755115070319,969.0861519629838,2460643,BHARTIARTL.NS
2023-12-27,994.6038208007812,997.3796309054401,972.0080310358865,973.95594292173,4791379,BHARTIARTL.NS
2023-12-28,1009.7001342773438,1014.8134032602967,995.5778317699823,997.2335688535736,5288328,BHARTIARTL.NS
2023-12-29,1005.3173217773438,1016.0795829853465,997.7205364167932,1006.2426512992488,4631749,BHARTIARTL.NS
2024-01-01,986.6661376953125,1005.0738708717125,980.7737156423821,1005.0738708717125,3804406,BHARTIARTL.NS
2024-01-02,995.0907592773438,998.7430344727892,989.5391987339193,990.9027607781115,6865791,BHARTIARTL.NS
2024-01-03,1008.2391357421875,1009.9923039805631,994.7498698288648,1005.0737789553631,3604276,BHARTIARTL.NS
2024-01-04,1020.6085205078125,1031.2246647310706,1000.7885396019556,1008.2879532773239,4664043,BHARTIARTL.NS
2024-01-05,1019.3422241210938,1035.948219820744,1011.8914376862427,1026.354777956113,4008221,BHARTIARTL.NS
2024-01-08,1021.7285766601562,1031.4193911832901,1018.0274963497017,1022.653787292214,4489695,BHARTIARTL.NS
2024-01-09,1036.776123046875,1040.087597100681,1020.7545950052714,1029.4714533213216,3371125,BHARTIARTL.NS
2024-01-10,1035.02294921875,1045.346977488517,1027.815770240984,1039.1622620410842,3111573,BHARTIARTL.NS
2024-01-11,1035.1690673828125,1045.9313282876392,1029.812309607599,1037.9935634425103,2604325,BHARTIARTL.NS
2024-01-12,1048.3175048828125,1050.4602793930771,1024.2120941573417,1030.542808085243,3394013,BHARTIARTL.NS
2024-01-15,1073.6890869140625,1075.9291143141684,1046.564436882113,1049.9732827828525,3312897,BHARTIARTL.NS
2024-01-16,1067.3583984375,1087.908846148748,1064.5339022744688,1078.1692862011316,5025540,BHARTIARTL.NS
2024-01-17,1056.9857177734375,1080.068426735059,1050.7037493154712,1063.5599205792155,4568700,BHARTIARTL.NS
2024-01-18,1058.7388916015625,1067.455750033071,1047.1974181694297,1047.1974181694297,4407330,BHARTIARTL.NS
2024-01-19,1095.7005615234375,1106.7549389659166,1061.4173559548856,1062.5860556640625,11753391,BHARTIARTL.NS
2024-01-23,1127.8409423828125,1142.012048412198,1105.439956480563,1115.1795155684977,18194595,BHARTIARTL.NS
2024-01-24,1158.9588623046875,1162.903431551066,1110.4071808376661,1110.4071808376661,9546592,BHARTIARTL.NS
2024-01-25,1130.3245849609375,1169.3801933828981,1126.91573925768,1155.111715446756,11424697,BHARTIARTL.NS
2024-01-29,1131.8829345703125,1139.2849760349768,1127.840993587094,1127.840993587094,4015858,BHARTIARTL.NS
2024-01-30,1128.47412109375,1150.095896314162,1124.4809253501203,1131.8829670270381,3902023,BHARTIARTL.NS
2024-01-31,1140.210205078125,1144.4470086551455,1116.3482838433536,1128.8149678000045,5981966,BHARTIARTL.NS
2024-02-01,1121.218017578125,1139.7231802236747,1119.0266167385205,1134.7074023036857,3606209,BHARTIARTL.NS
2024-02-02,1120.8284912109375,1144.5929199294526,1115.4717337899262,1124.9190584123605,4969983,BHARTIARTL.NS
2024-02-05,1084.548828125,1129.4481791249268,1081.091236523813,1124.2861644030943,7809331,BHARTIARTL.NS
2024-02-06,1104.514892578125,1125.9905518838386,1093.7526308005326,1095.7005428767582,9863065,BHARTIARTL.NS
2024-02-07,1104.75830078125,1118.344938962694,1102.3234108640659,1109.1411026321816,2770694,BHARTIARTL.NS
2024-02-08,1112.40380859375,1116.6404931847862,1087.1295804355839,1114.5952094744005,6519392,BHARTIARTL.NS
2024-02-09,1091.07421875,1116.104840617232,1087.1783947151862,1116.104840617232,4203171,BHARTIARTL.NS
2024-02-12,1089.564453125,1099.5962467769268,1082.3572743440404,1093.6551393723848,3887976,BHARTIARTL.NS
2024-02-13,1088.7366943359375,1095.7005035366376,1075.052683826437,1082.065119492626,3211554,BHARTIARTL.NS
2024-02-14,1086.7886962890625,1091.9507102534951,1075.9290639355402,1081.0910778999728,4653070,BHARTIARTL.NS
2024-02-15,1091.512451171875,1101.9824782632727,1080.5068196104696,1093.0708758983699,5056712,BHARTIARTL.NS
2024-02-16,1090.8306884765625,1097.6971256345778,1087.7627033870003,1094.7265123639788,3091952,BHARTIARTL.NS
2024-02-19,1112.4525146484375,1115.1796390514723,1089.2236874298242,1091.8534400094181,4711035,BHARTIARTL.NS
2024-02-20,1114.156982421875,1121.6077700266073,1105.4401232793361,1115.1796838368634,5397418,BHARTIARTL.NS
2024-02-21,1110.21240234375,1128.9610542319738,1103.1024764089161,1124.9191132934343,4570259,BHARTIARTL.NS
2024-02-22,1105.975830078125,1109.0924418533402,1069.0628723405234,1107.9723686278003,8642368,BHARTIARTL.NS
2024-02-23,1096.430908203125,1102.3720157063062,1086.2531161053616,1097.6483531378387,6709844,BHARTIARTL.NS
2024-02-26,1081.1397705078125,1096.5769474041383,1075.588150665588,1088.9800439952412,3186134,BHARTIARTL.NS
2024-02-27,1098.13525390625,1101.544099483786,1072.617657425134,1084.012893656458,7149094,BHARTIARTL.NS
2024-02-28,1099.352783203125,1122.6303542846065,1094.2395144440407,1103.881702167964,5302711,BHARTIARTL.NS
2024-02-29,1094.0933837890625,1108.3131167656215,1070.3775803769483,1089.7105820495756,13818650,BHARTIARTL.NS
2024-03-01,1099.303955078125,1111.0401709979442,1088.2983249599886,1098.6222335180196,5927490,BHARTIARTL.NS
2024-03-04,1103.9791259765625,1119.318932976237,1102.5181919765935,1102.5181919765935,5855090,BHARTIARTL.NS
2024-03-05,1138.4571533203125,1149.0245517814026,1103.540855690301,1103.540855690301,5375008,BHARTIARTL.NS
2024-03-06,1162.6112060546875,1165.4357021756023,1127.207929951227,1143.3755754449699,5464839,BHARTIARTL.NS
2024-03-07,1168.454833984375,1181.9928446371614,1158.4717861092452,1178.3405100486991,8903981,BHARTIARTL.NS
2024-03-11,1165.4356689453125,1186.5705844485385,1155.1117596273702,1155.1117596273702,6679208,BHARTIARTL.NS
2024-03-12,1172.886474609375,1176.5388094898276,1166.60450617144,1168.7471617448618,4249548,BHARTIARTL.NS
2024-03-13,1138.31103515625,1180.4346306818181,1121.7050383810565,1180.4346306818181,7528096,BHARTIARTL.NS
2024-03-14,1163.48779296875,1168.4549447015017,1133.246531045428,1143.3755781509958,8569080,BHARTIARTL.NS
2024-03-15,1188.226318359375,1190.953442712055,1156.9136092243868,1159.0076383997182,10115416,BHARTIARTL.NS
2024-03-18,1193.3883056640625,1198.5015745411251,1183.551255187682,1193.0960713146433,4141080,BHARTIARTL.NS
2024-03-19,1196.3587646484375,1208.0949813753457,1182.966870366786,1184.525176104975,7703719,BHARTIARTL.NS
2024-03-20,1199.718994140625,1206.7314294672847,1191.7812293211134,1196.26140294043,6596032,BHARTIARTL.NS
2024-03-21,1189.0054931640625,1210.5298962763454,1182.4799168444927,1205.7574882554325,9952250,BHARTIARTL.NS
2024-03-22,1203.906982421875,1212.575214561218,1190.1742266616934,1194.9952612836244,7840007,BHARTIARTL.NS
2024-03-26,1181.505859375,1201.8615611335201,1178.4866199121227,1193.095958175496,10898138,BHARTIARTL.NS
2024-03-27,1192.9013671875,1196.261467861563,1179.0224940614855,1179.0224940614855,5779169,BHARTIARTL.NS
2024-03-28,1196.602294921875,1206.2444829155709,1188.5185316112454,1194.9952437744073,10518377,BHARTIARTL.NS
2024-04-01,1185.6451416015625,1199.816246911544,1176.5386780948588,1196.01779528186,5461473,BHARTIARTL.NS
2024-04-02,1176.7823486328125,1195.774490820555,1171.8638232277463,1193.0961117940785,3625577,BHARTIARTL.NS
2024-04-03,1193.7777099609375,1208.2896767815084,1158.471808263944,1163.8773111146832,9532291,BHARTIARTL.NS
2024-04-04,1175.418701171875,1200.8876727542518,1170.013317045236,1199.8649714618873,7327626,BHARTIARTL.NS
2024-04-05,1159.9815673828125,1179.8015477156234,1157.9849100756255,1174.4935352030195,4227519,BHARTIARTL.NS
2024-04-08,1173.32470703125,1179.0224445566369,1152.2872819017819,1157.059689922952,4827733,BHARTIARTL.NS
2024-04-09,1173.081298828125,1183.3078371958761,1167.091564325622,1183.3078371958761,3372798,BHARTIARTL.NS
2024-04-10,1197.3814697265625,1198.647541127975,1177.2692555637361,1181.6520573424636,6442196,BHARTIARTL.NS
2024-04-12,1193.6317138671875,1199.7675647696913,1187.7879784032207,1194.1673182833897,7877073,BHARTIARTL.NS
2024-04-15,1192.6578369140625,1202.8356292978308,1178.8275907324091,1179.0710797261943,4281602,BHARTIARTL.NS
2024-04-16,1184.7686767578125,1201.812906011378,1180.483365658374,1192.0247199747096,5235632,BHARTIARTL.NS
2024-04-18,1232.78466796875,1248.4653340220898,1184.1356188117481,1188.2261859939758,19939924,BHARTIARTL.NS
2024-04-19,1255.4293212890625,1262.7339915060275,1220.7077650795318,1246.6637170287045,13103862,BHARTIARTL.NS
2024-04-22,1263.7564697265625,1271.401999425308,1254.6986327005993,1270.0384374473754,7894656,BHARTIARTL.NS
2024-04-23,1307.3897705078125,1315.8145134133665,1268.1880427765852,1275.882318705781,12074766,BHARTIARTL.NS
2024-04-24,1301.5947265625,1318.7363271250476,1298.8189759446304,1316.7884152681422,6277492,BHARTIARTL.NS
2024-04-25,1303.8348388671875,1308.802109539023,1289.8585941609256,1296.3354252856163,8512627,BHARTIARTL.NS
2024-04-26,1291.465576171875,1310.6524606294493,1287.5697524126838,1303.1530474494486,5289771,BHARTIARTL.NS
2024-04-29,1297.74755859375,1310.9447092785167,1285.6218545673419,1290.0046563442759,3195888,BHARTIARTL.NS
2024-04-30,1287.862060546875,1300.0365104919558,1285.5731688443097,1288.689899364918,5272565,BHARTIARTL.NS
2024-05-02,1270.0872802734375,1285.5244580124624,1259.909369452641,1280.9955391518947,7995432,BHARTIARTL.NS
2024-05-03,1244.13134765625,1276.3692656506628,1225.382695718993,1271.9864638990962,11290875,BHARTIARTL.NS
2024-05-06,1249.97509765625,1264.633063458771,1240.0406755708013,1241.7938438479712,5555467,BHARTIARTL.NS
2024-05-07,1252.6534423828125,1260.7372052622134,1237.8979862741016,1252.8481860122517,5767030,BHARTIARTL.NS
2024-05-08,1255.0396728515625,1265.5584451663512,1241.501660726953,1242.913968256028,2682816,BHARTIARTL.NS
2024-05-09,1242.232177734375,1261.5653001490236,1236.9729102563635,1249.5855933577361,4809145,BHARTIARTL.NS
2024-05-10,1267.2628173828125,1274.421369889411,1238.6284884653103,1241.842590680244,5532513,BHARTIARTL.NS
2024-05-13,1252.4586181640625,1268.9672430069998,1248.0271898844126,1267.262820078417,3703942,BHARTIARTL.NS
2024-05-14,1250.851806640625,1266.045497291828,1247.345469736323,1256.9390319729275,3262908,BHARTIARTL.NS
2024-05-15,1275.784912109375,1283.9174204462504,1247.150583638478,1248.1732849339446,6891004,BHARTIARTL.NS
2024-05-16,1310.068115234375,1321.5120975653526,1286.8880351241648,1293.4134923862373,11932181,BHARTIARTL.NS
2024-05-17,1309.43505859375,1324.5801215101071,1304.3705350973612,1318.346779513014,6614017,BHARTIARTL.NS
2024-05-21,1309.2891845703125,1327.2586263971161,1300.9618126655278,1320.684422964219,5422220,BHARTIARTL.NS
2024-05-22,1312.7952880859375,1315.8145278431066,1294.9232196466014,1307.1950412057763,3026723,BHARTIARTL.NS
2024-05-23,1338.26416015625,1341.4295168506565,1309.288971953605,1315.5709399906789,7147341,BHARTIARTL.NS
2024-05-24,1352.337890625,1361.3469835225737,1338.264274141451,1339.6764627689502,5622368,BHARTIARTL.NS
2024-05-27,1348.2958984375,1370.356024529577,1342.1113019202255,1359.6425090570644,6553974,BHARTIARTL.NS
2024-05-28,1335.34228515625,1350.8280888638621,1331.300344390291,1348.7341787903242,2068963,BHARTIARTL.NS
2024-05-29,1341.2347412109375,1354.0422859822663,1320.1973160575162,1320.1973160575162,4445083,BHARTIARTL.NS
2024-05-30,1341.283447265625,1350.3411661777993,1327.988924899303,1342.8904983457046,7100303,BHARTIARTL.NS
2024-05-31,1336.998046875,1351.8508752959387,1303.1530771945002,1344.0592275997085,24825643,BHARTIARTL.NS
2024-06-03,1354.8702392578125,1383.4558255867755,1348.929131122788,1378.4400470352073,6017122,BHARTIARTL.NS
2024-06-04,1265.8505859375,1360.6165538132204,1187.3011283910964,1354.870189542873,19924421,BHARTIARTL.NS
2024-06-05,1309.337646484375,1313.6230764062013,1246.5174882428921,1291.1247179304962,12175520,BHARTIARTL.NS
2024-06-06,1334.904052734375,1340.4069278421582,1294.3875074312286,1323.6061870572157,10279789,BHARTIARTL.NS
2024-06-07,1388.130615234375,1393.39000075423,1327.6479789837895,1334.9039027190506,12280748,BHARTIARTL.NS
2024-06-10,1388.909912109375,1399.2338212677698,1384.0401324222921,1384.0401324222921,5318477,BHARTIARTL.NS
2024-06-11,1390.0787353515625,1397.2372883502417,1376.1998620085885,1388.861290321477,4416792,BHARTIARTL.NS
2024-06-12,1400.9383544921875,1410.1421912692,1385.062823905543,1387.8873201247216,4876138,BHARTIARTL.NS
2024-06-13,1388.6177978515625,1418.0312221486088,1383.4557833804304,1411.2622753546652,7990376,BHARTIARTL.NS
2024-06-14,1390.224853515625,1396.6529395007947,1383.942765821276,1396.6529395007947,3978442,BHARTIARTL.NS
2024-06-18,1391.1500244140625,1406.3924595439912,1381.0696036242239,1406.3924595439912,8671131,BHARTIARTL.NS
2024-06-19,1356.0875244140625,1397.4320252533494,1352.143074205882,1396.604067594436,8640918,BHARTIARTL.NS
2024-06-20,1345.1793212890625,1370.307314158704,1340.4069132239758,1369.3333581817928,8742855,BHARTIARTL.NS
2024-06-21,1379.17041015625,1386.8645672692987,1337.0954405734203,1348.8802841285958,43929578,BHARTIARTL.NS
2024-06-24,1382.82275390625,1386.718577843001,1353.1657228530653,1365.486289831263,6195831,BHARTIARTL.NS
2024-06-25,1378.098876953125,1396.652784725056,1373.1317255555452,1396.652784725056,6353748,BHARTIARTL.NS
2024-06-26,1421.48876953125,1441.4061220000974,1372.255246606662,1378.0989825554032,9579826,BHARTIARTL.NS
2024-06-27,1437.3643798828125,1450.2205521303413,1402.5454512470437,1425.8716509864469,19675528,BHARTIARTL.NS
2024-06-28,1406.441162109375,1496.2398547362907,1399.2338641732695,1496.2398547362907,29145832,BHARTIARTL.NS
2024-07-01,1416.1319580078125,1428.5986417833064,1411.505667223399,1412.236134189359,6011806,BHARTIARTL.NS
2024-07-02,1381.994873046875,1435.0268506691887,1380.095706328558,1423.9237280538828,7792632,BHARTIARTL.NS
2024-07-03,1382.871337890625,1395.0945326731442,1371.7682162337367,1390.7603573419824,8261388,BHARTIARTL.NS
2024-07-04,1385.988037109375,1403.567870353912,1374.73879853411,1381.0695120944865,9570938,BHARTIARTL.NS
2024-07-05,1392.46484375,1396.2632959230573,1379.9495329452416,1385.4524081159811,4881198,BHARTIARTL.NS
2024-07-08,1397.7728271484375,1401.3764164052013,1386.0853564029107,1393.730886404056,3261797,BHARTIARTL.NS
2024-07-09,1398.16259765625,1404.1037055387903,1390.9552994043142,1398.6008303042868,2897480,BHARTIARTL.NS
2024-07-10,1407.4150390625,1411.0186283826877,1389.0072485360947,1403.4704700600194,3416762,BHARTIARTL.NS
2024-07-11,1400.4998779296875,1413.0639331685093,1390.8090640107046,1412.2360944086286,4178558,BHARTIARTL.NS
2024-07-12,1395.9224853515625,1409.8987306574452,1384.4297565970355,1404.4446006467492,6342135,BHARTIARTL.NS
2024-07-15,1400.1590576171875,1402.4965756882227,1388.909937667686,1395.9223729896842,3324806,BHARTIARTL.NS
2024-07-16,1428.306396484375,1434.9293444813864,1407.3663436208128,1414.1840352508098,6967651,BHARTIARTL.NS
2024-07-18,1445.009765625,1447.2497929701105,1421.0504730891105,1427.8194193693778,6470342,BHARTIARTL.NS
2024-07-19,1423.68017578125,1441.4548726911237,1414.1353594732016,1441.4548726911237,3858596,BHARTIARTL.NS
2024-07-22,1427.235107421875,1433.6631930690987,1411.3109510325157,1412.2361616509463,3560584,BHARTIARTL.NS
2024-07-23,1427.5272216796875,1431.7152799188873,1391.2473616953482,1431.7152799188873,2936143,BHARTIARTL.NS
2024-07-24,1417.3006591796875,1437.1693844542099,1399.1364757187496,1427.8194310577016,4529339,BHARTIARTL.NS
2024-07-25,1411.4083251953125,1416.1319878966633,1402.593976063583,1407.3663841201364,4277756,BHARTIARTL.NS
2024-07-26,1474.958984375,1480.4131141753182,1411.4083556250398,1412.479683442602,9564987,BHARTIARTL.NS
2024-07-29,1442.7696533203125,1485.2828552167043,1438.5817139812525,1485.2828552167043,4589313,BHARTIARTL.NS
2024-07-30,1432.05615234375,1446.2272594183871,1425.9203010004362,1445.7402814280713,4263689,BHARTIARTL.NS
2024-07-31,1452.7041015625,1464.9759232339618,1434.7832876037867,1439.3608331912717,5634305,BHARTIARTL.NS
2024-08-01,1466.290771484375,1471.647529533637,1446.3246733007618,1446.3246733007618,4531379,BHARTIARTL.NS
2024-08-02,1454.8955078125,1465.9498845389678,1444.9610853634856,1455.1876232753134,3335905,BHARTIARTL.NS
2024-08-05,1427.5272216796875,1449.2464874280981,1413.6970944233094,1443.4027515916946,5111901,BHARTIARTL.NS
2024-08-06,1405.9542236328125,1454.0189281905457,1393.828400164758,1444.474111886535,8249573,BHARTIARTL.NS
2024-08-07,1412.0262451171875,1424.905162819,1393.2710260658325,1422.0649265893228,5700734,BHARTIARTL.NS
2024-08-08,1421.869140625,1436.266031544555,1400.5185305889627,1405.4154485280849,5986360,BHARTIARTL.NS
2024-08-09,1433.91552734375,1451.446517969499,1427.255790491473,1434.7969965083105,3615910,BHARTIARTL.NS
2024-08-12,1428.5289306640625,1447.0393050762789,1415.2093372827228,1435.776393395482,4028226,BHARTIARTL.NS
2024-08-13,1429.606201171875,1447.920746327499,1420.4489883708943,1437.7351329192459,4495208,BHARTIARTL.NS
2024-08-14,1441.35888671875,1449.585733385574,1423.142374526713,1423.142374526713,5891784,BHARTIARTL.NS
2024-08-16,1452.9647216796875,1460.261082351524,1437.833171931165,1449.4878617573813,7176426,BHARTIARTL.NS
2024-08-19,1439.3511962890625,1458.400160343048,1434.1115177044917,1456.3434786014188,4404075,BHARTIARTL.NS
2024-08-20,1419.2738037109375,1454.1398368411508,1416.6784131946285,1449.4877646236089,10046892,BHARTIARTL.NS
2024-08-21,1433.2789306640625,1436.3640130204067,1417.8536384360075,1423.0444195151686,6175510,BHARTIARTL.NS
2024-08-22,1455.706787109375,1468.9774826849505,1434.7969712008999,1443.3175606828124,6781325,BHARTIARTL.NS
2024-08-23,1475.686279296875,1478.8692760831466,1448.8511440188054,1462.2197544318794,6238112,BHARTIARTL.NS
2024-08-26,1482.34619140625,1489.3486889558953,1473.9724132635838,1477.889947916776,4307432,BHARTIARTL.NS
2024-08-27,1491.3564453125,1494.8822025235036,1471.034234680266,1486.7043729990971,3965066,BHARTIARTL.NS
2024-08-28,1524.263671875,1532.2456722824425,1490.279108109249,1496.4491531781878,6225319,BHARTIARTL.NS
2024-08-29,1533.6168212890625,1539.2971745040477,1514.0780465057771,1532.735352127905,8036748,BHARTIARTL.NS
2024-08-30,1556.2896728515625,1575.2407230066742,1529.4055193050206,1543.5086681019654,37820442,BHARTIARTL.NS
2024-09-02,1538.9544677734375,1571.9107513622646,1533.225097356776,1571.9107513622646,4890314,BHARTIARTL.NS
2024-09-03,1528.4261474609375,1546.4468310879597,1526.4673801004715,1546.4468310879597,4546295,BHARTIARTL.NS
2024-09-04,1529.6993408203125,1533.7147898587623,1510.2095823513482,1525.8797206896243,5213811,BHARTIARTL.NS
2024-09-05,1515.3023681640625,1530.7766779895196,1509.7199290600413,1526.8591433049655,5652812,BHARTIARTL.NS
2024-09-06,1507.5162353515625,1523.529133609417,1498.6527657792883,1520.7869312087687,5497805,BHARTIARTL.NS
2024-09-09,1510.84619140625,1514.861640406891,1491.8461249392576,1491.8461249392576,3912508,BHARTIARTL.NS
2024-09-10,1545.3204345703125,1553.302435054624,1513.2946377345995,1513.2946377345995,6163457,BHARTIARTL.NS
2024-09-11,1545.271484375,1565.9364543236159,1541.990453688051,1545.90798806897,5994914,BHARTIARTL.NS
2024-09-12,1612.800048828125,1618.725367817293,1557.3179403471083,1563.2432593362764,12204496,BHARTIARTL.NS
2024-09-13,1600.7535400390625,1620.782007177514,1597.4237313112744,1616.9623870768355,5609618,BHARTIARTL.NS
2024-09-16,1601.73291015625,1618.8721236843983,1596.4932316455206,1600.7535265260701,3762063,BHARTIARTL.NS
2024-09-17,1627.49072265625,1631.7021200233282,1604.7200536014839,1615.9829651769596,4223072,BHARTIARTL.NS
2024-09-18,1620.781982421875,1636.5010178466666,1613.877280054815,1621.0757257767227,3171195,BHARTIARTL.NS
2024-09-19,1630.52685546875,1676.410955832833,1613.7304018608315,1613.7304018608315,8498240,BHARTIARTL.NS
2024-09-20,1676.4599609375,1687.869804357462,1631.6531590021177,1636.5500772464218,21646275,BHARTIARTL.NS
2024-09-23,1714.362060546875,1718.0837662344907,1683.560492607718,1683.560492607718,5001827,BHARTIARTL.NS
2024-09-24,1720.4342041015625,1731.1095091235463,1710.1016594247126,1715.8800465057552,7579205,BHARTIARTL.NS
2024-09-25,1724.1070556640625,1730.4730495895321,1709.0245230683695,1719.3570687227157,4017103,BHARTIARTL.NS
2024-09-26,1734.5863037109375,1742.3234582118184,1710.1507302382015,1733.5090056407637,7417423,BHARTIARTL.NS
2024-09-27,1698.8387451171875,1727.093937675068,1686.9882276320716,1719.01402308699,7116861,BHARTIARTL.NS
2024-09-30,1674.3052978515625,1697.2717956784875,1669.0654998965256,1678.6635070934378,6907288,BHARTIARTL.NS
2024-10-01,1663.678955078125,1687.3310940886556,1661.0346670499255,1669.849119882148,3649090,BHARTIARTL.NS
2024-10-03,1638.9495849609375,1660.0553512600789,1630.6738406183076,1630.6738406183076,7200276,BHARTIARTL.NS
2024-10-04,1607.0706787109375,1651.9263788050805,1596.5423043193828,1635.6197364369107,8576527,BHARTIARTL.NS
2024-10-07,1627.7845458984375,1635.570597628558,1608.5885318641795,1616.9623093920654,5387707,BHARTIARTL.NS
2024-10-08,1623.2794189453125,1644.8748767291975,1617.941825755662,1628.3232687656362,5224335,BHARTIARTL.NS
2024-10-09,1643.503662109375,1669.4573285652077,1626.8052427822563,1632.3876817078933,3414614,BHARTIARTL.NS
2024-10-10,1643.503662109375,1663.9237870893628,1630.6737603381684,1651.8284230480383,5047657,BHARTIARTL.NS
2024-10-11,1652.6119384765625,1655.403157872996,1624.4546595007607,1643.5036230211854,2367678,BHARTIARTL.NS
2024-10-14,1660.642822265625,1674.7949871372712,1644.7278386312976,1651.2407635370012,2069815,BHARTIARTL.NS
2024-10-15,1681.8465576171875,1697.0270040536798,1664.9031728053133,1672.7872589373453,5891334,BHARTIARTL.NS
2024-10-16,1698.2022705078125,1706.3312028081489,1681.6996795427726,1684.5399161027499,3299887,BHARTIARTL.NS
2024-10-17,1666.0784912109375,1702.1197371736191,1659.467651688099,1700.9445246354699,4373392,BHARTIARTL.NS
2024-10-18,1672.6402587890625,1680.7201734960177,1650.457196319235,1674.7459574416075,4154915,BHARTIARTL.NS
2024-10-21,1657.6558837890625,1673.7176803855682,1627.7356647532665,1670.38787153984,3836168,BHARTIARTL.NS
2024-10-22,1657.3619384765625,1677.5862342322007,1652.5629348060213,1657.1170925704498,3070057,BHARTIARTL.NS
2024-10-23,1651.044921875,1666.2742651336275,1645.4623636188348,1655.1582851764588,2764757,BHARTIARTL.NS
2024-10-24,1643.8463134765625,1658.096392312883,1623.2303609570235,1652.2200908634575,3669575,BHARTIARTL.NS
2024-10-25,1631.653076171875,1650.016518655802,1621.7123087298432,1646.4417446081984,3434386,BHARTIARTL.NS
2024-10-28,1629.0577392578125,1643.2588019120608,1611.7226968047826,1623.964992196376,2811651,BHARTIARTL.NS
2024-10-29,1603.3489990234375,1633.5629616483573,1576.8077251994482,1616.4727642494965,6990747,BHARTIARTL.NS
2024-10-30,1599.6761474609375,1616.962291569245,1584.4468045148162,1594.2406403208079,4622628,BHARTIARTL.NS
2024-10-31,1579.35400390625,1605.0139265182734,1569.119492884427,1600.3128373142442,4921681,BHARTIARTL.NS
2024-11-01,1583.1246337890625,1592.8205557157842,1572.2534993182333,1586.6014935253534,279441,BHARTIARTL.NS
2024-11-04,1558.4442138671875,1590.372096553199,1540.6194794782016,1585.769041276362,6094029,BHARTIARTL.NS
2024-11-05,1545.859130859375,1561.0395769805762,1533.7147500516812,1550.609117509147,6473278,BHARTIARTL.NS
2024-11-06,1565.838623046875,1577.5422098100612,1534.2044834191904,1550.364313598837,6631728,BHARTIARTL.NS
2024-11-07,1543.312744140625,1575.387557444631,1537.2895110140255,1563.0472282862656,5160994,BHARTIARTL.NS
2024-11-08,1537.534423828125,1546.936483004981,1526.71218661938,1538.6117219378443,3096384,BHARTIARTL.NS
2024-11-11,1528.377197265625,1548.9931512908813,1519.8075903593187,1528.8178720850538,3664301,BHARTIARTL.NS
2024-11-12,1523.5782470703125,1562.1169710021709,1518.1426198199647,1536.457166384607,4479934,BHARTIARTL.NS
2024-11-13,1518.4853515625,1540.0808091401138,1514.469902457352,1527.7405989044787,5816699,BHARTIARTL.NS
2024-11-14,1518.5343017578125,1535.6735150959369,1504.871948089745,1518.044609948152,5139154,BHARTIARTL.NS
2024-11-18,1505.3126220703125,1536.6038808689812,1497.918227927031,1536.6038808689812,4816078,BHARTIARTL.NS
2024-11-19,1494.0496826171875,1525.8796496345974,1487.9775521153313,1505.3125940233479,6238241,BHARTIARTL.NS
2024-11-21,1493.70703125,1510.2586392174064,1479.8487283805728,1506.2920875243688,7356679,BHARTIARTL.NS
2024-11-22,1536.94677734375,1542.5292162095182,1488.858945500254,1501.3951037772642,7640321,BHARTIARTL.NS
2024-11-25,1546.201904296875,1576.0731049816286,1530.3359373284065,1549.3358840882354,12155641,BHARTIARTL.NS
2024-11-26,1544.7327880859375,1571.7637516224531,1533.7147225503745,1557.2199290262424,4030593,BHARTIARTL.NS
2024-11-27,1545.1246337890625,1551.0988501218922,1522.109118096646,1536.799872793933,4982785,BHARTIARTL.NS
2024-11-28,1528.230224609375,1555.750880421554,1524.8512793880643,1538.6116670709862,6714728,BHARTIARTL.NS
2024-11-29,1593.6041259765625,1614.9057203101715,1519.1709687648715,1519.1709687648715,10775801,BHARTIARTL.NS
2024-12-02,1609.7149658203125,1612.2613394353152,1583.8592131867144,1593.6041523731776,3790108,BHARTIARTL.NS
2024-12-03,1587.1402587890625,1618.8232966936391,1579.8927956995556,1618.8232966936391,9131055,BHARTIARTL.NS
2024-12-04,1551.441650390625,1596.8850766671083,1549.7767459702447,1596.1505389133515,8772014,BHARTIARTL.NS
2024-12-05,1582.04736328125,1588.6093055023152,1552.6658536296206,1567.0138480869002,10324005,BHARTIARTL.NS
2024-12-06,1564.9080810546875,1591.155609686663,1561.9210327692717,1584.6426847539194,4296866,BHARTIARTL.NS
2024-12-09,1569.51123046875,1572.792141606452,1556.289551915358,1562.9983056409765,4264409,BHARTIARTL.NS
2024-12-10,1546.10400390625,1578.6194928635823,1537.6813285309088,1577.346365866492,14645786,BHARTIARTL.NS
2024-12-11,1553.3023681640625,1555.261135337031,1538.807443262631,1555.261135337031,3853182,BHARTIARTL.NS
2024-12-12,1577.346435546875,1584.544881692818,1545.9571407435683,1545.9571407435683,13120939,BHARTIARTL.NS
2024-12-13,1647.078369140625,1650.261365840317,1573.6736161491926,1584.6426646466664,12900707,BHARTIARTL.NS
2024-12-16,1628.2742919921875,1652.220173778838,1625.9237473837254,1647.0784097525554,4375126,BHARTIARTL.NS
2024-12-17,1581.9984130859375,1624.4546692062916,1575.3385566321442,1616.4726687729897,6182486,BHARTIARTL.NS
2024-12-18,1568.874755859375,1589.539727793647,1563.1942826397521,1587.9727378014427,3905144,BHARTIARTL.NS
2024-12-19,1567.3076171875,1576.5627443522937,1552.7636751375935,1553.6941612863984,5865855,BHARTIARTL.NS
2024-12-20,1545.5653076171875,1588.8541364962953,1540.9622523031237,1576.8076698307793,9738879,BHARTIARTL.NS
2024-12-23,1554.1839599609375,1574.3102225193852,1545.810181814163,1553.302490752803,4363599,BHARTIARTL.NS
2024-12-24,1551.2457275390625,1565.8385672740658,1542.5291894782622,1557.2199436637693,3610076,BHARTIARTL.NS
2024-12-26,1566.524169921875,1573.722615938572,1548.503486600974,1551.2458086805107,3400479,BHARTIARTL.NS
2024-12-27,1566.8668212890625,1594.877168208542,1563.3900812573695,1566.5240609413831,2559578,BHARTIARTL.NS
2024-12-30,1554.1839599609375,1579.794866679481,1548.5034868895539,1571.9107803645957,4438130,BHARTIARTL.NS
2024-12-31,1555.016357421875,1564.2714848972985,1531.1193729562094,1550.3642851826976,2249626,BHARTIARTL.NS
2025-01-01,1562.802490234375,1573.4288988044955,1551.3927660061897,1560.158202120047,1405565,BHARTIARTL.NS
2025-01-02,1576.5137939453125,1586.2097158702666,1555.6529941923711,1566.915906027072,3728040,BHARTIARTL.NS
2025-01-03,1565.887451171875,1583.663287493246,1560.4519439024723,1581.7045202854622,3669685,BHARTIARTL.NS
2025-01-06,1555.701904296875,1576.660738227019,1534.7920873704866,1563.2432301014803,4584188,BHARTIARTL.NS
2025-01-07,1558.052490234375,1569.9520257564257,1551.3927529989269,1561.137572711006,2830856,BHARTIARTL.NS
2025-01-08,1566.230224609375,1580.186441081448,1545.3204084022998,1565.7895498054065,3674564,BHARTIARTL.NS
2025-01-09,1573.91845703125,1586.7972556860143,1559.5704634276497,1567.0137548524667,4684859,BHARTIARTL.NS
2025-01-10,1582.5860595703125,1591.4984268499386,1558.9829375813024,1574.84890484597,4145892,BHARTIARTL.NS
2025-01-13,1564.271484375,1581.4106978820362,1545.5652809723395,1547.4261337781222,3705039,BHARTIARTL.NS
2025-01-14,1567.1116943359375,1599.7252164512684,1545.957032218217,1571.6168350423754,7284572,BHARTIARTL.NS
2025-01-15,1574.3101806640625,1580.5782598563335,1560.1581349201829,1574.89790648964,2960985,BHARTIARTL.NS
2025-01-16,1596.5911865234375,1601.2922758887987,1567.552556796279,1585.6711544133693,5299325,BHARTIARTL.NS
2025-01-17,1593.9468994140625,1605.209811452933,1589.5396729640697,1596.493273007769,2678801,BHARTIARTL.NS
2025-01-20,1607.3154296875,1611.0860326617203,1584.7405897366411,1604.2303474163514,3933044,BHARTIARTL.NS
2025-01-21,1592.6246337890625,1622.5447304495628,1586.8952637522568,1619.9004426029326,7958844,BHARTIARTL.NS
2025-01-22,1598.1092529296875,1607.168551590389,1589.0989712724024,1593.9468724639598,3262136,BHARTIARTL.NS
2025-01-23,1602.271728515625,1611.4779591794445,1583.8592671879856,1591.008815998553,2457080,BHARTIARTL.NS
2025-01-24,1610.8902587890625,1627.6376951212437,1600.3618846597449,1600.3618846597449,3620058,BHARTIARTL.NS
2025-01-27,1569.5601806640625,1613.2406666273066,1560.8436424511233,1605.1607516842503,6622807,BHARTIARTL.NS
2025-01-28,1584.9854736328125,1596.6891797430176,1564.075657043929,1574.5061166137216,5216471,BHARTIARTL.NS
2025-01-29,1567.4544677734375,1593.3592362705992,1560.3050390752305,1586.601465377702,5009227,BHARTIARTL.NS
2025-01-30,1606.9237060546875,1611.037069517956,1562.3127334666256,1573.5756453176868,4283637,BHARTIARTL.NS
2025-01-31,1592.7716064453125,1605.3076448713791,1541.7946419255927,1605.3076448713791,8340866,BHARTIARTL.NS
2025-02-01,1589.7845458984375,1610.1067570965847,1576.024157482561,1593.457234669187,2741589,BHARTIARTL.NS
2025-02-03,1618.2845458984375,1626.7562383593265,1574.9468195002435,1586.503594361229,4146970,BHARTIARTL.NS
2025-02-04,1627.1968994140625,1633.9057729850488,1595.4649651491256,1627.8825396936547,6385876,BHARTIARTL.NS
2025-02-05,1626.217529296875,1640.6634380941864,1615.1015488110334,1635.5706909498217,3920893,BHARTIARTL.NS
2025-02-06,1586.356689453125,1632.9264304886667,1579.9906956383725,1631.5552694486014,5229162,BHARTIARTL.NS
2025-02-07,1642.1815185546875,1672.3465824915468,1601.292251580089,1601.3412685835613,14873255,BHARTIARTL.NS
2025-02-10,1658.1455078125,1664.9521762409597,1643.4547533162563,1663.8258611521812,6782878,BHARTIARTL.NS
2025-02-11,1661.7691650390625,1671.4650868333297,1651.4366199780725,1670.828463566607,8965266,BHARTIARTL.NS
2025-02-12,1676.2640380859375,1678.3696171700503,1649.7716640475035,1668.869644129977,7148192,BHARTIARTL.NS
2025-02-13,1679.251220703125,1692.7667632030439,1668.7718632304325,1674.7460797210422,5356002,BHARTIARTL.NS
2025-02-14,1681.650634765625,1688.555217317204,1670.0938606252178,1678.66346700579,5125863,BHARTIARTL.NS
2025-02-17,1641.00634765625,1681.503838291885,1631.8980317505927,1676.459988506573,4906462,BHARTIARTL.NS
2025-02-18,1634.493408203125,1660.985664378593,1621.6635062140265,1657.1171467569811,7529598,BHARTIARTL.NS
2025-02-19,1611.281982421875,1638.949571380284,1604.671142582255,1635.570745505947,7776555,BHARTIARTL.NS
2025-02-20,1609.6170654296875,1615.7872303866636,1593.7020807547667,1606.042291115048,5524503,BHARTIARTL.NS
2025-02-21,1605.4547119140625,1624.5036768403306,1595.611858019855,1609.6170925915887,5447583,BHARTIARTL.NS
2025-02-24,1568.287109375,1603.7897672038362,1565.0550954615276,1593.4572217245966,4673190,BHARTIARTL.NS
2025-02-25,1607.560302734375,1615.1505258127734,1564.0756459615916,1564.0756459615916,6286808,BHARTIARTL.NS
2025-02-27,1616.374755859375,1621.8592802393061,1604.8669982852132,1609.5190704960446,7568745,BHARTIARTL.NS
2025-02-28,1537.828125,1614.464893897771,1527.3487680009405,1608.0989003152085,13640211,BHARTIARTL.NS
2025-03-03,1562.9005126953125,1569.7071813990185,1540.3256712184098,1546.4468191727033,6993525,BHARTIARTL.NS
2025-03-04,1542.8720703125,1557.7097571092486,1535.673624110218,1556.2406815759798,5219668,BHARTIARTL.NS
2025-03-05,1584.8875732421875,1592.5757108948412,1544.5859126010873,1545.467381786604,6295425,BHARTIARTL.NS
2025-03-06,1593.3592529296875,1598.1092396285444,1557.6606478532499,1584.642714704449,5174009,BHARTIARTL.NS
2025-03-07,1597.080810546875,1608.5396705558314,1582.2921418952958,1595.4159062255637,3035558,BHARTIARTL.NS
2025-03-10,1597.32568359375,1620.7819932654293,1593.0653887138053,1606.1891532670866,3778450,BHARTIARTL.NS
2025-03-11,1628.666015625,1641.8387976331303,1590.5680867524259,1596.3953717296026,6078564,BHARTIARTL.NS
2025-03-12,1608.9803466796875,1681.2589052292008,1600.3128256047398,1655.1583080000062,9907628,BHARTIARTL.NS
2025-03-13,1598.84375,1622.7407340944999,1596.0035136084095,1616.766517959291,8317331,BHARTIARTL.NS
2025-03-17,1605.356689453125,1614.4159879653216,1578.9622290826883,1578.9622290826883,6405522,BHARTIARTL.NS
2025-03-18,1605.356689453125,1605.356689453125,1605.356689453125,1605.356689453125,0,BHARTIARTL.NS
2025-03-19,1603.3978271484375,1608.1968305270643,1593.9467518366469,1601.2921285732214,6283464,BHARTIARTL.NS
2025-03-20,1670.093994140625,1674.4033061758093,1612.163426465975,1625.776883315313,12074465,BHARTIARTL.NS
2025-03-21,1690.22021484375,1695.7047389312363,1657.1170023187558,1674.4031462595856,14715349,BHARTIARTL.NS
2025-03-24,1683.3646240234375,1704.1275090711138,1679.4959869689217,1704.1275090711138,4120999,BHARTIARTL.NS
2025-03-25,1694.8233642578125,1704.6172005147198,1670.9263798802256,1689.4367543165135,4857399,BHARTIARTL.NS
2025-03-26,1702.7073974609375,1728.6120457356244,1690.5630169682665,1703.2950037073958,7142394,BHARTIARTL.NS
2025-03-27,1689.142822265625,1710.395517805376,1677.9289280319506,1704.0784219460495,6222339,BHARTIARTL.NS
2025-03-28,1697.6636962890625,1709.7590608367752,1625.776910204237,1697.5657818317122,4133264,BHARTIARTL.NS
2025-04-01,1688.604248046875,1728.6120439638617,1673.2278538839514,1679.6428642481715,6773056,BHARTIARTL.NS
2025-04-02,1718.426513671875,1724.1069866147252,1681.552695654231,1684.5398635826323,6431226,BHARTIARTL.NS
2025-04-03,1710.00390625,1718.7693423695034,1699.6713605986702,1711.962673611111,2341989,BHARTIARTL.NS
2025-04-04,1707.50634765625,1734.292585669951,1704.1275219428298,1718.3285846256867,7817334,BHARTIARTL.NS
2025-04-07,1651.87744140625,1738.161116236426,1634.9830736051072,1694.333698317519,14870388,BHARTIARTL.NS
2025-04-08,1684.931640625,1706.3801662830263,1671.6120470123005,1685.2253839852283,7206935,BHARTIARTL.NS
2025-04-09,1680.181640625,1691.2486039536727,1676.3130035396634,1684.1970896124594,5600666,BHARTIARTL.NS
2025-04-11,1720.38525390625,1730.5708675296646,1696.6352009704297,1723.7151821461289,8340002,BHARTIARTL.NS
2025-04-15,1761.71533203125,1782.4782172903078,1744.380169944084,1770.9214425655305,10313411,BHARTIARTL.NS
2025-04-16,1785.024658203125,1788.844278437926,1757.1122235272528,1765.2411558332735,6180958,BHARTIARTL.NS
2025-04-17,1850.1536865234375,1858.5763622631896,1788.060737282373,1796.1896696502415,10894325,BHARTIARTL.NS
2025-04-21,1844.5711669921875,1865.040308929045,1830.0762413340394,1859.2619215563914,3501123,BHARTIARTL.NS
2025-04-22,1814.014404296875,1849.0763878627756,1798.9319912676267,1849.0763878627756,6155127,BHARTIARTL.NS
2025-04-23,1842.8082275390625,1847.0196249997905,1798.2462720538554,1828.5092503490482,6855027,BHARTIARTL.NS
2025-04-24,1807.5504150390625,1839.0866398565374,1801.5761987690448,1835.8546260356482,5180688,BHARTIARTL.NS
2025-04-25,1779.73583984375,1823.3184102823932,1768.7667912851523,1808.6276562019516,4570083,BHARTIARTL.NS
2025-04-28,1784.2412109375,1800.9886477190944,1776.0143642305343,1798.1484111763282,3301891,BHARTIARTL.NS
2025-04-29,1786.1998291015625,1809.7050351278385,1780.1275791459118,1786.1017951001916,4684155,BHARTIARTL.NS
2025-04-30,1826.060791015625,1838.2051720240217,1789.3339046315616,1799.127741000645,9139821,BHARTIARTL.NS
2025-05-02,1810.0968017578125,1844.767006641983,1794.3287490111354,1813.8185074238856,3866806,BHARTIARTL.NS
2025-05-05,1827.5299072265625,1834.875284667184,1811.0762139381034,1829.4886745440615,3548839,BHARTIARTL.NS
2025-05-06,1861.8082275390625,1872.5814471618555,1843.7875453502033,1849.3701036142118,8597920,BHARTIARTL.NS
2025-05-07,1857.6949462890625,1877.4784481033216,1846.6278632753329,1861.808309777994,5554616,BHARTIARTL.NS
2025-05-08,1836.2464599609375,1866.509439162061,1824.0041641314917,1857.890815076663,5500724,BHARTIARTL.NS
2025-05-09,1810.292724609375,1832.5246851767095,1798.638035508037,1816.7566326530948,3686209,BHARTIARTL.NS
2025-05-12,1832.23095703125,1844.5711669541938,1815.7772640982137,1830.3701042090893,3936019,BHARTIARTL.NS
2025-05-13,1783.0657958984375,1844.8648784525835,1779.1482614157194,1831.4473706707397,8817763,BHARTIARTL.NS
2025-05-14,1796.3853759765625,1832.1328778676475,1782.674005388201,1792.2720126215197,7401614,BHARTIARTL.NS
2025-05-15,1828.7049560546875,1831.3493634287345,1787.375017177579,1811.7616920076102,8788351,BHARTIARTL.NS
2025-05-16,1776.6019287109375,1796.1896015743437,1772.7823085918399,1796.1896015743437,100662047,BHARTIARTL.NS
2025-05-19,1780.813232421875,1790.9987261315525,1771.7049171985607,1784.4369038893187,5799804,BHARTIARTL.NS
2025-05-20,1771.6070556640625,1787.2771935976427,1762.4008257173512,1772.4885248335593,12512596,BHARTIARTL.NS
2025-05-21,1784.9267578125,1788.8442925347222,1768.0814063284133,1775.6226128472222,6849562,BHARTIARTL.NS
2025-05-22,1793.643310546875,1798.8339723623242,1778.85464076524,1782.3803981321564,6496923,BHARTIARTL.NS
2025-05-23,1793.93701171875,1803.8288823801695,1783.9473461552147,1787.3751889834023,3460945,BHARTIARTL.NS
2025-05-26,1809.313232421875,1811.8596057949633,1793.1534035053253,1796.1894686637636,3254715,BHARTIARTL.NS
2025-05-27,1805.78759765625,1819.3030201141573,1795.895727279977,1805.9834265621762,5847725,BHARTIARTL.NS
2025-05-28,1817.833984375,1828.5092901618798,1807.0607641330178,1809.9010006530016,3713699,BHARTIARTL.NS
2025-05-29,1825.1793212890625,1828.5092495642944,1812.3494195601106,1819.6947968347397,5786774,BHARTIARTL.NS
2025-05-30,1817.9317626953125,1828.5091532350082,1805.0039471944938,1815.7771666297294,16712960,BHARTIARTL.NS
2025-06-02,1815.8751220703125,1820.6741256559856,1793.7410764598912,1805.983371549025,3199499,BHARTIARTL.NS
2025-06-03,1803.3392333984375,1830.9578055917787,1794.2309172742116,1828.5093463706075,5596977,BHARTIARTL.NS
2025-06-04,1836.736083984375,1845.7463655607316,1811.8597158666082,1816.7566340175993,5892170,BHARTIARTL.NS
2025-06-05,1840.06591796875,1850.0555826635211,1830.0761337203191,1845.158664763406,8999675,BHARTIARTL.NS
2025-06-06,1831.6431884765625,1843.1020485012896,1828.8030716367302,1833.5040412553128,4644174,BHARTIARTL.NS
2025-06-09,1826.6483154296875,1836.3442369113116,1810.5864005934377,1835.3648533182923,3649505,BHARTIARTL.NS
2025-06-10,1818.8133544921875,1836.9319520369907,1812.1536173971094,1828.1174991773566,7925901,BHARTIARTL.NS
2025-06-11,1821.849365234375,1828.0195298724475,1809.70510396843,1819.5968546367014,8907265,BHARTIARTL.NS
2025-06-12,1806.17919921875,1844.1793309710038,1793.838989688041,1833.30819684999,7346031,BHARTIARTL.NS
2025-06-13,1802.4576416015625,1806.5710049919535,1777.581273695314,1777.581273695314,4613000,BHARTIARTL.NS
2025-06-16,1822.9267578125,1831.447347382601,1800.8906266274153,1804.1225208023632,5722187,BHARTIARTL.NS
2025-06-17,1816.560791015625,1840.2618268610227,1809.509157200723,1840.2618268610227,6561555,BHARTIARTL.NS
2025-06-18,1827.4320068359375,1832.4268396232678,1805.1020114231221,1809.5092379214143,5069427,BHARTIARTL.NS
2025-06-19,1838.3031005859375,1840.2618678747876,1825.66902766212,1833.406182363812,4712312,BHARTIARTL.NS
2025-06-20,1896.772216796875,1908.8186831936525,1835.3649113929732,1841.2412131370274,16228526,BHARTIARTL.NS
2025-06-23,1896.380615234375,1908.8187398067225,1887.370213894056,1890.210450398653,2946463,BHARTIARTL.NS
2025-06-24,1893.7362060546875,1922.5301093411883,1889.3289796196211,1910.6795910598546,6837210,BHARTIARTL.NS
2025-06-25,1925.0765380859375,1929.3858501899895,1898.045572420406,1901.9631071416038,4152765,BHARTIARTL.NS
2025-06-26,1972.7724609375,1976.7879098430187,1925.7620474789437,1929.385719028242,9413241,BHARTIARTL.NS
2025-06-27,1985.30859375,1996.963283217521,1967.1899960356675,1968.5611570707292,6405854,BHARTIARTL.NS
2025-06-30,1968.1693115234375,1982.174545201148,1958.963081525383,1976.3961578951812,5597484,BHARTIARTL.NS
2025-07-01,1977.767333984375,1988.9323313203035,1965.5250385620116,1967.5817202822354,3769165,BHARTIARTL.NS
2025-07-02,1991.380859375,2003.6231552213676,1976.6901043593589,1995.0045311240567,6513288,BHARTIARTL.NS
2025-07-03,1977.66943359375,2002.7416308862903,1971.4013543821982,1999.7055655106897,5558647,BHARTIARTL.NS
2025-07-04,1975.6126708984375,1994.5148233556847,1963.7621525245636,1985.2106785867777,2178315,BHARTIARTL.NS
2025-07-07,1991.9683837890625,1994.0250654959825,1969.1486974479224,1976.3961602018137,4165432,BHARTIARTL.NS
2025-07-08,1988.1488037109375,1993.045721946679,1973.2622200957514,1984.2312691223447,3624619,BHARTIARTL.NS
2025-07-09,1978.06103515625,1998.6280910271873,1957.2981503841977,1993.0456522551126,2937734,BHARTIARTL.NS
2025-07-10,1923.9991455078125,1986.7776124227605,1921.844549338382,1986.7776124227605,5695845,BHARTIARTL.NS
2025-07-11,1882.2774658203125,1918.7104898751322,1874.736139963181,1901.963053326605,13103980,BHARTIARTL.NS
2025-07-14,1881.298095703125,1887.7620039459805,1861.024782216484,1875.5197082005461,5269381,BHARTIARTL.NS
2025-07-15,1894.3238525390625,1902.9424766831307,1883.5506321358125,1885.1177416555859,4163140,BHARTIARTL.NS
2025-07-16,1896.67431640625,1903.9217791883793,1889.0351958145457,1903.9217791883793,4211258,BHARTIARTL.NS
2025-07-17,1890.112548828125,1904.8033037241096,1887.8599185892729,1903.6279716002293,6256455,BHARTIARTL.NS
2025-07-18,1877.372802734375,1892.186370351953,1868.287196150176,1891.297532184274,4643961,BHARTIARTL.NS
2025-07-21,1885.4708251953125,1896.03790902182,1869.0771679217364,1871.2498968225996,5109654,BHARTIARTL.NS
2025-07-22,1883.100830078125,1887.5449005198893,1859.5965870759885,1885.4709045378984,4513541,BHARTIARTL.NS
2025-07-23,1919.640869140625,1924.776190951675,1883.5945217985336,1896.1366273100134,5194282,BHARTIARTL.NS
2025-07-24,1912.0364990234375,1945.9102380372574,1909.6663041284937,1919.640869288336,4150685,BHARTIARTL.NS
2025-07-25,1913.814208984375,1928.4301900794749,1901.0745166840238,1912.0365326436295,3896884,BHARTIARTL.NS
2025-07-28,1866.805908203125,1906.0124370549743,1861.5717325640553,1906.0124370549743,3575044,BHARTIARTL.NS
2025-07-29,1894.4578857421875,1899.6919407829134,1856.6338604698753,1856.6338604698753,3748040,BHARTIARTL.NS
2025-07-30,1908.580078125,1915.098023938185,1898.2105805189387,1909.9627019164334,5044683,BHARTIARTL.NS
2025-07-31,1890.507568359375,1902.5558885995397,1872.039914861235,1889.2236775971553,4674966,BHARTIARTL.NS
2025-08-01,1860.9791259765625,1895.840315741839,1854.6586464148972,1890.2112083270038,5192594,BHARTIARTL.NS
2025-08-04,1890.8037109375,1896.0378862849125,1855.1524163208508,1868.4846269252325,3074380,BHARTIARTL.NS
2025-08-05,1907.7900390625,1913.5178795305437,1888.3348146343578,1896.1366510069379,5167672,BHARTIARTL.NS
2025-08-06,1905.716064453125,1940.3799094341891,1897.7167619779266,1906.0123840294045,5461349,BHARTIARTL.NS
2025-08-07,1898.704345703125,1909.2714297675527,1885.3721346386885,1904.1359872478954,4268534,BHARTIARTL.NS
2025-08-08,1835.499755859375,1870.262333439792,1832.932094923232,1862.8555496510396,93801105,BHARTIARTL.NS
2025-08-11,1834.314697265625,1842.8077851336448,1822.7600423581562,1839.8450716527227,5266532,BHARTIARTL.NS
2025-08-12,1827.302978515625,1841.820226449231,1824.1426784493622,1834.3147096906787,4645011,BHARTIARTL.NS
2025-08-13,1844.1904296875,1849.227018551301,1828.784343523411,1829.9693807079097,6697206,BHARTIARTL.NS
2025-08-14,1850.5108642578125,1859.5964705928338,1843.597866225869,1849.7207591186288,3958631,BHARTIARTL.NS
2025-08-18,1868.781005859375,1888.828628628729,1847.0544397398173,1868.9784718755761,7146376,BHARTIARTL.NS
2025-08-19,1885.964599609375,1907.7900187292848,1876.3852075604461,1877.4715117278834,5706265,BHARTIARTL.NS
2025-08-20,1904.4322509765625,1927.7389062654595,1902.0620560795467,1912.9253388505097,6962619,BHARTIARTL.NS
2025-08-21,1905.9136962890625,1916.7769795648605,1903.7409673020275,1906.0124292991263,3376913,BHARTIARTL.NS
2025-08-22,1909.2713623046875,1923.4922904951002,1893.5689568285607,1909.962613891984,3271920,BHARTIARTL.NS
2025-08-25,1906.70361328125,1915.9868064073212,1889.4211177737689,1915.8880734007598,2451388,BHARTIARTL.NS
2025-08-26,1881.0267333984375,1901.8645812412458,1872.6323785689278,1898.2104956306462,5984656,BHARTIARTL.NS
2025-08-28,1857.7200927734375,1876.1877458749298,1854.8561122867761,1869.472213737456,5494113,BHARTIARTL.NS
2025-08-29,1865.324462890625,1876.483944712588,1849.2270046952606,1849.2270046952606,4339042,BHARTIARTL.NS
2025-09-01,1876.977783203125,1881.1256545409544,1860.7815915454387,1865.5219814877794,3421488,BHARTIARTL.NS
2025-09-02,1863.7442626953125,1893.6677173497806,1854.6586561579597,1880.8292921474092,4423049,BHARTIARTL.NS
2025-09-03,1860.4853515625,1868.5833869365088,1846.7580881867443,1867.4970827599643,3803044,BHARTIARTL.NS
2025-09-04,1857.0289306640625,1879.8418015446011,1853.276111838205,1875.397731091777,5205333,BHARTIARTL.NS
2025-09-05,1871.74365234375,1886.952151639917,1852.3871613247754,1863.5467635620546,2620140,BHARTIARTL.NS
2025-09-08,1864.238037109375,1875.3976394781234,1860.682805031415,1874.4100683146278,2547552,BHARTIARTL.NS
2025-09-09,1870.1634521484375,1880.335483288737,1859.5964889877582,1868.4846294024633,4517793,BHARTIARTL.NS
2025-09-10,1867.8922119140625,1881.3231562681335,1859.5965896340658,1880.3355850574942,3566139,BHARTIARTL.NS
2025-09-11,1889.2236328125,1892.1863462983536,1858.7076597975863,1860.5840691159176,4718266,BHARTIARTL.NS
2025-09-12,1878.952880859375,1901.0744991418314,1877.9653096909897,1901.0744991418314,3192824,BHARTIARTL.NS
2025-09-15,1880.829345703125,1889.2237008821623,1874.8051855087938,1880.3355601043581,3553258,BHARTIARTL.NS
2025-09-16,1915.394287109375,1917.8632150381059,1878.8541537641588,1879.6442589226012,5427586,BHARTIARTL.NS
2025-09-17,1917.1719970703125,1925.8625512000215,1908.5800553957365,1914.0116969342262,4234637,BHARTIARTL.NS
2025-09-18,1916.974365234375,1925.566306706066,1896.630423335774,1920.3321313076867,5080814,BHARTIARTL.NS
2025-09-19,1938.009765625,1952.2308151523634,1903.8398258870736,1906.2099003473625,11287603,BHARTIARTL.NS
2025-09-22,1931.88671875,1941.5649646587653,1919.8383984214852,1929.7141103475217,4469137,BHARTIARTL.NS
2025-09-23,1914.604248046875,1930.701706919165,1906.111159789467,1925.7638508912387,4348633,BHARTIARTL.NS
2025-09-24,1907.0986328125,1913.2216463037748,1894.9515799410397,1902.0620440339374,5237977,BHARTIARTL.NS
2025-09-25,1911.542724609375,1925.7637735089886,1904.8273130131136,1906.0123501909477,7133365,BHARTIARTL.NS
2025-09-26,1892.7789306640625,1920.5296571686774,1888.1373942628345,1907.0987130100048,3239306,BHARTIARTL.NS
2025-09-29,1878.557861328125,1904.0372461419377,1873.9163249763105,1904.0372461419377,5072608,BHARTIARTL.NS
2025-09-30,1855.0537109375,1883.8907408973337,1851.893410859755,1872.4349394291717,5945625,BHARTIARTL.NS
2025-10-01,1844.387939453125,1853.6711327956514,1832.833404694242,1844.7829920417032,5675393,BHARTIARTL.NS
2025-10-03,1873.126220703125,1876.6815734160555,1825.1302851629223,1828.1917317296138,5828332,BHARTIARTL.NS
2025-10-06,1879.4466552734375,1883.2982069178736,1864.0405692488132,1869.0771580670203,2809218,BHARTIARTL.NS
2025-10-07,1905.0247802734375,1921.8134901047742,1876.3852164435102,1876.3852164435102,5713060,BHARTIARTL.NS
2025-10-08,1919.3446044921875,1938.2071900783988,1903.642198487338,1905.024822261605,4957406,BHARTIARTL.NS
2025-10-09,1917.86328125,1924.578813669242,1907.2963175714692,1920.8259948667612,3945737,BHARTIARTL.NS
2025-10-10,1915.789306640625,1923.3935563086916,1911.3452364455711,1912.9253261820775,2512581,BHARTIARTL.NS
2025-10-13,1930.6029052734375,1941.4661881486695,1911.9377860408238,1913.8141953753518,3672419,BHARTIARTL.NS
2025-10-14,1922.406005859375,1939.5897682426169,1915.0979551270627,1939.5897682426169,4454239,BHARTIARTL.NS
2025-10-15,1944.0338134765625,1951.4405971194756,1927.3438368905747,1932.874211233326,3447352,BHARTIARTL.NS
2025-10-16,1942.947509765625,1962.2051472416201,1937.6146014308795,1937.9109209979117,3700674,BHARTIARTL.NS
2025-10-17,1986.9931640625,2009.016049042492,1945.8114951160508,1949.0704075960111,6743801,BHARTIARTL.NS
2025-10-20,2026.0023193359375,2031.4339609427361,1994.5975069153783,2000.819253704416,7387180,BHARTIARTL.NS
2025-10-21,2018.1016845703125,2032.9152521105889,2013.1638287235537,2026.2985734971805,240850,BHARTIARTL.NS
2025-10-23,1982.9442138671875,2041.3096470077273,1978.6976095346013,2038.248079880311,8790128,BHARTIARTL.NS
2025-10-24,2004.0782470703125,2007.7322122210348,1981.9566284915368,1983.0429326806875,3236799,BHARTIARTL.NS
2025-10-27,2054.246826171875,2067.973968584839,2004.7694155812908,2004.7694155812908,5796831,BHARTIARTL.NS
2025-10-28,2064.22119140625,2076.4672184599,2045.9511249374389,2065.998867716355,9891522,BHARTIARTL.NS
2025-10-29,2074.4921875,2084.170192507201,2055.7283344436864,2057.110837700071,2742750,BHARTIARTL.NS
2025-10-30,2040.618408203125,2062.0486549107854,2033.0141582237939,2044.2723734029337,4222189,BHARTIARTL.NS
2025-10-31,2028.9649658203125,2048.0251375948988,2026.1997183270773,2030.4463225731627,4659723,BHARTIARTL.NS
2025-11-03,2048.22265625,2055.135654607642,2021.75570003092,2029.458803564971,2979629,BHARTIARTL.NS
2025-11-04,2087.0341796875,2109.0570647665995,2077.355934102712,2080.8124331611193,12263078,BHARTIARTL.NS
2025-11-06,2068.86279296875,2096.90995947568,2054.6418642513268,2088.7130703636412,9546299,BHARTIARTL.NS
2025-11-07,1976.327392578125,2022.5457719154097,1970.7970180936684,2022.5457719154097,70392750,BHARTIARTL.NS
2025-11-10,1994.6962890625,2003.584429555406,1967.4392284417588,1970.2044759274668,7457061,BHARTIARTL.NS
2025-11-11,2016.9166259765625,2031.3350202322856,1992.3260800101352,1994.9924739178298,14825625,BHARTIARTL.NS
2025-11-12,2048.025146484375,2053.950573521495,2029.359906653702,2034.396616077751,8210277,BHARTIARTL.NS
2025-11-13,2065.801513671875,2080.812547903464,2053.160553911391,2073.800695841544,5958875,BHARTIARTL.NS
2025-11-14,2074.5908203125,2081.7012848981435,2056.0244330954692,2064.0238564457277,6312655,BHARTIARTL.NS
2025-11-17,2085.94775390625,2095.625999486105,2074.7881515878325,2085.75028789569,5998770,BHARTIARTL.NS
2025-11-18,2122.488037109375,2132.1662833746614,2084.0716127444325,2095.626147902284,10972556,BHARTIARTL.NS
2025-11-19,2132.956298828125,2139.276657985165,2120.0190198303203,2128.2159089072215,7419461,BHARTIARTL.NS
2025-11-20,2131.474853515625,2142.338136126123,2123.179111222048,2126.339531775546,7452899,BHARTIARTL.NS
2025-11-21,2135.820068359375,2147.4734560986562,2121.8954598702126,2123.3768165886067,6720938,BHARTIARTL.NS
2025-11-24,2125.35205078125,2138.8817278396996,2113.7972749931514,2135.227762664242,9686848,BHARTIARTL.NS
2025-11-25,2134.73388671875,2143.720639488166,2112.118362800138,2132.166105295353,7102592,BHARTIARTL.NS
2025-11-26,2100.366455078125,2108.3656370532426,2071.4305709903592,2077.849783725252,43174047,BHARTIARTL.NS
2025-11-27,2089.3056640625,2110.340737102211,2077.652276033199,2105.501734810856,4444877,BHARTIARTL.NS
2025-11-28,2075.479736328125,2103.032876444822,2070.3441731883636,2091.675807612178,6263457,BHARTIARTL.NS
2025-12-01,2063.7275390625,2092.663424153835,2057.209713646303,2088.4168196683736,5058900,BHARTIARTL.NS
2025-12-02,2077.849853515625,2088.5156709469375,2061.1599962868277,2063.8263903680922,6591396,BHARTIARTL.NS
2025-12-03,2060.073486328125,2083.6763411431734,2055.728269568397,2073.9983364413933,4357641,BHARTIARTL.NS
2025-12-04,2077.65234375,2082.2938801798505,2048.3215272611046,2068.764202928744,4611819,BHARTIARTL.NS
2025-12-05,2082.590087890625,2085.65141378975,2064.02370206231,2066.5914834930163,2938290,BHARTIARTL.NS
2025-12-08,2060.27099609375,2088.120455805432,2053.061678088443,2088.120455805432,4327091,BHARTIARTL.NS
2025-12-09,2063.7275390625,2074.294502940563,2054.543078455864,2060.863678954721,5139229,BHARTIARTL.NS
2025-12-10,2041.3095703125,2070.837851302198,2036.5691805636764,2046.247426070392,3987451,BHARTIARTL.NS
2025-12-11,2027.68115234375,2043.4822916429123,2012.670118230796,2040.3221120043302,3254850,BHARTIARTL.NS
2025-12-12,2057.505615234375,2061.1598213348784,2025.1134747493904,2027.5824025977115,2706420,BHARTIARTL.NS
2025-12-15,2043.97607421875,2053.0616810810616,2035.8780385611733,2044.3712473643945,3233614,BHARTIARTL.NS
2025-12-16,2075.87451171875,2080.417435351493,2044.371089167985,2044.371089167985,5756692,BHARTIARTL.NS
2025-12-17,2081.800048828125,2101.551472441295,2070.344126689988,2091.280828604945,6412516,BHARTIARTL.NS
2025-12-18,2065.9990234375,2090.2933722588573,2062.1475920638436,2072.9120220818895,3760341,BHARTIARTL.NS
2025-12-19,2071.6279296875,2088.712958610383,2056.123111029228,2087.6265339151837,10127415,BHARTIARTL.NS
2025-12-22,2120.907958984375,2124.9568561517053,2075.578297236128,2091.6757556638554,7670853,BHARTIARTL.NS
2025-12-23,2096.5146484375,2137.1039181875285,2092.8606834899415,2130.1909203006003,4110853,BHARTIARTL.NS
2025-12-24,2097.304931640625,2110.637142983157,2084.76282548779,2084.76282548779,3145464,BHARTIARTL.NS
2025-12-26,2079.232177734375,2096.6135262076054,2075.6770663009197,2096.6135262076054,1297870,BHARTIARTL.NS
2025-12-29,2055.728271484375,2086.441590619533,2053.55542199624,2079.232272760599,2371034,BHARTIARTL.NS
2025-12-30,2073.701904296875,2076.66461768302,2045.8524466883603,2051.1852343409278,6983390,BHARTIARTL.NS
2025-12-31,2079.429931640625,2094.6384310672643,2064.1225786554564,2069.9491520589277,2991434,BHARTIARTL.NS
2026-01-01,2084.170166015625,2097.502377228279,2080.8125203749382,2088.5156239634994,2097756,BHARTIARTL.NS
2026-01-02,2080.121337890625,2098.5888717406915,2071.9244484291626,2081.800160766766,2927138,BHARTIARTL.NS
2026-01-05,2078.83740234375,2085.8492543951065,2070.4430470373736,2075.973542269958,2642580,BHARTIARTL.NS
2026-01-06,2079.133544921875,2095.4284685411026,2061.5547306144313,2080.614901614532,9119265,BHARTIARTL.NS
2026-01-07,2058.2958984375,2077.6523908854297,2051.185433840431,2069.554355063594,4171371,BHARTIARTL.NS
2026-01-08,2040.618408203125,2065.998939690308,2029.4588054797239,2062.0486549107854,5534929,BHARTIARTL.NS
2026-01-09,2001.905517578125,2058.0983419068393,1998.0539658602852,2044.4698113831362,4165409,BHARTIARTL.NS
2026-01-12,2018.595458984375,2023.3358487922794,1976.426218507662,1998.350250124698,4689135,BHARTIARTL.NS
2026-01-13,2001.7080078125,2024.422023933682,1989.8571538954727,2021.5581640128967,7388496,BHARTIARTL.NS
2026-01-14,1997.3626708984375,2008.7197392372914,1983.7341406705648,1990.054620204551,4842964,BHARTIARTL.NS
2026-01-15,1997.3626708984375,1997.3626708984375,1997.3626708984375,1997.3626708984375,0,BHARTIARTL.NS
2026-01-16,1991.3385009765625,2004.473125005689,1963.9827076522358,1994.893733023803,7310676,BHARTIARTL.NS
2026-01-19,1985.01806640625,1997.8564917113652,1971.4883894982622,1997.8564917113652,4272071,BHARTIARTL.NS
2026-01-20,1971.1920166015625,1992.918581914806,1952.5268977445612,1992.918581914806,6076838,BHARTIARTL.NS
2026-01-21,1971.290771484375,1982.154054261563,1942.552474793529,1952.4281864091545,7952295,BHARTIARTL.NS
2026-01-22,1977.31494140625,1993.807452219183,1965.2666213958255,1983.8330075478484,6722567,BHARTIARTL.NS
2026-01-23,1960.032470703125,1986.6968925356227,1955.4896673904352,1984.030498573622,4340925,BHARTIARTL.NS
2026-01-27,1948.873046875,1978.895235722646,1938.3059626126596,1947.5891560827586,10510891,BHARTIARTL.NS
2026-01-28,1933.3680419921875,1970.2044950583875,1914.9005092321872,1970.2044950583875,9426909,BHARTIARTL.NS
2026-01-29,1943.44140625,1946.0090672827064,1914.9005742000345,1939.5898544243773,6065044,BHARTIARTL.NS
2026-01-30,1944.2313232421875,1949.4654986888927,1901.6670297269297,1901.6670297269297,7683747,BHARTIARTL.NS
2026-02-02,1940.972412109375,1945.317749391463,1902.5558692783113,1912.0365284508803,5326225,BHARTIARTL.NS
2026-02-03,1972.4759521484375,2024.5209047467765,1955.4896556401525,2024.5209047467765,6915795,BHARTIARTL.NS
2026-02-04,2000.6217041015625,2009.3122579774831,1973.5622302075833,1983.0428892327334,7464725,BHARTIARTL.NS
2026-02-05,1967.6368408203125,1997.7577617747622,1960.3287899863135,1986.9932118148427,7708690,BHARTIARTL.NS
2026-02-06,2013.0650634765625,2024.2245451796375,1963.7852388045374,1969.2168801489804,13870403,BHARTIARTL.NS
2026-02-09,2012.8675537109375,2029.656263961574,2003.4856273944054,2025.7059791967183,7570161,BHARTIARTL.NS
2026-02-10,1986.302001953125,2031.4339575530587,1983.438021363694,2026.4961015551173,9077763,BHARTIARTL.NS
2026-02-11,1987.0919189453125,1995.8813264331036,1971.8832988786914,1987.8820240993398,7423601,BHARTIARTL.NS
2026-02-12,1989.462158203125,2001.8067980529831,1984.1292496773617,1994.1036945654223,7437690,BHARTIARTL.NS
2026-02-13,1979.783935546875,1999.041573938394,1967.2418295336483,1988.8696629147487,4808543,BHARTIARTL.NS
2026-02-16,2004.177001953125,2006.942128959951,1970.2045288241784,1985.0180967100746,3455964,BHARTIARTL.NS
2026-02-17,1995.1900634765625,2013.1638103736861,1989.1657829559306,2002.7943131900101,4471158,BHARTIARTL.NS
2026-02-18,1996.6715087890625,2003.3869206454656,1989.9559763795341,1994.9925654101178,2182669,BHARTIARTL.NS
2026-02-19,1963.884033203125,2006.7446467170569,1950.2556231901685,2006.7446467170569,4712417,BHARTIARTL.NS
2026-02-20,1952.8232421875,1968.9205798155008,1946.5027626325084,1956.4772072700266,5180301,BHARTIARTL.NS
2026-02-23,1972.4759521484375,1975.6361316809398,1959.2424743189804,1969.2169190561328,3728878,BHARTIARTL.NS
2026-02-24,1916.8756103515625,1972.475914555702,1897.914292411682,1972.475914555702,10006761,BHARTIARTL.NS
2026-02-25,1889.6187744140625,1937.417245015064,1880.335580943736,1930.7017125761574,8285195,BHARTIARTL.NS
2026-02-26,1905.6173095703125,1910.9502180102677,1880.8292972612687,1890.2112233962027,10795028,BHARTIARTL.NS
2026-02-27,1855.942626953125,1891.1988710006594,1846.8568994707498,1886.2610149406055,13754648,BHARTIARTL.NS
2026-03-02,1849.9183349609375,1872.3362736702609,1824.932855779622,1827.1054642116926,11785758,BHARTIARTL.NS
2026-03-04,1882.2119140625,1896.1366434270433,1792.7379903114106,1837.9686774946206,20565585,BHARTIARTL.NS
2026-03-05,1883.2982177734375,1905.1235164802192,1873.6199721037467,1895.1490717919385,11398717,BHARTIARTL.NS
2026-03-06,1847.5482177734375,1878.4591234760856,1843.894132063681,1876.385248101966,10896859,BHARTIARTL.NS
2026-03-09,1843.4990234375,1849.1282513425515,1795.5030895031166,1808.2427814898845,8073518,BHARTIARTL.NS
2026-03-10,1827.4017333984375,1857.6213873596932,1823.5501816904166,1857.4239213451783,11741600,BHARTIARTL.NS
2026-03-11,1784.5411376953125,1824.7352368477207,1777.134353781248,1818.1185581057389,9548404,BHARTIARTL.NS
2026-03-12,1778.9119873046875,1795.206911523239,1768.7399560864042,1775.554221233877,12922735,BHARTIARTL.NS
2026-03-13,1780.98583984375,1793.4292122498375,1754.5188847456875,1758.9629549302274,8970772,BHARTIARTL.NS
2026-03-16,1766.5673828125,1782.467254770144,1748.8898345017506,1775.6529894874043,14261268,BHARTIARTL.NS
2026-03-17,1804.2926025390625,1811.6993866217351,1768.8387719527107,1774.6654662083718,7181491,BHARTIARTL.NS
2026-03-18,1832.339599609375,1845.770543606319,1804.09508784673,1804.09508784673,6428092,BHARTIARTL.NS
2026-03-19,1804.2926025390625,1838.1663432984026,1793.7256388023666,1803.897549944028,7145082,BHARTIARTL.NS
2026-03-20,1823.1551513671875,1837.771253213415,1811.2055640682022,1811.2055640682022,7691633,BHARTIARTL.NS
2026-03-23,1773.5791015625,1807.2552546004413,1769.727549860104,1804.2925410683094,6874051,BHARTIARTL.NS
2026-03-24,1779.7020263671875,1804.0951072151279,1758.8642982636834,1793.7256096678125,7535860,BHARTIARTL.NS
2026-03-25,1812.0943603515625,1826.2165557226956,1787.6025471628632,1791.4540988288527,12473682,BHARTIARTL.NS
2026-03-27,1820.9825439453125,1833.8209694335987,1795.7994785644432,1817.032259179686,24490425,BHARTIARTL.NS
2026-03-30,1760.2469482421875,1801.8236720590414,1752.4451115750994,1795.404459196129,14240129,BHARTIARTL.NS
2026-04-01,1759.7530517578125,1794.713094488286,1754.4201434509405,1788.4913480380824,10694662,BHARTIARTL.NS
2026-04-02,1767.4560546875,1777.035567259756,1725.1880814226272,1743.0630952863276,10857093,BHARTIARTL.NS
2026-04-06,1770.5177001953125,1791.7504810506462,1741.4830827290216,1789.577752073109,8183498,BHARTIARTL.NS
2026-04-07,1807.5516357421875,1817.1310282677834,1749.9761859187568,1765.8760583054745,10057628,BHARTIARTL.NS
2026-04-08,1838.4625244140625,1848.2395034185392,1817.3284765934955,1840.8327194080457,11587604,BHARTIARTL.NS
2026-04-09,1836.2899169921875,1846.6594146125253,1823.155171785176,1846.6594146125253,10113053,BHARTIARTL.NS
2026-04-10,1846.758056640625,1851.3008598351064,1836.783612103083,1844.7829143340575,5857988,BHARTIARTL.NS
2026-04-13,1847.64697265625,1870.1635235681833,1815.1558562332882,1815.1558562332882,10371983,BHARTIARTL.NS
2026-04-15,1832.6357421875,1867.398319138862,1830.561866874802,1857.127555027025,11049107,BHARTIARTL.NS
2026-04-16,1817.7235107421875,1841.7215389139549,1800.5397479015621,1840.338915135399,15871247,BHARTIARTL.NS
2026-04-17,1823.9451904296875,1828.389260627552,1806.958894230423,1814.266944888646,7344787,BHARTIARTL.NS
2026-04-20,1823.1551513671875,1841.8202709853854,1816.3408860395123,1841.8202709853854,9243641,BHARTIARTL.NS
2026-04-21,1831.944580078125,1845.6718438993087,1807.2553000231637,1807.2553000231637,10485373,BHARTIARTL.NS
2026-04-22,1806.2677001953125,1834.808531597159,1802.6137350263361,1827.2041611288694,5687058,BHARTIARTL.NS
2026-04-23,1818.3160400390625,1823.056430006809,1789.577742311552,1799.1572552561386,7489947,BHARTIARTL.NS
2026-04-24,1791.9478759765625,1827.6979038701402,1784.8374118213812,1822.0687964600484,6306448,BHARTIARTL.NS
2026-04-27,1797.478271484375,1805.675160458021,1791.4541114275748,1793.5279867844245,4413769,BHARTIARTL.NS
2026-04-28,1820.8837890625,1828.981824513503,1790.071495928887,1803.304973845387,10558455,BHARTIARTL.NS
2026-04-29,1864.6331787109375,1876.7803528231393,1822.4639362375847,1825.03159727464,7713013,BHARTIARTL.NS
2026-04-30,1863.349365234375,1882.310683817584,1836.8824091819024,1836.8824091819024,12709188,BHARTIARTL.NS
2026-05-01,1863.349365234375,1863.349365234375,1863.349365234375,1863.349365234375,0,BHARTIARTL.NS
2026-05-04,1804.3912353515625,1871.7436605351234,1799.0583269975498,1849.9182415409805,10707858,BHARTIARTL.NS
2026-05-05,1783.65234375,1823.0564592606802,1778.6157546741522,1805.280177426069,11407461,BHARTIARTL.NS
2026-05-06,1810.9091796875,1818.6122829219387,1791.2566101348034,1794.416789611275,5507749,BHARTIARTL.NS
2026-05-07,1803.8974609375,1820.9824902664523,1798.5645525504826,1812.1930828114023,7914845,BHARTIARTL.NS
2026-05-08,1811.6993408203125,1817.9210875137167,1792.6391687081764,1797.379558622496,4839183,BHARTIARTL.NS
2026-05-11,1737.9278564453125,1797.1821288020824,1734.1750376414666,1791.4541675863443,15803791,BHARTIARTL.NS
2026-05-12,1734.965087890625,1754.4201918104775,1729.7309124435978,1729.7309124435978,11945399,BHARTIARTL.NS
2026-05-13,1766.9622802734375,1775.652954747063,1718.8676127570984,1718.8676127570984,9825413,BHARTIARTL.NS
2026-05-14,1860.09033203125,1865.7194395798856,1774.9617438728374,1797.3795616123573,21279151,BHARTIARTL.NS
2026-05-15,1881.7181396484375,1899.0006351989316,1857.0288602905885,1859.7939872467946,15807294,BHARTIARTL.NS
2026-05-18,1914.01171875,1929.5166589230141,1866.904620727789,1881.1256701194588,13888648,BHARTIARTL.NS
2026-05-19,1889.7174072265625,1917.8631851758478,1884.0882998579534,1904.432241563304,8962228,BHARTIARTL.NS
2026-05-20,1881.224365234375,1890.2112388633832,1874.1137804052098,1890.2112388633832,5778742,BHARTIARTL.NS
2026-05-21,1861.8680419921875,1891.4951781578525,1857.423971567338,1887.248573752857,6419014,BHARTIARTL.NS
2026-05-22,1848.1407470703125,1873.0274928100464,1846.0668716841888,1867.7934378406026,5099120,BHARTIARTL.NS
2026-05-25,1851.49853515625,1868.9784971860931,1839.9438797770422,1868.9784971860931,5903841,BHARTIARTL.NS
2026-05-26,1823.9451904296875,1850.7083446217582,1821.8713151146414,1850.7083446217582,5803034,BHARTIARTL.NS
2026-05-27,1829.1793212890625,1846.1656181947292,1817.5260535063592,1817.5260535063592,8653155,BHARTIARTL.NS
2026-05-28,1829.1793212890625,1829.1793212890625,1829.1793212890625,1829.1793212890625,0,BHARTIARTL.NS
2026-05-29,1806.2677001953125,1836.8824069782838,1795.8982027365641,1836.8824069782838,52886264,BHARTIARTL.NS
2026-06-01,1788.0963134765625,1819.1060719295247,1781.4796349432352,1807.255218040733,6391656,BHARTIARTL.NS
2026-06-02,1791.651611328125,1802.3174284409706,1755.3090637330802,1762.8145806943191,10791294,BHARTIARTL.NS
2026-06-03,1801.4285888671875,1812.686924576928,1782.4672701846632,1807.1565500072857,5832363,BHARTIARTL.NS
2026-06-04,1796.293212890625,1807.057762680342,1776.0480040446246,1792.4416612434447,6735759,BHARTIARTL.NS
2026-06-05,1775.8504638671875,1805.0826675045578,1768.443679949568,1802.2186869457869,3926715,BHARTIARTL.NS
2026-06-08,1790.7628173828125,1797.478228881691,1748.9885094496947,1753.0375270605523,6324919,BHARTIARTL.NS
2026-06-09,1776.6405029296875,1814.1682067158622,1766.9622574162158,1814.1682067158622,10377475,BHARTIARTL.NS
2026-06-10,1753.1363525390625,1785.232416658435,1748.9886017048862,1776.6405954077302,7999362,BHARTIARTL.NS
2026-06-11,1760.4443359375,1773.6778136690402,1746.61833961714,1750.9636768570203,5020731,BHARTIARTL.NS
2026-06-12,1799.8485107421875,1802.3174387404622,1761.8270195687587,1761.8270195687587,5910557,BHARTIARTL.NS
2026-06-15,1818.3160400390625,1833.9197131758635,1793.4292940912053,1818.118574020875,5307277,BHARTIARTL.NS
2026-06-16,1829.9693603515625,1836.0922533252306,1814.365687794883,1817.3284012762938,5957732,BHARTIARTL.NS
2026-06-17,1852.38720703125,1854.6586689578253,1818.6123210254714,1829.9693895521034,7653632,BHARTIARTL.NS
2026-06-18,1851.49853515625,1855.448819958757,1838.6601095481026,1855.448819958757,4262944,BHARTIARTL.NS
2026-06-19,1887.051025390625,1893.6677039576514,1843.9928262662233,1851.0046779619659,15918432,BHARTIARTL.NS
2026-06-22,1892.7789306640625,1900.5807672252354,1877.372844112846,1891.9889460389197,3798060,BHARTIARTL.NS
2026-06-23,1877.96533203125,1903.74091572211,1873.1262091379713,1883.890759112051,5155908,BHARTIARTL.NS
2026-06-24,1853.9674072265625,1870.5585305646887,1849.6220699642718,1867.694550058648,8957457,BHARTIARTL.NS
2026-06-25,1827.6978759765625,1865.521899178507,1825.031482097343,1861.5716145852227,8521503,BHARTIARTL.NS
2026-06-26,1827.6978759765625,1827.6978759765625,1827.6978759765625,1827.6978759765625,0,BHARTIARTL.NS
2026-06-29,1818.21728515625,1826.809226800286,1810.316715673802,1814.2670004150261,10940130,BHARTIARTL.NS
2026-06-30,1828.9818115234375,1853.276038257023,1820.2911369839348,1829.9693826959665,7233634,BHARTIARTL.NS
2026-07-01,1847.7457275390625,1863.546866844581,1822.661394780927,1822.661394780927,4307333,BHARTIARTL.NS
2026-07-02,1851.6959228515625,1860.3865972707272,1827.2041098907312,1837.6724606170815,5282404,BHARTIARTL.NS
2026-07-03,1886.656005859375,1889.2236668160383,1861.5716737837074,1866.5095296823379,5087043,BHARTIARTL.NS
2026-07-06,1901.7657470703125,1908.6787452356762,1891.7913023994834,1892.9764601311326,2740217,BHARTIARTL.NS
2026-07-07,1901.8646240234375,1932.1830109860744,1893.1739494302603,1899.5931620913436,5767438,BHARTIARTL.NS
2026-07-08,1864.6331787109375,1900.284475304649,1851.7947529725336,1887.2485835453665,6188780,BHARTIARTL.NS
2026-07-09,1907.0986328125,1941.564890223635,1875.2001568461908,1878.360336320119,11145066,BHARTIARTL.NS
2026-07-10,1896.53173828125,1906.0123975990975,1882.310689027917,1906.0123975990975,6420887,BHARTIARTL.NS
2026-07-13,1878.1629638671875,1893.1739979457682,1873.1262542846123,1890.2112843339596,7862506,BHARTIARTL.NS
2026-07-14,1912.431640625,1916.9744440624643,1861.5717235105217,1861.5717235105217,6964062,BHARTIARTL.NS
2026-07-15,1894.4578857421875,1929.417809863854,1892.7789423662703,1929.417809863854,5763065,BHARTIARTL.NS
2026-07-16,1897.914306640625,1911.9377689145142,1893.1739168435556,1904.037199621479,4644787,BHARTIARTL.NS
2026-07-17,1885.075927734375,1901.2719987394955,1879.0516470583107,1894.1615344227657,4715613,BHARTIARTL.NS
2026-07-20,1915.98681640625,1918.3570113416981,1877.570273509941,1877.570273509941,6437294,BHARTIARTL.NS
2026-07-21,1924.1837158203125,1927.7389479661829,1914.6042030195495,1922.208573455593,5061312,BHARTIARTL.NS
2026-07-22,1924.7762451171875,1931.6892434321287,1915.3943188326245,1918.2582993880105,6589708,BHARTIARTL.NS
2026-07-23,1907.0,1924.6775487092787,1901.864677946781,1923.7887105126877,5612121,BHARTIARTL.NS
2026-07-24,1898.199951171875,1905.0,1878.0,1900.199951171875,4483600,BHARTIARTL.NS
2026-07-27,1905.300048828125,1917.0,1890.0,1892.0,5230299,BHARTIARTL.NS
2026-07-28,1901.800048828125,1908.4000244140625,1892.4000244140625,1901.0,6309089,BHARTIARTL.NS
2026-07-29,1950.199951171875,1957.0,1913.0999755859375,1915.199951171875,6315728,BHARTIARTL.NS
2026-07-30,1956.800048828125,1963.199951171875,1943.9000244140625,1954.0,5356472,BHARTIARTL.NS
2026-07-31,1972.0,1976.4000244140625,1947.4000244140625,1969.0,6529385,BHARTIARTL.NS
2026-08-03,1970.5,1987.4000244140625,1943.0,1987.4000244140625,4361200,BHARTIARTL.NS
2026-08-04,1970.0999755859375,1980.0,1936.0,1980.0,4977391,BHARTIARTL.NS
2026-08-05,1978.0,2031.0,1951.800048828125,2020.0,14286999,BHARTIARTL.NS
2026-08-06,1948.0,1970.0,1944.300048828125,1969.0,5391645,BHARTIARTL.NS
2026-08-07,1959.9000244140625,1961.0,1938.300048828125,1938.300048828125,3019876,BHARTIARTL.NS
2026-08-10,1943.0,1959.0,1935.0,1955.0,3671000,BHARTIARTL.NS
2026-08-11,1915.199951171875,1938.300048828125,1914.4000244140625,1934.800048828125,6798617,BHARTIARTL.NS
2026-08-12,1945.0,1945.0,1901.300048828125,1908.5999755859375,10871157,BHARTIARTL.NS
2026-08-13,1939.0999755859375,1970.0,1930.5,1965.0,13019222,BHARTIARTL.NS
2026-08-14,1992.0999755859375,2005.800048828125,1932.0,1939.0999755859375,12282580,BHARTIARTL.NS
2026-08-17,1969.300048828125,1993.199951171875,1969.300048828125,1984.199951171875,5537411,BHARTIARTL.NS
2026-08-18,1934.199951171875,1959.699951171875,1923.199951171875,1956.699951171875,6710275,BHARTIARTL.NS
2026-08-19,1922.0,1941.800048828125,1922.0,1924.800048828125,6252338,BHARTIARTL.NS
2026-08-20,1941.699951171875,1952.199951171875,1933.0,1944.0,4390604,BHARTIARTL.NS
2026-08-21,1946.0,1954.9000244140625,1940.5,1950.0,3016258,BHARTIARTL.NS
2026-08-24,1935.0,1952.5,1932.5,1950.0,2277098,BHARTIARTL.NS
2026-08-25,1947.0,1947.0,1923.4000244140625,1926.0,3820206,BHARTIARTL.NS
2026-08-26,1902.0999755859375,1942.9000244140625,1902.0999755859375,1933.5,4552921,BHARTIARTL.NS
2026-08-27,1878.300048828125,1915.0,1878.300048828125,1915.0,8757645,BHARTIARTL.NS
2026-08-28,1882.4000244140625,1894.300048828125,1867.5999755859375,1875.699951171875,6106300,BHARTIARTL.NS
2026-08-31,1811.9000244140625,1895.5,1811.9000244140625,1880.0,16921326,BHARTIARTL.NS
2026-09-01,1877.199951171875,1877.199951171875,1848.5,1852.0,9900740,BHARTIARTL.NS
2026-09-02,,,,,4124856,BHARTIARTL.NS
