Date,Close,High,Low,Open,Volume,ticker
2010-01-04,257.8452453613281,260.3322778473935,256.9533314935185,258.92580553419106,1963682,TCS.NS
2010-01-05,257.91400146484375,260.555407362471,256.0958979817199,258.9945832666981,2014488,TCS.NS
2010-01-06,252.08224487304688,258.03398512667826,251.44763098700625,257.91390889320934,3349176,TCS.NS
2010-01-07,245.06707763671875,253.64305290483685,243.90073662527882,252.30519238803456,6474892,TCS.NS
2010-01-08,240.05873107910156,246.4735657174121,238.92670636350388,245.6159680635589,6048178,TCS.NS
2010-01-11,244.99850463867188,247.02242256159113,240.26456972475145,241.49950198492445,4318408,TCS.NS
2010-01-12,257.2964782714844,258.65148693295913,249.3894310348293,251.10462657152001,9027690,TCS.NS
2010-01-13,270.5033874511719,273.196256046053,255.4439885711933,255.5640438409756,10910272,TCS.NS
2010-01-14,267.51898193359375,273.89952051995965,263.91707208139144,273.89952051995965,10327614,TCS.NS
2010-01-15,271.4809875488281,274.2938897137491,264.91178439096495,273.0589580773171,7945008,TCS.NS
2010-01-18,275.1859130859375,284.3793548701253,272.0299498335457,274.43122303510285,7261084,TCS.NS
2010-01-19,267.8105773925781,275.18591660598844,267.10735156204345,275.18591660598844,5154850,TCS.NS
2010-01-20,267.3646240234375,271.7555193487802,264.4487923156983,271.7555193487802,4347054,TCS.NS
2010-01-21,264.3631286621094,271.6698583513678,263.41977100196584,264.9119829257591,5089504,TCS.NS
2010-01-22,259.9721374511719,262.4248750504767,255.46118647518782,261.0527188410625,7574990,TCS.NS
2010-01-25,259.40606689453125,262.59632504924906,254.2433347110307,259.8520133570296,3008286,TCS.NS
2010-01-27,255.6571502685547,261.29791923786854,254.57372409590985,257.9616115301513,4844398,TCS.NS
2010-01-28,255.12396240234375,260.69593585057316,250.29148709739366,257.7895649754724,6537196,TCS.NS
2010-01-29,253.21510314941406,254.45331039501812,244.94313895658252,252.45841161355912,5473326,TCS.NS
2010-02-01,256.637451171875,262.36418711485516,247.64318005464574,252.5788378154903,3378012,TCS.NS
2010-02-02,253.97169494628906,262.3124498200916,252.80226112349982,259.6812342152957,4739188,TCS.NS
2010-02-03,258.9761962890625,260.33479794931594,252.97428684845002,255.89785100645386,2977676,TCS.NS
2010-02-04,254.07493591308594,259.30296090775346,251.94244954767305,258.97620540940585,2716612,TCS.NS
2010-02-05,248.8468475341797,252.80225699740436,246.47359345906105,252.80225699740436,4607118,TCS.NS
2010-02-08,249.070556640625,252.71640588533467,243.5673752943639,250.73870008902207,4170344,TCS.NS
2010-02-09,252.8539276123047,255.19277487349916,248.00423772490723,249.3628394626416,3005894,TCS.NS
2010-02-10,251.8737335205078,255.79475872774384,250.42914418136974,254.48775732298895,2337374,TCS.NS
2010-02-11,255.45071411132812,257.25644486000436,252.80230481467692,253.81695771966864,2413156,TCS.NS
2010-02-15,256.637451171875,257.96164589025597,254.02342723107023,257.96164589025597,1956482,TCS.NS
2010-02-16,260.7647705078125,263.10361796436945,255.27878338280019,257.0157204869287,1660490,TCS.NS
2010-02-17,260.9368591308594,264.1355799198383,258.8387581023637,263.0865399020786,2528290,TCS.NS
2010-02-18,260.98834228515625,263.7915333705916,259.8533154566066,261.4010850390748,1814806,TCS.NS
2010-02-19,258.1507873535156,261.2291335471685,256.51703042876375,259.6469773435443,2215880,TCS.NS
2010-02-22,260.4552307128906,262.67370468777773,259.2686031455818,260.36924351225906,2143460,TCS.NS
2010-02-23,262.123291015625,263.120750624327,258.3914560869616,261.05705846256757,1853052,TCS.NS
2010-02-24,263.2412109375,265.0813496500132,258.6838892465291,260.0252979904931,4076058,TCS.NS
2010-02-25,263.55084228515625,264.7718566707209,261.8310978004244,264.7718566707209,2672984,TCS.NS
2010-02-26,262.020263671875,267.7814076556376,256.63747606790537,263.84318861441096,3015934,TCS.NS
2010-03-02,262.501708984375,264.4966076785456,259.6813248339427,262.08896625624413,4053352,TCS.NS
2010-03-03,264.41058349609375,266.2163143102134,262.82842775138414,264.49657067771847,2754742,TCS.NS
2010-03-04,262.74249267578125,264.8405719263219,260.3692375950983,264.15267433690286,2053606,TCS.NS
2010-03-05,262.2953186035156,263.79150832026727,261.45266092745646,263.1208040329625,1287312,TCS.NS
2010-03-08,262.32977294921875,264.8405951723889,261.50428737227253,264.0151095954427,3015740,TCS.NS
2010-03-09,264.39337158203125,267.764064665028,262.43285978088164,262.43285978088164,3457732,TCS.NS
2010-03-10,268.2972717285156,269.8106549274205,261.40110211474047,262.67371694205093,4587874,TCS.NS
2010-03-11,272.2698669433594,273.4049147996647,265.5112854885575,268.29726242519814,3214030,TCS.NS
2010-03-12,274.1098937988281,275.1589330324221,272.40734370209793,275.1589330324221,2510976,TCS.NS
2010-03-15,281.3500671386719,282.03796461333854,272.11505193845767,274.1099504163981,6054434,TCS.NS
2010-03-16,285.13360595703125,286.1482592962449,280.5934767902428,282.5539894978301,3088856,TCS.NS
2010-03-17,289.1577453613281,290.94628322715874,285.47748919361214,286.85328432225606,4174794,TCS.NS
2010-03-18,284.0500793457031,290.636706596527,282.20996184905374,290.636706596527,3724554,TCS.NS
2010-03-19,282.3475341796875,287.00803549254874,276.9647279039581,276.9647279039581,4716624,TCS.NS
2010-03-22,284.6519775390625,286.7844639909238,277.27429363462824,280.2838452017406,3310110,TCS.NS
2010-03-23,285.0131530761719,286.509321809684,282.7602718666084,285.47747551265036,1694964,TCS.NS
2010-03-25,285.40863037109375,287.8162712990135,281.35003986262166,283.44811855976656,5517582,TCS.NS
2010-03-26,283.7749938964844,287.5412379946498,282.82913456097566,285.4775448989944,1997806,TCS.NS
2010-03-29,279.26922607421875,285.236729222745,278.099791783347,283.41380482235985,3443266,TCS.NS
2010-03-30,275.1590576171875,280.6966252545453,274.1788118716143,278.1170090893842,3097160,TCS.NS
2010-03-31,268.503662109375,277.6526925756264,267.3514209349264,275.15906356209496,7083046,TCS.NS
2010-04-01,277.8418884277344,278.52978615644525,269.0023984152049,270.4641810887155,5781432,TCS.NS
2010-04-05,276.3113098144531,281.00622017664983,274.90112787783033,281.00622017664983,3001836,TCS.NS
2010-04-06,273.8004150390625,278.22016934353417,272.45902742753555,278.22016934353417,3702366,TCS.NS
2010-04-07,274.4882507324219,278.25449312598283,268.6755304062844,271.7194679474987,3024558,TCS.NS
2010-04-08,274.9698181152344,277.73860121044214,271.7194983978319,273.78319079072685,4494438,TCS.NS
2010-04-09,272.2698669433594,277.8762492860557,271.1176468382847,275.8469429296598,3018012,TCS.NS
2010-04-12,274.5055236816406,275.1590347864458,271.75393333377616,272.06349564509827,2869882,TCS.NS
2010-04-13,282.33038330078125,283.3450365284415,270.7737112313167,275.1590587298233,8404916,TCS.NS
2010-04-15,282.62261962890625,287.16274616372823,281.7111472778578,282.72580002886485,4290952,TCS.NS
2010-04-16,280.35260009765625,284.7895470908222,279.23476673045195,281.69400853548717,3810958,TCS.NS
2010-04-19,279.26922607421875,283.75775361462,275.4169954023115,278.59852173071783,6947704,TCS.NS
2010-04-20,271.54754638671875,286.38894379794823,270.68767448555747,283.7577273832083,12016986,TCS.NS
2010-04-21,269.9998474121094,274.81513131500054,268.3660903736285,273.4393359141745,7107490,TCS.NS
2010-04-22,270.32659912109375,272.97500942809603,268.6240481385229,271.41002538784136,4751116,TCS.NS
2010-04-23,268.3487854003906,272.407375944404,267.4201196928966,271.0487743531594,4306068,TCS.NS
2010-04-26,270.0342102050781,272.0635166404184,268.34887358273363,270.3437725402893,2512548,TCS.NS
2010-04-27,270.7908935546875,271.68517305528115,268.64121349504313,270.32657105899204,2621234,TCS.NS
2010-04-28,264.9437255859375,269.63863455635374,263.1208013568299,268.28003275598337,2400382,TCS.NS
2010-04-29,261.3150939941406,266.64630025529124,259.88769811412914,266.5946995394477,4622964,TCS.NS
2010-04-30,263.2584533691406,265.80366221677616,262.278186568798,263.12086543447,3690224,TCS.NS
2010-05-03,263.7399597167969,265.3221369370065,259.371805359458,261.8310479011364,2416560,TCS.NS
2010-05-04,261.74505615234375,266.5087389873632,260.30046688694307,266.5087389873632,2896028,TCS.NS
2010-05-05,263.3787841796875,264.15266895200784,254.57370361180776,257.96159077344515,4371230,TCS.NS
2010-05-06,263.8431396484375,265.15016199955153,261.12595648152865,264.13550875033224,2580872,TCS.NS
2010-05-07,255.00367736816406,262.29537595304896,252.8023964036513,260.36927085382865,4267152,TCS.NS
2010-05-10,264.926513671875,289.9487841939508,256.24180809548443,261.40103913096397,2327814,TCS.NS
2010-05-11,260.1285095214844,267.93615256900875,259.30304488213824,266.5603571771268,1351288,TCS.NS
2010-05-12,261.2119140625,264.1354787920322,258.33992905594334,260.3692353242177,2740076,TCS.NS
2010-05-13,263.3272399902344,265.94126393364644,261.8998648106681,263.15526555946934,1321452,TCS.NS
2010-05-14,262.7252502441406,267.24818480632473,259.68131213484577,263.4647484705853,2026996,TCS.NS
2010-05-17,256.499755859375,266.54306260050043,252.49274490669274,266.54306260050043,3722050,TCS.NS
2010-05-18,252.83673095703125,256.58578092537965,249.8099859972555,256.58578092537965,3199180,TCS.NS
2010-05-19,248.15899658203125,252.11440678396244,246.37045907473924,251.08256064432823,3929266,TCS.NS
2010-05-20,251.08261108398438,251.87368908469654,246.31892884622187,250.73866230167755,2398092,TCS.NS
2010-05-21,247.19590759277344,249.6723421579136,235.69082064959343,244.20355003460247,2675092,TCS.NS
2010-05-24,246.817626953125,251.08260006372285,245.1322905895732,249.36285622766997,2885428,TCS.NS
2010-05-25,240.60939025878906,245.57945485322202,237.85779972822073,243.51576195529577,2297366,TCS.NS
2010-05-26,253.83421325683594,256.17306088770897,242.17434059215967,243.515749303306,3689464,TCS.NS
2010-05-27,255.15841674804688,257.9444147097062,250.1195792685064,252.8023757926096,6883872,TCS.NS
2010-05-28,258.23663330078125,259.165298822293,252.9742233361599,257.89268466266276,2479374,TCS.NS
2010-05-31,255.57110595703125,258.9590136272102,253.83416902610952,257.445630780546,3327660,TCS.NS
2010-06-01,254.2470245361328,258.63237289828595,252.6992545259611,255.57121936986775,3136912,TCS.NS
2010-06-02,259.4233703613281,261.2291014775323,253.24948548923663,253.76540866529496,2769330,TCS.NS
2010-06-03,263.2756042480469,264.496618248128,256.2762338091589,261.40107915289633,1684434,TCS.NS
2010-06-04,263.2412109375,264.73740084314744,259.75014314359436,263.27561841396806,1368210,TCS.NS
2010-06-07,259.0794372558594,260.64440011934875,253.14632037213744,257.92721715678795,1734922,TCS.NS
2010-06-08,258.0302734375,262.0888631832152,256.92963359299443,259.3372740684308,2242222,TCS.NS
2010-06-09,252.13162231445312,260.9023152768468,251.42653158861847,258.6494552047074,4867400,TCS.NS
2010-06-10,258.1335754394531,258.9934474429157,251.08262501106034,251.08262501106034,1796036,TCS.NS
2010-06-11,261.09161376953125,262.53620341549856,258.3056359467895,262.0202800414371,3237024,TCS.NS
2010-06-14,268.62408447265625,270.72216431526573,260.7132599619378,262.5533781357195,3550492,TCS.NS
2010-06-15,268.3088073730469,272.371452054518,264.99918041904516,264.99918041904516,2642976,TCS.NS
2010-06-16,271.3557434082031,273.1594201318297,268.72904218514464,272.1612608413779,2328816,TCS.NS
2010-06-17,271.5308532714844,274.85800811050643,267.4682306500855,272.1262431494866,1528920,TCS.NS
2010-06-18,274.297607421875,276.2939042634165,270.46262005873,271.53080741986105,2225672,TCS.NS
2010-06-21,275.873779296875,278.08020485868354,274.7880629005738,277.69496375506003,1907428,TCS.NS
2010-06-22,272.7041931152344,275.4534658192946,270.8304663135301,274.92812545218845,1468324,TCS.NS
2010-06-23,275.3834228515625,276.3115327397912,269.6221857437794,269.67472833222814,2959524,TCS.NS
2010-06-24,270.8829345703125,276.1538438653731,268.86913038232785,275.38334059647974,3777510,TCS.NS
2010-06-25,265.6471252441406,271.7060468314325,264.80657206535165,271.7060468314325,2037322,TCS.NS
2010-06-28,267.8360900878906,268.6766434127393,265.33195856373834,265.6296643303618,1153124,TCS.NS
2010-06-29,264.00103759765625,267.9235832220199,262.31995272325867,267.9235832220199,2614662,TCS.NS
2010-06-30,263.02032470703125,266.13735175268664,259.6056134342036,264.4212318958836,3316516,TCS.NS
2010-07-01,256.3661193847656,262.6702042876697,254.1772010157017,262.6702042876697,3407744,TCS.NS
2010-07-02,260.4985656738281,261.2690685426129,255.96312649561565,257.3465259729119,2943550,TCS.NS
2010-07-05,258.8176574707031,262.2849120414074,258.15221786585226,262.24987652864314,2165596,TCS.NS
2010-07-06,265.874755859375,266.8378798205151,257.7144521058835,257.9421081380688,2760904,TCS.NS
2010-07-07,267.783447265625,268.764099569639,262.30240975974124,266.66273842015363,2152934,TCS.NS
2010-07-08,272.0561828613281,272.826686121754,269.5520739851293,270.37509844158416,2187564,TCS.NS
2010-07-09,271.233154296875,274.57781602036283,269.9373108388963,273.1769087957692,1836666,TCS.NS
2010-07-12,277.27459716796875,278.08011463538526,273.10688916642414,273.10688916642414,2725776,TCS.NS
2010-07-13,271.30322265625,277.3796496118065,269.5170529959389,277.3796496118065,5545886,TCS.NS
2010-07-14,271.30322265625,274.82299802571544,269.76221605239135,272.47647398735535,2833842,TCS.NS
2010-07-15,273.912353515625,274.8930055913341,268.0110408784942,270.0248448445855,3795536,TCS.NS
2010-07-16,291.96661376953125,293.66520539338,278.4303378506108,278.4303378506108,19135452,TCS.NS
2010-07-19,289.5324401855469,292.33425400831516,288.32415369924945,291.19601714281555,3027924,TCS.NS
2010-07-20,289.7251281738281,292.2817796080805,288.9371178524125,289.53250770382283,2342062,TCS.NS
2010-07-21,295.2411804199219,295.8715843591123,290.5481329398939,291.38868577624555,2943720,TCS.NS
2010-07-22,295.4864501953125,296.2919678184059,291.56390450215474,295.2412870814612,1362882,TCS.NS
2010-07-23,293.9455261230469,297.6929594168201,292.4745684012846,297.6929594168201,1894472,TCS.NS
2010-07-26,297.43011474609375,298.2531391890445,294.3306160660519,295.0310696774646,2766490,TCS.NS
2010-07-27,297.3950500488281,301.12495206970306,296.36187687243904,299.44386796338307,2106602,TCS.NS
2010-07-28,299.2514343261719,300.47722870288004,296.64223916337585,298.04314702247086,4359228,TCS.NS
2010-07-29,298.3912658691406,300.1465086095473,298.0402173210593,300.1465086095473,5331904,TCS.NS
2010-07-30,294.81060791015625,298.39130789009863,293.1255789273322,298.04025929258086,1283426,TCS.NS
2010-08-02,294.28387451171875,297.84702440370774,293.82751586910445,295.93380630544215,2827762,TCS.NS
2010-08-03,292.08990478515625,296.4604629649259,290.8612350156154,295.2317931953851,1281552,TCS.NS
2010-08-04,304.9909362792969,306.11429577842273,293.4238837762627,293.4765496224328,5583934,TCS.NS
2010-08-05,308.1679992675781,309.7652875092246,303.88522356744846,306.114373565898,2912950,TCS.NS
2010-08-06,303.5517578125,310.1514678400776,302.13001513143195,308.9227976222618,2437734,TCS.NS
2010-08-09,308.86993408203125,310.22148331243125,297.0220502785153,302.3053459748965,4259986,TCS.NS
2010-08-10,303.4815979003906,310.6780961733322,302.3933555125682,310.6780961733322,1545194,TCS.NS
2010-08-11,301.2523498535156,306.4654127367633,300.0763242455354,302.6038783265635,4020248,TCS.NS
2010-08-12,299.60235595703125,300.8134776050749,297.0572542526311,300.8134776050749,2278092,TCS.NS
2010-08-13,299.9359436035156,302.91985681486915,294.17873777814606,300.8486614270539,2589906,TCS.NS
2010-08-16,299.8305358886719,302.7969002028283,297.9699829960447,300.84858517916865,1319098,TCS.NS
2010-08-17,298.4615173339844,302.2528378439787,296.28501177737286,298.4263996189856,1733196,TCS.NS
2010-08-18,305.79840087890625,307.44833344382766,298.3912846194625,299.44443032988414,2888916,TCS.NS
2010-08-19,306.13189697265625,309.23868963020755,304.464416288091,306.8164459600017,2148534,TCS.NS
2010-08-20,305.0436706542969,308.88765692556507,302.95492729901366,305.0612187981957,1746396,TCS.NS
2010-08-23,305.5526428222656,307.3254335771838,300.86613218700313,301.9017296145459,1049830,TCS.NS
2010-08-24,305.65789794921875,309.5896449805864,303.6569174449578,305.4121597423275,2650474,TCS.NS
2010-08-25,305.83349609375,309.4492918149489,304.1133496560783,306.1143306439426,2379968,TCS.NS
2010-08-26,307.6940002441406,308.5716214656014,301.9894623046457,306.8163790226799,4204428,TCS.NS
2010-08-27,300.51513671875,306.4654145160933,298.7423456508538,306.14946221926596,1276514,TCS.NS
2010-08-30,296.8642272949219,302.88469732345743,294.91589061988657,302.88469732345743,1558570,TCS.NS
2010-08-31,296.19720458984375,297.58385060325816,291.44050117472807,294.88077256944445,2447874,TCS.NS
2010-09-01,301.34002685546875,302.2527443421962,294.88072618750846,295.58282315462156,2745484,TCS.NS
2010-09-02,296.3200378417969,304.53458152195844,295.40732028902363,304.53458152195844,2758800,TCS.NS
2010-09-03,293.9329833984375,298.91787771726905,293.1606722065668,298.39130482639894,2777970,TCS.NS
2010-09-06,300.2693176269531,301.0240804516666,294.178634890375,294.178634890375,2287978,TCS.NS
2010-09-07,305.8860778808594,307.13231709902254,300.4974923995871,301.19958934444594,2484236,TCS.NS
2010-09-08,308.58917236328125,309.9407219121921,301.5155581108554,303.30589684811963,4189478,TCS.NS
2010-09-09,307.0622253417969,309.80040023138514,305.886199635276,309.624875925305,2938158,TCS.NS
2010-09-13,308.8349304199219,312.08212917682357,305.65794565113225,305.8861143296205,2349410,TCS.NS
2010-09-14,314.31134033203125,315.592676230966,309.0280634412344,309.9758989009377,3071038,TCS.NS
2010-09-15,321.1391906738281,322.7540267661766,315.59262819000935,315.9436767196979,5560394,TCS.NS
2010-09-16,314.3288879394531,320.665310136892,303.48147890824373,318.75209120727044,2334264,TCS.NS
2010-09-17,320.7881774902344,322.52587218892126,315.9788078183197,315.9788078183197,3007978,TCS.NS
2010-09-20,320.24407958984375,323.63170708943375,318.29576418014886,321.9115604098512,2419108,TCS.NS
2010-09-21,334.88287353515625,336.3046163230764,319.5595909536696,320.15637796100805,4997184,TCS.NS
2010-09-22,328.31817626953125,337.00662840817967,326.475171270424,335.60243412314554,4031066,TCS.NS
2010-09-23,326.9490051269531,331.8461358856975,325.70278726304673,329.9855831595261,3327236,TCS.NS
2010-09-24,327.1596984863281,329.2484416315022,324.7199067932695,327.5633914606137,2738784,TCS.NS
2010-09-27,325.6326599121094,330.4946956856205,323.6667964003733,328.23042801990135,3423290,TCS.NS
2010-09-28,322.84185791015625,326.58051269474333,320.89352101286147,324.8077215261198,2521714,TCS.NS
2010-09-29,323.0874328613281,329.0201602455572,321.1742359470568,324.71981672674355,3370194,TCS.NS
2010-09-30,325.40447998046875,326.4751738459931,321.26211109219986,324.71993097585334,7560924,TCS.NS
2010-10-01,337.568359375,339.11298194194626,323.66684197771684,325.42208515547014,3326156,TCS.NS
2010-10-04,335.5321960449219,342.2723324146557,334.5492644011968,339.3761819096086,2140956,TCS.NS
2010-10-05,333.5838928222656,339.09535947775476,332.14460230247266,333.4961306826123,2211664,TCS.NS
2010-10-06,336.8838806152344,339.7800322792461,333.49625221953244,333.49625221953244,1838960,TCS.NS
2010-10-07,333.0748596191406,339.11289895831743,329.423967558601,337.00660766043967,1972940,TCS.NS
2010-10-08,330.8982849121094,335.1459843275531,305.06112564863616,331.40730948757687,2695996,TCS.NS
2010-10-11,330.3016662597656,334.882846619891,326.1417271167903,330.8984317928309,3065370,TCS.NS
2010-10-12,333.741943359375,335.53228283689833,329.66976631587596,330.9160061178179,2608902,TCS.NS
2010-10-13,348.53851318359375,350.24111135488783,333.18014049210717,335.58483570072633,5350604,TCS.NS
2010-10-14,346.1513671875,352.4526920122215,344.85248345956546,349.96025624679845,2949086,TCS.NS
2010-10-15,333.6014404296875,354.91009218858534,331.740887357283,350.6975094919849,5717798,TCS.NS
2010-10-18,344.4664001464844,345.4317836882962,326.475161412719,340.5171038390725,4480734,TCS.NS
2010-10-19,339.7272033691406,346.6253153198767,338.4458677076386,344.72964475173967,2200912,TCS.NS
2010-10-20,338.1476135253906,344.20320276319285,335.67272481781157,338.58642433972415,2206638,TCS.NS
2010-10-21,346.20416259765625,348.88967175676686,340.51717051614565,341.9389131799463,3752354,TCS.NS
2010-10-22,365.1606140136719,368.39028576120774,358.7715487791912,358.7715487791912,9610404,TCS.NS
2010-10-25,374.55133056640625,376.65762241348875,364.1076334912886,366.14373275118203,5156316,TCS.NS
2010-10-26,373.024169921875,374.8320784728551,365.6346238686488,373.34012217830144,3507024,TCS.NS
2010-10-27,367.968994140625,374.498530053917,366.336653014899,372.1113832842622,2141382,TCS.NS
2010-10-28,369.61907958984375,374.7619501514699,365.09054407834947,368.6010300791028,5255690,TCS.NS
2010-10-29,369.61907958984375,372.1115160798562,361.93110667767144,372.1115160798562,2212398,TCS.NS
2010-11-01,370.49835205078125,375.0706688013331,368.98595318270225,370.02354312890293,1147948,TCS.NS
2010-11-02,369.10894775390625,372.8195748470355,367.0865774186511,371.06099194681366,1565778,TCS.NS
2010-11-03,370.287109375,379.50206353082336,368.7395483511606,369.6188395085536,2217878,TCS.NS
2010-11-04,376.0378112792969,379.3615159738888,373.3471707038792,373.5230290037868,1717440,TCS.NS
2010-11-08,375.68609619140625,380.6980577589437,373.55819358029834,379.853929329159,2248586,TCS.NS
2010-11-09,383.758056640625,386.4310947916976,375.8092683489495,377.7085469863995,3504086,TCS.NS
2010-11-10,384.1800537109375,389.7019870761709,381.9993850624734,384.162450707534,1540224,TCS.NS
2010-11-11,374.4903259277344,383.3711718818788,372.20416756330116,383.3711718818788,1926096,TCS.NS
2010-11-12,371.377685546875,376.30171952494163,368.6694410984369,372.8197154821893,1802330,TCS.NS
2010-11-15,374.9299621582031,379.80122934612774,370.35764554651774,374.5782454957658,1389396,TCS.NS
2010-11-16,368.91552734375,375.0705674602969,366.55900051006614,374.92987224223106,2178076,TCS.NS
2010-11-18,366.77020263671875,377.0403134027531,365.7853786743127,377.0403134027531,2765160,TCS.NS
2010-11-19,357.13299560546875,368.9506631697382,353.826851428748,367.5086338928923,2172652,TCS.NS
2010-11-22,365.4687805175781,366.84048410730486,355.7614090839299,357.34413408726914,2221236,TCS.NS
2010-11-23,362.2857360839844,367.5438825894714,356.07792890604804,363.6749996148454,1684448,TCS.NS
2010-11-24,353.3872375488281,363.85080591616094,351.3472856563433,360.50949837029,3008608,TCS.NS
2010-11-25,359.3840026855469,366.45351893267207,354.21376458650343,355.2513328068986,5855006,TCS.NS
2010-11-26,368.33526611328125,370.7093535291463,360.50957055728173,360.50957055728173,3617826,TCS.NS
2010-11-29,376.7940673828125,379.32641010974135,369.39041466644034,371.0610687675263,4518892,TCS.NS
2010-11-30,378.4471130371094,381.9818825212041,370.39279321556546,372.9955049961473,4808408,TCS.NS
2010-12-01,380.5222473144531,384.49661964770104,374.22651077381335,374.22651077381335,3776032,TCS.NS
2010-12-02,385.41107177734375,386.60687388343445,378.11295224547075,383.72281490474217,4095716,TCS.NS
2010-12-03,385.9562683105469,391.46064262704084,383.7756421919499,384.4439124328627,2030112,TCS.NS
2010-12-06,387.4862060546875,390.40547134743605,385.235253900553,386.8883049389006,1930954,TCS.NS
2010-12-07,382.4917907714844,386.88824813667384,380.5925126028917,386.88824813667384,2158324,TCS.NS
2010-12-08,379.5549011230469,384.40856346615874,376.7763319551712,383.705130407666,1984132,TCS.NS
2010-12-09,377.2512512207031,385.9386777990675,375.6685263753424,381.1552972524277,2579902,TCS.NS
2010-12-10,378.0601806640625,381.2080270498862,371.76444495826,375.2816109465122,2245624,TCS.NS
2010-12-13,378.4822082519531,380.10009595492676,368.7396760283147,376.6884622566095,2115066,TCS.NS
2010-12-14,380.18798828125,383.2303450314408,374.2791759903565,377.4621850134989,2615340,TCS.NS
2010-12-15,388.17218017578125,389.8428346541462,380.38164596878187,381.6478176181821,2572034,TCS.NS
2010-12-16,401.2032165527344,402.36389881914863,388.3479971193185,390.0538145021292,4515704,TCS.NS
2010-12-20,410.3477478027344,413.9704460248728,392.111250334859,399.1280223979833,4514046,TCS.NS
2010-12-21,408.2727966308594,412.2999360085218,405.8811056974486,411.1568566380567,2810642,TCS.NS
2010-12-22,404.38616943359375,411.1567141273069,400.1655701440063,410.45328091237565,3186836,TCS.NS
2010-12-23,400.9568786621094,407.83295458826444,398.17830924946287,404.4740442644086,2850924,TCS.NS
2010-12-24,401.34393310546875,404.0521775593632,395.94509014118796,398.84675302696616,1624640,TCS.NS
2010-12-27,401.3791198730469,407.7979502718399,400.32396967050556,402.7156606366012,1664936,TCS.NS
2010-12-28,403.19024658203125,404.7905740108641,400.97445814304876,401.3788978162689,1012876,TCS.NS
2010-12-29,406.9184875488281,408.69467348418937,403.4365276900465,404.1223578600117,1042370,TCS.NS
2010-12-30,411.5787048339844,413.1966353710462,405.3533388427709,405.3533388427709,3845552,TCS.NS
2010-12-31,409.97857666015625,415.025702677923,408.6244759628287,412.3878274490379,1532980,TCS.NS
2011-01-03,407.3056335449219,413.95304632802925,406.0746248170609,410.4534815467811,1405042,TCS.NS
2011-01-04,402.627685546875,410.15443138699777,400.2887609444166,409.36306882532017,2502868,TCS.NS
2011-01-05,407.6219787597656,410.0664351443068,401.572469784713,402.8034780126495,3069674,TCS.NS
2011-01-06,412.1064453125,415.7291445409658,405.56452319843515,410.8051106800745,2846720,TCS.NS
2011-01-07,401.8890075683594,417.4348651201007,400.3062827659992,413.6187483501305,2532724,TCS.NS
2011-01-10,397.75640869140625,404.1224721196874,394.2744049139857,403.5948970908105,3952426,TCS.NS
2011-01-11,386.3608093261719,399.3919307197163,382.59745766980757,394.97786879680564,3768730,TCS.NS
2011-01-12,399.5325012207031,405.0368752398798,389.7020382771767,390.3703084819931,3160874,TCS.NS
2011-01-13,395.4173278808594,406.5667252447344,392.58599250445053,397.0703784777491,5589198,TCS.NS
2011-01-14,393.975341796875,404.47407328621256,393.9225757222244,397.4045785051712,3151692,TCS.NS
2011-01-17,400.0425109863281,403.26072679749217,393.92263292371695,394.3446757138999,3000212,TCS.NS
2011-01-18,422.95672607421875,425.1901174304427,409.52112900276563,412.91520206998274,8481370,TCS.NS
2011-01-19,419.5979919433594,425.2254587255,416.7842585522891,423.27341401177927,2952040,TCS.NS
2011-01-20,426.3508605957031,428.6546215817642,415.02560284429273,415.02560284429273,4545208,TCS.NS
2011-01-21,426.1572570800781,429.0940809324191,423.46661757592835,425.5769163346124,2597404,TCS.NS
2011-01-24,425.2958679199219,429.09442591314996,421.4445867626491,422.06009106211474,2016678,TCS.NS
2011-01-25,418.03289794921875,428.8481863963587,415.0257030122008,427.26546125775286,2467094,TCS.NS
2011-01-27,422.5599060058594,426.27674439872817,416.2887814380683,418.38504818708316,4714118,TCS.NS
2011-01-28,416.200927734375,424.0398161531069,410.52875190684813,421.0099622644785,3014578,TCS.NS
2011-01-31,408.5029296875,411.8498704654485,397.59896614511445,411.8498704654485,5940816,TCS.NS
2011-02-01,405.2087097167969,410.44049628270085,399.1665942388842,410.44049628270085,4212708,TCS.NS
2011-02-02,416.58837890625,422.38389637238913,409.5069660844199,412.2021425408011,3937618,TCS.NS
2011-02-03,417.0286865234375,421.2564000021167,412.43107391928913,417.3809959799941,1883412,TCS.NS
2011-02-04,404.7331848144531,416.8173752788887,401.7209212825564,414.3159863435969,3457600,TCS.NS
2011-02-07,398.51483154296875,413.4351277213833,396.87658404613404,413.4351277213833,2578382,TCS.NS
2011-02-08,396.3834228515625,405.1207159407909,394.0581886765922,398.81436708261276,5288638,TCS.NS
2011-02-09,386.94158935546875,397.96885227811026,381.7978356081369,395.46746311716197,6012732,TCS.NS
2011-02-10,384.281494140625,392.64884274098245,377.67569261402707,387.54035622708,4551822,TCS.NS
2011-02-11,383.87640380859375,389.0201136555117,372.0035914423601,381.938701653441,2945056,TCS.NS
2011-02-14,391.87371826171875,394.5864831306364,382.96027425268016,384.3695116924324,2462548,TCS.NS
2011-02-15,386.7300720214844,394.234280624726,379.2787614443874,394.234280624726,3625426,TCS.NS
2011-02-16,386.30731201171875,390.95777955015285,380.8465155354929,389.301942337391,2464592,TCS.NS
2011-02-17,390.7817687988281,392.63139409319126,384.86299366079044,389.30208576595385,1477760,TCS.NS
2011-02-18,383.9115295410156,398.95516647271626,381.23398674720903,391.151504792243,4076928,TCS.NS
2011-02-21,401.1396484375,404.4513668369497,372.8139517754863,384.0174127633059,5657800,TCS.NS
2011-02-22,401.1923522949219,404.3455044034349,394.5865506654775,395.52017923040984,3305400,TCS.NS
2011-02-23,396.54205322265625,403.3768244669196,395.6788689733068,397.4580495022085,1879344,TCS.NS
2011-02-24,391.69781494140625,401.1925410820713,384.47546842796396,394.2344267581451,5378830,TCS.NS
2011-02-25,391.0811767578125,393.52971057444137,383.40081247326395,389.4077066367484,3070474,TCS.NS
2011-02-28,391.1516418457031,404.53940351211764,387.5404692909466,387.9632235093781,3229396,TCS.NS
2011-03-01,396.1719665527344,398.8142873612231,386.69483398498363,392.12040797971844,3167804,TCS.NS
2011-03-03,405.22637939453125,406.917482237612,390.006625832932,394.5514270929961,3452600,TCS.NS
2011-03-04,400.06500244140625,409.85917908532673,398.9904414450596,409.85917908532673,2061198,TCS.NS
2011-03-07,390.44708251953125,396.3482678407152,385.5851932314027,395.99595826930124,4184588,TCS.NS
2011-03-08,393.7761535644531,397.6868218566769,389.3546969105223,389.3546969105223,3947902,TCS.NS
2011-03-09,396.9471130371094,400.9282277561055,394.0581922189842,395.48506295623014,2424486,TCS.NS
2011-03-10,390.5526123046875,395.29115665015865,387.5403496570183,395.29115665015865,1871324,TCS.NS
2011-03-11,379.45477294921875,388.3858056720678,374.6105197655077,387.5402546968819,5012882,TCS.NS
2011-03-14,386.6772766113281,388.2450365526914,372.884352237756,377.32344296545597,3248618,TCS.NS
2011-03-15,383.9468688964844,385.937382951596,375.4385867877401,378.73267165618876,3411868,TCS.NS
2011-03-16,392.77227783203125,395.80213124205017,384.42255902668904,384.7220135311526,2677874,TCS.NS
2011-03-17,386.8358154296875,394.19909228461853,384.9509682818596,389.30198183042324,2056102,TCS.NS
2011-03-18,381.46307373046875,390.7111971988823,379.120207183832,385.2504004842,2211348,TCS.NS
2011-03-21,377.25299072265625,384.54577941457785,375.7380428269787,384.54577941457785,2619090,TCS.NS
2011-03-22,376.7951354980469,380.4943864776911,374.50512298683856,378.76806075254814,2657774,TCS.NS
2011-03-23,374.9806213378906,377.32348819925784,372.4792323983803,377.32348819925784,4352248,TCS.NS
2011-03-24,385.2151184082031,385.9725922428022,376.9710695933621,377.323379004197,3094834,TCS.NS
2011-03-25,394.4633483886719,397.58127892648776,388.86161862216295,393.47686456577196,4146434,TCS.NS
2011-03-28,394.5514221191406,396.94710094235046,390.3589304203594,395.94302745728663,2248642,TCS.NS
2011-03-29,401.1748962402344,405.8254084386833,394.2872698462065,394.5867243839399,3159588,TCS.NS
2011-03-30,405.8429870605469,410.0883345304232,403.3592304259483,404.45138147845864,2294770,TCS.NS
2011-03-31,417.09912109375,422.0666751971875,405.8604422597329,405.8604422597329,7394126,TCS.NS
2011-04-01,415.7778625488281,422.33080745633777,413.10032025405656,417.48655419041523,1799624,TCS.NS
2011-04-04,427.421875,428.40835881831265,417.13445463888337,417.4867641444905,2311616,TCS.NS
2011-04-05,436.8109130859375,438.2553733953206,424.09254908337243,428.07366352763916,2891014,TCS.NS
2011-04-06,430.4692077636719,439.3121646088317,427.7564427376821,436.51132223775767,2422352,TCS.NS
2011-04-07,422.4895324707031,429.81758722602126,421.0627048088301,429.81758722602126,2149016,TCS.NS
2011-04-08,421.3623046875,427.70387783497074,417.3988214703308,421.67939194618265,1983768,TCS.NS
2011-04-11,415.16156005859375,421.00988967367425,414.06940911346686,415.77810173803215,2256232,TCS.NS
2011-04-13,426.32977294921875,430.31088802103494,413.71711700823613,413.96371648778455,3757530,TCS.NS
2011-04-15,419.7413635253906,429.7821798887753,415.7250283787344,428.72525185052433,7566770,TCS.NS
2011-04-18,403.2534484863281,427.17527233859573,401.6504660517803,422.06678454568055,7765454,TCS.NS
2011-04-19,410.334716796875,411.9905966832072,401.6326923322819,403.25330687547745,3120224,TCS.NS
2011-04-20,429.3595886230469,431.22684625470396,415.5667055193909,415.6547828981194,5338548,TCS.NS
2011-04-21,419.9881591796875,438.9072057115988,412.5015820759662,437.21610285732186,17333968,TCS.NS
2011-04-25,422.0138854980469,424.18059731654216,413.13570415217174,421.7144310530739,4191552,TCS.NS
2011-04-26,418.8958740234375,423.4758961952665,415.8483891308784,422.7712773996005,3155246,TCS.NS
2011-04-27,415.9365234375,420.9921553874037,414.333541261763,420.9921553874037,1774478,TCS.NS
2011-04-28,408.203369140625,416.95825072134375,407.12880807261513,415.7780226180301,2846194,TCS.NS
2011-04-29,410.66973876953125,412.9068963729729,405.2441617346519,412.9068963729729,1866696,TCS.NS
2011-05-02,408.13287353515625,414.84438589815704,406.0366494671983,412.2020649688694,1543070,TCS.NS
2011-05-03,401.08673095703125,409.3836368408851,398.4620423984863,409.3836368408851,2120156,TCS.NS
2011-05-04,400.59356689453125,403.74671997444045,392.87797961308456,403.74671997444045,2722934,TCS.NS
2011-05-05,392.82513427734375,403.39442040139784,390.3941898675042,403.39442040139784,1885596,TCS.NS
2011-05-06,404.7858581542969,406.3888830882011,394.49844112528234,394.5865184731558,2405348,TCS.NS
2011-05-09,400.06500244140625,405.8428428615287,396.1719659205029,405.15585665502743,1012232,TCS.NS
2011-05-10,401.59765625,408.6614367758936,397.4051640913462,399.16671180451704,1529158,TCS.NS
2011-05-11,401.7209167480469,405.75484341455507,396.73572860542515,401.28052986277163,1460670,TCS.NS
2011-05-12,391.68011474609375,399.4837793326724,390.48225375878593,399.4837793326724,2540458,TCS.NS
2011-05-13,397.08807373046875,402.443204539663,391.76820828048517,391.76820828048517,2365488,TCS.NS
2011-05-16,398.4972229003906,404.23988431967297,394.58659648298055,394.9389059441261,2227368,TCS.NS
2011-05-17,402.2317810058594,404.87410253214784,395.30893301221175,395.30893301221175,1391414,TCS.NS
2011-05-18,406.935302734375,409.2076829099456,402.42572174247556,402.42572174247556,2225180,TCS.NS
2011-05-19,410.3876647949219,412.2020671104311,407.26973468346864,410.4405198150873,2050922,TCS.NS
2011-05-20,413.9636535644531,416.92306190187946,409.8240170288086,413.52326669895905,2050600,TCS.NS
2011-05-23,410.9866027832031,412.3782078968622,405.15586423015077,410.08819649034393,2017284,TCS.NS
2011-05-24,405.1205139160156,413.188406308697,401.3331885554337,409.61245794833377,1681994,TCS.NS
2011-05-25,397.616455078125,405.1206639131757,394.58660226914935,404.83879913751565,1867470,TCS.NS
2011-05-26,400.1355285644531,402.68977252843484,394.5866537461479,401.2805344793415,2060218,TCS.NS
2011-05-27,403.2358093261719,405.12065633437356,400.3292562834744,404.64504716505553,1286704,TCS.NS
2011-05-30,405.8429870605469,408.6614635865292,402.44323415631175,405.508310175702,1140868,TCS.NS
2011-05-31,407.67486572265625,414.91479870873883,405.19106703734803,406.91739184648605,2644154,TCS.NS
2011-06-01,414.1044006347656,414.66808696902035,407.6219002745595,407.6219002745595,982386,TCS.NS
2011-06-02,411.4093322753906,412.90664733612317,407.4987062474877,408.2914024561108,1697654,TCS.NS
2011-06-03,405.89569091796875,413.9635855699558,405.15584970676525,410.7928006592072,1367808,TCS.NS
2011-06-06,410.2113952636719,411.49733303069553,401.63267093749397,401.63267093749397,1357074,TCS.NS
2011-06-07,415.4786071777344,416.83499014041047,407.97439768607774,409.73594517176895,1837442,TCS.NS
2011-06-08,419.0610046386719,420.3379720963845,412.7115869486442,415.69120655013546,2127670,TCS.NS
2011-06-09,420.8168640136719,423.45952134326893,416.7908504165064,416.7908504165064,2693966,TCS.NS
2011-06-10,421.82794189453125,424.7720998650575,420.37361601642345,420.8879798210515,3774550,TCS.NS
2011-06-13,416.8974609375,422.28912331022514,415.92199257202066,421.82797549007444,3229400,TCS.NS
2011-06-14,422.4842224121094,423.8498694252897,417.85516443338287,417.85516443338287,2125782,TCS.NS
2011-06-15,420.07220458984375,427.43255776294,419.00805714313105,420.6929572670928,2812382,TCS.NS
2011-06-16,408.3310852050781,420.6574587532166,407.30240076690677,419.62877431504523,2337520,TCS.NS
2011-06-17,393.4508361816406,410.40627254014333,391.60633092853783,409.6968407812148,3788146,TCS.NS
2011-06-20,379.2975158691406,396.926868864092,375.28921113334167,395.5080060620756,5310408,TCS.NS
2011-06-21,392.58172607421875,393.98283621559085,377.1338350965257,381.31949901042253,3425946,TCS.NS
2011-06-22,384.3343505859375,396.1818602239007,383.0928459924434,395.8626075255249,3570834,TCS.NS
2011-06-23,389.1231384277344,390.5420012843533,379.58127705692067,383.7314768926858,2428236,TCS.NS
2011-06-24,403.5779113769531,404.6420588031283,389.8326737888565,390.18738959758156,4151588,TCS.NS
2011-06-27,408.135986328125,409.5903124320654,397.99112321983,397.99112321983,3125218,TCS.NS
2011-06-28,409.3420104980469,412.17973674066764,402.8329845890887,411.4703051800124,2133332,TCS.NS
2011-06-29,414.96429443359375,418.1744899329538,409.590341086726,409.590341086726,2958704,TCS.NS
2011-06-30,420.0544128417969,422.8212132688642,413.95331869527223,414.9465402076211,5172916,TCS.NS
2011-07-01,422.78564453125,424.94940160558457,418.4580870823252,424.94940160558457,1920840,TCS.NS
2011-07-04,420.5865173339844,425.6589707218611,418.5646545431634,423.1759600593169,1603734,TCS.NS
2011-07-05,418.36944580078125,422.4664297570682,416.2234416381744,422.0407882058803,2061136,TCS.NS
2011-07-06,419.5578918457031,423.14051299010316,415.62051157880865,417.9439175344791,1490178,TCS.NS
2011-07-07,424.2044982910156,425.6588239461139,419.66412018215516,419.66412018215516,2602634,TCS.NS
2011-07-08,415.6026916503906,427.4324525270841,414.75136524256686,424.2400109729399,3412060,TCS.NS
2011-07-11,410.28204345703125,417.7842913735205,406.71713230585146,415.01749078153597,1822504,TCS.NS
2011-07-12,406.27349853515625,407.4972933194439,394.4792049879955,402.85048437946534,4079404,TCS.NS
2011-07-13,407.586181640625,414.3080283071805,401.183544533751,407.9231443092959,3952600,TCS.NS
2011-07-14,398.5940856933594,410.9736744861611,396.9624018430785,407.92312758341615,6937844,TCS.NS
2011-07-15,406.5220031738281,417.8196911670116,404.76613422872504,414.30799657706785,7279700,TCS.NS
2011-07-18,399.0731506347656,408.6327270596685,398.0976818852742,407.2138634240447,3125208,TCS.NS
2011-07-19,404.3936767578125,407.2668654500219,397.3702881321813,397.8491456975064,2195292,TCS.NS
2011-07-20,401.69781494140625,408.5615990224378,399.0552000478602,407.92309338225704,2807746,TCS.NS
2011-07-21,398.1860046386719,401.71540745471094,397.29921565974314,401.5380496589252,1850624,TCS.NS
2011-07-22,402.03485107421875,404.8371142384818,399.5873036699824,399.67598260998903,2090442,TCS.NS
2011-07-25,404.340576171875,405.79490238926473,398.3990861237804,402.60245997536316,4740714,TCS.NS
2011-07-26,406.02557373046875,408.6149738849382,399.8535082563424,404.30521023258035,3968722,TCS.NS
2011-07-27,406.91217041015625,409.5725384641386,403.71972874537755,407.5506327629552,2024290,TCS.NS
2011-07-28,401.7198791503906,407.1790355142381,398.43015428517,405.43636176773754,4093814,TCS.NS
2011-07-29,404.3692321777344,406.1474609911809,398.9100784032115,402.9466491269772,1719138,TCS.NS
2011-08-01,403.7469177246094,408.9571376777193,400.13710396375734,406.2897940239562,1982346,TCS.NS
2011-08-02,402.1109619140625,403.3023667485939,399.1235282924246,402.05760635739455,2025292,TCS.NS
2011-08-03,394.89117431640625,400.3503268522185,389.5564890865351,398.32316383037926,3064246,TCS.NS
2011-08-04,389.7342834472656,398.14531189447314,388.04496658125515,394.78447781076284,3049294,TCS.NS
2011-08-05,376.25537109375,381.96350224986924,365.6037991739903,381.6612120714413,5269388,TCS.NS
2011-08-08,357.5484924316406,367.50657472258723,354.43659171571977,359.6290333629943,6549306,TCS.NS
2011-08-09,343.1271057128906,350.3822896082408,337.0455704674498,343.19823922302146,8159270,TCS.NS
2011-08-10,349.9732971191406,359.91360304664084,346.32792712780855,355.2902069600733,5949080,TCS.NS
2011-08-11,347.94598388671875,349.7420121506593,342.4868307297031,348.53280801153585,2900464,TCS.NS
2011-08-12,336.8499450683594,352.7650954175708,333.41795424325625,352.2849605393217,4169084,TCS.NS
2011-08-16,346.25665283203125,347.9459699460362,340.0150749942964,343.9093998405914,2983568,TCS.NS
2011-08-17,355.61029052734375,358.9889260684214,344.97647103634995,346.57687734528145,4557892,TCS.NS
2011-08-18,342.2557067871094,358.9532804549397,340.70865633099515,357.74409783030325,3619896,TCS.NS
2011-08-19,330.377197265625,336.77882218907234,321.85947531776947,335.374016822825,5443614,TCS.NS
2011-08-22,326.5006103515625,330.7505818467794,320.7924998126828,330.3949360598474,3528922,TCS.NS
2011-08-23,349.10205078125,351.37819351104747,327.31873665923416,327.4965596316588,4874670,TCS.NS
2011-08-24,342.3446960449219,347.82165096994925,339.64179619253736,347.82165096994925,3194790,TCS.NS
2011-08-25,338.00579833984375,346.0433852444688,333.59578145869654,344.86975837176135,4445488,TCS.NS
2011-08-26,337.312255859375,344.79859544171734,334.307044574744,338.2547041843042,3584910,TCS.NS
2011-08-29,362.616455078125,364.1813053071255,342.8781128471236,342.8781128471236,5590444,TCS.NS
2011-08-30,370.7253112792969,373.53492269662553,364.2347733165314,366.3152932410124,5966682,TCS.NS
2011-09-02,363.50555419921875,382.23031377302135,359.9135403938568,381.60793363894106,4413506,TCS.NS
2011-09-05,365.4972229003906,367.4532750765729,355.0946034885032,361.2650503069727,3789658,TCS.NS
2011-09-06,367.7022705078125,370.58299334723307,357.42409627060385,362.0474925407709,4763292,TCS.NS
2011-09-07,366.6708068847656,373.42807684675455,364.53693215992706,367.77330014317374,4432156,TCS.NS
2011-09-08,368.4668884277344,375.1885600458831,365.95956790021637,367.3821512545418,4892662,TCS.NS
2011-09-09,361.3539733886719,373.9971794289691,359.4334987598993,369.87169611658294,5062650,TCS.NS
2011-09-12,350.5600891113281,357.01504772011464,348.05279042173674,355.6458199958897,3297170,TCS.NS
2011-09-13,353.4229431152344,364.18122641509433,351.6447144706294,354.86330397598584,3798204,TCS.NS
2011-09-14,361.01611328125,365.9595995477951,353.42308265366506,356.0015152063585,4745632,TCS.NS
2011-09-15,370.49407958984375,371.93446270754964,359.20232338444174,365.60394894970904,3852238,TCS.NS
2011-09-16,365.5148620605469,381.3944509826642,363.2209429925421,372.71668736507235,4656504,TCS.NS
2011-09-19,362.0652160644531,367.2043024105125,360.0913861410595,363.29219846231337,2240234,TCS.NS
2011-09-20,376.25537109375,378.40704505946076,363.50548074889247,363.50548074889247,3487986,TCS.NS
2011-09-21,371.1163635253906,379.81188529566333,368.7691101101443,379.81188529566333,2740760,TCS.NS
2011-09-22,353.65423583984375,367.73780257484384,350.7379355786246,363.82569829213276,3141570,TCS.NS
2011-09-23,352.1960754394531,360.9805321392967,349.33313073283176,351.378094338547,4564232,TCS.NS
2011-09-26,354.5611267089844,358.49100892376276,344.6208210784981,354.2232588175275,3388478,TCS.NS
2011-09-27,370.0672912597656,371.64989786121515,357.77971028553344,360.55374345928993,3964578,TCS.NS
2011-09-28,372.6813659667969,378.6561913378952,368.8048167797925,372.8947448347275,4425190,TCS.NS
2011-09-29,377.5002136230469,379.82971095745125,368.3423343560484,371.0274774872294,5380350,TCS.NS
2011-09-30,368.9113464355469,378.40707040442896,367.4176082672572,373.3924741128419,2691018,TCS.NS
2011-10-03,371.0452575683594,373.39251102049883,361.0871540770493,362.758693575098,3949264,TCS.NS
2011-10-04,371.98773193359375,376.62892729839865,365.9951084870065,369.3026320129361,4718224,TCS.NS
2011-10-05,371.13427734375,378.05157237972,370.22736297957533,375.0285823842096,3415262,TCS.NS
2011-10-07,372.9124755859375,383.31511675988935,368.98257155470225,382.35484691093666,5085808,TCS.NS
2011-10-10,378.6561279296875,381.96365177707645,372.7168594621752,372.7168594621752,3854814,TCS.NS
2011-10-11,370.17388916015625,383.38613813197054,367.9155472147714,382.31920082733615,4476374,TCS.NS
2011-10-12,383.7596130371094,387.4405383381336,377.69583485772733,379.1184180398657,5871662,TCS.NS
2011-10-13,388.6319580078125,392.97081951458483,384.1330298386212,389.96562979232795,5408918,TCS.NS
2011-10-14,403.39129638671875,405.7029943602816,387.26276613085156,387.44058905189485,6710132,TCS.NS
2011-10-17,398.41229248046875,410.41534079219906,395.22927925665715,409.5262261024412,4358690,TCS.NS
2011-10-18,367.5776062011719,378.4959111009158,362.9364127587358,377.69570832903224,12006778,TCS.NS
2011-10-19,373.0545349121094,374.9928300007642,368.1644065992085,370.93846038949386,3827420,TCS.NS
2011-10-20,371.61431884765625,372.3611663725211,366.42189865836303,368.4490624278241,2245412,TCS.NS
2011-10-21,373.3746643066406,376.9844771812751,370.93849971704714,375.1706926247639,2461130,TCS.NS
2011-10-24,384.0087585449219,388.4721330947403,376.8069272316228,376.9847502270129,3271720,TCS.NS
2011-10-25,391.8189392089844,394.79684709939545,382.11839435181344,388.37738617095,4158746,TCS.NS
2011-10-28,399.9679260253906,406.244721150852,396.22324192082834,402.64270038579224,3259116,TCS.NS
2011-10-31,397.93536376953125,403.7128625869934,396.580126498884,399.4332209341278,1778740,TCS.NS
2011-11-01,395.31390380859375,400.50298482823814,390.96295380049514,395.1534347192234,1458210,TCS.NS
2011-11-02,394.7433776855469,400.09292893087144,392.30042465713393,392.7462205942443,1550844,TCS.NS
2011-11-03,394.0834655761719,395.65267541301665,387.6640064084152,391.51569932296667,1891268,TCS.NS
2011-11-04,392.2289123535156,401.2161363948658,387.73525679810353,399.7895901321285,2716008,TCS.NS
2011-11-08,394.1726989746094,397.57859675513083,390.87380961427,390.87380961427,1692104,TCS.NS
2011-11-09,400.4851989746094,408.7056930239414,394.5472322414651,395.8667707299956,3921980,TCS.NS
2011-11-11,403.3561096191406,406.9224766361092,394.88598795384036,395.86673888350674,3629590,TCS.NS
2011-11-14,402.428955078125,412.272121592587,401.0380629159724,406.56593305843353,2329150,TCS.NS
2011-11-15,401.0023193359375,406.19135726671425,399.4331091288377,401.23414190086487,1468478,TCS.NS
2011-11-16,398.4524230957031,403.99814216916286,394.1549326915967,401.57299476908634,1871602,TCS.NS
2011-11-17,397.7034606933594,400.6813687008288,395.0108359508483,397.649956476568,1391988,TCS.NS
2011-11-18,387.52142333984375,395.79542076889123,383.8480915092119,394.3510247429991,2789442,TCS.NS
2011-11-21,380.60272216796875,388.12779242041796,378.0706099500413,386.95087373157025,2871704,TCS.NS
2011-11-22,385.827392578125,390.51717373680043,376.9649795797243,381.20896487796955,3723582,TCS.NS
2011-11-23,378.8550720214844,385.8629462806157,371.2586951393197,385.8629462806157,2355750,TCS.NS
2011-11-24,389.3760070800781,391.01652736420954,372.6853903655915,378.7482148978547,3766844,TCS.NS
2011-11-25,379.42572021484375,387.9849993540387,377.00057371150723,386.9507444177703,2140604,TCS.NS
2011-11-28,388.1990966796875,390.8738722654456,383.02786388055523,384.4365616084843,1504486,TCS.NS
2011-11-29,389.91082763671875,394.4044402677447,387.37867284863717,389.8038192385841,2554696,TCS.NS
2011-11-30,397.84588623046875,400.48496164358966,385.5775812685001,385.5775812685001,3481698,TCS.NS
2011-12-01,404.71148681640625,409.615243164912,401.6443752906167,406.5659808942973,2481448,TCS.NS
2011-12-02,420.1179504394531,422.61440685123256,402.85672882820063,404.7290711370352,3968866,TCS.NS
2011-12-05,421.1701965332031,422.2223011765595,414.60811447492534,418.1566330945298,1530476,TCS.NS
2011-12-07,420.6708984375,425.4319903720342,418.5488836412252,420.8313675620731,2637422,TCS.NS
2011-12-08,419.9752502441406,424.04091617938576,416.2484151987649,417.2648207988909,3326444,TCS.NS
2011-12-09,418.1209411621094,421.82997212898437,414.0552734394726,414.0552734394726,2763230,TCS.NS
2011-12-12,420.9559631347656,424.3975147131262,411.95088981837364,419.40460277532475,3172170,TCS.NS
2011-12-13,420.3676452636719,426.8584590834555,416.07019930913077,419.0481069365808,3274558,TCS.NS
2011-12-14,421.7049255371094,424.04091265486556,417.2648173306919,421.0095015887879,3346176,TCS.NS
2011-12-15,421.72283935546875,424.3619592769894,411.7726680962845,420.72423931984014,3669372,TCS.NS
2011-12-16,408.8125,421.7405751057719,403.8195882350122,419.60075577791997,3550896,TCS.NS
2011-12-19,407.8676452636719,412.7714007856016,397.4360198806578,406.2092755983943,3667724,TCS.NS
2011-12-20,404.1941833496094,410.5244845884182,402.375344940057,408.47382362373367,1809396,TCS.NS
2011-12-21,413.2349548339844,415.83842033402624,400.3068735843202,410.1322327479675,3116976,TCS.NS
2011-12-22,410.7383728027344,415.07151638954065,404.5150812739554,410.84538120131947,2086268,TCS.NS
2011-12-23,412.6822204589844,414.411899974819,406.2449097623393,410.48889575818987,1578590,TCS.NS
2011-12-26,423.82708740234375,424.46900737847074,411.38045714838046,412.68218988532,2229352,TCS.NS
2011-12-27,420.6351623535156,424.39769716666865,417.2649627605062,422.75717696020246,983902,TCS.NS
2011-12-28,416.9796142578125,422.09738575555133,415.80273926293023,420.3676629243206,1197910,TCS.NS
2011-12-29,415.7314758300781,420.1537805962444,413.52034521437645,414.94689233025184,1585728,TCS.NS
2011-12-30,413.9303283691406,421.72283031106815,412.4502775938692,420.1179654177068,1545410,TCS.NS
2012-01-02,420.33203125,422.9533024460554,411.2021398866152,414.0552336585952,2248542,TCS.NS
2012-01-03,427.10809326171875,431.49474198341414,420.83129619491456,421.990365442909,2708884,TCS.NS
2012-01-04,418.3347473144531,429.74711893769484,417.0152092594129,429.71146398332075,2386770,TCS.NS
2012-01-05,417.978271484375,422.61454923974776,416.31990188800125,418.26359829860945,2547312,TCS.NS
2012-01-06,417.05096435546875,423.80921238499093,412.5573506567658,415.8383908723893,2119728,TCS.NS
2012-01-09,417.7464294433594,420.7243374637354,415.57095407405967,417.6216152934768,1509028,TCS.NS
2012-01-10,415.62451171875,422.79290228289494,413.16370923216687,419.0482160965007,3591790,TCS.NS
2012-01-11,405.4959411621094,419.0481362053461,404.1228985291535,417.76425275030624,5675380,TCS.NS
2012-01-12,388.5556945800781,397.6499306624939,381.11982790199494,392.6570167348931,9528684,TCS.NS
2012-01-13,387.2183532714844,393.49515139628755,382.6712346859799,391.28402094900497,4019828,TCS.NS
2012-01-16,395.65277099609375,397.2932911394494,384.7753514451483,386.59418994179816,3047202,TCS.NS
2012-01-17,393.7090759277344,401.1092876101828,390.16055810113676,399.3974575346136,3704218,TCS.NS
2012-01-18,383.7945556640625,390.980793169215,372.7923232581313,385.16759811706703,11665532,TCS.NS
2012-01-19,383.5806884765625,388.34178056333116,379.9608166193281,387.6641620055872,4163292,TCS.NS
2012-01-20,384.98931884765625,389.0727916614581,382.6711802904448,385.14978794925406,2572694,TCS.NS
2012-01-23,384.3472900390625,389.2510438457603,383.081256086181,387.30739156900404,2130496,TCS.NS
2012-01-24,388.2704772949219,390.5173066098717,384.45448084515226,388.02084894204603,2641310,TCS.NS
2012-01-25,392.669189453125,396.94275743187234,390.1837325374611,391.5605693250243,5845238,TCS.NS
2012-01-27,396.513427734375,400.73338517137415,393.4199884284846,395.17234511520576,5209718,TCS.NS
2012-01-30,397.5863952636719,400.16125708737343,393.6525519104896,394.27839062576857,2595558,TCS.NS
2012-01-31,404.9713134765625,406.2229909461929,398.0334353424593,398.0334353424593,3538120,TCS.NS
2012-02-01,403.6481628417969,405.90120018147775,396.3348062564958,403.89852457679143,2288804,TCS.NS
2012-02-02,410.5502014160156,412.21315303603546,404.2203072359922,406.2587358959876,3386140,TCS.NS
2012-02-03,418.9721984863281,420.56359940641875,408.04682561456104,409.4773140479162,2777558,TCS.NS
2012-02-06,426.94720458984375,429.1644881624342,419.6159503509716,423.3173309551973,3427196,TCS.NS
2012-02-07,428.4313049316406,432.61546632413047,426.24981870431645,432.61546632413047,3407656,TCS.NS
2012-02-08,436.17388916015625,438.7487513267918,433.080448653053,435.01161710555476,3627184,TCS.NS
2012-02-09,439.37457275390625,440.59049681704084,424.855121930718,433.11618501502784,3038062,TCS.NS
2012-02-10,441.091064453125,442.7361172239188,433.4379435180853,439.15989656782904,2324302,TCS.NS
2012-02-13,438.3375244140625,442.71839647735857,434.15336202787506,437.08584668169215,1631770,TCS.NS
2012-02-14,436.2989501953125,439.7142586199231,434.5108397436924,438.0870606469326,1826646,TCS.NS
2012-02-15,444.02374267578125,446.59864887052976,436.12030029041836,438.8561190232515,2167166,TCS.NS
2012-02-16,438.21221923828125,444.16663576762335,435.58370560786256,442.7361474076632,1886660,TCS.NS
2012-02-17,439.42816162109375,448.45811977444686,436.65659030669826,441.6096477310934,4096568,TCS.NS
2012-02-21,442.3966979980469,443.45166635517137,430.8454798720909,437.56879679176075,2489504,TCS.NS
2012-02-22,447.8681945800781,453.0537169564193,439.5177241740162,441.66345757112293,3141826,TCS.NS
2012-02-23,450.5326232910156,455.9327116770186,444.88217308403006,446.6881832904905,4086880,TCS.NS
2012-02-24,454.1800231933594,458.06021387309835,449.6203418581505,450.246180472787,2346400,TCS.NS
2012-02-27,447.76068115234375,457.7383008882432,445.45399286052384,457.39857742097576,1861370,TCS.NS
2012-02-28,438.6416320800781,450.7471377225691,435.97731985801147,448.90537421981196,3973490,TCS.NS
2012-02-29,436.996337890625,443.45143470459277,433.52742074245367,443.45143470459277,3060216,TCS.NS
2012-03-01,436.15606689453125,438.784581577629,432.74080076038985,437.37199121846413,1568594,TCS.NS
2012-03-02,435.3155517578125,438.8023676375732,431.6499248072949,438.4447454960593,2309232,TCS.NS
2012-03-05,431.757080078125,437.1750187303726,429.5040439012267,434.15313013829245,1540878,TCS.NS
2012-03-06,429.86175537109375,436.763879221348,425.21266816658107,430.2193774637486,1717722,TCS.NS
2012-03-07,426.58941650390625,431.2921547833379,424.3364239779078,427.3583125755297,1945666,TCS.NS
2012-03-09,432.204345703125,438.8024581124762,430.20162637367724,438.8024581124762,2225758,TCS.NS
2012-03-12,425.23065185546875,435.8877661568883,423.1385272706062,434.83279823439045,2240278,TCS.NS
2012-03-13,428.0736389160156,434.49293792730157,425.57028430247163,425.57028430247163,2492464,TCS.NS
2012-03-14,412.8927307128906,434.1533531562557,411.6231544339788,432.7586178376754,8065314,TCS.NS
2012-03-15,416.16473388671875,418.7574935733032,409.47721946747254,414.4839278277735,4284236,TCS.NS
2012-03-16,418.25701904296875,421.9941531918429,414.1264655899611,418.4000329844181,2054724,TCS.NS
2012-03-19,401.2521667480469,418.25712229284244,397.60443723963414,418.25712229284244,5132864,TCS.NS
2012-03-20,405.84747314453125,409.47734656341703,400.5367931450018,403.7553923756313,3683204,TCS.NS
2012-03-21,420.4742736816406,421.92266095732083,406.4555018361378,406.59851578258207,4553242,TCS.NS
2012-03-22,417.61334228515625,425.46313245589715,414.84177011413504,420.09879922166266,3421694,TCS.NS
2012-03-23,423.65704345703125,426.24980376747203,416.5582532691089,420.20598134729806,3158436,TCS.NS
2012-03-26,415.413818359375,423.78218414437333,412.695899158318,420.92120737377843,3053384,TCS.NS
2012-03-27,420.11651611328125,421.86887294299476,411.9627156613684,419.49067750660043,1588246,TCS.NS
2012-03-28,416.6654357910156,420.08074378189855,412.8567522817411,419.8482807217016,2051096,TCS.NS
2012-03-29,408.118408203125,416.2722112462575,404.9713592595857,411.6231229763251,2681214,TCS.NS
2012-03-30,417.98876953125,420.4742259115324,409.6561563101513,409.6561563101513,2543342,TCS.NS
2012-04-02,427.0901794433594,428.78888436473767,418.41784379211265,418.41784379211265,2326988,TCS.NS
2012-04-03,421.2787780761719,431.7749765917994,420.3132159959063,429.2179701840141,2269154,TCS.NS
2012-04-04,421.4399719238281,425.4990198560937,417.3452141484931,418.06045873143825,2165054,TCS.NS
2012-04-09,416.3079528808594,424.8551313417238,414.21587194995925,418.4179323820007,1576628,TCS.NS
2012-04-10,413.4827880859375,420.43856637022486,412.07019779677967,417.09480738641724,1532992,TCS.NS
2012-04-11,407.0096740722656,413.0534958595735,405.97256132567975,411.1580814035705,1781586,TCS.NS
2012-04-12,404.7030944824219,410.5502076106763,403.7911405836378,407.7786360871722,2114686,TCS.NS
2012-04-13,382.0655212402344,395.06507446406823,379.52641333081885,390.2908286669565,8994680,TCS.NS
2012-04-16,382.56640625,384.1936049678666,376.68353763320897,380.95710610685904,5016110,TCS.NS
2012-04-17,390.1120300292969,391.57827179919883,384.01459987097616,388.01994963095785,2473664,TCS.NS
2012-04-18,392.5081787109375,398.6413631987001,391.18495066230435,393.3843354506052,2882264,TCS.NS
2012-04-19,394.4393005371094,395.8161806257456,390.2014871381126,393.70620138275086,1767416,TCS.NS
2012-04-20,389.25384521484375,396.2274777401769,385.3021463101858,390.9704491446386,2450024,TCS.NS
2012-04-23,380.59930419921875,394.2425954815071,374.6627863155149,391.22066266834383,2843868,TCS.NS
2012-04-24,427.0725402832031,430.9348786493066,399.57141988100614,401.2522272568647,18113782,TCS.NS
2012-04-25,418.79351806640625,425.57044167133483,417.5239417237676,425.212819451443,5417898,TCS.NS
2012-04-26,427.23333740234375,429.8260981547542,416.45102016303355,418.41794211313805,5476292,TCS.NS
2012-04-27,430.5771179199219,433.438095447629,425.5704072464344,425.5704072464344,3711146,TCS.NS
2012-04-30,445.8118896484375,447.0278140336209,430.57719047718365,430.57719047718365,4604822,TCS.NS
2012-05-02,453.1968994140625,455.7539078142898,444.20268904938223,444.20268904938223,3981448,TCS.NS
2012-05-03,457.5774841308594,459.2225370856672,450.08531848029986,451.5694152945569,3358922,TCS.NS
2012-05-04,456.61199951171875,463.210111019637,451.6946947238245,457.7563729821543,3571718,TCS.NS
2012-05-07,455.34246826171875,457.219984820426,446.4555652815152,450.6039740897433,2627762,TCS.NS
2012-05-08,429.3968811035156,441.5560337238439,427.59091551028854,438.0871164677098,9631578,TCS.NS
2012-05-09,438.28387451171875,441.5203290059714,427.0366309026604,427.35849959152193,9271544,TCS.NS
2012-05-10,440.78717041015625,444.0951750872649,438.0871058873631,438.28381551937133,2992620,TCS.NS
2012-05-11,440.14349365234375,442.342878768454,436.72818440533064,437.7295439613803,2745190,TCS.NS
2012-05-14,438.4267272949219,441.3056022105785,436.2988935955476,438.90955197825616,2573752,TCS.NS
2012-05-15,438.55206298828125,440.9481139475505,436.2275189974791,437.7295145756706,1875510,TCS.NS
2012-05-16,437.5149841308594,444.13099446672436,431.56056609757064,436.2990599867712,4567936,TCS.NS
2012-05-17,437.0142517089844,441.6633394931225,428.8068411213128,437.0142517089844,4137524,TCS.NS
2012-05-18,432.9552917480469,438.0514077047584,430.0943143688404,430.86321077051224,2656670,TCS.NS
2012-05-21,432.4366760253906,438.08712332292123,430.59495692076416,433.0804133420878,2227088,TCS.NS
2012-05-22,437.74737548828125,443.4514308668493,433.7956335818453,436.65661055517984,2360916,TCS.NS
2012-05-23,438.1409606933594,441.8602412689697,434.18921689644867,440.9482869604318,2162806,TCS.NS
2012-05-24,436.8175354003906,439.49970138873897,431.68566654035993,438.087111430227,1205674,TCS.NS
2012-05-25,436.5853271484375,438.0873233665247,432.4011199893663,433.4739869037333,915046,TCS.NS
2012-05-28,437.9798889160156,439.87530402954644,434.5288696255177,437.72957083915844,790194,TCS.NS
2012-05-29,443.5768127441406,446.3126320804547,435.72702069161096,439.16018605352434,1575032,TCS.NS
2012-05-30,443.6482849121094,449.53115326650124,440.3223806359424,440.3223806359424,1581514,TCS.NS
2012-05-31,445.36468505859375,449.1376157734958,436.6565954286782,436.6565954286782,4411602,TCS.NS
2012-06-01,437.944091796875,445.2395926483885,435.7626053349891,443.45148183453955,1479528,TCS.NS
2012-06-04,433.8851318359375,434.86859288069235,427.78765589643604,432.7228596921363,1204430,TCS.NS
2012-06-05,438.6236572265625,440.19720374134624,434.15337943175444,434.15337943175444,2063398,TCS.NS
2012-06-06,447.43878173828125,451.94481028489315,439.55319904043785,439.875067576988,3291908,TCS.NS
2012-06-07,449.2683410644531,452.78223881102485,446.13487272922697,451.7316911502858,2149728,TCS.NS
2012-06-08,445.89935302734375,450.13771565185823,443.45413361615124,446.0080029132903,2400244,TCS.NS
2012-06-11,446.85919189453125,451.38737451994484,444.5226231274977,446.65993417079966,1545048,TCS.NS
2012-06-12,452.1300964355469,453.9051533654427,442.34921922815107,442.34921922815107,1092142,TCS.NS
2012-06-13,452.9633483886719,456.4409851456717,450.13774364954986,452.45618289439994,1450858,TCS.NS
2012-06-14,454.2675476074219,456.98445877732274,451.00725420354087,452.4562734941547,1471124,TCS.NS
2012-06-15,460.9510803222656,463.68612161847136,452.45622336052406,454.28562770044374,1986040,TCS.NS
2012-06-18,455.4085998535156,465.9864216096521,452.81846936463916,462.2370935274236,1495388,TCS.NS
2012-06-19,461.49444580078125,463.4144137668718,454.66595224152616,455.3180285146841,1769058,TCS.NS
2012-06-20,453.83270263671875,461.5124845341558,450.3912830110716,461.5124845341558,1753740,TCS.NS
2012-06-21,443.4179992675781,453.5430030941165,437.9660469175614,451.02534995845383,4155980,TCS.NS
2012-06-22,446.82305908203125,449.1596285185449,439.8677862647661,439.8677862647661,1919560,TCS.NS
2012-06-25,440.7734680175781,448.6525088471506,438.6905032005647,448.1091267209732,1588758,TCS.NS
2012-06-26,447.4207458496094,448.1090385848343,440.8820754163272,441.04507233390115,1109714,TCS.NS
2012-06-27,451.62286376953125,456.00618050125155,447.8373202872701,447.8373202872701,2305862,TCS.NS
2012-06-28,456.0244445800781,457.85384900205946,447.83749497212074,451.713603630674,1894228,TCS.NS
2012-06-29,462.7622375488281,466.22178753773335,457.49145832460863,457.65445524741847,1990150,TCS.NS
2012-07-02,456.2418518066406,463.3239517916021,455.15508725982687,463.3239517916021,2111100,TCS.NS
2012-07-03,448.9784240722656,459.9909743258747,445.6819155865555,458.25213430984326,2227292,TCS.NS
2012-07-04,452.03955078125,452.63727992297686,446.1348252825705,450.4637515680046,1301806,TCS.NS
2012-07-05,449.4131774902344,452.0395240974599,447.4569932421229,452.0395240974599,1520876,TCS.NS
2012-07-06,452.0032958984375,453.83269979726384,444.4865109736588,449.19582201086956,1929928,TCS.NS
2012-07-09,456.2237854003906,458.08940679751674,450.40957713432755,451.007306505134,1912768,TCS.NS
2012-07-10,457.05682373046875,460.1541196893801,452.65546366961445,458.2522821547457,2517598,TCS.NS
2012-07-11,455.8250732421875,461.6935812632409,453.9956694532418,453.9956694532418,2034538,TCS.NS
2012-07-12,447.7468566894531,452.8184230273596,441.69722024602726,443.76205456681237,7859080,TCS.NS
2012-07-13,452.6010437011719,465.1350478281323,450.28260471212496,461.4400674728561,7217154,TCS.NS
2012-07-16,437.3681640625,456.16919015417756,435.7561484799709,452.45607981144946,3620626,TCS.NS
2012-07-17,429.597900390625,443.3997969921027,425.72174818197584,441.22626857547476,6383816,TCS.NS
2012-07-18,433.0032043457031,436.29971436596264,426.91730567710164,432.8945102114013,2975286,TCS.NS
2012-07-19,435.06793212890625,438.3282247093893,432.98496742470877,435.79244159123584,1335352,TCS.NS
2012-07-20,443.0556335449219,444.84877664202804,434.8143390265129,435.0678996311691,3378226,TCS.NS
2012-07-23,440.9494323730469,445.652148962297,436.13775439985943,438.67977295173205,2903198,TCS.NS
2012-07-24,439.09735107421875,442.54723301688875,434.72143045733026,438.71603060147453,1648092,TCS.NS
2012-07-25,440.5502014160156,441.948303452613,434.64908397057195,437.2274094962581,1666030,TCS.NS
2012-07-26,435.211669921875,443.40061798575675,432.21571980034963,440.4954542315503,2945746,TCS.NS
2012-07-27,444.96234130859375,446.74171936472266,436.95496273881815,441.221923729619,1842976,TCS.NS
2012-07-30,447.0321960449219,451.335462177546,441.05846915849213,448.44847263180014,2625712,TCS.NS
2012-07-31,451.6258239746094,453.6594295216589,445.3070846115143,448.48460713167805,1979964,TCS.NS
2012-08-01,444.7261047363281,452.04349475744493,443.800066064372,449.61039353256905,1295750,TCS.NS
2012-08-02,447.68572998046875,449.1019617767555,443.763741375715,446.65072998110406,951058,TCS.NS
2012-08-03,449.1747131347656,450.3912417895652,442.3475594662281,445.9427090647741,977736,TCS.NS
2012-08-06,446.2693786621094,453.2054467456477,444.9257141214706,452.116010575586,1015540,TCS.NS
2012-08-07,459.03411865234375,459.8148460677391,448.357631350454,449.9373055184992,2099154,TCS.NS
2012-08-08,453.64141845703125,459.9783351134392,452.6246374806965,459.37913607009796,1643000,TCS.NS
2012-08-09,456.8913879394531,460.4138805419763,454.0225304508738,454.0225304508738,1129474,TCS.NS
2012-08-10,464.84454345703125,466.64209644703453,456.0200876368588,456.1108740369458,3082356,TCS.NS
2012-08-13,459.85125732421875,464.49949406612296,456.5647721532593,464.49949406612296,1428038,TCS.NS
2012-08-14,460.6138916015625,462.37513890983433,457.29110046904293,457.56345967122814,1136930,TCS.NS
2012-08-16,458.8525390625,461.75770321955457,454.69449626514347,461.2492906262126,1788292,TCS.NS
2012-08-17,464.31781005859375,466.46037729427223,459.01589482285726,459.3972153153015,1287576,TCS.NS
2012-08-21,471.598876953125,473.9048418387446,463.7730742853014,464.78989934049935,2051576,TCS.NS
2012-08-22,469.0569763183594,475.357542984031,467.76779183523416,470.60034496441136,1134096,TCS.NS
2012-08-23,480.6048278808594,481.5308665097049,469.0931348521201,469.0931348521201,2337314,TCS.NS
2012-08-24,480.38720703125,482.4026830902408,476.8102312982621,479.3522508101341,1578938,TCS.NS
2012-08-27,479.51544189453125,483.3103388416746,477.53631671665835,477.972073570542,967200,TCS.NS
2012-08-28,490.5733337402344,491.9351295565634,477.5363995927194,481.875971195705,2266204,TCS.NS
2012-08-29,487.8133239746094,493.1515446124129,484.7991988641909,490.2463808739009,2139290,TCS.NS
2012-08-30,496.4742126464844,504.3363189499645,480.5866023510504,486.5785010910426,3333432,TCS.NS
2012-08-31,487.97686767578125,493.51483770893896,484.67225180054265,492.7885465570494,1773848,TCS.NS
2012-09-03,485.8343811035156,492.02603193982776,484.0731336317062,490.2466094544661,1223826,TCS.NS
2012-09-04,486.9236755371094,489.15702941477167,480.0965661636373,484.0366863023455,1508018,TCS.NS
2012-09-05,495.511962890625,497.8724082983121,483.70973585218945,486.43332670721304,2028960,TCS.NS
2012-09-06,499.5430603027344,501.1046040575878,491.57203240472677,495.3668860548143,2291684,TCS.NS
2012-09-07,503.5738525390625,507.2416575919727,500.7413442061424,504.7722504336766,2636656,TCS.NS
2012-09-10,498.035888671875,502.5570768391169,496.03858838005266,502.3028483862227,1476024,TCS.NS
2012-09-11,505.7345275878906,506.805788950158,495.3485764239829,497.14612869742257,1274180,TCS.NS
2012-09-12,513.814697265625,516.0298764690561,504.73605763738686,507.296207414973,2114466,TCS.NS
2012-09-13,514.8312377929688,517.1008966397129,511.87163812023374,513.1244720719268,1881210,TCS.NS
2012-09-14,513.1607055664062,522.856713393421,509.1842815579442,518.5715803618053,2814840,TCS.NS
2012-09-17,487.3775634765625,516.2294998592498,484.9808120581931,515.031101985423,5094390,TCS.NS
2012-09-18,472.01641845703125,488.4305731462979,469.3836142523393,488.4305731462979,7220206,TCS.NS
2012-09-20,480.0783996582031,485.48927702247795,469.0387664734275,470.27347016442747,4042506,TCS.NS
2012-09-21,473.56005859375,483.81892225262226,471.47197130035124,481.13163582656233,4247758,TCS.NS
2012-09-24,468.2579040527344,476.80999752063155,463.73676072646344,475.72056112111756,4937020,TCS.NS
2012-09-25,469.6196594238281,475.62973411264073,465.66140964057826,468.49391743971273,3823694,TCS.NS
2012-09-26,466.8598937988281,473.9049260869751,465.5525787306529,470.3460820903917,3292812,TCS.NS
2012-09-27,461.7576599121094,471.9075585021626,457.96276299030137,464.86252721618905,5605398,TCS.NS
2012-09-28,470.60028076171875,473.904896075391,463.5552489197215,464.39050133417436,2912996,TCS.NS
2012-10-01,473.1603698730469,475.6479517926614,469.565265202708,470.2733811337067,1795618,TCS.NS
2012-10-03,480.31463623046875,481.1680197014365,472.4525234955237,472.4525234955237,2318230,TCS.NS
2012-10-04,478.31707763671875,479.9512322959974,475.23034105808125,479.3520333884054,1319284,TCS.NS
2012-10-05,473.5419921875,479.11626980942816,383.11871300445745,475.8116528095643,3836110,TCS.NS
2012-10-08,469.4381408691406,477.6270891156281,466.80533615818206,475.72057535941667,1685408,TCS.NS
2012-10-09,470.2191162109375,471.65356806553893,466.642140575113,471.3267281284588,1291154,TCS.NS
2012-10-10,468.2218017578125,472.724816364343,466.6421271581953,467.00527278244294,1163978,TCS.NS
2012-10-11,468.2579040527344,472.65199966086533,467.02324493004295,468.5484381576503,1635526,TCS.NS
2012-10-12,471.52642822265625,477.0462684276198,462.35700101302325,464.390652016026,2469542,TCS.NS
2012-10-15,470.1462097167969,472.96058661912167,467.5497111926684,469.91015633655365,814528,TCS.NS
2012-10-16,470.60028076171875,475.7932350176933,467.6588109622805,470.9997319615189,1282744,TCS.NS
2012-10-17,465.9702453613281,473.8686614808594,461.92116340430755,472.5613462993473,1597480,TCS.NS
2012-10-18,474.7582702636719,476.08376023162316,464.8988608712789,467.0959089229026,1447128,TCS.NS
2012-10-19,468.3487243652344,476.2290081571163,465.5525218021921,475.35745010847853,2825616,TCS.NS
2012-10-22,478.9526672363281,484.7629959450456,473.1786442161821,481.2041518792401,5397342,TCS.NS
2012-10-23,477.3910827636719,480.8046594534433,476.410607609794,480.8046594534433,1136696,TCS.NS
2012-10-25,477.6634521484375,480.7683640844875,473.63254573147384,477.5363600819537,2254470,TCS.NS
2012-10-29,475.13946533203125,479.2793318895051,472.37956907013995,476.08363453619484,815628,TCS.NS
2012-10-30,476.2653503417969,480.07837830869653,473.68702601098886,473.68702601098886,805268,TCS.NS
2012-10-31,478.8131408691406,479.2863301224114,474.62739315344686,476.48367238465835,999536,TCS.NS
2012-11-01,478.72235107421875,480.5786310992491,476.88424330152185,478.5949675841457,1579768,TCS.NS
2012-11-02,484.5276184082031,487.0026872067337,479.8687254880955,482.2345830866334,1673974,TCS.NS
2012-11-05,483.9452209472656,488.9499192852695,482.3801419437484,486.23830050359004,1223826,TCS.NS
2012-11-06,480.6513671875,486.78439017261445,480.2509556748992,482.27105219419656,1297466,TCS.NS
2012-11-07,484.6369323730469,485.3102830999968,480.99715068042167,482.2710742728405,1058390,TCS.NS
2012-11-08,484.5276184082031,485.80154173049283,479.21354714997875,481.90699391757505,1239044,TCS.NS
2012-11-09,482.25274658203125,485.27378246386814,480.7786619943956,484.09085368606384,711382,TCS.NS
2012-11-12,485.728759765625,490.6424639670757,480.45107747517795,480.45107747517795,1466782,TCS.NS
2012-11-15,471.0422668457031,481.17904804117313,469.8957269448975,480.4874807652173,1735402,TCS.NS
2012-11-16,468.366943359375,475.64650390626673,465.9282639176194,473.0986577148546,1598890,TCS.NS
2012-11-19,459.4676818847656,471.3515740867258,458.0663752804204,469.5680727580526,1676286,TCS.NS
2012-11-20,463.2713928222656,466.9475631378436,457.17475899755965,464.07212695523003,1256040,TCS.NS
2012-11-21,466.6926574707031,471.2423832861285,464.52700575492713,464.52700575492713,941744,TCS.NS
2012-11-22,464.6000061035156,467.3844485222744,462.61634247033334,466.6564920431708,611624,TCS.NS
2012-11-23,469.0223083496094,470.0414651009213,462.70729534844463,466.62006107115513,749676,TCS.NS
2012-11-26,470.87835693359375,471.60631298941183,467.7117658631495,468.8036999468767,456334,TCS.NS
2012-11-27,471.4244079589844,473.1351316534667,468.9129946637367,473.1351316534667,1338160,TCS.NS
2012-11-29,472.4801025390625,477.539408512385,470.38722784474373,476.8114520969698,3470578,TCS.NS
2012-11-30,478.2673034667969,482.27106323706687,469.9321946952311,471.3517184090578,3579294,TCS.NS
2012-12-03,479.2864685058594,481.1791372035776,475.0642862201471,478.631290032303,1319512,TCS.NS
2012-12-04,472.9713134765625,481.1062593706101,470.5872836345327,478.66757949772324,1595120,TCS.NS
2012-12-05,472.4072265625,475.91962442362626,469.0222121614303,473.1715717537635,1790058,TCS.NS
2012-12-06,466.1466979980469,471.3516021884014,461.88817233751456,471.3516021884014,2370092,TCS.NS
2012-12-07,460.1228942871094,466.1467047945481,457.53865883017966,464.6726202432946,1957214,TCS.NS
2012-12-10,450.3134765625,461.08725881940194,448.12960898570634,459.3765358923738,3029430,TCS.NS
2012-12-11,443.9439392089844,452.4246441976016,440.5407538689007,449.51282026069026,4926914,TCS.NS
2012-12-12,446.1643981933594,451.6968478564601,444.453674367259,445.83680899849566,2487948,TCS.NS
2012-12-13,444.9814453125,449.36735477260015,442.9977380027729,447.7294533175017,2297162,TCS.NS
2012-12-14,452.3882751464844,453.1526200773004,442.6518634299641,442.9612358506623,2196814,TCS.NS
2012-12-17,438.775634765625,454.5722944596307,437.53810024011784,451.02350769980916,4482898,TCS.NS
2012-12-18,440.6500244140625,445.8731004184965,435.68171526607375,442.1241088222043,4688482,TCS.NS
2012-12-19,448.65765380859375,450.0771774112005,442.63379794474156,442.63379794474156,6642060,TCS.NS
2012-12-20,455.7187805175781,456.79249809930866,446.6557172866352,446.6557172866352,2314030,TCS.NS
2012-12-21,458.13916015625,460.2138617287523,450.49562099957967,454.97256884942396,2457968,TCS.NS
2012-12-24,460.8690185546875,462.6525199997104,458.64876119415237,459.34032841947766,1254818,TCS.NS
2012-12-26,459.4130554199219,461.94272940748715,456.9016425372814,461.16016775045745,1435258,TCS.NS
2012-12-27,455.31854248046875,460.396065374313,454.1174409973503,460.396065374313,1994158,TCS.NS
2012-12-28,461.34228515625,462.980186760355,455.24565140763684,456.4285803439349,1501622,TCS.NS
2012-12-31,457.10198974609375,460.65077701102564,455.70068263535796,458.9764862645259,704170,TCS.NS
2013-01-01,460.1228942871094,461.48781207396496,458.61237638347234,461.14200624274434,509580,TCS.NS
2013-01-02,459.8134460449219,463.1256371090923,456.9926164168744,461.1601469336901,1880246,TCS.NS
2013-01-03,466.1103515625,467.34788600352215,458.5941948211968,460.43230202060397,2635130,TCS.NS
2013-01-04,472.88037109375,473.53554950340344,466.21959793992005,467.7118993942148,5228760,TCS.NS
2013-01-07,471.2969665527344,474.6273745780191,469.6226764181665,473.171462386062,1820752,TCS.NS
2013-01-08,473.262451171875,474.7365800207611,471.09679958490744,471.3515664430518,2341870,TCS.NS
2013-01-09,464.6544189453125,475.86496184474424,463.3987123122135,473.5354931918978,3135898,TCS.NS
2013-01-10,458.03009033203125,466.6563542906426,456.9017670086785,465.8556201723727,4522838,TCS.NS
2013-01-11,475.4828186035156,481.3610742566148,469.53178509718947,469.53178509718947,7805006,TCS.NS
2013-01-14,485.728759765625,490.80623633475636,475.8467457631903,480.0870993861816,5790224,TCS.NS
2013-01-15,486.80230712890625,509.56914640680003,482.9987552013026,505.9293667896086,8262978,TCS.NS
2013-01-16,490.5514831542969,493.1903243732682,476.4473318115189,486.6023296645031,4109492,TCS.NS
2013-01-17,495.7381591796875,499.30516223837014,488.82257546132183,491.26121089490414,3028544,TCS.NS
2013-01-18,491.73431396484375,497.212201037853,487.02081629246766,495.9200612709842,1440470,TCS.NS
2013-01-21,484.0908203125,493.15388290227804,483.03527505119945,492.28032667117014,1260038,TCS.NS
2013-01-22,479.54095458984375,484.7094237663827,476.11955293467304,482.6347672001008,1386630,TCS.NS
2013-01-23,478.6108093261719,482.9155702773595,473.66767761137265,479.99710035311483,1877654,TCS.NS
2013-01-24,484.6666259765625,487.7127697765591,476.0753631053003,476.0753631053003,3498470,TCS.NS
2013-01-25,489.026123046875,490.6677624006318,482.9155765634471,482.9155765634471,1521100,TCS.NS
2013-01-28,490.6859130859375,492.47343992010224,488.09573593640187,488.9530719257228,2428154,TCS.NS
2013-01-29,490.6495666503906,494.88138426054195,488.9532413946146,489.2815336813305,1731804,TCS.NS
2013-01-30,491.08746337890625,492.437238368817,487.3117005260667,489.20868881442766,2279144,TCS.NS
2013-01-31,490.3575744628906,493.3854596537232,483.88222067899255,492.072157370211,4313168,TCS.NS
2013-02-01,491.7987976074219,493.221561016821,489.62820278126355,490.3030902415735,1484540,TCS.NS
2013-02-04,494.8085021972656,498.98559048052255,490.722660663893,492.1271659077191,2487304,TCS.NS
2013-02-05,496.15814208984375,497.9639275305995,490.7042247355948,490.7042247355948,2161994,TCS.NS
2013-02-06,499.98876953125,501.9404879033899,496.8696361609206,497.0520405794819,3573706,TCS.NS
2013-02-07,506.04449462890625,507.08419071779883,496.50473637908215,496.50473637908215,2612782,TCS.NS
2013-02-08,518.9768676757812,524.230122064308,505.2965408995728,505.6248776486645,6973618,TCS.NS
2013-02-11,516.0950927734375,521.2754054688933,515.2013288510652,519.4878330918158,2312126,TCS.NS
2013-02-12,514.3986206054688,516.2044061922946,511.4071619915347,514.0338118378417,2225502,TCS.NS
2013-02-13,523.6465454101562,525.9266003447724,512.5928212742078,514.3074493044329,3822666,TCS.NS
2013-02-14,528.1336669921875,531.0886538143722,521.3117604382895,521.7130412004618,2946958,TCS.NS
2013-02-15,526.1090698242188,529.6294839852393,521.9137682255264,526.7839572618905,1820790,TCS.NS
2013-02-18,519.9802856445312,526.0178899273262,518.0285672027335,525.3612161841371,952086,TCS.NS
2013-02-19,526.6198120117188,528.5715303741135,515.3654238168194,518.6122313574642,744294,TCS.NS
2013-02-20,529.9943237304688,531.5265031125072,525.8719658453529,525.8719658453529,2261518,TCS.NS
2013-02-21,529.3558349609375,531.4716993131517,525.5800281986716,525.5800281986716,3849146,TCS.NS
2013-02-22,530.8333129882812,534.0983786953472,526.163786742072,528.9727968850132,1310694,TCS.NS
2013-02-25,537.61865234375,538.0929215451582,529.5199156764727,530.0671288170271,1730030,TCS.NS
2013-02-26,545.899658203125,547.1947021566926,534.8094666325244,535.1742752727921,2853670,TCS.NS
2013-02-27,541.084228515625,548.3257166021137,538.931892881132,545.4801910212805,2556682,TCS.NS
2013-02-28,553.4149780273438,556.3334485772573,541.8322980323746,542.1971068511139,4599424,TCS.NS
2013-03-01,547.8877563476562,553.0498066552848,546.4832522227023,552.7214700271962,2537326,TCS.NS
2013-03-04,552.0284423828125,554.472687105971,543.9297080041246,543.9297080041246,3136076,TCS.NS
2013-03-05,561.8602294921875,562.8999255681404,550.3504951195221,553.4148976583726,3440054,TCS.NS
2013-03-06,569.5394897460938,571.1081854238097,560.4010558810962,560.4010558810962,2299510,TCS.NS
2013-03-07,580.00927734375,582.8182861154979,568.864355353987,569.4662985285917,3908702,TCS.NS
2013-03-08,577.5469360351562,582.1070450514268,574.5372640844176,580.0458668696095,4341502,TCS.NS
2013-03-11,571.3634643554688,579.8817845609643,567.8795674031019,574.5737992690746,2221330,TCS.NS
2013-03-12,569.283935546875,572.0017423541528,564.7238271237184,568.3719138622437,1809452,TCS.NS
2013-03-13,566.0735473632812,568.6272078364613,564.723773211808,567.6605005688867,1794496,TCS.NS
2013-03-14,571.9107055664062,575.3034450272445,563.1918113659153,568.0072694403422,3051218,TCS.NS
2013-03-15,572.841064453125,576.5438829785679,569.3206503424101,573.4794799046729,4212398,TCS.NS
2013-03-18,571.6370239257812,574.0812691458564,567.0587010655283,569.0468908389806,1694988,TCS.NS
2013-03-19,564.2680053710938,570.743361501908,561.9696921427203,570.743361501908,3739910,TCS.NS
2013-03-20,568.2443237304688,573.7164546471446,561.787182529402,561.8054407787171,4168136,TCS.NS
2013-03-21,569.0833129882812,574.3548254155934,566.8032586163415,570.1959973347127,1664604,TCS.NS
2013-03-22,562.5897216796875,569.8676371221703,558.8869046257377,569.6122888559573,2714456,TCS.NS
2013-03-25,563.0277099609375,566.1833153090419,557.5738356579733,564.9064843788991,1857316,TCS.NS
2013-03-26,567.770263671875,572.7499135464361,560.4011424697517,561.8421196622384,1781536,TCS.NS
2013-03-28,574.8474731445312,577.6382694027689,562.4075018293694,567.642499262504,3065662,TCS.NS
2013-04-01,567.952392578125,574.0994100165358,565.9094728477154,570.9255922686057,968812,TCS.NS
2013-04-02,571.782958984375,573.1874637005103,562.26145995582,567.6423887696712,1130332,TCS.NS
2013-04-03,563.0460205078125,574.5739719269922,558.5223816001429,572.7499275716684,959932,TCS.NS
2013-04-04,550.058837890625,561.8421377984365,547.5781197351208,561.8421377984365,1126338,TCS.NS
2013-04-05,546.6112060546875,550.624102483808,541.4126811351451,549.037193256938,1865248,TCS.NS
2013-04-08,540.1906127929688,546.8119012011671,538.0929622621164,546.8119012011671,896416,TCS.NS
2013-04-09,546.2646484375,551.9556562110708,539.0414171460665,539.916967080228,1672354,TCS.NS
2013-04-10,558.3216552734375,561.4043166019883,547.5780530580151,550.8248605469033,2046284,TCS.NS
2013-04-11,560.6746826171875,565.49014121325,554.7647530322091,561.8055810491978,2244658,TCS.NS
2013-04-12,551.499755859375,556.1510685018139,539.3151318738928,540.6102210500131,5032060,TCS.NS
2013-04-15,537.1627197265625,552.3205437432797,528.3708362260178,552.1381393364953,5391496,TCS.NS
2013-04-16,541.0663452148438,544.8238502784545,531.8731339389424,536.2690991290922,3071582,TCS.NS
2013-04-17,531.3988037109375,546.8484491208616,522.0414480933642,545.3892137663029,5279004,TCS.NS
2013-04-18,529.9759521484375,545.3526510449597,520.7462722536948,542.8172033189024,8554458,TCS.NS
2013-04-22,519.9619750976562,532.547878083921,519.8525146500642,527.5134990764863,2962484,TCS.NS
2013-04-23,521.8773803710938,528.2432777492677,519.4878643059097,519.6520104950384,3384170,TCS.NS
2013-04-25,511.5714111328125,521.877259996313,510.23985007230226,521.877259996313,7929194,TCS.NS
2013-04-26,499.5508117675781,508.3426930120952,498.00037470775806,508.17854690104,4754076,TCS.NS
2013-04-29,500.0616455078125,505.15071028093774,497.9639949795105,497.9639949795105,3968916,TCS.NS
2013-04-30,502.8523864746094,504.16568905918274,497.9639403515083,499.05836659403906,4020570,TCS.NS
2013-05-02,523.0994873046875,524.8870598098375,501.065020977722,501.065020977722,5630326,TCS.NS
2013-05-03,517.4813842773438,527.9696393340753,513.6144191455023,520.2174508138824,3641790,TCS.NS
2013-05-06,535.2476806640625,537.1447139484086,518.0287158106186,518.0287158106186,3727118,TCS.NS
2013-05-07,536.8525390625,539.4974024579709,531.672272707746,535.210899713587,2260180,TCS.NS
2013-05-08,539.9534301757812,542.7624843128694,536.2688706512399,536.99848816233,1768130,TCS.NS
2013-05-09,546.6480102539062,548.4720551939004,541.0117292022633,541.0846731869241,1949700,TCS.NS
2013-05-10,545.717529296875,551.1896616625787,543.9664291269189,546.6477650796483,1139714,TCS.NS
2013-05-13,529.5565185546875,540.2819076673798,527.4041374299651,539.9170988168279,1862498,TCS.NS
2013-05-14,531.8727416992188,536.4693662134697,526.6924767966344,530.8330459761592,2250100,TCS.NS
2013-05-15,536.8344116210938,538.8955457312377,528.9727641071236,531.9277065036018,3565926,TCS.NS
2013-05-16,530.4501953125,535.904068461794,528.0424218705466,535.904068461794,2415652,TCS.NS
2013-05-17,537.6553344726562,539.3699183616504,530.468572960071,530.7969098520131,2900200,TCS.NS
2013-05-20,537.1444702148438,539.1873905282426,532.9856411108,536.7249312007286,1385504,TCS.NS
2013-05-21,544.6048583984375,547.9428681327424,534.4449412879278,534.4449412879278,1898432,TCS.NS
2013-05-22,546.6295166015625,550.5512112142976,544.404191820801,546.4835841746238,1846944,TCS.NS
2013-05-23,544.5501708984375,556.9719304716851,539.3151726313203,545.3892490945926,3063962,TCS.NS
2013-05-24,536.104736328125,548.289313405755,533.9340974654475,547.2131453661295,1586612,TCS.NS
2013-05-27,546.4834594726562,547.2130769085343,532.6207281909734,536.0864110113941,2023864,TCS.NS
2013-05-28,552.3569946289062,553.2325446545078,543.6745719168617,546.4835818611623,1400254,TCS.NS
2013-05-29,546.246337890625,557.2453299045327,541.7774309895902,553.0500295484593,1452038,TCS.NS
2013-05-30,546.9946899414062,551.5912749932122,542.4710488855202,547.21356646152,2408346,TCS.NS
2013-05-31,546.6480102539062,550.5879651372325,538.7316730272705,543.9302011062539,1929868,TCS.NS
2013-06-03,536.050048828125,549.7668505253451,531.5628828655861,548.6724241473916,3097612,TCS.NS
2013-06-04,534.5723876953125,537.6915197068544,529.0273135995816,532.6206701733992,1305320,TCS.NS
2013-06-05,535.4666137695312,537.2359283338278,529.9579628016852,533.0223669977272,1728676,TCS.NS
2013-06-06,541.3369140625,544.1894458211159,534.4540489525206,535.0613262214446,2540452,TCS.NS
2013-06-07,559.0779418945312,566.4577374072569,540.3248593332379,541.097794628248,3550844,TCS.NS
2013-06-10,561.3231811523438,568.5556950632166,559.1331454594426,561.3231811523438,3360430,TCS.NS
2013-06-11,552.673583984375,567.5619451839237,549.1585098666759,563.2187164769484,2205468,TCS.NS
2013-06-12,540.3616943359375,550.2995500608157,538.1349054742626,549.9314813302647,4805954,TCS.NS
2013-06-13,532.0986328125,538.8526858381467,528.215489269632,537.3804107402283,3151342,TCS.NS
2013-06-14,533.957275390625,536.3681434844137,526.7063395616374,532.9635078163877,3105996,TCS.NS
2013-06-17,534.6015014648438,539.2207827981244,525.6022374305268,534.8039572734982,2584162,TCS.NS
2013-06-18,531.4173583984375,537.3800505765746,530.0738992859481,535.5397079376138,2291528,TCS.NS
2013-06-19,525.4915161132812,535.5030088745559,523.964067385312,535.5030088745559,2139788,TCS.NS
2013-06-20,516.9521484375,527.497318728448,514.9645697814199,523.0252779848255,4172878,TCS.NS
2013-06-21,523.4855346679688,527.01898402807,518.2405574354017,518.5350302696794,2848224,TCS.NS
2013-06-24,519.2344970703125,527.8473136355755,515.3329778367223,520.817210452272,1889164,TCS.NS
2013-06-25,512.4620361328125,525.2707991136022,508.19240354229095,520.265074100526,1860548,TCS.NS
2013-06-26,529.1724853515625,532.8715946907182,508.32142418700545,514.1553055658951,2326488,TCS.NS
2013-06-27,549.121826171875,550.9989679785332,530.7551849198696,532.89000183271,3820678,TCS.NS
2013-06-28,558.7835083007812,561.0471398015953,536.717762682467,550.2627088729835,4817096,TCS.NS
2013-07-01,549.2872314453125,558.2496939334491,545.9930350562652,556.519789280143,1354652,TCS.NS
2013-07-02,552.3055419921875,555.2316703770574,547.1893777404794,549.5634030391274,1657242,TCS.NS
2013-07-03,548.3486328125,559.096218245783,539.2205133180198,551.2563388855096,1530906,TCS.NS
2013-07-04,566.2000732421875,567.1938407145545,548.422337874553,548.7351872691679,1917060,TCS.NS
2013-07-05,563.2186889648438,573.4510164735096,560.2005436923503,567.561917459661,1293012,TCS.NS
2013-07-08,554.550537109375,564.9852724052068,552.1028720572053,562.4087923356066,1658796,TCS.NS
2013-07-09,553.9065551757812,560.1085033319298,550.3731048998079,550.3731048998079,1097326,TCS.NS
2013-07-10,556.5012817382812,561.9671361954585,551.3667429254601,555.7835659662516,1322624,TCS.NS
2013-07-11,575.8618774414062,577.8678337968138,559.464399599463,559.464399599463,2335274,TCS.NS
2013-07-12,592.53515625,598.0378081236843,581.290688815525,587.069347176133,3251536,TCS.NS
2013-07-15,604.27685546875,606.3196549531766,588.6523553871647,589.3148521627304,2060570,TCS.NS
2013-07-16,607.0740356445312,613.3312028672068,595.3878556845343,598.1115727557502,2224986,TCS.NS
2013-07-17,617.80322265625,620.1772474521749,605.4913444127716,605.4913444127716,2999250,TCS.NS
2013-07-18,611.1410522460938,622.8824484159511,605.1047188144506,618.3551871096575,3445532,TCS.NS
2013-07-19,641.4701538085938,647.4328488273951,625.7167953419964,632.7101007017011,8550804,TCS.NS
2013-07-22,642.83203125,647.3592945609979,636.1331983954525,640.8076532529344,2974772,TCS.NS
2013-07-23,644.0465698242188,655.3278384944075,641.7645171365623,643.3840282532282,1646502,TCS.NS
2013-07-24,656.1930541992188,659.5792690817708,642.2800360199163,643.5682767798417,2181644,TCS.NS
2013-07-25,660.95947265625,666.2044524615412,650.2670572565141,655.1623897135598,4088808,TCS.NS
2013-07-26,653.1380615234375,662.1373253795891,644.1571741484444,660.6834716452918,2379064,TCS.NS
2013-07-29,656.3472900390625,662.0283627504505,648.2499477708925,648.5266229513326,1774262,TCS.NS
2013-07-30,661.179931640625,665.8464837463229,654.9639264445187,656.6424405834366,2617484,TCS.NS
2013-07-31,669.7384033203125,675.640807315424,660.128533803064,660.3314469531035,2826750,TCS.NS
2013-08-01,669.7013549804688,676.8580270428398,660.3312819729371,667.7277481440519,2141178,TCS.NS
2013-08-02,680.9342041015625,682.4282674392269,670.1807577562657,671.2874579969806,1846854,TCS.NS
2013-08-05,688.8104858398438,692.5732951742933,678.7764176781772,678.7764176781772,2355184,TCS.NS
2013-08-06,689.8802490234375,694.2517073491277,687.8697609635997,690.9500686005009,2305290,TCS.NS
2013-08-07,672.394287109375,697.553304422677,668.981960713161,691.3188828654049,2694980,TCS.NS
2013-08-08,680.7684936523438,684.734171126032,658.0073224354636,665.9017963661825,2158628,TCS.NS
2013-08-12,669.1849975585938,679.1453034759488,667.0269402828532,679.1453034759488,2077574,TCS.NS
2013-08-13,671.324462890625,680.5653839670736,667.6907606480295,671.4719869146514,2168296,TCS.NS
2013-08-14,676.3786010742188,685.4166571016626,664.758243324648,673.0584988600557,3302068,TCS.NS
2013-08-16,656.974365234375,675.0873557736433,647.6227543123875,672.9477166333498,2779930,TCS.NS
2013-08-19,655.7017211914062,666.6027414227309,647.6228418669824,663.2826392241673,2121352,TCS.NS
2013-08-20,640.5582275390625,660.2575044961433,638.1972575798147,660.2575044961433,2724844,TCS.NS
2013-08-21,633.697021484375,643.2515042562013,627.554821822644,641.9234720397734,3623994,TCS.NS
2013-08-22,656.2549438476562,662.9689540061247,625.3595544011821,628.9747941043389,4260988,TCS.NS
2013-08-23,674.88427734375,678.038391246088,658.2284736712395,661.8067866678357,4032884,TCS.NS
2013-08-26,679.5142822265625,693.0160228019089,669.1850748962999,672.5420582722812,2663238,TCS.NS
2013-08-27,678.3335571289062,693.1079798823171,675.0872180675742,678.4073191400377,1945284,TCS.NS
2013-08-28,703.8245849609375,717.9165522731818,674.3494548168059,674.3494548168059,4444684,TCS.NS
2013-08-29,718.2857666015625,726.7335924952994,692.9054529284059,701.279471742926,5905182,TCS.NS
2013-08-30,750.0479736328125,756.2455158731636,711.9774856757101,715.2975879405192,5282942,TCS.NS
2013-09-02,758.7723999023438,763.2545012331366,744.2561412459415,745.1783917307567,2154034,TCS.NS
2013-09-03,738.2063598632812,762.5168979329056,732.6913185513187,756.282519069565,2355064,TCS.NS
2013-09-04,763.29150390625,766.8698181338624,735.5685975114317,737.8004619214506,2626516,TCS.NS
2013-09-05,734.38818359375,763.2546285849397,730.8098691283167,763.2546285849397,3927492,TCS.NS
2013-09-06,733.6688842773438,747.0230562077061,728.5780424741826,741.1206518129785,2759596,TCS.NS
2013-09-10,733.3366088867188,743.9609060673505,730.7911888741928,732.6356896033049,4300972,TCS.NS
2013-09-11,735.5133666992188,744.44073510351,731.7136759553083,740.7517324518573,3008494,TCS.NS
2013-09-12,725.9588623046875,737.2656647729018,717.8061752096684,735.9560507801081,1905568,TCS.NS
2013-09-13,720.73876953125,734.1114018514075,718.0827060900205,724.888896803023,2096320,TCS.NS
2013-09-16,701.8511352539062,732.2669405396873,698.7154833674642,719.355432771985,2460506,TCS.NS
2013-09-17,718.4148559570312,720.2962834724736,699.8407352530589,700.9105551066818,3327816,TCS.NS
2013-09-18,721.0156860351562,724.8153773997027,714.8919496395248,716.4228949963772,2109818,TCS.NS
2013-09-19,725.3684692382812,734.1113858205244,710.686223509166,718.6175776775787,3907240,TCS.NS
2013-09-20,719.4660034179688,734.074440815785,716.0352139012565,719.3553153567492,3591858,TCS.NS
2013-09-23,721.2368774414062,729.3895640467834,715.6664926135004,719.3554951527452,2988758,TCS.NS
2013-09-24,715.48193359375,729.6477101948434,710.5017809237239,721.1998866593356,4940300,TCS.NS
2013-09-25,722.6940307617188,727.0839075775867,708.3622204603553,716.219813558718,4333858,TCS.NS
2013-09-26,716.7361450195312,728.2458122421004,713.8587056980095,721.1260660226696,4919704,TCS.NS
2013-09-27,718.6546020507812,723.7638617488783,714.725805195878,716.8101007134343,1784666,TCS.NS
2013-09-30,711.165771484375,723.7267953553029,708.2883321224239,720.8309380037584,1987350,TCS.NS
2013-10-01,719.0050048828125,721.1445991786738,707.0710465233149,712.715238004692,1591994,TCS.NS
2013-10-03,746.8753662109375,751.4128568677077,723.1919904229172,727.3974618798663,4672354,TCS.NS
2013-10-04,750.1954956054688,763.254572699577,747.7423000798057,749.6052642462738,1934032,TCS.NS
2013-10-07,770.9092407226562,773.8419794816907,747.1336393720055,750.7119535210458,1993878,TCS.NS
2013-10-08,760.4695434570312,773.9528681091072,758.6619679220456,768.4193633323499,1828106,TCS.NS
2013-10-09,771.3151245117188,773.8235741634053,754.4378930255183,758.2744646357211,1775858,TCS.NS
2013-10-10,767.3125,773.952704326923,762.6090219350962,770.263701923077,1164320,TCS.NS
2013-10-11,782.82470703125,788.7086473559285,768.1977596967524,775.7971400325152,2284448,TCS.NS
2013-10-14,816.2843017578125,820.8033313348245,783.9132939714616,784.8355449055457,4374460,TCS.NS
2013-10-15,817.26171875,833.2905094272721,811.9495902594124,824.4922009222112,4665092,TCS.NS
2013-10-17,777.8076171875,822.6474550008099,773.104139586038,822.6474550008099,6687214,TCS.NS
2013-10-18,782.308349609375,787.1594423719962,760.5063969085232,776.4613341582839,5346166,TCS.NS
2013-10-21,764.232177734375,785.0012801168731,756.2455232339297,783.9130423766345,3685372,TCS.NS
2013-10-22,770.761962890625,777.5127670747944,766.1507086317334,770.2639114052408,2044614,TCS.NS
2013-10-23,760.3587646484375,775.7972771594095,754.825305563523,770.4482231799461,2455496,TCS.NS
2013-10-24,741.0098266601562,768.1793809024624,738.4828692524057,753.2942215472611,3617758,TCS.NS
2013-10-25,764.3154296875,765.8863839015838,737.4243899052412,737.4243899052412,2527402,TCS.NS
2013-10-28,762.910888671875,772.4660239424695,758.6970705882994,764.407933863729,1803942,TCS.NS
2013-10-29,765.0733032226562,770.9874845748565,756.9782584725075,763.299030768347,1829076,TCS.NS
2013-10-30,773.2606201171875,776.2362103053382,765.239530659346,765.239530659346,2114874,TCS.NS
2013-10-31,780.6903076171875,786.9556243893016,768.6216291704926,772.1701734848526,3523076,TCS.NS
2013-11-01,775.34912109375,791.7424364746934,772.9464851991671,779.9325750107371,1346480,TCS.NS
2013-11-05,754.7972412109375,778.0843255382093,750.9899696929127,776.2361442423942,2261286,TCS.NS
2013-11-06,772.9467163085938,777.5486714647764,761.0998515760085,762.5598973152355,1667750,TCS.NS
2013-11-07,784.3495483398438,794.0339991238206,768.9542360829843,776.2360514695553,1956948,TCS.NS
2013-11-08,772.8540649414062,787.9721529466185,765.5906577731129,787.3252894459,1609346,TCS.NS
2013-11-11,774.2584838867188,791.0215228156369,757.7542625103064,772.5397115348977,1961138,TCS.NS
2013-11-12,771.4864501953125,784.2574037787389,768.4739501244946,775.0719948844785,1000682,TCS.NS
2013-11-13,757.384521484375,778.5276926152877,755.4069769752933,775.8478303503967,1208338,TCS.NS
2013-11-14,748.9571533203125,765.886516176335,747.3492442242865,765.886516176335,2129704,TCS.NS
2013-11-18,755.5365600585938,761.4137408423826,751.1933337471023,756.2758326222519,2831602,TCS.NS
2013-11-19,750.3246459960938,759.6025070087145,747.108783491994,757.735825864987,2077864,TCS.NS
2013-11-20,747.99609375,757.7175024859625,745.5565029135269,756.5901387141743,1658696,TCS.NS
2013-11-21,734.319580078125,752.099079880855,731.8799891386547,747.8482617621204,2302882,TCS.NS
2013-11-22,739.5869750976562,743.3387935473957,733.7652018513254,735.9460656155469,1494494,TCS.NS
2013-11-25,744.1702270507812,749.1972713421867,736.722047121169,742.2296366164006,1950998,TCS.NS
2013-11-26,736.9437866210938,745.3530114574465,734.4672417509012,740.4183764569204,2047412,TCS.NS
2013-11-27,734.2640380859375,744.3366276450341,730.0317203381946,742.5993550174344,2120978,TCS.NS
2013-11-28,733.580078125,737.997258297551,728.1833980067344,736.7219861874656,2805722,TCS.NS
2013-11-29,740.8804931640625,744.706219763582,732.5452218488534,736.3154939802256,1924812,TCS.NS
2013-12-02,744.4105224609375,747.0349310568535,737.424387658794,737.424387658794,1253260,TCS.NS
2013-12-03,746.9610595703125,754.7973311496634,744.8356508268695,745.205287130077,1449184,TCS.NS
2013-12-04,739.291259765625,750.9532604800385,736.9255779096258,746.6285328832867,1519036,TCS.NS
2013-12-05,734.5228271484375,751.6739615336852,733.0073272507836,745.1868260263253,1397190,TCS.NS
2013-12-06,739.3834228515625,742.9688764954574,735.945787613162,735.945787613162,1446962,TCS.NS
2013-12-09,741.065185546875,750.3430458812268,739.2724588584653,749.991909511913,1826340,TCS.NS
2013-12-10,769.8600463867188,772.1702733894397,739.2726408706937,739.2726408706937,3653334,TCS.NS
2013-12-11,760.72998046875,771.3755236104213,755.1669362864219,768.4738426527025,1556062,TCS.NS
2013-12-12,749.9550170898438,762.9292407941423,748.5503812529145,755.9061518527234,1655964,TCS.NS
2013-12-13,739.9379272460938,755.90619657747,737.4243824802213,753.3002427411113,3463350,TCS.NS
2013-12-16,746.3512573242188,753.9842571007875,741.1763483396468,744.3367121108208,2858500,TCS.NS
2013-12-17,756.0355224609375,763.6131109836556,750.3616148410191,750.9530238382458,2995474,TCS.NS
2013-12-18,759.898193359375,765.5166461078525,753.3186502983116,754.0579227716171,1587990,TCS.NS
2013-12-19,769.39794921875,779.9325836423553,762.4302689500535,767.3464497297165,2161986,TCS.NS
2013-12-20,783.832275390625,787.3253203831139,771.0059138067401,771.8375954832011,1965812,TCS.NS
2013-12-23,779.5814819335938,792.2969349700982,775.4784827727748,787.3068447577056,1321224,TCS.NS
2013-12-24,780.1911010742188,786.9554615116177,777.8069656579715,783.5548265560765,870156,TCS.NS
2013-12-26,776.3472900390625,782.5201994018479,773.0759720500712,781.7809266579633,2297194,TCS.NS
2013-12-27,798.6544799804688,802.073615089681,778.0842599882802,778.8235324443261,2479946,TCS.NS
2013-12-30,796.9542846679688,804.051282884758,793.4981495039161,802.1106924996782,1668776,TCS.NS
2013-12-31,802.868408203125,807.6366795725118,795.0505476292701,798.4512732109342,1245776,TCS.NS
2014-01-01,795.9376220703125,807.4702530930847,795.1244405049446,805.8438899623487,529952,TCS.NS
2014-01-02,801.0018310546875,809.1338293395066,796.9912412578354,800.632194769014,1726948,TCS.NS
2014-01-03,821.4055786132812,823.9561226417452,793.7013623581664,800.1514962588303,2618174,TCS.NS
2014-01-06,827.8372192382812,829.4635823220218,812.09068197927,823.9190396594415,2311810,TCS.NS
2014-01-07,815.4730834960938,834.0658073514848,812.8302200602232,827.9853082923601,2897486,TCS.NS
2014-01-08,825.2683715820312,829.4637792902606,816.8961462707111,817.635418801273,2550020,TCS.NS
2014-01-09,828.7061767578125,833.7147672276255,821.3689495340121,823.8269951046643,2582206,TCS.NS
2014-01-10,843.103271484375,853.7858130647035,826.137004009391,835.3779100945072,3369334,TCS.NS
2014-01-13,875.5762329101562,881.2131880771767,844.6191840420927,844.6191840420927,3814316,TCS.NS
2014-01-14,860.0514526367188,881.5088626808839,857.556407055845,876.7774989381312,2974964,TCS.NS
2014-01-15,869.976318359375,879.0693201887916,860.1439534431648,865.8548181107542,3048854,TCS.NS
2014-01-16,868.75634765625,879.7715291403367,859.4045297781855,879.7345294073468,2997962,TCS.NS
2014-01-17,818.0234985351562,849.4240790574113,815.4360448565653,849.4240790574113,7564756,TCS.NS
2014-01-20,864.2836303710938,868.6453570209538,818.9292716935844,820.204498956307,6010558,TCS.NS
2014-01-21,842.8817138671875,864.6717567616181,840.9596230625024,862.7311660923872,3132282,TCS.NS
2014-01-22,840.5715942382812,848.9993214125551,836.8937304536006,845.3953668522557,2384030,TCS.NS
2014-01-23,832.58740234375,841.5510840878578,826.987447578237,838.3722655328058,2290762,TCS.NS
2014-01-24,831.2011108398438,843.9720627627726,826.1371116937684,829.4638383180386,1850266,TCS.NS
2014-01-27,825.6094970703125,836.6812777732396,822.0916957253929,824.276399346418,2532948,TCS.NS
2014-01-28,819.221923828125,832.3673922269594,813.2046319554191,826.4981821464334,2852166,TCS.NS
2014-01-29,818.2777709960938,829.460660028166,816.5003372152258,829.460660028166,1698076,TCS.NS
2014-01-30,821.1663208007812,824.6470580318365,810.9461414861796,813.927034653277,2225250,TCS.NS
2014-01-31,829.8494262695312,840.4954049337405,822.4249952420332,823.9432405348892,2174246,TCS.NS
2014-02-03,812.5936279296875,831.0343320918907,811.2420877017989,822.7952705394591,1362480,TCS.NS
2014-02-04,796.6340942382812,805.39153383538,782.0814843047231,805.0212388772948,2694166,TCS.NS
2014-02-05,812.5753173828125,814.649005558583,792.4313054069852,801.2443445479297,1853650,TCS.NS
2014-02-06,805.4839477539062,810.9087316518733,794.2825274943702,807.2428484558168,1922652,TCS.NS
2014-02-07,794.0603637695312,812.7973222574424,789.0984481688428,810.9458477192705,1990912,TCS.NS
2014-02-10,775.2310180664062,793.9123803917375,772.1020437897937,793.9123803917375,4019270,TCS.NS
2014-02-11,778.2488403320312,787.432172724414,776.1381773009037,777.6193570285772,3568786,TCS.NS
2014-02-12,779.6375732421875,786.3584815930093,775.7680086545299,784.2847934750808,3074348,TCS.NS
2014-02-13,790.1168212890625,791.8386565833323,776.3233348951468,780.2114317310156,2094350,TCS.NS
2014-02-14,802.7625732421875,809.0020807670919,788.024903116859,791.6537221502947,1910062,TCS.NS
2014-02-17,801.83642578125,809.4645357934255,795.0970776445598,799.8368697684351,1670394,TCS.NS
2014-02-18,802.0590209960938,811.3163965846913,798.3005626687465,801.6887259725498,1526916,TCS.NS
2014-02-19,813.8898315429688,820.2033790198453,800.670318864858,803.5401049539794,1072918,TCS.NS
2014-02-20,810.704833984375,822.7949212150706,808.2793853302383,816.8702053107316,1587924,TCS.NS
2014-02-21,816.759521484375,819.462692595434,811.2236302772016,813.9082685606705,1717860,TCS.NS
2014-02-24,806.465576171875,816.593182239063,803.5773470229764,816.1303134133975,2450424,TCS.NS
2014-02-25,810.5386352539062,814.4637981536146,807.2430461354307,810.575700913054,3305374,TCS.NS
2014-02-26,808.0391235351562,812.7974500077534,806.1876487059814,812.4271550419184,3859712,TCS.NS
2014-02-28,842.6985473632812,844.2723005551054,799.8924243840545,800.2072111840276,3988192,TCS.NS
2014-03-03,829.4793090820312,851.3081806262395,825.0172363789742,841.236174995421,1606078,TCS.NS
2014-03-04,829.701171875,834.6446445962181,823.5357983948487,826.942493149131,2030332,TCS.NS
2014-03-05,833.8671875,846.5868555870032,830.4049838529833,834.9596299594759,2302006,TCS.NS
2014-03-06,829.7381591796875,836.8663348191872,826.5535874077083,834.2187628861211,1314562,TCS.NS
2014-03-07,825.2022094726562,833.1820828885021,797.1709027802608,831.4972229620147,4698472,TCS.NS
2014-03-10,793.412353515625,825.2022077314183,790.5796336130035,825.0541259288877,3829768,TCS.NS
2014-03-11,796.7451171875,806.3727861797046,785.7659077483917,797.9856414692667,2550254,TCS.NS
2014-03-12,807.0392456054688,810.8533013636568,797.2449630487283,797.2449630487283,1669788,TCS.NS
2014-03-13,795.9677124023438,815.389668952112,791.264983527801,795.4122698485617,2019884,TCS.NS
2014-03-14,792.2645263671875,800.0221869798439,786.6175287502272,792.8014359286489,2161246,TCS.NS
2014-03-18,785.7658081054688,796.8006146318655,779.193073376971,790.7647894482698,2565842,TCS.NS
2014-03-19,755.1796264648438,768.3621193271109,745.4223623272878,768.3621193271109,8652662,TCS.NS
2014-03-20,780.6558227539062,786.0991406280688,744.8112974641524,754.6611344375056,5728956,TCS.NS
2014-03-21,787.6175537109375,794.2828644616648,772.0651619592406,786.8769636275234,4680776,TCS.NS
2014-03-24,797.0969848632812,799.0780087011078,787.3026106292588,791.3018143674021,2183014,TCS.NS
2014-03-25,794.8936157226562,804.2806288368573,788.7282409864208,793.9123702698996,2249968,TCS.NS
2014-03-26,775.2124633789062,799.2816346803769,773.0092265482717,795.4120706057944,3192350,TCS.NS
2014-03-27,775.4902954101562,783.1739165775243,764.6776996072485,777.9712538026647,5012476,TCS.NS
2014-03-28,778.39697265625,786.0805920997891,770.2319517450803,776.5084324386349,2971162,TCS.NS
2014-03-31,789.89453125,794.2640291589739,770.9539832412044,779.1004710564332,2683268,TCS.NS
2014-04-01,806.0209350585938,809.0944009783572,794.2455385104591,794.2826041641081,2755932,TCS.NS
2014-04-02,804.373291015625,815.3895669542669,800.2260052136522,810.9460270798568,3763016,TCS.NS
2014-04-03,802.2442016601562,807.9837747622713,795.2456615875891,804.5956113184541,1581194,TCS.NS
2014-04-04,792.0054931640625,809.8351611680761,788.7283462679479,804.2807361943582,1694656,TCS.NS
2014-04-07,797.5414428710938,802.0404912629115,785.2846413828112,788.7654688600076,2594986,TCS.NS
2014-04-09,792.579345703125,800.577753500083,779.4709394623842,796.8748036689077,3350500,TCS.NS
2014-04-10,787.3026123046875,795.634249108531,783.2479004742927,792.5793156137884,2152886,TCS.NS
2014-04-11,801.35546875,805.3545825419789,777.6195224045069,784.2848325965456,2340742,TCS.NS
2014-04-15,834.1817016601562,836.1257495721375,805.0395158032587,807.6130468630788,3597244,TCS.NS
2014-04-16,813.2789916992188,838.3479471256535,808.7983856788401,838.3479471256535,3475910,TCS.NS
2014-04-17,823.1287841796875,824.6470299609072,793.43114092109,822.0549647567193,7681438,TCS.NS
2014-04-21,822.7026977539062,830.5343987623163,818.8331341124083,822.0546816760085,1842594,TCS.NS
2014-04-22,822.4434814453125,833.1264347525092,822.0175880804688,827.2202493526795,1486274,TCS.NS
2014-04-23,819.7401733398438,830.9045262132238,815.055979939506,826.2758408753365,1938992,TCS.NS
2014-04-24,819.7401733398438,819.7401733398438,819.7401733398438,819.7401733398438,0,TCS.NS
2014-04-25,816.5928955078125,827.6091696904936,812.1308235143564,824.6468102464113,3160448,TCS.NS
2014-04-28,811.446044921875,823.0547397951141,807.2802258612262,816.5931096440752,2550766,TCS.NS
2014-04-29,812.519775390625,817.0003808958596,806.0951212032436,809.4648417472514,1846180,TCS.NS
2014-04-30,810.64990234375,816.7227953834494,807.6135010259327,809.1317468868737,2397378,TCS.NS
2014-05-02,817.7777709960938,822.0176296093177,807.705767585405,807.705767585405,1917778,TCS.NS
2014-05-05,819.7221069335938,825.3876390916165,816.1857712424966,818.6482874858127,1314478,TCS.NS
2014-05-06,814.2415771484375,822.647345329666,810.9459880617683,819.7219608106687,961232,TCS.NS
2014-05-07,801.89208984375,815.7596149217376,792.4681032946144,811.3346092175605,4716182,TCS.NS
2014-05-08,800.5963134765625,807.9096396411129,795.264011296434,801.7257312941769,2606900,TCS.NS
2014-05-09,799.80029296875,808.9836288709602,796.8749980501755,796.8749980501755,1799440,TCS.NS
2014-05-12,799.596435546875,802.3180491838967,786.1916860486843,797.2450264553974,2886064,TCS.NS
2014-05-13,818.7035522460938,829.0903430479797,801.9847724235111,801.9847724235111,2547484,TCS.NS
2014-05-14,820.6105346679688,828.6088499791557,815.0561113668563,819.9809610372894,1389228,TCS.NS
2014-05-15,812.1123657226562,823.9062965107308,803.9658764987299,820.6107074863056,2520196,TCS.NS
2014-05-16,800.1146850585938,834.4224705194194,777.7118441718438,814.6672923435192,5241798,TCS.NS
2014-05-19,754.1796875,799.8370717604677,740.4047337893774,796.1341223541692,6516606,TCS.NS
2014-05-20,765.84423828125,799.8373434590744,750.958394692131,750.958394692131,4702114,TCS.NS
2014-05-21,771.2688598632812,773.5461376060588,761.2523635525818,763.2519200875064,4116946,TCS.NS
2014-05-22,782.0445556640625,786.5066287715678,768.3992383103429,776.4160893958497,4216842,TCS.NS
2014-05-23,787.950439453125,795.7636975873228,776.1380689357974,784.654851180799,3094780,TCS.NS
2014-05-26,797.615478515625,803.3921170286148,790.0614962177688,795.7640034030075,2650850,TCS.NS
2014-05-27,789.2650756835938,808.9463045881337,784.2846271753967,799.892521625419,1795094,TCS.NS
2014-05-28,796.3379516601562,799.3743526606736,785.9326257198359,792.4313212247094,1887488,TCS.NS
2014-05-29,799.8184814453125,807.2429125521143,790.6536823234479,794.2825905615987,2820710,TCS.NS
2014-05-30,792.9313354492188,802.4293672478642,788.7839585975058,799.3929659417678,2585648,TCS.NS
2014-06-02,788.6729736328125,799.0041696966688,783.5628836985339,793.9126125962962,1095158,TCS.NS
2014-06-03,788.2100219726562,791.6907590265847,779.5450641936346,788.67289075132,2484628,TCS.NS
2014-06-04,773.6387329101562,790.5426614044443,769.1026197220987,788.7282522908379,2141062,TCS.NS
2014-06-05,779.156005859375,783.692118548469,765.769880901743,771.3613702556265,4348470,TCS.NS
2014-06-06,779.193359375,787.9975055474035,768.6321443564831,785.1375111422836,3361586,TCS.NS
2014-06-09,790.2406005859375,791.8107452826102,777.6045090594096,780.2214473110517,2666196,TCS.NS
2014-06-10,806.8212280273438,807.868022242885,790.6896992765206,790.6896992765206,2628068,TCS.NS
2014-06-11,825.064697265625,827.7003467052492,799.3626201039331,809.3817753463707,3544562,TCS.NS
2014-06-12,836.4297485351562,842.6542878440049,816.4101485975895,840.7850458567733,2734338,TCS.NS
2014-06-13,827.531982421875,837.0464040889846,816.8773051031899,836.6725557620131,1904022,TCS.NS
2014-06-16,848.5422973632812,851.2339872446718,826.2048583204545,826.2048583204545,2439906,TCS.NS
2014-06-17,852.3182983398438,858.7297617941061,849.0097035413213,854.2061597139855,1918144,TCS.NS
2014-06-18,832.5791625976562,857.2344482518466,830.4295341295149,857.2344482518466,1948824,TCS.NS
2014-06-19,850.8975830078125,855.7389010438069,826.2423017759588,833.6818476748316,1896354,TCS.NS
2014-06-20,857.0101928710938,859.4776292723813,845.6452359348092,854.2063293567211,1155674,TCS.NS
2014-06-23,848.2061767578125,859.8140992689855,842.6732008925048,857.2345812157479,1262734,TCS.NS
2014-06-24,863.2344970703125,867.1411938302381,843.0279767567092,848.2618533308085,1479100,TCS.NS
2014-06-25,863.7952270507812,867.3280753101249,857.2341709853949,863.5895922268916,1028422,TCS.NS
2014-06-26,862.711181640625,876.3566475745612,856.5426833417223,858.355884501849,2036182,TCS.NS
2014-06-27,897.06787109375,899.8156018399092,865.4589732755277,866.2066700126987,3058836,TCS.NS
2014-06-30,906.7320556640625,910.3210375362954,888.4883230830795,897.4419758139727,2146470,TCS.NS
2014-07-01,893.7780151367188,904.3392318794198,890.6190145777308,904.3018105327616,1092790,TCS.NS
2014-07-02,897.8343505859375,901.6288753230929,891.0676580626482,897.2361566395451,907740,TCS.NS
2014-07-03,903.9280395507812,914.0593680322885,894.2454021812819,896.8623410672639,1526762,TCS.NS
2014-07-04,901.1614379882812,906.7691631780029,897.6098787014574,901.8717133370184,536136,TCS.NS
2014-07-07,930.340087890625,933.8729356257727,901.1237921672673,904.7314825702224,2204902,TCS.NS
2014-07-08,915.7232055664062,929.4434274942564,909.6668780182432,928.9948275409865,2500588,TCS.NS
2014-07-09,896.544677734375,924.396388933051,890.3575585323516,923.4057269896574,1554242,TCS.NS
2014-07-10,879.216552734375,904.5634886848142,872.93588230757,897.0678111413071,1990562,TCS.NS
2014-07-11,895.1612548828125,900.9746155737139,882.6934658991279,886.3945284337244,1329446,TCS.NS
2014-07-14,907.0498046875,911.8163724401081,891.7220181889168,904.264651980491,1587924,TCS.NS
2014-07-15,896.974853515625,908.4519858646113,894.8999757874128,907.0313431056431,1389656,TCS.NS
2014-07-16,897.9276733398438,906.208377575148,892.3199482310866,900.8436173791434,1407240,TCS.NS
2014-07-17,890.4880981445312,908.3767789864527,887.8898702522132,900.9745630769826,1790220,TCS.NS
2014-07-18,912.6387939453125,929.0133738800929,910.3209518704331,916.6763753537175,3507488,TCS.NS
2014-07-21,921.069091796875,923.349603783933,913.3304473621237,922.6579476629884,981072,TCS.NS
2014-07-22,946.7337036132812,949.5749881178592,920.3773899667028,921.5363565789461,2399016,TCS.NS
2014-07-23,966.8277587890625,970.6223738529362,946.696082300222,949.5746959983461,2065858,TCS.NS
2014-07-24,970.2111206054688,972.7533073802211,959.6686164661904,970.0989478576079,1481418,TCS.NS
2014-07-25,974.1552734375,977.3704055430026,959.668650835292,969.7625556161853,1806914,TCS.NS
2014-07-28,985.0160522460938,988.9533216467182,971.9677001619779,980.3939191991078,1314922,TCS.NS
2014-07-30,987.203857421875,992.8910885686531,978.6634909631179,983.3045724955037,1899252,TCS.NS
2014-07-31,981.4978637695312,988.3263509680509,977.3893291857831,979.6148125073414,2407210,TCS.NS
2014-08-01,957.2840576171875,984.5029909040236,954.8494189580966,979.5765951462545,2381882,TCS.NS
2014-08-04,960.9551391601562,966.9847101885853,946.4802121951723,963.2186082307782,1828636,TCS.NS
2014-08-05,960.0608520507812,968.163773722257,947.2788634550238,968.1256947734885,1404656,TCS.NS
2014-08-06,953.5748901367188,964.3027536974848,947.3360711213181,957.1888616960613,1837562,TCS.NS
2014-08-07,939.5565795898438,949.1430964984138,935.4670852862935,947.2410061246695,1672656,TCS.NS
2014-08-08,942.9420776367188,953.9741996321771,937.7303696139619,937.7303696139619,1464790,TCS.NS
2014-08-11,939.0235595703125,949.3519618565085,933.925996576255,947.5829627975897,1290896,TCS.NS
2014-08-12,940.2987670898438,947.2033208661679,928.2965532677703,947.2033208661679,984552,TCS.NS
2014-08-13,951.0640869140625,962.4575880072713,939.6325068687589,939.6325068687589,2768378,TCS.NS
2014-08-14,950.9500732421875,963.218556035291,947.2600365275799,956.3710307554193,1578056,TCS.NS
2014-08-18,946.3280639648438,952.9473014836283,939.6326685287672,947.6404877810069,1373260,TCS.NS
2014-08-19,927.6493530273438,952.9090727116818,926.317889941186,951.0450615412587,3234156,TCS.NS
2014-08-20,926.7742309570312,933.9451467722264,924.4346976143974,929.9317186525266,2056758,TCS.NS
2014-08-21,925.34814453125,935.8286835255134,924.4161386044705,930.8832473930614,2265450,TCS.NS
2014-08-22,937.426025390625,938.9476974042046,926.6221912444054,929.7416002971457,3096238,TCS.NS
2014-08-25,959.4332885742188,961.8869662349181,938.4531789877973,939.6325120032618,3143512,TCS.NS
2014-08-26,963.9032592773438,970.0660130202549,951.0451108041715,962.0772340894998,1815490,TCS.NS
2014-08-27,970.0469970703125,976.6852735296296,956.3900260981302,963.9793476913179,1435460,TCS.NS
2014-08-28,959.54736328125,969.7996096333959,955.9904178909914,968.9246296730422,1766288,TCS.NS
2014-09-01,965.1775512695312,973.8701402575748,959.8137128629403,960.7076394929584,810148,TCS.NS
2014-09-02,965.4627685546875,971.8918882369555,956.4088947973204,968.4681263663759,1407940,TCS.NS
2014-09-03,991.5215454101562,995.1735957557897,965.8814065840787,965.8814065840787,3061690,TCS.NS
2014-09-04,983.2855834960938,999.5294161310843,980.5085130747714,997.4561562730469,1701598,TCS.NS
2014-09-05,988.5543212890625,997.380000933013,982.6388023990404,989.0487904233548,1467060,TCS.NS
2014-09-08,1005.3307495117188,1008.1078198168801,988.725538988331,993.6519340987513,1697342,TCS.NS
2014-09-09,1000.9745483398438,1014.5744875714445,998.6350155243115,1008.8682193623813,1418098,TCS.NS
2014-09-10,989.1439819335938,1005.3498284459355,985.7392588704042,1003.5428426602508,1258768,TCS.NS
2014-09-11,988.45947265625,998.3692905162185,985.8535713487056,992.8913066641411,1075622,TCS.NS
2014-09-12,991.977783203125,998.3497832209141,986.499709552104,992.8907490405619,1196210,TCS.NS
2014-09-15,973.2233276367188,996.1625501896193,971.5875117630393,994.4125903479188,1151544,TCS.NS
2014-09-16,970.38916015625,979.5762164535759,967.7832600613192,976.15245492034,1535608,TCS.NS
2014-09-17,985.7391967773438,990.8938797426969,974.2505906597742,974.2505906597742,1657700,TCS.NS
2014-09-18,1005.1784057617188,1008.7923764229885,981.8587659723247,985.9292196157115,1483078,TCS.NS
2014-09-19,1032.5306396484375,1042.3454437891432,1005.0644753616483,1005.4448934068267,3587864,TCS.NS
2014-09-22,1035.421875,1040.0629566704667,1018.0938141146073,1032.4545956121603,999584,TCS.NS
2014-09-23,1022.6398315429688,1058.4942344421684,1020.7758201604803,1036.2588169487472,2055990,TCS.NS
2014-09-24,1005.4448852539062,1029.772600470705,1001.5456003224449,1024.4657873585961,2442132,TCS.NS
2014-09-25,1030.400390625,1036.6392096355412,1011.9120358277211,1012.2734144082733,2473158,TCS.NS
2014-09-26,1021.0422973632812,1036.6013622854111,1015.7545223177568,1030.9331690963086,1612712,TCS.NS
2014-09-29,1052.978271484375,1055.8314072619166,1017.7325713293508,1025.3789194878539,2089534,TCS.NS
2014-09-30,1041.052001953125,1056.287669518679,1030.2290348665558,1054.880141404539,2788954,TCS.NS
2014-10-01,1055.888916015625,1065.9319205147958,1041.204734635616,1046.911008300042,2142022,TCS.NS
2014-10-07,1039.0548095703125,1080.2730468472746,1036.867405926907,1042.1932582760683,3457674,TCS.NS
2014-10-08,1020.7373657226562,1042.3260831342907,1007.8221956435657,1041.5842867498661,1962442,TCS.NS
2014-10-09,1029.430419921875,1035.9926321586156,1021.9932274784665,1030.1722166430998,1685176,TCS.NS
2014-10-10,1018.949951171875,1037.5713998769143,1015.145769909333,1029.4114496438656,2344362,TCS.NS
2014-10-13,1033.42431640625,1036.562764237914,1015.7158437021911,1019.520022892087,2209532,TCS.NS
2014-10-14,1026.824462890625,1040.7097228096748,1019.0639712093592,1038.5413583289246,2369406,TCS.NS
2014-10-15,1026.824462890625,1026.824462890625,1026.824462890625,1026.824462890625,0,TCS.NS
2014-10-16,1018.797607421875,1049.4212601633224,1013.5287803279604,1038.5412668838628,3848014,TCS.NS
2014-10-17,928.6574096679688,955.3628288945804,924.4157859075203,941.5345967576596,9892812,TCS.NS
2014-10-20,921.8671264648438,948.6105353278368,919.8318526426613,947.2409931273302,3399242,TCS.NS
2014-10-21,925.709228515625,929.6465924101499,918.7095736759128,922.8371465919026,1950732,TCS.NS
2014-10-22,932.7279663085938,946.8604587047528,930.1601446548143,945.3387866136242,2067664,TCS.NS
2014-10-27,934.7439575195312,958.5391196009621,930.1028769614969,958.2728456028455,2797208,TCS.NS
2014-10-28,942.9042358398438,945.3007953051743,933.3366659545147,945.3007953051743,2289958,TCS.NS
2014-10-29,955.2735595703125,958.3039771622989,942.6753124591746,943.437686347132,2425016,TCS.NS
2014-10-30,975.1524658203125,981.5182694616084,956.3980859363182,961.2772976537794,4111292,TCS.NS
2014-10-31,994.0784301757812,998.709814418119,976.2197842461079,976.2197842461079,3170070,TCS.NS
2014-11-03,987.4078979492188,1009.7644808839221,983.6531683355837,1009.7644808839221,2541632,TCS.NS
2014-11-05,990.8958740234375,1005.5715774856042,987.27459654576,1005.5715774856042,2310642,TCS.NS
2014-11-07,980.7372436523438,997.071054652877,974.6953910387105,992.9161525890424,2126740,TCS.NS
2014-11-10,979.517333984375,984.2250316048419,972.4082322323593,981.5948780020736,1541964,TCS.NS
2014-11-11,983.7290649414062,988.7988695854623,974.0850172614884,982.6998788709799,1249940,TCS.NS
2014-11-12,987.941650390625,995.2795019465311,981.5567665692522,983.4627020383188,1320582,TCS.NS
2014-11-13,986.6832275390625,992.9537335257737,977.8015540227776,989.1800203842735,1645540,TCS.NS
2014-11-14,993.5447998046875,995.3363600240015,981.556487722624,985.4445763623164,1457174,TCS.NS
2014-11-17,998.06201171875,1000.6159461878007,988.1320710496481,989.2184913022332,1570552,TCS.NS
2014-11-18,985.6926879882812,1001.2450470319355,983.3674094807491,998.7101900725119,1467026,TCS.NS
2014-11-19,981.0802612304688,990.3240480531356,974.8668931246441,990.3240480531356,1865746,TCS.NS
2014-11-20,993.1636352539062,994.9933514383958,976.04837644258,986.5119408189133,1795386,TCS.NS
2014-11-21,999.5291137695312,1006.3333366231155,985.9969798869099,994.1353567852597,2001594,TCS.NS
2014-11-24,1013.0806274414062,1015.8633110336187,999.47227074302,999.47227074302,1942766,TCS.NS
2014-11-25,1004.80908203125,1021.352563076117,997.185340892925,1013.9575713972401,2371684,TCS.NS
2014-11-26,1001.49267578125,1012.5661773196189,996.8040568248375,1002.5409400857503,1584800,TCS.NS
2014-11-27,1011.4035034179688,1017.0069338034142,1000.7302672311263,1001.4926412444722,1732418,TCS.NS
2014-11-28,1007.47705078125,1026.1170543365934,1004.5610080071124,1013.3283073517846,1989768,TCS.NS
2014-12-01,1026.5174560546875,1029.2048428681553,1008.3348557766622,1010.3360874155725,1896354,TCS.NS
2014-12-02,1012.9282836914062,1033.378930025166,1009.8978655045292,1026.536641650208,1436572,TCS.NS
2014-12-03,1004.560791015625,1019.0648760435911,998.1377554404629,1018.4930957750554,3094670,TCS.NS
2014-12-04,1005.5523071289062,1016.6258089625371,1002.4837329249015,1015.4822478725905,1285308,TCS.NS
2014-12-05,983.0623168945312,1010.0694564175406,980.4702263605777,1006.6768358590631,2359676,TCS.NS
2014-12-08,957.8463134765625,989.179853220265,953.5960243579503,989.179853220265,3232574,TCS.NS
2014-12-09,958.628173828125,975.4575428222942,956.4363485560547,959.0665016572458,2487940,TCS.NS
2014-12-10,955.9783935546875,965.1268772815981,951.5185263504563,958.6848572158408,2087970,TCS.NS
2014-12-11,949.9750366210938,961.6965355359971,948.011961019984,953.196140854791,1938822,TCS.NS
2014-12-12,934.1747436523438,960.5910151825047,923.4824321921345,952.9672769667706,2380786,TCS.NS
2014-12-15,899.0865478515625,909.1308610469071,896.6469886363049,909.0927051272361,3487788,TCS.NS
2014-12-16,931.2592163085938,937.4344290676588,893.8838004121825,895.7897360207373,3339140,TCS.NS
2014-12-17,931.6593017578125,941.5320090811798,916.8501477095173,935.2042668555795,2287076,TCS.NS
2014-12-18,937.9867553710938,940.9600323399274,928.1140501059627,935.8521641840728,1481444,TCS.NS
2014-12-19,956.9888305664062,962.020479244911,940.7693086781339,942.0272441135631,1903130,TCS.NS
2014-12-22,958.07568359375,964.0222399742939,943.2093857056528,962.8786785982865,1643954,TCS.NS
2014-12-23,959.3333740234375,966.938036613591,950.9091965490047,952.9675692733394,1266476,TCS.NS
2014-12-24,945.3056640625,960.9153471536549,939.8737489677982,958.6853658368503,3288972,TCS.NS
2014-12-26,954.8732299804688,956.7791645712481,939.6257532542337,947.6306785355071,626206,TCS.NS
2014-12-29,961.6964721679688,967.0521671676963,955.6356371829603,956.0168241144253,778920,TCS.NS
2014-12-30,964.422119140625,969.1488003780318,959.0664235601656,962.4971063153491,701342,TCS.NS
2014-12-31,975.1716918945312,978.2783288757997,962.4972235057917,965.4323449410629,1573792,TCS.NS
2015-01-01,970.3309326171875,978.5073780713951,968.5965125358064,978.5073780713951,366830,TCS.NS
2015-01-02,983.252685546875,987.636335587711,972.2554975867113,972.4079351454512,925740,TCS.NS
2015-01-05,968.3104858398438,991.048258074378,962.3639301304953,983.8438594440062,1754242,TCS.NS
2015-01-06,932.6121215820312,964.0600480757087,930.0962502372453,964.0600480757087,2423784,TCS.NS
2015-01-07,921.5955200195312,945.0194356621523,917.6883544195894,941.5316128640715,2636332,TCS.NS
2015-01-08,931.545166015625,933.5273205621888,922.6825648710474,931.0114481732595,1565408,TCS.NS
2015-01-09,957.65625,960.5532157592123,933.908278031688,935.8142132929771,3197642,TCS.NS
2015-01-12,956.6649169921875,963.6406571339269,945.4389793735847,959.4476004770942,1596006,TCS.NS
2015-01-13,952.1671142578125,964.5556936337687,945.3820590809628,960.5913854587612,1468432,TCS.NS
2015-01-14,961.3345336914062,965.0892628575365,953.1580911740057,959.0664896595874,1787096,TCS.NS
2015-01-15,967.8720703125,984.1296606761784,961.8302183794586,965.5467920955787,5009920,TCS.NS
2015-01-16,965.22216796875,970.1204558256005,946.9824344898634,969.6248943475117,5293830,TCS.NS
2015-01-19,957.1605834960938,972.4080639181741,954.1110874116777,966.6902587598939,1135074,TCS.NS
2015-01-20,953.138916015625,964.4030093021344,946.5825189128558,960.5911397001497,2058566,TCS.NS
2015-01-21,958.2281494140625,961.3538650175666,948.4888004083901,961.3538650175666,2310480,TCS.NS
2015-01-22,958.1324462890625,961.0675670979974,951.2520034479138,959.2569291431276,2113214,TCS.NS
2015-01-23,954.3396606445312,965.1844104798337,951.4807585932274,958.3039675970521,3150380,TCS.NS
2015-01-27,955.6573486328125,960.6035790280177,950.8829769676634,959.5914495347847,2738736,TCS.NS
2015-01-28,969.99951171875,972.023770563213,955.9818828936599,956.0201151640778,3121980,TCS.NS
2015-01-29,971.9284057617188,981.114316009915,959.8015010529366,969.3884771933608,3734392,TCS.NS
2015-01-30,948.0184326171875,983.5206446146487,943.4159193002649,978.0587443267037,5817402,TCS.NS
2015-02-02,960.298095703125,963.0672315431772,940.3794524430832,947.9993317254737,3181802,TCS.NS
2015-02-03,977.1232299804688,979.7013915371455,957.5865319285541,959.3243291931022,2345054,TCS.NS
2015-02-04,960.3363647460938,982.2602451434511,955.6765960108789,980.8470495863844,2245418,TCS.NS
2015-02-05,974.888427734375,989.8990703757393,962.1313443899976,962.5132941098824,4530168,TCS.NS
2015-02-06,983.8072509765625,991.083413713073,974.2967377379371,975.1178925529124,2136416,TCS.NS
2015-02-09,959.8016967773438,981.2673519631494,954.8745812379443,978.3644959363977,2076432,TCS.NS
2015-02-10,932.3970947265625,964.9010731751833,929.284239895189,958.6943864105731,3799054,TCS.NS
2015-02-11,939.5582885742188,950.0046530469195,934.7266608379028,937.705887968554,2937522,TCS.NS
2015-02-12,940.4176635742188,947.15913349966,934.6311613990567,947.15913349966,3107980,TCS.NS
2015-02-13,969.6746826171875,973.1122294979574,939.6916348238052,943.4156439446393,4158326,TCS.NS
2015-02-16,987.2637939453125,991.1596629880912,975.8816720364443,977.7914209054002,2364392,TCS.NS
2015-02-18,1006.6862182617188,1009.4935873310495,979.7969825580684,987.3596092401849,2660014,TCS.NS
2015-02-19,1024.0264892578125,1026.4136754129754,1006.4376830166805,1006.8196328015065,2618002,TCS.NS
2015-02-20,1021.9254760742188,1030.8058060568824,1009.2065331910977,1030.8058060568824,1801588,TCS.NS
2015-02-23,1029.984619140625,1039.667081315992,1020.1876466550384,1020.1876466550384,1614892,TCS.NS
2015-02-24,1033.0784912109375,1042.7227215106236,1023.2432860538318,1028.9725317764176,2199922,TCS.NS
2015-02-25,1020.6458740234375,1039.6669859504477,1018.9844489338285,1035.0835899800563,1767994,TCS.NS
2015-02-26,1014.6304931640625,1028.4952890839377,1002.7519107364251,1023.2434795119743,1991994,TCS.NS
2015-02-27,1016.88427734375,1022.0023683203261,999.2954671172301,1015.7765667670866,2877376,TCS.NS
2015-03-02,1019.5765991210938,1034.682729994871,1013.1408019488283,1023.5107000947771,2176038,TCS.NS
2015-03-03,1060.29296875,1065.6402675837535,1022.1552322680393,1024.3896765805116,3424308,TCS.NS
2015-03-04,1048.834228515625,1074.081149466135,1037.24201392689,1064.8761213042835,3862994,TCS.NS
2015-03-05,1029.9085693359375,1058.2683433565749,1024.0265794314441,1050.3620007643513,2173514,TCS.NS
2015-03-09,1010.9450073242188,1023.5493539413612,996.8892324467201,1008.3477293713951,2883174,TCS.NS
2015-03-10,1009.3786010742188,1022.9569335437603,991.2551038101163,1011.746670910456,3037052,TCS.NS
2015-03-11,995.5711669921875,1015.9672469053806,992.2291065874398,1009.1112673535317,2240200,TCS.NS
2015-03-12,1000.3455810546875,1002.5799312981244,989.2881536720026,1002.1979815215242,1827636,TCS.NS
2015-03-13,986.328369140625,1008.328627599913,983.5210000542671,1007.58384393909,1586838,TCS.NS
2015-03-16,978.6699829101562,996.8889695661275,974.7358813535469,987.416595956373,1556296,TCS.NS
2015-03-17,986.8436889648438,995.6285344481192,976.93211021078,986.3853678503917,1267318,TCS.NS
2015-03-18,977.5433959960938,992.8595291896365,974.6214236637223,989.6129554310968,1255170,TCS.NS
2015-03-19,991.6375122070312,995.3042688586588,980.8856589074541,983.9030260742658,2448964,TCS.NS
2015-03-20,997.2520751953125,999.944840646799,984.9915393250042,991.5419428262377,1963908,TCS.NS
2015-03-23,999.6199951171875,1004.9100377468109,995.361291664078,999.1807900971712,1566608,TCS.NS
2015-03-24,989.7461547851562,1007.2012352829503,986.2322366263185,1004.5275877110956,2394878,TCS.NS
2015-03-25,983.04345703125,998.4169389721952,972.1387698244852,989.7848347937615,2224858,TCS.NS
2015-03-26,959.8782958984375,987.9897515610428,955.2566649776007,975.232662667213,3091642,TCS.NS
2015-03-27,960.5271606445312,982.3364333921359,956.4403173493971,966.7147273693499,2751776,TCS.NS
2015-03-30,979.376708984375,981.5729207080003,962.5136597453735,964.4234090702652,1339006,TCS.NS
2015-03-31,975.48095703125,981.4011806546795,962.8957261074704,981.4011806546795,2427028,TCS.NS
2015-04-01,971.1647338867188,979.1666577208983,963.372994366181,977.0277012939603,2075758,TCS.NS
2015-04-06,972.9404296875,978.8987886917864,954.9124236049344,977.0272725765379,1568542,TCS.NS
2015-04-07,987.3403930664062,992.6876911333036,971.6804487276354,978.7274050301867,1886922,TCS.NS
2015-04-08,1008.8821411132812,1014.6496202598275,989.5746537688881,990.7777583113092,1652134,TCS.NS
2015-04-09,1017.7244262695312,1026.4710399744122,1006.4950454492272,1015.6045860879383,2544450,TCS.NS
2015-04-10,1013.5989379882812,1020.111198519543,1003.7637339738872,1011.5937022183563,1815544,TCS.NS
2015-04-13,1014.2678833007812,1017.896407078359,1003.7642618393724,1017.514457207035,1308642,TCS.NS
2015-04-15,1003.6688232421875,1036.5737689591624,996.6600054623273,1013.9623541256849,2913934,TCS.NS
2015-04-16,986.5000610351562,1003.3822252385329,982.1267540364092,1003.363109096723,3217570,TCS.NS
2015-04-17,945.2684936523438,977.791481610017,943.4159998346648,976.6838644970405,9668742,TCS.NS
2015-04-20,927.6792602539062,948.7246284694314,926.1705778973935,947.2541783748738,2890722,TCS.NS
2015-04-21,927.0112915039062,936.5409204746672,917.0614804484812,927.6797036616675,2546032,TCS.NS
2015-04-22,933.9053955078125,944.5617565123966,919.56316336943,928.7108414718531,4186812,TCS.NS
2015-04-23,938.5458374023438,947.1588212097937,928.7870045717146,944.1795950996415,4342990,TCS.NS
2015-04-24,952.2198486328125,960.2216772937031,934.8411349029543,937.8012454833148,3625158,TCS.NS
2015-04-27,954.9508056640625,962.5134298340786,949.5271375267935,954.6834594723332,2733052,TCS.NS
2015-04-28,952.9650268554688,958.6942755139185,937.7252627237884,958.6942755139185,3088298,TCS.NS
2015-04-29,950.0238037109375,952.964798668156,936.178122768364,948.7633506579958,2019620,TCS.NS
2015-04-30,941.0094604492188,951.0547562433637,927.0301573312086,947.2352592303382,3738054,TCS.NS
2015-05-04,947.8275146484375,956.7078472155694,938.5270000149046,951.4369214935732,1890630,TCS.NS
2015-05-05,961.6920166015625,968.7962245337923,954.8741776732032,955.2561273442725,3255070,TCS.NS
2015-05-06,940.7614135742188,960.6036857695473,937.9922777007281,960.6036857695473,3394406,TCS.NS
2015-05-07,972.1573486328125,975.4039206643924,937.189839454557,941.4676568933419,3205028,TCS.NS
2015-05-08,965.2828979492188,988.4863546909005,961.1005651370356,977.7917573449402,3003664,TCS.NS
2015-05-11,976.263671875,978.9564365682095,964.4232282802719,968.2427262140552,2573082,TCS.NS
2015-05-12,963.6211547851562,979.7012793602121,959.8398889014475,977.7915302776386,2467386,TCS.NS
2015-05-13,960.7564697265625,972.8261204564307,947.4073431428653,972.8261204564307,1863774,TCS.NS
2015-05-14,954.5880126953125,962.5134708381264,949.1452281875969,962.5134708381264,1309050,TCS.NS
2015-05-15,959.1331176757812,967.2495502039977,955.2563648503209,960.6036615747929,1461454,TCS.NS
2015-05-18,962.666259765625,964.518753636101,953.7669038297167,960.2600505723418,4507752,TCS.NS
2015-05-19,959.7254028320312,966.3331541167967,953.6333211624949,962.2844482661603,1957722,TCS.NS
2015-05-20,976.664794921875,981.5727941041223,961.3294538712701,962.5135355997708,1897814,TCS.NS
2015-05-21,976.0725708007812,985.4303395288655,973.2652028825763,976.6454954167864,1579578,TCS.NS
2015-05-22,999.9067993164062,1004.0509938327888,969.8664711706738,973.9724333898664,2691632,TCS.NS
2015-05-25,993.4515380859375,1007.1635001007523,987.6076868590668,1000.7085850769536,982978,TCS.NS
2015-05-26,996.449951171875,1001.9499919753694,988.8299767000303,994.9794068791907,1961740,TCS.NS
2015-05-27,998.89404296875,1005.7309059152731,990.0137116432464,996.1249073941307,1620690,TCS.NS
2015-05-28,996.698486328125,1001.8548111280596,986.2903492319604,994.5595291113117,2763608,TCS.NS
2015-05-29,997.0035400390625,1011.6322354192938,992.0190767069009,999.5625849425198,4423532,TCS.NS
2015-06-01,999.8493041992188,1011.0595705423686,996.25901260608,996.6791015268396,882264,TCS.NS
2015-06-02,993.0311889648438,1004.5279145643941,989.4408983570581,999.1806176807813,3935820,TCS.NS
2015-06-03,997.2323608398438,1002.8470956150574,989.4406248346074,994.5969454040987,1804684,TCS.NS
2015-06-04,995.2274169921875,1001.7779117349115,988.6770154989224,999.6008166168513,4131468,TCS.NS
2015-06-05,992.9918823242188,1005.7711911656517,990.7366658856745,999.2176801461744,2308534,TCS.NS
2015-06-08,993.6083984375,998.4464492833587,987.5174707730424,998.4464492833587,1570320,TCS.NS
2015-06-09,987.5171508789062,998.4461258489144,983.4116088959771,996.518623675461,2578914,TCS.NS
2015-06-10,1002.59033203125,1006.1562113242574,988.3461087056905,989.1941909034653,2763350,TCS.NS
2015-06-11,991.2376098632812,1007.3129644100457,985.6285578857193,1004.4217102068021,1847336,TCS.NS
2015-06-12,965.9873046875,998.0416380281157,954.807788648685,991.4688347751295,2571456,TCS.NS
2015-06-15,965.60205078125,971.6350983311817,956.4271164515085,965.7948011070162,2525176,TCS.NS
2015-06-16,968.3770141601562,971.1911859306192,961.6114632514999,963.751009315442,1267396,TCS.NS
2015-06-17,969.0716552734375,974.9890344068837,964.4456469842331,971.8472414236843,1975720,TCS.NS
2015-06-18,975.3359375,981.6003230570035,966.8356293516844,969.5341338993167,2165046,TCS.NS
2015-06-19,982.8528442382812,984.9538031948231,974.1983766107759,977.2437929936895,1999610,TCS.NS
2015-06-22,999.025146484375,1002.3019027047559,981.8703639188512,981.8703639188512,1102002,TCS.NS
2015-06-23,992.5093994140625,1005.3850755417303,989.6566398925085,1002.3010722425225,898318,TCS.NS
2015-06-24,990.8521728515625,997.6369266805083,986.4382099747888,994.5915097043118,1170246,TCS.NS
2015-06-25,983.0264892578125,991.8930026903339,980.7712731947385,987.6524962660845,1930992,TCS.NS
2015-06-26,999.525634765625,1000.8941802537295,983.1032771410231,983.1032771410231,1290102,TCS.NS
2015-06-29,999.5643310546875,1003.8434247745732,980.482053970839,991.5074072658227,1372756,TCS.NS
2015-06-30,983.3927001953125,997.964641156964,979.1714876054809,996.5190139606962,1549952,TCS.NS
2015-07-01,999.6412353515625,1005.385154299769,985.6282566165393,988.3845471345988,1279708,TCS.NS
2015-07-02,993.7239379882812,1003.4385320007449,991.141103398874,1002.3013243214165,1445880,TCS.NS
2015-07-03,1003.8048095703125,1006.1564004900251,990.7363790265765,991.9121744864328,963470,TCS.NS
2015-07-06,1015.1384887695312,1019.6488258109102,994.7069622031878,994.7069622031878,1182338,TCS.NS
2015-07-07,1008.5660400390625,1020.3815968988503,1003.4581566064709,1014.9268005400255,1642836,TCS.NS
2015-07-08,1000.4124755859375,1010.6667333426317,994.7841301308712,1001.5110956404003,2667850,TCS.NS
2015-07-09,972.4253540039062,1001.6270271717144,966.3151312786831,1000.3741501051088,3934122,TCS.NS
2015-07-10,953.863037109375,986.495611221302,946.4035660602956,986.495611221302,8263654,TCS.NS
2015-07-13,967.4329223632812,970.9217211578747,954.2680221342778,954.2680221342778,2280308,TCS.NS
2015-07-14,963.5584716796875,969.5337292556168,959.8962170363761,967.9917273005383,1703274,TCS.NS
2015-07-15,981.3883056640625,983.0073896135619,963.751650460633,964.1371511208172,2003660,TCS.NS
2015-07-16,979.2482299804688,986.4378698847114,974.0054802996707,980.5974815633414,1456608,TCS.NS
2015-07-17,988.577392578125,990.7748206056596,980.4433889255773,981.7926406046391,1070526,TCS.NS
2015-07-20,996.400634765625,998.2356979431611,985.8731670629182,990.5477867794602,853786,TCS.NS
2015-07-21,989.5433959960938,1004.5909910666545,987.1095979316539,995.1838390223547,1274500,TCS.NS
2015-07-22,976.6592407226562,992.4793975418191,973.95493718712,989.3887649297776,1320628,TCS.NS
2015-07-23,961.4185180664062,980.4452239077201,959.2550376443128,972.583389959548,1496780,TCS.NS
2015-07-24,967.8125610351562,972.1974351979428,962.7710404124574,964.8571803722878,1574972,TCS.NS
2015-07-27,964.6830444335938,967.7543417442672,958.5403554936242,961.1867474090766,2003738,TCS.NS
2015-07-28,966.6146240234375,973.1628825952,962.7899098150813,965.6294660764995,1891188,TCS.NS
2015-07-29,968.43017578125,971.6367251960755,959.4480269483332,970.0720739550089,2413318,TCS.NS
2015-07-30,958.3472900390625,972.3131442634266,955.3146630501452,972.0233974245639,2770574,TCS.NS
2015-07-31,969.97607421875,973.163290234803,960.8007553846585,961.9210723779905,1963776,TCS.NS
2015-08-03,969.531494140625,975.4809242282711,966.1703556992769,967.1361783965326,1179324,TCS.NS
2015-08-04,969.2611694335938,974.7084481913704,960.4142696011679,969.8406631602236,2342692,TCS.NS
2015-08-05,984.0379028320312,985.1389782410373,970.0721468091156,973.5491079087898,988994,TCS.NS
2015-08-06,994.140869140625,997.8882432150244,985.1780512863561,990.9343181751985,2211366,TCS.NS
2015-08-07,985.93115234375,994.024727745971,983.9801716163964,994.024727745971,1188506,TCS.NS
2015-08-10,993.67724609375,1000.2061710121436,987.6891442587989,993.6385754512296,1431182,TCS.NS
2015-08-11,1006.078369140625,1008.3190971090401,982.0873851454224,995.9565641176649,2200306,TCS.NS
2015-08-12,1032.1556396484375,1039.7663055444827,1005.2285149712386,1005.6535147918825,3479784,TCS.NS
2015-08-13,1018.2094116210938,1036.907709641257,987.4575655152954,1031.49910012748,1406426,TCS.NS
2015-08-14,1044.324951171875,1050.5642236057924,1018.7886506606058,1019.1363091720632,2293964,TCS.NS
2015-08-17,1037.1971435546875,1041.8524284878195,1025.7038518065724,1039.2640421511308,773644,TCS.NS
2015-08-18,1058.88916015625,1062.3661212934505,1039.225051007747,1045.7539736379365,1916926,TCS.NS
2015-08-19,1056.0693359375,1063.506171608609,1051.5492097110616,1062.4050958727055,1690070,TCS.NS
2015-08-20,1038.0081787109375,1060.473173790755,1032.271154961347,1060.473173790755,2349298,TCS.NS
2015-08-21,1033.8743896484375,1054.6395748852342,1025.7422390710547,1047.7243230175404,3536080,TCS.NS
2015-08-24,996.2077026367188,1021.8406814663681,992.518334421314,1019.522706385537,4692344,TCS.NS
2015-08-25,991.7651977539062,1012.9553970091999,979.5379134694227,999.781530510558,3925800,TCS.NS
2015-08-26,995.4735107421875,1019.5224972731669,970.4393661401893,988.2491754190968,3216158,TCS.NS
2015-08-27,994.6621704101562,1010.2119165416843,983.5166325691689,1010.2119165416843,5264798,TCS.NS
2015-08-28,993.1939086914062,1007.9323217398868,988.1136259481269,1007.9323217398868,2744152,TCS.NS
2015-08-31,990.5673828125,1000.5926064730852,977.8185194867812,1000.5926064730852,3692044,TCS.NS
2015-09-01,980.2716064453125,1008.7827182939674,977.4128082908135,987.4573667949878,2987602,TCS.NS
2015-09-02,1001.2880249023438,1012.3563185943626,984.3667873240171,988.8868200347339,3765950,TCS.NS
2015-09-03,1006.6193237304688,1010.2507802033592,995.2805248561775,1002.9491966130952,2265074,TCS.NS
2015-09-04,984.1538696289062,1010.211743865668,980.9473198128636,1008.8595922592679,2426396,TCS.NS
2015-09-07,981.1790771484375,988.9829040799323,978.4554388363866,986.2979363952991,1759184,TCS.NS
2015-09-08,981.392333984375,990.5869901349942,974.9019829181334,983.2080628201504,1787746,TCS.NS
2015-09-09,985.0423583984375,994.4108365594973,982.8209666695265,990.1418822863042,2045076,TCS.NS
2015-09-10,983.3619995117188,996.1495297482495,976.2535821888022,982.0485183711654,2665818,TCS.NS
2015-09-11,985.9118041992188,992.2475633326112,981.5076904502291,983.7869942763756,1592672,TCS.NS
2015-09-14,985.7769165039062,990.9344493184652,982.4352064783069,990.9344493184652,1589318,TCS.NS
2015-09-15,980.2138671875,988.5778575316123,979.7309556360232,985.7769705330471,1379900,TCS.NS
2015-09-16,985.2743530273438,990.9340360124041,981.6814739160899,987.0707454236618,1756816,TCS.NS
2015-09-18,985.621826171875,999.0467584440838,980.889296090305,990.9338497328209,2455294,TCS.NS
2015-09-21,985.5447387695312,987.8820483784103,978.648727521253,985.1390744045829,1108840,TCS.NS
2015-09-22,976.1768188476562,993.7933769783427,961.9598828399425,988.0371085795795,2081246,TCS.NS
2015-09-23,978.4363403320312,988.1332383004519,970.6905174669541,979.0738399270955,1228352,TCS.NS
2015-09-24,996.883544921875,1000.5923419089103,977.3739259000989,979.5374065289737,2354254,TCS.NS
2015-09-28,1002.0218505859375,1011.795996487131,996.5359957764621,1002.1377681892393,2366812,TCS.NS
2015-09-29,999.9161987304688,1017.5907533878315,992.8077816886164,998.0232240465267,3325952,TCS.NS
2015-09-30,999.8388061523438,1021.3379776799824,993.2325424004293,1021.3379776799824,3368336,TCS.NS
2015-10-01,1021.6856079101562,1023.7524112601923,1001.441913764143,1004.0689695624616,2834408,TCS.NS
2015-10-05,1047.5897216796875,1070.1320721914035,1024.8156301984093,1024.8156301984093,4807306,TCS.NS
2015-10-06,1043.0887451171875,1053.1333034035013,1036.9074784794561,1052.746974238643,3979590,TCS.NS
2015-10-07,1025.2977294921875,1049.6557894018342,1022.5934267590949,1040.7508879670029,2065530,TCS.NS
2015-10-08,1017.5136108398438,1034.7245912505875,1012.182250352126,1031.4987055115175,2357550,TCS.NS
2015-10-09,1015.910400390625,1024.0040714489717,1007.5464121126212,1023.965400806941,2249724,TCS.NS
2015-10-12,1001.596923828125,1027.7707219586969,999.43344300796,1025.7038234194565,2455912,TCS.NS
2015-10-13,1003.8954467773438,1009.0915540245035,991.9385806498515,1005.5373453625674,6179712,TCS.NS
2015-10-14,959.5256958007812,984.3666791340218,958.0962968023446,984.3666791340218,8337128,TCS.NS
2015-10-15,953.3636474609375,967.1749129443651,952.3012424237508,961.9594700345393,3215710,TCS.NS
2015-10-16,955.0056762695312,962.7322594108705,954.2330179553973,958.4439680399704,2333828,TCS.NS
2015-10-19,961.4769287109375,963.8721512165697,948.7667340106427,961.9598402773418,3130642,TCS.NS
2015-10-20,976.1570434570312,977.4126130192101,964.1229298423681,964.3740060273531,2695084,TCS.NS
2015-10-21,977.4124755859375,982.0484240867404,974.4184255125023,979.3441207946054,1929688,TCS.NS
2015-10-23,982.310302734375,986.5111434902022,978.4967272811136,986.5111434902022,2335398,TCS.NS
2015-10-26,982.0784301757812,986.8986892943777,973.7736327269967,986.8986892943777,1414630,TCS.NS
2015-10-27,979.9682006835938,985.3110829275305,975.8061139422974,979.5616523761283,1530420,TCS.NS
2015-10-28,979.1937866210938,980.9166779144456,971.8181633847438,971.8181633847438,1255342,TCS.NS
2015-10-29,966.1268920898438,981.6330101964301,964.0748675234111,980.9168007837505,3130316,TCS.NS
2015-10-30,966.0687255859375,972.5344601409512,962.1196016590056,967.9271646468869,1516696,TCS.NS
2015-11-02,974.64453125,976.7545933785028,963.1068215574321,967.927079508559,1319294,TCS.NS
2015-11-03,984.7494506835938,986.4336812993519,975.0895591257645,978.7676813460125,1364906,TCS.NS
2015-11-04,981.013427734375,986.2014788339982,975.6704515946271,985.3497219477484,991434,TCS.NS
2015-11-05,961.2092895507812,981.4583358339863,960.1833250171551,979.8516152570031,1596098,TCS.NS
2015-11-06,970.1531372070312,974.9927717336551,961.5192103067118,964.8295392277449,908024,TCS.NS
2015-11-09,956.8345336914062,968.9916582305522,955.7698140589483,965.9910847208981,2021556,TCS.NS
2015-11-10,951.72412109375,959.0223304532853,948.5687160317113,957.45426938522,1361920,TCS.NS
2015-11-13,928.203369140625,943.941921096838,924.0026220820972,943.941921096838,2743232,TCS.NS
2015-11-16,919.375732421875,925.3381243675692,912.1743184142231,925.3381243675692,2043528,TCS.NS
2015-11-17,925.5509033203125,928.6095139333739,919.5303802417009,921.6598190169974,1985028,TCS.NS
2015-11-18,910.4126586914062,924.9121846529341,908.3025969681481,924.9121846529341,1520352,TCS.NS
2015-11-19,914.7103881835938,922.0860107940582,910.6257173577982,915.7944853233676,1866906,TCS.NS
2015-11-20,928.5712890625,938.3279760311153,914.4782127530443,916.2398591072435,2012126,TCS.NS
2015-11-23,925.744873046875,934.3980847667966,922.3377506868928,931.2620576191442,1088082,TCS.NS
2015-11-24,916.801025390625,926.2867094571122,915.8524758887995,921.4858296167814,998640,TCS.NS
2015-11-26,908.128662109375,922.3958520969817,905.1474652854079,920.653583164569,2915292,TCS.NS
2015-11-27,911.1483764648438,913.5100614657156,903.0758280380093,909.0769750196123,1737206,TCS.NS
2015-11-30,918.9693603515625,925.8222652712218,909.9095060386121,915.6590307857562,4100048,TCS.NS
2015-12-01,914.4586791992188,920.7115443643853,912.5809575244741,914.8458500011193,1721994,TCS.NS
2015-12-02,915.7366333007812,920.731194840847,908.4965560631094,920.692439939516,1640296,TCS.NS
2015-12-03,910.1417846679688,918.7563352194362,908.6898941255865,913.7231146725114,2283358,TCS.NS
2015-12-04,901.48828125,908.8058646910669,898.6620105674721,905.9794994844359,1246092,TCS.NS
2015-12-07,898.1589965820312,907.4897577665143,896.3973502315483,902.959877525371,1382604,TCS.NS
2015-12-08,901.7206420898438,909.4640567922039,897.190763393784,898.0037652230687,1139964,TCS.NS
2015-12-09,916.6854248046875,918.679412265909,898.2367635694926,905.1670869959839,5282806,TCS.NS
2015-12-10,923.22802734375,925.8026750119195,910.6256005738438,917.20750329908,1723988,TCS.NS
2015-12-11,923.789306640625,926.0929534418035,914.9811730588672,922.6277945199537,1652378,TCS.NS
2015-12-14,920.8666381835938,924.1769683912072,902.3405667298721,904.1214962133718,2718532,TCS.NS
2015-12-15,919.860107421875,923.4026836816838,914.9043005291508,920.8666951424232,1135868,TCS.NS
2015-12-16,932.4622192382812,934.8239991871102,923.0152884912283,923.0152884912283,1435934,TCS.NS
2015-12-17,944.6002807617188,946.6329281534593,926.6355873377111,935.0178002006561,1618844,TCS.NS
2015-12-18,935.7142333984375,942.4509662492517,929.4613694330354,936.9531608219764,3024970,TCS.NS
2015-12-21,947.1744995117188,948.5683520427318,931.8619717337458,936.9338519220387,1610104,TCS.NS
2015-12-22,931.1650390625,944.6966379845469,929.2098078536527,944.6966379845469,1560858,TCS.NS
2015-12-23,939.1991577148438,942.7611109746836,933.2948016810188,935.0176932254049,849834,TCS.NS
2015-12-24,942.470458984375,943.9997646407056,930.7585430413628,937.3404462159481,843160,TCS.NS
2015-12-28,953.4857177734375,954.9182311403879,937.0309551921948,940.0509069942865,3704198,TCS.NS
2015-12-29,950.8138427734375,954.4919644961966,946.9227582566463,951.8011469827874,1708524,TCS.NS
2015-12-30,936.2952270507812,952.0530607579312,933.9722020956989,949.7494132489667,1605762,TCS.NS
2015-12-31,943.477783203125,947.9882879930526,932.1142754107716,935.3084364791574,1240318,TCS.NS
2016-01-01,935.5593872070312,944.3094841978448,933.9526663617265,944.3094841978448,712262,TCS.NS
2016-01-04,917.4398193359375,934.6301623077635,916.0653443100755,933.1395171555838,1870184,TCS.NS
2016-01-05,909.4447631835938,924.0217994189667,906.3667744604965,923.4022883760291,2678020,TCS.NS
2016-01-06,922.0862426757812,923.8477946312645,909.9290198407049,909.9290198407049,2653228,TCS.NS
2016-01-07,918.078857421875,922.5893599133148,913.723185457301,917.5948938702556,3199580,TCS.NS
2016-01-08,928.2807006835938,932.0556157916271,918.562676288138,923.402311042027,1907544,TCS.NS
2016-01-11,914.6326293945312,923.0148362174931,909.405825582058,922.4340802383294,2930228,TCS.NS
2016-01-12,900.9659423828125,915.6590571863246,891.1124631881077,914.7685453294775,3482594,TCS.NS
2016-01-13,882.4397583007812,900.9465433298739,873.1089977852425,897.0748349356759,4746092,TCS.NS
2016-01-14,882.2849731445312,890.0670507025696,871.1344334910191,880.0393632555939,2742052,TCS.NS
2016-01-15,875.4320068359375,887.279377591366,873.0702269489517,886.1759974336463,3269408,TCS.NS
2016-01-18,881.8397827148438,887.3569681658455,875.0062539834375,875.780595801122,2213922,TCS.NS
2016-01-19,882.4782104492188,890.4926251709375,878.219332676662,881.5876989192282,967910,TCS.NS
2016-01-20,882.7882080078125,884.6853071807385,868.4241330443749,880.349012982533,1615954,TCS.NS
2016-01-21,874.9871215820312,888.7260697550375,871.5911857586368,886.8243835950061,2675536,TCS.NS
2016-01-22,890.9967041015625,893.4417973136013,877.121877935111,882.1672692683661,1343178,TCS.NS
2016-01-25,894.45068359375,907.7821958112453,889.3471148787809,893.3833894345021,1397560,TCS.NS
2016-01-27,900.3110961914062,904.269768126162,885.6212102503134,893.422197837102,1626986,TCS.NS
2016-01-28,904.7549438476562,911.6244182231021,895.7703054494916,898.6616834073494,3106660,TCS.NS
2016-01-29,928.080078125,931.4565893107186,906.2490643130301,915.4277548857972,2235744,TCS.NS
2016-02-01,932.5045776367188,936.4826739929094,915.5443223662264,928.0025937340014,1495274,TCS.NS
2016-02-02,930.7194213867188,944.264317593334,923.5781958364985,934.9497497255823,1475588,TCS.NS
2016-02-03,937.782958984375,943.0611573098778,916.048967078612,926.6054584823028,1308692,TCS.NS
2016-02-04,939.2385864257812,946.9813039563583,932.2332344685133,939.9565276939594,1250046,TCS.NS
2016-02-05,939.9752807617188,946.9612034252008,934.600058230568,934.600058230568,1402996,TCS.NS
2016-02-08,917.0773315429688,936.1334213745632,910.8870444183136,931.4567135082883,1063658,TCS.NS
2016-02-09,885.4271850585938,905.6864442737682,875.4141012427987,905.6864442737682,2489610,TCS.NS
2016-02-10,880.5369262695312,888.725924753105,876.3842015192901,882.9431700241203,1890732,TCS.NS
2016-02-11,853.0396118164062,888.3767669080397,842.8323805593275,884.8838045217695,1962408,TCS.NS
2016-02-12,864.1589965820312,870.6791177195474,839.8634629415249,853.835313526504,2172568,TCS.NS
2016-02-15,880.6727905273438,895.3044973947447,869.3595115702531,873.2405808183345,2479712,TCS.NS
2016-02-16,879.275634765625,885.6599745271745,870.5238049362193,879.450263925757,1588702,TCS.NS
2016-02-17,883.1569213867188,884.7481032685941,871.8435452470156,879.0623735000113,1585178,TCS.NS
2016-02-18,898.7978515625,900.3114313280528,884.1079601531649,886.8247098112299,1529140,TCS.NS
2016-02-19,900.272216796875,903.1248406794617,894.7611172525021,895.4985772830001,879012,TCS.NS
2016-02-22,898.8170166015625,909.334754825201,894.5866879522357,900.5053200525705,1324884,TCS.NS
2016-02-23,878.67431640625,900.3694614941787,875.8605404371929,896.6242665536832,1306852,TCS.NS
2016-02-24,858.085205078125,878.0727167981893,854.3011615971419,878.0727167981893,1659328,TCS.NS
2016-02-25,858.8225708007812,864.7023536618168,848.265985115512,861.5198953681758,1830556,TCS.NS
2016-02-26,857.9108276367188,875.9189609196817,853.6804977381049,865.362465727851,1537536,TCS.NS
2016-02-29,844.8313598632812,868.195382957464,820.8463276508878,868.195382957464,2191718,TCS.NS
2016-03-01,883.583740234375,886.8633200996161,839.0873117645835,851.1186284457593,1999760,TCS.NS
2016-03-02,899.9619750976562,904.2893303439351,875.6664384500016,894.5866551256527,1527486,TCS.NS
2016-03-03,921.035888671875,927.963635015023,893.0340126179707,906.6177546612688,2648284,TCS.NS
2016-03-04,914.9815673828125,923.6945495403368,911.8767117541055,923.6945495403368,1512966,TCS.NS
2016-03-08,913.720458984375,918.6493996347483,894.276257618276,908.9855718615967,1268152,TCS.NS
2016-03-09,914.8653564453125,919.5808192678772,890.763870401162,908.5586167943479,2017784,TCS.NS
2016-03-10,911.3919067382812,915.8745626193464,898.4484972672446,914.3997367133078,1661666,TCS.NS
2016-03-11,917.9697265625,927.9052998192302,906.2294943551157,908.1700286042701,1530528,TCS.NS
2016-03-14,913.9918212890625,930.6804192998607,908.1702173318073,916.7085698024482,1636742,TCS.NS
2016-03-15,904.25048828125,917.2909217700013,900.4471153703286,911.6827944038153,1623356,TCS.NS
2016-03-16,903.1444702148438,905.0655810353711,895.324056820406,898.4677616195901,1918246,TCS.NS
2016-03-17,912.8471069335938,916.6311502608337,905.0655424742191,905.8417564900633,2221088,TCS.NS
2016-03-18,941.4896240234375,943.1002305490122,915.9327341957485,915.9327341957485,3204070,TCS.NS
2016-03-21,949.4066772460938,952.783188941257,939.2188692633815,941.5475110880014,2336982,TCS.NS
2016-03-22,959.8272094726562,964.4456436680305,945.6224590733023,947.7570470170343,1951984,TCS.NS
2016-03-23,960.0992431640625,965.5714957398067,953.695476812893,965.5714957398067,2278434,TCS.NS
2016-03-28,959.94384765625,976.92352946798,955.3448364057145,966.7745689833014,3320882,TCS.NS
2016-03-29,958.3910522460938,965.202346661143,952.8023513044726,961.7288091782009,1838796,TCS.NS
2016-03-30,966.1924438476562,972.208102766973,954.7432865496021,958.9736152433995,2136504,TCS.NS
2016-03-31,978.1461181640625,989.672877433039,959.4587087444493,961.8456237122242,4363964,TCS.NS
2016-04-01,952.3756713867188,978.3595092561096,944.6912290569508,972.2079757797446,3041400,TCS.NS
2016-04-04,959.109375,965.6101669195751,949.6977807283763,953.1907435508346,1752352,TCS.NS
2016-04-05,955.8104248046875,964.4069561491447,947.776629607032,958.9347048128526,1491794,TCS.NS
2016-04-06,963.2430419921875,965.9986404989563,954.4913020678638,958.6246050753001,1763150,TCS.NS
2016-04-07,958.9346923828125,964.3293412069764,953.5787974029082,962.5052574518568,2390942,TCS.NS
2016-04-08,943.8955688476562,960.0601861359173,941.9356097120997,957.0717814380049,1399500,TCS.NS
2016-04-11,972.8478393554688,976.8647825004153,936.501676668058,944.2638124050499,2400648,TCS.NS
2016-04-12,977.3115234375,979.9700940690158,965.648984852801,969.4912059344164,1303628,TCS.NS
2016-04-13,980.43603515625,987.7324668283511,975.1189873894822,981.9108609334886,1601468,TCS.NS
2016-04-18,977.9324340820312,991.0310429322221,946.9809065026911,952.0262965783203,7121504,TCS.NS
2016-04-20,950.9978637695312,983.8122292419804,946.9809191009655,983.8122292419804,6405024,TCS.NS
2016-04-21,940.9262084960938,957.6148030329184,936.1913238803617,951.2498885990029,2525724,TCS.NS
2016-04-22,938.0740966796875,945.1958036833221,933.0868835448264,938.830886422214,1964126,TCS.NS
2016-04-25,951.3470458984375,953.5980848861798,932.3492319487236,932.3492319487236,2267654,TCS.NS
2016-04-26,966.3087768554688,967.7447537295966,947.7572442781933,950.4739931356655,2554368,TCS.NS
2016-04-27,974.575439453125,975.933813833051,960.9139984585845,962.5052749189973,1848670,TCS.NS
2016-04-28,981.03759765625,985.7919090285333,969.5302615011497,970.7721851131657,4992744,TCS.NS
2016-04-29,984.0453491210938,986.5680447508659,974.1486201119878,976.8653692517424,2372178,TCS.NS
2016-05-02,980.6294555664062,981.9102269869169,970.2670227143448,981.5221201778312,1116692,TCS.NS
2016-05-03,961.76806640625,981.9107833090221,959.40057562842,979.9702481641426,2153118,TCS.NS
2016-05-04,961.7291870117188,967.9583235778895,953.5789396641618,960.1379103427865,1364892,TCS.NS
2016-05-05,958.7406616210938,966.3669256382011,956.1209395881316,961.7290663229742,1246566,TCS.NS
2016-05-06,959.94384765625,964.1742709478142,943.4881482129288,956.6837866494733,885598,TCS.NS
2016-05-09,975.13818359375,977.2533476235751,953.3459204398939,959.9437389107441,1821276,TCS.NS
2016-05-10,979.155029296875,983.4436302334334,968.7149897840077,976.0890221581649,1158534,TCS.NS
2016-05-11,977.3697509765625,980.2029506616364,966.3863053428144,970.267374842183,1598716,TCS.NS
2016-05-12,995.9601440429688,997.3961209630095,978.2430977570523,978.2430977570523,1513082,TCS.NS
2016-05-13,979.348876953125,995.8822681762092,974.2064607203367,995.4941612907159,1621730,TCS.NS
2016-05-16,990.118896484375,995.416612608991,978.9996715156977,985.0153285656456,1111526,TCS.NS
2016-05-17,997.5128173828125,1005.6824905255635,990.4492873405646,995.1841748577172,1756698,TCS.NS
2016-05-18,990.10009765625,995.8246775948603,980.3779954879319,995.8246775948603,1500740,TCS.NS
2016-05-19,992.3704223632812,993.5541679592433,980.3973752768042,991.6136324749478,1038792,TCS.NS
2016-05-20,981.6387939453125,995.8046956917678,979.1160991137519,986.6841836084336,1230918,TCS.NS
2016-05-23,966.9488525390625,988.0812528835639,962.5826502053782,987.3438877238258,1533016,TCS.NS
2016-05-24,957.7315673828125,965.707184703957,954.5879577233777,964.0577300531012,1339158,TCS.NS
2016-05-25,980.5328979492188,983.0555934151288,962.8934539881232,962.8934539881232,1548678,TCS.NS
2016-05-26,989.16796875,995.4552811451546,972.2465659304886,981.9103891718693,1943248,TCS.NS
2016-05-27,998.4635620117188,1001.2580085675246,989.9058773808301,990.8954745539224,1104676,TCS.NS
2016-05-30,1023.2051391601562,1025.3591517128343,1002.0921586906713,1002.4802656460124,1349464,TCS.NS
2016-05-31,997.2022705078125,1027.319417123975,994.330316082971,1024.6026676264805,3722608,TCS.NS
2016-06-01,1022.0994873046875,1026.5432947150098,997.8233688893347,997.9009713599429,1911942,TCS.NS
2016-06-02,1028.5416259765625,1030.1523267181715,1009.0780997610874,1009.0780997610874,1408756,TCS.NS
2016-06-03,1020.546630859375,1031.588254436576,1017.0342440748863,1029.02671071185,1554922,TCS.NS
2016-06-06,1024.4482421875,1034.8397745962918,1020.801383364828,1027.5853085750598,1322026,TCS.NS
2016-06-07,1031.7615966796875,1034.8398816853003,1024.6444148706667,1025.036548209691,1202194,TCS.NS
2016-06-08,1024.683837890625,1030.7422798447694,1021.7035857212823,1026.3111532254945,938266,TCS.NS
2016-06-09,1010.6260375976562,1028.3308263855445,1001.9794749917768,1028.3308263855445,1562138,TCS.NS
2016-06-10,1002.1947631835938,1020.8210964521923,1001.1948040399336,1006.2141298362912,1396832,TCS.NS
2016-06-13,998.7637939453125,1001.2538793897882,987.3919250703954,996.0188600789531,1029978,TCS.NS
2016-06-14,993.9993286132812,1003.4496855540561,987.4898762632255,1003.4496855540561,977570,TCS.NS
2016-06-15,1002.626220703125,1005.7828176653892,988.960334800682,992.0974016834756,1270844,TCS.NS
2016-06-16,1003.1950073242188,1005.7046230675143,986.7841844248437,998.1953059212333,1145070,TCS.NS
2016-06-17,1020.5665283203125,1023.4682774794212,1003.4694720574095,1003.4694720574095,1878988,TCS.NS
2016-06-20,1042.8001708984375,1046.211711680696,1016.331171446246,1020.5662305057317,1872838,TCS.NS
2016-06-21,1039.6243896484375,1045.0358514786615,1035.781461929251,1044.4476511870223,1027690,TCS.NS
2016-06-22,1046.0745849609375,1050.0155446226538,1031.997034750401,1039.153469018168,1761712,TCS.NS
2016-06-23,1037.3302001953125,1042.87884989729,1029.4679058308607,1041.114249474452,1397014,TCS.NS
2016-06-24,1009.3316040039062,1016.880170893573,985.8820108306888,1005.8808114214942,3766586,TCS.NS
2016-06-27,978.705810546875,998.7633879950332,973.5295750570798,998.7633879950332,4272566,TCS.NS
2016-06-28,966.1971435546875,981.4707214721129,964.0207838758827,978.7062573853154,4499524,TCS.NS
2016-06-29,981.4705200195312,985.2350384607581,966.7263635520345,970.530037886717,2531264,TCS.NS
2016-06-30,1001.1556396484375,1004.9984696805817,980.4706065626076,988.9602548334219,5121812,TCS.NS
2016-07-01,980.6668090820312,1005.6653122460432,978.1179420927593,1004.6457271560588,2197296,TCS.NS
2016-07-04,978.0588989257812,990.4699758351538,973.2748916113292,986.6074243731282,1883484,TCS.NS
2016-07-05,974.5691528320312,979.1767202568079,971.3732081981109,978.0591017786488,1559748,TCS.NS
2016-07-07,952.8057250976562,977.1376209647835,950.9234656885368,975.5102099635312,3316800,TCS.NS
2016-07-08,951.5509033203125,957.6093449267609,942.4925838993157,954.8447854357536,2456356,TCS.NS
2016-07-11,966.2754516601562,969.2753295257135,951.7077345613732,952.8841347277037,1543632,TCS.NS
2016-07-12,966.5892333984375,970.5301933306162,955.1782085667558,969.2361339257028,1465536,TCS.NS
2016-07-13,977.6276245117188,980.0392061505593,961.2168066726252,971.7063730483488,2102300,TCS.NS
2016-07-14,988.9212646484375,991.7054503121194,968.9617112381364,974.8437127227871,2699988,TCS.NS
2016-07-15,958.9030151367188,991.2343802252444,951.530891397347,986.9993222698052,8336366,TCS.NS
2016-07-18,954.237060546875,968.1774229035002,953.119537730994,959.5504875839874,2598850,TCS.NS
2016-07-19,967.0792846679688,969.6674031687058,951.9037426044802,951.9037426044802,2362896,TCS.NS
2016-07-20,978.3533325195312,981.3139592159554,960.0014679013385,960.7269530785577,2815252,TCS.NS
2016-07-21,982.7057495117188,987.9799236462035,966.3929647107278,976.2159237615493,2527148,TCS.NS
2016-07-22,986.2545776367188,989.7445259831971,977.1962594097176,979.9019410953535,1517216,TCS.NS
2016-07-25,1006.0494995117188,1007.720384231823,985.1536501702577,987.5911569181351,1688796,TCS.NS
2016-07-26,1003.55322265625,1009.6076851785432,995.8474558244743,1006.0496638202426,2311290,TCS.NS
2016-07-27,1013.3619384765625,1014.4823563261716,1000.5649103090698,1004.4964030804217,1750510,TCS.NS
2016-07-28,1029.75634765625,1033.8058048145706,1013.1654656900299,1014.5218116357557,4632080,TCS.NS
2016-07-29,1029.7763671875,1035.9094409791662,1021.7954142053062,1027.6926559186882,2488084,TCS.NS
2016-08-01,1064.7469482421875,1071.332201222177,1034.7693040795486,1034.7693040795486,3961704,TCS.NS
2016-08-02,1061.189208984375,1067.6761763321033,1057.4936417373603,1062.6438430716564,2578162,TCS.NS
2016-08-03,1044.3231201171875,1061.1105859218644,1041.4727860127289,1055.9996420104217,2294702,TCS.NS
2016-08-04,1042.6324462890625,1054.8004037939113,1036.4403418286354,1049.7091371009792,1415416,TCS.NS
2016-08-05,1041.4921875,1055.3310281607678,1034.7692938916277,1051.2422165217079,1868484,TCS.NS
2016-08-08,1041.6495361328125,1048.9228014351174,1033.6096485494488,1037.91461611271,2058244,TCS.NS
2016-08-09,1041.925048828125,1045.6993233747758,1013.8738825094196,1044.9916348993052,2261914,TCS.NS
2016-08-10,1051.83203125,1054.4268560902567,1041.0597743948545,1042.239222779743,2062078,TCS.NS
2016-08-11,1065.3956298828125,1067.4007304218565,1047.9595097956374,1047.9595097956374,2233138,TCS.NS
2016-08-12,1076.6202392578125,1079.1167769999233,1062.30963571601,1063.4694075552227,2327358,TCS.NS
2016-08-16,1058.2401123046875,1077.2292455748886,1051.222453824301,1076.442946855491,3183754,TCS.NS
2016-08-17,1031.840087890625,1061.1100361604022,1029.2649405957513,1061.1100361604022,1848566,TCS.NS
2016-08-18,1037.3443603515625,1044.8141988924056,1034.0222671446197,1035.9486607958677,1292064,TCS.NS
2016-08-19,1023.564453125,1040.4502004969936,1022.1884302381409,1037.9144060879585,2416244,TCS.NS
2016-08-22,1002.0198364257812,1020.006421113948,997.1448223573472,1017.4706267317082,2265274,TCS.NS
2016-08-23,1022.6015014648438,1024.1347460842935,998.678316574342,1000.5457766542227,1503374,TCS.NS
2016-08-24,1011.1998291015625,1022.9746332195456,1010.0203810232924,1018.1782302313268,1116878,TCS.NS
2016-08-25,1002.943603515625,1018.1387865148666,993.0951937396337,1014.3252572637589,1939690,TCS.NS
2016-08-26,992.6828002929688,1011.3967546878646,989.6358917003054,1006.3840986160636,1250314,TCS.NS
2016-08-29,983.0900268554688,996.6143316118528,969.8015542149271,996.6143316118528,1488728,TCS.NS
2016-08-30,1000.2311401367188,1002.4524921312689,983.3650670356357,986.8051247414076,1444026,TCS.NS
2016-08-31,987.3162231445312,1002.531087511186,983.2078306297161,1002.531087511186,3231668,TCS.NS
2016-09-01,985.8221435546875,996.6140756403224,977.7822573334128,992.6629048811712,1345736,TCS.NS
2016-09-02,988.6924438476562,990.5008740708955,981.3208902600132,987.591605981814,1742330,TCS.NS
2016-09-06,976.6028442382812,990.7954808305177,975.0105698770152,990.6971934746833,2239066,TCS.NS
2016-09-07,959.5009765625,982.7557297644088,952.6011840352411,982.7557297644088,3854040,TCS.NS
2016-09-08,912.93212890625,927.8324506309427,898.2479625334943,927.8324506309427,7021516,TCS.NS
2016-09-09,924.8643188476562,930.4470213241549,912.1263162402233,915.9201696880524,2742438,TCS.NS
2016-09-12,927.4591064453125,929.3855001018019,913.6792008501998,918.7901430236303,2024454,TCS.NS
2016-09-14,915.428955078125,934.7523110366603,908.1753658334811,928.61914030246,2069858,TCS.NS
2016-09-15,914.839111328125,920.795383202076,910.8290060566434,919.9500542778331,2818964,TCS.NS
2016-09-16,928.5012817382812,934.1233395527152,912.1069645464222,918.6725428961861,4358004,TCS.NS
2016-09-19,948.0601196289062,954.1736121129876,923.9011077319823,929.7983488451652,2802546,TCS.NS
2016-09-20,946.1138916015625,950.2026063652115,937.8184020911832,947.8830636407095,1184552,TCS.NS
2016-09-21,948.82666015625,952.9940819112365,943.8336823066796,946.5857279227599,1678020,TCS.NS
2016-09-22,934.9092407226562,954.5667100397852,932.1965483503872,953.4855492273431,2857574,TCS.NS
2016-09-23,942.8114624023438,945.072071087574,932.2160109950233,936.4817196902088,1800726,TCS.NS
2016-09-26,943.9912719726562,951.0679627412309,941.593021707579,943.9912719726561,1753476,TCS.NS
2016-09-27,957.75146484375,962.4299051558658,943.9912333566358,943.9912333566358,2038792,TCS.NS
2016-09-28,952.6205444335938,958.3015333009297,949.5342836661902,955.7460625454606,1731328,TCS.NS
2016-09-29,958.4197998046875,965.7716757172018,951.2644986277149,957.3189620889015,3603958,TCS.NS
2016-09-30,955.6676635742188,963.1375028218623,952.6404321285024,958.1248475372594,2175364,TCS.NS
2016-10-03,948.1587524414062,966.2239551034118,943.9914247933076,963.2163994333856,1818880,TCS.NS
2016-10-04,945.583251953125,953.4069826938585,942.7722721041093,951.421559004147,1780718,TCS.NS
2016-10-05,938.1919555664062,949.6128669806013,934.1621748758025,946.7036002901431,1176354,TCS.NS
2016-10-06,939.1356811523438,944.5021323654304,932.8452904046985,941.5928650381427,2267572,TCS.NS
2016-10-07,930.8991088867188,938.8407070612607,927.1248364949889,938.8407070612607,1816512,TCS.NS
2016-10-10,935.8135986328125,938.4083272561837,925.8865756185871,931.7247870089825,1202142,TCS.NS
2016-10-13,915.6054077148438,931.7245297426,912.4602131728425,929.1298018356812,5173334,TCS.NS
2016-10-14,930.2702026367188,938.447730334076,900.7053834081978,910.1409701396674,7741214,TCS.NS
2016-10-17,928.7958984375,934.0444819855724,921.6995316722092,931.3316931918346,2728346,TCS.NS
2016-10-18,943.6370239257812,949.7308386780516,925.7880823352023,934.1228291222075,2128632,TCS.NS
2016-10-19,941.6321411132812,947.4900286228903,931.8820170576757,943.9516841176596,1985058,TCS.NS
2016-10-20,944.0105590820312,947.2344606610118,938.0543845976302,942.339674281302,1265854,TCS.NS
2016-10-21,954.8226318359375,956.1003678943426,942.8709237139051,943.5589354376617,1259660,TCS.NS
2016-10-24,957.0099487304688,959.8482010023492,947.0957471253855,957.2070509193674,1253190,TCS.NS
2016-10-25,945.47998046875,951.8464423476621,938.6011296154712,948.0620397837918,1772466,TCS.NS
2016-10-26,944.6124877929688,947.1748169200024,935.2501313672691,945.538906820043,1437130,TCS.NS
2016-10-27,953.2255859375,957.7194770720249,932.4903984416032,938.0880810144686,2941602,TCS.NS
2016-10-28,945.5780639648438,952.0430737939635,941.3600961824719,950.0325928809704,1752102,TCS.NS
2016-11-01,926.38037109375,945.9723111830874,920.1321926475078,945.9723111830874,2934776,TCS.NS
2016-11-02,908.2669067382812,924.0153574256608,904.6993367286226,922.8327439135973,2325076,TCS.NS
2016-11-03,914.3375244140625,920.4674230750974,900.5600976509892,904.3050400575046,1463310,TCS.NS
2016-11-04,918.7134399414062,920.9209276926754,904.3052442857079,914.5545626603497,1183752,TCS.NS
2016-11-07,897.6231689453125,924.3698803566468,890.9216939909418,921.6104494930825,2048052,TCS.NS
2016-11-08,900.047607421875,909.4296928556466,890.9020831615784,898.9635451525412,1933634,TCS.NS
2016-11-09,855.3645629882812,896.815122344281,844.7210428549645,859.3656996529813,4500226,TCS.NS
2016-11-10,849.6879272460938,874.1483316018636,843.9128707897603,869.1419545428694,2172426,TCS.NS
2016-11-11,828.282470703125,846.3765089691743,822.3891346399917,846.3765089691743,2398424,TCS.NS
2016-11-15,836.2260131835938,850.5159261049889,808.8681635285926,834.4914556635082,6290324,TCS.NS
2016-11-16,863.1499633789062,870.7580310470923,842.8089785342241,845.6078681755513,4019958,TCS.NS
2016-11-17,842.493896484375,870.6401574779673,839.7147353186846,861.336892137294,2504688,TCS.NS
2016-11-18,837.7240600585938,847.53971406448,829.4851278840482,844.3860779191237,2140534,TCS.NS
2016-11-21,840.798828125,843.5977188663744,829.8005599129524,838.1576769450422,1793366,TCS.NS
2016-11-22,841.6265869140625,858.3605482814881,836.5216580121942,840.4439734429889,1318860,TCS.NS
2016-11-23,850.0429077148438,852.6445996567096,838.5517888539389,847.1454661581606,1275808,TCS.NS
2016-11-24,862.6965942382812,870.2456661932455,842.4147972403948,849.4710174573031,3026234,TCS.NS
2016-11-25,906.808349609375,909.5283221314605,864.1750756814499,871.9803439396644,4276148,TCS.NS
2016-11-28,899.8111572265625,914.3375341287497,887.7090030649174,904.3050496655982,1924296,TCS.NS
2016-11-29,890.8430786132812,903.516714803012,887.9653665124571,896.8152382970559,1442296,TCS.NS
2016-11-30,897.2290649414062,904.6006689678775,883.9246646460948,892.8730864853437,3445832,TCS.NS
2016-12-01,892.26171875,902.7278623411204,888.5562367635421,897.603206354031,1123052,TCS.NS
2016-12-02,875.8630981445312,895.1593845738668,869.2995370385195,890.1135489277856,1998032,TCS.NS
2016-12-05,861.730712890625,882.1702470245541,855.4234432628803,878.681500015189,2249526,TCS.NS
2016-12-06,860.2918701171875,868.8066260196299,855.3839491469372,863.3074947873935,1593444,TCS.NS
2016-12-07,849.3331298828125,861.1198032323688,845.8246528928715,860.232843310841,2065706,TCS.NS
2016-12-08,865.5745239257812,866.8556885404955,851.4817131639246,851.6788154123423,3239546,TCS.NS
2016-12-09,865.37744140625,875.0945439782342,856.7246717517189,869.2209353380167,1588718,TCS.NS
2016-12-12,870.4822998046875,874.1878796032366,852.6642768370333,865.1999983522509,1311758,TCS.NS
2016-12-13,867.3681030273438,874.3455028050706,860.5483465389852,874.3455028050706,2147534,TCS.NS
2016-12-14,870.2459716796875,876.9868114966835,862.9137288176831,872.768842212129,1870366,TCS.NS
2016-12-15,890.6261596679688,895.671996026565,868.0382247617351,868.0382247617351,4295410,TCS.NS
2016-12-16,899.8306884765625,902.7281294847533,887.7483613972333,897.603471981128,1987230,TCS.NS
2016-12-19,902.2945556640625,905.7635741821133,891.4145702445279,898.7861744445585,1334210,TCS.NS
2016-12-20,922.1626586914062,924.4096052212884,901.5654723916996,903.5167655297198,2922760,TCS.NS
2016-12-21,912.031494140625,923.9364498061099,908.8778584018833,923.9364498061099,2034902,TCS.NS
2016-12-22,909.7056884765625,916.5254454479468,901.2302918842481,909.0355600872969,1868300,TCS.NS
2016-12-23,901.979248046875,913.6673715901032,898.3131273831051,906.6702425443802,1118954,TCS.NS
2016-12-26,903.9505615234375,907.3013004557687,893.2675789014642,893.2675789014642,897408,TCS.NS
2016-12-27,915.8947143554688,918.4965026018621,899.3775839854713,899.3775839854713,1294692,TCS.NS
2016-12-28,911.9525146484375,926.3409767344542,907.9119191311314,917.1954529581812,1350418,TCS.NS
2016-12-29,927.050537109375,930.2829941812771,907.8528006512907,907.8528006512907,1963516,TCS.NS
2016-12-30,932.510498046875,937.6548861515695,924.6657705516595,928.3121622698169,1405748,TCS.NS
2017-01-02,930.8547973632812,936.2751090216199,927.3265902362448,932.924370905556,823132,TCS.NS
2017-01-03,933.5747680664062,934.934754286241,923.7393854511623,930.8153366818544,1475324,TCS.NS
2017-01-04,938.0095825195312,941.6954329919229,929.6524665925865,934.1463592751771,1420066,TCS.NS
2017-01-05,920.2308349609375,942.1289115346655,914.7119726286875,939.7834142917234,2216404,TCS.NS
2017-01-06,899.337646484375,918.2398195564909,889.7585590410753,914.9481751734207,3009896,TCS.NS
2017-01-09,908.1287841796875,911.1247765356825,889.719455370442,896.8151355639147,1854578,TCS.NS
2017-01-10,912.7211303710938,918.4173642930183,903.3193176109808,908.2468722564694,1533914,TCS.NS
2017-01-11,916.2886352539062,918.3385750517612,898.8648206612755,912.5831525263472,1931296,TCS.NS
2017-01-12,924.1531372070312,930.3223976610989,908.2469509369372,916.2886823185007,2570374,TCS.NS
2017-01-13,886.6842651367188,929.5145486584908,882.1706425340008,925.5922328484784,10235580,TCS.NS
2017-01-16,890.3305053710938,896.3814861076196,878.2875398293875,886.9600379785106,3364808,TCS.NS
2017-01-17,898.2935791015625,901.8611493716054,888.0639907238578,888.8917624979181,3009956,TCS.NS
2017-01-18,904.7386474609375,905.8818018387934,893.0504280866775,897.9977130499441,3136574,TCS.NS
2017-01-19,903.12255859375,904.7584688611449,899.9491929479792,904.6993766794659,2251676,TCS.NS
2017-01-20,900.8948364257812,906.6698909301924,892.8727404160373,901.5452350249349,2037246,TCS.NS
2017-01-23,911.9052124023438,914.5934683967167,893.3643244178884,895.420015525638,2318546,TCS.NS
2017-01-24,916.5107421875,918.3489828623999,905.3031298987928,910.8377341863837,2282638,TCS.NS
2017-01-25,930.2088623046875,932.9761644874894,916.3921371380092,918.1909028599986,4111648,TCS.NS
2017-01-27,932.1063232421875,940.3884428259179,927.0658807215231,927.0658807215231,2871658,TCS.NS
2017-01-30,922.2623901367188,929.793422028313,916.4312911509244,925.4645915759185,2577956,TCS.NS
2017-01-31,881.5040283203125,921.9263912775301,869.7429985112443,917.1626607407803,4666804,TCS.NS
2017-02-01,857.0336303710938,885.5171017937478,852.1513755300817,877.6303081922197,4864152,TCS.NS
2017-02-02,872.747802734375,877.2348243313213,851.1431170731568,857.8834940846848,6009482,TCS.NS
2017-02-03,882.5914306640625,886.7225977839198,866.1654978798789,873.5581279652812,2153372,TCS.NS
2017-02-06,885.833251953125,892.8503400808357,875.6337468079872,892.652675626534,2408910,TCS.NS
2017-02-07,887.3550415039062,890.5176718269842,880.001887396423,887.1178056233482,1814638,TCS.NS
2017-02-08,897.772216796875,902.3778567537963,887.1379071564069,887.4738788383373,2212584,TCS.NS
2017-02-09,916.0958251953125,920.3258257959276,897.4757924330456,899.3733907584773,4033202,TCS.NS
2017-02-10,947.978759765625,958.4549738840691,913.6049368952545,913.6049368952545,5782160,TCS.NS
2017-02-13,954.4228515625,960.2539531719219,941.8118975355818,947.2080987237238,3819812,TCS.NS
2017-02-14,951.2603759765625,956.5577458016284,947.9989118303571,956.5577458016284,2033328,TCS.NS
2017-02-15,954.2051391601562,959.8583605041817,938.9455048474671,947.6031672687494,1924972,TCS.NS
2017-02-16,967.666259765625,979.6249583083315,962.8630525110058,972.5090385143243,4175680,TCS.NS
2017-02-17,951.912353515625,978.6761953973668,949.5799517741386,977.2529728499878,2723324,TCS.NS
2017-02-20,989.19189453125,1010.0652784937005,951.9915051975998,958.6725245977392,3973948,TCS.NS
2017-02-21,974.6242065429688,998.5612958050533,970.5917742841673,993.8569201909196,5501112,TCS.NS
2017-02-22,953.3355712890625,976.4623102152123,948.848550002184,974.8414232396941,4505496,TCS.NS
2017-02-23,981.1270751953125,985.6535708369316,954.719090974106,954.719090974106,4853352,TCS.NS
2017-02-27,984.3095703125,989.1127772069925,976.4820398228034,980.059785198601,2139892,TCS.NS
2017-02-28,974.9798583984375,984.3689193764255,968.5557640450774,984.1712549347836,2354828,TCS.NS
2017-03-01,980.2374877929688,989.073028044738,976.4620786714607,980.3757949553565,1130374,TCS.NS
2017-03-02,988.8951416015625,992.2752219196308,976.4818567145508,983.0640421898834,1544942,TCS.NS
2017-03-03,985.9697265625,988.2032954804893,978.59678717895,985.1592832903387,1013970,TCS.NS
2017-03-06,977.4509887695312,981.9972724382268,970.3548522593942,980.41595637955,1400694,TCS.NS
2017-03-07,988.2431640625,990.298854957247,978.4587741781919,981.5620480097709,1511672,TCS.NS
2017-03-08,993.1453857421875,996.2289709076925,985.2388066079995,989.1130496869233,1791510,TCS.NS
2017-03-09,996.129638671875,997.809785894558,989.9229964700669,993.9157590191921,858468,TCS.NS
2017-03-10,1005.0247802734375,1007.9107002142268,993.8369543888023,996.0706203260514,1171420,TCS.NS
2017-03-14,1015.0069580078125,1022.775132342021,1008.5038168594807,1010.7769580507348,3402294,TCS.NS
2017-03-15,987.6500854492188,1016.8450631178667,985.890891369545,1016.7858023966883,3022496,TCS.NS
2017-03-16,996.584716796875,998.9962620111594,990.6943540166068,990.6943540166068,1571818,TCS.NS
2017-03-17,998.502197265625,1006.5076093193235,992.1769334207274,1006.5076093193235,2593152,TCS.NS
2017-03-20,980.4153442382812,998.5806818172756,974.880741488549,998.5806818172756,3487540,TCS.NS
2017-03-21,983.0640869140625,985.1593488130163,974.4854714382365,981.2060608964312,3373700,TCS.NS
2017-03-22,980.0005493164062,986.7409263093081,976.4425892455794,980.4749246893476,1888716,TCS.NS
2017-03-23,972.6471557617188,982.4117568555481,967.4485246449269,981.2059848312999,2620638,TCS.NS
2017-03-24,959.5422973632812,976.3833472954233,958.0005532426093,976.3833472954233,5099814,TCS.NS
2017-03-27,953.552978515625,964.6024006460888,951.1612196534793,959.4433398148764,2181270,TCS.NS
2017-03-28,960.62939453125,965.9465486744791,952.7426026629961,952.7426026629961,1153158,TCS.NS
2017-03-29,966.42138671875,968.8724074050605,958.9101351380679,963.0215184495643,1717764,TCS.NS
2017-03-30,964.997802734375,974.4856959198011,962.6258294380185,966.5395467706705,2986086,TCS.NS
2017-03-31,961.3602905273438,964.9380343368668,954.7187494886128,963.9694018711307,1867044,TCS.NS
2017-04-03,953.4146118164062,962.6257937455579,952.0309607781683,962.6257937455579,1196888,TCS.NS
2017-04-05,949.2830200195312,956.6558615062337,946.812215698814,956.6558615062337,2905568,TCS.NS
2017-04-06,948.808837890625,952.7423398661629,945.8438721026598,948.789052148876,1720704,TCS.NS
2017-04-07,960.2738037109375,961.9341659950175,945.6861075705733,946.7732621812736,2277012,TCS.NS
2017-04-10,957.5853271484375,968.160374109412,950.7659043418276,961.4397835173908,2543264,TCS.NS
2017-04-11,956.4193725585938,965.8282211129866,951.1614780856219,955.628714638323,1557784,TCS.NS
2017-04-12,946.1204223632812,959.8580948492831,942.0683031407914,957.6837869738008,1050538,TCS.NS
2017-04-13,920.5825805664062,952.347295466102,917.5781389136275,948.7893354581339,2500472,TCS.NS
2017-04-17,915.1270751953125,922.2626841007196,907.3390192277327,921.2743619237007,2270882,TCS.NS
2017-04-18,912.7352294921875,922.7765432502018,910.0667598678044,921.1161814537513,1730620,TCS.NS
2017-04-19,908.920166015625,928.5087272316775,890.5967341640193,894.8267329934064,5626812,TCS.NS
2017-04-20,919.3372192382812,921.9068567033635,905.6785884861009,911.3515959576531,1268842,TCS.NS
2017-04-21,913.5258178710938,923.3496807225554,909.6515762960039,920.7603542738742,1161154,TCS.NS
2017-04-24,920.3654174804688,924.9313898902162,902.3383777673587,909.2566347710514,2000020,TCS.NS
2017-04-25,913.8023681640625,926.828430639403,910.3234560035173,920.325292271658,3148710,TCS.NS
2017-04-26,913.3482666015625,926.6312612428052,910.4623460001616,925.0697312133725,2187438,TCS.NS
2017-04-27,910.303955078125,920.2465337533365,900.4207336410367,911.6481311030697,5773186,TCS.NS
2017-04-28,898.6415405273438,908.7619954835889,896.6056360007742,906.8841838561623,2540510,TCS.NS
2017-05-02,905.2637329101562,910.0472518585884,901.350014872972,906.8846202274552,2382696,TCS.NS
2017-05-03,924.0021362304688,927.0461490585393,896.8034921702757,907.2797066479095,3514406,TCS.NS
2017-05-04,921.1559448242188,929.0229516381341,912.7354196189672,929.0031658891849,2708208,TCS.NS
2017-05-05,917.360595703125,922.104541899392,910.2446764087246,912.4189850820136,1682474,TCS.NS
2017-05-08,926.0380249023438,927.9948833634063,916.2536360812009,917.5582405605193,1071782,TCS.NS
2017-05-09,930.03125,933.3717607171822,922.1246700701637,926.6313820238231,1790270,TCS.NS
2017-05-10,922.0850219726562,931.4542991080947,915.5818798237126,930.9997094062362,1206388,TCS.NS
2017-05-11,928.8054809570312,932.9762202277441,918.2502184466069,927.9555624135861,2071302,TCS.NS
2017-05-12,933.2329711914062,936.889762897347,917.1826784780715,926.3740738470576,2314446,TCS.NS
2017-05-15,934.992431640625,940.0723501593828,925.7022023749255,938.9457206898588,1817604,TCS.NS
2017-05-16,960.3130493164062,962.6257617240069,938.2932514006707,940.8826747035467,3601026,TCS.NS
2017-05-17,970.670654296875,972.8053913130545,957.8817283964365,962.0326809957608,2876198,TCS.NS
2017-05-18,1002.63330078125,1016.7860970180324,965.4921638578109,968.5559633336622,5138594,TCS.NS
2017-05-19,991.1486206054688,1004.3526612115218,982.7874546000569,1002.632942224053,1786044,TCS.NS
2017-05-22,1000.7158813476562,1009.5712103820645,992.2755704587299,992.2755704587299,1663940,TCS.NS
2017-05-23,996.9007568359375,1013.6824474693631,993.8567439480145,1001.4470386797728,2748596,TCS.NS
2017-05-24,1011.70556640625,1015.9949220961321,1000.0433678841348,1002.0793689254485,2534548,TCS.NS
2017-05-25,1037.5804443359375,1042.699935150192,1015.2047862202222,1018.7627469195921,4094094,TCS.NS
2017-05-26,1019.2568969726562,1038.4699231453228,1013.8803844794401,1037.7385259587793,1362550,TCS.NS
2017-05-29,1017.1216430664062,1026.4711296735538,1013.6229449193113,1019.5528763443463,1749290,TCS.NS
2017-05-30,1008.5236206054688,1018.34748610652,998.2054974512183,1012.0420092970768,927634,TCS.NS
2017-05-31,1006.7445678710938,1016.9835472919144,999.3914120715101,1001.368056478297,2502730,TCS.NS
2017-06-01,1009.5117797851562,1013.623161177359,1000.1819804129166,1000.1819804129166,1080064,TCS.NS
2017-06-02,1013.9786376953125,1024.632824357186,1009.0765999687793,1010.5590827307315,1355648,TCS.NS
2017-06-05,1029.41650390625,1035.721979541616,1012.1010815743884,1014.0184650366373,1500188,TCS.NS
2017-06-06,1065.806640625,1070.9261302224606,1039.7149350310644,1040.1102639037,5946720,TCS.NS
2017-06-07,1033.8839111328125,1067.3880355830586,1018.5847019259578,1066.202048876855,4927776,TCS.NS
2017-06-08,996.8614501953125,1029.8120579964389,994.4499051602396,1027.0645412865445,3330714,TCS.NS
2017-06-09,991.0894165039062,1007.0606632692361,982.7875107414085,996.2286914997383,3148034,TCS.NS
2017-06-12,983.2620849609375,993.4220190509756,976.6205397042304,987.1363277370042,1626506,TCS.NS
2017-06-13,980.0039672851562,991.8165611577047,978.1850911398232,985.3805679034182,1175414,TCS.NS
2017-06-14,987.4591064453125,989.7776681594937,981.3829464182379,981.3829464182379,1489142,TCS.NS
2017-06-15,963.8741455078125,987.2594468739652,961.3957228307231,986.9796422740355,2997198,TCS.NS
2017-06-16,959.2772827148438,973.3884364459627,954.0006174859507,965.3734525940228,2450426,TCS.NS
2017-06-19,972.0687866210938,977.9251629844789,961.4554402924693,966.1524869973038,1644742,TCS.NS
2017-06-20,977.3856201171875,978.9846149967248,951.5218974596518,971.7891380388069,1670958,TCS.NS
2017-06-21,961.9151611328125,976.2460911587102,958.2774095117713,975.3866706303288,1657818,TCS.NS
2017-06-22,957.33837890625,971.7892578741045,953.4008144918713,962.9947849521668,5775882,TCS.NS
2017-06-23,944.0865478515625,964.9734188110878,941.0085021765079,959.1570553215597,1424756,TCS.NS
2017-06-27,936.5514526367188,953.2808802436758,932.054278936744,939.6495056300348,1974330,TCS.NS
2017-06-28,939.4296875,942.6076709428459,933.413448537551,939.3696666230123,1789726,TCS.NS
2017-06-29,932.7135009765625,948.2237675063137,928.656091376387,943.0070283097443,2471826,TCS.NS
2017-06-30,944.3463745117188,950.2026538917297,928.6562381359298,929.1758333667264,1753848,TCS.NS
2017-07-03,948.8438720703125,952.6214790352141,936.651532624961,942.3678628791324,1475956,TCS.NS
2017-07-04,946.1453247070312,951.5818489014663,939.4295264951713,948.7236845076376,1215134,TCS.NS
2017-07-05,941.80810546875,945.4058444115423,937.4108689831148,943.7269190905555,815856,TCS.NS
2017-07-06,938.4302978515625,944.166634470037,935.4521888648374,943.0074020091383,1026788,TCS.NS
2017-07-07,932.194091796875,941.9879363163709,929.6157318403165,939.4095763598124,1232090,TCS.NS
2017-07-10,973.3681030273438,977.3455831774888,950.9821752413136,961.7953973783672,783608,TCS.NS
2017-07-11,989.697998046875,1005.2881996635596,969.7904903096645,969.7904903096645,3537504,TCS.NS
2017-07-12,975.1670532226562,992.6960746704746,971.4294610263025,992.3762561565583,2646450,TCS.NS
2017-07-13,977.9452514648438,988.1788579639206,970.0303047075612,977.3856422822759,3131960,TCS.NS
2017-07-14,958.3775634765625,969.3906603950833,949.4032240982774,952.6012139057664,4508432,TCS.NS
2017-07-17,957.5780639648438,968.231426045067,952.2813933575839,958.4774985962651,2211822,TCS.NS
2017-07-18,962.7348022460938,976.5860553978762,957.8577901235731,957.8577901235731,1908002,TCS.NS
2017-07-19,979.2244873046875,983.3818348857565,965.4331566934849,965.5930171408718,3915576,TCS.NS
2017-07-20,977.2655639648438,982.142478269444,971.5891523121156,979.0844399508123,1182504,TCS.NS
2017-07-21,995.8538818359375,999.3716897026692,973.2081583852316,973.348011864855,2148416,TCS.NS
2017-07-24,1014.4943237304688,1018.2224807339018,994.9717311738364,994.9717311738364,2271402,TCS.NS
2017-07-25,1030.8502197265625,1034.2576577462692,1009.5637148319689,1012.5101856793176,2678832,TCS.NS
2017-07-26,1024.636962890625,1032.2535913315178,1021.0290862607285,1026.2404636150236,1459826,TCS.NS
2017-07-27,994.85205078125,1036.18232664342,988.7587667853447,1019.1050024903575,4255304,TCS.NS
2017-07-28,995.8941650390625,999.401822637911,978.9371264443611,994.5712574563718,1382752,TCS.NS
2017-07-31,998.90087890625,1009.8046651649312,987.3556531565007,990.5626548719908,2019662,TCS.NS
2017-08-01,1002.8493041992188,1010.5060588980924,998.5800228960223,1002.1878993336234,1747460,TCS.NS
2017-08-02,991.6849975585938,1005.3949085558271,986.9546510623788,1002.1879072526186,1251024,TCS.NS
2017-08-03,997.95849609375,1002.9894981625093,988.7383688124798,994.170245980425,1882548,TCS.NS
2017-08-04,1011.3275146484375,1013.5323272467051,997.3770444526959,998.4995140766986,1387890,TCS.NS
2017-08-07,1003.57080078125,1010.2053035991056,994.6513293506628,1008.8022406774402,1885520,TCS.NS
2017-08-08,1003.4102783203125,1013.6526550629308,1000.7043718276185,1006.9980903181305,1073958,TCS.NS
2017-08-09,1006.9983520507812,1011.3478864693457,999.5020065040026,1002.18785036901,992946,TCS.NS
2017-08-10,1006.7776489257812,1010.4457144432992,996.7157436510807,1005.795524603673,1526172,TCS.NS
2017-08-11,1000.6041259765625,1016.2181886302587,995.3726873250226,1002.1474361012727,1394736,TCS.NS
2017-08-14,989.9207763671875,1006.1562153517032,987.35521528055,1003.3902167467385,786504,TCS.NS
2017-08-16,999.1212158203125,1019.7462226430215,988.2373968132327,995.7738691813407,1373340,TCS.NS
2017-08-17,996.4353637695312,1004.1923377419724,986.994831465137,1002.4685548736612,1752374,TCS.NS
2017-08-18,1007.7200317382812,1022.1915667943298,990.7228656427277,991.7651802428488,2837356,TCS.NS
2017-08-21,1013.7327880859375,1021.8304440592336,999.90259965124,1004.3923803807022,2304834,TCS.NS
2017-08-22,1001.205810546875,1018.0225045246978,998.9809337568603,1011.4080641527121,1131326,TCS.NS
2017-08-23,997.95849609375,1008.9224692044365,991.4242124030443,1004.1921234600663,1562272,TCS.NS
2017-08-24,1000.8248901367188,1009.3835154525111,996.6356667263061,1001.2657940584062,1623908,TCS.NS
2017-08-28,997.0968627929688,1004.3526448872701,986.5538259003428,1004.0320230366297,2036796,TCS.NS
2017-08-29,990.5021362304688,1000.5841043843044,987.7360397199764,994.9718537988155,1312602,TCS.NS
2017-08-30,995.9943237304688,998.1790736148014,986.1929463767863,994.5711974451093,970782,TCS.NS
2017-08-31,1000.7245483398438,1003.9515144483577,988.8184801294547,996.1745770191832,1784664,TCS.NS
2017-09-01,984.7296142578125,1001.4060574715584,976.7522389608396,994.1702423834574,1702330,TCS.NS
2017-09-04,984.6293334960938,986.5535534180632,977.3334267506046,983.3866794932837,1062544,TCS.NS
2017-09-05,995.9140625,998.1789675957837,976.9526512925751,986.1527149741477,1165994,TCS.NS
2017-09-06,983.4268188476562,992.1058238649782,982.144038045414,989.4198822813407,1228764,TCS.NS
2017-09-07,986.1929321289062,989.5201173636294,982.5649926811491,985.3510552201791,870636,TCS.NS
2017-09-08,990.40234375,991.7652803308596,983.1665265567862,983.6475572400351,1021134,TCS.NS
2017-09-11,983.9281005859375,995.3530436178012,982.1442255461745,990.6427600871206,732764,TCS.NS
2017-09-12,997.5576171875,1000.9851188464361,984.9501149402056,991.7248649426292,1396460,TCS.NS
2017-09-13,997.8580932617188,1014.8752185093223,992.2458429083122,1002.1875631083226,1278980,TCS.NS
2017-09-14,996.956787109375,1001.226167687904,990.9235943953614,994.9724739894687,1081510,TCS.NS
2017-09-15,1004.6129760742188,1009.0025384613662,996.1745363831923,1001.7867872923933,2944072,TCS.NS
2017-09-18,1001.8073120117188,1009.7846903301868,997.8787149919467,1004.1724368362078,726600,TCS.NS
2017-09-19,1001.4862060546875,1004.192112945859,998.780299163516,1004.192112945859,782754,TCS.NS
2017-09-20,999.6024169921875,1007.8002956064088,991.8855690644137,1007.8002956064088,1334642,TCS.NS
2017-09-21,1012.169677734375,1018.6238071202931,994.1704217466852,998.6001119498217,2438740,TCS.NS
2017-09-22,1003.6309814453125,1012.9712933696853,998.9807909430423,1010.1651675524296,2435396,TCS.NS
2017-09-25,1006.4974365234375,1015.8177851838656,999.2816827218156,1000.8050280983651,1599558,TCS.NS
2017-09-26,992.0254516601562,1012.7707365082438,988.5579214566927,1006.1964245159363,1449230,TCS.NS
2017-09-27,1000.1834716796875,1007.0785044956423,991.6648749770048,998.1790959849386,2010356,TCS.NS
2017-09-28,992.7470703125,1007.7999491104633,982.9456942000223,1000.0630405079121,4332866,TCS.NS
2017-09-29,976.511962890625,995.7740365943848,970.7193355931171,993.7696605142834,1985014,TCS.NS
2017-10-03,981.522705078125,983.8678637667008,972.9440163339291,978.1353297601091,1923006,TCS.NS
2017-10-04,979.0573120117188,983.7475312787989,972.1221529548033,981.9837199224289,1300778,TCS.NS
2017-10-05,973.9661865234375,979.5182479616692,971.8815576980688,978.5361235361963,1684686,TCS.NS
2017-10-06,980.801025390625,984.1483716274186,973.3448072440217,974.1264941159377,1389188,TCS.NS
2017-10-09,983.7882080078125,989.3402727277153,978.5567652629559,978.5567652629559,1773616,TCS.NS
2017-10-10,985.8519897460938,990.1413333073335,982.644989271165,984.1482707437879,1222010,TCS.NS
2017-10-11,1002.3281860351562,1007.9804667341373,984.8499909473126,986.152835140079,1527746,TCS.NS
2017-10-12,1021.5098876953125,1024.2358578891137,1004.9938535138976,1007.3991040607996,5006356,TCS.NS
2017-10-13,1025.678955078125,1045.86295537952,1011.4077639692879,1021.509795783351,4066320,TCS.NS
2017-10-16,1036.021484375,1038.2664238989535,1024.2558598763026,1024.2558598763026,1218590,TCS.NS
2017-10-17,1040.0906982421875,1048.2685126121075,1033.2758203106157,1036.262320771351,1443016,TCS.NS
2017-10-18,1036.903564453125,1047.747157524835,1034.2577496664846,1040.270876118034,1514144,TCS.NS
2017-10-19,1035.8211669921875,1040.5916395664703,1030.649917174163,1039.0682945606497,86822,TCS.NS
2017-10-23,1037.4249267578125,1053.9009371947534,1021.209543931825,1035.8615525717926,1886088,TCS.NS
2017-10-24,1033.6162109375,1050.653400911372,1029.8680878651805,1050.2926525069392,1339020,TCS.NS
2017-10-25,1028.993408203125,1050.73982251427,1027.023812748263,1036.4700200279437,1105106,TCS.NS
2017-10-26,1020.5321655273438,1032.7116657354638,1012.1108931528054,1019.0247919237346,3007552,TCS.NS
2017-10-27,1038.8017578125,1042.3591014702472,1017.0955728254619,1020.1906943907929,1409270,TCS.NS
2017-10-30,1051.62451171875,1053.152003717821,1037.75667044842,1039.4851456543072,1137252,TCS.NS
2017-10-31,1054.760009765625,1061.1914732398056,1045.6353905889002,1045.6353905889002,1592634,TCS.NS
2017-11-01,1046.2581787109375,1055.9053713447636,1036.6109860771116,1054.7597279649694,741882,TCS.NS
2017-11-02,1055.6240234375,1074.8581549563016,1047.8259145221912,1048.5293557230789,1468422,TCS.NS
2017-11-03,1053.1925048828125,1059.865090147951,1046.2384645481754,1058.1366145067102,666886,TCS.NS
2017-11-06,1071.4615478515625,1073.9738378297666,1049.8357360919165,1053.1519588631459,1377000,TCS.NS
2017-11-07,1089.349365234375,1112.643304972404,1071.6628387102471,1073.2505868050284,2696892,TCS.NS
2017-11-08,1099.3780517578125,1109.0252448993801,1092.64511487776,1094.5544551870287,1402252,TCS.NS
2017-11-09,1099.94091796875,1105.4077007615967,1093.0673507839983,1105.4077007615967,1152432,TCS.NS
2017-11-10,1088.8265380859375,1095.760458817634,1082.6362944843477,1094.2329667972979,1356566,TCS.NS
2017-11-13,1109.0054931640625,1116.421755713344,1086.1336377928135,1086.1336377928135,1496996,TCS.NS
2017-11-14,1091.17822265625,1108.040696506363,1088.3242214544075,1108.040696506363,1657252,TCS.NS
2017-11-15,1087.4400634765625,1107.4177802109919,1085.8523153245844,1087.7214204177653,6670834,TCS.NS
2017-11-16,1104.0611572265625,1110.6333482159287,1080.0637787762016,1089.329125466944,1653482,TCS.NS
2017-11-17,1088.243896484375,1104.6441488807395,1086.7566401007223,1104.6441488807395,1325464,TCS.NS
2017-11-20,1086.6959228515625,1096.122014249518,1083.4199363126763,1091.338653879307,1014498,TCS.NS
2017-11-21,1074.43603515625,1085.7112119457056,1071.64238839217,1085.7112119457056,1527740,TCS.NS
2017-11-22,1077.53125,1089.2083941876697,1074.21502701813,1074.4562461258904,1822624,TCS.NS
2017-11-23,1077.77294921875,1082.49605678176,1072.8488583551864,1077.6724575684732,793470,TCS.NS
2017-11-24,1080.5059814453125,1086.4751245995535,1074.4966023898264,1078.0740646922463,2287512,TCS.NS
2017-11-27,1079.621826171875,1083.661511223121,1070.1152590112674,1080.4860149426765,1856786,TCS.NS
2017-11-28,1079.400634765625,1086.2742028598943,1073.2505278439683,1079.6819916812353,911716,TCS.NS
2017-11-29,1068.4869384765625,1082.4955066605853,1065.2109515969369,1076.2650275097353,1447532,TCS.NS
2017-11-30,1059.9854736328125,1072.024348558182,1054.3579436249022,1066.6781754234003,4299962,TCS.NS
2017-12-01,1057.1517333984375,1072.446577719191,1053.755136240952,1059.1816837668923,1031144,TCS.NS
2017-12-04,1058.1165771484375,1068.6279620836597,1046.2987029251692,1053.9561845338935,1259104,TCS.NS
2017-12-05,1059.4022216796875,1065.8939376804844,1056.4276124022851,1057.573255525389,1167914,TCS.NS
2017-12-06,1058.498046875,1063.2010337106528,1050.2778543512686,1059.5833364314863,1407518,TCS.NS
2017-12-07,1052.046875,1063.5832945025404,1051.1424503295443,1058.096490756319,1326300,TCS.NS
2017-12-08,1045.715576171875,1063.2011143473417,1043.9067273951025,1052.3480216867072,1385548,TCS.NS
2017-12-11,1069.6728515625,1074.3154850831065,1048.4691234616223,1048.4691234616223,1008002,TCS.NS
2017-12-12,1049.996826171875,1070.034896834074,1048.0874851651276,1069.6329303063378,1882246,TCS.NS
2017-12-13,1056.528564453125,1065.7939106347458,1045.5147231181043,1049.6951348902614,2961458,TCS.NS
2017-12-14,1028.1500244140625,1057.9759217291546,1017.4175375405108,1057.9759217291546,5504150,TCS.NS
2017-12-15,1023.2459716796875,1038.8623114758755,1019.7287647702279,1030.5416244716248,2718138,TCS.NS
2017-12-18,1037.2740478515625,1040.6706434943444,1002.6446900038127,1019.788513621164,2180664,TCS.NS
2017-12-19,1035.184326171875,1044.2285722392278,1030.9234421033818,1035.4656830889226,1801952,TCS.NS
2017-12-20,1040.670654296875,1042.1981458957507,1025.2753250609715,1037.8770080813147,1577570,TCS.NS
2017-12-21,1043.3839111328125,1048.3281162777946,1037.093177757063,1039.8868239304657,1293648,TCS.NS
2017-12-22,1063.9046630859375,1070.7983481997503,1041.1734415327196,1046.7205979695027,3665664,TCS.NS
2017-12-26,1064.98974609375,1081.1890099258699,1057.8147054952258,1079.6816360854677,2175786,TCS.NS
2017-12-27,1053.11181640625,1068.6277599428204,1049.3333711983196,1064.9899441043506,739284,TCS.NS
2017-12-28,1055.9459228515625,1066.6181535117096,1047.3840164069557,1048.650269818094,2605088,TCS.NS
2017-12-29,1085.79150390625,1088.886625227901,1052.5690237545705,1054.3979903061927,2609542,TCS.NS
2018-01-01,1063.4425048828125,1083.2192350699193,1059.1816211560727,1078.194654324397,1351760,TCS.NS
2018-01-02,1057.654296875,1073.0898702573043,1053.2326651170474,1069.2309523776387,1920290,TCS.NS
2018-01-03,1060.6488037109375,1072.8485255243613,1057.6541730889912,1057.9757658973845,1257120,TCS.NS
2018-01-04,1068.06494140625,1070.0345374761496,1061.1912768358509,1065.2109407632595,913082,TCS.NS
2018-01-05,1080.968017578125,1085.108291103656,1065.2109544081081,1065.2109544081081,1153706,TCS.NS
2018-01-08,1091.0977783203125,1096.102339524943,1078.0138478542724,1085.309500240237,1242220,TCS.NS
2018-01-09,1088.9271240234375,1093.7507214720463,1075.8833322167595,1091.338922747742,2149396,TCS.NS
2018-01-10,1128.1588134765625,1131.9372579666688,1083.1586014343522,1089.730790606406,3365850,TCS.NS
2018-01-11,1121.687255859375,1134.3089617523021,1118.3509150625578,1129.5256007757905,2520744,TCS.NS
2018-01-12,1115.9996337890625,1127.5159337509112,1101.6092147221207,1127.5159337509112,3360314,TCS.NS
2018-01-15,1103.84033203125,1128.7220210906341,1099.3985822283898,1116.3213143322987,1457214,TCS.NS
2018-01-16,1145.9459228515625,1150.2870813570232,1105.6286742838822,1107.8193714833894,4267752,TCS.NS
2018-01-17,1161.2608642578125,1175.7517732615158,1150.4881446225431,1153.6436202600173,4280806,TCS.NS
2018-01-18,1173.0184326171875,1178.9675554907087,1152.859855128504,1164.4967638106318,2209478,TCS.NS
2018-01-19,1189.539306640625,1198.6639252099592,1167.169815351735,1177.982771479731,1820000,TCS.NS
2018-01-22,1255.658447265625,1263.0318947102637,1177.3309260312797,1193.0447884937093,4367110,TCS.NS
2018-01-23,1249.856201171875,1266.1140412020345,1245.0413331590223,1255.0739886564143,3239610,TCS.NS
2018-01-24,1279.1085205078125,1313.1350588992666,1242.059986938684,1245.0214851587637,5621538,TCS.NS
2018-01-25,1257.5321044921875,1281.20362849311,1241.3951565420073,1279.2695949434835,3833844,TCS.NS
2018-01-29,1288.8787841796875,1299.4150873230967,1257.914388410142,1261.7017914876094,3141060,TCS.NS
2018-01-30,1270.3448486328125,1290.8735785135636,1266.6580760015029,1281.284074258828,1574758,TCS.NS
2018-01-31,1254.0264892578125,1269.1963684088073,1248.4863463798376,1263.9584151423583,3043214,TCS.NS
2018-02-01,1264.6033935546875,1285.3134199708675,1244.537979424909,1258.7207285231943,2400630,TCS.NS
2018-02-02,1270.6671142578125,1285.3132782652788,1250.4405738786652,1257.1089116575768,2456490,TCS.NS
2018-02-05,1250.3399658203125,1284.5075643707307,1239.723094377125,1253.0798385172436,2757742,TCS.NS
2018-02-06,1207.6505126953125,1239.843742499211,1202.714748651433,1212.7877364960848,2657306,TCS.NS
2018-02-07,1190.647216796875,1221.248931314202,1187.5849894327778,1219.6372534107852,2180324,TCS.NS
2018-02-08,1198.3629150390625,1219.878871012135,1192.2385595505882,1200.5991374859293,2755004,TCS.NS
2018-02-09,1197.35595703125,1206.3410822946246,1167.1168263934462,1188.6126228353849,2102458,TCS.NS
2018-02-12,1195.5830078125,1218.1666646261858,1190.8487038625692,1200.0151221486055,1974562,TCS.NS
2018-02-14,1173.220703125,1198.463563639419,1165.444339200014,1196.6705920221405,2847532,TCS.NS
2018-02-15,1178.8818359375,1185.7918647107938,1170.5212578903547,1181.3395854022488,2465236,TCS.NS
2018-02-16,1181.7833251953125,1208.5976436306337,1177.7339636349047,1177.7339636349047,2515756,TCS.NS
2018-02-19,1177.9752197265625,1189.94190646173,1166.5322495262203,1186.5976557039435,1568224,TCS.NS
2018-02-20,1186.4974365234375,1202.7351153166592,1179.7082022338338,1179.748533539562,1889068,TCS.NS
2018-02-21,1225.802001953125,1233.9812873930496,1192.6618734179792,1198.2825807115348,3089228,TCS.NS
2018-02-22,1228.9849853515625,1240.5890861166808,1217.824135364621,1229.7102600935727,3463010,TCS.NS
2018-02-23,1239.2994384765625,1244.6179545749856,1205.5751063219607,1228.9040988843335,3362500,TCS.NS
2018-02-26,1221.5308837890625,1245.0009418840955,1217.3002295401723,1238.977315746382,1363882,TCS.NS
2018-02-27,1225.82177734375,1240.4074387768146,1221.6515225415694,1225.2777968499051,1717800,TCS.NS
2018-02-28,1222.8809814453125,1234.5253169169612,1217.4012363004017,1222.8608157943106,2706864,TCS.NS
2018-03-01,1223.9486083984375,1233.4172171352113,1216.8169525556084,1228.501618656308,1718124,TCS.NS
2018-03-05,1251.4078369140625,1254.5505309931175,1222.0349400406517,1228.501819076934,2858168,TCS.NS
2018-03-06,1226.0037841796875,1259.9295949815573,1220.9067921948727,1257.9149969723128,1906764,TCS.NS
2018-03-07,1219.818603515625,1244.6183180670678,1216.212493714938,1236.9628476742953,1917772,TCS.NS
2018-03-08,1210.35009765625,1230.8788279543041,1203.7220910879141,1230.8788279543041,1951826,TCS.NS
2018-03-09,1222.4976806640625,1234.2225751255194,1199.5715098497485,1210.7726878336202,1872436,TCS.NS
2018-03-12,1229.770751953125,1242.5634464877312,1223.0621814109325,1226.0840777576898,2091340,TCS.NS
2018-03-13,1163.148193359375,1184.462598513621,1157.1849642597176,1178.499369413964,88067154,TCS.NS
2018-03-14,1163.188232421875,1177.753830957804,1158.4136955028403,1165.6259150019807,3668668,TCS.NS
2018-03-15,1156.2581787109375,1169.4941248839793,1150.5770722456396,1166.4520626977842,2348906,TCS.NS
2018-03-16,1138.5296630859375,1157.1848564553843,1130.1892487316688,1155.895533670743,7197482,TCS.NS
2018-03-19,1140.6650390625,1147.5146701695514,1136.232924816761,1139.8592001087293,3489940,TCS.NS
2018-03-20,1154.3038330078125,1157.668151415266,1135.8299367604347,1136.2328562129926,4024984,TCS.NS
2018-03-21,1151.040283203125,1162.1407351171479,1148.3205765743962,1157.3862653368255,3907678,TCS.NS
2018-03-22,1140.80615234375,1158.7763028123807,1137.2604411113734,1152.3295908877024,2326094,TCS.NS
2018-03-23,1135.4873046875,1141.9139480216843,1127.388683505536,1128.980195513492,3654122,TCS.NS
2018-03-26,1135.0242919921875,1139.2146156679073,1120.7408146297398,1135.8301310351355,2964210,TCS.NS
2018-03-27,1147.3939208984375,1153.5586093543318,1137.461993874904,1138.2476672811692,2494574,TCS.NS
2018-03-28,1147.9781494140625,1158.3936587016515,1138.2476820285792,1142.6394655956983,6865654,TCS.NS
2018-04-02,1172.3546142578125,1174.1073533264093,1144.2913120957455,1144.2913120957455,1662988,TCS.NS
2018-04-03,1172.999267578125,1180.513676093238,1165.2833993347892,1165.2833993347892,1937290,TCS.NS
2018-04-04,1172.8582763671875,1182.1657557137664,1165.2431375338147,1180.332452403802,2841820,TCS.NS
2018-04-05,1191.815673828125,1194.1526265205089,1176.665960177355,1179.1640413165176,1809424,TCS.NS
2018-04-06,1188.7335205078125,1192.6418203127348,1179.1641815779385,1190.224303109398,1129018,TCS.NS
2018-04-09,1178.09619140625,1194.0518416632056,1174.5102474939242,1184.4623386650962,1235866,TCS.NS
2018-04-10,1183.615966796875,1191.5332929770511,1178.8211673286405,1178.8211673286405,1184532,TCS.NS
2018-04-11,1214.45947265625,1218.8311875028248,1186.8394264247286,1188.8540234288655,3124416,TCS.NS
2018-04-12,1264.864990234375,1269.196374687674,1211.9616423077175,1212.7876469237776,6114360,TCS.NS
2018-04-13,1270.526123046875,1305.7815805184582,1261.9842490247072,1269.1964689769995,8179118,TCS.NS
2018-04-16,1284.366455078125,1289.322385181695,1253.3819812510349,1255.497308873495,6270274,TCS.NS
2018-04-17,1275.8851318359375,1287.307842463997,1268.068433266019,1284.3665099703946,3301724,TCS.NS
2018-04-18,1272.86328125,1286.7035097659605,1267.5245968287388,1275.6433869972304,2433066,TCS.NS
2018-04-19,1285.7763671875,1296.2724385637407,1275.5422524759103,1281.2435233620704,4820952,TCS.NS
2018-04-20,1370.9130859375,1378.9312409784307,1305.4588494116322,1309.4880433912977,18465662,TCS.NS
2018-04-23,1373.4119873046875,1433.5477433893125,1365.7162812258418,1379.596843107243,15185910,TCS.NS
2018-04-24,1364.14453125,1387.3124053094457,1346.7585920643064,1373.9556616123514,8314336,TCS.NS
2018-04-25,1398.2313232421875,1403.3685466040024,1355.844213687526,1363.8824376269158,8196574,TCS.NS
2018-04-26,1426.032958984375,1434.393539304761,1396.9220226880914,1396.9220226880914,12135034,TCS.NS
2018-04-27,1390.8577880859375,1427.9465434610916,1377.9845312180962,1420.2910738432133,4501330,TCS.NS
2018-04-30,1423.1517333984375,1429.9610322998847,1385.075847922997,1390.8576826219416,3458558,TCS.NS
2018-05-02,1410.1175537109375,1423.192272123545,1398.6545133367165,1422.507328631035,3158046,TCS.NS
2018-05-03,1402.9053955078125,1420.6942532908868,1398.2918882249064,1414.166976622289,3761550,TCS.NS
2018-05-04,1402.462158203125,1409.0096005850255,1398.1307732427906,1406.9950029290562,2347244,TCS.NS
2018-05-07,1378.3671875,1406.1887934744916,1374.3178276043036,1406.1887934744916,3484426,TCS.NS
2018-05-08,1386.526611328125,1404.7788849785618,1368.596692962559,1383.9076344882108,2992820,TCS.NS
2018-05-09,1405.9073486328125,1408.1032407300836,1386.1239573659325,1386.1239573659325,2615050,TCS.NS
2018-05-10,1390.5760498046875,1414.710890684038,1386.123769254289,1411.4069701598287,3858678,TCS.NS
2018-05-11,1392.87255859375,1404.174470345948,1387.0503914392903,1391.7645299586134,2627876,TCS.NS
2018-05-14,1383.4442138671875,1398.5335288681504,1374.2777956068157,1392.892656092537,2433894,TCS.NS
2018-05-15,1403.1268310546875,1408.52601138996,1383.5046710281147,1390.0722785687797,1952890,TCS.NS
2018-05-16,1407.760009765625,1413.844131869342,1400.2456025303306,1402.1393039792986,1648450,TCS.NS
2018-05-17,1406.91455078125,1423.5752157020065,1400.5484020074095,1415.4362601972891,2968048,TCS.NS
2018-05-18,1411.04443359375,1417.3500852208088,1393.2958076941122,1402.4823931329347,1874996,TCS.NS
2018-05-21,1433.0841064453125,1447.28702055291,1417.4911395669478,1421.7821934178012,3446178,TCS.NS
2018-05-22,1413.8037109375,1440.4165544895295,1407.679356304724,1433.5870909727732,1857416,TCS.NS
2018-05-23,1408.244140625,1428.3497865664333,1402.562935694712,1420.2913956690204,1507298,TCS.NS
2018-05-24,1452.0010986328125,1456.554109020846,1411.1652630624544,1414.247558136423,2962316,TCS.NS
2018-05-25,1444.7884521484375,1480.6482799386777,1439.4497699212388,1460.5828734788786,3769772,TCS.NS
2018-05-28,1411.04443359375,1457.1585565430182,1404.577555124834,1457.1585565430182,3716798,TCS.NS
2018-05-29,1419.6868896484375,1427.9467395811162,1405.3832470820917,1422.2655351578605,3525312,TCS.NS
2018-05-30,1415.8995361328125,1423.5146757753396,1403.1672398493124,1413.8647728664048,3779106,TCS.NS
2018-05-31,1414.680419921875,1429.3062186321035,1402.53282203613,1408.951942418684,5049371,TCS.NS
2018-06-01,1407.6927490234375,1428.0470294308927,1394.5702340489902,1425.2031235401341,1603856,TCS.NS
2018-06-04,1417.2806396484375,1421.1402257389234,1391.563588281689,1417.8900479785143,1681483,TCS.NS
2018-06-05,1398.87646484375,1423.4966006420527,1390.3854152617314,1417.0774798351058,2449568,TCS.NS
2018-06-06,1402.2486572265625,1409.6834591667098,1393.6762731599752,1400.0141598733114,2236512,TCS.NS
2018-06-07,1410.2115478515625,1421.140230935882,1400.6641506454469,1401.6391643021136,2414762,TCS.NS
2018-06-08,1419.5965576171875,1427.884571505572,1409.7647884402186,1409.7647884402186,2582138,TCS.NS
2018-06-11,1421.70947265625,1432.5163572269855,1416.2654626469857,1419.5968761983677,2179378,TCS.NS
2018-06-12,1447.1417236328125,1450.391901563487,1424.390478118091,1427.6406560487655,4608875,TCS.NS
2018-06-13,1482.1627197265625,1488.2974716891395,1460.9553235766757,1475.5811277059195,5370983,TCS.NS
2018-06-14,1452.4637451171875,1488.8251060964815,1449.579172895208,1486.9562143487842,3819998,TCS.NS
2018-06-15,1495.1226806640625,1500.8510603890265,1453.317202886318,1462.580230852565,9183574,TCS.NS
2018-06-18,1486.14404296875,1517.792614815664,1480.5781324102356,1517.792614815664,4674987,TCS.NS
2018-06-19,1482.4871826171875,1494.269075819681,1479.643277361413,1480.5777232115336,3245034,TCS.NS
2018-06-20,1480.821533203125,1492.0753527295012,1477.6932570349393,1488.5813720611059,3107695,TCS.NS
2018-06-21,1478.302734375,1488.5814415683185,1476.880781578742,1488.5814415683185,2910659,TCS.NS
2018-06-22,1470.54248046875,1484.5182005360625,1462.2139027153319,1484.5182005360625,2949458,TCS.NS
2018-06-25,1478.2215576171875,1480.7404256887664,1467.4553431670417,1472.249375476694,2083217,TCS.NS
2018-06-26,1504.83251953125,1512.145420544091,1479.6436382647983,1481.2687273787628,4679712,TCS.NS
2018-06-27,1509.7073974609375,1531.7679963302353,1504.2227231160175,1511.3324861557287,4081208,TCS.NS
2018-06-28,1497.275634765625,1520.270682627911,1483.949984989482,1515.3954158744275,4888125,TCS.NS
2018-06-29,1501.379150390625,1517.3456701903492,1496.9508223916532,1499.0634183252218,3506276,TCS.NS
2018-07-02,1504.3040771484375,1509.5450481177745,1495.97549692638,1504.8322508536878,2650290,TCS.NS
2018-07-03,1522.7490234375,1527.5023888111675,1508.935767268261,1511.2920669117902,3242233,TCS.NS
2018-07-04,1516.3299560546875,1527.5024430589401,1509.0170554700858,1527.5024430589401,2700614,TCS.NS
2018-07-05,1527.8275146484375,1533.677795571087,1513.0391447362201,1521.8958999229912,2472571,TCS.NS
2018-07-06,1554.35693359375,1560.897956375919,1528.924350714528,1529.8993644219358,3713781,TCS.NS
2018-07-09,1530.021240234375,1563.660601200778,1524.7397011682447,1563.3355635745818,6151747,TCS.NS
2018-07-10,1523.60205078125,1542.9406480162554,1520.067502325234,1542.2093381869806,5303302,TCS.NS
2018-07-11,1608.7569580078125,1623.4639943756038,1539.081263554505,1543.8346292861097,22903802,TCS.NS
2018-07-12,1601.809326171875,1617.6946083023086,1592.9932395827211,1612.0880323040647,6921701,TCS.NS
2018-07-13,1609.73193359375,1623.3827212459826,1603.9628873218478,1604.7754318443006,4148185,TCS.NS
2018-07-16,1616.313232421875,1621.8385738514976,1606.7658360076691,1616.963307597435,2582159,TCS.NS
2018-07-17,1630.1141357421875,1635.6912612802168,1612.8941705306668,1619.4076250305382,3315492,TCS.NS
2018-07-18,1628.5667724609375,1637.8891121808804,1622.7047045984918,1632.4341351251992,2013869,TCS.NS
2018-07-19,1613.2197265625,1636.8716465803961,1603.9380348084594,1630.0732488991744,1746318,TCS.NS
2018-07-20,1625.59521484375,1628.3634525906377,1615.3365449699124,1616.069328401062,1934995,TCS.NS
2018-07-23,1632.963623046875,1636.464544888573,1616.964932014265,1629.1776580868805,2086201,TCS.NS
2018-07-24,1627.5491943359375,1640.5761013441293,1615.4586161464424,1640.5761013441293,2038423,TCS.NS
2018-07-25,1613.3011474609375,1629.9918734376972,1602.6353863483948,1629.9104751396849,1535492,TCS.NS
2018-07-26,1599.622802734375,1616.1507315831143,1591.8066780157892,1607.9681654541369,3503036,TCS.NS
2018-07-27,1582.565673828125,1599.5820911759656,1579.756786727936,1596.488160971844,2033977,TCS.NS
2018-07-30,1583.2574462890625,1591.4806601914256,1572.6324365326943,1581.9547756667648,1579251,TCS.NS
2018-07-31,1579.6749267578125,1585.2114007836105,1569.7419520856708,1581.1404932315213,2204803,TCS.NS
2018-08-01,1609.22998046875,1613.341637426529,1587.4913708543645,1587.6134185880883,2425180,TCS.NS
2018-08-02,1586.3519287109375,1616.1509643986863,1583.5836905568992,1612.0800551684629,1509287,TCS.NS
2018-08-03,1611.631591796875,1613.7485432874082,1592.9461654152215,1592.9461654152215,1505131,TCS.NS
2018-08-06,1608.456787109375,1627.5085604445167,1605.7699475942038,1625.9209457957281,1532249,TCS.NS
2018-08-07,1601.780517578125,1611.3879024125044,1596.2033922188343,1610.6143700829784,1353521,TCS.NS
2018-08-08,1607.194580078125,1610.6956009345759,1597.424400260021,1605.5662167751077,1315062,TCS.NS
2018-08-09,1607.4793701171875,1612.7309008998616,1600.6809738544412,1612.0795158859582,2060297,TCS.NS
2018-08-10,1622.745361328125,1625.513598704025,1605.606897918885,1612.853034801882,2784105,TCS.NS
2018-08-13,1628.485595703125,1631.8237208952037,1620.2216313241638,1626.5722885285422,3559575,TCS.NS
2018-08-14,1631.253662109375,1648.3921259730055,1614.033700571942,1621.8498244266373,3311765,TCS.NS
2018-08-16,1635.2838134765625,1644.6876511133544,1624.2923614068918,1628.6075638262437,2152065,TCS.NS
2018-08-17,1638.743896484375,1646.1936774612614,1631.6198080013353,1639.6394763019068,1213731,TCS.NS
2018-08-20,1636.4644775390625,1647.90377024459,1631.3758418848981,1647.90377024459,1587032,TCS.NS
2018-08-21,1642.7335205078125,1647.9035537758243,1631.619921821518,1636.6271585249476,1376866,TCS.NS
2018-08-23,1656.9410400390625,1659.3021866787462,1644.8912113678537,1646.9266654732005,3046791,TCS.NS
2018-08-24,1663.373046875,1665.8155917309105,1653.6028674513582,1656.9409922102882,1570533,TCS.NS
2018-08-27,1669.804931640625,1676.3998819830188,1656.8595239608755,1663.3729766349234,1532702,TCS.NS
2018-08-28,1684.7047119140625,1686.9844603992972,1670.700826611659,1673.1433716798049,1987983,TCS.NS
2018-08-29,1686.984375,1690.7296900914903,1665.4899596109353,1687.3914658240828,1525867,TCS.NS
2018-08-30,1695.45166015625,1697.568611795988,1681.6920708223565,1683.727524793335,2408020,TCS.NS
2018-08-31,1692.19482421875,1703.2677726137263,1688.6125049717343,1695.3702514727217,2504554,TCS.NS
2018-09-03,1671.43359375,1701.6398154382887,1667.7697759655634,1697.4061101979073,1439711,TCS.NS
2018-09-04,1708.885986328125,1713.6490290498161,1674.7311018552086,1677.0515993401023,4420803,TCS.NS
2018-09-05,1692.8873291015625,1715.684417097159,1689.4678056571895,1709.7815996697277,1681106,TCS.NS
2018-09-06,1689.6712646484375,1694.7191512628362,1677.4585395612685,1689.4269703917298,2238097,TCS.NS
2018-09-07,1693.3760986328125,1696.7548735976457,1681.611012586305,1692.928258887209,1312182,TCS.NS
2018-09-10,1694.1083984375,1704.4077163757247,1688.8162179305464,1697.080081827635,1530539,TCS.NS
2018-09-11,1666.0191650390625,1700.8254298187424,1662.7216896733935,1700.8254298187424,3679745,TCS.NS
2018-09-12,1664.1466064453125,1684.460399623001,1660.9306285616408,1670.9858518278138,2307661,TCS.NS
2018-09-14,1681.61083984375,1686.6181766713619,1643.1408530786239,1664.1874305988808,3642038,TCS.NS
2018-09-17,1688.7347412109375,1691.706623412753,1672.7769005953292,1685.3559669706551,1033857,TCS.NS
2018-09-18,1685.966796875,1692.520999476686,1675.2603867657588,1687.798705745201,1456507,TCS.NS
2018-09-19,1691.7879638671875,1700.825459653877,1682.7914156926051,1686.902873987856,1301268,TCS.NS
2018-09-21,1712.346435546875,1726.879660716313,1669.1947985747088,1691.0556602111185,4508530,TCS.NS
2018-09-24,1789.9375,1799.74842804173,1708.2750457086966,1721.9940851880838,3032226,TCS.NS
2018-09-25,1777.5213623046875,1800.888336217327,1753.5845009843872,1795.1890645910823,2868778,TCS.NS
2018-09-26,1744.0989990234375,1790.38530154044,1738.3591778814498,1780.6151225415836,1970951,TCS.NS
2018-09-27,1782.121337890625,1799.0969036828535,1738.9289675707146,1743.8953556846573,3311802,TCS.NS
2018-09-28,1777.9285888671875,1783.0579734773632,1757.69629231432,1773.2877928007752,2904371,TCS.NS
2018-10-01,1836.427001953125,1853.0362239567482,1783.3424113805218,1783.7900521564159,3772208,TCS.NS
2018-10-03,1760.9525146484375,1835.9792594203839,1755.0496988476402,1832.1526461734431,3902322,TCS.NS
2018-10-04,1681.122314453125,1755.9047799088014,1674.2425192501266,1755.8642298460636,4762419,TCS.NS
2018-10-05,1711.938720703125,1726.0648498093576,1645.3794797735782,1669.0721425043316,3417624,TCS.NS
2018-10-08,1691.50341796875,1727.856555390891,1667.5663540721891,1711.9392616376633,2010154,TCS.NS
2018-10-09,1703.1055908203125,1716.0102535538595,1671.6780926895046,1693.7832486268678,1867130,TCS.NS
2018-10-10,1663.861572265625,1714.6257774175638,1651.9745402516946,1709.7814364359579,2749573,TCS.NS
2018-10-11,1612.0389404296875,1638.9476840888424,1580.3266044791073,1616.1505975739453,4700256,TCS.NS
2018-10-12,1561.8448486328125,1610.4514580411708,1549.387828439003,1610.4514580411708,9373289,TCS.NS
2018-10-15,1587.247314453125,1592.1731537733363,1563.2289529366506,1579.512587863074,2638151,TCS.NS
2018-10-16,1597.6689453125,1605.4850705164768,1575.4417429821235,1594.1679239064588,2815425,TCS.NS
2018-10-17,1570.882080078125,1619.4072860677309,1563.2287527652304,1603.9378348684916,2779207,TCS.NS
2018-10-19,1557.6923828125,1570.5564933789678,1522.5605220998796,1570.5564933789678,3428776,TCS.NS
2018-10-22,1549.387939453125,1559.9723026758736,1536.3202820269921,1558.343939103143,1778496,TCS.NS
2018-10-23,1504.22802734375,1548.5719947340895,1498.8022941657125,1540.4130274277982,2752811,TCS.NS
2018-10-24,1508.18505859375,1528.9904245629903,1477.6705019195113,1511.0815317340564,2735913,TCS.NS
2018-10-25,1511.8563232421875,1531.3562709140942,1489.0520542656577,1504.513254214028,2507233,TCS.NS
2018-10-26,1467.8795166015625,1512.5906890072938,1461.3523439640396,1512.5906890072938,2285970,TCS.NS
2018-10-29,1526.5428466796875,1532.2132893553683,1455.8453721025055,1475.7124384026326,2609483,TCS.NS
2018-10-30,1545.9608154296875,1557.872885083712,1505.329127594139,1523.2788516088117,2404883,TCS.NS
2018-10-31,1581.330078125,1586.0214837616547,1530.173299511597,1550.2036016772345,2769190,TCS.NS
2018-11-01,1579.371826171875,1586.3885169357627,1551.2642284480698,1585.8174291607115,2769759,TCS.NS
2018-11-02,1561.1776123046875,1594.7517838275335,1554.2833245358752,1578.1074700391334,1818635,TCS.NS
2018-11-05,1542.73779296875,1572.5180135946143,1537.760844509528,1558.362230010982,1713366,TCS.NS
2018-11-06,1576.8836669921875,1580.8000113752075,1542.8608111022027,1545.3085014423966,1398710,TCS.NS
2018-11-07,1584.5938720703125,1590.1827448148795,1580.3919839437772,1582.8396741615527,144530,TCS.NS
2018-11-09,1557.7098388671875,1600.7483870034414,1554.2831127879333,1599.9733250273687,2570479,TCS.NS
2018-11-12,1562.3197021484375,1587.8164728169588,1557.138778267946,1557.138778267946,2552008,TCS.NS
2018-11-13,1578.71923828125,1582.0236596679981,1552.6513792409492,1562.4421393832988,1418432,TCS.NS
2018-11-14,1534.4161376953125,1574.5990498801773,1525.7268179836994,1570.6011361596907,2422318,TCS.NS
2018-11-15,1528.05224609375,1549.3879665530535,1515.6098203486558,1520.8315795970993,1829123,TCS.NS
2018-11-16,1539.2705078125,1550.0404027057475,1525.9306183030285,1541.2286795746134,1829729,TCS.NS
2018-11-19,1552.2027587890625,1556.2006728519038,1521.0763769207638,1549.3879547920515,1740628,TCS.NS
2018-11-20,1532.4580078125,1551.8355548299614,1529.153586271868,1551.8355548299614,1190182,TCS.NS
2018-11-21,1478.405029296875,1526.5837760781808,1467.43125697,1526.542941398705,3840461,TCS.NS
2018-11-22,1478.8531494140625,1507.450260211657,1476.7317389679258,1484.9315381242839,3194219,TCS.NS
2018-11-26,1506.2269287109375,1517.567913142485,1455.96771021654,1484.1161473151506,4333177,TCS.NS
2018-11-27,1542.24853515625,1548.4901640130136,1497.455792274287,1512.6722836554356,3344839,TCS.NS
2018-11-28,1618.6572265625,1622.8182791538009,1535.9252943725642,1541.228622082217,5313249,TCS.NS
2018-11-29,1599.606201171875,1629.3455939314704,1584.9200616171597,1629.3455939314704,4035441,TCS.NS
2018-11-30,1605.8885498046875,1624.4501982274269,1599.034998160017,1604.052782378263,5268901,TCS.NS
2018-12-03,1617.4334716796875,1623.6342660427108,1605.9293493120022,1618.7388863460997,1610576,TCS.NS
2018-12-04,1640.64599609375,1647.6219532992009,1608.1325298067134,1617.9232910231926,3270615,TCS.NS
2018-12-05,1637.3006591796875,1646.4794968105691,1619.55490642665,1636.688736670962,2501539,TCS.NS
2018-12-06,1625.83740234375,1645.6637330667027,1615.1491749139848,1630.1616949267584,2321216,TCS.NS
2018-12-07,1627.876708984375,1634.975068519266,1609.7638459442271,1619.5954389221179,1680420,TCS.NS
2018-12-10,1612.0487060546875,1640.768229456595,1599.1574986250255,1611.3959488696046,2010786,TCS.NS
2018-12-11,1631.793212890625,1639.9521789550781,1599.9732452392577,1607.3163146972656,2942014,TCS.NS
2018-12-12,1645.5006103515625,1649.7432336260365,1619.5142191059012,1632.690971578698,2219993,TCS.NS
2018-12-13,1617.596923828125,1656.0256419550258,1610.9881798796523,1651.375070183042,3748429,TCS.NS
2018-12-14,1623.4305419921875,1630.936752178019,1611.6000392361193,1617.9232389850522,2473761,TCS.NS
2018-12-17,1627.142578125,1635.7910618940793,1619.5547001445648,1630.9772521858868,1227921,TCS.NS
2018-12-18,1621.8800048828125,1633.4249614678824,1612.538028832998,1625.1844258873195,1768742,TCS.NS
2018-12-19,1606.0517578125,1619.391748024389,1599.1983054721945,1619.391748024389,2498833,TCS.NS
2018-12-20,1594.302734375,1611.3141579607202,1587.7347271398585,1594.0987602322534,1940277,TCS.NS
2018-12-21,1546.777099609375,1590.9986636527058,1539.230054666407,1589.3668701515235,3729956,TCS.NS
2018-12-24,1565.29736328125,1581.9416710353314,1554.282761037676,1554.93551804636,1864116,TCS.NS
2018-12-26,1541.3919677734375,1567.9902792146397,1525.9307655285886,1567.9902792146397,2446614,TCS.NS
2018-12-27,1557.5057373046875,1584.2263503125955,1527.4399682365136,1557.5465719724075,4968201,TCS.NS
2018-12-28,1546.9808349609375,1566.5215192820292,1544.4923104171255,1562.4420361588989,2239130,TCS.NS
2018-12-31,1544.5333251953125,1557.5468380369034,1538.9036179095606,1556.7309413171354,1879740,TCS.NS
2019-01-01,1552.4881591796875,1558.3625751215475,1537.9651592168152,1546.9400222148975,1094883,TCS.NS
2019-01-02,1569.21435546875,1578.3115251124298,1550.2039201877367,1554.2834041882309,2100463,TCS.NS
2019-01-03,1550.162841796875,1586.8781920290396,1544.57396951422,1565.7057132338628,2611668,TCS.NS
2019-01-04,1531.31591796875,1551.1829855031467,1502.0660370578378,1550.2039491634393,4280862,TCS.NS
2019-01-07,1548.490234375,1557.383527563526,1534.701561405277,1543.5132848501344,1856423,TCS.NS
2019-01-08,1544.94140625,1555.425660080155,1536.5784641540872,1554.6097632903097,1691756,TCS.NS
2019-01-09,1539.556396484375,1565.7059282461116,1523.034486611012,1556.2415454725774,2414376,TCS.NS
2019-01-10,1540.861328125,1554.2827853037572,1527.439771349505,1542.0443381753812,3053461,TCS.NS
2019-01-11,1503.3302001953125,1529.8060029137077,1497.1701415182154,1525.7265202392712,9209862,TCS.NS
2019-01-14,1479.4244384765625,1510.224533638559,1476.7727746546686,1509.4086370779762,3615370,TCS.NS
2019-01-15,1523.9317626953125,1525.1963427115534,1475.1411044676897,1476.7728977248441,7711653,TCS.NS
2019-01-16,1525.84912109375,1529.8061998780831,1506.9610939599038,1525.7267166784081,2359280,TCS.NS
2019-01-17,1548.8658447265625,1551.8910930238521,1530.0599990260628,1535.5381837190698,2625816,TCS.NS
2019-01-18,1554.0579833984375,1556.9605651192144,1533.9030012925396,1537.9912289079248,1683728,TCS.NS
2019-01-21,1560.64013671875,1579.6913193660555,1549.8063323804477,1555.161951052918,2409803,TCS.NS
2019-01-22,1555.0799560546875,1568.448439670701,1545.3499548951518,1559.3316726202504,2457093,TCS.NS
2019-01-23,1533.575927734375,1558.514116263241,1528.997132753419,1554.3441440450533,2578169,TCS.NS
2019-01-24,1554.793701171875,1557.818949326779,1533.0851751674113,1541.098140273713,1962927,TCS.NS
2019-01-25,1570.5335693359375,1582.144095903743,1554.3441479653827,1555.1617934929814,2327080,TCS.NS
2019-01-28,1598.4970703125,1604.220589234335,1574.3765262847664,1580.5088679867326,2769033,TCS.NS
2019-01-29,1621.186767578125,1626.3379746366309,1583.4933264455583,1604.220621857663,2557626,TCS.NS
2019-01-30,1620.082763671875,1626.7056720554667,1598.2107472217701,1618.6109618931932,2429575,TCS.NS
2019-01-31,1646.81982421875,1651.4395413753878,1623.026359514863,1624.6616505571953,4094319,TCS.NS
2019-02-01,1659.7796630859375,1663.7044019309233,1633.737670416707,1643.0588503158572,3064163,TCS.NS
2019-02-04,1676.377685546875,1680.6294022206778,1654.0968456828816,1659.7794419809777,1590764,TCS.NS
2019-02-05,1671.717041015625,1680.261396025089,1658.1849689240296,1676.173168784152,1111404,TCS.NS
2019-02-06,1696.451171875,1706.3038415176336,1668.8556322069148,1676.091676169794,1789812,TCS.NS
2019-02-07,1703.0738525390625,1715.3794581083819,1690.0733680178932,1696.410121091013,1339945,TCS.NS
2019-02-08,1685.49462890625,1708.4705510538647,1676.9911941667751,1696.6146893691166,1684474,TCS.NS
2019-02-11,1689.173828125,1713.7850385361442,1675.2738540529033,1684.3497993246453,1778730,TCS.NS
2019-02-12,1677.481689453125,1692.5262877179755,1650.0087191376206,1692.5262877179755,2422903,TCS.NS
2019-02-14,1671.7581787109375,1696.6146249860367,1662.3144318893364,1684.390863154215,1724085,TCS.NS
2019-02-15,1659.5753173828125,1677.8088550986804,1644.2444616161945,1675.3559181760215,1930065,TCS.NS
2019-02-18,1611.0069580078125,1669.5911778503767,1604.7519500117896,1666.034439910753,2942184,TCS.NS
2019-02-19,1557.45068359375,1611.5787582281143,1546.9847846613864,1610.7611129930924,4408554,TCS.NS
2019-02-20,1565.5869140625,1581.1631026811522,1538.2367086410522,1565.791325462691,4645778,TCS.NS
2019-02-21,1565.136962890625,1586.2322565356594,1551.1144225328453,1565.5867078359042,4683919,TCS.NS
2019-02-22,1574.4989013671875,1578.0556389333071,1557.696248292795,1567.589737776911,2271955,TCS.NS
2019-02-25,1623.14892578125,1627.1144863512645,1578.4645808548323,1580.0998717958887,2934880,TCS.NS
2019-02-26,1666.933837890625,1672.2077112421669,1612.6013344386542,1622.2086690461606,6453309,TCS.NS
2019-02-27,1682.796142578125,1696.5733483279282,1653.2790626499857,1667.9966804183832,4732082,TCS.NS
2019-02-28,1621.7589111328125,1693.6300696496637,1616.9757049668094,1684.3497134675602,8454295,TCS.NS
2019-03-01,1631.5299072265625,1639.3792843366489,1619.224302100835,1631.2437512536899,4148548,TCS.NS
2019-03-05,1625.5609130859375,1641.0144321851544,1616.1579903305167,1639.3791412711682,2449622,TCS.NS
2019-03-06,1634.9639892578125,1647.5557504390983,1623.0673066283823,1626.5423001466781,2635047,TCS.NS
2019-03-07,1646.1658935546875,1654.9555835792883,1635.4546565602284,1639.3793952860112,2539884,TCS.NS
2019-03-08,1653.8515625,1662.2733513265391,1643.5084264631585,1655.7321871304682,2031071,TCS.NS
2019-03-11,1647.392333984375,1662.273443430881,1638.2755659189042,1658.9211165566956,3111689,TCS.NS
2019-03-12,1645.470458984375,1655.5684596065014,1637.7437498142363,1646.7787714834344,2658550,TCS.NS
2019-03-13,1635.6998291015625,1648.2915898125057,1617.793372619982,1645.9203978912499,1833163,TCS.NS
2019-03-14,1624.988525390625,1641.668511897274,1619.7555747479191,1639.3381426053572,1905495,TCS.NS
2019-03-15,1667.956298828125,1691.668024029142,1627.9325819043077,1634.3920028693965,5184318,TCS.NS
2019-03-18,1653.933349609375,1688.110971274051,1644.2850928302823,1670.449748708238,2349915,TCS.NS
2019-03-19,1653.933349609375,1659.8203572578184,1631.2845094788747,1659.8203572578184,2373993,TCS.NS
2019-03-20,1647.5965576171875,1671.9215105470748,1635.2909532697372,1658.1850266155136,3091165,TCS.NS
2019-03-22,1639.9107666015625,1648.3733778202873,1621.6364090862883,1647.555732295575,3148149,TCS.NS
2019-03-25,1622.4129638671875,1641.668553897907,1616.6485235927025,1641.668553897907,2429205,TCS.NS
2019-03-26,1621.1051025390625,1631.1620837422072,1600.9910403225172,1622.2089041599831,2316539,TCS.NS
2019-03-27,1609.044921875,1633.6560363951774,1603.4031468323037,1630.3854537397315,2266166,TCS.NS
2019-03-28,1635.5361328125,1647.2284021411322,1613.050884322558,1618.9378912758327,4054489,TCS.NS
2019-04-01,1661.1693115234375,1667.9557085171552,1642.0363890326405,1643.4672684952607,2095740,TCS.NS
2019-04-02,1700.1304931640625,1705.6086786219212,1665.5440452314733,1665.6257898273627,3719663,TCS.NS
2019-04-03,1700.1304931640625,1708.552282555951,1682.7964468049488,1704.791033042524,2939886,TCS.NS
2019-04-04,1647.14697265625,1700.457422986401,1641.3417091703675,1699.190032450429,4397518,TCS.NS
2019-04-05,1674.7833251953125,1679.7708429957183,1650.6627828355502,1658.7165710851511,3152103,TCS.NS
2019-04-08,1693.1392822265625,1696.6142753205927,1662.0278335429757,1683.5319483783614,2194294,TCS.NS
2019-04-09,1710.1055908203125,1715.420286655996,1682.4282103509045,1692.5262122868978,2690970,TCS.NS
2019-04-10,1668.201171875,1705.19962943037,1664.726178623943,1703.1555157532778,3313062,TCS.NS
2019-04-11,1651.2349853515625,1680.2613988103299,1646.4517794337846,1672.0849443149023,3422442,TCS.NS
2019-04-12,1647.14697265625,1667.1792887793963,1641.014630985899,1666.3616432233493,3198471,TCS.NS
2019-04-15,1727.929931640625,1733.2446263343068,1668.8141338160463,1692.5258486032415,9189201,TCS.NS
2019-04-16,1743.056640625,1762.8026987385922,1729.7699018308404,1733.4083842226846,5771952,TCS.NS
2019-04-18,1757.978759765625,1762.0260650954594,1728.6660885328963,1757.8559931674574,3413728,TCS.NS
2019-04-22,1767.2996826171875,1779.1964636007435,1754.340122266273,1756.3023914588223,2007135,TCS.NS
2019-04-23,1762.0670166015625,1770.611372355653,1744.8964606932418,1768.5672585570435,2163524,TCS.NS
2019-04-24,1785.2880859375,1794.7319316980959,1762.9256005471775,1764.4790472002237,3003071,TCS.NS
2019-04-25,1794.7318115234375,1802.9082662456399,1772.6963059711973,1778.3789020790325,4211526,TCS.NS
2019-04-26,1830.3399658203125,1834.7551706876177,1793.2187486253029,1801.2726348526426,2716958,TCS.NS
2019-04-30,1848.1650390625,1853.5613794538224,1823.4312633126237,1830.3403276889067,3488395,TCS.NS
2019-05-02,1811.4117431640625,1847.3881448127665,1807.8960272447787,1843.7905844960887,2457699,TCS.NS
2019-05-03,1743.219970703125,1787.413743937021,1737.4964529756755,1786.5551763538124,3780886,TCS.NS
2019-05-06,1764.3560791015625,1770.2021634421196,1724.0052016709972,1725.23166968262,2891422,TCS.NS
2019-05-07,1759.532470703125,1786.0243088445047,1748.7805105342543,1766.1554801435987,2201698,TCS.NS
2019-05-08,1760.268310546875,1772.6555608401563,1741.9120081655785,1758.7555864239744,1824895,TCS.NS
2019-05-09,1776.375732421875,1785.8195776661473,1746.5725945173622,1753.849559461341,2264162,TCS.NS
2019-05-10,1746.3275146484375,1792.2791575033918,1738.1919808420835,1778.3791822855278,2039633,TCS.NS
2019-05-13,1740.5626220703125,1771.837558203813,1734.757259959441,1744.0376149740348,1701744,TCS.NS
2019-05-14,1710.80078125,1765.9509347971411,1694.4478699167928,1745.6732848198644,2456110,TCS.NS
2019-05-15,1713.2943115234375,1736.6790528172878,1704.382055366119,1714.60262417978,2346876,TCS.NS
2019-05-16,1724.2095947265625,1736.6786860458653,1698.290277613149,1713.7846167382927,1946529,TCS.NS
2019-05-17,1713.33544921875,1745.6733729365953,1708.879320579618,1727.358191167104,1947908,TCS.NS
2019-05-20,1752.9908447265625,1759.0822631343563,1676.173098035795,1737.4965040614948,2625116,TCS.NS
2019-05-21,1725.0272216796875,1756.874467113781,1719.1402152731232,1756.343077501551,1863157,TCS.NS
2019-05-22,1702.1334228515625,1735.0027301587077,1696.614316040347,1725.2319069133166,2595795,TCS.NS
2019-05-23,1679.4849853515625,1729.606700577971,1676.1734807459873,1715.4204695634542,2541294,TCS.NS
2019-05-24,1674.5382080078125,1692.5264114141464,1661.6602896600962,1692.5264114141464,2274208,TCS.NS
2019-05-27,1680.384033203125,1691.6675807836489,1668.0785285799034,1680.09797705659,2329820,TCS.NS
2019-05-28,1695.5924072265625,1715.0114884425386,1672.08509838617,1684.3497812594183,5872979,TCS.NS
2019-05-29,1723.2286376953125,1736.4335313253391,1698.3313746837057,1700.7024665436822,3281320,TCS.NS
2019-05-30,1754.912353515625,1763.2932188253735,1728.8293456086205,1735.8611758630318,4971725,TCS.NS
2019-05-31,1795.9991455078125,1802.867287410508,1759.777412302273,1766.1141645129096,4265370,TCS.NS
2019-06-03,1833.4068603515625,1837.781144757679,1787.0871150263752,1799.638055461284,3682419,TCS.NS
2019-06-04,1799.447509765625,1833.1597648752881,1792.770903149169,1833.1597648752881,2408658,TCS.NS
2019-06-06,1785.4344482421875,1812.552594375828,1773.812270621547,1812.552594375828,3735467,TCS.NS
2019-06-07,1798.334228515625,1804.9695801135804,1765.6523096238786,1791.946195848731,2659446,TCS.NS
2019-06-10,1839.3409423828125,1842.926563141273,1801.4248844174936,1810.6565800227447,2080593,TCS.NS
2019-06-11,1856.8980712890625,1866.0885150516772,1838.929113660528,1843.8746872517263,3048937,TCS.NS
2019-06-12,1863.57373046875,1868.5193020843803,1829.0372358472616,1850.4680461816595,2404448,TCS.NS
2019-06-13,1857.969482421875,1883.4391035909607,1848.8613449779011,1866.1295976060985,3320916,TCS.NS
2019-06-14,1858.298828125,1865.3875623881936,1841.4014557690175,1860.5655488069,2131408,TCS.NS
2019-06-17,1853.9302978515625,1864.4808931083678,1847.5422664980745,1859.5353204476028,1489497,TCS.NS
2019-06-18,1855.29052734375,1862.83244546711,1839.0936554723894,1849.644251162918,1877447,TCS.NS
2019-06-19,1862.7508544921875,1876.0215620290496,1848.9444567927208,1858.7120484953898,1652817,TCS.NS
2019-06-20,1877.627685546875,1882.614511167321,1823.2676439151112,1838.1043607281638,2199377,TCS.NS
2019-06-21,1854.4664306640625,1889.621133748494,1847.995891761886,1883.4391671168196,3871804,TCS.NS
2019-06-24,1875.6087646484375,1879.3179448026533,1855.249527160256,1858.010684977964,1382424,TCS.NS
2019-06-25,1869.2620849609375,1874.7433487638411,1855.0023069178524,1871.0754217745055,1386077,TCS.NS
2019-06-26,1858.052001953125,1868.4377872348741,1854.5901406045118,1866.9540748752086,1762224,TCS.NS
2019-06-27,1856.692138671875,1866.1299020370252,1847.4191875243855,1858.7115411190334,2813464,TCS.NS
2019-06-28,1835.7967529296875,1864.439864712597,1831.9227607918392,1862.832593651094,2372928,TCS.NS
2019-07-01,1845.976806640625,1858.7116198420244,1818.8174021544203,1842.22637265939,2769940,TCS.NS
2019-07-02,1856.32080078125,1860.3596046745433,1826.935735464342,1850.3859525290827,1771746,TCS.NS
2019-07-03,1844.410400390625,1861.8436682600568,1839.753399028129,1856.4034567470624,1656881,TCS.NS
2019-07-04,1848.5322265625,1856.2391614795467,1838.187893112297,1841.4024363877918,984140,TCS.NS
2019-07-05,1782.9613037109375,1854.5895946730823,1763.9207700446204,1852.1168085468514,4088470,TCS.NS
2019-07-08,1793.0997314453125,1804.1449645707592,1757.4093427158004,1771.3392920190904,2788062,TCS.NS
2019-07-09,1758.440185546875,1792.2759944235584,1734.7013893405117,1791.9463699740518,3977224,TCS.NS
2019-07-10,1737.7098388671875,1753.9067147195465,1707.2946387718027,1714.4656809400885,6343581,TCS.NS
2019-07-11,1733.0528564453125,1754.8545555091735,1719.4525275745275,1754.0302931533683,2400346,TCS.NS
2019-07-12,1737.21533203125,1747.2300386436273,1725.2635284882226,1732.6818893080326,1560725,TCS.NS
2019-07-15,1768.619384765625,1775.1311769698996,1729.3021175732213,1751.5571972560035,2900415,TCS.NS
2019-07-16,1739.950927734375,1761.8448971479368,1734.9938025841345,1756.4746782351763,2735399,TCS.NS
2019-07-17,1749.2454833984375,1755.648436519863,1728.4669484674107,1741.6032490277041,1802969,TCS.NS
2019-07-18,1706.8621826171875,1748.3781083189995,1701.9464068802527,1748.3781083189995,3072096,TCS.NS
2019-07-19,1715.94970703125,1732.5148030718028,1704.011340646444,1715.9910567382615,1953177,TCS.NS
2019-07-22,1743.1728515625,1749.4106072638672,1709.2166677776445,1715.9913646488433,1920167,TCS.NS
2019-07-23,1745.2796630859375,1759.7792933796163,1736.9764387548632,1758.0442190277176,3538588,TCS.NS
2019-07-24,1732.3502197265625,1752.1787223521103,1715.5785709145946,1743.255855829422,2413196,TCS.NS
2019-07-25,1758.044189453125,1763.9102010147458,1728.8385841975803,1742.3466279452655,2544464,TCS.NS
2019-07-26,1742.470947265625,1759.6143394652797,1730.8629714832227,1759.6143394652797,1720592,TCS.NS
2019-07-29,1759.77880859375,1769.693055402729,1737.7196497849457,1743.9160540405574,1647090,TCS.NS
2019-07-30,1800.38671875,1805.2199971363905,1751.8895445228154,1759.7796768423395,2851672,TCS.NS
2019-07-31,1822.321533203125,1827.2786576721217,1773.9482199186507,1794.2725109239013,3000677,TCS.NS
2019-08-01,1801.1300048828125,1832.0706847875326,1789.7285776419358,1817.6124042987922,2375236,TCS.NS
2019-08-02,1821.9913330078125,1825.874373914317,1789.109030186178,1795.3054364324935,2500816,TCS.NS
2019-08-05,1857.76513671875,1860.780640157407,1813.977202906632,1817.529647492694,3039682,TCS.NS
2019-08-06,1829.9224853515625,1860.5327704313606,1827.0721790166808,1844.7113615929597,2885467,TCS.NS
2019-08-07,1828.7247314453125,1849.4207692263572,1823.602409146695,1842.3981752846892,2165362,TCS.NS
2019-08-08,1865.614013671875,1884.533626123316,1833.2273033619197,1841.4891780928417,2073298,TCS.NS
2019-08-09,1855.8233642578125,1873.7102399855503,1851.7751268612124,1867.1834404997912,1744550,TCS.NS
2019-08-13,1817.1575927734375,1855.8231982466984,1812.9028089166823,1854.7904641352645,1647281,TCS.NS
2019-08-14,1821.2474365234375,1832.3598184953228,1790.6785025111826,1801.997431334502,1945002,TCS.NS
2019-08-16,1788.77880859375,1851.8167595284838,1770.7265293039777,1851.8167595284838,3755507,TCS.NS
2019-08-19,1787.0433349609375,1806.0456450414283,1782.6645014272954,1801.0885206726048,974884,TCS.NS
2019-08-20,1806.6651611328125,1821.7430800493205,1789.9348675405229,1794.4788978989225,1843611,TCS.NS
2019-08-21,1806.211181640625,1819.2649852730558,1802.9477811590036,1805.1784472030267,1214408,TCS.NS
2019-08-22,1830.8316650390625,1847.0661701951378,1792.8270366131615,1806.8722253792553,2131601,TCS.NS
2019-08-23,1857.02197265625,1867.101421819246,1829.0967892624624,1829.9643266511487,2826425,TCS.NS
2019-08-26,1880.650634765625,1885.3598631448267,1838.2671759409463,1856.4433008266546,2345475,TCS.NS
2019-08-27,1847.768310546875,1879.4526812849017,1841.5719044082202,1875.4455912995334,3432106,TCS.NS
2019-08-28,1850.0399169921875,1860.6976525113294,1830.831062210422,1850.6595574690186,1294621,TCS.NS
2019-08-29,1845.2481689453125,1857.434432836143,1835.953560892984,1835.953560892984,1670652,TCS.NS
2019-08-30,1866.8536376953125,1872.1411578116893,1832.484151820974,1851.486467191525,2583625,TCS.NS
2019-09-03,1860.2437744140625,1897.0916142807343,1848.1400070442792,1875.445543067571,2545060,TCS.NS
2019-09-04,1855.12109375,1875.4453843241574,1844.8764507470676,1871.3144473542804,2228092,TCS.NS
2019-09-05,1830.25341796875,1861.9375911861448,1823.6439172144412,1852.4777835727314,2055943,TCS.NS
2019-09-06,1815.546875,1845.289622440273,1811.4986372807732,1830.8313424345847,1890550,TCS.NS
2019-09-09,1803.4434814453125,1819.9672315954642,1800.9235692062273,1817.6125165166939,1703945,TCS.NS
2019-09-11,1779.607421875,1813.481100750058,1773.4523669083912,1806.045415143338,2627440,TCS.NS
2019-09-12,1762.7537841796875,1788.6959917846273,1751.8067994724606,1780.43411653389,2118859,TCS.NS
2019-09-13,1769.65185546875,1782.8708523328032,1747.840591325416,1763.9098940471038,2291174,TCS.NS
2019-09-16,1776.3031005859375,1795.6358071378497,1756.8049951715525,1784.5236257567656,2597948,TCS.NS
2019-09-17,1753.70654296875,1781.7144158787405,1739.6202096531179,1780.3924354023293,2796530,TCS.NS
2019-09-18,1766.84326171875,1770.4784059196234,1745.8579788691952,1756.8049628926003,1454663,TCS.NS
2019-09-19,1736.6046142578125,1764.5711392220003,1727.5579023128519,1763.9101489421037,1652691,TCS.NS
2019-09-20,1706.4488525390625,1759.2835003770601,1699.467608828424,1739.0419075640818,6941979,TCS.NS
2019-09-23,1665.4285888671875,1734.167339694457,1631.7201028568618,1734.167339694457,6323401,TCS.NS
2019-09-24,1689.305419921875,1702.7723155485714,1663.1153183887793,1664.7676932704373,4620978,TCS.NS
2019-09-25,1725.451416015625,1728.3844222741545,1701.9877693592937,1706.077357550731,4002232,TCS.NS
2019-09-26,1724.7490234375,1740.7769794908318,1704.4247312242933,1733.258592916974,4234281,TCS.NS
2019-09-27,1698.765625,1722.76641613762,1694.8412337338027,1722.6012189518153,2046795,TCS.NS
2019-09-30,1734.4151611328125,1738.2982013745514,1701.9459576195702,1703.474484914355,2620039,TCS.NS
2019-10-01,1701.9046630859375,1731.6474089406313,1685.1743685426723,1731.6474089406313,3342877,TCS.NS
2019-10-03,1702.1527099609375,1719.4199471468776,1690.5034869763547,1710.2080376746223,2317618,TCS.NS
2019-10-04,1717.9332275390625,1725.0383197133497,1697.7741295355197,1702.442210392568,2163251,TCS.NS
2019-10-07,1691.783935546875,1730.4495470515878,1686.2485201872958,1718.4698294902378,2177916,TCS.NS
2019-10-09,1668.9813232421875,1701.9462241623326,1665.1808809704762,1701.9462241623326,2066920,TCS.NS
2019-10-10,1656.051513671875,1684.6376821932333,1649.9790556454589,1675.508269868787,2881452,TCS.NS
2019-10-11,1641.510498046875,1648.243945865992,1590.4108249584133,1595.3679496076343,12593069,TCS.NS
2019-10-14,1669.72509765625,1679.432801712391,1625.9371559562098,1648.244220595853,3510704,TCS.NS
2019-10-15,1683.1917724609375,1691.2057505763182,1671.1293547202313,1678.8129385300824,2261310,TCS.NS
2019-10-16,1690.7099609375,1698.6413400199199,1665.593843132373,1683.7699664205238,3034082,TCS.NS
2019-10-17,1715.6729736328125,1721.6285995852031,1688.9362822446483,1701.3542686774283,3818774,TCS.NS
2019-10-18,1737.974609375,1743.507646390046,1710.646422304936,1721.2059681216333,3087901,TCS.NS
2019-10-22,1732.9483642578125,1783.7187507661379,1723.3604189420325,1757.1086912590893,5552505,TCS.NS
2019-10-23,1748.7457275390625,1760.361230470967,1733.8778012897549,1740.2135301617027,2348134,TCS.NS
2019-10-24,1758.7978515625,1773.158833059408,1741.3112859291944,1760.4873787974302,2798671,TCS.NS
2019-10-25,1795.0806884765625,1799.3467866603016,1752.9270598676942,1768.9352916744936,3954245,TCS.NS
2019-10-27,1787.266357421875,1798.501754865359,1781.4375709147666,1798.501754865359,224405,TCS.NS
2019-10-29,1854.129638671875,1859.916146113747,1792.1661404770978,1792.1661404770978,5064173,TCS.NS
2019-10-30,1903.0838623046875,1909.166120200458,1838.924095221403,1879.5993882504508,5195136,TCS.NS
2019-10-31,1917.318115234375,1930.2430428859223,1889.7366590989325,1900.7185887226635,4879261,TCS.NS
2019-11-01,1859.2401123046875,1921.83717714234,1854.2560895944775,1912.544777604509,4172620,TCS.NS
2019-11-04,1853.3685302734375,1883.146438678888,1842.3443271900173,1864.3927333568577,2646411,TCS.NS
2019-11-05,1860.04296875,1867.7724738318207,1832.292399702044,1855.9457824552285,2693475,TCS.NS
2019-11-06,1848.7650146484375,1867.603282913637,1840.7397609864954,1858.4797953971042,2540719,TCS.NS
2019-11-07,1846.1041259765625,1862.2812656333895,1837.5296521088892,1862.2812656333895,1915598,TCS.NS
2019-11-08,1799.30419921875,1849.694472001591,1794.2778970172308,1849.694472001591,2788759,TCS.NS
2019-11-11,1774.8065185546875,1806.9498233744014,1766.4011597362662,1803.5707680712235,2983768,TCS.NS
2019-11-13,1840.4019775390625,1844.7947068105432,1789.209223216869,1789.209223216869,3823365,TCS.NS
2019-11-14,1855.7767333984375,1858.4799356930407,1813.453994184618,1847.9203906038756,2995915,TCS.NS
2019-11-15,1836.8963623046875,1868.1948982304814,1832.0812505255965,1855.1010610509325,2724180,TCS.NS
2019-11-18,1818.4381103515625,1848.1314668029556,1815.1856881695123,1840.2328450700354,1611089,TCS.NS
2019-11-19,1781.4375,1820.1697868603073,1778.22735710949,1818.7760094331268,2975313,TCS.NS
2019-11-20,1781.226318359375,1803.5702741847765,1769.357348608906,1792.5460680287738,2894129,TCS.NS
2019-11-21,1789.2943115234375,1796.4748039207414,1780.2551737480173,1784.1411697771418,2052574,TCS.NS
2019-11-22,1750.0968017578125,1779.916999668736,1740.635490183878,1771.4693632203796,3742049,TCS.NS
2019-11-25,1758.37548828125,1761.2898815439894,1733.6238727804964,1752.504422326229,2737010,TCS.NS
2019-11-26,1728.935302734375,1772.2293306123615,1719.1360663910116,1765.4291491752251,6561580,TCS.NS
2019-11-27,1735.3980712890625,1750.0968768433859,1728.8511527606993,1733.455073574354,2907521,TCS.NS
2019-11-28,1754.8697509765625,1769.2728053966669,1740.213019986541,1746.168644628407,2924429,TCS.NS
2019-11-29,1734.510986328125,1761.3322325552858,1728.2175383041506,1761.3322325552858,2064271,TCS.NS
2019-12-02,1707.309814453125,1746.7179608080091,1703.0437162767219,1740.2133211954597,3809860,TCS.NS
2019-12-03,1732.6103515625,1741.9027522778524,1697.9750398052781,1712.9273160717537,4664774,TCS.NS
2019-12-04,1755.8414306640625,1758.7981037491356,1727.9642272905173,1734.2999553299594,3334301,TCS.NS
2019-12-05,1791.996826171875,1796.643025350247,1747.2666407846764,1759.6423433724506,3902721,TCS.NS
2019-12-06,1793.9400634765625,1797.6569408201588,1774.848323619903,1794.277886420121,1829461,TCS.NS
2019-12-09,1740.5933837890625,1797.6149354840888,1734.7223171220257,1797.6149354840888,2244747,TCS.NS
2019-12-10,1700.3826904296875,1740.9314534755335,1692.272979068748,1740.2133217928972,4520045,TCS.NS
2019-12-11,1724.9229736328125,1730.0760114412146,1695.2295097459264,1710.9843729546972,4943024,TCS.NS
2019-12-12,1707.182861328125,1760.1916766370634,1676.0110623765456,1732.6947851378468,7137306,TCS.NS
2019-12-13,1749.716796875,1754.9120110838112,1695.4407296695836,1708.9569487401932,5711133,TCS.NS
2019-12-16,1796.6009521484375,1804.4150152999,1757.361724922558,1770.624471942224,5574177,TCS.NS
2019-12-17,1828.87109375,1832.2924279134177,1790.0542437752567,1796.3899713959809,6059673,TCS.NS
2019-12-18,1831.236083984375,1861.3940997991222,1818.7758223127018,1836.5158558791518,8251081,TCS.NS
2019-12-19,1883.0208740234375,1889.3143233672379,1831.0678979952304,1841.4162550089789,6251505,TCS.NS
2019-12-20,1877.825439453125,1897.9308599007834,1865.4497318121323,1875.375706837058,5548338,TCS.NS
2019-12-23,1885.2589111328125,1893.917738153427,1866.9275820056857,1866.9275820056857,2247329,TCS.NS
2019-12-24,1871.65869140625,1895.2697975307526,1867.8993276366298,1891.426081128821,1805896,TCS.NS
2019-12-26,1860.126708984375,1882.9775999765834,1854.4245560907716,1872.333498745432,1880367,TCS.NS
2019-12-27,1857.212890625,1880.7817140409613,1838.205708437571,1865.2381453263588,2720261,TCS.NS
2019-12-30,1844.2877197265625,1879.5988769553364,1839.1347858759734,1864.3931332316529,2288830,TCS.NS
2019-12-31,1826.1256103515625,1855.945809577988,1822.535364702629,1849.1877001211724,1909289,TCS.NS
2020-01-01,1831.110107421875,1844.8795924595238,1819.621237169834,1831.4479304476324,1354908,TCS.NS
2020-01-02,1822.703857421875,1841.542124452855,1815.5656471963546,1841.542124452855,2380752,TCS.NS
2020-01-03,1859.029052734375,1877.9096028982917,1828.0685473107976,1828.0685473107976,4655761,TCS.NS
2020-01-06,1858.860595703125,1880.4020741471977,1848.2587680049637,1862.7043125168714,3023209,TCS.NS
2020-01-07,1863.4217529296875,1870.8555071515375,1844.7946754672855,1858.9021854561104,2429317,TCS.NS
2020-01-08,1905.1534423828125,1909.1660701851927,1860.212052244382,1862.7040640523674,5197454,TCS.NS
2020-01-09,1870.6024169921875,1902.3654055725954,1866.9276127240882,1899.6622032186847,3734173,TCS.NS
2020-01-10,1869.9268798828125,1887.2022576899801,1865.2383997222364,1882.1336750820392,1915807,TCS.NS
2020-01-13,1850.3280029296875,1874.4881177425082,1845.5549649245393,1873.5590015426556,2843893,TCS.NS
2020-01-14,1864.308837890625,1883.654049440306,1854.2562328377508,1854.2562328377508,2948452,TCS.NS
2020-01-15,1881.2037353515625,1884.6673481606185,1853.5800104478963,1869.4616053247194,2620681,TCS.NS
2020-01-16,1891.2567138671875,1899.8732609969875,1871.1512997369175,1881.2461831080445,3117214,TCS.NS
2020-01-17,1874.6156005859375,1903.717674879219,1869.4624584435069,1892.9046560132347,3281059,TCS.NS
2020-01-20,1833.4334716796875,1894.1296360971637,1821.4799383664954,1854.1722610970576,5817599,TCS.NS
2020-01-21,1834.0244140625,1847.1182524257902,1823.0424851126436,1833.0950914241275,1902980,TCS.NS
2020-01-22,1864.308837890625,1866.9276877318582,1836.2627256398923,1842.4295416032503,1773686,TCS.NS
2020-01-23,1855.0379638671875,1877.729083754739,1848.8995191113665,1870.9980029161143,2069866,TCS.NS
2020-01-24,1848.6451416015625,1855.0376311633627,1837.2996870473519,1855.0376311633627,1319430,TCS.NS
2020-01-27,1836.6646728515625,1857.1543330576778,1833.0662748524296,1853.9792759996194,1549101,TCS.NS
2020-01-28,1848.9417724609375,1852.370875819301,1822.0596196157699,1840.6866231620277,1743024,TCS.NS
2020-01-29,1824.260986328125,1851.651022997194,1820.3661667294791,1850.000034559959,2306761,TCS.NS
2020-01-30,1810.0792236328125,1833.066557595076,1799.1992770852362,1828.833147531346,2098567,TCS.NS
2020-01-31,1760.2943115234375,1815.5826892895918,1753.9865717572059,1811.391447883722,3287223,TCS.NS
2020-02-03,1780.148681640625,1858.212710903856,1772.2744986867224,1822.0594353819856,4728073,TCS.NS
2020-02-04,1784.593994140625,1809.1053968174094,1766.686752437711,1802.5859867277384,3509339,TCS.NS
2020-02-05,1817.4451904296875,1826.0389295824505,1781.672877858837,1790.732333428379,2439322,TCS.NS
2020-02-06,1802.03564453125,1840.8558886361448,1791.1556985873144,1816.1328165775417,2640065,TCS.NS
2020-02-07,1808.9783935546875,1821.2129066063146,1794.1190837279314,1811.0527230269208,2083442,TCS.NS
2020-02-10,1830.4840087890625,1834.759793997909,1794.119060212999,1812.6613123185796,2383032,TCS.NS
2020-02-11,1823.2452392578125,1841.3643610960692,1818.3346482089319,1831.3734704930407,1335820,TCS.NS
2020-02-12,1837.9351806640625,1850.000400668422,1820.3665269735043,1821.2979599734297,1620407,TCS.NS
2020-02-13,1855.884521484375,1860.160306817816,1838.146575376185,1839.7975638924138,1645948,TCS.NS
2020-02-14,1849.3223876953125,1872.8601836051105,1838.1462290265347,1852.5398199493588,1500115,TCS.NS
2020-02-17,1865.4522705078125,1877.0941489689415,1854.403028153716,1860.1181321255428,1774724,TCS.NS
2020-02-18,1876.03564453125,1880.4807250384322,1850.8892304325136,1862.6580275677402,2486223,TCS.NS
2020-02-19,1859.610107421875,1888.100874253161,1854.6569350006946,1876.0356556620814,1760463,TCS.NS
2020-02-20,1826.12353515625,1874.8922878199871,1821.424409341684,1866.510219822774,2317278,TCS.NS
2020-02-24,1791.028564453125,1844.8774070006198,1783.7046423007662,1825.4460995554953,3092877,TCS.NS
2020-02-25,1825.5731201171875,1842.9300992964745,1787.345514510977,1791.1555831113083,2674567,TCS.NS
2020-02-26,1798.013671875,1832.1347853002576,1788.9963860839925,1823.7527176106134,2686842,TCS.NS
2020-02-27,1782.6885986328125,1794.9231097726379,1766.347597920889,1794.9231097726379,2349001,TCS.NS
2020-02-28,1693.49072265625,1752.2080882726752,1684.8968812092892,1750.9380654978945,4298076,TCS.NS
2020-03-02,1694.46435546875,1739.0420702859933,1681.2560364883825,1722.997491254769,2667076,TCS.NS
2020-03-03,1724.013671875,1744.1647427692733,1703.5240108989212,1710.2974662106465,2757585,TCS.NS
2020-03-04,1763.8076171875,1773.3327881545006,1714.530774060105,1740.7779118358399,3237002,TCS.NS
2020-03-05,1799.2413330078125,1818.4609699421144,1764.5273766499372,1765.9243190391005,3937056,TCS.NS
2020-03-06,1791.9599609375,1798.0560295988737,1753.9863997344999,1776.3387203960235,2595027,TCS.NS
2020-03-09,1669.953369140625,1761.0139642496044,1638.3298143257514,1756.8653047679247,4940975,TCS.NS
2020-03-11,1654.162353515625,1682.6109474688976,1625.6292153997167,1636.6360798789856,6796449,TCS.NS
2020-03-12,1498.5001220703125,1615.8079549068545,1488.7632790375558,1612.0825334233741,8728786,TCS.NS
2020-03-13,1529.361572265625,1540.9610730671525,1275.1453293049588,1429.1144136544872,8029720,TCS.NS
2020-03-16,1436.3111572265625,1559.7996883515607,1418.911803307323,1485.9266945620784,7844271,TCS.NS
2020-03-17,1403.7984619140625,1465.6062349657673,1374.291621066486,1464.7595531431411,5713248,TCS.NS
2020-03-18,1400.7503662109375,1450.8316144802177,1378.1862759627222,1419.7160588717827,7258778,TCS.NS
2020-03-19,1395.5906982421875,1437.4665012391083,1319.1737371054442,1330.218337385215,5135111,TCS.NS
2020-03-20,1532.98779296875,1594.010549885193,1387.6164604939588,1390.1750649078997,8547498,TCS.NS
2020-03-23,1424.033935546875,1492.5192909408574,1379.7274759540412,1381.646429328108,7003490,TCS.NS
2020-03-24,1452.5625,1509.5767185186858,1392.605823716574,1409.833823874076,6350865,TCS.NS
2020-03-25,1492.775146484375,1543.691332777904,1432.818474622585,1449.875837415711,2765520,TCS.NS
2020-03-26,1527.444091796875,1562.49705421843,1469.1079966725633,1562.1132011050556,4556067,TCS.NS
2020-03-27,1556.0577392578125,1577.8058742816952,1492.860238304503,1552.2198330771273,4331250,TCS.NS
2020-03-30,1516.825927734375,1624.7137432296793,1504.075591183426,1506.165076400847,8513547,TCS.NS
2020-03-31,1557.422607421875,1582.070519354004,1518.105404016241,1567.06005977672,3927593,TCS.NS
2020-04-01,1457.3388671875,1564.8002847533376,1451.5820055321872,1557.2524202939098,4941878,TCS.NS
2020-04-03,1410.8145751953125,1483.990710494697,1407.2325702966955,1483.990710494697,5735369,TCS.NS
2020-04-07,1514.011474609375,1523.094541087107,1454.14017305764,1458.4045137410935,5427577,TCS.NS
2020-04-08,1454.5240478515625,1540.2799880552966,1450.7288259590584,1501.0480503750398,6285615,TCS.NS
2020-04-09,1506.293212890625,1517.0820165904265,1476.4854064262772,1492.9031195012265,5307397,TCS.NS
2020-04-13,1500.408203125,1524.0752928716072,1489.107700813557,1501.9007222982093,2990438,TCS.NS
2020-04-15,1479.8544921875,1545.3974020196072,1473.5859308324143,1522.3699572875269,4761399,TCS.NS
2020-04-16,1463.564208984375,1505.2267909855013,1428.5966201256836,1458.3616307687257,6245533,TCS.NS
2020-04-17,1540.4503173828125,1579.4690328769298,1495.0777762008165,1535.162576817724,9895823,TCS.NS
2020-04-20,1551.0684814453125,1560.748512875325,1537.2946417802043,1560.748512875325,3244282,TCS.NS
2020-04-21,1481.986328125,1530.5571265241565,1473.5002277586523,1505.3122506775458,5122541,TCS.NS
2020-04-22,1509.1500244140625,1526.6338195542085,1466.208138635727,1481.9861976646391,3829836,TCS.NS
2020-04-23,1601.899658203125,1620.449541107913,1501.7729131042697,1518.1053595642554,5934366,TCS.NS
2020-04-24,1550.9835205078125,1579.4692353525088,1541.8151872765093,1569.874468017424,2987102,TCS.NS
2020-04-27,1566.37744140625,1599.1275953816398,1556.4841928381295,1562.7101712534297,3374741,TCS.NS
2020-04-28,1585.5245361328125,1593.1576642399032,1562.9661116652012,1590.599059854079,2678505,TCS.NS
2020-04-29,1625.2681884765625,1631.1529994524578,1577.8487408118829,1598.2748910789992,4241510,TCS.NS
2020-04-30,1718.0599365234375,1733.0278118772487,1656.4402222477822,1688.6786749591301,5915544,TCS.NS
2020-05-04,1646.4193115234375,1676.738816507597,1632.0911887821817,1676.738816507597,3729348,TCS.NS
2020-05-05,1648.380859375,1686.1202736951882,1643.4768676836761,1667.4424410401703,2905528,TCS.NS
2020-05-06,1623.5196533203125,1666.248323228811,1614.9909725357868,1654.3935402262186,3517431,TCS.NS
2020-05-07,1613.3280029296875,1649.830696065595,1606.2491558769693,1628.9781121379376,3166754,TCS.NS
2020-05-08,1614.82080078125,1654.1380071464064,1608.7227718380557,1653.7968390169467,2686530,TCS.NS
2020-05-11,1650.555908203125,1664.2870657264177,1628.1254323678259,1628.1254323678259,2449841,TCS.NS
2020-05-12,1662.6663818359375,1668.6364586109319,1629.1913084904334,1648.9352260754258,3256595,TCS.NS
2020-05-13,1662.79443359375,1700.6191157730445,1642.3255976967826,1700.6191157730445,2656665,TCS.NS
2020-05-14,1622.45361328125,1640.1506264006246,1612.8588471321916,1628.978075084585,2263146,TCS.NS
2020-05-15,1614.39404296875,1635.2893113625353,1590.769534196382,1634.0952752037724,3173682,TCS.NS
2020-05-18,1659.34033203125,1665.6088924147987,1596.654519975991,1626.419640671826,3727694,TCS.NS
2020-05-19,1661.9415283203125,1677.1225188056428,1623.008076755361,1623.008076755361,3198693,TCS.NS
2020-05-20,1666.163330078125,1674.0950461505058,1647.4854952795333,1663.093025314906,2778505,TCS.NS
2020-05-21,1698.23095703125,1704.0305018848192,1655.5449701381501,1659.6813596936227,3400908,TCS.NS
2020-05-22,1723.092041015625,1733.0279751795497,1672.6875572445333,1686.205495776198,3663418,TCS.NS
2020-05-26,1657.1226806640625,1726.2049951950914,1641.7710552127228,1718.5291824694216,4575317,TCS.NS
2020-05-27,1710.2567138671875,1714.2651529290847,1655.6304617530277,1670.7688729293916,3482160,TCS.NS
2020-05-28,1709.4036865234375,1717.6764659917587,1681.2590373785874,1695.9283280161928,3475681,TCS.NS
2020-05-29,1682.154541015625,1707.9964886213402,1673.6685442331923,1690.384739808922,7237735,TCS.NS
2020-06-01,1744.328369140625,1756.9081728051276,1689.6168632286274,1697.2074096515555,3747773,TCS.NS
2020-06-02,1745.9488525390625,1774.8184152618328,1739.893510195078,1757.0787181457822,2443886,TCS.NS
2020-06-03,1750.2257080078125,1765.280288250353,1727.8576292020414,1755.1014085219333,3699799,TCS.NS
2020-06-04,1789.0601806640625,1796.2880599006255,1750.7393269531453,1750.7393269531453,4048593,TCS.NS
2020-06-05,1752.022216796875,1794.5771321078207,1745.2220258653115,1789.1028144749243,3573289,TCS.NS
2020-06-08,1772.1236572265625,1792.01113159872,1763.8693696758032,1777.6835962983484,2957841,TCS.NS
2020-06-09,1772.3800048828125,1792.4385090661528,1762.286537009564,1764.7244395596292,2909439,TCS.NS
2020-06-10,1803.7718505859375,1823.6593173440278,1773.6198848559295,1776.6565075681417,5168397,TCS.NS
2020-06-11,1768.616455078125,1800.5648024452203,1763.612635439315,1796.2879264299108,2269513,TCS.NS
2020-06-12,1744.537353515625,1752.8344494443397,1720.1591654424722,1720.330198680136,2842642,TCS.NS
2020-06-15,1736.3260498046875,1761.2174459576229,1711.5628763924042,1744.1954594724216,2399022,TCS.NS
2020-06-16,1749.9267578125,1774.0054879744991,1737.2671621320214,1766.3499211238918,2146528,TCS.NS
2020-06-17,1751.63720703125,1761.0891438440908,1733.4604857880236,1750.0974900536958,2703527,TCS.NS
2020-06-18,1743.3399658203125,1761.3883594994413,1732.305606176288,1749.2420748778984,1944389,TCS.NS
2020-06-19,1748.89990234375,1787.7339526285268,1738.1221970053427,1746.6759479748573,5681758,TCS.NS
2020-06-22,1734.657958984375,1755.4436164800434,1727.1307204644606,1753.5190224310336,3196138,TCS.NS
2020-06-23,1740.9454345703125,1748.3871581050714,1719.3043971581183,1733.845777631595,4205944,TCS.NS
2020-06-24,1746.84716796875,1765.7082326391708,1737.780211854973,1739.8331331902984,2560937,TCS.NS
2020-06-25,1724.521728515625,1762.0727165128421,1718.6624299288485,1740.688338885259,3043931,TCS.NS
2020-06-26,1812.4117431640625,1823.6598429969085,1727.8150144539,1732.134700782711,6300722,TCS.NS
2020-06-29,1797.6990966796875,1819.89624884091,1788.846089194922,1803.1308124034804,3076341,TCS.NS
2020-06-30,1781.019287109375,1806.4666978514458,1774.9462488364122,1796.287817087347,3071725,TCS.NS
2020-07-01,1789.48779296875,1808.220426986421,1778.7527920581974,1778.923825337951,2503466,TCS.NS
2020-07-02,1845.172607421875,1851.887386559459,1794.5772457282885,1797.998746673433,3758699,TCS.NS
2020-07-03,1881.5260009765625,1886.1023418921202,1847.8243011666452,1850.732493353834,4185208,TCS.NS
2020-07-06,1935.8848876953125,1941.6158591082508,1886.102098560884,1886.102098560884,5190366,TCS.NS
2020-07-07,1941.61572265625,1969.6720657764129,1909.325314848138,1945.9782188994689,5630055,TCS.NS
2020-07-08,1897.99169921875,1945.4650166024567,1888.3261277898566,1941.7014497480034,2793358,TCS.NS
2020-07-09,1885.545654296875,1919.8888713589893,1874.1691269038483,1906.6305610421864,3443998,TCS.NS
2020-07-10,1900.94287109375,1924.4656855279877,1861.2961530509585,1886.315873858284,9610320,TCS.NS
2020-07-13,1898.9324951171875,1920.2740595459536,1890.3787451391822,1898.9324951171875,2963503,TCS.NS
2020-07-14,1857.8321533203125,1915.1851031557253,1851.8873373524543,1890.3792219625516,2976738,TCS.NS
2020-07-15,1910.8221435546875,1933.1475147578362,1865.6585102753336,1868.9943892680851,5569321,TCS.NS
2020-07-16,1915.837890625,2000.0670315821121,1903.278616431416,1923.767860638774,8582118,TCS.NS
2020-07-17,1886.689697265625,1923.6818482096082,1877.516693681746,1917.7666035593336,4509135,TCS.NS
2020-07-20,1892.8193359375,1909.1079219121796,1878.159734140464,1886.9040910668125,2952646,TCS.NS
2020-07-21,1907.52197265625,1919.181044963241,1887.0325213773183,1911.765535909535,2665286,TCS.NS
2020-07-22,1878.28857421875,1912.6232467522482,1872.5018387119917,1912.6232467522482,2861534,TCS.NS
2020-07-23,1861.3568115234375,1878.2883691203076,1854.3270421280895,1878.2883691203076,2265766,TCS.NS
2020-07-24,1849.52587890625,1854.3268087331146,1821.8354518378844,1847.0398101782225,3665100,TCS.NS
2020-07-27,1891.8765869140625,1898.9063563959633,1854.7557119921744,1856.041653091314,4248480,TCS.NS
2020-07-28,1980.134521484375,1988.9217836751814,1898.9059270864338,1898.9059270864338,8092319,TCS.NS
2020-07-29,1951.243896484375,2007.7823894598785,1925.5250785152048,1964.917692844595,6090431,TCS.NS
2020-07-30,1954.2012939453125,2021.4988598916634,1947.9859136509042,1959.687890760965,7098496,TCS.NS
2020-07-31,1955.8306884765625,2001.6103192883236,1935.2985365108568,1974.47683527032,4723290,TCS.NS
2020-08-03,1932.4688720703125,1975.076544380552,1912.3653729001376,1963.5886810688387,4012337,TCS.NS
2020-08-04,1928.6544189453125,1945.757393706608,1907.5222039327818,1937.4416831242054,2927928,TCS.NS
2020-08-05,1937.0556640625,1971.776068751383,1931.48325343342,1937.4843110339677,3800641,TCS.NS
2020-08-06,1978.7200927734375,1988.493159308177,1942.0707793177683,1950.3435815590008,4748047,TCS.NS
2020-08-07,1967.7896728515625,1995.7802354752102,1960.6311849363426,1978.6343571635675,3165491,TCS.NS
2020-08-10,1957.030517578125,1993.2082775733825,1951.243783869041,1987.2072203935916,2929353,TCS.NS
2020-08-11,1954.54443359375,1982.0636536820273,1950.8582369721994,1957.2021286142165,2774423,TCS.NS
2020-08-12,1935.2125244140625,1968.6896847294406,1925.9537081683363,1961.788636076637,3415751,TCS.NS
2020-08-13,1932.726806640625,1971.7765980844958,1929.3405365170252,1948.62965541133,2695682,TCS.NS
2020-08-14,1922.1807861328125,1955.743956582695,1914.4224463936257,1952.057552195453,2270405,TCS.NS
2020-08-17,1931.826171875,1946.0573356709467,1918.8382517909677,1940.0562778076444,2625630,TCS.NS
2020-08-18,1945.8426513671875,1962.3455574312113,1927.4537407558962,1939.8845011677586,3493374,TCS.NS
2020-08-19,1934.5694580078125,1958.5736867058783,1931.0544693712043,1951.5010121787698,2843005,TCS.NS
2020-08-20,1931.35498046875,1951.6728075537774,1920.3815747902445,1934.9126670491394,2895164,TCS.NS
2020-08-21,1927.7110595703125,1946.9143583366647,1921.238449059692,1937.4841258656372,1975294,TCS.NS
2020-08-24,1927.282958984375,1937.4417685369099,1911.7658519813497,1929.4261942444436,2167966,TCS.NS
2020-08-25,1922.6102294921875,1928.911423863589,1914.8089799802879,1924.624954032781,1663419,TCS.NS
2020-08-26,1931.912109375,1937.3987074831466,1900.149323493487,1922.0532279648326,2618149,TCS.NS
2020-08-27,1927.5401611328125,1960.9319370666883,1921.8392385247712,1942.62862250346,3579393,TCS.NS
2020-08-28,1919.0950927734375,1954.586972649334,1916.137471000487,1944.6851873222863,2941136,TCS.NS
2020-08-31,1935.1268310546875,1951.372510071133,1910.0509822083702,1920.3385099401928,6018154,TCS.NS
2020-09-01,1925.7822265625,1952.915494644633,1921.4528505286294,1945.1998495823848,3610908,TCS.NS
2020-09-02,1941.8992919921875,1944.9856339082528,1921.752884324157,1926.339490641033,2084137,TCS.NS
2020-09-03,1971.3475341796875,1992.3512369791665,1944.3427734375,1944.3427734375,4654146,TCS.NS
2020-09-04,1962.1746826171875,1992.565715125721,1940.0135474886533,1950.343982751862,5231303,TCS.NS
2020-09-07,1994.9659423828125,2009.0683861004613,1957.5022383616697,1962.3458654934739,4620401,TCS.NS
2020-09-08,2013.097412109375,2049.3180779087993,1994.96573058314,2002.5955622622046,7453998,TCS.NS
2020-09-09,1995.4798583984375,2022.3561031330428,1988.9216444547094,1993.2081135160342,3866535,TCS.NS
2020-09-10,1998.480712890625,2013.3548466809589,1992.608374898401,2001.7813783266079,2308813,TCS.NS
2020-09-11,2035.3016357421875,2042.93146812207,1997.6233994710933,1998.309276486205,4145424,TCS.NS
2020-09-14,2135.862060546875,2148.164312433573,2041.9456758860927,2043.8745872710974,7512131,TCS.NS
2020-09-15,2135.862060546875,2175.812042285307,2112.886750156821,2135.862060546875,7318770,TCS.NS
2020-09-16,2145.806640625,2149.75027630151,2123.774229163415,2133.7616194198476,3074003,TCS.NS
2020-09-17,2109.757568359375,2139.5914405839812,2100.884701288022,2126.089060462095,4828176,TCS.NS
2020-09-18,2100.2841796875,2143.5775203553167,2088.7107123802616,2130.375278406424,4183256,TCS.NS
2020-09-21,2113.486572265625,2147.4352831776064,2102.2130325473,2113.2293422503303,4598809,TCS.NS
2020-09-22,2162.90966796875,2190.385980147287,2107.2284693550023,2130.375405348731,7499613,TCS.NS
2020-09-23,2115.330078125,2160.25241014795,2065.2212847449828,2151.8079803694095,7502280,TCS.NS
2020-09-24,1999.4239501953125,2100.3703196391966,1974.0052665777562,2100.3703196391966,8424708,TCS.NS
2020-09-25,2076.62353515625,2091.7975988286735,2016.441531345095,2030.07242378127,8228267,TCS.NS
2020-09-28,2080.05224609375,2095.2263063706687,2028.3573816992644,2091.797130746494,4347166,TCS.NS
2020-09-29,2133.2900390625,2152.707871314026,2080.0522139013005,2087.3821185445845,6995811,TCS.NS
2020-09-30,2136.633056640625,2147.5206443948796,2108.9424292261097,2133.803945668206,3917166,TCS.NS
2020-10-01,2163.33837890625,2177.526635656113,2136.6337560512884,2151.8078171247416,2610337,TCS.NS
2020-10-05,2319.66552734375,2338.7832202963714,2231.5785923768453,2246.109679934696,17412105,TCS.NS
2020-10-06,2326.952880859375,2345.5561166791226,2271.91465419209,2345.5561166791226,9846367,TCS.NS
2020-10-07,2345.51318359375,2374.7040824967694,2317.2653916926956,2350.699853504022,9656101,TCS.NS
2020-10-08,2422.455810546875,2473.2933907329207,2400.423394818779,2400.423394818779,19839329,TCS.NS
2020-10-09,2411.525146484375,2426.013540851065,2383.2773506807894,2408.9961710118773,7739245,TCS.NS
2020-10-12,2426.14208984375,2446.7171464360645,2401.0662396218668,2413.7113264858936,4623203,TCS.NS
2020-10-13,2423.184814453125,2447.4889779543214,2410.8825597164855,2439.001849614284,4209878,TCS.NS
2020-10-14,2418.922119140625,2446.8167794884343,2399.93815381297,2446.8167794884343,4395936,TCS.NS
2020-10-15,2359.516357421875,2434.5479610125094,2347.8073697042214,2420.1270686610073,6629355,TCS.NS
2020-10-16,2379.060546875,2386.2493453117218,2351.510177333232,2367.6960614775485,5273773,TCS.NS
2020-10-19,2334.5068359375,2388.2730712233697,2330.245179453124,2388.2730712233697,3331194,TCS.NS
2020-10-20,2358.139404296875,2376.1331550317245,2340.0163850913345,2346.0861178200016,3406273,TCS.NS
2020-10-21,2303.38330078125,2366.749243094682,2292.7507047607205,2358.1397514864802,4570143,TCS.NS
2020-10-22,2299.723876953125,2313.0685866833787,2271.2696801662687,2290.985328529398,5262294,TCS.NS
2020-10-23,2313.1982421875,2326.28462736434,2298.8204332723008,2314.059191346406,3499091,TCS.NS
2020-10-26,2314.403076171875,2333.12871705465,2299.1643208023493,2315.909736932558,2672752,TCS.NS
2020-10-27,2264.425048828125,2340.1885648616803,2259.216475254929,2324.3471864953563,3537502,TCS.NS
2020-10-28,2257.580322265625,2286.637349683543,2243.6329911435478,2281.5147454069074,3569445,TCS.NS
2020-10-29,2266.5771484375,2285.8194413712863,2238.682486789336,2245.3548410908907,3105968,TCS.NS
2020-10-30,2294.30029296875,2302.4793094178826,2257.064244397699,2269.548006346375,3427003,TCS.NS
2020-11-02,2242.427734375,2294.2999089624423,2238.5103745875494,2290.124222449726,2571196,TCS.NS
2020-11-03,2267.395751953125,2294.4294710243394,2239.3718152497363,2241.9115731885104,2879269,TCS.NS
2020-11-04,2284.2265625,2343.373921962473,2247.0767003622427,2247.0767003622427,4893928,TCS.NS
2020-11-05,2312.2509765625,2333.1720819186035,2296.151270286685,2311.6483542256274,2816502,TCS.NS
2020-11-06,2330.9765625,2335.9701092408595,2308.4628279622434,2323.7015847566868,3884421,TCS.NS
2020-11-09,2347.464111328125,2362.4445429387883,2320.3442122382667,2351.3383826266763,3646592,TCS.NS
2020-11-10,2281.1708984375,2335.884047483179,2271.48522072707,2322.151950901146,4760020,TCS.NS
2020-11-11,2314.058837890625,2318.3635830276367,2275.832574958379,2296.968915619634,3242441,TCS.NS
2020-11-12,2299.638427734375,2335.7552050290383,2291.6315580486703,2312.5095763759664,2437505,TCS.NS
2020-11-13,2287.412109375,2294.342579685137,2269.4612412012066,2286.4649815326648,2548093,TCS.NS
2020-11-14,2299.035888671875,2315.0925079317017,2290.1680694553174,2305.578976784706,298819,TCS.NS
2020-11-17,2295.33349609375,2320.257931651249,2281.5583098576017,2320.257931651249,2827273,TCS.NS
2020-11-18,2261.412109375,2293.7407935486212,2244.5376313401994,2290.985798174845,2893762,TCS.NS
2020-11-19,2270.23681640625,2304.0290718364786,2265.028242003626,2270.322995401612,4167501,TCS.NS
2020-11-20,2290.340087890625,2303.900037663871,2262.1870913523253,2285.8201046328763,2711471,TCS.NS
2020-11-23,2345.4404296875,2350.390886683261,2294.4291989050885,2315.9529249736165,3706418,TCS.NS
2020-11-24,2343.54638671875,2361.5832271478666,2328.867163483405,2354.1789812941174,3120516,TCS.NS
2020-11-25,2325.681396484375,2352.930346157085,2314.4028813766267,2349.529639907723,3302249,TCS.NS
2020-11-26,2342.298583984375,2351.209282493494,2307.3439607996643,2312.50965623429,2341099,TCS.NS
2020-11-27,2307.042236328125,2339.8013925388123,2297.916301728217,2328.8673807012233,6086808,TCS.NS
2020-12-01,2347.635986328125,2355.4704968169954,2259.5177641778523,2306.4825783892575,3605017,TCS.NS
2020-12-02,2367.222412109375,2371.6562154705816,2326.671629325139,2340.9203775972933,2509032,TCS.NS
2020-12-03,2332.698486328125,2388.1866135317773,2325.2513607241167,2388.1866135317773,2852548,TCS.NS
2020-12-04,2348.28125,2358.0100147566986,2323.7011164921014,2333.8603557053566,2686527,TCS.NS
2020-12-07,2357.020263671875,2362.444284936023,2329.8572780510817,2337.4767615165097,1996400,TCS.NS
2020-12-08,2408.332763671875,2415.435593169417,2352.5001349989884,2359.000342214054,4277818,TCS.NS
2020-12-09,2419.95556640625,2445.095235948603,2404.7596899686655,2423.571510280042,3659996,TCS.NS
2020-12-10,2397.14013671875,2434.1609405370345,2393.6532515299014,2426.154073486651,2127801,TCS.NS
2020-12-11,2396.5380859375,2417.286833886007,2380.1369629478827,2404.372596916649,1795408,TCS.NS
2020-12-14,2408.677490234375,2414.1015121325513,2372.991188593204,2412.379613764411,2483658,TCS.NS
2020-12-15,2377.5537109375,2406.094085705665,2371.914453048714,2398.603871576667,2365509,TCS.NS
2020-12-16,2422.8828125,2427.70421133273,2376.6068003361715,2392.577447502868,2565149,TCS.NS
2020-12-17,2443.545654296875,2456.890365132334,2414.9621866749385,2420.12788119189,2863460,TCS.NS
2020-12-18,2463.1748046875,2495.029914010617,2450.432718919733,2469.2014469918736,6076692,TCS.NS
2020-12-21,2428.00537109375,2485.1294244456963,2397.743096165343,2463.175223744721,2705195,TCS.NS
2020-12-22,2473.076416015625,2482.6759148936776,2426.714220536492,2439.929873973292,2881737,TCS.NS
2020-12-23,2504.285400390625,2513.110127628787,2467.0062667021075,2476.132410166916,2790988,TCS.NS
2020-12-24,2504.802001953125,2515.13338972514,2482.288059984368,2504.5005857327255,1807144,TCS.NS
2020-12-28,2522.063720703125,2539.541026084665,2498.4738040117604,2505.3613954769894,2108994,TCS.NS
2020-12-29,2523.010986328125,2541.521389401339,2513.971022036555,2513.971022036555,1994151,TCS.NS
2020-12-30,2504.759521484375,2537.8198863162256,2498.4745503563845,2526.369220046216,2637968,TCS.NS
2020-12-31,2464.681884765625,2501.056982008258,2449.4000391784834,2496.7522367724437,4040956,TCS.NS
2021-01-01,2521.074462890625,2531.1906158621828,2478.672715328988,2479.533664518057,2681440,TCS.NS
2021-01-04,2616.8115234375,2626.540289649769,2532.008042807982,2539.799673675922,5113293,TCS.NS
2021-01-05,2662.915771484375,2681.210941269064,2616.9411700789765,2616.9411700789765,5801309,TCS.NS
2021-01-06,2627.186279296875,2680.5651255418056,2614.8746646566897,2668.942312246538,3726716,TCS.NS
2021-01-07,2611.086181640625,2652.4548233256423,2583.062249518992,2647.418187574669,3717827,TCS.NS
2021-01-08,2686.935791015625,2693.0486133134364,2634.5040782414053,2660.3325495967133,5879039,TCS.NS
2021-01-11,2734.761474609375,2780.86533670378,2709.0191829689534,2780.86533670378,9508039,TCS.NS
2021-01-12,2733.384521484375,2763.6468003456735,2711.9898508065016,2734.7619140231536,3611458,TCS.NS
2021-01-13,2719.695556640625,2735.2357324439126,2691.542558562412,2733.5138339658242,3572801,TCS.NS
2021-01-14,2804.01318359375,2817.642108404087,2691.617988643426,2721.4636008005186,6931542,TCS.NS
2021-01-15,2789.047607421875,2824.1117079521423,2768.906103398405,2790.4707926772085,4131692,TCS.NS
2021-01-18,2779.041748046875,2809.232315651947,2749.4117781745367,2803.4098490423976,4160906,TCS.NS
2021-01-19,2812.638671875,2828.4240632946203,2787.882455800004,2788.7450431935063,2975735,TCS.NS
2021-01-20,2854.12939453125,2870.647859949267,2818.1595400118395,2820.660959377902,3453446,TCS.NS
2021-01-21,2823.982177734375,2854.431348081658,2813.8467745856074,2850.851694185324,2778546,TCS.NS
2021-01-22,2849.212646484375,2868.1032271116046,2796.422126882678,2796.422126882678,3052459,TCS.NS
2021-01-25,2839.0341796875,2880.8696719465147,2828.1223218457994,2854.2587642828466,2272887,TCS.NS
2021-01-27,2812.94091796875,2852.1023049644546,2783.5697724256493,2846.5386578880207,2786662,TCS.NS
2021-01-28,2757.3037109375,2824.9736482714634,2746.3057219251455,2786.157216463153,3083938,TCS.NS
2021-01-29,2683.811279296875,2774.8142462015344,2674.0208284781415,2768.948610007639,5445659,TCS.NS
2021-02-01,2707.964599609375,2730.089888401526,2625.8031266645894,2674.021691641305,3985846,TCS.NS
2021-02-02,2763.255859375,2780.9820744557087,2717.150600042023,2737.852699851867,2881837,TCS.NS
2021-02-03,2760.323486328125,2791.3334683715048,2728.062583792948,2771.4939536086663,2505866,TCS.NS
2021-02-04,2750.31689453125,2792.9288406332607,2739.5777229687446,2774.1243922298722,2057261,TCS.NS
2021-02-05,2724.008056640625,2765.3261227769435,2699.0361915221556,2759.3741428830053,2366135,TCS.NS
2021-02-08,2772.442626953125,2782.7073341843807,2721.5929242725,2751.2228897647497,2526592,TCS.NS
2021-02-09,2740.35400390625,2799.786405962383,2729.2267099642486,2755.9669210922166,2658751,TCS.NS
2021-02-10,2771.752197265625,2777.013854169125,2723.4473017724445,2747.3409311746523,2127983,TCS.NS
2021-02-11,2765.455322265625,2776.927777293114,2747.3841575839447,2773.2186091965013,1165882,TCS.NS
2021-02-12,2752.344482421875,2799.527980758585,2744.7536696268116,2746.65132017741,2777404,TCS.NS
2021-02-15,2708.395263671875,2768.043101041877,2701.235745785617,2768.043101041877,2630853,TCS.NS
2021-02-16,2681.6123046875,2732.3754572987605,2674.021491882332,2717.15087078366,3435770,TCS.NS
2021-02-17,2650.81787109375,2702.3574769525526,2627.053542089694,2678.420672557879,3678426,TCS.NS
2021-02-18,2637.231689453125,2672.209440285452,2614.5024270724384,2643.8303988706775,4189909,TCS.NS
2021-02-19,2649.739013671875,2662.9364315448893,2601.6927301955807,2637.792094735,3725028,TCS.NS
2021-02-22,2551.921875,2670.570824384041,2538.7242445051543,2670.570824384041,5366696,TCS.NS
2021-02-23,2570.68310546875,2611.9148281639755,2560.1595805781635,2561.8847554976905,3832829,TCS.NS
2021-02-24,2542.993896484375,2590.6518484285643,2519.7469985099015,2563.6096502829137,3774549,TCS.NS
2021-02-25,2583.708740234375,2613.5541455299563,2560.5481784009316,2565.3355818103378,4224073,TCS.NS
2021-02-26,2496.5869140625,2563.9119070690585,2484.25187133284,2553.2588677587523,5553153,TCS.NS
2021-03-01,2522.3779296875,2557.57153628509,2503.0560569556483,2523.930629062453,3265871,TCS.NS
2021-03-02,2593.239990234375,2609.3271627195363,2542.907925850312,2553.258975752009,3306469,TCS.NS
2021-03-03,2638.7412109375,2642.9678049786457,2585.0881059524086,2617.9527702709497,3509857,TCS.NS
2021-03-04,2630.6328125,2658.0199630833813,2601.606830055768,2607.6017705058875,3916760,TCS.NS
2021-03-05,2594.706298828125,2642.2779138838096,2584.8297143482514,2601.6501701271904,3203686,TCS.NS
2021-03-08,2593.7568359375,2616.2272771891485,2584.3115471344177,2601.5632931099476,2003125,TCS.NS
2021-03-09,2631.71142578125,2645.469654992304,2580.9482751621667,2593.7575738375635,1942397,TCS.NS
2021-03-10,2648.96337890625,2668.15595322944,2639.518086694946,2652.4569008454114,3053778,TCS.NS
2021-03-12,2637.74951171875,2688.685347801896,2623.4306849869185,2652.4566713156337,2938317,TCS.NS
2021-03-15,2644.82275390625,2673.1588393934207,2623.128761082734,2623.128761082734,3097083,TCS.NS
2021-03-16,2682.690185546875,2709.387225449249,2639.5176408388097,2639.5176408388097,4894756,TCS.NS
2021-03-17,2685.191650390625,2721.46349599781,2661.3411908354997,2678.334122051727,3838390,TCS.NS
2021-03-18,2619.247314453125,2714.0887813825457,2576.592398659688,2696.405735129857,3656306,TCS.NS
2021-03-19,2631.064208984375,2673.158518840698,2592.075298198224,2613.6399845393075,5776626,TCS.NS
2021-03-22,2699.596435546875,2708.0498337575755,2603.8492389926228,2629.770031169302,2821646,TCS.NS
2021-03-23,2710.767822265625,2733.5400502171756,2693.731717503306,2708.5250103130106,3305973,TCS.NS
2021-03-24,2692.2216796875,2719.134365061862,2683.638766387938,2683.6819378774467,2207104,TCS.NS
2021-03-25,2643.701416015625,2700.632191713419,2630.8919072465596,2684.5448082856474,3179786,TCS.NS
2021-03-26,2645.383056640625,2689.547489004796,2624.8966060749212,2665.9556395899776,3697370,TCS.NS
2021-03-30,2724.526123046875,2750.3174082102432,2640.2943170272924,2659.3575873429486,4694008,TCS.NS
2021-03-31,2741.17333984375,2764.592502547157,2701.623624954039,2721.463134332693,3530069,TCS.NS
2021-04-01,2730.08935546875,2773.2187291728374,2712.837605987115,2752.6029727793416,4285076,TCS.NS
2021-04-05,2793.834716796875,2814.6231608798503,2718.0133557868244,2735.265106696293,5317862,TCS.NS
2021-04-06,2816.08935546875,2824.9740487941745,2786.157611482499,2824.9740487941745,2291562,TCS.NS
2021-04-07,2821.867919921875,2827.1729580050037,2790.2973520938363,2811.1719219764927,2491268,TCS.NS
2021-04-08,2861.504638671875,2876.72922333794,2817.2538591748644,2820.6610375757314,2578118,TCS.NS
2021-04-09,2865.731689453125,2893.4208359917825,2853.439816001486,2893.1188460909866,2911129,TCS.NS
2021-04-12,2800.43408203125,2879.4040264627083,2771.666698590066,2865.73192746146,3791828,TCS.NS
2021-04-13,2677.5146484375,2772.3560975851465,2650.7744371664544,2772.3560975851465,8654596,TCS.NS
2021-04-15,2776.625244140625,2792.410633263149,2663.1950184014627,2726.0345851107286,6062760,TCS.NS
2021-04-16,2756.095947265625,2800.821186576273,2745.2706442609606,2785.2946139374144,3224657,TCS.NS
2021-04-19,2727.3291015625,2750.7914386004254,2704.2980582590685,2733.53968922068,2679106,TCS.NS
2021-04-20,2712.449462890625,2782.1465723791703,2696.750413101551,2781.8445825285053,3141893,TCS.NS
2021-04-22,2690.238037109375,2715.4255509270147,2678.549933931421,2715.4255509270147,1988980,TCS.NS
2021-04-23,2682.21533203125,2690.40991175606,2666.3006377368515,2678.333689003708,1615309,TCS.NS
2021-04-26,2674.7109375,2719.737955733293,2663.712948620964,2675.789171703827,2490260,TCS.NS
2021-04-27,2701.623779296875,2705.1604719295583,2676.6087443033857,2679.1965065440913,1471417,TCS.NS
2021-04-28,2694.8095703125,2718.013088769156,2684.372177800576,2717.1073298168585,1639037,TCS.NS
2021-04-29,2687.17529296875,2723.490305328415,2678.765066147004,2713.3549037740027,1621395,TCS.NS
2021-04-30,2618.513427734375,2701.6669817097545,2605.014018794562,2673.1584252464727,3072305,TCS.NS
2021-05-03,2619.677978515625,2635.20455198065,2591.212593829746,2609.2405865604173,1545831,TCS.NS
2021-05-04,2630.67626953125,2665.3954169527215,2617.95310370599,2641.93307870196,1990777,TCS.NS
2021-05-05,2670.31201171875,2673.5035432666605,2632.9619318281,2648.1435556676834,1939289,TCS.NS
2021-05-06,2683.898193359375,2703.3495862018585,2651.5943292866987,2678.7658391671575,1791671,TCS.NS
2021-05-07,2702.39990234375,2725.6468005693077,2684.1994350905716,2702.4862453182805,1912540,TCS.NS
2021-05-10,2713.268798828125,2729.3991418750993,2695.585756267013,2713.6569210585,2137153,TCS.NS
2021-05-11,2693.516357421875,2698.2605896330183,2666.387806576727,2695.5864836042056,2415625,TCS.NS
2021-05-12,2663.32470703125,2691.2724521045225,2648.6607225165776,2691.2724521045225,1978558,TCS.NS
2021-05-14,2632.185546875,2672.7271561501516,2622.2657914140586,2672.7271561501516,2043935,TCS.NS
2021-05-17,2647.927734375,2652.628793698723,2618.8154089298805,2635.204569921207,2890462,TCS.NS
2021-05-18,2664.360107421875,2694.7231429706226,2655.0441210190706,2674.021044561117,2098538,TCS.NS
2021-05-19,2658.494873046875,2689.5480253602063,2645.6424025764795,2660.2200481753935,1986041,TCS.NS
2021-05-20,2639.517822265625,2664.3603850643035,2632.7034650661194,2645.6422779203626,2329027,TCS.NS
2021-05-21,2657.2001953125,2663.8420754481285,2635.290561983907,2640.379742850694,1685566,TCS.NS
2021-05-24,2658.063232421875,2678.3340375368884,2649.8686516306993,2658.063232421875,1652260,TCS.NS
2021-05-25,2699.236572265625,2711.5885700674185,2671.5855179759806,2680.166821273382,1841613,TCS.NS
2021-05-26,2737.81005859375,2743.4443044005757,2690.3957554362555,2704.437987276397,1923753,TCS.NS
2021-05-27,2756.445556640625,2789.1675125409974,2740.669715590691,2740.799651958414,5959785,TCS.NS
2021-05-28,2724.893798828125,2772.0480016365095,2718.0025158298026,2764.680144221278,1763701,TCS.NS
2021-05-31,2738.37255859375,2748.08096384286,2711.8917807222774,2730.441361193668,1652799,TCS.NS
2021-06-01,2733.041748046875,2747.7340804858504,2714.8388058619767,2746.5640183190408,1377441,TCS.NS
2021-06-02,2712.62841796875,2738.6326212021613,2700.1031024025397,2731.1782099155653,2240078,TCS.NS
2021-06-03,2722.856689453125,2734.3852614934635,2706.733999336833,2734.3852614934635,1281706,TCS.NS
2021-06-04,2725.0234375,2736.378689395609,2708.7708126242546,2711.3712326043737,1836060,TCS.NS
2021-06-07,2759.22021484375,2765.5045660829023,2716.2267112709633,2726.108227190986,2559821,TCS.NS
2021-06-08,2773.911865234375,2800.652941291355,2762.686758815591,2772.048315150032,2574057,TCS.NS
2021-06-09,2773.9990234375,2791.118461204203,2761.8203431067545,2775.515935644676,1710925,TCS.NS
2021-06-10,2788.3447265625,2794.585694473738,2767.7146781807214,2782.450396793021,1874324,TCS.NS
2021-06-11,2837.75244140625,2868.2640016376467,2783.316926339826,2783.7937124543178,3452954,TCS.NS
2021-06-14,2839.96240234375,2868.003473953107,2834.7615618028526,2842.2593556002153,1847360,TCS.NS
2021-06-15,2828.174072265625,2858.7290139704332,2818.4658777931895,2858.7290139704332,1304985,TCS.NS
2021-06-16,2838.228759765625,2855.8681501125543,2819.722351048015,2827.6103771033627,1635552,TCS.NS
2021-06-17,2875.848876953125,2891.7114871168055,2825.790773526392,2830.5582119479855,2273413,TCS.NS
2021-06-18,2858.1220703125,2910.737200128449,2838.792236575542,2904.5827872718105,3380431,TCS.NS
2021-06-21,2837.14501953125,2848.326741017011,2818.595229667243,2830.1238007974866,1130569,TCS.NS
2021-06-22,2861.502685546875,2883.9097269133786,2847.460457123967,2863.929787012964,1708688,TCS.NS
2021-06-23,2827.00390625,2885.600136660066,2822.669871800225,2885.600136660066,1467104,TCS.NS
2021-06-24,2924.259521484375,2932.4074208008446,2841.8261096942265,2846.593547120891,4155204,TCS.NS
2021-06-25,2930.50048828125,2946.839669579688,2903.8027963662275,2925.689668189585,2722861,TCS.NS
2021-06-28,2892.317626953125,2939.7752998610995,2889.0671014114832,2939.7752998610995,1355238,TCS.NS
2021-06-29,2895.87158203125,2917.9317727636685,2883.432819803857,2896.8683252020114,1497322,TCS.NS
2021-06-30,2900.118896484375,2931.5406434760985,2893.8345470860304,2900.335598187766,1693146,TCS.NS
2021-07-01,2896.43505859375,2914.2045988305217,2888.50386064937,2910.737371467249,990310,TCS.NS
2021-07-02,2882.5224609375,2894.874457109893,2856.3015567820694,2887.3332807186644,1682274,TCS.NS
2021-07-05,2878.664794921875,2924.6055459398995,2862.195469085225,2896.8677340044883,1972858,TCS.NS
2021-07-06,2827.783935546875,2884.7331013836533,2822.409775579186,2871.730999063715,2159420,TCS.NS
2021-07-07,2838.749267578125,2845.4670211779494,2809.8413838996457,2838.7926502484866,2640710,TCS.NS
2021-07-08,2824.490234375,2858.7291063276816,2801.433086588135,2858.7291063276816,2485811,TCS.NS
2021-07-09,2780.84619140625,2844.8599591707584,2774.648607344789,2817.122141165437,6365067,TCS.NS
2021-07-12,2767.801025390625,2804.9869544453836,2763.6836928709663,2804.1201475991397,1892226,TCS.NS
2021-07-13,2762.989990234375,2785.9169872102957,2752.111522835311,2785.9169872102957,1809339,TCS.NS
2021-07-14,2786.393798828125,2792.851467065225,2760.779615953675,2762.5132295272724,2044279,TCS.NS
2021-07-15,2782.39794921875,2807.503464302064,2774.623139694448,2803.8114955031597,2232968,TCS.NS
2021-07-16,2775.31787109375,2797.0788098448206,2772.8854729987643,2791.1281405842824,1256526,TCS.NS
2021-07-19,2766.456787109375,2779.6609593111257,2758.985896636048,2762.4606899567484,1597058,TCS.NS
2021-07-20,2784.873779296875,2792.865763325552,2741.74277019569,2766.4574129478538,1811945,TCS.NS
2021-07-22,2794.038818359375,2801.50949904565,2771.1485254858558,2771.1485254858558,2859334,TCS.NS
2021-07-23,2790.998291015625,2815.929897607345,2785.612190203211,2805.8963866869444,1776193,TCS.NS
2021-07-26,2777.706787109375,2800.900993440184,2771.8865498779865,2779.8350559071373,1259611,TCS.NS
2021-07-27,2765.02392578125,2788.5222632828436,2746.0862555326894,2779.835278038972,1121367,TCS.NS
2021-07-28,2777.924072265625,2783.7008323872246,2721.111063799001,2769.4107846512215,1660654,TCS.NS
2021-07-29,2776.186279296875,2801.943101003976,2771.408438285911,2780.0519446070157,1731997,TCS.NS
2021-07-30,2751.558837890625,2800.2494279850853,2747.12860308686,2796.340284995809,2999943,TCS.NS
2021-08-02,2796.6884765625,2801.4663193554675,2751.1687500597195,2762.4618330249154,2608669,TCS.NS
2021-08-03,2853.5869140625,2858.017360153698,2796.2963045334704,2805.026764722277,3804735,TCS.NS
2021-08-04,2844.074951171875,2871.2217749015135,2832.9990470901826,2866.7045858498136,2929598,TCS.NS
2021-08-05,2852.762451171875,2879.735582529227,2834.128910407723,2844.9876418652243,2534521,TCS.NS
2021-08-06,2875.21826171875,2887.553737675778,2836.30052753051,2842.859243449068,2292362,TCS.NS
2021-08-09,2886.425048828125,2898.8474823140036,2875.392618057942,2887.467444822578,1510489,TCS.NS
2021-08-10,2896.154296875,2910.0534750469133,2880.2572815085764,2880.2572815085764,2040777,TCS.NS
2021-08-11,2905.10107421875,2918.8265510124475,2890.2464592009433,2910.1395672296726,1929707,TCS.NS
2021-08-12,2911.66015625,2925.776506675617,2889.2911701909447,2889.2911701909447,1310205,TCS.NS
2021-08-13,3008.650390625,3023.0708709928867,2916.6553015398326,2919.4785717498116,4363584,TCS.NS
2021-08-16,3016.946533203125,3035.5368090935935,2985.282514035125,3005.6969295974195,2083489,TCS.NS
2021-08-17,3086.529052734375,3093.261465683802,3008.302715337347,3024.8949404723467,4336019,TCS.NS
2021-08-18,3093.044677734375,3122.9713004918467,3072.239389790579,3104.598410915286,2631309,TCS.NS
2021-08-20,3092.13232421875,3105.5971510274003,3040.4447632436086,3045.656954266312,2836148,TCS.NS
2021-08-23,3159.80419921875,3190.729954177487,3094.2174549932124,3109.9409844692086,3744176,TCS.NS
2021-08-24,3138.78173828125,3185.821894709705,3122.4501621886025,3176.8307793682116,2511141,TCS.NS
2021-08-25,3178.568115234375,3212.2301853260205,3133.4392662639175,3136.0018846668745,2123263,TCS.NS
2021-08-26,3189.731201171875,3203.413204816448,3168.9256989779797,3179.43703740544,1902533,TCS.NS
2021-08-27,3231.6884765625,3239.8108919607075,3171.7050178376517,3184.6485399994513,3944728,TCS.NS
2021-08-30,3215.3134765625,3249.2361919871105,3203.4123507283152,3227.2146023966848,2033114,TCS.NS
2021-08-31,3289.28369140625,3304.6163485734255,3217.18170936309,3222.3504234902252,3207480,TCS.NS
2021-09-01,3227.17138671875,3315.5614573561893,3220.2652761964287,3297.5794411765964,2643336,TCS.NS
2021-09-02,3332.979248046875,3352.438011237074,3233.296086852276,3243.720469722299,3403717,TCS.NS
2021-09-03,3337.5830078125,3350.4830528749976,3305.006815102271,3322.7716564433317,1746812,TCS.NS
2021-09-06,3346.2265625,3368.4653285384056,3313.216020086968,3344.228513568609,1723693,TCS.NS
2021-09-07,3314.8662109375,3361.819402883082,3308.2207528685676,3356.65068970896,1585039,TCS.NS
2021-09-08,3278.598388671875,3314.084807552508,3262.831595587738,3309.7413150131206,4147175,TCS.NS
2021-09-09,3293.583251953125,3308.6117777077047,3270.649697473994,3292.1065069900405,1441148,TCS.NS
2021-09-13,3340.449462890625,3346.5736169166,3272.3868587098586,3272.3868587098586,1691473,TCS.NS
2021-09-14,3375.675537109375,3384.883826372717,3322.771881400139,3344.4458673337895,1991188,TCS.NS
2021-09-15,3435.3115234375,3457.419856737662,3358.3882327004526,3372.374362683401,2461369,TCS.NS
2021-09-16,3390.790771484375,3458.9401238604128,3381.0613910627826,3413.984978155691,2946666,TCS.NS
2021-09-17,3325.247802734375,3427.0157522153695,3305.3979561925175,3405.2982886398604,6477148,TCS.NS
2021-09-20,3321.46875,3362.7319291879166,3307.873703164557,3308.87262161632,2002008,TCS.NS
2021-09-21,3355.738525390625,3363.2094166504107,3319.861238160691,3351.4385106205073,1568129,TCS.NS
2021-09-22,3355.044189453125,3385.188200327856,3346.61785550958,3355.348318794824,1744067,TCS.NS
2021-09-23,3361.21142578125,3369.681235538016,3331.458504327995,3361.8629496086937,2003869,TCS.NS
2021-09-24,3362.9931640625,3426.4949088423787,3348.833333490994,3379.237786583649,2320754,TCS.NS
2021-09-27,3333.153076171875,3391.3993601612406,3303.5738462002655,3387.9245657348456,1673362,TCS.NS
2021-09-28,3282.941162109375,3344.4885227448767,3258.7045638822647,3344.4885227448767,2253075,TCS.NS
2021-09-29,3294.01806640625,3306.266801239433,3233.4263403457007,3266.1329691904434,2489161,TCS.NS
2021-09-30,3279.81396484375,3305.397087797573,3257.70563514911,3305.397087797573,2252412,TCS.NS
2021-10-01,3240.419189453125,3309.7413740348698,3235.9019995485273,3285.200640749703,1578374,TCS.NS
2021-10-04,3277.859619140625,3286.8505200665727,3220.655746342085,3235.7277479745107,1356860,TCS.NS
2021-10-05,3329.981689453125,3335.801926439112,3250.3220869079396,3261.093862461569,1877966,TCS.NS
2021-10-06,3310.52294921875,3350.9609058383885,3296.7107282346856,3332.327365878328,1678154,TCS.NS
2021-10-07,3381.756103515625,3387.055248882462,3318.4715488271363,3327.115055968153,1647233,TCS.NS
2021-10-08,3418.893310546875,3466.0202061548184,3387.924292552639,3409.641755966438,2934339,TCS.NS
2021-10-11,3201.67529296875,3264.1346306074806,3179.436526420061,3261.9628843462647,11845402,TCS.NS
2021-10-12,3173.2255859375,3220.2655276267183,3153.8970431833336,3219.396829075969,5752877,TCS.NS
2021-10-13,3175.266845703125,3192.857991053429,3166.4061630547076,3170.749655733795,3545655,TCS.NS
2021-10-14,3143.28125,3194.2411894028182,3140.4525622982123,3155.0747443011487,6442299,TCS.NS
2021-10-18,3174.35302734375,3179.1835977264323,3134.577371767137,3136.31810253628,3590107,TCS.NS
2021-10-19,3163.0380859375,3211.7351962506837,3155.2483587152783,3193.3704027509225,3135441,TCS.NS
2021-10-20,3141.018310546875,3159.426454063598,3114.4286046403977,3143.7598766054316,2933693,TCS.NS
2021-10-21,3074.56591796875,3139.799765223235,3056.0706523617196,3136.8841684930644,4871211,TCS.NS
2021-10-22,3045.278076171875,3099.8935052260636,3033.223430340186,3098.5008355842356,2691670,TCS.NS
2021-10-25,3040.142578125,3058.94255450439,3002.7604291932066,3048.8897923083487,2595594,TCS.NS
2021-10-26,3031.134033203125,3071.518894854652,3024.51917246243,3041.491294437399,3878763,TCS.NS
2021-10-27,3037.357177734375,3056.0700308961455,3031.482212206842,3031.482212206842,2510813,TCS.NS
2021-10-28,2978.08544921875,3061.9452338402966,2972.297604765382,3061.9452338402966,2424942,TCS.NS
2021-10-29,2957.283935546875,3012.334545192476,2947.0135816838533,2959.2858183959333,3960501,TCS.NS
2021-11-01,3025.73779296875,3034.9637499899923,2970.5131581120604,2992.272290245628,2020718,TCS.NS
2021-11-02,3032.526611328125,3058.115477593055,3019.9498757574916,3041.056233416435,3087414,TCS.NS
2021-11-03,3039.532958984375,3063.5984724746827,3016.7294325728367,3049.9337809315916,1537639,TCS.NS
2021-11-04,3053.80712890625,3057.8108942881813,3050.63038055364,3057.5497421995287,328991,TCS.NS
2021-11-08,3048.67236328125,3088.0563970942476,3029.915946668684,3088.0563970942476,2526082,TCS.NS
2021-11-09,3051.23974609375,3076.7414931890703,3042.7972447493607,3053.2416288846557,1782692,TCS.NS
2021-11-10,3032.61376953125,3063.4246152630417,3029.045186907905,3044.5377312978912,1516489,TCS.NS
2021-11-11,3036.008544921875,3055.0261139031104,2990.5755135530526,3028.871591142207,1284514,TCS.NS
2021-11-12,3068.9521484375,3076.001981112753,3033.8328174078774,3051.5012786043276,1747259,TCS.NS
2021-11-15,3092.6689453125,3106.855941660992,3070.6486615620647,3070.6486615620647,1809157,TCS.NS
2021-11-16,3095.3671875,3112.034811133801,3082.8340116924446,3106.333875700264,2013204,TCS.NS
2021-11-17,3065.339599609375,3100.9812302018886,3051.8489368672776,3090.3192548089405,1632914,TCS.NS
2021-11-18,3025.12890625,3064.426030619223,3004.1532281043856,3059.464777964114,2136598,TCS.NS
2021-11-22,3010.07177734375,3060.1613513241614,2994.3182902457092,3027.479086286269,3167936,TCS.NS
2021-11-23,3015.162841796875,3029.6978990916023,2966.030765533705,2998.4083105983213,2153461,TCS.NS
2021-11-24,2996.92919921875,3040.229877506103,2980.131104641125,3022.0826740714665,2161746,TCS.NS
2021-11-25,2999.191162109375,3014.074491055451,2988.877462656823,2997.4504318228865,1849619,TCS.NS
2021-11-26,3000.01904296875,3037.5752247190135,2969.599602458624,2981.0014741153645,1941251,TCS.NS
2021-11-29,3048.019287109375,3071.8238631118234,2964.8558400184647,3000.2796653058103,2981745,TCS.NS
2021-11-30,3071.649658203125,3101.7643830180255,3038.4453065214807,3038.4453065214807,5588446,TCS.NS
2021-12-01,3113.9931640625,3124.611578739854,3076.7414849151487,3076.7414849151487,2102118,TCS.NS
2021-12-02,3170.653564453125,3175.092512337047,3110.7726037312136,3123.914991843836,3152938,TCS.NS
2021-12-03,3168.521240234375,3190.7155548684677,3160.165861043513,3173.743431912985,2486263,TCS.NS
2021-12-06,3077.960205078125,3183.7967257927357,3065.4270279502502,3168.5217700801913,1849642,TCS.NS
2021-12-07,3119.82470703125,3131.574639670369,3067.428753612896,3100.6766686563897,1484458,TCS.NS
2021-12-08,3156.72802734375,3173.743712566218,3134.185649600943,3134.185649600943,1428660,TCS.NS
2021-12-09,3134.83837890625,3163.5604352688256,3103.722817846793,3142.018892996894,1567957,TCS.NS
2021-12-10,3165.34521484375,3169.871072833831,3111.6437073162965,3120.2602405571897,1510718,TCS.NS
2021-12-13,3141.7138671875,3187.2775734207476,3134.7945058876894,3176.833190329254,1883864,TCS.NS
2021-12-14,3154.02978515625,3163.777833920644,3113.0354949388247,3137.6668751812713,1747007,TCS.NS
2021-12-15,3107.5087890625,3153.3334364504094,3096.8901625623257,3150.7223405880436,1603233,TCS.NS
2021-12-16,3117.30029296875,3140.6694726505343,3107.203970979604,3117.648354075334,2072320,TCS.NS
2021-12-17,3119.694091796875,3178.0085695838147,3110.4245734298493,3135.4911377231397,4333992,TCS.NS
2021-12-20,3095.802490234375,3138.5375147693103,3055.112909309398,3123.741303523864,2312310,TCS.NS
2021-12-21,3140.538818359375,3169.173748667994,3104.07038869764,3118.2138233088813,2340989,TCS.NS
2021-12-22,3160.0791015625,3165.3448546066893,3138.7551497651352,3154.204135250981,1224328,TCS.NS
2021-12-23,3187.886962890625,3194.67585477382,3159.4260598907417,3175.092635394332,1792861,TCS.NS
2021-12-24,3195.024169921875,3224.7037142044237,3172.3077611305043,3207.2964067053445,2209923,TCS.NS
2021-12-27,3216.957275390625,3220.351615069357,3179.5315674317108,3195.1110213296242,1534135,TCS.NS
2021-12-28,3226.05224609375,3242.1104418915284,3214.998650306945,3229.0549636020323,1456218,TCS.NS
2021-12-29,3215.73876953125,3237.715494300175,3207.296268256941,3213.606416952969,1456923,TCS.NS
2021-12-30,3249.726318359375,3255.1661012826416,3202.9441852192836,3204.1192633273176,1966475,TCS.NS
2021-12-31,3253.73046875,3272.573794030178,3247.5943503878843,3257.6035521515405,1207141,TCS.NS
2022-01-03,3322.83740234375,3333.4993781616295,3259.5183214661365,3263.870148330577,2346158,TCS.NS
2022-01-04,3381.15185546875,3384.9813780824193,3317.571622986017,3334.456838580845,2488606,TCS.NS
2022-01-05,3360.43701171875,3368.3138605317376,3318.180732029534,3363.9620338385444,1733031,TCS.NS
2022-01-06,3313.872314453125,3337.8509209336266,3283.0179071086413,3317.8325190610126,1810293,TCS.NS
2022-01-07,3353.952880859375,3363.874960866469,3304.2549343090877,3324.7956415940866,2460591,TCS.NS
2022-01-10,3376.886962890625,3462.3132338266632,3360.4804916552907,3462.3132338266632,3937092,TCS.NS
2022-01-11,3408.263671875,3416.1840817490493,3356.1288711399575,3356.1288711399575,1906106,TCS.NS
2022-01-12,3359.5234375,3419.665773696012,3339.200532209036,3416.1843119768,3203744,TCS.NS
2022-01-13,3392.596923828125,3414.4431785370202,3356.999066942974,3410.091351901108,6684507,TCS.NS
2022-01-14,3453.739990234375,3461.4428081583696,3359.653628525893,3375.146173409217,3348123,TCS.NS
2022-01-17,3498.12890625,3518.8872054066355,3448.6487622565855,3475.1077846169696,3442604,TCS.NS
2022-01-18,3473.27978515625,3517.7553236459385,3464.053828155006,3511.0099926991543,2389041,TCS.NS
2022-01-19,3413.1630859375,3498.0421346447133,3409.544807459659,3498.0421346447133,3102539,TCS.NS
2022-01-20,3336.348388671875,3417.8268980433213,3322.7903848069127,3409.1079518748434,6176776,TCS.NS
2022-01-21,3342.408447265625,3358.1461897142185,3288.0023012626775,3319.3032369219345,3112358,TCS.NS
2022-01-24,3288.220703125,3356.4898990779525,3260.973989266078,3348.0761989842986,3258414,TCS.NS
2022-01-25,3286.955810546875,3321.3956518901114,3245.36647509271,3286.607137805823,3330501,TCS.NS
2022-01-27,3181.761962890625,3255.1318220283392,3160.7057895166804,3253.0393597437615,5718297,TCS.NS
2022-01-28,3217.33544921875,3251.9932675177347,3178.9284407068867,3178.9284407068867,3143862,TCS.NS
2022-01-31,3257.616455078125,3276.580164117389,3244.668734105354,3268.733112101142,2739393,TCS.NS
2022-02-01,3313.766357421875,3320.1748683247147,3257.7471254655034,3287.0428712143316,2105169,TCS.NS
2022-02-02,3362.20068359375,3369.0015056035154,3313.766884903713,3337.5260181924546,1984212,TCS.NS
2022-02-03,3334.6484375,3385.1310537087656,3327.193695504169,3357.666371624586,1960538,TCS.NS
2022-02-04,3326.19140625,3334.7360179114785,3286.1715198488655,3326.5402918909444,2307366,TCS.NS
2022-02-07,3294.890380859375,3340.9264679175108,3274.967499946627,3305.353118242363,1919149,TCS.NS
2022-02-08,3263.893798828125,3312.9378700936186,3244.31980762492,3305.832014247331,2946443,TCS.NS
2022-02-09,3278.803466796875,3293.974348552429,3266.2046316844016,3269.604935671538,1638721,TCS.NS
2022-02-10,3287.3486328125,3304.3069440401177,3276.5806469242366,3304.3069440401177,2112459,TCS.NS
2022-02-11,3221.607177734375,3271.7847587121223,3217.2913416782762,3271.7847587121223,3851488,TCS.NS
2022-02-14,3255.436767578125,3307.3145011357815,3234.729268889145,3246.9357944321227,5951745,TCS.NS
2022-02-15,3328.71923828125,3343.715782791456,3267.8609527776734,3300.9929474963374,3931683,TCS.NS
2022-02-16,3324.62158203125,3360.3692627561973,3318.431044857309,3351.5630416267727,3256906,TCS.NS
2022-02-17,3299.423583984375,3343.715873327904,3294.8897745257236,3334.996927113229,3134372,TCS.NS
2022-02-18,3307.881591796875,3327.1069146820982,3276.2319808945354,3286.1714964542043,3688883,TCS.NS
2022-02-21,3242.925048828125,3337.4385616421955,3230.8494350012497,3321.918793472412,7465922,TCS.NS
2022-02-22,3126.962890625,3198.022304668423,3112.6639034971936,3182.4154755643576,5408531,TCS.NS
2022-02-23,3107.25830078125,3158.787148610905,3100.152231425736,3148.411687072803,2426203,TCS.NS
2022-02-24,2965.88037109375,3037.550282100594,2956.682052765938,3028.962034594024,5039136,TCS.NS
2022-02-25,3069.723388671875,3077.78841497173,3018.499572983606,3023.7309413943226,2549723,TCS.NS
2022-02-28,3098.887939453125,3107.2145759792743,3013.1806523150753,3042.9123451891032,3288942,TCS.NS
2022-03-02,3091.86962890625,3114.3645570939316,3056.863138182847,3097.4062459767724,2761341,TCS.NS
2022-03-03,3090.3427734375,3120.1617355597614,3077.8748524085095,3106.429397216829,1928039,TCS.NS
2022-03-04,3072.862548828125,3104.991744753714,3040.340829947351,3052.939667338102,2370257,TCS.NS
2022-03-07,3038.4658203125,3093.4824622131614,2991.950364784815,3008.0367797732265,3054130,TCS.NS
2022-03-08,3138.777587890625,3146.6682782658586,3016.7559553338515,3016.7559553338515,3300992,TCS.NS
2022-03-09,3167.244384765625,3185.9028439162776,3136.2484894008503,3143.180008844603,2719654,TCS.NS
2022-03-10,3157.08740234375,3212.0604115144542,3151.899670907913,3212.0604115144542,2005441,TCS.NS
2022-03-11,3138.080078125,3173.566366707418,3132.5873111877163,3141.654931943972,1623423,TCS.NS
2022-03-14,3176.3125,3180.9772219494284,3121.383132034038,3121.383132034038,1765688,TCS.NS
2022-03-15,3133.502685546875,3190.2631230599486,3126.0915796310483,3190.2631230599486,3651133,TCS.NS
2022-03-16,3187.559326171875,3198.1093357897653,3152.9887910440943,3174.1322347171863,3090475,TCS.NS
2022-03-17,3202.251220703125,3234.7292978853975,3191.3961743923683,3223.0459941926397,3600452,TCS.NS
2022-03-21,3162.1005859375,3238.173401399915,3151.89946013329,3222.52293351387,2413831,TCS.NS
2022-03-22,3226.838623046875,3235.6012072887484,3160.618263654463,3173.696684055792,2907611,TCS.NS
2022-03-23,3236.821533203125,3251.992627455648,3217.291178673667,3232.9852819842704,1596195,TCS.NS
2022-03-24,3269.474365234375,3276.7545581252484,3221.6508566813804,3226.010330100435,1879046,TCS.NS
2022-03-25,3232.505859375,3295.325913070277,3201.597235823272,3278.2366923518357,1690133,TCS.NS
2022-03-28,3232.723876953125,3237.3449613508205,3192.1807741513976,3221.6508570404744,1760990,TCS.NS
2022-03-29,3230.67578125,3245.192745867231,3218.164004566349,3221.433610368875,2689063,TCS.NS
2022-03-30,3253.5185546875,3259.1422326604416,3231.4159399540727,3259.1422326604416,1583455,TCS.NS
2022-03-31,3260.842529296875,3273.6593387691028,3243.6226090320506,3260.886166604706,2168110,TCS.NS
2022-04-01,3277.234130859375,3280.9396832520993,3250.4670067366783,3267.861263042484,1387014,TCS.NS
2022-04-04,3287.3486328125,3295.7623324570554,3258.358130814035,3280.068226112022,1472994,TCS.NS
2022-04-05,3326.10400390625,3344.239456565145,3288.786867502642,3288.786867502642,2314947,TCS.NS
2022-04-06,3274.269775390625,3321.308450856893,3253.1697538188087,3321.308450856893,2051729,TCS.NS
2022-04-07,3212.19091796875,3265.681745359496,3207.7007452082726,3265.681745359496,2494829,TCS.NS
2022-04-08,3213.4990234375,3230.370273168039,3175.87684750731,3217.291851009464,2296773,TCS.NS
2022-04-11,3222.871826171875,3236.778718405586,3187.734636322579,3217.2917846452956,2291660,TCS.NS
2022-04-12,3218.25048828125,3260.014157655668,3180.9769912928095,3211.1880563374766,4483476,TCS.NS
2022-04-13,3192.835205078125,3234.5990948262,3187.255163355914,3232.1141094342306,1621672,TCS.NS
2022-04-18,3076.08837890625,3147.5401125729736,3071.2493203707204,3147.5401125729736,3820792,TCS.NS
2022-04-19,3027.131103515625,3107.0403799545356,2998.576552281814,3095.2261642756557,3170014,TCS.NS
2022-04-20,3101.155029296875,3111.922800837386,3034.193475539571,3051.631369077155,2640370,TCS.NS
2022-04-21,3163.801025390625,3177.1846959049176,3110.397468139204,3121.38342791976,2280996,TCS.NS
2022-04-22,3149.763427734375,3153.64331680634,3113.9721056051544,3122.342380367201,1581465,TCS.NS
2022-04-25,3093.656982421875,3124.870857781857,3080.49149910498,3102.201593746609,1960694,TCS.NS
2022-04-26,3092.0,3128.270689253386,3067.456038200025,3117.1540326092236,1943469,TCS.NS
2022-04-27,3104.9912109375,3111.3124472027903,3057.1242793987144,3091.7384547198044,1727648,TCS.NS
2022-04-28,3125.132080078125,3142.657035068176,3084.806951954192,3128.358047755058,1703660,TCS.NS
2022-04-29,3092.348388671875,3159.091959711255,3083.7603549878772,3136.2047275460936,2051115,TCS.NS
2022-05-02,3088.599853515625,3093.4389119139187,3045.3103646568115,3068.9822217914025,1324161,TCS.NS
2022-05-04,3033.9755859375,3091.259025222723,3021.376750080482,3085.199399623491,2305825,TCS.NS
2022-05-05,3063.315185546875,3080.4044092212253,3038.858706057158,3062.1818925690936,1612262,TCS.NS
2022-05-06,2992.86572265625,3029.398024101116,2985.803290699171,3015.8836567465128,2010812,TCS.NS
2022-05-09,3003.764404296875,3013.2679710271254,2918.1007532108174,2962.6980803096562,2481830,TCS.NS
2022-05-10,2998.228271484375,3020.941173809357,2983.6240334480644,2994.08677114572,1622685,TCS.NS
2022-05-11,2974.90478515625,3006.6853051327807,2948.878642613765,2994.9583637197297,1841769,TCS.NS
2022-05-12,2971.984130859375,3007.7754550444442,2920.934860508519,2945.2606403315326,2807195,TCS.NS
2022-05-13,2977.4326171875,2999.229980963404,2948.878070641065,2994.9577828092793,2187823,TCS.NS
2022-05-16,2944.21435546875,2990.599115503573,2935.3210712259547,2977.5206937156568,1195813,TCS.NS
2022-05-17,3009.431884765625,3022.858978236571,2921.1959692768205,2938.2851908443163,1754076,TCS.NS
2022-05-18,3006.990966796875,3047.2724658323123,3001.977571466822,3021.1156206320347,1866781,TCS.NS
2022-05-19,2844.076416015625,2968.8009753350566,2816.2194274103476,2961.8258188584987,4642963,TCS.NS
2022-05-20,2871.1494140625,2889.371929206205,2851.139472106869,2885.971624824438,3065125,TCS.NS
2022-05-23,2896.21630859375,2911.1692180116047,2848.4800723039907,2881.437735548261,2293690,TCS.NS
2022-05-24,2866.7890625,2898.9184593713485,2855.97765604771,2890.460912587289,1711510,TCS.NS
2022-05-25,2780.461181640625,2890.357885421766,2768.523667729061,2890.357885421766,3548046,TCS.NS
2022-05-26,2832.5126953125,2845.284259373515,2791.7843560328024,2800.956986475671,2813186,TCS.NS
2022-05-27,2862.664306640625,2878.112892084147,2834.4878731863514,2855.554301399254,3103153,TCS.NS
2022-05-30,2962.68701171875,2972.649766154099,2884.6535072325955,2894.001652510694,2094624,TCS.NS
2022-05-31,2953.11865234375,2969.839960148592,2918.5783982122985,2944.1652479237173,4840965,TCS.NS
2022-06-01,2945.08642578125,2973.8772519538998,2931.788329574225,2973.8772519538998,1493835,TCS.NS
2022-06-02,3004.599609375,3012.4995207055213,2937.274852340207,2944.911390433282,2657939,TCS.NS
2022-06-03,3019.652587890625,3052.2617878256715,3011.7966095219977,3036.549616789654,1913622,TCS.NS
2022-06-06,3011.577392578125,3030.9322154409138,2964.3534420465703,3000.2103424202264,1084210,TCS.NS
2022-06-07,2951.669677734375,3000.9564672739875,2945.788676454605,2985.3321578943005,2308256,TCS.NS
2022-06-08,2988.053466796875,2996.6556349491925,2937.450233831093,2966.987037508978,2185707,TCS.NS
2022-06-09,3008.198486328125,3016.888302906763,2943.243661069149,2971.2443716436987,1279197,TCS.NS
2022-06-10,2949.2119140625,2978.2661136522997,2942.27763423593,2968.610667955225,1527582,TCS.NS
2022-06-13,2826.06103515625,2890.4891000419943,2802.229512994808,2887.8557968837417,3030921,TCS.NS
2022-06-14,2818.1181640625,2843.0027588907465,2786.650094774694,2800.0799883623426,2611493,TCS.NS
2022-06-15,2814.38720703125,2838.70133453844,2809.734994390088,2825.095932347547,1404536,TCS.NS
2022-06-16,2757.94677734375,2848.2252927417594,2750.090797397265,2843.968032652371,2032028,TCS.NS
2022-06-17,2711.336669921875,2737.5381225214655,2654.2380502201972,2714.0578356188767,5240434,TCS.NS
2022-06-20,2731.964599609375,2755.0938684218168,2693.869560234665,2715.813756717515,1502769,TCS.NS
2022-06-21,2819.346435546875,2841.9928891984864,2743.375584391192,2747.4134022673966,2964461,TCS.NS
2022-06-22,2829.00146484375,2853.2279399309514,2793.934686861493,2808.7688757910482,3336315,TCS.NS
2022-06-23,2904.35791015625,2912.4333304188162,2829.001464757283,2829.001464757283,3692578,TCS.NS
2022-06-24,2890.57763671875,2936.1337062623097,2876.884371382577,2930.8670987174446,2132118,TCS.NS
2022-06-27,2909.53759765625,2951.845973136868,2902.339942790059,2940.522851458248,2037686,TCS.NS
2022-06-28,2912.5654296875,2922.9670648721058,2872.5832738577947,2902.778403463079,1400046,TCS.NS
2022-06-29,2888.294921875,2925.600053064694,2871.178449917376,2871.178449917376,2133994,TCS.NS
2022-06-30,2867.755615234375,2906.2016781293732,2857.1345378380965,2872.0565922599853,2719603,TCS.NS
2022-07-01,2909.888671875,2925.600632758043,2854.545358719588,2861.5235711944856,1502879,TCS.NS
2022-07-04,2839.623046875,2912.3899190179127,2830.8453680013654,2907.16724294786,2622535,TCS.NS
2022-07-05,2823.164306640625,2872.0559248487452,2814.957092896265,2857.133873894458,2170627,TCS.NS
2022-07-06,2862.181884765625,2868.9845864774807,2810.8324589406493,2825.0961883364757,2182144,TCS.NS
2022-07-07,2885.9697265625,2913.663136694547,2865.956572456411,2871.179249417504,1989921,TCS.NS
2022-07-08,2866.30810546875,2901.0238803919137,2852.7466297348624,2896.6350394230913,2136916,TCS.NS
2022-07-11,2733.193359375,2830.8010937637823,2726.3467278233516,2814.255085372196,6974600,TCS.NS
2022-07-12,2707.650390625,2752.8554340083,2703.7443666293075,2734.158936312343,3734815,TCS.NS
2022-07-13,2667.317138671875,2729.858099965292,2664.025509130116,2724.591492698478,3863530,TCS.NS
2022-07-14,2639.15478515625,2690.4197342968428,2611.212087556013,2689.5396493330554,4764908,TCS.NS
2022-07-15,2635.502197265625,2665.688935952516,2598.8905812888142,2656.580186606266,4574806,TCS.NS
2022-07-18,2696.14013671875,2707.977235850919,2652.8400018798093,2660.496697666323,3202795,TCS.NS
2022-07-19,2705.600341796875,2709.736696841863,2666.700641708063,2666.700641708063,1865074,TCS.NS
2022-07-20,2785.29248046875,2791.5850009840688,2726.54681875147,2735.1276457438817,3402251,TCS.NS
2022-07-21,2796.2939453125,2802.190471485001,2767.031120822275,2787.2290273847357,2420640,TCS.NS
2022-07-22,2790.74853515625,2813.6307369582246,2766.546206327238,2803.0697207419284,2075886,TCS.NS
2022-07-25,2787.0087890625,2804.3464181965073,2771.475376902359,2785.468640525085,1797504,TCS.NS
2022-07-26,2742.256103515625,2788.9005972546584,2725.1825445833438,2785.204284119927,2639367,TCS.NS
2022-07-27,2806.45849609375,2811.078941286618,2737.063723775086,2741.4641477682935,1389808,TCS.NS
2022-07-28,2869.516845703125,2872.597142884527,2817.723762864332,2830.353067253872,2106333,TCS.NS
2022-07-29,2905.9521484375,2919.5055843641176,2882.277951362933,2895.4792244226105,2430257,TCS.NS
2022-08-01,2903.2236328125,2928.0419799310016,2878.757233650227,2928.0419799310016,1306913,TCS.NS
2022-08-02,2897.06396484375,2915.63363018699,2879.330122447403,2895.479768805848,1269114,TCS.NS
2022-08-03,2939.043212890625,2947.4040185568806,2884.0819596679717,2886.678166875655,2895824,TCS.NS
2022-08-04,2952.640625,2981.6393778391775,2910.748715052076,2948.284247964706,2150567,TCS.NS
2022-08-05,2961.529541015625,2972.0465119063037,2952.684645379227,2958.141128427601,1106933,TCS.NS
2022-08-08,2969.802001953125,2973.7183361972407,2935.9627856015595,2961.485243869679,1068836,TCS.NS
2022-08-10,2952.0244140625,2979.0870214210518,2935.0827818136504,2979.0870214210518,1878359,TCS.NS
2022-08-11,3012.09033203125,3017.5468150068145,2970.3303498018386,2992.2884233473337,1449248,TCS.NS
2022-08-12,2993.65234375,3009.0097797642084,2975.7865802362476,3009.0097797642084,1472354,TCS.NS
2022-08-16,2985.8642578125,3005.358268967292,2981.287858906045,3001.969855860818,839942,TCS.NS
2022-08-17,2993.2568359375,3008.086137566978,2966.8542889674754,2979.175477553487,1622326,TCS.NS
2022-08-18,2975.786376953125,2985.247287430684,2958.844746563078,2983.4871180395103,1430659,TCS.NS
2022-08-19,2979.7470703125,3011.2101014765467,2966.98584088932,2980.8471762972567,1398410,TCS.NS
2022-08-22,2952.28857421875,2978.295123607797,2945.995838840667,2961.4854176096087,1536532,TCS.NS
2022-08-23,2890.726806640625,2941.155497044556,2877.877481785338,2921.837677410358,1849256,TCS.NS
2022-08-24,2864.984375,2911.3207575810075,2860.451808988953,2897.2393996241462,1691923,TCS.NS
2022-08-25,2832.288818359375,2885.0498583635745,2829.25256881732,2883.157762017432,1946930,TCS.NS
2022-08-26,2835.809326171875,2866.4363215518924,2831.05695398552,2846.4584386730107,1457962,TCS.NS
2022-08-29,2756.90966796875,2765.842442693576,2711.5412538067208,2750.264984792601,2539173,TCS.NS
2022-08-30,2826.083984375,2839.59337087647,2765.314305884084,2776.667312913455,3431525,TCS.NS
2022-09-01,2756.16162109375,2807.4706096920486,2746.7447563789606,2807.4706096920486,3546935,TCS.NS
2022-09-02,2755.017578125,2783.708430697643,2746.1288498985514,2783.708430697643,2052900,TCS.NS
2022-09-05,2757.65771484375,2770.462992067452,2739.0440066723772,2749.076887768465,2147912,TCS.NS
2022-09-06,2752.0693359375,2764.214549676102,2733.8516227618284,2759.506009846509,1936453,TCS.NS
2022-09-07,2771.915283203125,2782.7401547857316,2730.023159097114,2730.023159097114,1291534,TCS.NS
2022-09-08,2789.56103515625,2801.7502970448945,2781.1563961991515,2789.869150819009,1346113,TCS.NS
2022-09-09,2831.80517578125,2845.75460780209,2788.5490876205113,2811.871338156078,1561185,TCS.NS
2022-09-12,2854.071044921875,2877.7014084575,2838.2735652602178,2851.386743228349,1785928,TCS.NS
2022-09-13,2842.10205078125,2872.1128147669933,2838.273595799271,2872.1128147669933,1972678,TCS.NS
2022-09-14,2746.216796875,2764.698579511597,2740.4083655364684,2759.066122177662,5090269,TCS.NS
2022-09-15,2732.091552734375,2761.4863014530865,2728.2630976032406,2754.6656437090783,2138023,TCS.NS
2022-09-16,2647.91162109375,2723.2910281150525,2640.2549247847733,2707.141382879321,5322221,TCS.NS
2022-09-19,2665.60107421875,2677.2181514295744,2629.517594860232,2671.9376422551572,2072220,TCS.NS
2022-09-20,2675.7216796875,2710.6169537047986,2666.656763886878,2684.2584586980124,1544295,TCS.NS
2022-09-21,2641.310791015625,2676.690161452811,2638.626489065098,2664.8971095952425,2253818,TCS.NS
2022-09-22,2646.76708984375,2666.6130461683933,2622.036834497055,2631.453699411689,2017983,TCS.NS
2022-09-23,2624.45751953125,2660.056914839661,2621.7732173059885,2643.7753423253407,2652374,TCS.NS
2022-09-26,2635.325927734375,2663.0047675160854,2575.216305765953,2604.9191687641182,2925489,TCS.NS
2022-09-27,2655.611572265625,2662.256254816649,2619.132103912181,2648.5268473584333,2227447,TCS.NS
2022-09-28,2671.62939453125,2684.214650414333,2622.652760305555,2622.652760305555,2739767,TCS.NS
2022-09-29,2637.878173828125,2689.407181056036,2631.453511913106,2687.7789382550586,2493902,TCS.NS
2022-09-30,2644.2587890625,2657.5919876362846,2596.338215395767,2632.2016704566418,2817353,TCS.NS
2022-10-03,2627.009033203125,2658.4720642332236,2617.372147790572,2635.8539282558045,1763331,TCS.NS
2022-10-04,2720.473876953125,2726.502543409668,2660.4961874523647,2666.6127334648536,2145875,TCS.NS
2022-10-06,2729.979248046875,2749.3851626060255,2721.61844169452,2737.944059176487,1790816,TCS.NS
2022-10-07,2697.371826171875,2732.663312710145,2691.387421404363,2725.9745822630443,1939879,TCS.NS
2022-10-10,2744.588623046875,2752.0252969781927,2644.6549464085288,2649.055370612203,3064063,TCS.NS
2022-10-11,2701.46435546875,2767.8667110161023,2687.2070246042927,2728.2628948012457,4730645,TCS.NS
2022-10-12,2728.92333984375,2736.9760309872313,2694.8640961111873,2714.97390779249,1665247,TCS.NS
2022-10-13,2731.167236328125,2737.063761587593,2686.326958190763,2728.922977087694,2054781,TCS.NS
2022-10-14,2727.514404296875,2772.2667971102837,2702.740106008153,2767.866373622807,2245977,TCS.NS
2022-10-17,2745.69140625,2760.3826551550005,2710.132155751458,2711.190947627584,1517005,TCS.NS
2022-10-18,2774.76513671875,2784.162426006963,2760.515069405285,2779.4417007596876,1793722,TCS.NS
2022-10-19,2754.60400390625,2787.383691123662,2745.9126453867793,2787.383691123662,1194289,TCS.NS
2022-10-20,2785.883056640625,2788.265392214425,2739.7354565904398,2739.7354565904398,1587601,TCS.NS
2022-10-21,2768.323974609375,2788.6183117668575,2759.1474909324643,2786.324298557894,1021913,TCS.NS
2022-10-24,2789.765625,2804.1481776168825,2783.853839012355,2797.177599655719,260949,TCS.NS
2022-10-25,2790.1181640625,2809.662404583954,2780.4561236786158,2806.3535456635836,2069643,TCS.NS
2022-10-27,2785.9716796875,2800.618985502652,2765.6333934178274,2788.8835194484113,2438421,TCS.NS
2022-10-28,2791.133056640625,2804.58908417995,2775.0299417165147,2779.4417540244904,1355739,TCS.NS
2022-10-31,2817.515625,2822.6775315995496,2803.9714903854647,2822.6775315995496,1919414,TCS.NS
2022-11-01,2876.23779296875,2878.796774178203,2826.604888628481,2836.3550400318877,2991060,TCS.NS
2022-11-02,2860.354248046875,2885.3251479156916,2843.0159124546703,2885.3251479156916,1405955,TCS.NS
2022-11-03,2829.51611328125,2848.310478720669,2819.148353296513,2848.310478720669,1422652,TCS.NS
2022-11-04,2838.913330078125,2841.251720209756,2793.692247035101,2838.5604712079626,1464013,TCS.NS
2022-11-07,2853.295166015625,2861.3247497880584,2819.2361076279935,2849.148105941495,1474498,TCS.NS
2022-11-09,2837.72216796875,2867.501904513535,2825.0160177906464,2867.501904513535,1162267,TCS.NS
2022-11-10,2828.545654296875,2845.61945720835,2797.0895129768896,2797.0895129768896,1573092,TCS.NS
2022-11-11,2925.8701171875,2948.502846331555,2872.1343229110385,2884.972741372326,3265394,TCS.NS
2022-11-14,2943.1201171875,2955.032010931176,2919.737510949914,2932.972948442887,1342074,TCS.NS
2022-11-15,2940.5615234375,2947.0467589345967,2904.737517701037,2930.326031678355,1400708,TCS.NS
2022-11-16,2960.63525390625,2971.7087315184385,2930.723034354456,2946.120217692935,1748235,TCS.NS
2022-11-17,2955.0322265625,2964.7382147656017,2927.4583964400517,2947.090963487235,1417986,TCS.NS
2022-11-18,2950.135009765625,2967.164649978448,2930.3260137026023,2955.9145275229503,1164540,TCS.NS
2022-11-21,2897.237548828125,2941.5321075260067,2887.972741682489,2931.6496896547724,1304194,TCS.NS
2022-11-22,2924.987548828125,2928.5169988553193,2872.3105502563512,2894.1490222996185,1149739,TCS.NS
2022-11-23,2919.119384765625,2938.2666045399396,2903.8544731354177,2938.2666045399396,1150011,TCS.NS
2022-11-24,2982.51708984375,2993.811371305719,2919.11948257653,2926.1342203599343,1296591,TCS.NS
2022-11-25,2990.899658203125,3002.988195561847,2954.149349978673,2985.0320343422495,1588981,TCS.NS
2022-11-28,2995.841796875,3015.0331845731166,2969.6356691713404,2970.032689280981,2195437,TCS.NS
2022-11-29,2997.694580078125,3025.6212694061737,2985.03259095978,2985.03259095978,1576028,TCS.NS
2022-11-30,2991.914794921875,3013.179601826006,2977.9734243991,2985.0323243680464,3410702,TCS.NS
2022-12-01,3066.783447265625,3070.6218106972183,3017.6800553403696,3022.0918682867737,2180856,TCS.NS
2022-12-02,3034.576416015625,3060.8266961546037,3011.502726532251,3051.2973550287843,2411749,TCS.NS
2022-12-05,3022.885986328125,3034.5772909373013,3006.2094191292977,3029.1508470416434,1475065,TCS.NS
2022-12-06,2987.105712890625,3007.046974384895,2971.7966386935204,3000.0763974160222,1166999,TCS.NS
2022-12-07,2982.915283203125,2994.4741047527577,2959.444350368291,2972.0621794423473,1167505,TCS.NS
2022-12-08,2956.400146484375,2982.915186541277,2946.605835144837,2964.7384302352993,1285619,TCS.NS
2022-12-09,2905.399169921875,2977.1794466521255,2890.928510850785,2977.1794466521255,1797896,TCS.NS
2022-12-12,2899.84033203125,2908.2669373884346,2855.413507309817,2872.5312544502576,1527610,TCS.NS
2022-12-13,2940.120361328125,2943.958509197416,2883.3844058485947,2891.6785277132994,1378016,TCS.NS
2022-12-14,2969.458740234375,2979.7381772420185,2947.8848046662138,2954.8555977030205,1213311,TCS.NS
2022-12-15,2916.296630859375,2968.9294722548675,2910.869971774407,2963.6794580212227,1415694,TCS.NS
2022-12-16,2859.074951171875,2904.7372083196706,2845.795353110489,2889.7370465513122,2703680,TCS.NS
2022-12-19,2825.369140625,2863.707751618169,2818.7072600660117,2847.384043898269,2120965,TCS.NS
2022-12-20,2862.33984375,2866.7958175446647,2791.4860905554474,2822.5893692776544,1529971,TCS.NS
2022-12-21,2884.046142578125,2896.840399494086,2858.8546488077627,2866.7959117211176,1432566,TCS.NS
2022-12-22,2876.23779296875,2906.5028781661345,2863.3554261612308,2906.5028781661345,1384101,TCS.NS
2022-12-23,2848.5751953125,2882.54615313989,2838.56029430426,2838.56029430426,1360281,TCS.NS
2022-12-26,2870.2373046875,2887.0905170401593,2845.6636347651533,2848.575474519875,870157,TCS.NS
2022-12-27,2876.060791015625,2888.678618824853,2851.3546391063023,2884.619664842959,835883,TCS.NS
2022-12-28,2873.943359375,2881.8846229096966,2846.5017958813237,2867.5020692016337,910795,TCS.NS
2022-12-29,2884.22265625,2886.6491533221797,2848.2663814531547,2851.00179159365,1037927,TCS.NS
2022-12-30,2873.58984375,2910.9138197149614,2864.325037715745,2899.487268690152,1163131,TCS.NS
2023-01-02,2877.78125,2882.546136946802,2854.6192334296225,2877.3842299429016,709547,TCS.NS
2023-01-03,2921.811279296875,2929.443629089992,2863.531190519576,2869.4429764459805,1245178,TCS.NS
2023-01-04,2924.72265625,2935.9288318835124,2899.6194872236865,2917.707917742617,1231668,TCS.NS
2023-01-05,2921.591064453125,2944.7089228612836,2895.8700638839987,2938.4440618611807,1826057,TCS.NS
2023-01-06,2833.75146484375,2913.1640936237372,2823.560134399543,2911.7963885995287,2488376,TCS.NS
2023-01-09,2929.399658203125,2935.6203575905165,2842.2221906134705,2849.148823161941,2885060,TCS.NS
2023-01-10,2899.79638671875,2910.031879132558,2850.119544259817,2898.5611652366442,3864655,TCS.NS
2023-01-11,2937.120361328125,2955.473546603415,2886.340350306403,2903.061294014139,2720512,TCS.NS
2023-01-12,2942.105224609375,2955.914110329725,2925.516768010586,2937.3844994888523,2250391,TCS.NS
2023-01-13,2977.576416015625,2981.502886054615,2916.208061086269,2949.6495136518442,1742837,TCS.NS
2023-01-16,3008.71044921875,3025.8112471276013,2976.223361566918,2993.324159475769,1843607,TCS.NS
2023-01-17,3048.732177734375,3051.8005344403805,2996.933416683974,3005.0551874608955,1688475,TCS.NS
2023-01-18,3059.20068359375,3076.3014811096996,3043.1827449112166,3050.176492786689,2421189,TCS.NS
2023-01-19,3043.949462890625,3056.4929982286035,3033.030105416692,3050.1760655484736,1585044,TCS.NS
2023-01-20,3034.925048828125,3063.3961884764685,3028.1569071715403,3036.639556587615,1529349,TCS.NS
2023-01-23,3081.670166015625,3085.370171575479,3028.156902323591,3057.395186106383,1067916,TCS.NS
2023-01-24,3100.982421875,3115.1051909529156,3083.8364610513177,3090.7850432164355,1387863,TCS.NS
2023-01-25,3095.07177734375,3099.809477418407,3072.7369055632244,3091.056056581995,874110,TCS.NS
2023-01-27,3078.1962890625,3109.7357881786565,3052.251743528508,3091.6874086767493,1785879,TCS.NS
2023-01-30,3098.59130859375,3120.9713467272463,3055.185081317517,3086.273375790925,1953798,TCS.NS
2023-01-31,3030.9541015625,3112.442566547711,3024.005520586077,3112.442566547711,2820375,TCS.NS
2023-02-01,3075.759521484375,3085.3701945661082,3027.615385425356,3034.83473656795,2205161,TCS.NS
2023-02-02,3122.730712890625,3130.49160464965,3086.3634023563964,3092.5900055158118,1813847,TCS.NS
2023-02-03,3142.49365234375,3162.0761001103447,3115.9624021902155,3162.0761001103447,1804469,TCS.NS
2023-02-06,3122.32470703125,3134.236594271582,3101.4789594399563,3134.236594271582,1138714,TCS.NS
2023-02-07,3133.695068359375,3152.149492409252,3123.632964557196,3130.4011068970385,1455647,TCS.NS
2023-02-08,3176.605224609375,3194.4729446376878,3138.658461421749,3138.658461421749,1986946,TCS.NS
2023-02-09,3195.330322265625,3201.421650359285,3163.249283575588,3172.0027035874955,1655427,TCS.NS
2023-02-10,3192.352294921875,3196.683950073236,3165.8210448180002,3176.5147978181903,1187821,TCS.NS
2023-02-13,3142.583984375,3202.6851807113194,3134.462212995343,3202.6851807113194,1087939,TCS.NS
2023-02-14,3158.556396484375,3180.891263668698,3153.9539720892467,3162.9781608505896,1579818,TCS.NS
2023-02-15,3177.101318359375,3181.929348066534,3122.504969647513,3146.7350075745903,1429449,TCS.NS
2023-02-16,3210.852294921875,3226.1482544705477,3182.8321380468874,3183.012577801887,1618931,TCS.NS
2023-02-17,3159.504150390625,3193.570467173406,3149.442266805479,3182.0646250812088,1061369,TCS.NS
2023-02-20,3147.00537109375,3178.3192618360385,3135.950739930351,3160.2708844264075,1296082,TCS.NS
2023-02-21,3114.248291015625,3166.498268391457,3108.6081716824324,3153.05231202799,1139541,TCS.NS
2023-02-22,3069.623291015625,3110.6381891326687,3063.712402699568,3081.715617084995,1218430,TCS.NS
2023-02-23,3080.67822265625,3115.5114660865815,3075.444148059151,3087.175595807029,1441570,TCS.NS
2023-02-24,3068.630859375,3098.861897992003,3052.2520415048884,3088.529243781861,977592,TCS.NS
2023-02-27,3006.724853515625,3059.2004305919913,2992.4214241424907,3059.2004305919913,1128022,TCS.NS
2023-02-28,2989.578857421875,3061.0052327901076,2977.892355176233,3003.701626574845,4116217,TCS.NS
2023-03-01,3055.320068359375,3058.2980952242915,2991.5190869485177,2998.7384391945475,1669307,TCS.NS
2023-03-02,2997.33935546875,3041.0615092127086,2994.22605417747,3033.0300687433623,1556538,TCS.NS
2023-03-03,3016.019775390625,3030.3232056286283,3006.0482210242776,3026.713529386069,1043190,TCS.NS
2023-03-06,3042.821044921875,3072.690976248651,3031.2248747347967,3033.841801236338,1334132,TCS.NS
2023-03-08,3059.561279296875,3064.614913806922,3005.8224042793245,3035.7375059029696,1844590,TCS.NS
2023-03-09,3011.23681640625,3054.68820151513,3005.8223026074047,3054.68820151513,1648500,TCS.NS
2023-03-10,3005.95751953125,3011.5976379632734,2968.9583426171757,2989.6236484252595,1024404,TCS.NS
2023-03-13,2961.694091796875,3040.97169171865,2952.7150665107374,3007.762627347276,1901233,TCS.NS
2023-03-14,2901.23193359375,2981.9532694589166,2896.2234640568317,2959.9343338825,2670334,TCS.NS
2023-03-15,2886.747802734375,2942.2016217694713,2880.521200296672,2932.861497795797,1780522,TCS.NS
2023-03-16,2874.20458984375,2905.608815924938,2862.4731425382656,2894.960227384223,1901060,TCS.NS
2023-03-17,2869.06103515625,2907.05274636702,2837.2055974572454,2843.07132149779,6739966,TCS.NS
2023-03-20,2836.573486328125,2860.3520931076205,2793.031772654829,2860.3520931076205,2289468,TCS.NS
2023-03-21,2803.00341796875,2848.7108468749984,2795.1973623365025,2836.5733568003143,1815297,TCS.NS
2023-03-22,2825.2939453125,2836.7546245612734,2803.0042361624273,2824.617130943669,1123939,TCS.NS
2023-03-23,2819.743408203125,2839.326076534462,2798.4012872223343,2810.944823053039,1372218,TCS.NS
2023-03-24,2815.998046875,2860.6677803537095,2802.9129734317416,2841.6266543197817,1329577,TCS.NS
2023-03-27,2817.622802734375,2845.1014163917093,2802.9133294148437,2829.083479625092,1524217,TCS.NS
2023-03-28,2811.8466796875,2842.213204809798,2806.657771534179,2821.8636165972694,1303530,TCS.NS
2023-03-29,2832.6025390625,2842.619476774167,2801.1985382394446,2823.6686802623394,1740616,TCS.NS
2023-03-31,2893.0654296875,2899.472693701478,2844.425126220684,2878.6718884834154,2382581,TCS.NS
2023-04-03,2887.740478515625,2910.2557859956287,2864.0519824028015,2910.2557859956287,1521830,TCS.NS
2023-04-05,2923.6572265625,2945.8116578814243,2874.655829017467,2874.655829017467,2655065,TCS.NS
2023-04-06,2906.420654296875,2939.4944408464216,2901.276910369909,2910.301099826736,1703464,TCS.NS
2023-04-10,2944.95361328125,2952.7145035874473,2901.2766286777637,2905.788722968087,2203187,TCS.NS
2023-04-11,2900.19384765625,2953.57183641114,2880.656346666499,2945.4952314789316,2348779,TCS.NS
2023-04-12,2925.326416015625,2942.7431464979895,2886.8383344135827,2912.963319978562,2417727,TCS.NS
2023-04-13,2877.678955078125,2914.813409301973,2869.6924586935834,2896.765029058617,4174070,TCS.NS
2023-04-17,2833.144287109375,2854.7120118386847,2770.6517749633886,2828.2713129172603,5505048,TCS.NS
2023-04-18,2825.247802734375,2848.801022746983,2807.064151110326,2847.0862947489463,2617302,TCS.NS
2023-04-19,2788.11376953125,2833.595598009388,2771.779897861731,2825.2482224420037,3298034,TCS.NS
2023-04-20,2801.830322265625,2809.230113386837,2777.6454510133904,2788.4744781128575,2419999,TCS.NS
2023-04-21,2852.411376953125,2855.6599533822787,2798.22106827922,2806.5232795765946,1929184,TCS.NS
2023-04-24,2864.999755859375,2870.5495443318514,2821.09694130206,2843.612470588807,1640676,TCS.NS
2023-04-25,2866.0830078125,2879.7997338116465,2840.3640639451646,2872.3999413939505,2024090,TCS.NS
2023-04-26,2886.0712890625,2895.3210839802464,2870.5948910586885,2870.5948910586885,2000029,TCS.NS
2023-04-27,2876.866455078125,2887.018668292053,2861.254563139059,2874.20436323212,2434446,TCS.NS
2023-04-28,2905.11279296875,2912.3321460304105,2884.3571529164765,2888.1021041903446,2931312,TCS.NS
2023-05-02,2905.247802734375,2919.325628047492,2896.765151787465,2919.325628047492,2321159,TCS.NS
2023-05-03,2869.601806640625,2902.179217450923,2863.5104789920574,2902.179217450923,2468285,TCS.NS
2023-05-04,2906.420654296875,2909.804725343185,2867.8874093796485,2869.827521986016,1953253,TCS.NS
2023-05-05,2915.444580078125,2927.4467950336384,2896.8097186619816,2905.788742296028,1710027,TCS.NS
2023-05-08,2933.4033203125,2937.2386011027506,2915.9865893662864,2928.349685732607,928235,TCS.NS
2023-05-09,2962.867431640625,2976.1781130132586,2929.2523210554996,2935.208375084693,1107375,TCS.NS
2023-05-10,2966.07080078125,2983.8484109430083,2947.3456066100516,2968.9584975056696,1559987,TCS.NS
2023-05-11,2961.87451171875,2986.7361998952592,2952.715046751315,2986.1045506418404,1719623,TCS.NS
2023-05-12,2954.791015625,2968.9589519706656,2941.886377940538,2959.167616236234,1027479,TCS.NS
2023-05-15,2937.418701171875,2970.7630356526083,2931.372538570999,2963.5436844116543,1150390,TCS.NS
2023-05-16,2940.216064453125,2964.4461001565937,2933.267482954537,2938.4563916534416,986306,TCS.NS
2023-05-17,2895.591796875,2959.93431554151,2886.161562402632,2938.2310945607733,1588815,TCS.NS
2023-05-18,2887.605224609375,2913.8654825847825,2883.228404788249,2911.1582258666713,1369364,TCS.NS
2023-05-19,2908.360595703125,2918.873686878229,2890.4926589205256,2896.7644256853036,1152449,TCS.NS
2023-05-22,2976.809326171875,2985.6079108748772,2903.126907529479,2914.813188789529,1333243,TCS.NS
2023-05-23,2975.320556640625,3003.2052151323046,2969.048788762343,2983.397162487744,1687418,TCS.NS
2023-05-24,2981.005615234375,2993.5039850346407,2956.324369747154,2956.324369747154,1016555,TCS.NS
2023-05-25,2972.117431640625,2983.3976708680448,2948.293654519183,2972.5686412097216,1374917,TCS.NS
2023-05-26,3004.06298828125,3012.861574899947,2969.86139098775,2972.1174388386976,1791115,TCS.NS
2023-05-29,2996.346923828125,3042.9567756365113,2988.8116372799896,3032.84972720672,1210372,TCS.NS
2023-05-30,2992.6015625,3002.302565838326,2979.200773799653,2991.5187038651916,1344224,TCS.NS
2023-05-31,2968.506591796875,3002.978945303496,2946.532606266103,2986.103758095717,5815424,TCS.NS
2023-06-01,2999.640625,3014.0793283694343,2975.7265225443743,2990.6164353941035,1177314,TCS.NS
2023-06-02,2983.0361328125,3010.379250409834,2975.681286269555,3001.670995775546,2030661,TCS.NS
2023-06-05,2967.96533203125,3002.3475790890493,2964.4911515736353,2991.518552654102,1861468,TCS.NS
2023-06-06,2916.888916015625,2967.920753448757,2906.330658002561,2959.9342573409676,2022849,TCS.NS
2023-06-07,2955.331787109375,2958.8965182829807,2924.739872252775,2935.568899857537,1567196,TCS.NS
2023-06-08,2920.63330078125,2950.9094957876887,2917.5199999637916,2942.787726533227,1759366,TCS.NS
2023-06-09,2896.133056640625,2932.8614622739865,2892.568546003746,2928.349367716642,1775689,TCS.NS
2023-06-12,2930.06396484375,2936.832106886092,2897.667213061257,2901.2768888171727,2324605,TCS.NS
2023-06-13,2927.17626953125,2946.3978370029945,2922.9349445796934,2941.885742306206,1371928,TCS.NS
2023-06-14,2933.8095703125,2938.141225924814,2911.0686537442966,2927.176702001411,1658544,TCS.NS
2023-06-15,2924.035888671875,2952.3552093195044,2918.3083232724543,2950.4006679163926,2273810,TCS.NS
2023-06-16,2886.39794921875,2908.6716434866084,2869.2154738515223,2906.489819361,4156189,TCS.NS
2023-06-19,2918.671875,2922.7629614182097,2886.488750625675,2900.1257053530403,1468186,TCS.NS
2023-06-20,2934.400146484375,2938.7640167937166,2910.171910116586,2921.9451044006205,1528452,TCS.NS
2023-06-21,2962.129150390625,2965.0383237955994,2930.991428666582,2954.674324179221,1645987,TCS.NS
2023-06-22,2944.219482421875,2970.7205509385226,2936.582874075137,2963.7657905497335,1529603,TCS.NS
2023-06-23,2924.081787109375,2954.1283706652703,2917.5358703597485,2943.128025485959,1119505,TCS.NS
2023-06-26,2899.807373046875,2921.8537828251756,2884.6704423318647,2913.76261193622,1978803,TCS.NS
2023-06-27,2906.8076171875,2917.989741403973,2893.125162893644,2911.034983956594,863542,TCS.NS
2023-06-28,2923.263427734375,2937.354949548723,2903.2170571492807,2916.490450350226,1575872,TCS.NS
2023-06-30,3002.17578125,3009.2215416572035,2922.036027465169,2927.3998078961313,2672406,TCS.NS
2023-07-03,2974.947509765625,3017.2220741820643,2971.720052392161,3013.130987303054,1687264,TCS.NS
2023-07-04,3008.17578125,3013.766843625605,2979.4926768539303,2991.038586886347,1656681,TCS.NS
2023-07-05,3018.267822265625,3026.4954978539936,3004.676365397251,3018.313323182715,1453008,TCS.NS
2023-07-06,3020.949462890625,3025.9951812448,3001.9487253976645,3006.085313308048,1848238,TCS.NS
2023-07-07,3026.721923828125,3051.8592867824045,3001.9481241962812,3001.9481241962812,1789326,TCS.NS
2023-07-10,2974.629150390625,3022.6312796193856,2968.4925202267236,3022.6312796193856,1407431,TCS.NS
2023-07-11,2975.03857421875,2995.5850124032454,2964.492793539697,2995.5850124032454,1110172,TCS.NS
2023-07-12,2963.67431640625,2990.2663825284512,2954.7650154067746,2982.811557100714,1515240,TCS.NS
2023-07-13,3036.99560546875,3061.4511244735218,2975.3565198894707,2985.5842369007783,4585146,TCS.NS
2023-07-14,3195.27490234375,3204.548209497131,3047.4049393977743,3059.223633971811,6306101,TCS.NS
2023-07-17,3174.41015625,3227.321494187628,3161.091486422009,3191.0472847754263,2743228,TCS.NS
2023-07-18,3179.0927734375,3203.775575367843,3150.1368810015824,3160.1373155444444,2600090,TCS.NS
2023-07-19,3154.7275390625,3197.2748801065914,3132.544627292276,3181.9559462687303,2405370,TCS.NS
2023-07-20,3156.779052734375,3170.9982338938335,3131.940826772371,3147.4818530276434,1715404,TCS.NS
2023-07-21,3070.186767578125,3130.8921637786366,3061.7554440058743,3102.772693816824,3770223,TCS.NS
2023-07-24,3094.295654296875,3111.3405552900845,3073.6503948838067,3081.762606135278,1680132,TCS.NS
2023-07-25,3098.30615234375,3105.2792181395616,3081.0333776826646,3096.8022755718303,1272980,TCS.NS
2023-07-26,3088.4169921875,3118.0861839499244,3085.4090157010746,3099.4005458932415,1066803,TCS.NS
2023-07-27,3096.255615234375,3109.700159270894,3085.454538799316,3094.4782454445894,1701769,TCS.NS
2023-07-28,3058.428466796875,3093.3387496319633,3036.1880906607657,3085.408792220562,2599831,TCS.NS
2023-07-31,3118.632568359375,3123.3722948817326,3063.4415361987367,3066.6317666989726,2743678,TCS.NS
2023-08-01,3146.5244140625,3153.770750326194,3112.753500683223,3112.753500683223,1956167,TCS.NS
2023-08-02,3136.13330078125,3141.374393886134,3111.477553853232,3130.937826905583,1914899,TCS.NS
2023-08-03,3099.03564453125,3129.3884555329005,3069.913440103345,3117.3111535491207,2026351,TCS.NS
2023-08-04,3138.77685546875,3163.7973343932103,3100.220594527487,3100.220594527487,2248493,TCS.NS
2023-08-07,3175.692138671875,3179.2924970791487,3136.6801334786755,3148.2560679609046,1853889,TCS.NS
2023-08-08,3163.4326171875,3181.06990066204,3150.67169533121,3175.6921726071587,1634225,TCS.NS
2023-08-09,3156.0498046875,3160.1515300654332,3121.9143791043803,3158.2373025425936,1794589,TCS.NS
2023-08-10,3137.45556640625,3158.2374646951694,3126.472012268179,3144.656284537411,1096701,TCS.NS
2023-08-11,3143.561767578125,3159.831808251447,3111.841719602854,3133.8088225124093,1679974,TCS.NS
2023-08-14,3144.51953125,3149.2136391229633,3109.1078793193715,3136.1792226802268,1190425,TCS.NS
2023-08-16,3152.312744140625,3159.2401919127215,3131.1661145409134,3144.656278735975,1328445,TCS.NS
2023-08-17,3131.6669921875,3154.499972197025,3111.112748256115,3149.2132599891765,1843241,TCS.NS
2023-08-18,3069.09326171875,3108.1962872876197,3059.431330874163,3108.1962872876197,2526749,TCS.NS
2023-08-21,3100.5849609375,3107.968154886351,3073.559239908139,3076.2937232176655,1375579,TCS.NS
2023-08-22,3082.810791015625,3109.1074942796968,3067.224369814653,3099.081055570498,1222012,TCS.NS
2023-08-23,3097.486083984375,3100.9041882483175,3077.2053320183186,3088.143265662933,1330046,TCS.NS
2023-08-24,3087.9150390625,3110.975891033685,3079.1192074418814,3106.372799977861,1152881,TCS.NS
2023-08-25,3082.0361328125,3086.137857710432,3053.734186510207,3076.2936734488317,1158046,TCS.NS
2023-08-28,3076.79541015625,3093.612439755008,3062.712864151854,3093.612439755008,1037485,TCS.NS
2023-08-29,3077.342041015625,3089.556200731551,3067.178966440109,3081.8084975473785,944517,TCS.NS
2023-08-30,3090.83203125,3106.464294438142,3083.6313141767887,3097.2581115677926,1188200,TCS.NS
2023-08-31,3059.70458984375,3114.941019553153,3047.7183044022304,3099.9925997056025,3417652,TCS.NS
2023-09-01,3080.1220703125,3089.054760630272,3059.704683185733,3068.090387808054,1277950,TCS.NS
2023-09-04,3115.943359375,3129.0233919911693,3071.7815037026157,3079.02783910158,1828332,TCS.NS
2023-09-05,3125.833984375,3141.921774479807,3103.77563781306,3117.3114211549,1501842,TCS.NS
2023-09-06,3126.334716796875,3139.095639063221,3097.349371389577,3130.071933045149,1314818,TCS.NS
2023-09-07,3149.44091796875,3153.770516220787,3119.4072230217057,3127.15492515693,1885092,TCS.NS
2023-09-08,3137.2724609375,3158.3280704200915,3131.0288578677555,3149.4410000920693,1518917,TCS.NS
2023-09-11,3172.5927734375,3177.1958644886363,3140.0980883290167,3155.5934925384777,1783604,TCS.NS
2023-09-12,3263.87939453125,3272.173860566186,3174.7351921738095,3182.9386422827856,4476016,TCS.NS
2023-09-13,3252.075439453125,3271.2168221792035,3231.2477030451937,3255.0377963035894,1754929,TCS.NS
2023-09-14,3244.966064453125,3279.283743631725,3231.79501333232,3254.081009523971,2604721,TCS.NS
2023-09-15,3279.830322265625,3288.079391037457,3247.153159229306,3252.0753624763356,2952897,TCS.NS
2023-09-18,3286.985595703125,3298.971881144957,3258.820506435336,3263.195724267092,1395753,TCS.NS
2023-09-20,3286.894287109375,3304.1670607548986,3263.1498144834586,3263.1498144834586,1649396,TCS.NS
2023-09-21,3267.98095703125,3285.937352425598,3215.7522827621383,3270.9433138676945,2004073,TCS.NS
2023-09-22,3284.70654296875,3312.1426120639135,3249.5229943898644,3266.7957679083775,1989083,TCS.NS
2023-09-25,3260.552734375,3299.610365979921,3243.6900847146053,3283.659210895764,1238778,TCS.NS
2023-09-26,3268.345947265625,3276.7772718114297,3223.044712861221,3251.8480295119207,1726062,TCS.NS
2023-09-27,3271.626953125,3294.1408207023737,3241.000651722388,3272.264954709884,1541134,TCS.NS
2023-09-28,3223.72802734375,3283.9322808574702,3215.160068443675,3281.38005186612,1755753,TCS.NS
2023-09-29,3216.29931640625,3252.622235715334,3195.28932540776,3224.1380349399456,2243791,TCS.NS
2023-10-03,3202.854736328125,3221.40351413728,3172.091799849083,3221.40351413728,1948148,TCS.NS
2023-10-04,3224.639404296875,3233.982222159653,3169.539610773689,3177.7430606044213,1788138,TCS.NS
2023-10-05,3271.67236328125,3303.255553776505,3236.898719999821,3239.450948709078,2990768,TCS.NS
2023-10-06,3300.885986328125,3313.2367809094894,3258.638351141779,3273.176643439127,2075691,TCS.NS
2023-10-09,3316.3359375,3353.388098061812,3309.636364246382,3322.4429058385053,4233074,TCS.NS
2023-10-10,3307.721923828125,3325.1315558006227,3282.610431250672,3317.885219860744,1848148,TCS.NS
2023-10-11,3290.40380859375,3326.954825968897,3285.937574689828,3326.954825968897,2426417,TCS.NS
2023-10-12,3229.014892578125,3271.0346556007717,3224.958786550778,3258.5928446615626,4241281,TCS.NS
2023-10-13,3254.809814453125,3260.4154159090654,3213.017707877958,3217.575179804026,2890357,TCS.NS
2023-10-16,3212.152099609375,3258.2735858136334,3207.6402465342494,3250.3892477395666,1671104,TCS.NS
2023-10-17,3196.65673828125,3221.3581049971613,3193.284253235353,3217.5754919446927,1672065,TCS.NS
2023-10-18,3178.609130859375,3210.9215657245095,3175.6467737942685,3200.2571247966926,1408245,TCS.NS
2023-10-19,3157.955810546875,3177.3296712861907,3154.5288620352453,3170.6127629599455,1514545,TCS.NS
2023-10-20,3193.504638671875,3198.028165823499,3147.355068054905,3153.1578999999892,1481211,TCS.NS
2023-10-23,3116.375732421875,3179.2488637203114,3108.288267201467,3173.81148296811,1106272,TCS.NS
2023-10-25,3098.05322265625,3129.946603916937,3086.2643847938266,3098.418674622007,1518537,TCS.NS
2023-10-26,3049.298583984375,3083.065403130757,3043.1300770713924,3077.9022236248165,1984471,TCS.NS
2023-10-27,3062.275390625,3072.3735099895516,3049.5271870419792,3061.407274974717,1108851,TCS.NS
2023-10-30,3087.498046875,3091.4276593319496,3046.557388528169,3061.4074995333685,910972,TCS.NS
2023-10-31,3078.542236328125,3106.1862890625,3061.4532301686027,3106.1862890625,999811,TCS.NS
2023-11-01,3043.72412109375,3081.14657643751,3025.767000563393,3065.9765288100825,1563475,TCS.NS
2023-11-02,3070.6376953125,3085.122132161333,3055.1934450392946,3055.1934450392946,1245384,TCS.NS
2023-11-03,3062.22998046875,3096.042542043059,3056.198684431494,3090.6508984949387,1402598,TCS.NS
2023-11-06,3089.0517578125,3100.063731635219,3069.63238059084,3084.254029322443,1099852,TCS.NS
2023-11-07,3080.095703125,3110.8925036423684,3076.0291020236123,3086.99533768145,1191144,TCS.NS
2023-11-08,3090.23974609375,3108.8822585891467,3079.273509776776,3081.009741283504,992899,TCS.NS
2023-11-09,3059.0771484375,3099.3324172908847,3054.14243153224,3098.0531123476367,2112352,TCS.NS
2023-11-10,3046.283203125,3059.0771449775716,3036.139568807074,3050.441278848814,1338557,TCS.NS
2023-11-13,3044.547119140625,3066.890781193562,3040.389043215429,3066.890781193562,1030990,TCS.NS
2023-11-15,3111.02978515625,3118.9802615645867,3066.9363782941077,3091.6561463483945,2059802,TCS.NS
2023-11-16,3196.52001953125,3225.3063819550434,3120.0761010073566,3134.5607567402244,3951984,TCS.NS
2023-11-17,3200.724365234375,3220.8748683172735,3191.6773098626118,3196.5207753389523,2021292,TCS.NS
2023-11-20,3216.39697265625,3229.4648915192706,3190.489151953326,3190.489151953326,1475621,TCS.NS
2023-11-21,3207.806396484375,3234.1711418231757,3199.398994448308,3216.396747586853,1807236,TCS.NS
2023-11-22,3226.037841796875,3228.3224741290987,3181.2135339255397,3198.485265113703,1798051,TCS.NS
2023-11-23,3206.024658203125,3238.694901638103,3198.485371256592,3225.9009601530765,2729804,TCS.NS
2023-11-24,3159.281494140625,3202.6437770947146,3155.534607361633,3193.2310459812875,1989733,TCS.NS
2023-11-28,3171.20703125,3181.3508892174286,3137.2574801245046,3159.2814275884725,1689195,TCS.NS
2023-11-29,3211.050537109375,3214.9344118251956,3176.3698651510044,3181.121855475698,1441634,TCS.NS
2023-11-30,3187.153564453125,3213.7008135539186,3181.1220458782195,3197.982587796699,3266235,TCS.NS
2023-12-01,3209.13134765625,3213.9748124979737,3189.3922594927312,3198.485050944408,1172141,TCS.NS
2023-12-04,3209.86279296875,3242.167584431117,3196.657662284584,3239.2888137345485,1625213,TCS.NS
2023-12-05,3227.36328125,3233.21185109275,3201.0442707403495,3233.21185109275,1377656,TCS.NS
2023-12-06,3293.61767578125,3301.6138895051217,3221.4688031800893,3228.2771864947563,1896572,TCS.NS
2023-12-07,3303.486572265625,3317.7885032075033,3282.2852308055703,3294.4395183103784,1967653,TCS.NS
2023-12-08,3314.270263671875,3330.993816342727,3291.7438789584367,3320.027581556413,1641155,TCS.NS
2023-12-11,3329.074462890625,3338.304465932567,3303.5780575817766,3310.797405863893,1102503,TCS.NS
2023-12-12,3355.759033203125,3379.7931839082994,3318.199593016971,3325.4646783221265,2236866,TCS.NS
2023-12-13,3283.976318359375,3335.5632728478577,3256.058066070388,3329.6689659326335,3850968,TCS.NS
2023-12-14,3351.3271484375,3361.15106740831,3315.0929691048923,3317.2861268874835,3290396,TCS.NS
2023-12-15,3528.386474609375,3560.3255927142964,3350.824789993706,3350.824789993706,8531230,TCS.NS
2023-12-18,3526.741455078125,3590.528439137833,3500.19398079059,3525.7363506427123,2521612,TCS.NS
2023-12-19,3487.44580078125,3522.9948166196496,3463.502896618964,3513.764812005255,2004435,TCS.NS
2023-12-20,3454.409912109375,3562.929950670811,3442.0728971992326,3497.543727025331,2586083,TCS.NS
2023-12-21,3461.21826171875,3478.764194819794,3420.8717407298955,3432.6603552689257,1517562,TCS.NS
2023-12-22,3494.57373046875,3514.632758384625,3437.9148467634514,3472.6412593570217,2413058,TCS.NS
2023-12-26,3468.57470703125,3503.712309330165,3463.639767096589,3490.7813789656334,1285231,TCS.NS
2023-12-27,3482.876708984375,3489.2736803517246,3443.3983017390347,3471.7277463658684,1293976,TCS.NS
2023-12-28,3472.549560546875,3507.367445431527,3465.421686382815,3494.5735047759663,1682889,TCS.NS
2023-12-29,3466.60986328125,3493.2945492321064,3441.0219794117156,3465.33055833123,1574996,TCS.NS
2024-01-01,3482.78466796875,3501.884103192092,3447.966785319353,3463.5022836894645,825907,TCS.NS
2024-01-02,3457.288330078125,3482.7849604684966,3442.7124205931514,3482.7849604684966,1344068,TCS.NS
2024-01-03,3373.71630859375,3446.916012198502,3369.4212447573177,3442.4837365673884,1803075,TCS.NS
2024-01-04,3350.916015625,3398.6190946223346,3336.477094505551,3382.8551313574153,3598144,TCS.NS
2024-01-05,3415.890625,3424.892165201283,3358.2723788278463,3358.4093675177683,1963127,TCS.NS
2024-01-08,3361.4248046875,3417.581014723107,3356.032939292999,3415.890297796739,1067805,TCS.NS
2024-01-09,3372.025634765625,3429.0959253055153,3365.491675951761,3390.3484295340677,1370944,TCS.NS
2024-01-10,3393.181884765625,3407.986258562806,3370.289822773917,3372.11752875156,1292227,TCS.NS
2024-01-11,3413.7431640625,3447.966909732182,3387.6526197660214,3403.1881186966993,1777909,TCS.NS
2024-01-12,3548.30810546875,3568.824058571868,3492.3803522837784,3516.505979741258,6813450,TCS.NS
2024-01-15,3567.4990234375,3623.4267767315314,3550.3185441619166,3618.85751219593,2801505,TCS.NS
2024-01-16,3528.660400390625,3563.1126115927123,3523.405745987789,3563.1126115927123,1432672,TCS.NS
2024-01-17,3549.953125,3573.1191625440915,3484.109977812694,3490.0042844962854,3458696,TCS.NS
2024-01-18,3566.40234375,3572.06818699225,3529.299827526345,3562.198531252639,2239110,TCS.NS
2024-01-19,3628.471435546875,3647.3359347309056,3602.705290319906,3630.2658185854475,2941975,TCS.NS
2024-01-23,3550.4365234375,3620.05103164089,3536.1731226435436,3588.855683640575,2618854,TCS.NS
2024-01-24,3535.29931640625,3573.8103676439687,3501.9874154730123,3570.4516563375996,2657709,TCS.NS
2024-01-25,3506.312255859375,3552.9673375818998,3477.2332310375527,3533.550617096936,2205154,TCS.NS
2024-01-29,3497.75439453125,3515.2385654063073,3479.212061073679,3497.5703955598956,1646747,TCS.NS
2024-01-30,3497.33984375,3540.8202098796714,3484.8708260966287,3503.689267668841,1411621,TCS.NS
2024-01-31,3511.51171875,3528.121726426989,3493.5674376687984,3507.140675922528,2459358,TCS.NS
2024-02-01,3546.663818359375,3593.3649569612444,3501.481176697016,3515.2384129880293,2363107,TCS.NS
2024-02-02,3649.866455078125,3666.522292350957,3563.089715877142,3565.896430136547,2826510,TCS.NS
2024-02-05,3656.30810546875,3701.1227492201515,3646.0016922235036,3665.2341894937504,1691523,TCS.NS
2024-02-06,3806.027587890625,3818.818548187844,3671.675550213635,3678.1170862666413,4474396,TCS.NS
2024-02-07,3757.624267578125,3823.512074540079,3748.92823811736,3821.6716355150297,2124267,TCS.NS
2024-02-08,3804.279541015625,3826.272697294097,3760.0629489197368,3763.697771027623,2345173,TCS.NS
2024-02-09,3803.911376953125,3850.888400846203,3772.8998012950433,3806.533642964029,2100596,TCS.NS
2024-02-12,3791.9482421875,3827.7446868018023,3778.006558887105,3800.506102833991,1013716,TCS.NS
2024-02-13,3818.45068359375,3837.3151826933213,3755.875759751269,3796.3195851121786,1257415,TCS.NS
2024-02-14,3772.991943359375,3786.6110118014235,3726.4287482560744,3779.3413678448446,1391283,TCS.NS
2024-02-15,3775.844970703125,3815.506073147937,3757.2563563905555,3798.6662354102896,1091582,TCS.NS
2024-02-16,3798.9423828125,3817.0250573555095,3772.9924597709924,3785.093257607137,1307556,TCS.NS
2024-02-19,3776.396240234375,3798.9416158104596,3731.4897126948135,3794.1104639012988,772291,TCS.NS
2024-02-20,3709.08251953125,3771.059390745061,3690.0800773274027,3756.427991026826,1193648,TCS.NS
2024-02-21,3673.056396484375,3739.1742621449825,3663.0260930834565,3692.841117146886,1885939,TCS.NS
2024-02-22,3761.029296875,3768.2528853223134,3654.1917205441428,3654.1917205441428,2982052,TCS.NS
2024-02-23,3728.821533203125,3800.5065425299695,3723.5761023123614,3800.5065425299695,2538072,TCS.NS
2024-02-26,3681.84423828125,3726.888937419443,3665.0041766684662,3714.0058645493514,1379284,TCS.NS
2024-02-27,3776.948486328125,3794.984876771557,3679.9574496143205,3679.9574496143205,2960475,TCS.NS
2024-02-28,3790.338134765625,3823.4197548467,3762.7773821335977,3768.850920451233,1939225,TCS.NS
2024-02-29,3768.390869140625,3807.9603066412583,3740.278119193048,3771.979635234801,3772719,TCS.NS
2024-03-01,3767.700927734375,3809.7088594718166,3760.7532253406666,3779.525838576427,2043265,TCS.NS
2024-03-04,3755.139404296875,3789.371522353806,3750.722306075315,3777.500781504877,1749271,TCS.NS
2024-03-05,3692.0126953125,3739.7719968440197,3662.4735599013775,3737.931557869195,2070859,TCS.NS
2024-03-06,3740.04833984375,3747.1339854041835,3642.6430111880313,3675.402916839171,1744204,TCS.NS
2024-03-07,3780.813720703125,3794.9850103625763,3715.570026925066,3740.692062833141,2688905,TCS.NS
2024-03-11,3793.466796875,3821.6714335783654,3762.7773878887397,3762.7773878887397,2304068,TCS.NS
2024-03-12,3857.790283203125,3892.482738841845,3792.270473640545,3793.4670286122573,4039801,TCS.NS
2024-03-13,3817.990234375,3902.650417928266,3802.2543930015554,3869.5225200161185,2837260,TCS.NS
2024-03-14,3871.914794921875,3887.926520787289,3760.0160388016243,3822.085009970323,2919608,TCS.NS
2024-03-15,3882.635986328125,3900.8103208022567,3843.7567138454883,3858.1122273965675,3373143,TCS.NS
2024-03-18,3821.211181640625,3915.3036183228055,3789.3256682682727,3878.9549508514497,1526904,TCS.NS
2024-03-19,3659.9892578125,3734.2509304972355,3650.1429535690677,3728.0394485403954,8931209,TCS.NS
2024-03-20,3654.099365234375,3697.441791681991,3644.2530619412323,3667.994768950826,1817913,TCS.NS
2024-03-21,3655.986083984375,3688.6078209191865,3633.0266519750294,3671.7219275853204,3829582,TCS.NS
2024-03-22,3598.88623046875,3623.824267937054,3547.4460520308135,3586.095269718309,5852485,TCS.NS
2024-03-26,3568.1513671875,3631.8305162225056,3562.583993880569,3565.8508182724854,3440925,TCS.NS
2024-03-27,3534.470703125,3584.254663932085,3523.888179726998,3578.273237663649,1968575,TCS.NS
2024-03-28,3567.046630859375,3602.65907796181,3534.1027302458065,3542.9369266623094,4311783,TCS.NS
2024-04-01,3604.26953125,3619.499208082045,3577.8592779642013,3586.73930579266,1569676,TCS.NS
2024-04-02,3573.94873046875,3597.920494660374,3564.0103144038126,3579.6540467417585,2142666,TCS.NS
2024-04-03,3632.38232421875,3663.3936751293795,3543.7651451703696,3543.7651451703696,3973090,TCS.NS
2024-04-04,3683.91455078125,3707.241978924869,3621.2935725878497,3658.7004031789797,3394637,TCS.NS
2024-04-05,3661.783447265625,3682.718440901434,3644.5293316317166,3660.633172890031,1636819,TCS.NS
2024-04-08,3655.61767578125,3710.9227277310406,3644.068877210029,3665.2339237190768,2302538,TCS.NS
2024-04-09,3631.6923828125,3695.4636403269888,3611.9076631803105,3666.1545588206272,1876992,TCS.NS
2024-04-10,3666.75244140625,3671.859704425388,3605.419903259126,3640.756241235992,2101965,TCS.NS
2024-04-12,3682.166015625,3693.162817777665,3630.725838259486,3654.1914342233986,4354821,TCS.NS
2024-04-15,3626.76904296875,3739.9560412971437,3606.3862709398386,3682.166211852168,4200329,TCS.NS
2024-04-16,3563.825927734375,3615.2661050786087,3554.669789147579,3590.6962907179723,3051420,TCS.NS
2024-04-18,3553.8876953125,3621.983938050233,3542.84506135503,3567.5069887926393,3476284,TCS.NS
2024-04-19,3520.94384765625,3545.1917216335364,3497.6622490979976,3531.802482817412,2957749,TCS.NS
2024-04-22,3556.2802734375,3568.6111245390066,3507.876639180684,3530.8821260588365,1728883,TCS.NS
2024-04-23,3565.57421875,3584.254718312047,3552.599259445536,3567.7368242988855,1807586,TCS.NS
2024-04-24,3525.4072265625,3587.0158818061273,3519.333687538785,3579.6541252503425,1317312,TCS.NS
2024-04-25,3544.869384765625,3564.6080473941747,3506.9563876693583,3507.1403866301107,2856271,TCS.NS
2024-04-26,3516.480712890625,3567.5068368634634,3499.1805421614235,3547.583950815871,2039178,TCS.NS
2024-04-29,3561.433349609375,3568.42710744999,3514.502156616341,3531.8023275934233,1110693,TCS.NS
2024-04-30,3515.83642578125,3572.0619252249066,3506.036178297648,3563.089785398555,2203078,TCS.NS
2024-05-02,3555.084228515625,3562.2619859302818,3476.6355119648906,3476.6355119648906,2491044,TCS.NS
2024-05-03,3536.771484375,3582.966682325397,3494.625611625741,3579.7917453667596,2962234,TCS.NS
2024-05-06,3608.2265625,3625.6186204477826,3545.605583246127,3545.605583246127,2053831,TCS.NS
2024-05-07,3661.50732421875,3669.8353556027478,3601.2790030469796,3617.1988452844685,2062112,TCS.NS
2024-05-08,3659.666748046875,3666.4304509643703,3624.3764664424393,3644.9892925462136,1247685,TCS.NS
2024-05-09,3644.25341796875,3654.191834044049,3598.1044973888866,3645.9098580917957,1726486,TCS.NS
2024-05-10,3583.242431640625,3656.584101641413,3575.0986242941894,3646.461687676862,1672489,TCS.NS
2024-05-13,3632.842529296875,3639.4680646589845,3561.2494084020914,3574.5925909400316,931326,TCS.NS
2024-05-14,3589.960205078125,3631.0020839186186,3582.322338430397,3621.983888045264,1058317,TCS.NS
2024-05-15,3570.8193359375,3613.655594732349,3566.3103506592815,3592.996713752849,1115021,TCS.NS
2024-05-16,3615.82080078125,3623.745907431527,3562.569994938758,3606.6908950730917,2599399,TCS.NS
2024-05-17,3553.857177734375,3633.4784647992665,3550.0567653523444,3632.5515570276343,2765804,TCS.NS
2024-05-21,3540.973388671875,3563.7290220685823,3531.565364339062,3550.6133662673315,1908117,TCS.NS
2024-05-22,3551.910888671875,3560.4847863024115,3538.517115470372,3554.691612227725,1311168,TCS.NS
2024-05-23,3608.869140625,3619.574971009692,3545.8858006651926,3560.206480963538,2095742,TCS.NS
2024-05-24,3568.131591796875,3599.924574735908,3563.3117164748414,3594.7801911641072,1309452,TCS.NS
2024-05-27,3565.86083984375,3622.680335515065,3560.577510431646,3573.229711889253,1841538,TCS.NS
2024-05-28,3559.2333984375,3587.1334155210093,3550.057101148699,3576.0105212093163,1801993,TCS.NS
2024-05-29,3525.6328125,3567.57539103945,3522.2496895007944,3567.57539103945,1568095,TCS.NS
2024-05-30,3463.020263671875,3517.058806463482,3443.8794821472993,3500.9307015339277,2919230,TCS.NS
2024-05-31,3402.632080078125,3475.718849271696,3386.6893114728173,3466.6351077409063,10956800,TCS.NS
2024-06-03,3432.200439453125,3477.340801445973,3425.8510308716222,3459.961281200074,2156773,TCS.NS
2024-06-04,3443.46240234375,3471.269635740873,3328.989291525593,3429.5587856451884,3395997,TCS.NS
2024-06-05,3472.614013671875,3507.2341138262987,3429.5591875094774,3444.3897137257345,2799670,TCS.NS
2024-06-06,3550.427490234375,3559.233114194575,3468.0254786409455,3504.6383361596722,4328036,TCS.NS
2024-06-07,3609.332763671875,3628.844219100155,3556.8235246852323,3556.8235246852323,4552445,TCS.NS
2024-06-10,3576.6591796875,3620.409183775903,3561.0870829656333,3610.305978999996,1734661,TCS.NS
2024-06-11,3570.541259765625,3596.355503563825,3560.252493725204,3563.9601245439753,1419898,TCS.NS
2024-06-12,3551.586181640625,3608.9155195936296,3547.693214139478,3591.211490093849,2177001,TCS.NS
2024-06-13,3594.6875,3605.6714482720763,3570.4489508339425,3574.898153664247,1932323,TCS.NS
2024-06-14,3551.95703125,3604.7443844726295,3548.2030094526167,3604.7443844726295,1860730,TCS.NS
2024-06-18,3536.245849609375,3561.1795775806077,3517.6613039518497,3546.3954442186373,1774045,TCS.NS
2024-06-19,3523.824951171875,3553.6251694480566,3515.714508812201,3547.8781606822567,1509050,TCS.NS
2024-06-20,3510.431640625,3531.4724028758133,3503.757949581445,3518.542084048452,2846526,TCS.NS
2024-06-21,3532.2138671875,3594.363079879569,3520.4421834921905,3547.2761188024833,4642195,TCS.NS
2024-06-24,3537.8212890625,3575.082932652868,3514.1851431504833,3530.359636956601,1702154,TCS.NS
2024-06-25,3557.888916015625,3566.4164218366413,3515.668223832292,3538.0067905497995,1338808,TCS.NS
2024-06-26,3574.017333984375,3584.3058742192884,3560.252663395376,3563.496840516408,1639845,TCS.NS
2024-06-27,3646.59375,3653.870065788861,3539.0262950308725,3550.9833135558415,4526556,TCS.NS
2024-06-28,3618.787109375,3670.555002133022,3612.94777109011,3631.4395370159273,2731571,TCS.NS
2024-07-01,3687.42431640625,3709.2066482395257,3600.109652784797,3600.109652784797,2658723,TCS.NS
2024-07-02,3723.75927734375,3729.320724102144,3691.4566765329196,3701.699052905465,2307449,TCS.NS
2024-07-03,3675.421142578125,3731.8235725519535,3665.9203376575206,3726.169344471108,1821198,TCS.NS
2024-07-04,3727.0498046875,3751.5203059355035,3691.039573096493,3707.4921862442698,2518001,TCS.NS
2024-07-05,3718.56884765625,3732.4260743437953,3696.508396221036,3716.900368316538,1668616,TCS.NS
2024-07-08,3701.32861328125,3736.597504442825,3687.2860489922064,3728.0236062930962,1758882,TCS.NS
2024-07-09,3694.191162109375,3714.0732898340816,3684.551411180989,3693.727708193667,1305801,TCS.NS
2024-07-10,3623.421630859375,3710.6901382951037,3616.794330433944,3692.5226544204043,2669716,TCS.NS
2024-07-11,3636.90771484375,3689.092663865638,3610.861744125109,3643.674186345684,4872189,TCS.NS
2024-07-12,3878.135986328125,3892.9665108049144,3681.0289111762886,3689.092963601374,13509164,TCS.NS
2024-07-15,3864.46435546875,3930.089249638286,3853.20206311634,3926.103726954822,4848030,TCS.NS
2024-07-16,3873.0380859375,3887.960939474929,3841.940057628319,3867.059349578485,2029521,TCS.NS
2024-07-18,4000.1171875,4008.8766481494176,3855.936845387648,3855.936845387648,5613364,TCS.NS
2024-07-19,3997.18994140625,4049.5425931032996,3981.2566440139753,4011.125849383663,3903354,TCS.NS
2024-07-22,3983.20849609375,4013.4959657428576,3962.443898651249,3994.9147516811868,1896386,TCS.NS
2024-07-23,3997.14404296875,4052.2838814085662,3963.6511354841136,3979.1666292711343,2365208,TCS.NS
2024-07-24,4000.76708984375,4031.2868203752514,3965.3235197357376,3983.347204111484,1809793,TCS.NS
2024-07-25,4015.8642578125,4034.909999231854,3970.990814364529,3990.315092493855,2810342,TCS.NS
2024-07-26,4076.578857421875,4108.724446589915,4029.3823042903405,4041.4138211460827,3552210,TCS.NS
2024-07-29,4070.3076171875,4116.66765190009,4060.924014095079,4101.8026818187545,1746803,TCS.NS
2024-07-30,4055.67529296875,4086.0090346598195,4020.324260489949,4079.5986064390754,1797906,TCS.NS
2024-07-31,4074.25537109375,4100.872862492605,4036.7676908768394,4041.412993167837,2330091,TCS.NS
2024-08-01,4085.172607421875,4105.797481325745,4055.395941895072,4087.3092654244533,2202244,TCS.NS
2024-08-02,3979.212646484375,4086.0083392177967,3967.088587644382,4055.349340765276,2811282,TCS.NS
2024-08-05,3860.293212890625,3938.2880347144414,3818.903743027533,3938.2880347144414,2787771,TCS.NS
2024-08-06,3875.297607421875,3956.172148090316,3865.6350146384816,3875.0653422807904,2203067,TCS.NS
2024-08-07,3902.47265625,3943.8158516524645,3883.7517228332504,3928.0680935195514,1237666,TCS.NS
2024-08-08,3876.551513671875,3931.7843462117903,3864.891984934085,3884.4022569734157,2441283,TCS.NS
2024-08-09,3928.7646484375,3951.8981645067097,3907.2102630563363,3917.8481873983887,1302536,TCS.NS
2024-08-12,3898.012939453125,3938.2878064043034,3889.372857499192,3929.9262611677764,936912,TCS.NS
2024-08-13,3899.22119140625,3933.642706280625,3886.2606141643496,3914.1324330562766,1495593,TCS.NS
2024-08-14,3990.5478515625,4000.7212473784566,3891.0453628588666,3910.4163685993976,3226545,TCS.NS
2024-08-16,4102.77880859375,4112.952205920565,4018.281000108995,4041.414523549685,3457058,TCS.NS
2024-08-19,4171.48193359375,4175.430440991918,4078.901139092339,4107.376754658791,2055210,TCS.NS
2024-08-20,4202.419921875,4241.161933038117,4180.772989851375,4185.418293173432,2212298,TCS.NS
2024-08-21,4228.619140625,4236.516155388334,4173.8508391327405,4197.495611851862,1896990,TCS.NS
2024-08-22,4182.630859375,4237.39916370202,4178.171549911448,4236.516374666815,1829872,TCS.NS
2024-08-23,4147.2333984375,4186.346939264392,4138.964850071652,4180.772575829952,1809253,TCS.NS
2024-08-26,4183.04931640625,4229.223358650871,4166.837026562577,4170.553269172667,1844164,TCS.NS
2024-08-27,4178.12451171875,4190.063030371992,4168.50864441272,4185.417727677566,930697,TCS.NS
2024-08-28,4186.39306640625,4238.838715366386,4141.101365063979,4179.611105918801,1848058,TCS.NS
2024-08-29,4191.73583984375,4232.800503800473,4143.610677557092,4143.610677557092,2133641,TCS.NS
2024-08-30,4230.71044921875,4266.479288591777,4169.438710445956,4180.773433210952,3637222,TCS.NS
2024-09-02,4200.32958984375,4262.530383589784,4191.921772178967,4251.381655472286,1216500,TCS.NS
2024-09-03,4192.24755859375,4232.707974657928,4176.964327096921,4200.330115304317,1717263,TCS.NS
2024-09-04,4161.494140625,4168.694359320059,4121.962798795058,4159.357482985526,1265505,TCS.NS
2024-09-05,4158.42919921875,4179.843865751271,4138.1754048562225,4163.120774045665,1688793,TCS.NS
2024-09-06,4140.5908203125,4198.378570967705,4125.029055295338,4156.570844055927,1649179,TCS.NS
2024-09-09,4133.9013671875,4171.714314661398,4116.202944403391,4138.964928860649,1184938,TCS.NS
2024-09-10,4188.06591796875,4217.88885396822,4125.447324234446,4127.305445435125,1385591,TCS.NS
2024-09-11,4161.58740234375,4226.621639858806,4154.061921274154,4200.700941634944,1325919,TCS.NS
2024-09-12,4197.216796875,4211.05970757852,4116.945606864631,4190.295114701829,2742216,TCS.NS
2024-09-13,4201.76953125,4224.43851900476,4185.417974074432,4208.644488913913,1458786,TCS.NS
2024-09-16,4193.08251953125,4223.555524057743,4175.6163626806965,4205.857102070119,1155120,TCS.NS
2024-09-17,4186.0224609375,4214.033551710522,4149.185293074418,4193.083413338136,1699364,TCS.NS
2024-09-18,4037.835693359375,4178.030814443316,4014.4699154525124,4178.030814443316,2961779,TCS.NS
2024-09-19,3991.38330078125,4108.491652642897,3978.0511914620456,4078.621993722427,2927551,TCS.NS
2024-09-20,3980.931396484375,4023.4826411815384,3927.603412493341,4010.6613336102855,5447908,TCS.NS
2024-09-23,3965.69482421875,4003.69330870643,3951.294386178363,3994.9602305588905,1702319,TCS.NS
2024-09-24,3968.2958984375,3986.598571588942,3939.2164864919864,3950.039950496355,3012026,TCS.NS
2024-09-25,3971.501708984375,3985.29834930729,3939.2168538730334,3950.69084274909,2713073,TCS.NS
2024-09-26,3987.9931640625,4010.569158234149,3957.7986904848576,3957.7986904848576,3964251,TCS.NS
2024-09-27,4003.04443359375,4067.4281653059797,3995.007694793151,4027.4785510738743,3012477,TCS.NS
2024-09-30,3965.69482421875,3993.798904910472,3957.8440813783095,3982.7894470349006,2503416,TCS.NS
2024-10-01,3983.7197265625,3991.0129445948405,3941.958715652306,3953.6645188560456,1823365,TCS.NS
2024-10-03,3932.48095703125,3975.450006529258,3911.3448299808783,3960.2135045709642,3350119,TCS.NS
2024-10-04,3950.59765625,3993.1021756864016,3924.3979677304274,3925.280756694985,2965463,TCS.NS
2024-10-07,3969.737060546875,3992.406050657443,3929.369192103598,3970.712392814344,1472619,TCS.NS
2024-10-08,3951.52685546875,3975.821698560318,3905.7243509858204,3969.5042681636573,1541867,TCS.NS
2024-10-09,3951.248291015625,3990.315106115447,3945.441662514293,3957.7979865079874,1082504,TCS.NS
2024-10-10,3927.510498046875,3989.246753361262,3900.7537355297673,3951.526804113441,2378875,TCS.NS
2024-10-11,3854.858642578125,3941.0290181370206,3820.7156635830906,3849.098285072824,5759183,TCS.NS
2024-10-14,3843.198486328125,3869.908978898292,3829.773832682932,3846.3109301040067,2137590,TCS.NS
2024-10-15,3824.75634765625,3874.1362795372975,3804.5030088222256,3837.995460690613,2759474,TCS.NS
2024-10-16,3804.456787109375,3823.0844981328532,3778.675354588552,3795.212679191423,2359151,TCS.NS
2024-10-17,3817.509765625,3836.9737654296287,3802.5982985672913,3821.040014226119,2522659,TCS.NS
2024-10-18,3839.908447265625,3861.4221966319437,3799.8149930258223,3809.128265067552,2361000,TCS.NS
2024-10-21,3799.67529296875,3855.6481475353057,3790.501629279664,3848.802801800323,1595450,TCS.NS
2024-10-22,3739.743896484375,3808.941544128123,3731.222344636917,3786.7759141091938,1928049,TCS.NS
2024-10-23,3787.0087890625,3831.0603786284396,3720.7913418501003,3724.9359293106554,1966476,TCS.NS
2024-10-24,3769.919189453125,3798.8835556125446,3729.034017325969,3729.034017325969,2676744,TCS.NS
2024-10-25,3778.906494140625,3810.990668738502,3755.762923689694,3778.440830569176,1759676,TCS.NS
2024-10-28,3809.919677734375,3850.106352412569,3772.8062006829505,3789.5234771784344,1532534,TCS.NS
2024-10-29,3795.390869140625,3821.7008604425628,3781.281354135695,3814.5762988806255,1445885,TCS.NS
2024-10-30,3804.145263671875,3824.960515939356,3781.2347527404995,3795.158047833668,1935002,TCS.NS
2024-10-31,3695.9248046875,3798.2311725944933,3688.0551365503707,3790.501112565659,3740372,TCS.NS
2024-11-01,3710.59375,3724.3308260712956,3703.0035243410357,3715.8558850555814,154895,TCS.NS
2024-11-04,3691.920654296875,3717.7649842744486,3644.5161904410857,3693.923144215517,2269192,TCS.NS
2024-11-05,3698.6259765625,3712.2698276535116,3670.45333173397,3670.45333173397,967590,TCS.NS
2024-11-06,3855.368408203125,3864.8212879793314,3702.258313204772,3728.661529286281,3792017,TCS.NS
2024-11-07,3865.845947265625,3916.975719116069,3804.518188145807,3883.3551713111415,3724349,TCS.NS
2024-11-08,3862.21337890625,3883.401069856363,3834.878838313008,3869.663995504092,1648039,TCS.NS
2024-11-11,3910.363525390625,3943.518408459811,3834.879186284666,3844.704960664376,1406487,TCS.NS
2024-11-12,3909.15283203125,3928.3382639573533,3878.3726489183473,3926.475609493647,1587640,TCS.NS
2024-11-13,3865.33349609375,3908.5469823117096,3847.358610327207,3891.1778229560005,1098813,TCS.NS
2024-11-14,3861.189453125,3874.3212579540473,3833.7621391846897,3851.038077317304,1825432,TCS.NS
2024-11-18,3743.469482421875,3923.6812860911455,3716.181551430071,3923.6812860911455,3313944,TCS.NS
2024-11-19,3762.142578125,3848.383334503383,3738.440347986104,3743.8418634756777,1776233,TCS.NS
2024-11-21,3793.15576171875,3811.409636894372,3747.660340835974,3767.124986745769,2384347,TCS.NS
2024-11-22,3953.111572265625,3962.750899853068,3775.6005148315166,3791.4330774245445,3096553,TCS.NS
2024-11-25,4018.769775390625,4030.8770280377776,3960.1893900708537,3986.0801022933974,4052167,TCS.NS
2024-11-26,4053.787841796875,4066.733198149224,4014.0199908461996,4024.3109738880953,2060669,TCS.NS
2024-11-27,4035.021240234375,4076.7913536382084,4027.1049595017485,4059.6086406624336,1558993,TCS.NS
2024-11-28,3953.390380859375,4041.9132960200004,3942.307679137016,4022.401811054281,2558544,TCS.NS
2024-11-29,3977.55859375,4003.496145463694,3907.5226111522825,3930.2005178866866,2017425,TCS.NS
2024-12-02,3982.9599609375,3993.7170618183595,3939.5600270221935,3976.766726657372,1670944,TCS.NS
2024-12-03,4007.268310546875,4027.9903417849596,3972.529986146478,4018.071797558005,2010905,TCS.NS
2024-12-04,4055.370361328125,4085.6853292498736,3994.508048474772,4017.3255608945797,3302642,TCS.NS
2024-12-05,4157.49169921875,4180.728498637225,4060.5872697835375,4098.585243986225,3746747,TCS.NS
2024-12-06,4140.21435546875,4158.375232745017,4109.713394915021,4147.199308267314,1842087,TCS.NS
2024-12-09,4146.40771484375,4162.47310676674,4112.321053205062,4126.198190317889,2066639,TCS.NS
2024-12-10,4128.15380859375,4185.1975942064855,4109.108442002176,4122.193406026578,2087828,TCS.NS
2024-12-11,4123.40478515625,4143.148648906342,4104.358962055129,4127.502533877997,1635256,TCS.NS
2024-12-12,4149.01611328125,4177.002312539005,4122.054010099808,4125.825703197917,1914642,TCS.NS
2024-12-13,4166.6650390625,4186.222911998922,4092.6245200888998,4130.390114251639,1967048,TCS.NS
2024-12-16,4111.99560546875,4167.6887843067,4095.045270300907,4152.787550664486,1646224,TCS.NS
2024-12-17,4031.249755859375,4128.5270630912055,4021.470820330549,4107.1529221069295,3225027,TCS.NS
2024-12-18,4049.270751953125,4062.448939888911,3995.020946646264,4015.6033671632454,1575404,TCS.NS
2024-12-19,3978.536865234375,4064.3121975674294,3969.3168162310685,3987.9433615911394,3015763,TCS.NS
2024-12-20,3883.91357421875,4081.075721006082,3867.3361322404735,4031.715380245397,4116989,TCS.NS
2024-12-23,3872.7373046875,3927.4063874513017,3832.31779942793,3911.6202111793405,2195338,TCS.NS
2024-12-24,3892.4814453125,3928.337537104468,3872.737129750613,3872.737129750613,1181886,TCS.NS
2024-12-26,3882.7958984375,3911.527430384508,3858.62777832456,3892.48160931481,1208464,TCS.NS
2024-12-27,3878.83837890625,3893.8328385455884,3862.4469283952276,3877.1153325479127,858100,TCS.NS
2024-12-30,3873.203125,3910.921874141445,3829.617196780828,3865.938955213331,1527169,TCS.NS
2024-12-31,3813.59814453125,3855.6476983079733,3755.1573706922877,3851.0374473961565,1555429,TCS.NS
2025-01-01,3830.03662109375,3850.1065398065944,3804.8905600046846,3813.2258927424173,763161,TCS.NS
2025-01-02,3888.989013671875,3895.7411349313184,3815.6006224345697,3837.0675295044302,1720835,TCS.NS
2025-01-03,3818.347900390625,3892.900907869697,3811.269950829448,3892.900907869697,1791953,TCS.NS
2025-01-06,3813.78466796875,3864.681605615779,3787.148620607623,3823.563603014824,2085593,TCS.NS
2025-01-07,3751.6650390625,3856.020287112112,3736.065309985075,3832.364669490885,2669054,TCS.NS
2025-01-08,3826.26416015625,3842.6556080381715,3741.839449635328,3757.811618423141,2181277,TCS.NS
2025-01-09,3761.490966796875,3853.599136272882,3748.871437714519,3819.372861544339,2392472,TCS.NS
2025-01-10,3972.715087890625,4001.9122814759207,3883.633747673863,3911.5735588082075,7894300,TCS.NS
2025-01-13,3996.41796875,4026.0808290149944,3937.092248220012,3953.4836967820274,4003771,TCS.NS
2025-01-14,3942.354248046875,4017.6521397931906,3929.3156678223904,4006.5694375522967,3441709,TCS.NS
2025-01-15,3957.76806640625,3964.1477485251917,3918.5127168051804,3928.338036632813,1653474,TCS.NS
2025-01-16,3917.441162109375,3999.118734083526,3903.9837578032057,3967.4536113637214,2637705,TCS.NS
2025-01-17,3911.75048828125,3946.1800146177866,3888.7502327632087,3945.5159044693314,1761466,TCS.NS
2025-01-20,3867.64697265625,3932.142300220547,3858.446917151911,3932.142300220547,1287799,TCS.NS
2025-01-21,3827.859130859375,3899.136119079718,3822.3105229606576,3884.2452782424407,1971591,TCS.NS
2025-01-22,3942.385986328125,3948.598240960883,3835.7784821299006,3841.2796202434547,2409223,TCS.NS
2025-01-23,3931.810546875,3975.3449548724125,3926.688470425829,3953.198226312215,1822998,TCS.NS
2025-01-24,3938.355224609375,3962.683237549143,3892.49689011529,3892.49689011529,1910099,TCS.NS
2025-01-27,3855.648681640625,3942.148791419916,3832.7908361324735,3890.599675788401,1551782,TCS.NS
2025-01-28,3832.07958984375,3890.599779117484,3820.69802052405,3861.007745197988,2468272,TCS.NS
2025-01-29,3888.512939453125,3896.148353343233,3845.0734688360117,3845.0734688360117,1217089,TCS.NS
2025-01-30,3888.75,3917.061745659292,3849.3415023779007,3888.6078230102007,1531251,TCS.NS
2025-01-31,3900.463623046875,3915.686749530312,3874.7129156799383,3898.1874018590165,1492943,TCS.NS
2025-02-01,3863.236572265625,3922.7526963272944,3846.970505085766,3901.032960408717,437172,TCS.NS
2025-02-03,3858.968505859375,3866.8882740010763,3792.6234860032378,3823.1639848038094,1265713,TCS.NS
2025-02-04,3895.389404296875,3906.5815588564824,3856.5026066809596,3873.242905885086,2547132,TCS.NS
2025-02-05,3880.26171875,3936.126163727403,3865.939817675396,3936.126163727403,1693912,TCS.NS
2025-02-06,3872.341796875,3926.1671344471406,3842.749763323274,3893.8244160755,2284536,TCS.NS
2025-02-07,3821.741455078125,3879.218476720966,3801.4444143514993,3879.218476720966,1548940,TCS.NS
2025-02-10,3828.90234375,3843.1767756673025,3807.46719267282,3831.7952057492353,1339511,TCS.NS
2025-02-11,3759.28515625,3831.795194749814,3751.1757413949294,3811.3082763326493,1810908,TCS.NS
2025-02-12,3746.575439453125,3814.4855628593755,3737.090798282343,3766.445947952812,1678002,TCS.NS
2025-02-13,3708.63720703125,3779.108143555463,3701.1444324584945,3763.5059537434317,2277310,TCS.NS
2025-02-14,3732.064208984375,3744.536419785488,3699.010141125482,3722.721744594235,1681975,TCS.NS
2025-02-17,3703.2783203125,3731.2580130898646,3657.4674549788515,3657.7520405391615,1799806,TCS.NS
2025-02-18,3673.591064453125,3722.1523795147264,3665.33947318774,3697.492313192335,2149879,TCS.NS
2025-02-19,3589.083251953125,3675.251080308744,3573.955063643061,3672.6428039185434,4366672,TCS.NS
2025-02-20,3584.625,3592.781883594646,3557.973298668796,3567.647585834546,2888572,TCS.NS
2025-02-21,3590.88525390625,3620.287642408916,3580.4521483085296,3581.4955514917533,1833931,TCS.NS
2025-02-24,3486.174560546875,3569.2598725285934,3480.863069234682,3550.2431219830423,2508516,TCS.NS
2025-02-25,3442.497802734375,3469.4815591448155,3434.6255046618817,3438.1822449152423,4101954,TCS.NS
2025-02-27,3426.3740234375,3450.512388419143,3415.1346312530945,3425.5677363307773,3823856,TCS.NS
2025-02-28,3303.737548828125,3414.470731581497,3278.8403664103434,3400.1963006835795,7085018,TCS.NS
2025-03-03,3313.032958984375,3341.6765318486423,3297.0037748811633,3305.397775773084,4990439,TCS.NS
2025-03-04,3350.022705078125,3367.996053645755,3285.7642616440216,3294.9643171966636,2797737,TCS.NS
2025-03-05,3364.249755859375,3414.8029405590255,3339.400041837824,3339.400041837824,2501894,TCS.NS
2025-03-06,3415.988525390625,3423.4338299242468,3353.8641244726305,3373.6869322947687,2786513,TCS.NS
2025-03-07,3425.09375,3438.1826018027277,3390.190222378938,3414.470997652364,2051315,TCS.NS
2025-03-10,3404.654296875,3435.4321442725973,3397.9678097594306,3420.636010676855,1004626,TCS.NS
2025-03-11,3391.0439453125,3403.8007419067008,3355.3341308822914,3374.6354690920352,1995450,TCS.NS
2025-03-12,3325.5048828125,3385.305592458114,3307.15224085139,3381.2746199098347,3174167,TCS.NS
2025-03-13,3330.10498046875,3342.672130004524,3304.5439188567675,3321.8059194545594,1693004,TCS.NS
2025-03-17,3317.44287109375,3348.505070694925,3298.141765391246,3309.1912796488264,2690906,TCS.NS
2025-03-18,3317.44287109375,3317.44287109375,3317.44287109375,3317.44287109375,0,TCS.NS
2025-03-19,3316.8740234375,3364.2022912119846,3284.294187734508,3364.2022912119846,3051244,TCS.NS
2025-03-20,3379.519775390625,3394.505554527131,3331.0059291540974,3331.0059291540974,2845192,TCS.NS
2025-03-21,3393.699462890625,3429.883275405574,3286.428081377204,3295.9127223046994,4161925,TCS.NS
2025-03-24,3441.9287109375,3461.6568103088644,3382.792113898217,3414.470721860925,1834751,TCS.NS
2025-03-25,3469.24462890625,3518.8018790902024,3450.5124625687754,3457.1517113972473,3135390,TCS.NS
2025-03-26,3448.426025390625,3490.822326860632,3438.9888533482517,3459.7601257453803,1734499,TCS.NS
2025-03-27,3463.0322265625,3474.2241497420814,3424.4297823215356,3428.5556939598323,2528474,TCS.NS
2025-03-28,3420.303955078125,3472.279837617975,3406.7883407304835,3462.8426654904715,2051919,TCS.NS
2025-04-01,3367.806396484375,3399.2953585160476,3343.3359762190476,3388.577667798288,2618493,TCS.NS
2025-04-02,3361.3095703125,3380.421262394588,3348.126010889205,3361.3570398330285,1764313,TCS.NS
2025-04-03,3227.765380859375,3321.521146037298,3221.1261324235493,3311.088041352429,4537821,TCS.NS
2025-04-04,3129.3623046875,3224.445829064787,3125.663387385046,3189.305420015634,5317367,TCS.NS
2025-04-07,3105.31884765625,3121.7745604042666,2898.5536795332505,2940.2386292720134,6623955,TCS.NS
2025-04-08,3123.244873046875,3176.4063332063806,3087.535291604866,3131.875989149625,5557558,TCS.NS
2025-04-09,3079.283447265625,3101.4774131953245,3046.513968346596,3092.514474322123,2990265,TCS.NS
2025-04-11,3064.961669921875,3128.9355257101774,3040.7758359181594,3120.020055994998,7108961,TCS.NS
2025-04-15,3080.801025390625,3143.5893021337306,3071.69590901875,3143.5893021337306,3512160,TCS.NS
2025-04-16,3105.081787109375,3109.1602290119804,3062.5905495252055,3080.801013758816,2384391,TCS.NS
2025-04-17,3128.887939453125,3133.3459057029972,3052.1572909825677,3078.240052170268,2932346,TCS.NS
2025-04-21,3150.41845703125,3181.148601343861,3114.851053170071,3120.5418377878595,2432946,TCS.NS
2025-04-22,3143.589599609375,3162.084651201983,3125.189487058646,3151.367191167024,2710498,TCS.NS
2025-04-23,3237.108154296875,3244.6009284823726,3165.3094642241085,3191.581874951358,3543923,TCS.NS
2025-04-24,3226.295654296875,3236.633820616935,3213.1118640484187,3225.8214222352462,2252175,TCS.NS
2025-04-25,3270.30419921875,3298.568475558524,3229.5202431380058,3243.747204561521,2742991,TCS.NS
2025-04-28,3266.035888671875,3279.5989706182713,3229.5200235015927,3257.9739444135007,1593296,TCS.NS
2025-04-29,3293.541748046875,3314.8821913387555,3253.6113148639492,3276.9436254865236,1578332,TCS.NS
2025-04-30,3275.71044921875,3329.014085869881,3192.53019311335,3293.06738873724,2809332,TCS.NS
2025-05-02,3254.180419921875,3311.562499608635,3243.7473145242825,3293.0674491310842,1721761,TCS.NS
2025-05-05,3276.279541015625,3323.892391856476,3268.7865357954893,3272.201099131072,1284443,TCS.NS
2025-05-06,3281.68603515625,3294.0160693923863,3259.871359200009,3281.68603515625,1324763,TCS.NS
2025-05-07,3267.553955078125,3281.2117462953,3244.316583265945,3244.316583265945,1477128,TCS.NS
2025-05-08,3271.157958984375,3297.8098945868014,3251.999029204456,3270.3044338611708,2543591,TCS.NS
2025-05-09,3263.001220703125,3268.5970664946117,3222.976080385976,3223.8296054868374,2531757,TCS.NS
2025-05-12,3433.8193359375,3443.3989159735165,3321.7109255991563,3324.3666713915923,2228678,TCS.NS
2025-05-13,3333.851318359375,3436.2854413701325,3329.5832299005933,3433.819342081611,3062887,TCS.NS
2025-05-14,3365.814453125,3377.4806076856794,3327.7811822404,3339.542044274439,2119499,TCS.NS
2025-05-15,3395.40625,3414.470469410984,3332.9975027782,3380.3257647168743,3548330,TCS.NS
2025-05-16,3377.76513671875,3408.6849264465072,3363.348529175367,3408.6849264465072,1666727,TCS.NS
2025-05-19,3337.4560546875,3367.0480930243207,3323.13415186554,3367.0480930243207,2537377,TCS.NS
2025-05-20,3318.011962890625,3374.635222590325,3313.93352100354,3349.785509814958,2038374,TCS.NS
2025-05-21,3344.0947265625,3354.7174780325026,3318.0119641520128,3327.212019490534,1440153,TCS.NS
2025-05-22,3297.809814453125,3317.5379148748953,3273.4343323692665,3314.8821689714327,2034383,TCS.NS
2025-05-23,3333.471923828125,3352.820498295267,3286.9971842477944,3297.809582057325,1274331,TCS.NS
2025-05-26,3355.002197265625,3362.3053247198645,3329.204019365113,3339.542185709067,967470,TCS.NS
2025-05-27,3318.3916015625,3357.5632187597585,3303.5956991946746,3349.9755052710357,2467680,TCS.NS
2025-05-28,3317.44287109375,3347.129844047208,3312.985136088664,3338.593667057572,1222933,TCS.NS
2025-05-29,3317.822509765625,3350.4495836467595,3306.820233088302,3324.0822341714443,3188072,TCS.NS
2025-05-30,3284.910400390625,3325.97894134562,3275.1414056184462,3310.139637529337,3404365,TCS.NS
2025-06-02,3272.011474609375,3281.6857620470387,3242.41944121709,3272.201121116267,1877585,TCS.NS
2025-06-03,3229.709716796875,3294.4898573234195,3225.2519821011338,3268.4070961095445,2848125,TCS.NS
2025-06-04,3235.164306640625,3248.465279476926,3224.7342507303856,3242.9152450223373,2544807,TCS.NS
2025-06-05,3225.786865234375,3262.0530702216233,3218.7057063727016,3262.0530702216233,3584683,TCS.NS
2025-06-06,3238.322021484375,3244.7331673196672,3213.9212139850256,3225.7868448606714,2070390,TCS.NS
2025-06-09,3274.39697265625,3285.975488762853,3244.7332451805223,3253.4410779830223,1718678,TCS.NS
2025-06-10,3313.62939453125,3335.54241560308,3275.640735062478,3291.7166070762078,2419874,TCS.NS
2025-06-11,3322.24169921875,3338.604687522634,3300.424692969312,3320.423693236899,2847013,TCS.NS
2025-06-12,3286.166748046875,3324.9209717927824,3275.640909498604,3322.2416207116808,4060134,TCS.NS
2025-06-13,3297.171142578125,3301.7642826377164,3246.934184213111,3246.934184213111,2178493,TCS.NS
2025-06-16,3345.58984375,3357.742355566309,3278.511454741814,3291.7166438153617,1934088,TCS.NS
2025-06-17,3363.77099609375,3368.2683531373627,3337.743514633776,3358.6994089523137,2111940,TCS.NS
2025-06-18,3302.625,3385.492142497093,3294.6829639474868,3367.4069330910083,2696327,TCS.NS
2025-06-19,3276.406494140625,3302.2426434811027,3265.88065552043,3301.2857490610854,2672768,TCS.NS
2025-06-20,3287.60205078125,3297.7452248908758,3263.871022884297,3277.3633274014865,2351248,TCS.NS
2025-06-23,3247.317138671875,3277.3635313225304,3224.73433592903,3267.7945867055305,3123421,TCS.NS
2025-06-24,3244.254638671875,3293.726265410323,3236.2168192617623,3286.549557502439,3403048,TCS.NS
2025-06-25,3296.309814453125,3301.2856185170967,3253.440899408153,3260.4262751214173,1757699,TCS.NS
2025-06-26,3293.439208984375,3302.625255099875,3268.081507258558,3296.3098921986184,2879106,TCS.NS
2025-06-27,3292.769775390625,3316.979019479463,3283.1050474410818,3306.0705155665805,1778433,TCS.NS
2025-06-30,3312.768310546875,3315.5432107745055,3282.1476906920225,3291.6208515129015,1468351,TCS.NS
2025-07-01,3281.8603515625,3334.7766533592453,3266.3587105428364,3306.0698242055073,2375183,TCS.NS
2025-07-02,3275.736572265625,3339.4655976963195,3272.57877409358,3336.8820295980254,3090585,TCS.NS
2025-07-03,3254.20654296875,3287.2193999790024,3251.144527592608,3282.147812903343,2531870,TCS.NS
2025-07-04,3272.3876953125,3279.27728864699,3243.967976797223,3261.096294049881,1109320,TCS.NS
2025-07-07,3264.636474609375,3278.415893704088,3261.478676465787,3270.95207089655,1639174,TCS.NS
2025-07-08,3259.373779296875,3277.3634414066432,3247.1254837997894,3258.225552697699,2325242,TCS.NS
2025-07-09,3237.939697265625,3266.8378648121275,3221.8638227365063,3263.010286763138,2034938,TCS.NS
2025-07-10,3236.216796875,3252.484001353674,3211.33754296644,3234.303008112803,3035012,TCS.NS
2025-07-11,3125.21728515625,3191.2430024482833,3120.528595780786,3157.655913683438,7635550,TCS.NS
2025-07-14,3083.783447265625,3130.9583865491522,3062.0619917351123,3125.217020314649,3924009,TCS.NS
2025-07-15,3112.107666015625,3118.9014760029677,3067.8034091107847,3067.8034091107847,2590889,TCS.NS
2025-07-16,3104.234375,3115.5638600833036,3092.2326031663256,3098.3774165813243,2540733,TCS.NS
2025-07-17,3081.287109375,3112.779808234124,3076.390526695053,3095.5933632665156,2947640,TCS.NS
2025-07-18,3062.756103515625,3100.105758589483,3059.9717861781455,3096.4571730230687,3432645,TCS.NS
2025-07-21,3032.319580078125,3070.1493050764375,3026.3667482040605,3062.8521341278406,3844346,TCS.NS
2025-07-22,3033.664306640625,3053.3472147188545,3028.863597353252,3033.664306640625,3198036,TCS.NS
2025-07-23,3052.386962890625,3055.1712804131353,3031.7439136986445,3033.6641973444102,1922875,TCS.NS
2025-07-24,3022.5263671875,3047.2019644087272,3014.8452328363246,3038.944885626984,2934778,TCS.NS
2025-07-25,3010.812744140625,3031.0715957495104,3001.019344529776,3014.845292873372,2568917,TCS.NS
2025-07-28,2956.564697265625,2993.72213811463,2947.539223682625,2986.041003699968,3374473,TCS.NS
2025-07-29,2934.193359375,2951.4759118844077,2919.9832137631183,2938.0339265993125,4785312,TCS.NS
2025-07-30,2931.888916015625,2946.6750050729374,2925.7438682234083,2938.0337293982366,2880121,TCS.NS
2025-07-31,2915.7587890625,2937.8420514011964,2894.827650050853,2920.4633903186314,2968371,TCS.NS
2025-08-01,2883.3056640625,2915.758501968501,2880.4252388236764,2909.133383273443,2053847,TCS.NS
2025-08-04,2951.85986328125,2956.6605722928375,2872.360309577052,2889.1627911176092,2519252,TCS.NS
2025-08-05,2941.7783203125,2954.836342347973,2920.751308991888,2951.859809051624,1927996,TCS.NS
2025-08-06,2911.43798828125,2944.562879940478,2905.3890481398157,2940.9142942671037,1487081,TCS.NS
2025-08-07,2925.55224609375,2929.9689924116014,2890.8910311996096,2895.7878484472435,2543076,TCS.NS
2025-08-08,2915.374267578125,2937.8417248012156,2904.428745573524,2926.6081133944717,2762140,TCS.NS
2025-08-11,2919.599365234375,2928.3365153663553,2900.876599282036,2915.3746004762743,1884215,TCS.NS
2025-08-12,2914.414306640625,2972.9829560524563,2906.253101394714,2919.791194448837,3358232,TCS.NS
2025-08-13,2915.1826171875,2923.055733419127,2907.8856798255947,2915.086743648966,2148166,TCS.NS
2025-08-14,2901.83642578125,2934.0970475783347,2898.7640190971856,2913.0700372499637,3342174,TCS.NS
2025-08-18,2891.178955078125,2927.4723621732833,2883.6898021204543,2925.072007661826,2945609,TCS.NS
2025-08-19,2895.979736328125,2904.429031301108,2891.083153648401,2891.1790271854784,2650784,TCS.NS
2025-08-20,2975.09521484375,2979.7037075526887,2890.8905988262018,2890.8905988262018,4952358,TCS.NS
2025-08-21,2978.93603515625,3005.2438266480435,2960.2132701020532,3005.2438266480435,3230726,TCS.NS
2025-08-22,2932.273193359375,2972.3110613965996,2928.432625981039,2962.997732386061,1593791,TCS.NS
2025-08-25,3015.42138671875,3026.366909314735,2954.4523833109183,2964.245782645686,3448370,TCS.NS
2025-08-26,3031.35986328125,3035.9685911364395,2995.6426326203955,3004.283909445262,5522097,TCS.NS
2025-08-28,2970.390625,3021.086158669707,2963.4776509563167,3019.645945976872,3116051,TCS.NS
2025-08-29,2961.74951171875,2990.8418565958136,2954.548447858567,2969.7187359392783,2271789,TCS.NS
2025-09-01,2988.537353515625,3006.2999761800884,2966.8380558481663,2966.8380558481663,1246862,TCS.NS
2025-09-02,2987.481201171875,3029.247369338668,2979.416103841445,2996.698656186325,2185229,TCS.NS
2025-09-03,2974.0390625,3016.6692623196923,2964.917715899919,3005.1475613511693,1799774,TCS.NS
2025-09-04,2972.31103515625,2993.722244983374,2967.606433923174,2991.801961311159,1481391,TCS.NS
2025-09-05,2926.80029296875,2979.703965451406,2907.885546409113,2973.655259644998,2802055,TCS.NS
2025-09-08,2898.668212890625,2942.7386295513115,2895.7877873726816,2928.432609909376,2626187,TCS.NS
2025-09-09,2927.856201171875,2938.0337976334035,2909.997705008497,2911.2459361835313,2489301,TCS.NS
2025-09-10,2986.041259765625,2998.2350148126434,2931.6971353578033,2934.57756101031,2079428,TCS.NS
2025-09-11,2999.6748046875,3013.8849494515116,2986.1369466753263,3013.8849494515116,2263446,TCS.NS
2025-09-12,3008.50830078125,3023.198517586115,2996.6026359147436,3018.685897890405,1447167,TCS.NS
2025-09-15,2987.864990234375,3009.0842164755977,2972.598830315396,3009.0842164755977,1732539,TCS.NS
2025-09-16,3020.318115234375,3024.4467719955323,2985.1770648150605,3003.3236516831826,2573429,TCS.NS
2025-09-17,3046.337890625,3055.5551110798156,3017.1494398273812,3026.366894691811,2418271,TCS.NS
2025-09-18,3050.08251953125,3075.334296666793,3035.392302577828,3058.0517436415034,2633138,TCS.NS
2025-09-19,3042.88134765625,3053.730996885227,3018.685821162444,3043.6495079786732,4901694,TCS.NS
2025-09-22,2951.283935546875,2983.0644887376598,2942.8346407567424,2971.6388949892716,3634901,TCS.NS
2025-09-23,2940.338134765625,2957.9087764692863,2930.352753876681,2947.6353061603577,3177741,TCS.NS
2025-09-24,2914.414306640625,2935.153463147022,2912.1100600997443,2928.432470591566,1625714,TCS.NS
2025-09-25,2839.523193359375,2908.845617084501,2833.3783797594588,2901.548445826189,4974361,TCS.NS
2025-09-26,2783.54736328125,2837.027218062639,2776.0582098827367,2823.7772134975207,3934636,TCS.NS
2025-09-29,2780.666748046875,2812.5434087793974,2778.6503565122343,2799.773476015783,3110035,TCS.NS
2025-09-30,2773.2734375,2799.101392157332,2770.105157137798,2794.9727356006983,2253458,TCS.NS
2025-10-01,2798.045166015625,2808.222762784315,2752.342557318892,2775.7699233020426,1952902,TCS.NS
2025-10-03,2786.2353515625,2807.454578770542,2775.8660078142957,2807.454578770542,2899519,TCS.NS
2025-10-06,2869.28759765625,2874.2805224330996,2780.18662812204,2786.331441741774,2112774,TCS.NS
2025-10-07,2855.173583984375,2884.745997894136,2837.699050349848,2875.624650921264,3062943,TCS.NS
2025-10-08,2906.541015625,2921.711301932003,2849.70067174965,2856.421663900003,4121889,TCS.NS
2025-10-09,2939.666015625,2943.794672125363,2899.628150625765,2913.070135429991,3211304,TCS.NS
2025-10-10,2907.59716796875,2947.635030127983,2887.049994865423,2928.432196055488,8817365,TCS.NS
2025-10-13,2887.33837890625,2914.5104387736105,2878.6971026918,2906.349233459963,2866865,TCS.NS
2025-10-14,2842.3076171875,2906.541005318549,2837.6988899902512,2900.588173459837,3611416,TCS.NS
2025-10-15,2862.064208984375,2871.6049712258155,2843.946172081733,2863.2206293645645,4282226,TCS.NS
2025-10-16,2862.931396484375,2867.0754517571395,2836.332787245134,2862.160371154854,3251495,TCS.NS
2025-10-17,2854.73974609375,2880.374867719902,2848.1863837329993,2862.2568312933195,4374683,TCS.NS
2025-10-20,2905.81689453125,2913.333979311689,2870.4483153754104,2877.1943748710046,3133039,TCS.NS
2025-10-21,2897.625244140625,2921.814780103732,2887.313457420898,2921.140221212513,310644,TCS.NS
2025-10-23,2961.713134765625,2985.613509464342,2925.959156761946,2944.1734252464703,5564758,TCS.NS
2025-10-24,2952.07568359375,2977.9035021252716,2947.3535359078196,2968.2662739630537,2684318,TCS.NS
2025-10-27,2972.98828125,2981.9509500743798,2949.184375870237,2955.2558763824863,1946312,TCS.NS
2025-10-28,2946.968017578125,2978.096312781555,2929.9101701396817,2964.4114953280427,3470737,TCS.NS
2025-10-29,2946.67919921875,2964.4116062609737,2935.5963859963827,2946.9681278582934,2895420,TCS.NS
2025-10-30,2925.187744140625,2952.653842834952,2922.778437237614,2938.487165302022,2241536,TCS.NS
2025-10-31,2947.064208984375,2956.1231088421955,2915.357824198127,2924.898585437403,1868085,TCS.NS
2025-11-03,2907.35888671875,2947.0642176101555,2900.805524854993,2936.3668007969727,2194877,TCS.NS
2025-11-04,2881.723876953125,2919.4055326440953,2868.039060214524,2910.0574685167057,2670720,TCS.NS
2025-11-06,2901.6728515625,2914.2977142131544,2881.531139384038,2881.627605776501,2542721,TCS.NS
2025-11-07,2883.265869140625,2895.023240036059,2853.1012989769483,2892.1320716871546,1830520,TCS.NS
2025-11-10,2915.4541015625,2937.3305615709287,2883.4585523829414,2884.422275161144,1556656,TCS.NS
2025-11-11,2936.46337890625,2944.847720230334,2908.5154176367123,2934.5359333014544,2806868,TCS.NS
2025-11-12,3018.18701171875,3022.619995280987,2946.1969680097523,2948.991669923252,4460315,TCS.NS
2025-11-13,2993.033935546875,3018.2834265472866,2989.4682081451956,3018.1871954349617,1740435,TCS.NS
2025-11-14,2993.322998046875,3000.1655239975616,2965.6642009169345,2977.9034333434784,2210794,TCS.NS
2025-11-17,2989.660888671875,3010.188231818854,2974.626953832486,2993.323082448971,2232853,TCS.NS
2025-11-18,2975.10888671875,2992.3594315179676,2966.338914722159,2989.4682629851,2548350,TCS.NS
2025-11-19,3033.510009765625,3040.545232796858,2971.639057156612,2984.6493140956795,3151053,TCS.NS
2025-11-20,3030.715576171875,3049.7008686990343,3024.2586803244717,3033.79944214396,2700767,TCS.NS
2025-11-21,3036.30517578125,3055.0013041600305,3021.463703354114,3030.715536432949,4177037,TCS.NS
2025-11-24,3027.24609375,3063.578397230728,3017.4161679823073,3043.4366842823783,6703764,TCS.NS
2025-11-25,3006.044189453125,3035.534202019235,3001.996600643867,3031.1974493056246,2737920,TCS.NS
2025-11-26,3048.158935546875,3062.711244826224,3003.9241504478728,3005.658898650244,2508527,TCS.NS
2025-11-27,3022.81298828125,3064.6384631299097,3011.6337098367826,3064.6384631299097,2836233,TCS.NS
2025-11-28,3023.68017578125,3033.12470593688,3011.6336412163846,3026.089482694223,1616690,TCS.NS
2025-12-01,3019.72900390625,3039.581788202742,3008.935355329588,3024.0657566161144,1747647,TCS.NS
2025-12-02,3021.945556640625,3029.9445029896465,3007.200550647543,3017.4161065078188,2512003,TCS.NS
2025-12-03,3064.638427734375,3095.3810901757683,3025.125793917674,3026.089516693691,3952112,TCS.NS
2025-12-04,3112.053466796875,3132.0989471151875,3071.769808666434,3078.13047294951,5025905,TCS.NS
2025-12-05,3120.72705078125,3152.915532717371,3105.5001838412545,3112.824571063191,5244013,TCS.NS
2025-12-08,3119.088623046875,3141.639640868843,3092.200852929616,3125.3528208067405,2544725,TCS.NS
2025-12-09,3091.912109375,3116.3905759892023,3065.7951256660695,3112.8248484517812,2734893,TCS.NS
2025-12-10,3073.5048828125,3108.0062080861744,3062.807700289892,3108.0062080861744,1386849,TCS.NS
2025-12-11,3076.10693359375,3092.0083609433445,3038.714674477584,3088.73179730002,1914362,TCS.NS
2025-12-12,3103.669189453125,3106.078496384854,3070.131589906683,3081.696263178982,1146554,TCS.NS
2025-12-15,3113.017333984375,3120.727116365754,3081.31094805451,3094.610369719165,1562190,TCS.NS
2025-12-16,3088.828125,3103.187500999765,3075.3360054304358,3103.187500999765,1734623,TCS.NS
2025-12-17,3101.067138671875,3119.474102184826,3084.394687896739,3084.394687896739,1376350,TCS.NS
2025-12-18,3161.78173828125,3168.5277977297296,3104.1510690788923,3110.897128527372,2307422,TCS.NS
2025-12-19,3162.938232421875,3197.5357868591873,3159.854366515901,3179.3215200364916,3902511,TCS.NS
2025-12-22,3204.281982421875,3207.8479451634685,3171.6118722000997,3189.9226061933546,2632816,TCS.NS
2025-12-23,3189.92236328125,3199.4631245744913,3174.0209376032617,3199.4631245744913,2365420,TCS.NS
2025-12-24,3198.595947265625,3206.4021959958864,3176.5267894381177,3184.236571775606,1367708,TCS.NS
2025-12-26,3161.0107421875,3199.5596536775915,3153.108262388808,3192.910060559104,1176664,TCS.NS
2025-12-29,3133.544677734375,3168.7205598617948,3125.2565675579217,3161.010777477703,2079473,TCS.NS
2025-12-30,3129.01513671875,3148.9641510011397,3121.9799134409154,3132.099002526,2807593,TCS.NS
2025-12-31,3089.887939453125,3128.2441532690227,3082.4673210816295,3122.461816571668,3362634,TCS.NS
2026-01-01,3110.31884765625,3116.775978595714,3082.1781891606697,3098.368779137981,1255735,TCS.NS
2026-01-02,3132.773681640625,3136.243177859361,3102.7055771191704,3116.6795578205924,1184324,TCS.NS
2026-01-05,3099.428955078125,3129.207895137578,3075.2394189664337,3122.94369701057,2341703,TCS.NS
2026-01-06,3137.688720703125,3144.8201752673103,3088.7315556964636,3093.550169667909,2912325,TCS.NS
2026-01-07,3176.044921875,3180.8635358265738,3106.271250685878,3125.2565425983025,1989442,TCS.NS
2026-01-08,3087.671142578125,3167.6601287029757,3066.5657090274044,3167.6601287029757,4159336,TCS.NS
2026-01-09,3091.43017578125,3112.5356118812538,3075.239584998998,3075.239584998998,1938673,TCS.NS
2026-01-12,3122.076416015625,3134.026484388671,3059.145271347969,3086.804068110982,2228342,TCS.NS
2026-01-13,3149.446044921875,3161.0107182814413,3094.0319850739534,3127.2804209827063,5645341,TCS.NS
2026-01-14,3076.684814453125,3141.736098705462,3067.529448521315,3141.736098705462,3539511,TCS.NS
2026-01-15,3076.684814453125,3076.684814453125,3076.684814453125,3076.684814453125,0,TCS.NS
2026-01-16,3146.54931640625,3161.464149941515,3111.519017760894,3159.0110444402844,4293470,TCS.NS
2026-01-19,3104.258056640625,3159.600023336744,3092.973770842994,3128.2002715520307,3387562,TCS.NS
2026-01-20,3044.10791015625,3100.7255406282875,3033.118044759914,3092.4832014713097,4499273,TCS.NS
2026-01-21,3064.027099609375,3079.6287553253787,3024.188569033875,3041.8509292683366,2015150,TCS.NS
2026-01-22,3091.305419921875,3100.7254411371077,3063.7326570458863,3090.9130188550284,2269827,TCS.NS
2026-01-23,3103.178466796875,3134.578217290946,3092.875423666008,3130.457047950816,2068857,TCS.NS
2026-01-27,3098.762939453125,3115.4440572399217,3071.2881572160486,3115.4440572399217,4279874,TCS.NS
2026-01-28,3140.073486328125,3145.0776781720924,3111.1268393421374,3116.425451779539,2751234,TCS.NS
2026-01-29,3085.41796875,3140.07335254898,3066.9708064954257,3140.07335254898,2457641,TCS.NS
2026-01-30,3065.302734375,3082.082073579965,3034.001200735196,3082.082073579965,3022068,TCS.NS
2026-02-02,3110.1455078125,3138.0126916764966,3075.2131881532646,3138.0126916764966,2636272,TCS.NS
2026-02-03,3164.80078125,3287.1616459496977,3126.532332237451,3287.1616459496977,4366060,TCS.NS
2026-02-04,2942.84375,3061.475843095512,2929.9893806035893,3061.475843095512,10852595,TCS.NS
2026-02-05,2935.38623046875,2972.869637012123,2916.5464269268496,2933.9143670738968,3521545,TCS.NS
2026-02-06,2886.422119140625,2929.0079343210614,2861.302223276454,2920.765595757455,4687389,TCS.NS
2026-02-09,2892.8984375,2921.15826303242,2882.3991930324937,2903.5941220720847,2380318,TCS.NS
2026-02-10,2928.61572265625,2955.109263473934,2888.2865702537815,2894.468444356794,3547763,TCS.NS
2026-02-11,2855.21875,2941.76426862986,2849.723697569715,2924.1019081110685,3363513,TCS.NS
2026-02-12,2698.514404296875,2825.977676593803,2688.603761759382,2815.9690535680857,10612156,TCS.NS
2026-02-13,2641.700439453125,2662.110326952746,2536.5113141072056,2536.5113141072056,11168735,TCS.NS
2026-02-16,2655.830322265625,2668.7826718221954,2620.898002964758,2649.3540277067937,2918730,TCS.NS
2026-02-17,2666.427490234375,2708.228504276998,2644.6439610469733,2665.0538469624375,4209118,TCS.NS
2026-02-18,2644.349609375,2678.7913077273606,2607.4550449905755,2678.7913077273606,2950820,TCS.NS
2026-02-19,2627.66845703125,2697.140454434555,2616.5806115438327,2657.2039438116426,3238849,TCS.NS
2026-02-20,2635.81298828125,2651.905505554349,2597.838959616639,2616.973184248376,2293482,TCS.NS
2026-02-23,2626.0986328125,2653.2789947204583,2610.3005370564806,2635.616634548502,4699596,TCS.NS
2026-02-24,2525.423095703125,2597.8388206557183,2513.255787797201,2591.460746119642,7798833,TCS.NS
2026-02-25,2579.980224609375,2604.4130601353972,2546.3235684513456,2547.3048106742554,3621285,TCS.NS
2026-02-26,2598.03515625,2620.8981494569975,2585.573427113137,2600.292061423079,3464267,TCS.NS
2026-02-27,2587.92822265625,2638.168017666852,2576.8403768444346,2631.299321894741,5083717,TCS.NS
2026-03-02,2564.4765625,2574.5834053591284,2531.8993684474203,2543.37985460111,3374385,TCS.NS
2026-03-04,2539.2587890625,2585.5733762002424,2531.997452542583,2575.7609535201655,3446434,TCS.NS
2026-03-05,2530.427490234375,2560.551578540278,2498.6350985020495,2551.229777430436,2960636,TCS.NS
2026-03-06,2509.625244140625,2570.069622274581,2505.7002751879877,2523.7550365456814,3998643,TCS.NS
2026-03-09,2479.99169921875,2511.9802941008847,2458.0119674698108,2482.54302502939,3653428,TCS.NS
2026-03-10,2465.9599609375,2497.45769299971,2443.39138949283,2493.3365235176843,4323710,TCS.NS
2026-03-11,2418.6640625,2473.711851651557,2413.954291083466,2461.053921737681,2720664,TCS.NS
2026-03-12,2396.5859375,2426.513825649523,2390.3060830242093,2413.6596961153996,2752075,TCS.NS
2026-03-13,2365.284423828125,2400.0203033629555,2352.0376535639975,2391.287343235487,2466488,TCS.NS
2026-03-16,2364.0087890625,2379.5124645789865,2321.7173916761253,2364.793830777467,3807907,TCS.NS
2026-03-17,2346.837158203125,2374.6063631722786,2315.7318252423875,2374.6063631722786,2993367,TCS.NS
2026-03-18,2395.01611328125,2436.326267951688,2364.793804301608,2364.793804301608,3082388,TCS.NS
2026-03-19,2311.806640625,2378.5311107279285,2306.115387909886,2371.6624152761565,2757060,TCS.NS
2026-03-20,2345.7578125,2362.6351312433567,2319.8528734315287,2341.2440023374425,4206320,TCS.NS
2026-03-23,2339.085205078125,2361.6537756859007,2303.956686393805,2320.6378037995523,3860515,TCS.NS
2026-03-24,2353.803955078125,2389.7172776589064,2334.47353068287,2359.0045869106293,3420182,TCS.NS
2026-03-25,2332.80517578125,2376.1762738846405,2325.3478785890734,2355.864368126978,5843778,TCS.NS
2026-03-27,2344.97265625,2376.6668272056972,2340.262645780238,2358.8080275261386,4979411,TCS.NS
2026-03-30,2314.652099609375,2353.0187649541185,2302.1903717438945,2330.5484146912077,6804756,TCS.NS
2026-04-01,2363.02734375,2425.6306420517385,2352.9205014959025,2383.437228779803,4132661,TCS.NS
2026-04-02,2404.730224609375,2423.570027038862,2331.1370592120925,2341.24390183887,5378361,TCS.NS
2026-04-06,2427.4951171875,2435.4432752720936,2402.2772391631793,2427.593337237373,2572417,TCS.NS
2026-04-07,2492.1591796875,2496.182129281132,2402.0810908677395,2414.837240451596,4516550,TCS.NS
2026-04-08,2511.195068359375,2531.899375247164,2492.453485493659,2523.755016821873,4769337,TCS.NS
2026-04-09,2540.436279296875,2556.136155878084,2483.622446743067,2506.0927992754805,5628261,TCS.NS
2026-04-10,2476.94970703125,2517.671257898199,2454.1849361455575,2517.671257898199,10480239,TCS.NS
2026-04-13,2426.2197265625,2457.9136601554055,2423.6684008424363,2443.195026142192,3739587,TCS.NS
2026-04-15,2506.975830078125,2510.9990192902537,2446.629429262826,2454.9699887251027,5261384,TCS.NS
2026-04-16,2528.56298828125,2545.3423261167095,2510.0176060935014,2523.754997213638,3905403,TCS.NS
2026-04-17,2533.07666015625,2540.435976426315,2507.9567647966655,2521.7923752088177,2718206,TCS.NS
2026-04-20,2531.212646484375,2545.3424392975157,2513.15764504414,2538.571963483115,2288558,TCS.NS
2026-04-21,2561.532958984375,2564.9673069470045,2511.9802240950007,2511.9802240950007,2719959,TCS.NS
2026-04-22,2490.883544921875,2531.6050998221144,2456.6382849386455,2531.6050998221144,5232045,TCS.NS
2026-04-23,2474.496826171875,2511.4896121641627,2469.0999936393873,2481.5617226658205,2509050,TCS.NS
2026-04-24,2351.939453125,2458.0118361710306,2343.991534636913,2441.3307179215667,5107719,TCS.NS
2026-04-27,2401.6884765625,2412.874541687738,2351.9393059532576,2351.9393059532576,5853425,TCS.NS
2026-04-28,2398.8427734375,2440.349366669426,2381.867235359066,2398.155951805419,4508363,TCS.NS
2026-04-29,2428.280029296875,2441.2323784506298,2401.688509360205,2405.024637022461,2835961,TCS.NS
2026-04-30,2427.4951171875,2444.2744555611544,2392.26861608113,2432.4995485090735,3970446,TCS.NS
2026-05-01,2427.4951171875,2427.4951171875,2427.4951171875,2427.4951171875,0,TCS.NS
2026-05-04,2385.6943359375,2451.4375668418284,2379.512461835769,2447.2181772447047,2632358,TCS.NS
2026-05-05,2381.76953125,2414.248508305356,2366.9526763935437,2384.418837601779,3385720,TCS.NS
2026-05-06,2389.71728515625,2424.6496051586114,2361.3594798924314,2396.0953597954776,3147628,TCS.NS
2026-05-07,2356.35498046875,2393.9366055534624,2353.018852732181,2392.4647422177254,5829594,TCS.NS
2026-05-08,2349.486083984375,2361.8498307717123,2330.5483023329007,2353.018651512491,3792199,TCS.NS
2026-05-11,2348.014404296875,2369.699953108347,2326.5252955775945,2326.5252955775945,1975188,TCS.NS
2026-05-12,2257.151611328125,2330.450360002076,2240.176072372522,2330.450360002076,6347884,TCS.NS
2026-05-13,2230.167236328125,2265.8843552424923,2226.4384681959255,2262.7444282326155,3171843,TCS.NS
2026-05-14,2203.8701171875,2222.513720137884,2165.012827845418,2222.513720137884,5633313,TCS.NS
2026-05-15,2221.532470703125,2261.665183205434,2209.7575636145925,2209.7575636145925,3410637,TCS.NS
2026-05-18,2240.3720703125,2249.8900714309348,2209.953563101145,2221.5322685970373,3773336,TCS.NS
2026-05-19,2283.448974609375,2333.0017090765828,2254.0117066090534,2256.857213357978,10394707,TCS.NS
2026-05-20,2283.7431640625,2298.0693970332622,2274.3233820043192,2280.308816116464,2537422,TCS.NS
2026-05-21,2283.546875,2292.0836345084317,2270.594525446405,2287.275643394801,3299087,TCS.NS
2026-05-22,2273.83251953125,2296.1066687906364,2264.805139514887,2287.373709336333,2617262,TCS.NS
2026-05-25,2295.61328125,2313.415817804508,2280.496215777924,2312.3217190072714,3298364,TCS.NS
2026-05-26,2263.78759765625,2315.205623652634,2260.008270887014,2295.613098349941,3587597,TCS.NS
2026-05-27,2271.744140625,2283.0821217701528,2248.571147658945,2262.5943570616037,2653950,TCS.NS
2026-05-28,2271.744140625,2271.744140625,2271.744140625,2271.744140625,0,TCS.NS
2026-05-29,2246.58203125,2321.2726050840133,2222.81245602518,2278.507085795833,16331582,TCS.NS
2026-06-01,2284.8720703125,2322.267132829976,2267.5670504720965,2271.5452382799426,7505095,TCS.NS
2026-06-02,2433.556884765625,2443.9996279549005,2303.569644295269,2307.34897134468,11306127,TCS.NS
2026-06-03,2229.475830078125,2379.9508308808004,2212.6680838914085,2379.9508308808004,15660062,TCS.NS
2026-06-04,2228.77978515625,2240.8139007540485,2204.5129359355733,2229.4759194813155,4867263,TCS.NS
2026-06-05,2186.9091796875,2259.4117976453776,2180.0469028924485,2250.560184151513,5019717,TCS.NS
2026-06-08,2139.668212890625,2165.128711955583,2131.6125282744956,2158.1668832997775,6536734,TCS.NS
2026-06-09,2139.2705078125,2162.145087858845,2121.169801728995,2162.145087858845,4148655,TCS.NS
2026-06-10,2142.154541015625,2168.907999188303,2133.1043096144995,2139.568864676436,2848650,TCS.NS
2026-06-11,2123.95458984375,2142.8509821277357,2098.494090484758,2115.4013888441136,3079815,TCS.NS
2026-06-12,2149.61376953125,2156.177876796519,2126.3414670622496,2138.276030955957,2124656,TCS.NS
2026-06-15,2150.21044921875,2180.046856932239,2147.525221086398,2180.046856932239,3337083,TCS.NS
2026-06-16,2187.0087890625,2196.954258771743,2148.818282502735,2155.183285992923,3079898,TCS.NS
2026-06-17,2210.8779296875,2218.8343055028395,2188.6994835403766,2196.9542720106556,2865010,TCS.NS
2026-06-18,2191.285400390625,2201.927004470057,2170.101501243751,2196.9542695909468,3735188,TCS.NS
2026-06-19,2113.412353515625,2126.341464384191,2048.6672473500757,2093.521413717831,13286502,TCS.NS
2026-06-22,2116.197021484375,2145.237743488044,2109.434053749718,2120.5729308842238,4566101,TCS.NS
2026-06-23,2048.368896484375,2102.4721508294924,2043.7938836114508,2099.4885101234904,6392736,TCS.NS
2026-06-24,2097.49951171875,2109.1356624395376,2049.7612582514666,2049.7612582514666,4747277,TCS.NS
2026-06-25,2083.27734375,2136.78401555451,2076.61392807904,2121.965363861958,4738903,TCS.NS
2026-06-26,2083.27734375,2083.27734375,2083.27734375,2083.27734375,0,TCS.NS
2026-06-29,2086.4599609375,2093.521341445675,2059.706744956766,2078.6031371123327,3412470,TCS.NS
2026-06-30,2020.422119140625,2092.8251853118586,2007.791421498655,2078.60311543387,6848411,TCS.NS
2026-07-01,1971.788818359375,2040.8104030555382,1966.0205187179013,2028.776408877907,4658295,TCS.NS
2026-07-02,2056.82275390625,2065.5745732846704,1991.580373389582,1997.0503819057583,6040621,TCS.NS
2026-07-03,2082.083984375,2105.0581154318793,2073.6303355251375,2088.5485393778363,4028819,TCS.NS
2026-07-06,2046.3798828125,2081.5867473982344,2039.4180542258837,2078.6031065753987,2567386,TCS.NS
2026-07-07,2084.669921875,2111.124724588052,2037.8266642409067,2038.8212111731864,4769048,TCS.NS
2026-07-08,2046.2803955078125,2098.1956989000228,2037.6278854106638,2082.5813599967723,3666985,TCS.NS
2026-07-09,2038.323974609375,2053.7394523387943,2005.006651774823,2046.280350211656,3791498,TCS.NS
2026-07-10,2057.717529296875,2121.666943317309,2053.341620075063,2093.7200783959847,6714551,TCS.NS
2026-07-13,2169.604248046875,2192.8765503750355,2053.8390761022306,2063.684994131224,12382622,TCS.NS
2026-07-14,2188.60009765625,2215.850586742918,2167.1177865856457,2170.996422535663,9546290,TCS.NS
2026-07-15,2189.199951171875,2202.89990234375,2145.39990234375,2174.10009765625,5426489,TCS.NS
2026-07-16,2201.0,2231.39990234375,2187.800048828125,2206.0,5197595,TCS.NS
2026-07-17,2269.0,2275.0,2215.10009765625,2224.800048828125,5615138,TCS.NS
2026-07-20,2251.10009765625,2283.39990234375,2245.10009765625,2280.10009765625,2202693,TCS.NS
2026-07-21,2221.10009765625,2259.89990234375,2218.5,2245.10009765625,2382160,TCS.NS
2026-07-22,2208.300048828125,2226.800048828125,2201.0,2216.0,1599665,TCS.NS
2026-07-23,2242.89990234375,2250.0,2193.60009765625,2204.0,2503539,TCS.NS
2026-07-24,2254.300048828125,2264.300048828125,2205.10009765625,2205.10009765625,3211699,TCS.NS
2026-07-27,2295.60009765625,2315.0,2272.39990234375,2286.0,4007292,TCS.NS
2026-07-28,2398.0,2417.39990234375,2323.0,2325.0,8248513,TCS.NS
2026-07-29,2446.60009765625,2475.5,2415.10009765625,2440.0,7169419,TCS.NS
2026-07-30,2431.800048828125,2495.0,2423.0,2440.0,4901582,TCS.NS
2026-07-31,2365.60009765625,2391.0,2326.10009765625,2385.0,4343683,TCS.NS
2026-08-03,2473.699951171875,2473.699951171875,2383.0,2383.89990234375,3036839,TCS.NS
2026-08-04,2460.0,2467.39990234375,2435.10009765625,2463.10009765625,2792792,TCS.NS
2026-08-05,2413.0,2460.89990234375,2408.0,2460.0,3014409,TCS.NS
2026-08-06,2373.0,2434.5,2368.5,2417.0,2729141,TCS.NS
2026-08-07,2452.699951171875,2457.699951171875,2375.0,2375.0,4547979,TCS.NS
2026-08-10,2425.699951171875,2472.89990234375,2423.5,2452.699951171875,2322023,TCS.NS
2026-08-11,2445.699951171875,2456.60009765625,2428.0,2438.0,1514105,TCS.NS
2026-08-12,2349.699951171875,2445.800048828125,2300.10009765625,2445.699951171875,7022647,TCS.NS
2026-08-13,2375.0,2375.0,2332.300048828125,2349.699951171875,2123494,TCS.NS
2026-08-14,2361.0,2390.0,2333.39990234375,2375.10009765625,2232160,TCS.NS
2026-08-17,2313.199951171875,2361.10009765625,2310.60009765625,2351.0,2237636,TCS.NS
2026-08-18,2280.0,2307.0,2280.0,2300.0,1797822,TCS.NS
2026-08-19,2289.0,2308.199951171875,2258.300048828125,2293.60009765625,3368922,TCS.NS
2026-08-20,2298.0,2329.0,2288.10009765625,2319.39990234375,2047848,TCS.NS
2026-08-21,2302.0,2307.199951171875,2263.300048828125,2290.10009765625,2066749,TCS.NS
2026-08-24,2284.10009765625,2321.60009765625,2279.5,2302.39990234375,1542723,TCS.NS
2026-08-25,2296.199951171875,2313.5,2262.0,2305.0,3041609,TCS.NS
2026-08-26,2270.0,2306.300048828125,2266.39990234375,2305.10009765625,1660737,TCS.NS
2026-08-27,2248.39990234375,2283.60009765625,2243.89990234375,2270.0,1709113,TCS.NS
2026-08-28,2342.0,2348.5,2263.300048828125,2272.0,4054069,TCS.NS
2026-08-31,2399.300048828125,2399.300048828125,2306.199951171875,2342.0,2905846,TCS.NS
2026-09-01,2369.0,2372.0,2325.0,2355.0,2678034,TCS.NS
2026-09-02,,,,,2532948,TCS.NS
