Date,Close,High,Low,Open,Volume,ticker
2010-01-04,132.23828125,133.0349895866475,131.5317739268757,131.83241453572478,9162186,ICICIBANK.NS
2010-01-05,133.49346923828125,135.2522375310427,132.5088526837745,133.48595038492837,14659997,ICICIBANK.NS
2010-01-06,134.51568603515625,136.39471857090842,133.8016597270242,134.53822998491918,20410054,ICICIBANK.NS
2010-01-07,133.24546813964844,134.8013034674795,131.7572772775696,134.8013034674795,10852286,ICICIBANK.NS
2010-01-08,131.3739471435547,133.78661644221847,130.9304987131701,133.65132751822074,20580934,ICICIBANK.NS
2010-01-11,130.68997192382812,132.55396650420207,130.17136022326778,131.9827480559384,18184672,ICICIBANK.NS
2010-01-12,126.68387603759766,131.0808031702277,126.27049048075793,130.68996155839753,22781935,ICICIBANK.NS
2010-01-13,126.36827087402344,126.90190788055352,123.51215226013704,123.51215226013704,31684856,ICICIBANK.NS
2010-01-14,125.56401824951172,129.4272970947901,124.94769916885643,127.32278707072176,33858143,ICICIBANK.NS
2010-01-15,126.63877868652344,127.56325698021209,124.83490998579671,126.30806269644349,19521925,ICICIBANK.NS
2010-01-18,129.78054809570312,130.59980052752945,124.8124015191342,125.3685949471348,22909535,ICICIBANK.NS
2010-01-19,130.10369873046875,131.68207757226105,129.1266136746344,129.87822144543787,20804140,ICICIBANK.NS
2010-01-20,131.97525024414062,132.9748921496316,130.62234829451032,130.75011837261343,27480893,ICICIBANK.NS
2010-01-21,128.1796112060547,131.23114356395993,126.61625705974384,130.75763231481625,33727122,ICICIBANK.NS
2010-01-22,126.37576293945312,127.3227982101278,123.39187455148567,124.61699396436929,32621154,ICICIBANK.NS
2010-01-25,124.88754272460938,126.14272452736559,124.05325273033957,125.00779392259794,15865157,ICICIBANK.NS
2010-01-27,118.3485336303711,124.37644710113521,117.25118459226456,123.26407296985771,38013514,ICICIBANK.NS
2010-01-28,118.46126556396484,121.43012776985964,117.13843934963326,120.25761554833502,56519067,ICICIBANK.NS
2010-01-29,124.81990814208984,126.12020330162387,116.49958849284339,116.49958849284339,59256560,ICICIBANK.NS
2010-02-01,125.63915252685547,127.53320984905879,122.51245732832692,123.27909026633003,28587542,ICICIBANK.NS
2010-02-02,123.11375427246094,126.63881040542498,122.63272418052144,126.42083930842705,29159537,ICICIBANK.NS
2010-02-03,126.18785095214844,127.02214111777344,123.75263753744618,124.03073425932118,18166148,ICICIBANK.NS
2010-02-04,124.58688354492188,127.62339015087053,124.09082845363449,125.4888179488409,18276049,ICICIBANK.NS
2010-02-05,119.97953033447266,121.73077998025133,118.75441125250964,121.73077998025133,27352501,ICICIBANK.NS
2010-02-08,121.0618667602539,127.77374426063564,118.15312957382372,127.77374426063564,22972361,ICICIBANK.NS
2010-02-09,122.12163543701172,122.96343181876348,118.96487692826743,121.15957522042189,20874557,ICICIBANK.NS
2010-02-10,120.22756958007812,123.49707284480107,119.78412116204994,122.96342340293567,19253811,ICICIBANK.NS
2010-02-11,124.17353057861328,124.73724288286704,118.76945420594579,118.76945420594579,19596379,ICICIBANK.NS
2010-02-15,122.8656997680664,125.06791647113864,122.13663589758197,125.06791647113864,10649243,ICICIBANK.NS
2010-02-16,125.13557434082031,125.93980160221675,122.81310619364878,122.81310619364878,11282936,ICICIBANK.NS
2010-02-17,126.41328430175781,127.42796356376279,124.85746211048799,126.27047656287733,28238435,ICICIBANK.NS
2010-02-18,126.27801513671875,128.22469181628122,125.42118118514654,126.2704962828614,25365791,ICICIBANK.NS
2010-02-19,125.30091094970703,125.81952255417681,122.82810410870057,125.06790220868787,18276038,ICICIBANK.NS
2010-02-22,125.00782775878906,127.77375744750462,124.57941698058771,127.04469336190037,12621301,ICICIBANK.NS
2010-02-23,127.4355239868164,128.074386978314,124.10588225241246,124.75227671457465,20701076,ICICIBANK.NS
2010-02-24,126.44339752197266,127.15743650113032,125.21827820494158,126.28556463030762,17102217,ICICIBANK.NS
2010-02-25,128.01425170898438,128.94624905622484,125.1731591553799,126.45841651206077,23944123,ICICIBANK.NS
2010-02-26,131.1033935546875,133.33567382923525,126.5711885310763,127.06724380568109,35508192,ICICIBANK.NS
2010-03-02,134.86141967773438,135.74081028674627,133.05004432355543,133.05004432355543,28273393,ICICIBANK.NS
2010-03-03,136.54501342773438,137.16885123371495,134.59083046191418,135.2747938691749,25091231,ICICIBANK.NS
2010-03-04,135.04933166503906,137.47702608970695,133.66636698771717,136.19176867927789,17625426,ICICIBANK.NS
2010-03-05,135.5529327392578,136.64276321769103,134.03467883340883,135.0042580718501,14922803,ICICIBANK.NS
2010-03-08,138.86000061035156,139.31848678884123,136.79307230273398,136.79307230273398,32294977,ICICIBANK.NS
2010-03-09,139.0704345703125,140.49098082030682,136.65024653188186,138.5969233588236,34059690,ICICIBANK.NS
2010-03-10,137.965576171875,139.7243448369635,136.5525486789542,139.04790020251733,22191510,ICICIBANK.NS
2010-03-11,139.92727661132812,140.80666724148082,137.25906714802375,137.5446700928647,21146158,ICICIBANK.NS
2010-03-12,140.79916381835938,141.58835350777136,139.97991132174965,140.5586487452478,20491075,ICICIBANK.NS
2010-03-15,138.86000061035156,140.55112491799588,128.67568571846462,139.79951691804933,16240301,ICICIBANK.NS
2010-03-16,139.87466430664062,140.53607119730748,137.12376016461465,138.4465991770039,14485526,ICICIBANK.NS
2010-03-17,142.5879669189453,143.34709364919283,140.10013450441863,140.55110175316656,23114982,ICICIBANK.NS
2010-03-18,144.85784912109375,145.73722718272674,142.65563192385247,142.81346480666156,25947581,ICICIBANK.NS
2010-03-19,143.79055786132812,145.64703380872243,142.5729448942135,144.76013692201758,17969248,ICICIBANK.NS
2010-03-22,140.58868408203125,142.65561205889148,138.44659279409845,142.65561205889148,20087584,ICICIBANK.NS
2010-03-23,139.12306213378906,142.20467012776024,138.59694409365915,141.15240881644152,20200125,ICICIBANK.NS
2010-03-25,140.37820434570312,141.30268261345003,137.18386517536715,138.29623906844427,26513751,ICICIBANK.NS
2010-03-26,142.4301300048828,143.09154951717315,140.58869185937235,141.15239149254614,21544611,ICICIBANK.NS
2010-03-29,143.19677734375,144.15883751291238,141.2275564926432,142.05432773898764,21909514,ICICIBANK.NS
2010-03-30,144.27911376953125,145.57187750237443,143.53501201441003,143.7229203209141,18572757,ICICIBANK.NS
2010-03-31,143.1817626953125,145.9326544806662,142.61053154349455,145.03071985239606,28237176,ICICIBANK.NS
2010-04-01,143.2042999267578,144.59478346473,141.9491053151258,143.85820060924476,19839534,ICICIBANK.NS
2010-04-05,148.11981201171875,148.9240392488854,143.55754540641166,143.55754540641166,28263136,ICICIBANK.NS
2010-04-06,149.99134826660156,151.78017981945678,148.11983453655225,149.1044513454696,30864163,ICICIBANK.NS
2010-04-07,148.4204559326172,151.6749211010797,147.33061323032547,150.72789877212998,19863459,ICICIBANK.NS
2010-04-08,144.47450256347656,148.51817001269194,143.9634097226279,147.64629833387548,23439388,ICICIBANK.NS
2010-04-09,147.06008911132812,147.60876378186316,144.6098376194522,144.65493814247165,12637042,ICICIBANK.NS
2010-04-12,145.00816345214844,148.05217679179896,144.49705795528945,147.31560658052362,20644701,ICICIBANK.NS
2010-04-13,141.63345336914062,145.28626735189627,141.35534401891027,145.00818323272514,21935727,ICICIBANK.NS
2010-04-15,137.99563598632812,143.99348700023032,137.58976921445387,142.47523341756457,29869411,ICICIBANK.NS
2010-04-16,138.66456604003906,140.8367201632401,137.58976095217014,137.84530107517767,24517465,ICICIBANK.NS
2010-04-19,138.26620483398438,139.2808843131489,135.67315888322665,137.364270322622,23085573,ICICIBANK.NS
2010-04-20,140.25047302246094,142.05432955493595,138.29627724028137,138.59693050863405,24374751,ICICIBANK.NS
2010-04-21,143.091552734375,143.48239441304494,141.1523946661489,141.2952024451923,20722333,ICICIBANK.NS
2010-04-22,141.88143920898438,145.008146978737,140.5736380435059,142.12947307461508,23026162,ICICIBANK.NS
2010-04-23,146.96986389160156,147.28552962712826,142.05432442544813,142.65561832491295,26901132,ICICIBANK.NS
2010-04-26,144.33172607421875,150.04396219411612,144.06866705053005,147.3306519294943,31212868,ICICIBANK.NS
2010-04-27,142.34747314453125,144.30917529245306,140.57366668591385,144.00853462024858,15461006,ICICIBANK.NS
2010-04-28,138.21360778808594,141.44552950108763,137.30415435858436,139.99492037298847,21680010,ICICIBANK.NS
2010-04-29,142.3625030517578,142.95627817646752,138.7472581612148,138.7472581612148,25572305,ICICIBANK.NS
2010-04-30,143.09909057617188,144.97060443059559,142.37754534594762,143.2418983741636,18736987,ICICIBANK.NS
2010-05-03,140.83670043945312,144.0009770407976,140.250444347767,142.21966482143327,16415217,ICICIBANK.NS
2010-05-04,137.57473754882812,142.29485023174624,136.64274013421226,141.58834277731884,19283099,ICICIBANK.NS
2010-05-05,135.83853149414062,136.79307290131788,133.3732426095144,136.79307290131788,29067978,ICICIBANK.NS
2010-05-06,135.71826171875,137.17638975982447,133.93694906280257,135.0568547787641,17990027,ICICIBANK.NS
2010-05-07,131.77232360839844,134.08728592134946,130.62987385554405,133.01999949436558,28132593,ICICIBANK.NS
2010-05-10,138.61195373535156,139.49885058777596,133.576162944625,133.7715900895271,24365786,ICICIBANK.NS
2010-05-11,137.7852020263672,140.40080505728815,136.49243822246527,138.5969482933429,22917191,ICICIBANK.NS
2010-05-12,137.50709533691406,138.8073905180372,136.20681277131985,138.59693826462455,19398219,ICICIBANK.NS
2010-05-13,139.34854125976562,140.4007898736441,138.45412552253396,138.59693330477694,16082291,ICICIBANK.NS
2010-05-14,136.9508819580078,139.0553915701902,136.04144122624095,139.0553915701902,14222945,ICICIBANK.NS
2010-05-17,135.45518493652344,136.02640338668826,132.7418752210681,134.98917998211547,18725272,ICICIBANK.NS
2010-05-18,133.66639709472656,135.62809957590449,132.6592361638856,135.62809957590449,20063351,ICICIBANK.NS
2010-05-19,123.9330062866211,132.88468232763756,122.96342725095985,132.28340102236945,67251569,ICICIBANK.NS
2010-05-20,125.01533508300781,127.32277835751636,122.58762797352543,124.91762781332645,35100450,ICICIBANK.NS
2010-05-21,125.48882293701172,126.12769842165206,121.35496726766728,122.20429496262255,24783665,ICICIBANK.NS
2010-05-24,125.08297729492188,142.74581468968515,124.01569097169026,126.19536413239743,23350662,ICICIBANK.NS
2010-05-25,121.66314697265625,123.42943449313492,120.61089836152694,123.42943449313492,24955590,ICICIBANK.NS
2010-05-26,127.4355239868164,127.88649129309127,123.44447531103616,124.0232126925048,23904468,ICICIBANK.NS
2010-05-27,128.7959442138672,130.02858241260745,125.25586251264409,127.02215024310043,32111810,ICICIBANK.NS
2010-05-28,129.99098205566406,131.83243284865537,127.5708065257275,129.59263413976873,22395593,ICICIBANK.NS
2010-05-31,130.52462768554688,131.4491061745657,128.88612294142814,129.99097824621083,20342899,ICICIBANK.NS
2010-06-01,125.96236419677734,129.99850055919592,125.23330021320406,128.02177346352192,21329060,ICICIBANK.NS
2010-06-02,126.61624908447266,127.75869866379388,123.71504354768355,126.97702794763842,18265478,ICICIBANK.NS
2010-06-03,128.39007568359375,129.1341648602705,127.50317870996234,127.98420885995189,13719871,ICICIBANK.NS
2010-06-04,130.15635681152344,130.56974247001025,128.3900691937536,128.3900691937536,16301560,ICICIBANK.NS
2010-06-07,126.56365966796875,127.77375387292842,107.02930701896453,107.02930701896453,19093156,ICICIBANK.NS
2010-06-08,122.88826751708984,126.97702298518305,122.22684803748707,126.12018898806045,25602786,ICICIBANK.NS
2010-06-09,123.94804382324219,126.25548700620902,122.81311306099268,122.81311306099268,19901849,ICICIBANK.NS
2010-06-10,126.4649658203125,127.25056332682901,124.16921245780551,125.51158744294887,19786860,ICICIBANK.NS
2010-06-11,129.05059814453125,129.66077229830051,126.88450102168822,128.8980642074698,20875123,ICICIBANK.NS
2010-06-14,130.217529296875,131.03363373747763,128.6539766787476,130.42345968059135,15172569,ICICIBANK.NS
2010-06-15,131.20143127441406,131.9260025866342,128.02855937071962,130.2175331000295,14494936,ICICIBANK.NS
2010-06-16,133.74124145507812,134.22174565912061,131.19379082187567,132.55904288241044,20689289,ICICIBANK.NS
2010-06-17,134.82427978515625,136.05224483913616,129.0505614638259,133.93191490100443,64208595,ICICIBANK.NS
2010-06-18,132.60479736328125,134.99970107124233,131.8039528289559,133.64207903021298,17517863,ICICIBANK.NS
2010-06-21,137.25732421875,138.81324664592543,133.56579939809257,134.0691932196757,28587960,ICICIBANK.NS
2010-06-22,136.00645446777344,138.17255059584974,135.5183204896671,136.83018855697492,18128176,ICICIBANK.NS
2010-06-23,137.348876953125,138.00480481339463,134.47345574003367,135.16752028074407,17704599,ICICIBANK.NS
2010-06-24,135.10646057128906,137.59289703618995,133.9547690604543,137.01324273476507,19182339,ICICIBANK.NS
2010-06-25,130.6598663330078,134.53443164377344,129.8971585413995,134.2369809818174,20190291,ICICIBANK.NS
2010-06-28,132.7344970703125,133.00907096448412,129.96585563434627,129.96585563434627,13951817,ICICIBANK.NS
2010-06-29,129.4014434814453,132.7344923829922,128.3870512090625,132.7344923829922,18167385,ICICIBANK.NS
2010-06-30,131.4454345703125,131.84966525732804,127.25815974032167,127.54036335270357,22055880,ICICIBANK.NS
2010-07-01,128.3564910888672,130.72851784388922,127.60904303978296,130.33954683160246,18383568,ICICIBANK.NS
2010-07-02,128.1429443359375,129.3175257967528,127.09803269470564,128.5166812016615,17940307,ICICIBANK.NS
2010-07-05,128.22686767578125,129.00483550782926,127.22009255292865,127.8302538629677,8028047,ICICIBANK.NS
2010-07-06,131.00311279296875,131.44549314021614,127.89888447540925,128.0590610845295,12755105,ICICIBANK.NS
2010-07-07,129.08103942871094,130.89630117422257,128.783588801004,130.728494725848,11463655,ICICIBANK.NS
2010-07-08,131.53701782226562,132.07091853386487,130.4310925213752,130.88108997763763,9200433,ICICIBANK.NS
2010-07-09,133.61158752441406,134.0844618436785,132.10141861781307,132.17769197300765,17697773,ICICIBANK.NS
2010-07-12,136.28871154785156,136.52514873577638,133.63448040123683,134.98448566494483,22222106,ICICIBANK.NS
2010-07-13,137.2039337158203,137.44037084756673,131.22428515992564,131.22428515992564,13894930,ICICIBANK.NS
2010-07-14,135.95309448242188,139.49207284070002,135.17512681880746,137.74546694605513,14287663,ICICIBANK.NS
2010-07-15,134.51922607421875,137.4175242557917,133.9776954383061,135.61752153570237,15469250,ICICIBANK.NS
2010-07-16,137.65391540527344,138.05052907919543,135.15223186687442,135.15223186687442,16519811,ICICIBANK.NS
2010-07-19,137.2954559326172,137.9513964774504,135.3047830183539,136.54037795893842,17190327,ICICIBANK.NS
2010-07-20,135.2819061279297,138.21834038383147,134.6946218371168,137.2954559255274,8007180,ICICIBANK.NS
2010-07-21,137.68441772460938,138.0352648243085,135.86153878494792,136.3725624485906,16133474,ICICIBANK.NS
2010-07-22,138.61497497558594,138.81327546679393,135.1827762477717,137.13531278224823,15511622,ICICIBANK.NS
2010-07-23,139.2480010986328,140.46070632018154,138.11155642036826,139.57595856008214,26262956,ICICIBANK.NS
2010-07-26,139.8352813720703,141.31493045736957,138.99630020341655,140.15562173131138,11298100,ICICIBANK.NS
2010-07-27,140.97935485839844,141.482748722273,137.02088580691287,139.62173276720185,22837809,ICICIBANK.NS
2010-07-28,138.63783264160156,141.17765320317835,137.66919440489627,141.10139265686766,11353760,ICICIBANK.NS
2010-07-29,141.66580200195312,142.16919591061313,137.33360851570686,137.59293536601268,27850388,ICICIBANK.NS
2010-07-30,138.0352783203125,142.09289724335156,137.28783028828104,141.4064627645805,13123495,ICICIBANK.NS
2010-08-02,143.32090759277344,143.67938473489878,138.9658366172446,139.11837054869318,35178759,ICICIBANK.NS
2010-08-03,146.74546813964844,147.35564223503772,143.84716999068922,144.06073028398347,36030291,ICICIBANK.NS
2010-08-04,147.8513946533203,148.42343207215163,145.99039117163773,146.90564592103178,24579956,ICICIBANK.NS
2010-08-05,145.73866271972656,148.42340001677024,145.31917211700608,148.42340001677024,16833531,ICICIBANK.NS
2010-08-06,144.88441467285156,146.89797714901331,143.77848961108128,145.67764207338647,19349913,ICICIBANK.NS
2010-08-09,149.50645446777344,149.7962880749701,144.76240063294514,144.76240063294514,26036059,ICICIBANK.NS
2010-08-10,150.84886169433594,151.7793634710558,147.45479933553702,149.05648880781504,32136478,ICICIBANK.NS
2010-08-11,148.24798583984375,152.38950846832157,146.8522270406175,149.5064577277912,24126129,ICICIBANK.NS
2010-08-12,146.9437713623047,150.7115705474162,145.9827628265152,147.0505515109302,27957517,ICICIBANK.NS
2010-08-13,148.9420928955078,150.22345483641794,146.943789413048,147.95057745286073,18807717,ICICIBANK.NS
2010-08-16,145.99798583984375,149.64373136259627,145.38781188686568,149.03357021145513,17307295,ICICIBANK.NS
2010-08-17,146.2725830078125,147.93528585224868,145.29631476854007,146.0590227302418,17407340,ICICIBANK.NS
2010-08-18,147.6454315185547,149.03357312814975,145.08273415066895,146.74543676199764,18024050,ICICIBANK.NS
2010-08-19,154.5250701904297,154.96743762390244,148.278465655824,148.278465655824,31322681,ICICIBANK.NS
2010-08-20,151.62677001953125,154.05982306601297,151.26067589956475,153.38863557726503,13829926,ICICIBANK.NS
2010-08-23,154.29629516601562,155.08950994063738,150.25393513157994,151.55054383734674,21478556,ICICIBANK.NS
2010-08-24,152.80136108398438,156.20305250882166,152.23695367789665,153.45728882544955,20445177,ICICIBANK.NS
2010-08-25,150.14712524414062,153.12932595680672,149.74288163967506,151.5123771426183,21110166,ICICIBANK.NS
2010-08-26,150.03273010253906,151.77933609423383,148.8962981245223,150.25392026279604,23825681,ICICIBANK.NS
2010-08-27,146.05137634277344,151.0166202310427,145.410695582404,151.0166202310427,15228587,ICICIBANK.NS
2010-08-30,147.6454315185547,149.6361043962803,146.1581524819337,147.49289762870268,9860900,ICICIBANK.NS
2010-08-31,149.140380859375,149.72003535178703,146.4403832880695,146.74546392608428,16651382,ICICIBANK.NS
2010-09-01,151.7793426513672,152.95392415793586,149.5446024729206,149.5446024729206,23069332,ICICIBANK.NS
2010-09-02,153.13693237304688,153.80811983420122,151.85558380308754,153.0301522587306,13626541,ICICIBANK.NS
2010-09-03,152.69461059570312,154.05986280730352,151.65732871941137,153.1522379650883,10505940,ICICIBANK.NS
2010-09-06,158.55982971191406,159.86406818509784,152.69459073312564,152.69459073312564,26211993,ICICIBANK.NS
2010-09-07,158.43016052246094,160.03947947795868,157.59880921413207,158.64372077077542,20394539,ICICIBANK.NS
2010-09-08,156.75218200683594,158.83437501116472,156.17251487759975,157.12590600206101,14453131,ICICIBANK.NS
2010-09-09,160.1996612548828,160.7793285087908,157.43865030850256,157.8886477387614,19452207,ICICIBANK.NS
2010-09-13,167.4911651611328,168.3530232736834,160.9471090164018,161.54202321137734,27495979,ICICIBANK.NS
2010-09-14,167.81912231445312,170.35132578630027,166.57591026410927,168.10132602190205,21616595,ICICIBANK.NS
2010-09-15,168.3911590576172,169.3064136299465,167.05641387312343,167.87251821378726,18293869,ICICIBANK.NS
2010-09-16,168.33775329589844,171.4572408835921,167.33860833742207,167.7962355983117,24753080,ICICIBANK.NS
2010-09-17,169.96234130859375,171.15216969175836,168.55895267185215,168.55895267185215,17280802,ICICIBANK.NS
2010-09-20,172.029296875,172.94455149634862,168.55896176981904,170.08437760417462,17251201,ICICIBANK.NS
2010-09-21,171.9377899169922,172.7996610042424,168.56661733721316,172.06745975602072,26808430,ICICIBANK.NS
2010-09-22,171.77760314941406,173.4250589383132,169.93184688285135,171.52590620355588,24402427,ICICIBANK.NS
2010-09-23,167.8343963623047,175.1182713065489,164.79881157739626,171.45726549574266,11279944,ICICIBANK.NS
2010-09-24,169.94711303710938,170.6183007011405,166.03440989793418,167.79627591578588,16652922,ICICIBANK.NS
2010-09-27,170.0996551513672,172.50218918181983,169.321687361828,170.4733792533915,16681098,ICICIBANK.NS
2010-09-28,169.42845153808594,170.0996391206721,167.49117494502488,169.6267648158872,19714788,ICICIBANK.NS
2010-09-29,168.0937042236328,170.38947066793784,167.13269583444696,170.09963705133467,13729534,ICICIBANK.NS
2010-09-30,169.7716827392578,170.9996479757903,167.384408530864,167.7962693078547,21504956,ICICIBANK.NS
2010-10-01,173.1657257080078,173.56996934597836,170.23692121439203,170.39709781122795,17485077,ICICIBANK.NS
2010-10-04,176.36148071289062,178.4741807624998,174.05046739808586,174.05046739808586,17268410,ICICIBANK.NS
2010-10-05,175.07249450683594,176.76570387081136,174.16486986890143,175.12587816702646,13780156,ICICIBANK.NS
2010-10-06,175.29368591308594,177.43690562245837,173.6691198685913,177.10131824103203,13735144,ICICIBANK.NS
2010-10-07,173.53184509277344,175.57590190790913,172.66235699660447,175.27082128511134,12894359,ICICIBANK.NS
2010-10-08,171.79287719726562,174.18778132492557,170.58015893981153,174.05049439794425,15274957,ICICIBANK.NS
2010-10-11,172.76913452148438,174.80556140983253,171.40388243277107,172.37252075655937,12662463,ICICIBANK.NS
2010-10-12,173.6996612548828,174.61491604345903,172.28102529387803,173.28780044057567,13894050,ICICIBANK.NS
2010-10-13,176.7504425048828,177.6809439498003,173.31824468710371,173.69959857776405,23386759,ICICIBANK.NS
2010-10-14,173.85215759277344,178.3521440633912,171.49537783543633,177.70384624381072,15209738,ICICIBANK.NS
2010-10-15,171.55641174316406,174.35555930470954,170.5572666645188,174.05047869470283,12092877,ICICIBANK.NS
2010-10-18,170.25979614257812,171.45725445001798,166.888624176215,170.8470932551111,31960313,ICICIBANK.NS
2010-10-19,170.77842712402344,176.09451759762618,169.85554275701958,171.60977836265891,21956495,ICICIBANK.NS
2010-10-20,169.9165802001953,172.07505968898954,168.97844871444246,169.93183999101444,12450344,ICICIBANK.NS
2010-10-21,172.31150817871094,172.65472547635946,168.26913555685394,170.99963974989583,20931966,ICICIBANK.NS
2010-10-22,172.6547393798828,173.745417726115,170.40473922236106,173.13524363528475,11809754,ICICIBANK.NS
2010-10-25,174.21826171875,176.62842527403433,173.13521345781948,173.59284074571775,13466711,ICICIBANK.NS
2010-10-26,172.54795837402344,174.35557814608583,171.91490739860924,174.2030442255184,12090254,ICICIBANK.NS
2010-10-27,168.82591247558594,172.26574093834725,166.0572844173776,171.96829021548268,19789264,ICICIBANK.NS
2010-10-28,166.12594604492188,170.55729020370214,164.44798325554606,170.00814246953266,50115582,ICICIBANK.NS
2010-10-29,177.40640258789062,179.54199244689937,163.83015551315756,167.53692778535665,53175655,ICICIBANK.NS
2010-11-01,187.93179321289062,189.7623023474506,180.91486286680657,180.95299954059635,52388754,ICICIBANK.NS
2010-11-02,187.8326416015625,190.17416166476,184.46145695728174,187.32161785763688,25181574,ICICIBANK.NS
2010-11-03,188.9462127685547,191.40976015602564,188.08435459800168,189.91485107369144,17747581,ICICIBANK.NS
2010-11-04,193.12583923339844,193.81228654169894,189.30467007830276,190.50974541207594,16242809,ICICIBANK.NS
2010-11-08,191.48602294921875,194.94872803374574,189.75467680787412,194.18602014411803,29505399,ICICIBANK.NS
2010-11-09,193.59872436523438,194.9182097042125,190.39533349604685,190.83008388036524,19700472,ICICIBANK.NS
2010-11-10,191.47076416015625,192.95041327825547,190.47160638881485,192.20296522529398,12210517,ICICIBANK.NS
2010-11-11,188.70973205566406,192.9503912736138,187.94702430002337,191.89784996216883,12496528,ICICIBANK.NS
2010-11-12,183.11912536621094,188.37419087171278,182.1123374998778,188.08437002707217,15188365,ICICIBANK.NS
2010-11-15,186.5894317626953,188.67926787122792,182.64622230259482,183.11910941100908,23387001,ICICIBANK.NS
2010-11-16,183.4012908935547,189.2283925812392,182.07417567561637,187.93178414049254,21744272,ICICIBANK.NS
2010-11-18,177.6199493408203,184.18688221688498,173.71487689085313,184.11823876528283,39112364,ICICIBANK.NS
2010-11-19,175.22503662109375,178.47418140369442,173.98182457029878,178.0013071272686,17577142,ICICIBANK.NS
2010-11-22,180.0072784423828,182.0055689054746,174.68355633378482,175.86575508008303,17846708,ICICIBANK.NS
2010-11-23,176.4835205078125,179.29792788022152,172.06743672129068,178.77928699905848,20635851,ICICIBANK.NS
2010-11-24,171.62506103515625,179.2216593756358,169.96998810808603,176.9487825100466,27031867,ICICIBANK.NS
2010-11-25,170.2751007080078,176.5445848052047,168.19290684024543,173.28780920535172,41819998,ICICIBANK.NS
2010-11-26,171.4801788330078,175.81998993545062,166.46153734015635,172.21999719120407,30729622,ICICIBANK.NS
2010-11-29,176.07928466796875,177.44453669088736,172.88352342049123,173.28776706180307,20550194,ICICIBANK.NS
2010-11-30,174.21826171875,176.44538460034505,172.01402852274427,175.43859688586627,32235126,ICICIBANK.NS
2010-12-01,178.085205078125,179.69452403212378,174.63011723710417,175.4233446734869,23061665,ICICIBANK.NS
2010-12-02,181.70046997070312,183.3555557301322,179.99963043856877,180.30471106457298,21933323,ICICIBANK.NS
2010-12-03,180.22080993652344,181.63181574934976,178.01657662050488,180.91487440043795,14783175,ICICIBANK.NS
2010-12-06,175.60641479492188,182.31826505154342,174.38606674659212,181.44876418669483,21383741,ICICIBANK.NS
2010-12-07,169.39794921875,175.2250517445473,167.7962599738791,175.2250517445473,34666654,ICICIBANK.NS
2010-12-08,168.4674530029297,169.8555820196378,165.54626534912322,168.55897335061715,23239832,ICICIBANK.NS
2010-12-09,161.4352569580078,170.95388489566403,159.42170695665993,168.414051305469,46268178,ICICIBANK.NS
2010-12-10,170.40475463867188,171.60984313630257,158.8115610806335,161.23698506848714,37551387,ICICIBANK.NS
2010-12-13,170.90811157226562,171.84624307679277,165.68354058600616,171.76233982928426,20001096,ICICIBANK.NS
2010-12-14,170.7707977294922,172.8301138981023,168.30723798005016,171.59451907620175,15565874,ICICIBANK.NS
2010-12-15,164.54713439941406,169.1233954132631,163.38781255289547,168.10136050103117,26295830,ICICIBANK.NS
2010-12-16,168.6733856201172,169.64965388240051,162.93017328208168,165.35559694722636,22559251,ICICIBANK.NS
2010-12-20,167.8038787841797,170.67928677876822,165.97336959563324,167.7504823185642,17667639,ICICIBANK.NS
2010-12-21,173.64625549316406,174.35556698252662,168.10134379187053,168.20812393035075,22757977,ICICIBANK.NS
2010-12-22,172.63943481445312,174.66062716488662,170.8623222785238,174.66062716488662,14806913,ICICIBANK.NS
2010-12-23,172.3191375732422,173.89793713783172,171.27421308967433,173.74540322923107,10596553,ICICIBANK.NS
2010-12-24,170.56491088867188,172.05219018900374,169.62677929285155,170.38948728285965,11189920,ICICIBANK.NS
2010-12-27,171.69369506835938,173.2877671460418,170.58013998355202,170.58013998355202,8825591,ICICIBANK.NS
2010-12-28,169.60385131835938,171.7623177713185,169.12334718537855,171.7623177713185,8497280,ICICIBANK.NS
2010-12-29,172.2886199951172,172.6776038697944,169.18439169551684,170.0843865731722,12598855,ICICIBANK.NS
2010-12-30,173.41741943359375,174.44708404529177,171.319966337392,171.319966337392,20579317,ICICIBANK.NS
2010-12-31,174.6759033203125,175.148790437354,173.13522764523435,173.38692459447913,10779400,ICICIBANK.NS
2011-01-03,174.63775634765625,176.70470268499807,173.73776154156047,176.03351512719323,7588053,ICICIBANK.NS
2011-01-04,168.41404724121094,175.30132107761756,167.5064225031511,174.7674332094683,22965195,ICICIBANK.NS
2011-01-05,163.12086486816406,167.64372930359764,162.4573071002689,167.3691554412741,29191800,ICICIBANK.NS
2011-01-06,160.69541931152344,164.5089716866053,159.74965791284433,163.86829089341802,26233795,ICICIBANK.NS
2011-01-07,160.04713439941406,164.4250817689264,158.7962794919999,159.40645355428774,33983851,ICICIBANK.NS
2011-01-10,154.67762756347656,161.51914724549405,153.3200054804248,159.2920243479049,35807255,ICICIBANK.NS
2011-01-11,156.0428466796875,159.04792381777781,152.96149620882304,154.98267551816355,34005752,ICICIBANK.NS
2011-01-12,163.13609313964844,163.8682942891045,156.25644917230957,157.24034726729332,37752814,ICICIBANK.NS
2011-01-13,156.50814819335938,162.91491793744177,154.98271951038436,162.91491793744177,28324004,ICICIBANK.NS
2011-01-14,153.94541931152344,160.74880200329704,153.30473857323884,157.11829062152128,24588250,ICICIBANK.NS
2011-01-17,152.7174530029297,155.5776138144389,151.4742410113834,154.08270490628306,18208866,ICICIBANK.NS
2011-01-18,154.2886505126953,156.2030630057334,152.55730430638903,154.06747315354392,19144675,ICICIBANK.NS
2011-01-19,156.08863830566406,157.88101070635037,154.96745341860606,154.96745341860606,18071174,ICICIBANK.NS
2011-01-20,160.2530517578125,162.6860923093315,153.52594183635756,155.39458774848555,19835882,ICICIBANK.NS
2011-01-21,162.54119873046875,163.0827293642802,157.79714407087891,159.12425961624893,23706760,ICICIBANK.NS
2011-01-24,165.34034729003906,166.56068269269866,161.69458807355846,162.45730890183074,47351716,ICICIBANK.NS
2011-01-25,158.3234100341797,166.42338998902864,157.57594902516502,165.9657626286702,38448415,ICICIBANK.NS
2011-01-27,154.73106384277344,160.16918346953275,153.53360524268726,159.71155606059435,33297764,ICICIBANK.NS
2011-01-28,155.3564453125,157.1488178063575,151.51238630043244,155.28780185877872,26788206,ICICIBANK.NS
2011-01-31,155.8369903564453,157.1183394292195,151.25309914002344,152.37428437939124,21694667,ICICIBANK.NS
2011-02-01,151.7488555908203,155.59291541730263,151.01665432872085,155.455628480774,25132965,ICICIBANK.NS
2011-02-02,154.28102111816406,156.1801608667723,152.8700026206238,154.8301687272231,17083781,ICICIBANK.NS
2011-02-03,156.66067504882812,158.29288379416153,153.03780609328086,154.06747072798814,16068459,ICICIBANK.NS
2011-02-04,151.93186950683594,157.84287453930912,151.0471217450455,155.59287486311808,19283671,ICICIBANK.NS
2011-02-07,149.30055236816406,151.77935988369066,148.62936468846968,150.2539438131636,18498540,ICICIBANK.NS
2011-02-08,145.15138244628906,150.4064471661299,144.42679843841807,150.39120017755437,38561842,ICICIBANK.NS
2011-02-09,145.99037170410156,150.39120844878556,143.3590178509396,145.06748718112877,36993066,ICICIBANK.NS
2011-02-10,146.41748046875,148.69034426134363,145.67764949107837,146.02849664330049,18715125,ICICIBANK.NS
2011-02-11,152.62596130371094,153.7623933863142,146.61580496422792,146.61580496422792,22211942,ICICIBANK.NS
2011-02-14,157.76663208007812,158.3920531507671,154.0827363179159,154.0827363179159,19183411,ICICIBANK.NS
2011-02-15,160.80984497070312,162.63272448897172,157.7284934303836,157.7284934303836,26982532,ICICIBANK.NS
2011-02-16,160.26068115234375,161.6335502733788,159.29203007025578,159.63524735051453,9236227,ICICIBANK.NS
2011-02-17,161.23695373535156,163.21999692136944,158.05645218162138,159.84119488958902,21857841,ICICIBANK.NS
2011-02-18,156.53863525390625,163.67760525778195,155.98948765417336,161.99964287918743,35232444,ICICIBANK.NS
2011-02-21,158.28524780273438,158.91829866900903,153.47255060221738,156.53864190001815,15063350,ICICIBANK.NS
2011-02-22,156.67593383789062,157.57592864942234,154.85305452857335,156.6149202782229,14653699,ICICIBANK.NS
2011-02-23,153.47256469726562,157.08780395014085,153.014937368751,155.44034812785594,14496949,ICICIBANK.NS
2011-02-24,145.12091064453125,153.1522478101121,143.95395885730844,153.03020786290577,43431096,ICICIBANK.NS
2011-02-25,150.4446258544922,152.01580862313008,147.38616358424474,147.87429778805765,26761487,ICICIBANK.NS
2011-02-28,148.09547424316406,153.5259635556828,146.76072880308018,152.2064779088561,36869228,ICICIBANK.NS
2011-03-01,156.53863525390625,157.118289631198,149.2318715725385,150.0861125515337,26361698,ICICIBANK.NS
2011-03-03,155.52426147460938,157.98782187300392,151.93952877068787,153.91494222538532,34432750,ICICIBANK.NS
2011-03-04,155.0360870361328,159.6276064158281,154.28100913233735,157.1182800932778,18568319,ICICIBANK.NS
2011-03-07,154.09034729003906,154.6776316085025,151.3217065866109,153.72424032678202,17101144,ICICIBANK.NS
2011-03-08,155.6844024658203,156.2869465593601,153.32000546316337,154.83017424371926,15472270,ICICIBANK.NS
2011-03-09,157.91915893554688,158.64374302319067,155.79119885073396,157.07256052035305,17054807,ICICIBANK.NS
2011-03-10,154.76150512695312,156.81319130066439,153.77760725426256,156.81319130066439,10533066,ICICIBANK.NS
2011-03-11,153.59458923339844,156.3556001478282,152.56493736298543,153.60984902488835,14535279,ICICIBANK.NS
2011-03-14,155.45559692382812,155.83695087030972,153.44966415575445,153.59458095974827,10378098,ICICIBANK.NS
2011-03-15,152.0233917236328,153.0683032819608,150.36830619744586,151.01661683841087,21340874,ICICIBANK.NS
2011-03-16,156.72930908203125,157.71319420442353,152.84711384397485,152.84711384397485,22552920,ICICIBANK.NS
2011-03-17,154.3496551513672,156.7216818200272,153.18270375148322,155.5928670908717,31400270,ICICIBANK.NS
2011-03-18,152.93104553222656,155.8979870922241,152.54969153030748,154.60900826140642,11674993,ICICIBANK.NS
2011-03-21,153.09121704101562,154.50222296047446,152.0844291956358,154.05222550926462,10459223,ICICIBANK.NS
2011-03-22,153.17507934570312,154.58609780770863,152.13016781507517,153.7547465200781,18005289,ICICIBANK.NS
2011-03-23,158.781005859375,159.2004964562361,152.42763335101887,152.80135738038186,28313109,ICICIBANK.NS
2011-03-24,160.64202880859375,162.44964828162702,159.62762399681128,159.62762399681128,16644864,ICICIBANK.NS
2011-03-25,166.43862915039062,167.33862396673658,161.5649054077236,163.34201815587718,21900758,ICICIBANK.NS
2011-03-28,167.91827392578125,170.16064381340567,164.44795176811263,164.59286857062412,31802133,ICICIBANK.NS
2011-03-29,167.71998596191406,169.32167520050982,166.72845795619352,167.79625931648312,19421473,ICICIBANK.NS
2011-03-30,169.18438720703125,170.15303832095603,167.8801614991818,168.55896618648435,14285155,ICICIBANK.NS
2011-03-31,170.26742553710938,172.06742794064962,167.4301414241758,169.6572643439972,39723216,ICICIBANK.NS
2011-04-01,168.2386016845703,170.6945316440294,167.03352638889072,170.05385092369136,17402236,ICICIBANK.NS
2011-04-04,170.72506713867188,171.90726575099643,168.59710707611993,168.59710707611993,16912005,ICICIBANK.NS
2011-04-05,169.51235961914062,172.05218040998884,168.42168136657432,171.5716761958519,14686804,ICICIBANK.NS
2011-04-06,167.87252807617188,170.77082585759578,167.18608070567788,169.13862988221535,17832133,ICICIBANK.NS
2011-04-07,168.4064178466797,169.99286007000472,166.835235414759,167.79625662359666,15195235,ICICIBANK.NS
2011-04-08,167.53692626953125,170.67929106748073,166.47676764614926,168.48268766713298,18281763,ICICIBANK.NS
2011-04-11,167.8877716064453,169.07760003549248,165.50811474835098,165.50811474835098,17869494,ICICIBANK.NS
2011-04-13,171.89202880859375,172.37253305684195,165.69118895064585,166.85051074467543,27268070,ICICIBANK.NS
2011-04-15,168.05560302734375,173.74541918384017,167.52933219020818,170.839491135629,32808215,ICICIBANK.NS
2011-04-18,165.37081909179688,170.44284303701102,164.9818352641985,168.1165827683133,32784537,ICICIBANK.NS
2011-04-19,166.2784423828125,166.80471310970816,163.52506163580983,165.35557073837504,19193520,ICICIBANK.NS
2011-04-20,169.68014526367188,169.91658241158012,167.03354446178992,168.36065981048534,13743636,ICICIBANK.NS
2011-04-21,170.61827087402344,171.44962221168788,169.55048239660957,171.10640494401335,13116108,ICICIBANK.NS
2011-04-25,169.7259063720703,171.81572956395115,169.18437583594186,170.00811008211062,15140691,ICICIBANK.NS
2011-04-26,171.0682830810547,171.6708272263848,167.51405737632345,170.61828564649332,22127270,ICICIBANK.NS
2011-04-27,168.84117126464844,172.1437127892688,168.10134020706383,172.05980953873825,24888902,ICICIBANK.NS
2011-04-28,170.4657440185547,172.05980330618354,165.50811696328668,170.5420045686471,63212490,ICICIBANK.NS
2011-04-29,170.00045776367188,172.06740379896894,168.26909905731858,170.2368948727839,26534112,ICICIBANK.NS
2011-05-02,167.53692626953125,170.58777072648888,166.94201204848883,169.90133616445465,12139336,ICICIBANK.NS
2011-05-03,162.88438415527344,169.00894963519872,161.14540815407346,167.186070391078,34744754,ICICIBANK.NS
2011-05-04,161.3361053466797,163.52507892510081,159.07085841394786,161.65644575368148,23253048,ICICIBANK.NS
2011-05-05,157.11830139160156,162.80812947721662,155.74543228950918,161.2369471033925,26183866,ICICIBANK.NS
2011-05-06,165.3250732421875,166.0725213529575,157.50728524608064,157.57592870118887,31367308,ICICIBANK.NS
2011-05-09,165.2030487060547,166.78949101854496,162.6479680364212,166.78949101854496,11077110,ICICIBANK.NS
2011-05-10,164.16578674316406,165.50814935285456,162.64798770859778,164.89798802167905,11888525,ICICIBANK.NS
2011-05-11,164.2419891357422,165.0046968710412,161.8470730209213,164.4402895624061,11803324,ICICIBANK.NS
2011-05-12,160.49710083007812,164.58522657158915,160.16913057473263,163.21997469285387,12828887,ICICIBANK.NS
2011-05-13,163.68524169921875,167.24709694876395,159.45219891102417,160.93184809190936,23128644,ICICIBANK.NS
2011-05-16,161.35133361816406,162.7318453258874,160.93184301995865,162.22845148730605,10263132,ICICIBANK.NS
2011-05-17,158.60560607910156,162.11406526890556,156.05052544202923,161.3894939843146,19981456,ICICIBANK.NS
2011-05-18,157.4615478515625,160.43610641680002,156.36323965378057,159.40645448310377,17008519,ICICIBANK.NS
2011-05-19,157.133544921875,159.25387471711912,156.16490675522735,159.25387471711912,9594981,ICICIBANK.NS
2011-05-20,159.1319122314453,160.79461544793438,156.35564080363577,158.33868450816152,14523778,ICICIBANK.NS
2011-05-23,153.59458923339844,158.17084963952388,152.999674996547,158.17084963952388,20182530,ICICIBANK.NS
2011-05-24,155.40982055664062,157.26320650854925,153.7776247444459,153.7776247444459,14121596,ICICIBANK.NS
2011-05-25,153.8767852783203,155.74543114509228,153.06068091664372,155.74543114509228,22213400,ICICIBANK.NS
2011-05-26,156.5462646484375,157.42338250733928,154.662371925964,155.37931320089763,24824552,ICICIBANK.NS
2011-05-27,162.937744140625,163.78435506808634,157.14878012658988,157.15639721819213,21147302,ICICIBANK.NS
2011-05-30,164.39456176757812,165.256432721282,163.23524010373654,163.52507372015648,12552633,ICICIBANK.NS
2011-05-31,165.67588806152344,167.00300313569454,163.69283254236188,164.86741374709894,12853775,ICICIBANK.NS
2011-06-01,165.46237182617188,166.04202628777756,163.0750849161202,165.3250849062695,14988578,ICICIBANK.NS
2011-06-02,162.0934600830078,164.1178919163697,161.08896734232076,164.0715269219479,16240906,ICICIBANK.NS
2011-06-03,161.86163330078125,165.0450989194058,160.8880592914238,163.03611362146918,12010872,ICICIBANK.NS
2011-06-06,163.50747680664062,164.4269692618397,160.02267069466166,160.71809376640178,8044250,ICICIBANK.NS
2011-06-07,163.2138214111328,164.38830166315716,162.27115312726934,162.30978845529617,7526590,ICICIBANK.NS
2011-06-08,162.1166229248047,164.17968992437065,160.7180732374567,162.28661059823537,7484163,ICICIBANK.NS
2011-06-09,161.95436096191406,163.3297346050086,161.10440964625957,161.49074997435454,11750871,ICICIBANK.NS
2011-06-10,160.08447265625,162.26343265262835,158.64727468613714,162.26343265262835,11831715,ICICIBANK.NS
2011-06-13,160.65626525878906,161.64529861860893,158.85590290705193,159.2036208904001,10309585,ICICIBANK.NS
2011-06-14,163.1211395263672,163.41476289489898,160.87262520337862,160.87262520337862,13611840,ICICIBANK.NS
2011-06-15,159.3504638671875,162.85072989992074,158.7400539924362,162.41802444245246,10068916,ICICIBANK.NS
2011-06-16,158.94090270996094,161.32076908769906,157.3337170208996,157.627340351519,17063546,ICICIBANK.NS
2011-06-17,159.5126953125,160.70262205600466,158.25321459487634,160.70262205600466,8868018,ICICIBANK.NS
2011-06-20,158.37684631347656,160.99624139148614,156.0819802399579,159.31178502605087,17278728,ICICIBANK.NS
2011-06-21,156.7001495361328,160.409025361749,155.06205784969072,158.66277028904713,25492472,ICICIBANK.NS
2011-06-22,157.4573974609375,158.7709601929981,156.08202336881646,158.29961939176513,15268286,ICICIBANK.NS
2011-06-23,159.2036590576172,160.09223298706908,156.75425108204905,157.0092261740452,16378895,ICICIBANK.NS
2011-06-24,164.4424285888672,165.18420368797774,159.94541299762514,159.9608593503315,30416006,ICICIBANK.NS
2011-06-27,166.8068084716797,167.63357079777066,161.8307233188296,162.94339226910762,31891365,ICICIBANK.NS
2011-06-28,167.40953063964844,168.7539988306492,165.87188576868553,166.89955457993233,18590737,ICICIBANK.NS
2011-06-29,168.0199432373047,169.17123467880842,167.44042620164942,168.42945961716885,23534104,ICICIBANK.NS
2011-06-30,169.1634979248047,169.91300261559337,166.43592648592218,168.59944023395695,30256534,ICICIBANK.NS
2011-07-01,169.1944122314453,171.74426646077248,168.15129712084564,171.74426646077248,15351198,ICICIBANK.NS
2011-07-04,169.95167541503906,171.81383657754674,169.2562652234867,171.5356725009258,9907144,ICICIBANK.NS
2011-07-05,169.5730438232422,170.27618359043205,168.1435753058365,170.27618359043205,11382959,ICICIBANK.NS
2011-07-06,166.19639587402344,169.9902713070043,165.60143251829462,168.80034459554665,13279783,ICICIBANK.NS
2011-07-07,168.42172241210938,169.0939564368958,164.2956012483001,166.80682000826712,21552668,ICICIBANK.NS
2011-07-08,163.8397216796875,169.19440495562515,163.30656965634267,168.6226305691598,22574838,ICICIBANK.NS
2011-07-11,162.88162231445312,163.80883154450166,161.71487138830852,163.80883154450166,11887007,ICICIBANK.NS
2011-07-12,161.74575805664062,164.6510470226841,160.269924591362,161.0271589912673,14191237,ICICIBANK.NS
2011-07-13,162.88162231445312,163.85519654523495,161.69941206498711,162.26346985852314,7449898,ICICIBANK.NS
2011-07-14,165.2073516845703,167.51767692228933,161.67619414397427,162.247981450968,13062016,ICICIBANK.NS
2011-07-15,163.90924072265625,165.9722945660053,163.4224407879715,164.5814746646974,8569632,ICICIBANK.NS
2011-07-18,161.89256286621094,163.7315476473095,161.01169283932575,163.34520728760862,8912761,ICICIBANK.NS
2011-07-19,164.0869903564453,165.33872851414884,160.8880780149661,161.63758275896552,9965032,ICICIBANK.NS
2011-07-20,161.54486083984375,165.1996547512947,161.0735330765679,164.73604367997717,9530686,ICICIBANK.NS
2011-07-21,160.87261962890625,162.90478118563612,160.29311554226845,161.02716096893212,7679364,ICICIBANK.NS
2011-07-22,165.05284118652344,165.35419421560255,161.71485966796206,161.9543883774672,14966286,ICICIBANK.NS
2011-07-25,166.10369873046875,167.51770794046155,163.26795064939463,165.02966491606927,11831814,ICICIBANK.NS
2011-07-26,160.6485595703125,166.8532079754592,159.5977017417756,166.2736908859663,23305628,ICICIBANK.NS
2011-07-27,158.3845977783203,161.67622732977802,157.4187402920585,160.9421688962193,14696011,ICICIBANK.NS
2011-07-28,157.23330688476562,160.02269026615863,156.08201524433153,156.40654432160431,21029090,ICICIBANK.NS
2011-07-29,160.21585083007812,162.4180001611883,155.092966036167,156.2365278995025,35954077,ICICIBANK.NS
2011-08-01,161.54486083984375,163.76246950867147,160.51719200944876,162.69616534156418,11485974,ICICIBANK.NS
2011-08-02,157.89007568359375,160.92671709583107,157.33373463132315,160.7026347427264,16090563,ICICIBANK.NS
2011-08-03,154.83798217773438,156.46061447517295,153.04534920767063,156.46061447517295,21226898,ICICIBANK.NS
2011-08-04,153.47802734375,156.85465667384346,152.9912403348517,155.85016401616804,14940392,ICICIBANK.NS
2011-08-05,149.35963439941406,151.39952554096263,146.8097801994002,149.90051610011585,25544739,ICICIBANK.NS
2011-08-08,146.94888305664062,150.67320490743424,144.24448737743458,145.2721561792253,18978404,ICICIBANK.NS
2011-08-09,145.28758239746094,149.529622345604,140.69785041522957,141.40099008176435,29403467,ICICIBANK.NS
2011-08-10,148.92694091796875,150.08596200879242,147.9997188576182,148.96557625125246,18588124,ICICIBANK.NS
2011-08-11,145.65846252441406,149.8773130915236,145.26439256839964,148.12331595276243,21163912,ICICIBANK.NS
2011-08-12,145.25668334960938,149.12782949122263,144.03585095239114,148.24697245291867,26148012,ICICIBANK.NS
2011-08-16,144.58447265625,149.23602991122502,144.1285912276318,148.6797017907731,16205882,ICICIBANK.NS
2011-08-17,140.59739685058594,145.57346892243564,140.11060986981065,144.18264897736336,32595326,ICICIBANK.NS
2011-08-18,133.48873901367188,141.4010065689525,133.10239863502605,141.4010065689525,43620357,ICICIBANK.NS
2011-08-19,128.59765625,131.88928568484076,127.23772875001563,130.58345284241648,47374162,ICICIBANK.NS
2011-08-22,131.51065063476562,132.5228729960019,127.56224677375427,129.0380671839444,20057889,ICICIBANK.NS
2011-08-23,131.68836975097656,133.41146149870787,128.5281058751924,132.43787445663017,25564489,ICICIBANK.NS
2011-08-24,130.15069580078125,132.73918444455342,128.86803948113584,130.58340101259773,16749628,ICICIBANK.NS
2011-08-25,128.8603515625,131.9742634138686,127.87904782938067,131.3406647067184,31804679,ICICIBANK.NS
2011-08-26,126.75865936279297,129.3162301484393,125.77734268152581,128.65945544340988,19450365,ICICIBANK.NS
2011-08-29,132.6001434326172,133.47327081459187,129.03806696211473,129.03806696211473,16352996,ICICIBANK.NS
2011-08-30,134.94908142089844,137.04305402272334,132.9014738082132,134.44684807700088,19674077,ICICIBANK.NS
2011-09-02,137.09716796875,139.03659952591318,135.39726511227258,137.769402044371,38295103,ICICIBANK.NS
2011-09-05,136.48675537109375,137.41397753784966,133.7360075163843,135.52862752801005,18440438,ICICIBANK.NS
2011-09-06,137.42169189453125,138.50344232245118,132.1751718414313,135.2195427360478,28641646,ICICIBANK.NS
2011-09-07,138.67343139648438,140.0951701788424,137.5530456239314,138.15573867431235,18460090,ICICIBANK.NS
2011-09-08,142.0113983154297,143.40994784656974,136.61033791498514,139.37654427924997,23734656,ICICIBANK.NS
2011-09-09,138.58843994140625,143.06226620801348,138.10936959796575,143.06226620801348,17818630,ICICIBANK.NS
2011-09-12,133.26466369628906,136.6103749238688,131.87383047825122,136.03860047115356,20189950,ICICIBANK.NS
2011-09-13,131.72702026367188,136.0463186828977,130.1198472983783,134.83321578224516,14670975,ICICIBANK.NS
2011-09-14,133.52737426757812,134.23824367647097,129.81848588405737,132.41470515867599,22201311,ICICIBANK.NS
2011-09-15,135.4049835205078,136.36309824362843,131.49520208783306,135.21953652248544,15777349,ICICIBANK.NS
2011-09-16,136.59490966796875,138.30254203628294,134.60138362824526,137.69211936198514,34330356,ICICIBANK.NS
2011-09-19,132.82424926757812,135.6368218161024,132.2833804064726,135.6368218161024,11492277,ICICIBANK.NS
2011-09-20,136.3553924560547,137.19761422083272,132.9169514190475,133.24919714079195,14962002,ICICIBANK.NS
2011-09-21,139.26841735839844,139.82475847377088,135.54409508091877,137.05855112832037,17767211,ICICIBANK.NS
2011-09-22,133.26466369628906,136.5485635726396,131.9356418294804,136.00769479553895,16171727,ICICIBANK.NS
2011-09-23,130.39028930664062,133.81327144606178,129.5557970992875,131.09342914118395,16569982,ICICIBANK.NS
2011-09-26,132.6001434326172,135.1499975436235,128.72899727360056,130.42890001427145,22269373,ICICIBANK.NS
2011-09-27,136.9272003173828,138.67345545587543,135.01094449297779,135.14229686915422,16565763,ICICIBANK.NS
2011-09-28,134.25367736816406,137.8466594085594,132.53059866478696,137.6148474218354,17561780,ICICIBANK.NS
2011-09-29,137.64576721191406,138.41844797512854,132.60788292929462,133.23375201303702,25041192,ICICIBANK.NS
2011-09-30,135.28135681152344,137.41396500673827,133.82871234120412,137.41396500673827,20190109,ICICIBANK.NS
2011-10-03,129.6716766357422,132.90149471024955,129.2003488874006,132.90149471024955,14760988,ICICIBANK.NS
2011-10-04,123.77609252929688,130.50616204247214,122.26163688964495,128.8835300736145,32054121,ICICIBANK.NS
2011-10-05,120.42267608642578,124.24745775651364,117.66418563056322,123.7838466780881,46823914,ICICIBANK.NS
2011-10-07,127.40770721435547,128.51264660688477,125.94734610448558,126.2718621494152,34183363,ICICIBANK.NS
2011-10-10,130.22027587890625,131.01613258958233,126.12506039141468,127.4772451304646,17562314,ICICIBANK.NS
2011-10-11,128.65174865722656,133.0560475925745,128.1263262059381,131.66521430205972,16706844,ICICIBANK.NS
2011-10-12,132.8551483154297,133.4192060805479,128.8449196386624,129.8107641591232,22795839,ICICIBANK.NS
2011-10-13,135.9690399169922,137.35214327503667,133.8287022229156,135.29680590360647,32000985,ICICIBANK.NS
2011-10-14,137.59942626953125,139.0829765670257,134.7713947351249,135.52862920684277,18327496,ICICIBANK.NS
2011-10-17,138.90524291992188,139.56201765382067,137.0894341144394,138.31026656297115,14377132,ICICIBANK.NS
2011-10-18,135.4513397216797,137.23624281540486,133.8364372801027,137.22851315499287,14456079,ICICIBANK.NS
2011-10-19,139.72427368164062,140.30377768612612,137.22850142787112,137.22850142787112,14040647,ICICIBANK.NS
2011-10-20,135.69085693359375,137.06624353990478,134.47002461476418,136.81897224300778,14801732,ICICIBANK.NS
2011-10-21,134.53187561035156,136.50222612197524,133.91373609358337,135.9922499967946,10742424,ICICIBANK.NS
2011-10-24,134.20730590820312,138.69660406960347,133.0637442575272,136.7339838140306,17946791,ICICIBANK.NS
2011-10-25,135.7449493408203,137.83119225665132,131.7656271845575,135.8376663487046,41863701,ICICIBANK.NS
2011-10-28,144.2367706298828,144.4917586802235,140.86014055905449,140.8833295440506,37484238,ICICIBANK.NS
2011-10-31,143.89678955078125,147.37386617884522,142.41323927706364,144.49175299869447,29742339,ICICIBANK.NS
2011-11-01,138.31024169921875,142.71453925333503,137.92390140121887,141.85685834470002,29988117,ICICIBANK.NS
2011-11-02,136.76492309570312,139.69338839477015,132.7778832347854,136.87309945036725,24366930,ICICIBANK.NS
2011-11-03,135.69085693359375,137.7848295436377,134.3000369462218,135.99220991034286,26032380,ICICIBANK.NS
2011-11-04,136.65675354003906,137.846693500547,135.87634300300292,137.4757994177511,17798830,ICICIBANK.NS
2011-11-08,136.19309997558594,137.0739569361613,134.54729204033995,136.68761661903972,14542528,ICICIBANK.NS
2011-11-09,133.23373413085938,137.4371257376574,132.48422948159921,137.03532608825302,30353092,ICICIBANK.NS
2011-11-11,126.87456512451172,132.43788488660957,126.21006069254297,132.321991848296,45793786,ICICIBANK.NS
2011-11-14,126.87456512451172,129.7257725008557,125.75417929261454,129.4862437939831,29633483,ICICIBANK.NS
2011-11-15,122.06074523925781,127.17591305760952,120.96353546511436,126.56549033873374,24873563,ICICIBANK.NS
2011-11-16,121.90620422363281,123.78382421123622,119.54951392194144,121.62031056100646,28535793,ICICIBANK.NS
2011-11-17,120.2603759765625,123.45155809345395,119.64223666771954,122.16117185971137,23036904,ICICIBANK.NS
2011-11-18,119.0086441040039,119.49543110413639,115.59337950479019,118.99318478434284,28100193,ICICIBANK.NS
2011-11-21,113.05900573730469,118.37505432872146,112.17813561547158,117.89599689997777,26758259,ICICIBANK.NS
2011-11-22,115.1993179321289,116.21152733627699,113.4607798353993,114.36482587092854,38140432,ICICIBANK.NS
2011-11-23,112.3017578125,114.35709524502433,109.7209980159639,114.34936558469428,35767616,ICICIBANK.NS
2011-11-24,112.82719421386719,113.73895704630158,111.11183193016112,112.19359543409206,29724508,ICICIBANK.NS
2011-11-25,110.98820495605469,113.53032963863659,110.13052384720163,112.0854147711227,27487955,ICICIBANK.NS
2011-11-28,115.8792953491211,116.48198845440989,112.51039509470607,112.81173516273526,31005744,ICICIBANK.NS
2011-11-29,113.42214965820312,116.82968500145026,111.67589479093185,115.97973358082513,47558362,ICICIBANK.NS
2011-11-30,110.099609375,113.46850922249727,108.93285864267145,111.8845124605735,175381222,ICICIBANK.NS
2011-12-01,117.78007507324219,119.92041280035906,116.38152534263615,116.52060734967479,56778700,ICICIBANK.NS
2011-12-02,121.72850799560547,122.39301244722562,117.1542215697846,118.26687777357085,38640305,ICICIBANK.NS
2011-12-05,120.468994140625,122.13026129928615,119.25589158061244,121.46575702966703,25876042,ICICIBANK.NS
2011-12-07,118.66093444824219,121.45033024271476,118.15870106248934,121.15670690240631,35551543,ICICIBANK.NS
2011-12-08,115.02161407470703,118.32097331204663,114.21029793034225,117.21603379206573,39494048,ICICIBANK.NS
2011-12-09,112.98944091796875,114.65843803569484,111.59089113370506,112.96626490564931,41202469,ICICIBANK.NS
2011-12-12,109.2728271484375,114.97522810268012,108.80922912413759,114.97522810268012,31186853,ICICIBANK.NS
2011-12-13,109.17239379882812,110.107345559859,106.6534516666275,108.17563717419351,32788915,ICICIBANK.NS
2011-12-14,108.85559844970703,110.80275974437157,107.15569552628196,108.17564117110602,45207921,ICICIBANK.NS
2011-12-15,107.95928955078125,109.08741155483962,106.48346248514518,107.86656603948883,27702009,ICICIBANK.NS
2011-12-16,104.46674346923828,110.49367347116129,102.74366478979198,108.05199579977044,42420169,ICICIBANK.NS
2011-12-19,101.56147003173828,103.84861320842094,99.05798064364359,103.84861320842094,34087234,ICICIBANK.NS
2011-12-20,100.97423553466797,103.69407759916061,100.16291293042173,102.30324440726562,25864234,ICICIBANK.NS
2011-12-21,108.53880310058594,109.5664719601076,103.7945288732279,104.4513101621067,43980706,ICICIBANK.NS
2011-12-22,112.52584838867188,114.51163199290359,105.64123656071531,106.63027001699791,48452464,ICICIBANK.NS
2011-12-23,111.53679656982422,113.49168737440222,110.38550513654023,112.56446531166546,30488474,ICICIBANK.NS
2011-12-26,112.74993896484375,113.53807920135823,111.11957679383447,111.42092987159735,14152754,ICICIBANK.NS
2011-12-27,112.20906829833984,113.42990100670315,111.47500977164502,112.36359669667144,18044147,ICICIBANK.NS
2011-12-28,107.76612091064453,111.39000920313632,107.30250983209058,111.37454988051802,20522848,ICICIBANK.NS
2011-12-29,106.00440979003906,108.33018857190726,104.65221825281728,106.84663817273979,26730649,ICICIBANK.NS
2011-12-30,105.8034896850586,108.14472071534414,105.17761418138018,106.68434670163255,14003913,ICICIBANK.NS
2012-01-02,107.6424789428711,108.09836030599443,105.87303517466052,106.65344555116712,14927627,ICICIBANK.NS
2012-01-03,112.16268920898438,112.6572059600086,108.94833032732696,108.94833032732696,18500311,ICICIBANK.NS
2012-01-04,114.8361587524414,115.74793448938773,112.87355120055011,113.33716224515163,32952243,ICICIBANK.NS
2012-01-05,115.60884857177734,116.95331666498461,114.20255616394117,115.12977822185563,23203350,ICICIBANK.NS
2012-01-06,116.16519165039062,117.91144668388834,112.50266793847354,114.6661820304856,22273933,ICICIBANK.NS
2012-01-09,115.5624771118164,116.67513314367191,112.96625808877309,115.28431310385253,18357806,ICICIBANK.NS
2012-01-10,119.68861389160156,120.38403697203596,115.91019733867432,116.01064402482274,22240036,ICICIBANK.NS
2012-01-11,120.56175994873047,122.08394557248182,119.4799964261896,120.24496055339291,27287084,ICICIBANK.NS
2012-01-12,120.75491333007812,123.13477990667624,119.62679787403805,120.52311429179748,27573436,ICICIBANK.NS
2012-01-13,121.99891662597656,125.12828747683828,120.6621783437363,121.74392864337129,32983258,ICICIBANK.NS
2012-01-16,122.33119201660156,123.07296708714969,120.12131315706874,120.84764187550529,27942612,ICICIBANK.NS
2012-01-17,121.39624786376953,124.30926664181676,121.06398915723469,123.62930287566994,23766616,ICICIBANK.NS
2012-01-18,118.9391098022461,120.83991906578989,117.75691260643903,120.5076603611869,24342285,ICICIBANK.NS
2012-01-19,123.19658660888672,123.9229153086217,120.61582676514404,120.61582676514404,24162462,ICICIBANK.NS
2012-01-20,130.18939208984375,131.60340137911697,125.79282286850957,125.79282286850957,53063989,ICICIBANK.NS
2012-01-23,132.39923095703125,134.69410992564883,130.27435262996167,130.27435262996167,25234418,ICICIBANK.NS
2012-01-24,137.23626708984375,138.3102880309883,130.90026592326734,132.9015090779072,46604728,ICICIBANK.NS
2012-01-25,135.99993896484375,138.31025125324206,134.33867167792124,137.81573460010446,31109006,ICICIBANK.NS
2012-01-27,137.2207794189453,137.61484942673462,133.54280997188312,137.22850907912772,25271570,ICICIBANK.NS
2012-01-30,131.69613647460938,136.18542334231486,131.04709123312574,135.52864843824904,24137976,ICICIBANK.NS
2012-01-31,139.4152069091797,140.14153562390663,132.7392313083429,132.86285400152155,56490241,ICICIBANK.NS
2012-02-01,137.52215576171875,140.68243305156142,135.68317072595173,140.31926865361262,43818566,ICICIBANK.NS
2012-02-02,139.44610595703125,140.90648000850072,135.87631280728368,138.9284132577914,46734902,ICICIBANK.NS
2012-02-03,141.60191345214844,141.98052417145732,137.86211937791197,139.70110425631157,27169367,ICICIBANK.NS
2012-02-06,143.4176788330078,144.77760601960145,142.06548130560287,142.94635119167205,32126297,ICICIBANK.NS
2012-02-07,144.9167022705078,146.22253494052478,143.1008936130207,145.2180422854834,21908854,ICICIBANK.NS
2012-02-08,142.24322509765625,143.69586955722605,140.79831029871394,143.39452951581697,123255759,ICICIBANK.NS
2012-02-09,145.23350524902344,145.99845628019176,141.11510082310417,141.57098217159353,31702544,ICICIBANK.NS
2012-02-10,143.78855895996094,145.10983772360163,141.60186971181707,144.18262887920966,21887888,ICICIBANK.NS
2012-02-13,144.43765258789062,146.16074447982862,142.01916355494836,143.56452511957102,26742848,ICICIBANK.NS
2012-02-14,145.83621215820312,146.80978629063145,143.2090871820552,143.25545217810452,21797572,ICICIBANK.NS
2012-02-15,151.6235809326172,152.51988419821166,147.13428306855226,147.13428306855226,30846134,ICICIBANK.NS
2012-02-16,149.71505737304688,151.73948903500332,148.50967137397225,151.60040703274302,17470497,ICICIBANK.NS
2012-02-17,151.6931610107422,154.11937974338562,150.75047954715313,152.18767775683705,23888958,ICICIBANK.NS
2012-02-21,153.192138671875,154.35117268981003,150.82773158236066,150.9822729098796,17884201,ICICIBANK.NS
2012-02-22,147.99972534179688,152.99125758383678,147.0029622317112,152.99125758383678,26260360,ICICIBANK.NS
2012-02-23,145.87486267089844,148.21609419192293,144.043607251788,147.11888427894726,31112955,ICICIBANK.NS
2012-02-24,143.9740447998047,145.86711129208018,141.88007197981014,145.44986525403374,24143553,ICICIBANK.NS
2012-02-27,137.1435089111328,144.0899314542105,136.25493518908903,144.0899314542105,27078117,ICICIBANK.NS
2012-02-28,140.75192260742188,142.1427423987727,138.34115101011255,138.46477367190997,27126286,ICICIBANK.NS
2012-02-29,140.05653381347656,142.47503565779337,138.67343037510696,141.40100191832934,27450786,ICICIBANK.NS
2012-03-01,136.53311157226562,139.46930626496953,134.46231466866692,139.46930626496953,22889075,ICICIBANK.NS
2012-03-02,139.50018310546875,141.3623436262483,135.21952113315962,137.69210426129195,23122115,ICICIBANK.NS
2012-03-05,134.50096130371094,138.58846079730026,134.22279724208528,138.58846079730026,22522533,ICICIBANK.NS
2012-03-06,131.85836791992188,137.69212149443635,131.3561215721419,134.44685735374827,43440551,ICICIBANK.NS
2012-03-07,132.92471313476562,134.12236989247907,130.3439395925341,131.51069066885765,33588164,ICICIBANK.NS
2012-03-09,141.27740478515625,141.7255565781066,135.36637925691565,135.52090764970984,33285477,ICICIBANK.NS
2012-03-12,143.5568084716797,145.8825936597255,142.0269060904816,145.8825936597255,30684005,ICICIBANK.NS
2012-03-13,143.6958770751953,145.75894435537677,143.3481720210591,144.53811183538406,15392685,ICICIBANK.NS
2012-03-14,147.4125213623047,147.98430892264818,145.9830654306793,146.31531125087707,28866101,ICICIBANK.NS
2012-03-15,143.74993896484375,147.82970759824642,142.7300000487998,147.5824492861986,17542272,ICICIBANK.NS
2012-03-16,141.81825256347656,147.4124778445901,140.69786676278562,144.64628384723432,26255856,ICICIBANK.NS
2012-03-19,140.30380249023438,143.80405502288968,138.3257355209226,143.2554565911962,17366497,ICICIBANK.NS
2012-03-20,140.4119873046875,142.48278439381846,139.0906950353597,140.58970467496596,15039469,ICICIBANK.NS
2012-03-21,144.3449249267578,145.23351165170857,138.65798285630206,139.40748756945433,19473910,ICICIBANK.NS
2012-03-22,139.0288848876953,145.23353357811962,138.01667531909757,144.65401646198163,20007922,ICICIBANK.NS
2012-03-23,140.7133331298828,142.69912977812132,138.6348064858574,140.1338160485204,18745826,ICICIBANK.NS
2012-03-26,134.8332061767578,139.85564403165603,133.84417273958016,139.6547506676135,21647994,ICICIBANK.NS
2012-03-27,135.66770935058594,137.28262496318814,131.6652102798961,137.07398895213817,45526915,ICICIBANK.NS
2012-03-28,132.801025390625,135.18089161722077,131.77335676795144,135.18089161722077,37140526,ICICIBANK.NS
2012-03-29,132.24472045898438,134.50095143256655,130.91569863302882,131.51066205108896,46255594,ICICIBANK.NS
2012-03-30,137.56849670410156,138.18664909694044,133.37283418904968,133.51964586869505,32431927,ICICIBANK.NS
2012-04-02,137.60711669921875,138.03982202904638,136.15447235567473,137.19760034942146,11001446,ICICIBANK.NS
2012-04-03,140.35015869140625,141.9882501611631,138.7738785682589,139.23748960628876,17691256,ICICIBANK.NS
2012-04-04,137.5762481689453,139.21433994881556,136.05406241283245,138.92844620508637,14909625,ICICIBANK.NS
2012-04-09,133.99098205566406,135.72952036911155,133.4810189444372,135.58270868021535,11466477,ICICIBANK.NS
2012-04-10,133.48873901367188,135.15773619342127,132.13654120379667,134.57821914083775,20557586,ICICIBANK.NS
2012-04-11,133.62779235839844,135.21951852703248,131.51063093708953,132.14424251011195,32322361,ICICIBANK.NS
2012-04-12,135.89178466796875,136.7494657749019,134.46231615641352,134.62458716001157,17417158,ICICIBANK.NS
2012-04-13,133.6741485595703,139.20656148110118,131.43337736792887,136.76488399153803,24283341,ICICIBANK.NS
2012-04-16,135.00320434570312,135.44363941170823,132.6156208971968,132.6156208971968,20013075,ICICIBANK.NS
2012-04-17,136.8344268798828,137.9934478194389,131.74244884225692,136.14674656948833,39678342,ICICIBANK.NS
2012-04-18,136.18539428710938,138.9129659657797,135.49771384866432,138.0089328365882,19053287,ICICIBANK.NS
2012-04-19,135.65994262695312,136.55625887115016,133.8595934485199,136.3012708999566,16033732,ICICIBANK.NS
2012-04-20,133.06375122070312,135.83767462817875,132.20607021089327,134.91045261591017,16000858,ICICIBANK.NS
2012-04-23,130.41346740722656,134.2150733408072,129.20809407819314,131.35614895567258,17939993,ICICIBANK.NS
2012-04-24,131.01614379882812,131.88928421720473,129.54805293851982,131.3561321546558,17862146,ICICIBANK.NS
2012-04-25,129.56349182128906,132.20607596825764,127.84041303575869,130.59116055194818,29238880,ICICIBANK.NS
2012-04-26,130.03482055664062,130.68387852768527,129.11532824894124,129.83392721908154,24080837,ICICIBANK.NS
2012-04-27,133.03285217285156,135.21954199834792,129.97302197387074,130.6607023725939,80624329,ICICIBANK.NS
2012-04-30,136.3553924560547,137.38306123368397,134.52412427914643,134.52412427914643,28953732,ICICIBANK.NS
2012-05-02,136.30902099609375,138.3102638001318,135.49770494372925,136.88853802030934,21254607,ICICIBANK.NS
2012-05-03,132.52285766601562,135.94583876891727,131.51836508127968,135.23496948788454,25787019,ICICIBANK.NS
2012-05-04,128.78309631347656,131.84291356938158,125.98597079329863,131.39476185730803,30391718,ICICIBANK.NS
2012-05-07,131.08567810058594,131.97426482603126,123.16568120723339,126.6813927758015,36282735,ICICIBANK.NS
2012-05-08,128.28857421875,131.97427372031296,127.64725877033983,131.58793333137305,21579195,ICICIBANK.NS
2012-05-09,127.0213851928711,127.95633703750035,125.182400149716,127.02911485439695,28400064,ICICIBANK.NS
2012-05-10,125.81598663330078,129.26988698189447,124.64150618094813,127.33817212797473,20493286,ICICIBANK.NS
2012-05-11,125.66919708251953,127.1836661523104,124.18564666124958,125.02015187898378,15680747,ICICIBANK.NS
2012-05-14,123.73747253417969,128.2499473117021,123.02660313108211,125.94735141237072,25823094,ICICIBANK.NS
2012-05-15,126.23323059082031,126.95181660279752,122.23844900348986,122.73296566450183,19189131,ICICIBANK.NS
2012-05-16,122.76387786865234,123.96154722414836,120.53855277565762,123.47474722784591,25680253,ICICIBANK.NS
2012-05-17,121.68986511230469,124.68014144377558,120.63129066441181,123.30476762759132,17934966,ICICIBANK.NS
2012-05-18,124.4328842163086,125.1746593026606,118.7382122267747,119.0163892322326,24381560,ICICIBANK.NS
2012-05-21,125.34467315673828,126.53460009678444,123.18115901819267,123.18115901819267,17162794,ICICIBANK.NS
2012-05-22,123.7529296875,127.46953466717589,123.38203567097784,126.72775960336077,22998915,ICICIBANK.NS
2012-05-23,122.5938949584961,124.37879808617807,122.11483757304337,122.54754293360011,14613428,ICICIBANK.NS
2012-05-24,126.81275177001953,127.64725685421767,122.36210121839511,123.78384005358257,16923032,ICICIBANK.NS
2012-05-25,125.88550567626953,127.3999742151473,124.44059110294917,126.41092797845627,19192052,ICICIBANK.NS
2012-05-28,128.9453582763672,129.28533365877274,126.2564219833593,126.27959799649574,15097219,ICICIBANK.NS
2012-05-29,129.60986328125,130.421179375488,128.88354751761665,129.4244162676223,14274419,ICICIBANK.NS
2012-05-30,126.29507446289062,129.41671655307826,125.65374597650208,128.86810510105153,18202316,ICICIBANK.NS
2012-05-31,123.53492736816406,125.97959719455723,123.18005764968356,125.97959719455723,39922690,ICICIBANK.NS
2012-06-01,123.29048156738281,125.51434096182454,122.84885996845325,123.65324027557917,22170296,ICICIBANK.NS
2012-06-04,124.41816711425781,125.37237086111006,121.03504500323237,121.43723508560424,19790419,ICICIBANK.NS
2012-06-05,124.92286682128906,126.72877100764389,124.15791813669702,125.65625976772002,20350445,ICICIBANK.NS
2012-06-06,127.50161743164062,127.87226505443414,125.60897434756177,125.70360186900135,28167216,ICICIBANK.NS
2012-06-07,130.91627502441406,132.09128960397155,128.54257905892933,129.01572987575986,25033805,ICICIBANK.NS
2012-06-08,130.77432250976562,131.80738916046576,128.2271230001441,131.80738916046576,18841009,ICICIBANK.NS
2012-06-11,130.3957977294922,133.8262273762583,129.80435255785846,132.26480047505203,18055312,ICICIBANK.NS
2012-06-12,132.33578491210938,132.72219720008823,128.55047197863087,128.8186031647915,17886242,ICICIBANK.NS
2012-06-13,133.9602813720703,135.27724373705678,131.72064454529072,132.2805471337517,25697248,ICICIBANK.NS
2012-06-14,129.14981079101562,133.90509197858105,128.7003002772602,133.58965366723518,19523289,ICICIBANK.NS
2012-06-15,133.3846435546875,134.93819504199422,129.8280299894672,129.89900395256595,21824440,ICICIBANK.NS
2012-06-18,128.7870635986328,136.3024670817604,127.78553925972096,135.32459631645867,26764353,ICICIBANK.NS
2012-06-19,130.40367126464844,130.79797241132698,127.43851711136887,128.22711940472593,16859507,ICICIBANK.NS
2012-06-20,131.3815460205078,132.39095910615384,130.40367543922966,130.79008766332177,12698994,ICICIBANK.NS
2012-06-21,134.007568359375,134.69365409233464,130.56137506378255,131.2237939958522,19538656,ICICIBANK.NS
2012-06-22,134.33091735839844,134.6936759997216,131.38154109127044,132.3199801977628,16548279,ICICIBANK.NS
2012-06-25,133.5738525390625,137.32762206004546,132.9587406589752,134.99334454767953,17258890,ICICIBANK.NS
2012-06-26,133.1322479248047,134.17320346507725,132.22535133080683,132.8798946654517,12241757,ICICIBANK.NS
2012-06-27,134.45709228515625,136.01064319875573,133.95238579250872,134.07068009947938,16390385,ICICIBANK.NS
2012-06-28,135.158935546875,137.21719264232192,134.45707198192557,135.6557530300775,21821090,ICICIBANK.NS
2012-06-29,141.8699951171875,142.7295714030279,137.21723072217608,137.21723072217608,26272482,ICICIBANK.NS
2012-07-02,141.0655975341797,142.57971701721556,139.4410726782266,142.10655302420844,25763358,ICICIBANK.NS
2012-07-03,142.2012176513672,143.66012807477568,141.63341282249962,141.93308649025172,17527620,ICICIBANK.NS
2012-07-04,142.39047241210938,143.88882751146375,141.38894819159904,143.36834306180594,19609062,ICICIBANK.NS
2012-07-05,145.2373504638672,145.7183902502423,141.0025404904502,142.24064016845824,20610463,ICICIBANK.NS
2012-07-06,147.48486328125,147.94224945484518,143.74687130297042,145.237337380393,27997271,ICICIBANK.NS
2012-07-09,146.68048095703125,148.69930712360323,145.74993075271482,146.6016180780617,26408041,ICICIBANK.NS
2012-07-10,148.71505737304688,149.04627349080104,146.90127751452732,147.46906900983893,25745714,ICICIBANK.NS
2012-07-11,147.71356201171875,148.2577000459008,146.7593581452625,147.62682342556985,20032639,ICICIBANK.NS
2012-07-12,146.34140014648438,147.46910773528361,145.43450336083959,146.44391661156237,17641354,ICICIBANK.NS
2012-07-13,146.05747985839844,147.70565843300284,145.61585832606494,146.66470284712278,11895856,ICICIBANK.NS
2012-07-16,145.1190185546875,147.46906050826297,144.62220102493131,146.68045831324474,11950724,ICICIBANK.NS
2012-07-17,145.56065368652344,146.9959103456741,144.85090105519396,146.49120383455733,12351042,ICICIBANK.NS
2012-07-18,148.13150024414062,148.57310849502755,145.60007886269645,145.60007886269645,19347801,ICICIBANK.NS
2012-07-19,149.96897888183594,150.92318276004235,149.13305609860453,149.36175582543734,17223024,ICICIBANK.NS
2012-07-20,147.49270629882812,150.9389127989671,147.02743129302308,150.70232421105325,19528844,ICICIBANK.NS
2012-07-23,143.9992218017578,146.63315988063155,143.46297275838694,146.52275449789624,17632895,ICICIBANK.NS
2012-07-24,144.52760314941406,145.37930383231745,143.52607885892994,144.1569687439128,11203478,ICICIBANK.NS
2012-07-25,144.7799530029297,145.48181682504168,143.10812065871747,144.45662575007293,11564822,ICICIBANK.NS
2012-07-26,143.0134735107422,145.8918893863377,142.1065768087293,145.72627468100916,34698053,ICICIBANK.NS
2012-07-27,146.40447998046875,149.66141935694287,145.42660927390452,146.9959384134332,38883861,ICICIBANK.NS
2012-07-30,152.12185668945312,152.92623692501607,148.73085858137463,148.73085858137463,40639208,ICICIBANK.NS
2012-07-31,151.63290405273438,153.5018932140401,149.9137384630775,153.2258864010688,32326305,ICICIBANK.NS
2012-08-01,151.34902954101562,152.2007169026899,150.15034814436856,150.15034814436856,16975645,ICICIBANK.NS
2012-08-02,151.2386474609375,151.96416491186557,150.47369856276586,151.0809216719632,13503539,ICICIBANK.NS
2012-08-03,148.24978637695312,150.15033132977126,147.07477191847153,149.83487983576384,20106465,ICICIBANK.NS
2012-08-06,150.46578979492188,151.41211793110133,149.86645570145853,150.2213254434085,18837725,ICICIBANK.NS
2012-08-07,153.66749572753906,154.08546365359183,150.55251818243434,151.41209436503135,21468397,ICICIBANK.NS
2012-08-08,151.13607788085938,154.56652023067366,150.7890971204277,154.251068735953,18885493,ICICIBANK.NS
2012-08-09,150.25286865234375,153.62021322170136,149.6535345560779,152.0587731133508,20166140,ICICIBANK.NS
2012-08-10,150.58407592773438,151.68022760028572,147.4690848308269,150.93894565037576,24225063,ICICIBANK.NS
2012-08-13,149.6693115234375,150.544665787447,147.65837398630904,149.99263878719725,19828479,ICICIBANK.NS
2012-08-14,152.95779418945312,153.53347476507548,149.8506915737895,150.18190777547713,12958462,ICICIBANK.NS
2012-08-16,150.8443145751953,153.9040962894151,150.31594123487602,153.21012149459574,14593001,ICICIBANK.NS
2012-08-17,151.751220703125,152.83162111446418,150.1897937263756,151.04937010450882,16247143,ICICIBANK.NS
2012-08-21,153.8094482421875,154.4087822088722,151.1991641023856,152.35841383851596,11457798,ICICIBANK.NS
2012-08-22,153.59657287597656,154.99241175660654,152.48464307561505,152.70545389556185,11877387,ICICIBANK.NS
2012-08-23,153.59657287597656,155.97028257216877,152.8395128803611,154.14859992584354,22625014,ICICIBANK.NS
2012-08-24,150.52099609375,153.2259082505684,150.18189099352867,152.81582920337854,14489772,ICICIBANK.NS
2012-08-27,147.508544921875,151.06514501084345,147.07481223518585,151.06514501084345,13891509,ICICIBANK.NS
2012-08-28,145.473876953125,148.21033085832244,144.88243197089676,147.78448729436641,19070854,ICICIBANK.NS
2012-08-29,144.5354766845703,146.97227090188207,144.2042605229827,145.9313020407585,13951624,ICICIBANK.NS
2012-08-30,145.0953826904297,148.69141337408675,142.73745151522104,143.95189745533182,30491835,ICICIBANK.NS
2012-08-31,142.28794860839844,145.51334512232162,141.1681301187117,144.40141556798852,19478376,ICICIBANK.NS
2012-09-03,142.39047241210938,144.44085446769634,141.2627781652998,142.76900896394582,13718111,ICICIBANK.NS
2012-09-04,143.94398498535156,144.28309000390956,140.7659095352646,142.39043422524637,14125210,ICICIBANK.NS
2012-09-05,138.73922729492188,143.41565853679452,138.2660764760065,142.98981485788931,33446655,ICICIBANK.NS
2012-09-06,141.38894653320312,142.3273857295566,139.7486567917363,140.52937022059635,15364459,ICICIBANK.NS
2012-09-07,147.9185791015625,148.4154099397675,144.6300976769058,144.76416986446884,25978452,ICICIBANK.NS
2012-09-10,147.35865783691406,149.18821549227363,145.96283272039318,148.67563332166424,13318657,ICICIBANK.NS
2012-09-11,149.17247009277344,149.81912451734374,146.36502839307764,146.77510741890177,13007412,ICICIBANK.NS
2012-09-12,149.69296264648438,151.3805861287064,148.4942943748012,149.97687169658855,17858472,ICICIBANK.NS
2012-09-13,151.3253631591797,152.20071732989234,150.62351262467496,150.7496826475872,20175160,ICICIBANK.NS
2012-09-14,158.9827117919922,166.45869590230117,155.37090299490615,155.7888709735097,45380571,ICICIBANK.NS
2012-09-17,167.2866973876953,168.7140649729044,162.45254133005102,162.45254133005102,42722014,ICICIBANK.NS
2012-09-18,165.4571533203125,166.55331822198514,164.24270733619792,165.5991012084176,15733366,ICICIBANK.NS
2012-09-20,161.2775421142578,164.32943473741292,160.77283560499626,162.61028232663693,16886831,ICICIBANK.NS
2012-09-21,168.05169677734375,171.3244143284833,162.38951817443774,162.45260319708174,32631197,ICICIBANK.NS
2012-09-24,168.91122436523438,171.4268677738776,166.95548349053206,168.05163499273655,26437147,ICICIBANK.NS
2012-09-25,168.27247619628906,170.53578001694495,167.7914364427931,169.50270009066534,20529877,ICICIBANK.NS
2012-09-26,168.05169677734375,168.93494004024544,166.1905959540458,167.60219944541595,16583418,ICICIBANK.NS
2012-09-27,166.45082092285156,169.07687039137863,165.8672514328522,168.60370629777023,25812880,ICICIBANK.NS
2012-09-28,166.9949493408203,169.329213929769,166.21422267496666,167.6573684445052,22840686,ICICIBANK.NS
2012-10-01,165.70950317382812,167.3261524561834,164.97611017923637,167.18419133453818,11890164,ICICIBANK.NS
2012-10-03,166.0801544189453,167.65735906078623,165.01553202017473,165.95398440110293,14719534,ICICIBANK.NS
2012-10-04,170.87489318847656,172.53097420395954,166.75048837739547,166.75048837739547,26381146,ICICIBANK.NS
2012-10-05,168.24093627929688,173.49304809939633,136.70463826131416,173.49304809939633,24384492,ICICIBANK.NS
2012-10-08,165.95396423339844,168.76139239036996,165.4886759488608,168.76139239036996,12172028,ICICIBANK.NS
2012-10-09,167.83871459960938,169.33706938615876,166.87662202228677,167.18417132453746,11088011,ICICIBANK.NS
2012-10-10,166.26943969726562,167.13690498634338,165.39408547214825,166.59276694665988,10838525,ICICIBANK.NS
2012-10-11,166.86083984375,168.414390656034,165.3230668992867,167.18416700587682,23597805,ICICIBANK.NS
2012-10-12,164.77894592285156,167.64158354534482,164.51870373235806,167.3261452847451,11267652,ICICIBANK.NS
2012-10-15,166.1432647705078,166.49025884544008,162.76804420429445,164.83419107160535,9156532,ICICIBANK.NS
2012-10-16,164.5423583984375,167.6494601127769,164.04552762179404,167.34189757311825,10115490,ICICIBANK.NS
2012-10-17,165.53599548339844,166.3482645072085,164.36098108596917,166.1195648332296,8096214,ICICIBANK.NS
2012-10-18,167.9649200439453,168.25670475301345,165.93820495078256,166.4350225551268,24908741,ICICIBANK.NS
2012-10-19,166.75836181640625,169.70775162433722,165.62277863871807,167.3419312767046,14180017,ICICIBANK.NS
2012-10-22,169.6446533203125,170.4884650040489,165.60700071388817,166.04862227683316,25355198,ICICIBANK.NS
2012-10-23,170.25189208984375,171.57674356168116,169.04532170973624,170.14936239685585,12511774,ICICIBANK.NS
2012-10-25,171.46633911132812,172.2155100544347,168.77719147367688,168.77719147367688,22144919,ICICIBANK.NS
2012-10-29,168.5169677734375,171.03261184652413,167.7046985542207,169.86547286608442,12828508,ICICIBANK.NS
2012-10-30,164.84205627441406,171.48999375571867,162.87055029693516,169.0768662036142,22333806,ICICIBANK.NS
2012-10-31,165.63853454589844,166.37982973580185,163.35946613841398,164.97611547264088,11476465,ICICIBANK.NS
2012-11-01,166.7662353515625,167.34191582297063,164.86570354970942,165.92242374547868,7583587,ICICIBANK.NS
2012-11-02,170.283447265625,170.70929099506188,168.06746355420916,169.07687679575008,11431942,ICICIBANK.NS
2012-11-05,169.96800231933594,170.4805978964958,168.35925486665727,169.70777329885968,6995868,ICICIBANK.NS
2012-11-06,170.4490203857422,171.52151846729942,168.47751461281075,168.99798578335987,9482401,ICICIBANK.NS
2012-11-07,172.38111877441406,173.45361692327964,170.34651462934423,171.3007316899386,14058995,ICICIBANK.NS
2012-11-08,169.70774841308594,170.79602442875736,168.95068856346265,170.3386250028708,8693828,ICICIBANK.NS
2012-11-09,167.05801391601562,170.02316797614648,166.3167187827491,169.7550368513236,8468267,ICICIBANK.NS
2012-11-12,166.9318389892578,168.90335799543655,166.1038052423326,167.42078089148572,11718536,ICICIBANK.NS
2012-11-15,166.34039306640625,166.7662367222134,164.5739201991383,166.36404663512835,9099585,ICICIBANK.NS
2012-11-16,162.02674865722656,165.93034264797873,161.19082583517127,165.22849203570917,13092530,ICICIBANK.NS
2012-11-19,161.05674743652344,162.98883509427918,160.27603402712438,162.15291237304598,9793987,ICICIBANK.NS
2012-11-20,161.52203369140625,163.10712742590425,160.08677679532863,162.57876725989485,8967777,ICICIBANK.NS
2012-11-21,164.7316436767578,165.13383379059837,161.90843718075476,162.4525751893074,9800725,ICICIBANK.NS
2012-11-22,162.8626708984375,166.237904683844,162.4525918070605,164.89727524606158,15855147,ICICIBANK.NS
2012-11-23,161.6797332763672,163.8641607742353,160.90689563787487,163.65123895511826,12372706,ICICIBANK.NS
2012-11-26,160.6072235107422,163.24117471214484,160.08675236019167,163.24117471214484,11108696,ICICIBANK.NS
2012-11-27,163.09921264648438,163.59603018585904,161.703374292,162.5156433046623,30901959,ICICIBANK.NS
2012-11-29,170.61465454101562,171.28496260934062,164.9209208641462,165.60700680450068,50446946,ICICIBANK.NS
2012-11-30,173.46937561035156,174.27374251481046,172.02623001211322,173.4930291780961,22979440,ICICIBANK.NS
2012-12-03,173.8557891845703,175.64591556071738,172.42053250973277,172.70442827078037,17887342,ICICIBANK.NS
2012-12-04,176.54495239257812,177.05753465382324,172.7911824451725,173.80848450508867,16095821,ICICIBANK.NS
2012-12-05,176.61595153808594,177.90926063369417,174.77849112507835,176.94715451215467,11804232,ICICIBANK.NS
2012-12-06,179.1237030029297,180.2750641603082,173.80850558416932,178.54013348777167,15910317,ICICIBANK.NS
2012-12-07,178.4927978515625,180.50373508776244,176.98655392174646,179.84919172180258,16483456,ICICIBANK.NS
2012-12-10,176.8761444091797,179.85707645838602,176.36356217955208,179.80186714967647,11639776,ICICIBANK.NS
2012-12-11,177.06541442871094,181.3002239126913,174.81788858514614,177.42817307880537,19806627,ICICIBANK.NS
2012-12-12,175.57496643066406,178.66630420922422,174.49457930446832,177.96444040575787,16439901,ICICIBANK.NS
2012-12-13,176.84461975097656,178.7688185585293,175.93772304324617,176.64747577425706,15190774,ICICIBANK.NS
2012-12-14,179.17886352539062,179.71511251216836,175.60647345204532,176.0165524355657,15357897,ICICIBANK.NS
2012-12-17,180.4485321044922,181.22135652312835,178.26409132320276,178.26409132320276,9314893,ICICIBANK.NS
2012-12-18,181.21348571777344,181.91534950186448,176.45820470660112,180.9059363538252,15076039,ICICIBANK.NS
2012-12-19,179.604736328125,182.74338112504094,178.7057285811868,182.18347848078108,9690604,ICICIBANK.NS
2012-12-20,179.74667358398438,180.59048520469972,178.24044290479438,180.55892946415815,12803494,ICICIBANK.NS
2012-12-21,177.26258850097656,179.64417352218229,176.20585495402972,178.8397932673071,11991144,ICICIBANK.NS
2012-12-24,176.88401794433594,178.22464703261164,175.73265709785062,178.1773266630473,7691233,ICICIBANK.NS
2012-12-26,181.1661834716797,181.37910532242842,176.80519028987663,177.59379267853188,7557676,ICICIBANK.NS
2012-12-27,179.24197387695312,181.97842850162985,178.61897299747562,181.73396415839426,16870650,ICICIBANK.NS
2012-12-28,180.0463409423828,180.82705429123047,178.1931163101423,180.21194239210362,7501631,ICICIBANK.NS
2012-12-31,179.52586364746094,180.41698241016422,178.88709815497643,180.03845912307028,5533500,ICICIBANK.NS
2013-01-01,182.7118682861328,183.26389532089243,180.29085150654507,180.8113227937716,7229216,ICICIBANK.NS
2013-01-02,185.1643829345703,185.6375469593623,183.74489086019435,184.53349315602497,10345197,ICICIBANK.NS
2013-01-03,184.8568572998047,185.7952965347287,183.79223479840584,185.6454596967454,9034338,ICICIBANK.NS
2013-01-04,186.48922729492188,186.8835284281062,183.75277293022364,184.99088563611494,12765126,ICICIBANK.NS
2013-01-07,186.4497833251953,187.37245770981244,185.63752754583268,187.37245770981244,9683993,ICICIBANK.NS
2013-01-08,186.0397491455078,186.4261613835808,184.5729366022853,185.97666413448957,8639152,ICICIBANK.NS
2013-01-09,186.1816864013672,187.35670091944274,185.11706402803205,185.8346923876538,19800115,ICICIBANK.NS
2013-01-10,186.03187561035156,187.37250500605037,183.15347283408443,187.09649813264505,12068754,ICICIBANK.NS
2013-01-11,183.5161895751953,186.80467067812714,182.8143259114564,186.74157243984249,9227372,ICICIBANK.NS
2013-01-14,186.92298889160156,188.00337601740114,183.74491252855637,183.74491252855637,14894011,ICICIBANK.NS
2013-01-15,189.95123291015625,191.02373105067113,185.18017411727118,186.61543092832332,17996797,ICICIBANK.NS
2013-01-16,186.08706665039062,190.3691834180295,185.54292865669998,189.95122868089712,18080590,ICICIBANK.NS
2013-01-17,183.3505859375,187.2462901994977,182.67238903596567,185.67697457512645,13615173,ICICIBANK.NS
2013-01-18,185.51138305664062,187.08860104926305,183.8237729086394,183.8237729086394,18630606,ICICIBANK.NS
2013-01-21,185.72430419921875,186.49712864767343,183.74489623034242,186.1107164234461,9208034,ICICIBANK.NS
2013-01-22,184.55714416503906,188.452848173814,183.58716262999837,185.5113478314676,10433076,ICICIBANK.NS
2013-01-23,186.26844787597656,188.00337844841906,183.20866580263123,185.3221329390287,7832247,ICICIBANK.NS
2013-01-24,183.66604614257812,187.15957398376005,182.57778333807374,186.0870758143088,12884718,ICICIBANK.NS
2013-01-25,184.99879455566406,186.11072413609162,183.52409306867403,184.5650619386597,8369614,ICICIBANK.NS
2013-01-28,187.72735595703125,188.38189933523287,184.872607038793,185.10130674533633,15775364,ICICIBANK.NS
2013-01-29,189.4543914794922,193.68131203085076,186.4261522611699,188.61059309812316,27676544,ICICIBANK.NS
2013-01-30,191.26820373535156,192.821754937947,189.87237830472426,190.05375764789977,16929517,ICICIBANK.NS
2013-01-31,187.8693084716797,194.31221272557283,187.104359689057,190.36918772506647,38534611,ICICIBANK.NS
2013-02-01,184.7148895263672,189.78562208180068,184.16287581021894,188.31882273509612,13833055,ICICIBANK.NS
2013-02-04,186.38674926757812,189.7067736998548,185.79530406413897,186.74161903693567,21575075,ICICIBANK.NS
2013-02-05,183.91053771972656,186.00033814017928,183.27964783082194,183.9026487833653,12408572,ICICIBANK.NS
2013-02-06,182.20712280273438,185.00666235487424,181.5052590626647,185.00666235487424,10558658,ICICIBANK.NS
2013-02-07,180.5668182373047,184.05245686306125,179.2577315188639,181.7497349395657,16021500,ICICIBANK.NS
2013-02-08,178.24832153320312,181.33965905727888,177.4045231350872,180.75608963116142,13064034,ICICIBANK.NS
2013-02-11,177.07333374023438,178.91078087475861,176.18221483233708,178.5874536082493,12921150,ICICIBANK.NS
2013-02-12,178.0432891845703,178.85555831706984,175.7169004081863,176.884039264023,14740935,ICICIBANK.NS
2013-02-13,180.2119598388672,180.81129392629703,178.44548684613443,179.32871672426623,18682229,ICICIBANK.NS
2013-02-14,177.6253204345703,181.34753424116548,176.7420774271044,181.06362524843175,11742126,ICICIBANK.NS
2013-02-15,176.93923950195312,178.38238512717237,175.24374061569262,177.59376960450905,10179257,ICICIBANK.NS
2013-02-18,176.96290588378906,178.2246722803581,176.56860471214054,177.34142918452534,8438243,ICICIBANK.NS
2013-02-19,178.44546508789062,178.85554408916343,175.7957493036425,177.16003201437445,9649772,ICICIBANK.NS
2013-02-20,176.8919219970703,179.46277502200562,176.4424115389583,179.1709903182771,8424042,ICICIBANK.NS
2013-02-21,170.27554321289062,175.7563415998986,169.70775162404752,175.42512542758365,18339766,ICICIBANK.NS
2013-02-22,172.31800842285156,173.33531042393395,169.87333863540616,169.87333863540616,12275747,ICICIBANK.NS
2013-02-25,172.5309295654297,173.78480686173137,170.52786822864755,173.33529643744308,13709701,ICICIBANK.NS
2013-02-26,167.8150634765625,171.73443424993295,166.00915936147447,171.6003620774413,11043499,ICICIBANK.NS
2013-02-27,170.83543395996094,171.750219528819,168.60368596582273,168.69043777983634,14729671,ICICIBANK.NS
2013-02-28,164.09286499023438,172.67288917895,162.45256216054125,172.23126765905553,37422676,ICICIBANK.NS
2013-03-01,166.60853576660156,168.29615924384356,165.22059921110136,166.4744767964412,19070529,ICICIBANK.NS
2013-03-04,166.97129821777344,168.7377846241144,165.08654394756232,166.3167547518104,16475178,ICICIBANK.NS
2013-03-05,172.48361206054688,173.27221431328869,168.18571787028344,168.76139830897299,21050260,ICICIBANK.NS
2013-03-06,174.8100128173828,175.0702417839608,172.86214738032018,174.87309782525213,19993539,ICICIBANK.NS
2013-03-07,176.1979217529297,176.99441287185178,173.17757194271067,173.82422626390954,13692519,ICICIBANK.NS
2013-03-08,179.69143676757812,180.24346359552706,176.52125013765155,176.52125013765155,15786001,ICICIBANK.NS
2013-03-11,178.53224182128906,181.59991273328467,177.75151514658717,180.700904968012,16292661,ICICIBANK.NS
2013-03-12,177.13636779785156,179.4548673151277,175.85882373580006,178.2246436217349,13388914,ICICIBANK.NS
2013-03-13,171.23764038085938,175.8115554248175,170.76447629919235,175.68537215935376,14724347,ICICIBANK.NS
2013-03-14,175.17276000976562,176.01657163534279,167.18419393108647,171.44267026193975,32873681,ICICIBANK.NS
2013-03-15,168.36709594726562,173.95040991542712,166.55330283738715,173.66651416544045,39011340,ICICIBANK.NS
2013-03-18,165.82777404785156,166.50597087409733,163.31213067264778,165.76468904923948,23564761,ICICIBANK.NS
2013-03-19,162.8626708984375,169.06111146864114,161.04887735105714,168.13054788576528,34783644,ICICIBANK.NS
2013-03-20,157.96543884277344,163.20177323101854,157.17682318268012,162.6103147950661,18850507,ICICIBANK.NS
2013-03-21,163.29640197753906,167.06593694494416,159.47955986516266,159.8659721436034,36062972,ICICIBANK.NS
2013-03-22,162.1923370361328,165.4492627312414,160.48106022428794,164.5029478988229,20358745,ICICIBANK.NS
2013-03-25,159.70823669433594,165.39408131002546,159.11679152623827,164.08499447331224,15002658,ICICIBANK.NS
2013-03-26,161.01730346679688,161.97939613484346,158.06003828540278,158.24930653965603,14911814,ICICIBANK.NS
2013-03-28,164.8499298095703,166.60851377137746,158.6830459222167,161.67185373470977,30690621,ICICIBANK.NS
2013-04-01,165.8514862060547,167.18422676402054,163.79322819833638,166.71107587080644,11418841,ICICIBANK.NS
2013-04-02,165.1180877685547,166.24578211778044,163.89573941806933,166.03286025171107,8498853,ICICIBANK.NS
2013-04-03,162.67340087890625,167.61795054972802,161.71130803361257,165.4571761886202,14162923,ICICIBANK.NS
2013-04-04,159.1089324951172,161.34857003381057,158.13106165171078,160.6782486177841,18866171,ICICIBANK.NS
2013-04-05,157.42916870117188,159.10890316377294,155.3551462827312,159.10890316377294,28818724,ICICIBANK.NS
2013-04-08,156.00177001953125,158.52530244750818,155.71787427594222,156.88499975108968,12105428,ICICIBANK.NS
2013-04-09,156.1516571044922,160.8359648549328,155.07126984953317,157.1768350379394,20901188,ICICIBANK.NS
2013-04-10,158.39915466308594,158.87230547779214,154.83465302666517,157.33453223882486,22694012,ICICIBANK.NS
2013-04-11,164.06130981445312,165.4492460371698,161.54565307424105,161.64818274780754,30178714,ICICIBANK.NS
2013-04-12,164.87359619140625,165.74895039097174,161.86902351149672,162.6260833833311,11153571,ICICIBANK.NS
2013-04-15,165.1496124267578,168.587930894596,162.68916459172624,163.6354927185029,20935975,ICICIBANK.NS
2013-04-16,170.16513061523438,171.12722334852387,164.72376390084705,164.81839141615677,31681606,ICICIBANK.NS
2013-04-17,173.1223907470703,175.31472053171427,170.51210623689735,170.51210623689735,26780105,ICICIBANK.NS
2013-04-18,177.06541442871094,177.78304279379597,170.65405304416387,170.65405304416387,20986465,ICICIBANK.NS
2013-04-22,181.13462829589844,182.9089769280394,176.08754953585384,177.46761023771344,19837163,ICICIBANK.NS
2013-04-23,183.16131591796875,183.72912067243485,177.38084458632835,181.37907848948095,22457715,ICICIBANK.NS
2013-04-25,185.6927490234375,187.37248335112284,183.27173274942064,184.54927698123106,34175350,ICICIBANK.NS
2013-04-26,180.51165771484375,187.49868773972324,177.43609750889811,184.92784740730266,38868885,ICICIBANK.NS
2013-04-29,181.88380432128906,182.95630246619442,178.7767020388267,181.39486238938252,12108723,ICICIBANK.NS
2013-04-30,183.531982421875,184.84895814696264,180.1330954250163,182.56200073306192,16337541,ICICIBANK.NS
2013-05-02,184.8016357421875,187.21476315263942,182.95629990208454,182.98784240749626,15253199,ICICIBANK.NS
2013-05-03,178.21678161621094,184.5335024732406,176.94712629650132,184.16286811155555,21828449,ICICIBANK.NS
2013-05-06,180.21983337402344,181.22135749152008,174.95195735201096,177.83035969117915,13608061,ICICIBANK.NS
2013-05-07,183.5792999267578,184.84895525511112,180.11732797254388,180.27504049886585,16100205,ICICIBANK.NS
2013-05-08,182.6329803466797,185.4482979831961,180.68512797306084,184.53351234195898,13112506,ICICIBANK.NS
2013-05-09,181.7970428466797,183.76856186781174,180.40121754532592,182.95629274846118,8672928,ICICIBANK.NS
2013-05-10,183.80010986328125,184.51773825506837,181.43428961453418,181.85225758943943,10691846,ICICIBANK.NS
2013-05-13,181.18984985351562,185.5587190436489,180.62993391137178,183.11404881867944,10484056,ICICIBANK.NS
2013-05-14,180.97689819335938,183.98937280099452,180.10154406485523,181.85225232186352,11398414,ICICIBANK.NS
2013-05-15,187.88507080078125,189.07586316704044,181.6945203413325,181.8443571585357,19773429,ICICIBANK.NS
2013-05-16,190.44805908203125,192.26185251607845,186.86779259288105,186.8993351000206,16552888,ICICIBANK.NS
2013-05-17,194.0677490234375,195.08505109179674,189.74618746680517,190.06951469725965,15429496,ICICIBANK.NS
2013-05-20,190.810791015625,194.69071739683883,189.83292048552534,193.83114117927894,15072865,ICICIBANK.NS
2013-05-21,191.0000457763672,194.97461262144103,189.6120963360535,190.8107775369668,13731074,ICICIBANK.NS
2013-05-22,190.8581085205078,193.52358894296438,189.96697657715134,191.63093291663418,14560749,ICICIBANK.NS
2013-05-23,184.89625549316406,190.27455026053713,183.3111619348646,189.2651371838794,18462532,ICICIBANK.NS
2013-05-24,189.91966247558594,190.95274233137664,185.74795132360447,187.12012301705465,14106999,ICICIBANK.NS
2013-05-27,192.32492065429688,193.2081504861122,188.44498083307198,189.89601545298484,13687630,ICICIBANK.NS
2013-05-28,194.30433654785156,195.3216386796265,192.40380448806914,192.9715961015361,14966160,ICICIBANK.NS
2013-05-29,191.61520385742188,194.39109017131113,190.54269239970304,193.9967889653676,11424242,ICICIBANK.NS
2013-05-30,189.67483520507812,192.02412089761341,187.9830275906295,191.6312274802543,23897703,ICICIBANK.NS
2013-05-31,185.12857055664062,190.63696406751683,184.09424115763474,189.38614899774473,18191398,ICICIBANK.NS
2013-06-03,183.63722229003906,185.69786013147066,181.95343586084243,184.41497459217715,13596192,ICICIBANK.NS
2013-06-04,182.52272033691406,187.00480572846794,181.96146713410673,184.41498502569036,12805567,ICICIBANK.NS
2013-06-05,181.913330078125,183.57306689874616,179.60413628952813,182.79531465795122,14967551,ICICIBANK.NS
2013-06-06,185.15264892578125,186.46760501694237,180.09325483363904,180.88704915063414,10282987,ICICIBANK.NS
2013-06-07,183.08396911621094,185.6657820458296,182.60288537649245,183.9338832744464,13126982,ICICIBANK.NS
2013-06-10,179.25135803222656,185.66579952707622,177.8562190930896,183.77353484494947,16822921,ICICIBANK.NS
2013-06-11,172.6284637451172,178.4736180055072,172.11530946675728,177.51947134861862,31926708,ICICIBANK.NS
2013-06-12,173.39016723632812,174.6329613462879,171.39367029858815,171.62619792979996,17971541,ICICIBANK.NS
2013-06-13,171.40170288085938,173.73494649746107,170.94466856609233,171.5861181109905,14672218,ICICIBANK.NS
2013-06-14,176.74172973632812,177.11056020944693,172.3879259576421,174.2962192425562,19640098,ICICIBANK.NS
2013-06-17,176.62945556640625,177.33503251174727,173.2057493537372,176.3969279387721,14558142,ICICIBANK.NS
2013-06-18,174.94569396972656,176.30876266181062,173.99956821129825,175.89984070838335,10463062,ICICIBANK.NS
2013-06-19,174.26412963867188,174.95367809065783,172.86899077762268,174.28017159574912,7688026,ICICIBANK.NS
2013-06-20,167.76150512695312,171.26539438314825,166.24609189851932,171.26539438314825,26143441,ICICIBANK.NS
2013-06-21,167.55303955078125,168.37889083607567,164.5542835670257,166.1659081594901,22564300,ICICIBANK.NS
2013-06-24,168.2425994873047,169.02035186861661,165.05142054232948,166.21403189559857,22071538,ICICIBANK.NS
2013-06-25,165.6287078857422,169.42124477619834,164.8750050202391,169.18069615434985,28836703,ICICIBANK.NS
2013-06-26,164.5542755126953,167.865728386658,163.77652322242562,166.7432086036623,22165990,ICICIBANK.NS
2013-06-27,165.2598876953125,167.41673715680724,164.40195242360107,166.93565334125142,34649395,ICICIBANK.NS
2013-06-28,171.7064208984375,172.57236379673137,167.4167574772362,168.05820712850718,26626495,ICICIBANK.NS
2013-07-01,171.24937438964844,172.2035210895552,169.82216482973965,170.4074810343201,11799568,ICICIBANK.NS
2013-07-02,173.04537963867188,173.83115289267116,171.36961424498008,171.68231127611156,15842376,ICICIBANK.NS
2013-07-03,170.62393188476562,171.85870496484193,169.37311684816126,170.23907296628124,18527223,ICICIBANK.NS
2013-07-04,170.5758514404297,171.5540610635186,167.76954478941897,170.62396386101335,16176704,ICICIBANK.NS
2013-07-05,168.62747192382812,172.7086569132312,168.22657096110285,172.22757306635683,15904383,ICICIBANK.NS
2013-07-08,164.84292602539062,166.59888780828794,163.74445570001802,165.89329739529927,19362282,ICICIBANK.NS
2013-07-09,165.8692626953125,167.09602851279502,164.4661160670799,166.6149446701364,21259342,ICICIBANK.NS
2013-07-10,166.54278564453125,168.3789171834994,165.9735113866604,166.28620848788094,11910833,ICICIBANK.NS
2013-07-11,169.6537322998047,172.17140416446867,168.37084689227464,169.5414789855198,11951973,ICICIBANK.NS
2013-07-12,170.04664611816406,171.34556017966352,168.61943677144478,171.2814192660626,10987867,ICICIBANK.NS
2013-07-15,170.15089416503906,170.68809791753952,168.4751285300001,169.3410713175565,10010192,ICICIBANK.NS
2013-07-16,160.91409301757812,166.1338392472786,159.89580552093233,165.97348695923492,35235590,ICICIBANK.NS
2013-07-17,157.1937255859375,162.22905683179948,155.25336187263156,161.78806446704726,33010593,ICICIBANK.NS
2013-07-18,157.86721801757812,159.0057796793042,152.88802103875503,157.15362014578744,40802025,ICICIBANK.NS
2013-07-19,153.83412170410156,158.54873331614013,153.03232012091465,157.79503067649463,29801794,ICICIBANK.NS
2013-07-22,156.26364135742188,156.7447251589475,153.36913102702425,153.94642620564744,14668846,ICICIBANK.NS
2013-07-23,158.7011260986328,159.4227585696387,157.59464809806047,158.75725949854265,19862078,ICICIBANK.NS
2013-07-24,152.63145446777344,155.87073199462557,151.18018223252488,155.87073199462557,25522145,ICICIBANK.NS
2013-07-25,149.91331481933594,152.65547965879657,148.79078175662195,150.8995316442819,29546368,ICICIBANK.NS
2013-07-26,149.38414001464844,152.6154099672203,147.42773458243136,151.3886444006785,24788945,ICICIBANK.NS
2013-07-29,148.91107177734375,150.8835056356873,148.02908718829337,149.24783173174757,17053421,ICICIBANK.NS
2013-07-30,148.50218200683594,151.43678395207417,148.013077196623,149.3360543659038,23377365,ICICIBANK.NS
2013-07-31,145.7760467529297,148.33381072284746,143.05793047603987,148.33381072284746,42761911,ICICIBANK.NS
2013-08-01,146.60191345214844,148.65453067146234,143.04190378014837,148.65453067146234,29563572,ICICIBANK.NS
2013-08-02,142.25611877441406,147.50793572013342,141.79107692917813,147.21126715013253,32469283,ICICIBANK.NS
2013-08-05,144.71763610839844,145.84817682238116,139.16915142175472,142.87348404558014,13765306,ICICIBANK.NS
2013-08-06,138.92861938476562,143.68330996367234,138.32726134190133,143.68330996367234,24008127,ICICIBANK.NS
2013-08-07,139.23329162597656,141.06942270140053,137.99049759889314,139.19320019368192,24653909,ICICIBANK.NS
2013-08-08,140.3237762451172,141.79908465998116,138.27114573196332,139.51395341089423,23881990,ICICIBANK.NS
2013-08-12,139.04087829589844,142.93764772487876,138.16691453586398,141.83917729030017,31439567,ICICIBANK.NS
2013-08-13,143.13009643554688,143.94794032735476,136.48313985013328,137.60567332085395,22996369,ICICIBANK.NS
2013-08-14,145.2788848876953,146.56177019622643,142.16787623874396,143.52292342531697,24325284,ICICIBANK.NS
2013-08-16,137.68582153320312,143.74746096706673,137.26889212947833,143.36260202070397,34698262,ICICIBANK.NS
2013-08-19,130.75022888183594,138.1669163885466,129.89229361103963,138.1669163885466,32644062,ICICIBANK.NS
2013-08-20,133.1636199951172,133.8772312770504,126.50864469469856,127.79955101764655,36937593,ICICIBANK.NS
2013-08-21,133.02732849121094,141.12555553880705,128.8900245831225,139.241312060383,63672988,ICICIBANK.NS
2013-08-22,133.27590942382812,133.98952089916116,128.60940850889452,132.61843134714883,41854169,ICICIBANK.NS
2013-08-23,136.79583740234375,138.87250393869354,131.7204147004987,134.06167934821852,43210046,ICICIBANK.NS
2013-08-26,133.1716766357422,137.62971281681052,131.67230524823407,136.7156576044153,36175271,ICICIBANK.NS
2013-08-27,128.7056427001953,132.13735713234232,128.28869977282312,131.31952669583347,39921134,ICICIBANK.NS
2013-08-28,127.70333862304688,129.67577230245445,121.37710232341617,127.00576930149877,43588979,ICICIBANK.NS
2013-08-29,129.4432830810547,131.17516852332244,127.10200511802879,130.59787337589987,30345694,ICICIBANK.NS
2013-08-30,128.89002990722656,132.682553038793,127.72740524323,130.0285916361362,81385683,ICICIBANK.NS
2013-09-02,132.55429077148438,133.53248690952083,129.74797074000722,130.5497860761574,25276520,ICICIBANK.NS
2013-09-03,125.6507568359375,133.7409643910176,124.52822344598562,133.7409643910176,31504698,ICICIBANK.NS
2013-09-04,131.13507080078125,131.87273158165183,125.08143981106939,125.65874832958734,31392993,ICICIBANK.NS
2013-09-05,143.3144989013672,145.53550270441679,138.6159276197303,139.0328705085172,48903976,ICICIBANK.NS
2013-09-06,153.6898193359375,154.55576193630984,144.5973547419466,144.5973547419466,57729875,ICICIBANK.NS
2013-09-10,155.48587036132812,157.47434624729172,154.114781018325,154.42749150796487,38762086,ICICIBANK.NS
2013-09-11,155.50990295410156,156.81685124482445,152.05412673476525,154.74819271647502,20022057,ICICIBANK.NS
2013-09-12,152.53524780273438,153.7860630159472,150.77929929980615,153.77003451517322,25472507,ICICIBANK.NS
2013-09-13,151.05189514160156,153.9303631183699,149.50441159307462,150.7391846574246,21111519,ICICIBANK.NS
2013-09-16,155.5419921875,158.59686794232923,152.50315838947014,155.55001316589968,28962010,ICICIBANK.NS
2013-09-17,154.33929443359375,156.31974942813858,153.0323594016537,154.74821630674538,17370347,ICICIBANK.NS
2013-09-18,156.0471649169922,156.48013632662912,154.32328680016323,155.21327910063255,16914892,ICICIBANK.NS
2013-09-19,166.17393493652344,170.68008331920998,164.53023982939615,164.53023982939615,49554114,ICICIBANK.NS
2013-09-20,158.3162384033203,166.1338256391681,153.9784772162323,165.57255903194323,30961557,ICICIBANK.NS
2013-09-23,151.26837158203125,156.26361038203746,149.55250142877833,154.10674795297007,21412435,ICICIBANK.NS
2013-09-24,151.51695251464844,153.7219142550738,149.48838502185342,149.48838502185342,13807678,ICICIBANK.NS
2013-09-25,149.969482421875,153.1446329995518,147.22731671062297,151.86174727574794,16844844,ICICIBANK.NS
2013-09-26,151.7174072265625,153.433264175032,149.80109309676752,150.24208543766534,17722391,ICICIBANK.NS
2013-09-27,148.06117248535156,152.10226542728017,146.78630788403424,152.08622346964555,16665368,ICICIBANK.NS
2013-09-30,141.702880859375,146.9707400531624,140.98926936469633,145.41523522000915,18900326,ICICIBANK.NS
2013-10-01,146.04861450195312,146.73014184746123,141.75895291911237,142.71311273564797,21525163,ICICIBANK.NS
2013-10-03,150.3944091796875,150.77926807280608,145.15862175680365,147.37160413078857,23232891,ICICIBANK.NS
2013-10-04,149.23184204101562,151.41275480143727,147.54805513730267,149.45634875591355,13725492,ICICIBANK.NS
2013-10-07,146.92262268066406,147.53198833419512,143.20224746568394,147.4197349956474,17777111,ICICIBANK.NS
2013-10-08,150.27418518066406,152.72770350172638,149.51247465922077,151.87778911170696,16082632,ICICIBANK.NS
2013-10-09,152.40695190429688,153.14461278034548,145.60765173681713,147.69233908051115,24777016,ICICIBANK.NS
2013-10-10,152.0301055908203,153.47335693475475,149.8171228883912,151.38064854215807,15558823,ICICIBANK.NS
2013-10-11,159.88778686523438,160.64949725405987,152.50317024648885,154.1067738983359,28277942,ICICIBANK.NS
2013-10-14,159.90382385253906,161.14661798988908,158.20399542128993,159.09400107276625,15013905,ICICIBANK.NS
2013-10-15,156.2796630859375,161.15464180801354,155.72641741105753,160.7136494638926,10947931,ICICIBANK.NS
2013-10-17,154.732177734375,158.05967272692195,153.6096578968286,156.472097613491,23994982,ICICIBANK.NS
2013-10-18,161.78001403808594,162.5096537996291,155.87070715127192,155.87070715127192,24448578,ICICIBANK.NS
2013-10-21,162.00457763671875,164.47412432661602,160.92213562137746,161.96448619481572,14406821,ICICIBANK.NS
2013-10-22,161.988525390625,164.69059958037647,160.04014065314743,160.04014065314743,17948997,ICICIBANK.NS
2013-10-23,164.4901580810547,164.8509675821629,161.20275421513884,162.2851961764829,16787435,ICICIBANK.NS
2013-10-24,163.71237182617188,168.02608336234016,162.34128254746471,163.7284137820236,17110005,ICICIBANK.NS
2013-10-25,163.9208526611328,166.45455333229407,161.3550815331237,164.43400688673464,35171977,ICICIBANK.NS
2013-10-28,162.7662811279297,166.91962782535578,161.8041134796113,164.20953260040727,18652799,ICICIBANK.NS
2013-10-29,172.331787109375,173.09349745227743,160.8659866990866,163.7204053338491,29328299,ICICIBANK.NS
2013-10-30,176.23658752441406,177.50344473270547,173.0935209005839,173.5104503449172,28588340,ICICIBANK.NS
2013-10-31,179.75650024414062,181.20775908374185,174.41647978507126,175.2904434803465,31071430,ICICIBANK.NS
2013-11-01,181.76101684570312,182.81137485408712,177.54352939550785,179.57209697245185,18527624,ICICIBANK.NS
2013-11-05,175.75552368164062,182.1378959523691,175.1060665024291,179.01887845481664,21797308,ICICIBANK.NS
2013-11-06,173.2538299560547,176.3969092533409,172.6364434652712,176.3969092533409,15238751,ICICIBANK.NS
2013-11-07,168.61141967773438,175.11405148781805,168.2185262923356,174.07170105670534,20711839,ICICIBANK.NS
2013-11-08,168.3628692626953,169.59764248102718,166.93564637654714,168.04213776035976,14738262,ICICIBANK.NS
2013-11-11,166.3262939453125,168.82792449714086,164.41800057026646,166.46259676981012,14205246,ICICIBANK.NS
2013-11-12,162.4054718017578,167.25638803081188,161.65978985479342,166.45457268432415,17580420,ICICIBANK.NS
2013-11-13,162.75021362304688,164.03309913343392,159.67128839811795,160.26462547005022,19424333,ICICIBANK.NS
2013-11-14,168.7156524658203,171.24133221926175,164.6825804560169,164.6825804560169,18201832,ICICIBANK.NS
2013-11-18,172.1714324951172,174.44053517137567,169.8381754444134,170.46358302462056,18228419,ICICIBANK.NS
2013-11-19,173.9915008544922,174.74520363466408,171.58609565644844,172.82086870981553,17385560,ICICIBANK.NS
2013-11-20,168.2425994873047,172.70864312279048,166.95169283803716,172.70864312279048,12389960,ICICIBANK.NS
2013-11-21,165.21176147460938,166.95970233197755,163.8887844568568,166.75924515140073,13863921,ICICIBANK.NS
2013-11-22,163.65625,167.36860347696967,162.2611112617011,166.7752664455985,17010537,ICICIBANK.NS
2013-11-25,172.3237762451172,173.02134571667997,165.54852525664091,166.053658522044,20881300,ICICIBANK.NS
2013-11-26,167.3766326904297,173.91134840229165,166.5908728373256,170.94466286092452,20095630,ICICIBANK.NS
2013-11-27,167.2002410888672,169.5815970804659,166.2701574334258,169.50142766452805,14816301,ICICIBANK.NS
2013-11-28,166.4706268310547,170.72018522586103,165.24386096959304,169.5495527680323,21809337,ICICIBANK.NS
2013-11-29,171.36959838867188,172.059146755431,167.4166964655918,167.5770621844727,12891444,ICICIBANK.NS
2013-12-02,174.5207061767578,176.39692878977732,171.6502455946677,171.6502455946677,15862258,ICICIBANK.NS
2013-12-03,174.0556640625,176.34881605780956,173.03736315973347,174.1278259529465,13775069,ICICIBANK.NS
2013-12-04,170.98477172851562,172.9331565181977,170.0226040742001,172.9331565181977,16082533,ICICIBANK.NS
2013-12-05,182.14588928222656,182.89155774063647,177.7600150981598,177.7600150981598,43417099,ICICIBANK.NS
2013-12-06,183.436767578125,184.0301046713902,180.06919467453295,182.07369915095254,18361233,ICICIBANK.NS
2013-12-09,192.7056427001953,193.49141605342314,191.0058141569786,192.4330370680686,33902616,ICICIBANK.NS
2013-12-10,185.75399780273438,192.9301499874736,185.02435784427814,192.43303768141163,27365360,ICICIBANK.NS
2013-12-11,185.75399780273438,188.07121297329198,182.97976176473512,184.09426069272013,16227854,ICICIBANK.NS
2013-12-12,181.6246795654297,185.37712445726598,180.93511771908857,185.22477971116774,14555046,ICICIBANK.NS
2013-12-13,173.9915008544922,178.80232470859664,173.18969912181092,178.80232470859664,25356595,ICICIBANK.NS
2013-12-16,176.00405883789062,177.03036732105457,173.99151985035715,174.6329693813438,11417488,ICICIBANK.NS
2013-12-17,176.12432861328125,179.8447037822448,174.81739346423285,178.0005514274987,13249758,ICICIBANK.NS
2013-12-18,175.72341918945312,181.6407349393595,173.43827457589256,174.53675841429262,40179903,ICICIBANK.NS
2013-12-19,170.5437774658203,178.3052460784318,169.71792610126386,178.0005565177122,21106184,ICICIBANK.NS
2013-12-20,174.424560546875,174.88960252163713,170.92869110956667,171.5861693510666,15528089,ICICIBANK.NS
2013-12-23,176.08421325683594,177.50341500829185,174.31223649911266,174.31223649911266,11206459,ICICIBANK.NS
2013-12-24,176.21250915527344,177.98449937724826,174.5207018003774,176.39692436634766,9597725,ICICIBANK.NS
2013-12-26,176.34078979492188,177.31899923390225,175.17015762586223,175.59512143532598,14374063,ICICIBANK.NS
2013-12-27,178.04061889648438,178.60990648500945,176.78178287711233,177.67980945348404,7796519,ICICIBANK.NS
2013-12-30,175.86773681640625,180.38991346917157,175.30648363542375,178.8023383805805,7419764,ICICIBANK.NS
2013-12-31,176.19650268554688,177.80814095597384,175.4428131908476,176.5733541619065,4356632,ICICIBANK.NS
2014-01-01,176.02810668945312,177.36712567577462,175.1140515462115,176.5412609262912,3102869,ICICIBANK.NS
2014-01-02,172.48414611816406,179.28344727877,171.60216132954307,175.77957106377045,11321513,ICICIBANK.NS
2014-01-03,171.07296752929688,172.387923647834,167.57709906092867,171.26540374269763,15567502,ICICIBANK.NS
2014-01-06,166.903564453125,171.4257410536316,165.98148836328622,170.94465729119324,14802265,ICICIBANK.NS
2014-01-07,168.37890625,169.85422816944592,164.18546815097218,167.5851253493509,18566515,ICICIBANK.NS
2014-01-08,169.06845092773438,170.59990621113758,167.30448144835282,169.02035196747352,18955475,ICICIBANK.NS
2014-01-09,168.5151824951172,170.8805097809501,167.13608563191798,170.7522279601954,19238686,ICICIBANK.NS
2014-01-10,164.28965759277344,169.11652303026406,163.35155313707372,167.95391195347025,21835286,ICICIBANK.NS
2014-01-13,169.1646728515625,170.1589109114413,165.1877206120473,165.1877206120473,17981914,ICICIBANK.NS
2014-01-14,166.2059783935547,170.14283848999452,165.6527327949831,168.69958734702305,16934159,ICICIBANK.NS
2014-01-15,169.7179412841797,171.39370710201203,167.24036005282773,167.57712010406223,18898968,ICICIBANK.NS
2014-01-16,169.8061065673828,171.02485128093232,168.22655237304988,171.02485128093232,8986741,ICICIBANK.NS
2014-01-17,165.90130615234375,170.28716615215552,165.3400395631297,168.9240978400738,9672228,ICICIBANK.NS
2014-01-20,167.41673278808594,168.05818234476155,164.8509614774213,165.89331196026208,10617040,ICICIBANK.NS
2014-01-21,172.8769989013672,173.18969591896297,168.18643597329702,168.8599558761418,14897789,ICICIBANK.NS
2014-01-22,174.46461486816406,174.95370622542484,171.45783753208337,173.2218071094012,12788578,ICICIBANK.NS
2014-01-23,173.10154724121094,174.95370723325217,171.92289385626657,174.95370723325217,10274170,ICICIBANK.NS
2014-01-24,169.69384765625,172.22754837560987,168.79583447337288,170.63998671234137,10283619,ICICIBANK.NS
2014-01-27,161.9324188232422,166.65504003971986,161.52349687444354,166.58287813452128,27904404,ICICIBANK.NS
2014-01-28,163.35159301757812,164.99528818971856,156.95319312834562,162.07672831899302,26612800,ICICIBANK.NS
2014-01-29,160.5853729248047,166.50268931422613,159.65528917051375,165.46035221606977,26522925,ICICIBANK.NS
2014-01-30,156.2796630859375,159.12607433345363,154.50768618855682,158.25211062412706,27447838,ICICIBANK.NS
2014-01-31,158.38841247558594,159.30246761594188,155.7825498631803,157.87525824036794,14484481,ICICIBANK.NS
2014-02-03,154.50770568847656,157.4743781620629,153.20877797090785,157.3140123955912,19562653,ICICIBANK.NS
2014-02-04,155.33352661132812,156.0310960257903,151.31648337990083,152.31874230767352,16988900,ICICIBANK.NS
2014-02-05,154.9486846923828,156.93714735141404,153.1847152457757,156.34382367440776,16441700,ICICIBANK.NS
2014-02-06,153.63369750976562,156.2556018993099,151.7093759892531,155.55001150998118,22979121,ICICIBANK.NS
2014-02-07,154.01858520507812,155.87074502098494,152.4229890566042,155.55002697867522,15640619,ICICIBANK.NS
2014-02-10,154.03460693359375,155.1972316551353,153.34505846263534,154.45154979087974,8923442,ICICIBANK.NS
2014-02-11,155.36561584472656,156.11129776142053,154.26714541799404,154.73218726450284,11240361,ICICIBANK.NS
2014-02-12,160.2325897216797,160.6415116695052,156.71267141956122,156.71267141956122,21465790,ICICIBANK.NS
2014-02-13,157.7309112548828,161.80407408012576,157.15361618967162,160.44100581992004,24636953,ICICIBANK.NS
2014-02-14,158.50869750976562,158.96571838185804,155.58210320881182,158.11580409889174,15133266,ICICIBANK.NS
2014-02-17,161.82815551757812,162.58185840870308,158.5968851769041,158.91761668360525,14271416,ICICIBANK.NS
2014-02-18,166.4224853515625,167.38465290338604,161.05040786024784,162.28518102834317,19122130,ICICIBANK.NS
2014-02-19,165.31600952148438,167.21629532491286,164.77880575936192,166.1178248619031,11779856,ICICIBANK.NS
2014-02-20,161.61968994140625,163.5680746189259,161.3230213741036,163.2313146134997,10389857,ICICIBANK.NS
2014-02-21,164.41796875,165.6286923506261,162.13282434686639,162.13282434686639,8404451,ICICIBANK.NS
2014-02-24,166.16592407226562,167.17620413537585,163.27943459970112,163.5841241603562,10661106,ICICIBANK.NS
2014-02-25,165.34808349609375,168.05817854051,164.37789493276398,167.38465853994956,15457821,ICICIBANK.NS
2014-02-26,166.2059783935547,166.7512030143173,164.86697304606682,165.34805676039065,10073030,ICICIBANK.NS
2014-02-28,167.3926544189453,168.1944561328975,165.33201674675928,167.5770696206353,15521473,ICICIBANK.NS
2014-03-03,165.1396026611328,168.53925960939014,163.79257613979564,166.32627689303604,18154565,ICICIBANK.NS
2014-03-04,171.44180297851562,171.90684483789465,165.49241635499683,165.49241635499683,15723317,ICICIBANK.NS
2014-03-05,176.30072021484375,176.79783247824608,170.89655894040965,172.38790918863447,21977021,ICICIBANK.NS
2014-03-06,181.8411865234375,182.94767784872568,176.93413745224566,177.15062313006055,23331583,ICICIBANK.NS
2014-03-07,192.73770141601562,197.24384963104208,182.68308148073976,183.62118609345856,45170196,ICICIBANK.NS
2014-03-10,191.40673828125,194.75026214071468,189.5866353299433,189.86726195565146,42221157,ICICIBANK.NS
2014-03-11,192.13636779785156,197.62069891779885,190.89356012514887,192.23257917507175,44639886,ICICIBANK.NS
2014-03-12,194.30123901367188,196.12132841553822,190.50870197715255,191.47086958556585,21739498,ICICIBANK.NS
2014-03-13,195.64024353027344,199.08799955968723,194.67807592717682,194.67807592717682,17975842,ICICIBANK.NS
2014-03-14,194.83843994140625,195.56807988747036,190.5086992241339,191.83969728127093,24014875,ICICIBANK.NS
2014-03-18,193.1546630859375,197.40422114086888,192.232586883034,194.83844973192845,19604816,ICICIBANK.NS
2014-03-19,194.02859497070312,196.21752801704307,192.91408273085167,194.19698168243085,18888683,ICICIBANK.NS
2014-03-20,192.55328369140625,195.60815956418548,191.975988552619,193.79607781874793,16807334,ICICIBANK.NS
2014-03-21,192.36087036132812,194.67807200855063,191.0378932982049,194.03663592474348,19290540,ICICIBANK.NS
2014-03-24,199.2002410888672,200.27466196391225,193.07446078398348,193.07446078398348,20422748,ICICIBANK.NS
2014-03-25,200.8599853515625,201.88629384901677,197.885292213157,198.52674175307519,16143154,ICICIBANK.NS
2014-03-26,201.493408203125,203.4498137677198,200.70763489414318,202.58385758626784,13291063,ICICIBANK.NS
2014-03-27,201.89431762695312,204.6204546578654,199.82565864521092,202.07071187901994,35664090,ICICIBANK.NS
2014-03-28,201.9263916015625,203.81865636418533,200.13035167484705,203.49792485518617,11252411,ICICIBANK.NS
2014-03-31,199.6573028564453,204.13938873737322,198.92766284671566,204.13938873737322,13578647,ICICIBANK.NS
2014-04-01,196.27366638183594,201.77403929317222,195.41573116012455,200.81989269716453,23417124,ICICIBANK.NS
2014-04-02,199.3365478515625,200.81987707785765,197.26788907193028,197.26788907193028,21486437,ICICIBANK.NS
2014-04-03,197.84519958496094,199.7615137560848,196.4500606385052,199.6412394446956,27446622,ICICIBANK.NS
2014-04-04,197.31602478027344,199.63323995793263,194.87853528638456,197.24386288213944,13921022,ICICIBANK.NS
2014-04-07,193.9003448486328,198.14990289963632,192.81790288691374,197.61269913758014,21844784,ICICIBANK.NS
2014-04-09,202.0226287841797,202.6159525044476,194.3573713453532,196.2015238027286,25150895,ICICIBANK.NS
2014-04-10,200.02610778808594,203.6342293922016,198.36637077355127,200.61142391704504,21686857,ICICIBANK.NS
2014-04-11,198.21400451660156,199.1360805358151,196.7146334098863,198.04563126875246,16585882,ICICIBANK.NS
2014-04-15,195.55206298828125,199.06396011276314,194.90259242154724,198.60693922597062,12426375,ICICIBANK.NS
2014-04-16,196.0491485595703,198.36636351199994,194.45356597635814,194.45356597635814,10880776,ICICIBANK.NS
2014-04-17,202.51171875,204.1794769300026,196.8189091106917,197.25990150146924,15660562,ICICIBANK.NS
2014-04-21,205.58261108398438,207.17018618237972,201.62970856649378,203.4979102571134,17192499,ICICIBANK.NS
2014-04-22,206.84942626953125,208.24456497620463,203.65824801180835,205.1896895064854,10952617,ICICIBANK.NS
2014-04-23,208.39694213867188,209.2709058462092,205.48638998182886,206.72919759654934,28399723,ICICIBANK.NS
2014-04-24,208.39694213867188,208.39694213867188,208.39694213867188,208.39694213867188,0,ICICIBANK.NS
2014-04-25,203.73846435546875,211.43577798211632,201.4693617043025,209.18271728888865,26271410,ICICIBANK.NS
2014-04-28,204.54026794433594,205.90333643421758,200.63547770248687,204.4600850699867,19357426,ICICIBANK.NS
2014-04-29,202.50372314453125,205.18174810782,200.54731724206204,204.62048136161562,12507649,ICICIBANK.NS
2014-04-30,199.39268493652344,205.09351508049957,198.04565839517744,203.41774951840785,19888929,ICICIBANK.NS
2014-05-02,200.83592224121094,202.7281733582044,199.97798707252997,200.45104985177835,9145994,ICICIBANK.NS
2014-05-05,200.84393310546875,204.78079335928382,198.5267182810851,199.84969518385725,14052241,ICICIBANK.NS
2014-05-06,204.55628967285156,205.26186659810259,202.7281660757437,202.7281660757437,7045379,ICICIBANK.NS
2014-05-07,203.7625274658203,204.78082849654552,201.52549512285808,204.62046273850518,28329075,ICICIBANK.NS
2014-05-08,206.7051544189453,207.95596967411268,203.05694101503724,204.444072550461,16439945,ICICIBANK.NS
2014-05-09,221.073486328125,223.04593403685274,205.58263300818018,206.08776631126068,34424511,ICICIBANK.NS
2014-05-12,224.2967071533203,226.7983237180352,218.1147939833766,221.62669042251022,28438118,ICICIBANK.NS
2014-05-13,224.63351440429688,228.99532616750034,223.46288194132813,227.39172226612186,22394201,ICICIBANK.NS
2014-05-14,226.0125732421875,226.68609318618613,220.8489472542331,222.42049379022987,20961468,ICICIBANK.NS
2014-05-15,223.7194366455078,226.0927852542794,222.1238538845754,226.0126023756556,22401164,ICICIBANK.NS
2014-05-16,234.9767608642578,255.4869156470484,227.3435880961511,232.52322951049337,64509505,ICICIBANK.NS
2014-05-19,235.473876953125,239.50694908796694,231.7615363204873,237.49443696814413,42620820,ICICIBANK.NS
2014-05-20,232.5072021484375,238.1358565939524,230.99979649153107,237.3260338313043,22394427,ICICIBANK.NS
2014-05-21,231.0078582763672,233.63777074587267,227.88882752180976,233.32506018920674,19602885,ICICIBANK.NS
2014-05-22,232.7637939453125,238.13588538922102,231.25641502217016,231.25641502217016,17050280,ICICIBANK.NS
2014-05-23,234.25511169433594,235.6903284347169,231.72139779315032,234.15086589643835,18774596,ICICIBANK.NS
2014-05-26,233.25286865234375,240.23658433976834,231.72142689969542,233.80612779123837,22024612,ICICIBANK.NS
2014-05-27,232.05821228027344,233.42126737600327,228.92313980282972,231.72143880901947,10500330,ICICIBANK.NS
2014-05-28,233.51748657226562,235.53801968682967,231.12809607769967,232.53125603660808,13082932,ICICIBANK.NS
2014-05-29,230.4305419921875,235.650288470283,228.80287534946427,233.80613613488507,24559144,ICICIBANK.NS
2014-05-30,227.39968872070312,232.2666461197439,225.26688904509982,230.99978911332508,17143027,ICICIBANK.NS
2014-06-02,234.8003387451172,235.73044926298718,226.12481606023408,226.3092447345148,15135730,ICICIBANK.NS
2014-06-03,233.8622589111328,236.9652474598205,230.92765709746985,234.4796589955313,19736579,ICICIBANK.NS
2014-06-04,239.4100341796875,242.2043032061811,235.2715887613424,237.86220215652662,12880208,ICICIBANK.NS
2014-06-05,242.18252563476562,243.48187151757642,237.9120675463179,239.50934978114097,21069081,ICICIBANK.NS
2014-06-06,246.01434326171875,248.83648743763405,241.6611495451362,243.74670411732598,21390919,ICICIBANK.NS
2014-06-09,246.99093627929688,250.21861757385759,245.5509011216856,245.98952661255757,21202940,ICICIBANK.NS
2014-06-10,245.17845153808594,247.0405815521881,243.9784270128401,247.0405815521881,10364431,ICICIBANK.NS
2014-06-11,243.29978942871094,248.6295829967749,241.66113947598134,244.64050302639876,12749231,ICICIBANK.NS
2014-06-12,241.56185913085938,243.9784667687962,239.69972881332566,243.31638895425937,11788678,ICICIBANK.NS
2014-06-13,236.42239379882812,244.80603520495347,235.30510465871242,242.04184475846918,16782672,ICICIBANK.NS
2014-06-16,234.03884887695312,236.52993997291222,231.89534090374585,235.6361309868062,13089175,ICICIBANK.NS
2014-06-17,239.92315673828125,240.31213540218138,232.88850774534055,234.04716463970203,15687243,ICICIBANK.NS
2014-06-18,235.28858947753906,241.2887125929792,233.757512083031,239.31900972388408,13210807,ICICIBANK.NS
2014-06-19,233.67474365234375,237.61414930223202,231.27468056886204,237.0927606464769,16235054,ICICIBANK.NS
2014-06-20,231.2084503173828,235.8678729942521,230.4884328600968,234.21266491946628,16995341,ICICIBANK.NS
2014-06-23,234.08023071289062,234.95750934210005,231.30776131286225,231.72984243438313,11711777,ICICIBANK.NS
2014-06-24,238.23484802246094,239.32727208377568,234.49405753941514,236.03341392377277,12547546,ICICIBANK.NS
2014-06-25,235.12303161621094,237.3575541775443,234.59336392216863,237.3575541775443,6914721,ICICIBANK.NS
2014-06-26,232.16845703125,236.8775541385139,231.72983162820114,236.0333919348377,14728395,ICICIBANK.NS
2014-06-27,229.18911743164062,233.41818045814168,227.8401107253413,232.55747381197676,14970114,ICICIBANK.NS
2014-06-30,234.7340850830078,236.81136066113663,230.40570066083674,230.40570066083674,13310649,ICICIBANK.NS
2014-07-01,238.02793884277344,240.26248944819838,235.13133826995684,235.13133826995684,15801005,ICICIBANK.NS
2014-07-02,240.3369903564453,241.8266723428105,239.75767575779392,240.83354175783109,13500459,ICICIBANK.NS
2014-07-03,240.67628479003906,242.48874018546974,240.00590021829035,240.45280474465378,13249676,ICICIBANK.NS
2014-07-04,242.13284301757812,242.81975798018448,237.52308102888415,240.8666135635555,7890861,ICICIBANK.NS
2014-07-07,240.2293701171875,243.13427753400842,238.72313005874867,243.13427753400842,10595145,ICICIBANK.NS
2014-07-08,233.58370971679688,242.6294573291553,231.49814112809517,242.6294573291553,11441408,ICICIBANK.NS
2014-07-09,232.23471069335938,235.7685795177202,230.91880650491566,233.56714529438884,15815585,ICICIBANK.NS
2014-07-10,229.9091339111328,241.131492213357,227.0373428107497,232.59057522508033,21087066,ICICIBANK.NS
2014-07-11,224.54620361328125,232.62364272992602,223.6192921129685,229.4125341360016,12540753,ICICIBANK.NS
2014-07-14,222.50205993652344,227.57528549821873,220.6896042848021,227.57528549821873,17222782,ICICIBANK.NS
2014-07-15,230.83599853515625,232.02775770479096,224.3558419098245,224.94344934440213,20701505,ICICIBANK.NS
2014-07-16,241.80181884765625,243.03493191997518,233.78229152724703,233.82368700945398,34666637,ICICIBANK.NS
2014-07-17,240.10525512695312,241.56184848048042,238.5493681640588,241.56184848048042,13358004,ICICIBANK.NS
2014-07-18,245.04608154296875,246.1964594571655,237.52313173400074,237.52313173400074,22105369,ICICIBANK.NS
2014-07-21,245.4019012451172,247.72749396426929,244.317756304616,246.29571030710125,10873830,ICICIBANK.NS
2014-07-22,245.50949096679688,246.61019405257454,242.778389320004,246.22121543362977,9693398,ICICIBANK.NS
2014-07-23,249.275146484375,250.33448210746505,246.82542243765096,247.72753854091235,22595353,ICICIBANK.NS
2014-07-24,249.34129333496094,249.73855104652074,246.63502900297675,249.09303157466312,18655884,ICICIBANK.NS
2014-07-25,244.25152587890625,249.167531331489,243.22530682354818,248.497146746352,11547481,ICICIBANK.NS
2014-07-28,240.17144775390625,245.69985670847447,238.78108725453006,245.63365171157142,7511350,ICICIBANK.NS
2014-07-30,246.3701934814453,247.78541893987273,239.1782977463309,240.81697546942522,16305135,ICICIBANK.NS
2014-07-31,243.52325439453125,249.10958912509068,242.6873711810282,247.41301318867323,21827960,ICICIBANK.NS
2014-08-01,244.25152587890625,249.02681446767966,241.37145590779926,242.04184049293627,25283104,ICICIBANK.NS
2014-08-04,246.8585205078125,248.4475238245057,245.0709021948602,246.9744000922854,11518006,ICICIBANK.NS
2014-08-05,246.05572509765625,248.08335365973932,242.67079698087454,246.64331870285275,10886089,ICICIBANK.NS
2014-08-06,239.5259246826172,245.9233053826439,238.7645255560959,244.9550121710608,11961031,ICICIBANK.NS
2014-08-07,239.15350341796875,242.95221994062226,238.5162351881716,240.66802256868647,10130070,ICICIBANK.NS
2014-08-08,237.87896728515625,238.57416141437938,233.68302078247586,236.6955008935706,14898592,ICICIBANK.NS
2014-08-11,238.49964904785156,240.48590981525035,237.37410868824617,239.33553216683674,7812183,ICICIBANK.NS
2014-08-12,242.2073211669922,242.80319383663425,238.36723741696449,240.92453355157897,7573830,ICICIBANK.NS
2014-08-13,240.37008666992188,242.48875766564817,239.012787017467,240.86663802983028,9495711,ICICIBANK.NS
2014-08-14,244.9136199951172,246.5605489781943,241.36316560373186,241.36316560373186,13636485,ICICIBANK.NS
2014-08-18,253.36346435546875,254.4062693320931,245.2777598772013,246.04743801953248,21247732,ICICIBANK.NS
2014-08-19,255.38279724121094,258.08906113234985,252.6434169702523,254.90277642701218,18915512,ICICIBANK.NS
2014-08-20,255.35804748535156,256.64911444349553,253.5786804506794,255.73046797498853,9462876,ICICIBANK.NS
2014-08-21,255.72219848632812,258.84227940093496,253.66973227620025,254.90287337833942,15249839,ICICIBANK.NS
2014-08-22,254.82835388183594,257.50980891773384,254.3483329517382,255.74700025726202,13225470,ICICIBANK.NS
2014-08-25,250.64895629882812,256.88911771830806,249.63926756516463,255.316672608201,6260974,ICICIBANK.NS
2014-08-26,249.61444091796875,251.1703277261394,245.31914538265764,245.7991663149572,9349499,ICICIBANK.NS
2014-08-27,254.95252990722656,256.3925651702517,251.97316576456035,253.74422605332094,12302625,ICICIBANK.NS
2014-08-28,257.6835632324219,258.8753363526054,255.39936614648926,255.39936614648926,22862356,ICICIBANK.NS
2014-09-01,264.552734375,265.2975752723127,257.8822271223037,257.8822271223037,14692249,ICICIBANK.NS
2014-09-02,263.3609619140625,267.9541654976211,262.8478246532775,264.8175271716931,12260539,ICICIBANK.NS
2014-09-03,261.6561279296875,265.0575868314932,260.44782419983255,264.66860815675534,9697814,ICICIBANK.NS
2014-09-04,260.1415710449219,262.35956318837214,255.2835195363355,261.9705845699661,15945864,ICICIBANK.NS
2014-09-05,256.0697937011719,261.6147609879075,254.39802719577807,260.14160947814406,12019744,ICICIBANK.NS
2014-09-08,259.50433349609375,260.191248536068,256.3760015514556,258.6270825637489,8527112,ICICIBANK.NS
2014-09-09,255.85459899902344,258.67674340601997,254.82010072534115,258.67674340601997,8552346,ICICIBANK.NS
2014-09-10,259.8849792480469,261.15951546031806,256.0780121490995,258.87531853162955,14187943,ICICIBANK.NS
2014-09-11,259.1816101074219,262.3513378139275,258.47813681169185,261.0271544209185,9666635,ICICIBANK.NS
2014-09-12,258.9416198730469,260.53062339967664,257.73331597619955,260.53062339967664,6356713,ICICIBANK.NS
2014-09-15,257.112548828125,258.45326244273406,254.67110427956078,257.64221655290686,7465540,ICICIBANK.NS
2014-09-16,252.54415893554688,257.74154268097243,251.86552301886323,256.72357491484456,7520914,ICICIBANK.NS
2014-09-17,253.2062225341797,255.51525701083386,252.4200139643602,253.61175935504457,10495633,ICICIBANK.NS
2014-09-18,259.0408935546875,259.3719463489163,252.00624393499143,252.4200599277775,6706084,ICICIBANK.NS
2014-09-19,260.2326354980469,260.94436002454233,257.6339436111184,259.8519359435708,10378769,ICICIBANK.NS
2014-09-22,261.33331298828125,263.86579963187455,257.609080998151,258.2132327676818,10506210,ICICIBANK.NS
2014-09-23,254.65460205078125,263.47689852622227,253.82699778531634,261.35822716147845,21190009,ICICIBANK.NS
2014-09-24,250.9965057373047,256.5580304489232,247.9757468222406,254.73729600343765,17279366,ICICIBANK.NS
2014-09-25,242.53839111328125,251.53446325255587,240.41972023420487,250.10270736803972,30332934,ICICIBANK.NS
2014-09-26,244.6322479248047,245.35227937491706,237.52311462595236,242.65426593915046,18873354,ICICIBANK.NS
2014-09-29,241.41285705566406,244.97156301001843,240.49421067306173,244.85568343396343,7073148,ICICIBANK.NS
2014-09-30,237.28306579589844,242.96872125306086,236.2816563185276,240.8334923227567,13333391,ICICIBANK.NS
2014-10-01,236.50515747070312,238.84728066973045,234.8747587905266,238.84728066973045,10776667,ICICIBANK.NS
2014-10-07,236.63755798339844,241.0817937374969,234.21267169379357,234.21267169379357,18449612,ICICIBANK.NS
2014-10-08,239.76589965820312,240.775560424431,236.19891502783702,236.29820861593063,10532802,ICICIBANK.NS
2014-10-09,246.36192321777344,247.42125856483386,240.8334873567128,240.8334873567128,12238358,ICICIBANK.NS
2014-10-10,241.4873504638672,245.38536063535432,240.56870404582097,243.48189058496968,9018405,ICICIBANK.NS
2014-10-13,244.62391662597656,245.1867006662757,237.82100026067607,239.50932459937277,9459494,ICICIBANK.NS
2014-10-14,244.64877319335938,246.17157130008042,240.22109573101102,245.78259267692852,11288403,ICICIBANK.NS
2014-10-15,244.64877319335938,244.64877319335938,244.64877319335938,244.64877319335938,0,ICICIBANK.NS
2014-10-16,241.7521514892578,247.30539726647862,240.27902792275032,243.64737007586848,15670605,ICICIBANK.NS
2014-10-17,249.1427001953125,250.16066796119608,243.3163551167863,243.60601238397612,14839423,ICICIBANK.NS
2014-10-20,254.3897247314453,256.367706537296,252.55243200735242,256.367706537296,13952152,ICICIBANK.NS
2014-10-21,261.8713073730469,262.58305974116826,254.9028630160588,254.9028630160588,15513168,ICICIBANK.NS
2014-10-22,260.0340270996094,263.8244649511748,258.6022709781116,263.50999813174656,8615480,ICICIBANK.NS
2014-10-27,260.3733215332031,262.8478547172015,259.4877915428949,261.9126779272233,11126714,ICICIBANK.NS
2014-10-28,265.041015625,266.1417465968265,261.5237050943045,261.5237050943045,10254244,ICICIBANK.NS
2014-10-29,265.8023986816406,266.97761367472145,264.1223532675467,266.97761367472145,10474618,ICICIBANK.NS
2014-10-30,267.15966796875,269.10456111134914,262.18576454605426,264.85066126959197,26322631,ICICIBANK.NS
2014-10-31,269.2452392578125,270.3294119157002,264.75132914412296,266.704473521809,21065660,ICICIBANK.NS
2014-11-03,272.3984375,273.1101898145405,266.8783078059061,269.13766786007255,13022333,ICICIBANK.NS
2014-11-05,276.64404296875,278.0758266144298,272.48946445744525,274.0205416988573,16438026,ICICIBANK.NS
2014-11-07,278.853759765625,280.02069567955857,275.03023394234793,277.8275407148696,9347464,ICICIBANK.NS
2014-11-10,275.92401123046875,278.3157808959757,275.3364176838841,278.1916500228721,8030726,ICICIBANK.NS
2014-11-11,278.994384765625,279.8965005039816,274.3101395566277,274.93084941546675,11662277,ICICIBANK.NS
2014-11-12,282.7021789550781,283.86080810597934,280.26073418903906,280.26073418903906,10523271,ICICIBANK.NS
2014-11-13,280.1448669433594,284.03462610155276,279.151736354412,282.74355911414193,15610947,ICICIBANK.NS
2014-11-14,280.11175537109375,281.22073767644076,278.9365402873328,279.0689502797492,10524866,ICICIBANK.NS
2014-11-17,277.057861328125,279.2344580897527,275.0964377354143,279.2344580897527,13396053,ICICIBANK.NS
2014-11-18,278.2743835449219,279.3171605580312,276.68538074040356,277.4136632741503,11248880,ICICIBANK.NS
2014-11-19,278.55584716796875,282.0483483286517,276.7516706873805,278.66344765317535,14558984,ICICIBANK.NS
2014-11-20,279.3916931152344,280.3682653204018,277.16544965290126,278.98618408543086,8960451,ICICIBANK.NS
2014-11-21,286.4677429199219,287.80845648387987,277.5792437263186,279.8965572985706,17794084,ICICIBANK.NS
2014-11-24,293.5189514160156,294.46243504437075,288.00710116726685,288.00710116726685,13578185,ICICIBANK.NS
2014-11-25,287.5519714355469,292.6334763055321,285.23465741348366,292.48450810284294,17101408,ICICIBANK.NS
2014-11-26,283.107666015625,287.0305410877108,282.37938330417353,284.61390602035726,15505330,ICICIBANK.NS
2014-11-27,285.2262878417969,287.14634345357956,282.21380835087905,283.7696948874169,15438511,ICICIBANK.NS
2014-11-28,290.3905944824219,294.1313848596019,285.52426368807187,285.52426368807187,16467154,ICICIBANK.NS
2014-12-01,291.01129150390625,293.9327567825017,289.8278252448472,292.3106373292955,17857713,ICICIBANK.NS
2014-12-02,293.05548095703125,293.8334381968221,287.18774083739606,290.27473250735244,14228054,ICICIBANK.NS
2014-12-03,296.96185302734375,297.63220992130334,291.34240140367814,292.1617264962955,12067709,ICICIBANK.NS
2014-12-04,299.7591247558594,302.94541023664,296.57283927507876,300.007386536135,13537613,ICICIBANK.NS
2014-12-05,297.77288818359375,302.0350676683071,296.6142312460915,301.0833048253637,8548679,ICICIBANK.NS
2014-12-08,292.80718994140625,299.5935763411923,291.81405954674966,298.6832091279407,6475662,ICICIBANK.NS
2014-12-09,289.9933166503906,296.2417560796473,289.00021406694225,293.80031175501585,8119718,ICICIBANK.NS
2014-12-10,291.35888671875,293.63480483607515,286.0208419049715,286.0208419049715,11679797,ICICIBANK.NS
2014-12-11,287.9656982421875,292.26924478830455,284.9035716418862,291.06922032452417,8902775,ICICIBANK.NS
2014-12-12,286.60015869140625,290.4485217797711,285.19324010869997,287.5932891306946,7508487,ICICIBANK.NS
2014-12-15,285.731201171875,288.83472353111415,283.1655978694673,283.703544708504,7925545,ICICIBANK.NS
2014-12-16,273.6894836425781,283.45526141114703,272.4894591628006,282.91731461293585,16369716,ICICIBANK.NS
2014-12-17,275.0550537109375,280.0207061252253,264.1720416671895,272.6963722869264,25141233,ICICIBANK.NS
2014-12-18,286.14501953125,287.1795456149677,280.8483415534112,283.00012913662425,10631579,ICICIBANK.NS
2014-12-19,294.6278991699219,295.869319002621,286.9725416934107,288.83467144245947,25004771,ICICIBANK.NS
2014-12-22,297.27630615234375,298.47635856651374,290.53131425132284,294.21417912288666,9977669,ICICIBANK.NS
2014-12-23,292.1451110839844,299.51081194144024,290.6967970885934,296.1176326464512,8114147,ICICIBANK.NS
2014-12-24,292.22784423828125,295.3727614491238,290.40711000626703,291.6071343351492,13035476,ICICIBANK.NS
2014-12-26,290.448486328125,295.2072438720119,288.0898330776877,293.09685236444136,3566406,ICICIBANK.NS
2014-12-29,288.9588928222656,293.55212541621194,288.3381827114935,289.6623661332879,4125797,ICICIBANK.NS
2014-12-30,289.86920166015625,291.3175156985168,287.3863895010539,291.3175156985168,6246150,ICICIBANK.NS
2014-12-31,292.22784423828125,293.6347626074743,289.7450324079527,289.7450324079527,5069990,ICICIBANK.NS
2015-01-01,291.5658264160156,292.5175614223272,289.8278550002514,291.89685139193887,2583280,ICICIBANK.NS
2015-01-02,299.841796875,300.83492704108164,291.31744119204774,291.31744119204774,8272990,ICICIBANK.NS
2015-01-05,300.4625549316406,304.0626561672296,299.17976726388446,302.3246848824566,10316090,ICICIBANK.NS
2015-01-06,287.7174377441406,297.85563683336807,286.51741315920736,297.44182088225034,13282427,ICICIBANK.NS
2015-01-07,279.9378967285156,286.55875626062533,277.62061117248743,286.0208095136152,21254332,ICICIBANK.NS
2015-01-08,287.5519714355469,288.4209433571641,282.3794242678719,285.5243147206894,12558144,ICICIBANK.NS
2015-01-09,282.9173583984375,289.9933754888622,278.9862316188221,289.62095499895605,15701030,ICICIBANK.NS
2015-01-12,286.8070983886719,287.6760980796169,280.3103956894375,283.66220798246974,8304115,ICICIBANK.NS
2015-01-13,282.131103515625,288.8347274608218,281.1793684995838,288.8347274608218,13100848,ICICIBANK.NS
2015-01-14,278.8206481933594,282.87590504602167,275.5929675647979,280.7655134408401,13127934,ICICIBANK.NS
2015-01-15,292.0209655761719,294.627908411532,287.63465611027607,291.4416233377132,16662989,ICICIBANK.NS
2015-01-16,292.8486022949219,293.46931230011813,287.5519250730676,292.0209982153949,14726646,ICICIBANK.NS
2015-01-19,298.6004638671875,299.4280679487033,292.55894573746116,294.21415390049265,10277015,ICICIBANK.NS
2015-01-20,304.3523254394531,305.5937454556994,297.69009728763416,297.69009728763416,11477610,ICICIBANK.NS
2015-01-21,304.93170166015625,307.00069820774314,302.2005995464225,303.3178610159843,12457852,ICICIBANK.NS
2015-01-22,306.0489196777344,308.11794371377425,301.74537301982224,305.304078803777,9320935,ICICIBANK.NS
2015-01-23,306.79376220703125,310.7662839325095,305.1385540821498,310.26970482572295,13525550,ICICIBANK.NS
2015-01-27,317.38714599609375,318.46303971214536,308.44899906339845,309.9387087403184,13932787,ICICIBANK.NS
2015-01-28,317.8423156738281,325.5804376527626,315.8146870103236,316.93194838218875,14787690,ICICIBANK.NS
2015-01-29,314.7388000488281,317.635428362537,310.8076735297398,314.5732736682381,22085259,ICICIBANK.NS
2015-01-30,298.51776123046875,316.14579564139507,293.5107402414902,315.6906119151243,31372235,ICICIBANK.NS
2015-02-02,291.1933288574219,298.51763304307656,289.66225192975566,298.18658037259803,37165959,ICICIBANK.NS
2015-02-03,286.84844970703125,295.2900445928535,285.6070297060502,291.3175228154774,25975650,ICICIBANK.NS
2015-02-04,285.2346496582031,287.3864372227268,281.593180107291,286.3933066377319,15639435,ICICIBANK.NS
2015-02-05,277.7447814941406,285.7725605786898,275.3861001244446,282.1310914861352,18771838,ICICIBANK.NS
2015-02-06,272.57220458984375,281.3862190711821,271.2066538330787,278.0758030967945,17811770,ICICIBANK.NS
2015-02-09,264.87554931640625,271.04119931371497,263.5927336150268,271.04119931371497,15330887,ICICIBANK.NS
2015-02-10,273.9792175292969,277.2482388196677,261.8547563395565,263.5927279274555,31301276,ICICIBANK.NS
2015-02-11,276.9999694824219,281.3448844430112,276.37925940742133,276.50339030953853,13732188,ICICIBANK.NS
2015-02-12,280.6827392578125,282.5034735567365,273.11014483859697,279.89653076285936,14372362,ICICIBANK.NS
2015-02-13,284.5726013183594,286.26920536463433,281.5518415431665,284.69673223600455,9926537,ICICIBANK.NS
2015-02-16,279.7724304199219,287.13813232641996,278.4068794111139,287.13813232641996,11084024,ICICIBANK.NS
2015-02-18,283.3725280761719,284.69668357877964,281.13797746498796,281.13797746498796,8830098,ICICIBANK.NS
2015-02-19,280.18621826171875,284.5725281317772,274.9722765461742,281.46900594891684,10326464,ICICIBANK.NS
2015-02-20,273.8964538574219,277.91034392040774,271.86879718987643,277.2482383397196,17197010,ICICIBANK.NS
2015-02-23,272.2825622558594,276.8343983607716,270.62735417811,275.59297841135816,12236793,ICICIBANK.NS
2015-02-24,269.8411560058594,274.26886185497165,268.55836817505434,272.6963889547147,12177664,ICICIBANK.NS
2015-02-25,266.9031066894531,273.93775450450227,265.86858086398627,271.1238898220424,18029910,ICICIBANK.NS
2015-02-26,265.9100036621094,269.3445786362614,264.95824091618823,268.7238686336527,18356309,ICICIBANK.NS
2015-02-27,277.4551086425781,278.9447903577609,267.3169105362868,268.64109366927363,17157486,ICICIBANK.NS
2015-03-02,288.8760681152344,291.27614484705407,281.8414198494381,290.36577762034386,16237130,ICICIBANK.NS
2015-03-03,288.54510498046875,289.2485505102018,284.7794766018924,288.00715806924353,16309976,ICICIBANK.NS
2015-03-04,289.1243591308594,299.5935822911738,286.3932574368643,297.9383741946076,27007377,ICICIBANK.NS
2015-03-05,287.80023193359375,289.5795990417492,281.46905556609636,286.68297041854277,12677758,ICICIBANK.NS
2015-03-09,275.4274597167969,283.82768678592544,274.558487953772,283.0414504251094,13711772,ICICIBANK.NS
2015-03-10,276.13092041015625,279.56549517029174,273.3998187946225,275.3447118670859,15690129,ICICIBANK.NS
2015-03-11,275.3033142089844,278.86201982088846,272.2825553760869,276.0895505280407,11762499,ICICIBANK.NS
2015-03-12,279.8965148925781,281.1379068918747,276.9584917806651,279.35856817274333,12265104,ICICIBANK.NS
2015-03-13,273.27569580078125,286.3518619910995,272.2825653862731,285.5242579427099,14368069,ICICIBANK.NS
2015-03-16,274.3101806640625,275.5929682662063,269.5100551895296,272.6963403456744,12496540,ICICIBANK.NS
2015-03-17,277.1240539550781,278.4896047784116,273.2342955480124,274.76537273457467,11214858,ICICIBANK.NS
2015-03-18,277.0826721191406,278.53098605019824,273.9791502046461,275.6757258856784,9603665,ICICIBANK.NS
2015-03-19,273.27569580078125,282.54489448138855,271.74461858748936,280.9724217854655,15488184,ICICIBANK.NS
2015-03-20,263.6754455566406,272.48946066059034,262.10300063595105,272.1998034097006,23389273,ICICIBANK.NS
2015-03-23,259.70294189453125,266.8203531438307,258.585652851407,266.5306959038363,11517028,ICICIBANK.NS
2015-03-24,258.13043212890625,262.0615853907242,256.10280395833786,256.97180333555184,18209548,ICICIBANK.NS
2015-03-25,262.2685241699219,264.00649543869105,257.4683984940721,258.2132393546585,15109255,ICICIBANK.NS
2015-03-26,254.86148071289062,259.6202113774794,250.43377502899844,257.3856607923005,34971712,ICICIBANK.NS
2015-03-27,260.32366943359375,261.6892203276608,255.10972763282587,259.0408539432241,17383920,ICICIBANK.NS
2015-03-30,263.7581787109375,264.420284102965,259.33050170385394,261.7719180992551,14140124,ICICIBANK.NS
2015-03-31,261.1098937988281,267.1100445547954,259.7029751179268,263.9237589428365,14317689,ICICIBANK.NS
2015-04-01,267.4410705566406,268.47556866607334,259.9098431959378,260.69607953971655,9190830,ICICIBANK.NS
2015-04-06,265.86865234375,269.34462337934065,264.2962071162122,269.34462337934065,10512775,ICICIBANK.NS
2015-04-07,262.6823425292969,267.6893628465726,260.69610926656276,267.275574668497,9849292,ICICIBANK.NS
2015-04-08,260.7789001464844,264.585868474246,260.32371643294897,263.92379064970606,9158573,ICICIBANK.NS
2015-04-09,265.3306884765625,266.4065543252154,262.26853395523216,263.17890121484885,13516230,ICICIBANK.NS
2015-04-10,263.4272155761719,266.19968531778744,262.5168482308344,264.4203461149224,9053218,ICICIBANK.NS
2015-04-13,262.2685241699219,264.7513362992774,261.52368330933547,264.7513362992774,8810668,ICICIBANK.NS
2015-04-15,260.6960754394531,266.7375932001956,259.0822350770703,263.4685447758726,11297754,ICICIBANK.NS
2015-04-16,258.6271057128906,261.52373431989827,256.6822399995438,261.440971121223,9682703,ICICIBANK.NS
2015-04-17,256.6407775878906,260.65466665704633,255.10970048495264,259.90982584540114,11639567,ICICIBANK.NS
2015-04-20,257.50982666015625,262.847872026677,255.15114511412835,258.9581408649876,11663690,ICICIBANK.NS
2015-04-21,257.2615051269531,262.0202353333487,256.51666426434554,257.38563600998674,9953639,ICICIBANK.NS
2015-04-22,258.9994812011719,260.6960848058281,251.09583325012994,259.24777075404427,12256206,ICICIBANK.NS
2015-04-23,258.089111328125,261.4409230200597,256.35114004012246,260.0753721664717,10352840,ICICIBANK.NS
2015-04-24,255.10972595214844,258.6684317936474,254.1579909938585,258.58566860829126,13482295,ICICIBANK.NS
2015-04-27,250.18544006347656,258.58563846704556,245.55084113476934,257.13735234763766,24819034,ICICIBANK.NS
2015-04-28,270.5032653808594,271.9515797685191,252.91662639354712,252.91662639354712,37447522,ICICIBANK.NS
2015-04-29,273.23431396484375,277.08270493159694,269.0548980315235,271.2894485213223,24501414,ICICIBANK.NS
2015-04-30,274.0619201660156,276.08957659455604,269.13766329222614,273.9377892753722,20787994,ICICIBANK.NS
2015-05-04,272.5309143066406,278.8207231139659,269.9653106372896,275.3861475064906,11308400,ICICIBANK.NS
2015-05-05,271.8273620605469,273.85499044296944,270.71010084356317,272.5308351744408,10109107,ICICIBANK.NS
2015-05-06,258.33740234375,279.7310325046387,256.68219422980724,270.5445969118324,19967506,ICICIBANK.NS
2015-05-07,252.08895874023438,259.04084382682544,248.77854256227727,258.37876614767464,16086181,ICICIBANK.NS
2015-05-08,262.3512878417969,263.9237327484347,256.55803174695865,256.55803174695865,15672276,ICICIBANK.NS
2015-05-11,267.7307434082031,269.6342411549705,264.0892742895533,264.8755106791544,9605442,ICICIBANK.NS
2015-05-12,255.0684051513672,268.1445741089662,254.075274526685,267.7721535974865,13692241,ICICIBANK.NS
2015-05-13,262.8893127441406,264.13070528885754,253.66147906387798,259.16507954556744,15431501,ICICIBANK.NS
2015-05-14,260.6546630859375,263.13747501813936,257.59253670421543,262.9305809693394,11672149,ICICIBANK.NS
2015-05-15,258.5028991699219,261.8960781939531,257.0131898118544,260.944315578771,12014773,ICICIBANK.NS
2015-05-18,261.7305603027344,262.2685070630033,258.9580911064569,260.69606226186386,7629436,ICICIBANK.NS
2015-05-19,260.9856872558594,263.9236824435266,258.21319061981745,259.8270307012957,9064851,ICICIBANK.NS
2015-05-20,263.7995910644531,265.66169314315005,261.73056714641064,261.73056714641064,7555070,ICICIBANK.NS
2015-05-21,259.4960021972656,265.49615177278514,258.79255688631116,264.99960050727606,11132704,ICICIBANK.NS
2015-05-22,259.5374450683594,263.3030451812026,258.00636773164115,260.6961019423901,8944914,ICICIBANK.NS
2015-05-25,258.33740234375,259.95121497463236,257.34427191894366,258.2132436767721,5481212,ICICIBANK.NS
2015-05-26,256.3097839355469,259.0408860623167,255.44081204914238,258.21328188289016,5505501,ICICIBANK.NS
2015-05-27,259.1650695800781,260.53062077430604,254.48907356873977,258.0478079981308,12557150,ICICIBANK.NS
2015-05-28,260.28228759765625,261.5237076690681,257.79947523703817,260.07539351315614,11520281,ICICIBANK.NS
2015-05-29,262.55816650390625,263.9237172648165,260.530538102549,262.43403562826035,22664703,ICICIBANK.NS
2015-06-01,261.8961486816406,264.00654074285137,261.5237281874392,262.35133237257656,7621775,ICICIBANK.NS
2015-06-02,252.0062255859375,262.7651072284999,250.76483326238414,262.35131904805087,13982208,ICICIBANK.NS
2015-06-03,244.76463317871094,251.79928087189685,240.66798099197666,251.79928087189685,22831293,ICICIBANK.NS
2015-06-04,244.21742248535156,246.49040003785868,240.3028798637786,245.64856382655165,20759124,ICICIBANK.NS
2015-06-05,239.16639709472656,246.15364588925826,238.24037446774236,245.14343681800568,23735127,ICICIBANK.NS
2015-06-08,238.3666534423828,240.47125814780605,236.00950351990085,240.47125814780605,21145729,ICICIBANK.NS
2015-06-09,241.69192504882812,242.28120194605313,237.44063644178595,238.15620714553785,19411474,ICICIBANK.NS
2015-06-10,246.2379150390625,247.7953223911721,241.3552409313608,241.6078003489947,17487792,ICICIBANK.NS
2015-06-11,242.87051391601562,250.1945092811254,241.18684136816964,249.18430010042363,21760535,ICICIBANK.NS
2015-06-12,249.1422119140625,250.02615561268098,241.73402952553863,243.71236894245686,20748570,ICICIBANK.NS
2015-06-15,251.87815856933594,252.84626030395842,246.8271131322647,248.34244089337025,17020704,ICICIBANK.NS
2015-06-16,254.27745056152344,255.07720781881716,247.4164658730773,250.06824051046794,15828124,ICICIBANK.NS
2015-06-17,253.6881561279297,256.1715576707549,252.59376045958132,256.1294785727285,16849471,ICICIBANK.NS
2015-06-18,255.37179565429688,257.3501064647275,254.52995946305185,256.38200473578456,15455462,ICICIBANK.NS
2015-06-19,256.38201904296875,257.60268017539363,252.88838028536293,252.88838028536293,9060393,ICICIBANK.NS
2015-06-22,265.2213134765625,265.936884169508,257.6447590782343,257.93939752239726,17123638,ICICIBANK.NS
2015-06-23,263.91644287109375,266.69451069078946,262.65367449488036,265.13710389611754,13093667,ICICIBANK.NS
2015-06-24,267.4942932128906,269.72516349913474,263.20089728127545,264.08484088071594,14984900,ICICIBANK.NS
2015-06-25,265.0108642578125,269.0937799439029,263.66390930757035,266.31571185275044,18385230,ICICIBANK.NS
2015-06-26,262.4011535644531,265.22130058431657,259.7493511759498,265.17922149146864,11342004,ICICIBANK.NS
2015-06-29,261.9802551269531,263.49555482441997,252.67794841088704,254.2353272066293,11605396,ICICIBANK.NS
2015-06-30,259.286376953125,264.0006772849975,255.9611107835014,261.0121569462121,15125139,ICICIBANK.NS
2015-07-01,262.82208251953125,263.91647815724343,259.8756414210665,259.8756414210665,15481941,ICICIBANK.NS
2015-07-02,263.49554443359375,265.5580701471102,261.8960583426791,264.5899400652615,9252723,ICICIBANK.NS
2015-07-03,264.8004150390625,265.60014393856045,261.72768020845695,262.44325091640377,5716323,ICICIBANK.NS
2015-07-06,265.3055114746094,266.6524664693745,256.9713069256688,260.212386472479,8562220,ICICIBANK.NS
2015-07-07,263.15887451171875,267.70480250762404,262.27493072308187,264.3374568099093,10617091,ICICIBANK.NS
2015-07-08,258.90753173828125,262.31698409848735,257.85524348931625,259.62310244276193,13252578,ICICIBANK.NS
2015-07-09,260.54913330078125,261.7697944901828,257.35013283823866,258.44452847700245,6959346,ICICIBANK.NS
2015-07-10,263.621826171875,265.0950466455104,261.18047566072255,263.07462838109785,10664155,ICICIBANK.NS
2015-07-13,266.3578186035156,267.03131027854903,263.3272191057569,264.75833239525707,8964077,ICICIBANK.NS
2015-07-14,263.8744201660156,266.94712706076285,262.6958379803683,266.8629406003614,8304877,ICICIBANK.NS
2015-07-15,264.88458251953125,266.02108552493974,263.79021513131653,264.2532265009359,7378092,ICICIBANK.NS
2015-07-16,266.94708251953125,267.91518426265645,264.6741049878938,264.9687434201507,13466904,ICICIBANK.NS
2015-07-17,267.24176025390625,270.23028062911413,266.48411038525893,267.70477164696547,9339699,ICICIBANK.NS
2015-07-20,265.85272216796875,269.2200674280165,262.737908020444,268.5045249292383,9420104,ICICIBANK.NS
2015-07-21,262.1907043457031,267.2838294812415,261.306788951586,267.2838294812415,10702263,ICICIBANK.NS
2015-07-22,266.6945495605469,267.4521993927127,260.8016672926412,261.64350357948894,11141670,ICICIBANK.NS
2015-07-23,263.411376953125,267.4521852645442,262.864179156584,266.73661456753365,15214876,ICICIBANK.NS
2015-07-24,253.0567169189453,262.4853153477757,251.96232148810444,262.4853153477757,21177605,ICICIBANK.NS
2015-07-27,245.05926513671875,252.4253675041944,244.2174289032886,252.4253675041944,11212545,ICICIBANK.NS
2015-07-28,239.92405700683594,248.63708588838182,237.98782522649583,245.56437945217985,25395273,ICICIBANK.NS
2015-07-29,243.5019073486328,244.04907692629567,239.12432464755392,242.02868674884235,13165836,ICICIBANK.NS
2015-07-30,244.97508239746094,247.20598094880216,242.0286696658176,244.1332461512814,13705803,ICICIBANK.NS
2015-07-31,254.5720672607422,260.0440172508268,247.58481760754748,247.87945606871097,38967790,ICICIBANK.NS
2015-08-03,263.411376953125,264.3373996457375,256.0873536024899,256.2978338580617,28709585,ICICIBANK.NS
2015-08-04,264.37945556640625,265.38966462070255,258.486574126339,263.91644426068575,16797983,ICICIBANK.NS
2015-08-05,262.10650634765625,269.220049585019,260.1281953774898,264.9687609329851,13798462,ICICIBANK.NS
2015-08-06,261.8539733886719,263.36927299248794,258.82334592106946,263.28508654116814,12210084,ICICIBANK.NS
2015-08-07,261.0963439941406,263.1167342038197,259.6652024698156,260.88586371940477,6215341,ICICIBANK.NS
2015-08-10,260.63336181640625,264.3374533392494,258.57083575665905,260.97007942577113,7698226,ICICIBANK.NS
2015-08-11,254.44578552246094,260.88583694097184,253.1830170435516,260.88583694097184,10431195,ICICIBANK.NS
2015-08-12,245.52232360839844,252.6779753561029,244.21747578310556,252.55168152786487,10292540,ICICIBANK.NS
2015-08-13,245.7327423095703,251.45722270893592,244.84879877336337,248.55288928705355,13754705,ICICIBANK.NS
2015-08-14,254.74038696289062,255.7505959472876,245.85898632587615,247.7110314206097,9669851,ICICIBANK.NS
2015-08-17,254.9929962158203,256.50829585921315,249.89987120778537,254.1932390373791,8331141,ICICIBANK.NS
2015-08-18,253.4776611328125,256.0873563380577,250.61540657416515,255.07717544438938,5936462,ICICIBANK.NS
2015-08-19,256.33990478515625,257.0975545531574,252.97255992294268,253.43557125449547,8754270,ICICIBANK.NS
2015-08-20,251.07843017578125,258.23408105151594,249.0580400298976,252.7621310206416,15936951,ICICIBANK.NS
2015-08-21,249.60523986816406,250.78382212449927,242.95473517735635,247.29018271820647,13769807,ICICIBANK.NS
2015-08-24,227.25439453125,239.79780878554647,225.19189706016394,237.7352830544893,33312582,ICICIBANK.NS
2015-08-25,238.6613311767578,239.41898108265696,224.8972683963385,232.81055569679043,26553623,ICICIBANK.NS
2015-08-26,234.07330322265625,237.6090356473398,232.09499205442594,235.67280357929658,16189880,ICICIBANK.NS
2015-08-27,237.77740478515625,239.50315654488884,235.88325184743476,238.0299359022075,27884874,ICICIBANK.NS
2015-08-28,238.82968139648438,243.54398156940493,237.1039014615854,239.96615614728614,14365759,ICICIBANK.NS
2015-08-31,233.94703674316406,239.37689385440174,232.64217487287848,238.15623257411943,15079961,ICICIBANK.NS
2015-09-01,228.09625244140625,234.41005339426746,225.86538185092328,231.50570523855106,17342438,ICICIBANK.NS
2015-09-02,222.9610137939453,232.97890513643708,221.48780736209517,232.3475208585116,18825908,ICICIBANK.NS
2015-09-03,224.6446990966797,227.12811470579405,220.3092238924844,226.15999874631368,16509187,ICICIBANK.NS
2015-09-04,216.9839630126953,223.17148382850112,214.37426766098758,223.00311091678353,21605844,ICICIBANK.NS
2015-09-07,209.7020263671875,219.93036822165735,208.52345856785823,218.92015917652736,21698736,ICICIBANK.NS
2015-09-08,219.5515594482422,220.81431378218184,209.78622817980937,211.97500518463505,18300349,ICICIBANK.NS
2015-09-09,222.70846557617188,226.45464970635564,221.10896535418937,225.57072020709717,24478703,ICICIBANK.NS
2015-09-10,225.10772705078125,227.29650436263995,215.72121935282965,218.8781126955076,13718266,ICICIBANK.NS
2015-09-11,225.23397827148438,227.21230343720825,222.58218972805813,225.0656194920516,14872838,ICICIBANK.NS
2015-09-14,229.3169403076172,230.07459024582968,221.48783913613343,224.1396280498648,13300446,ICICIBANK.NS
2015-09-15,226.0337371826172,229.82201463349648,224.60260983161865,229.82201463349648,14825729,ICICIBANK.NS
2015-09-16,229.6957244873047,230.62174719400448,226.49673823961317,229.40107190700058,13377086,ICICIBANK.NS
2015-09-18,233.9049530029297,240.21873994052658,231.33733651818255,234.24168472667145,21286324,ICICIBANK.NS
2015-09-21,235.1255645751953,236.00949399420125,228.13830153878035,228.89596541934554,11510079,ICICIBANK.NS
2015-09-22,227.75949096679688,236.0095088156098,226.53882981865115,234.03118373931756,14741229,ICICIBANK.NS
2015-09-23,230.1166534423828,231.50568756778955,222.3717397482929,224.7288898517091,12489166,ICICIBANK.NS
2015-09-24,225.86534118652344,230.32708156420546,224.7709456387972,228.47503625573606,10557228,ICICIBANK.NS
2015-09-28,225.69696044921875,229.56942382506654,224.3079265161408,228.9801328483106,8561999,ICICIBANK.NS
2015-09-29,226.45465087890625,229.52735752890598,215.8053894760487,221.9928960028961,29415623,ICICIBANK.NS
2015-09-30,227.59112548828125,229.232718944488,223.67658256345376,228.39088266796503,13700514,ICICIBANK.NS
2015-10-01,224.85516357421875,230.20084826135565,223.9712340195716,230.20084826135565,7677876,ICICIBANK.NS
2015-10-05,236.51463317871094,237.39857685716663,229.31691710403496,229.31691710403496,13756761,ICICIBANK.NS
2015-10-06,238.02992248535156,239.7978097648982,235.71487977303943,239.08223903365038,10497246,ICICIBANK.NS
2015-10-07,238.2404022216797,238.91386559431425,233.35772918514414,236.47252907604644,7765703,ICICIBANK.NS
2015-10-08,234.41001892089844,237.73527063712766,233.31562333708578,237.73527063712766,6649535,ICICIBANK.NS
2015-10-09,240.85009765625,242.3653973105396,236.17789075222404,236.97763380643084,11102562,ICICIBANK.NS
2015-10-12,242.1128387451172,245.3959970436575,240.13449968756433,242.19699692972387,7892259,ICICIBANK.NS
2015-10-13,241.986572265625,243.8807250924301,239.50314252024296,240.68172461736805,6102034,ICICIBANK.NS
2015-10-14,238.1562042236328,240.09243605357835,237.35644707866516,238.61921556862043,5325426,ICICIBANK.NS
2015-10-15,241.06051635742188,241.6077141036432,238.7875671900109,239.082205608753,6759388,ICICIBANK.NS
2015-10-16,243.6702880859375,246.40627767927361,237.8616195431221,241.18688615964925,8890588,ICICIBANK.NS
2015-10-19,241.776123046875,244.04907255327137,240.4291680260697,243.62816853800012,5806930,ICICIBANK.NS
2015-10-20,240.93426513671875,243.71233312412332,239.33477915426522,241.1868244792016,8710318,ICICIBANK.NS
2015-10-21,237.9878387451172,242.32331388519447,234.70466600282293,240.38708199486896,5616168,ICICIBANK.NS
2015-10-23,240.97634887695312,243.2914055777622,239.6294222110112,240.72381778956995,8208290,ICICIBANK.NS
2015-10-26,240.21871948242188,243.9228105180856,238.87179270216518,242.2391379127788,6085533,ICICIBANK.NS
2015-10-27,238.82968139648438,240.6817268837042,237.48275463849075,239.08224076109747,6090339,ICICIBANK.NS
2015-10-28,228.30670166015625,236.3041747378607,226.53884261129184,235.71488367824395,15503186,ICICIBANK.NS
2015-10-29,228.5171356201172,230.91637876692528,227.5911129409972,229.23270630670157,9035266,ICICIBANK.NS
2015-10-30,233.18936157226562,235.42023200600283,227.717411492914,229.1906320827362,27623495,ICICIBANK.NS
2015-11-02,235.3360595703125,236.80926602946212,232.09497992620868,233.1893614635774,11398428,ICICIBANK.NS
2015-11-03,235.25184631347656,237.98782104018332,234.1995439939788,236.05158929390242,9079788,ICICIBANK.NS
2015-11-04,230.1166534423828,236.5146262388043,229.4010827008174,236.5146262388043,7389933,ICICIBANK.NS
2015-11-05,227.33859252929688,230.2429405570679,226.24419683274908,228.98017194413234,11422504,ICICIBANK.NS
2015-11-06,224.85516357421875,227.21231376327327,222.8768524485727,227.21231376327327,12121540,ICICIBANK.NS
2015-11-09,221.52989196777344,223.0872990227232,215.5107440191642,218.2888123031377,13448248,ICICIBANK.NS
2015-11-10,221.2352294921875,224.2658568167295,219.2569044994991,220.14083393666104,8652695,ICICIBANK.NS
2015-11-13,220.351318359375,221.4036207786422,218.03626151497852,219.1727503885848,10160904,ICICIBANK.NS
2015-11-16,224.9814453125,225.90746810485453,218.54137899566953,219.7199470359451,8992376,ICICIBANK.NS
2015-11-17,225.48654174804688,229.274819239167,223.12939162312736,228.72762140356295,17959700,ICICIBANK.NS
2015-11-18,219.2569122314453,225.8232575361929,218.45716921342674,224.7709551672306,9500657,ICICIBANK.NS
2015-11-19,224.265869140625,225.61280998222173,221.0668687455994,221.40361455348753,9618626,ICICIBANK.NS
2015-11-20,223.04519653320312,227.5069513715877,221.82453535486363,222.75055807773782,9819811,ICICIBANK.NS
2015-11-23,223.88702392578125,225.40233762948793,216.6051221110001,223.92911715060515,12735592,ICICIBANK.NS
2015-11-24,221.69825744628906,223.42402322634385,218.5834575708275,221.69825744628906,11775700,ICICIBANK.NS
2015-11-26,222.24545288085938,225.3602527229057,221.61406861518043,221.61406861518043,13255344,ICICIBANK.NS
2015-11-27,227.33859252929688,228.13833562216615,222.58219894120572,223.71868786685047,11608418,ICICIBANK.NS
2015-11-30,230.28500366210938,233.6102552858942,225.78115590777116,225.78115590777116,16528998,ICICIBANK.NS
2015-12-01,230.57965087890625,232.97889406502574,230.07454630656608,231.5477667983928,6603705,ICICIBANK.NS
2015-12-02,227.63320922851562,231.84240456569825,226.07581642084796,231.12684799947013,7161062,ICICIBANK.NS
2015-12-03,223.76077270507812,227.3385840042622,223.17148164980526,226.1600018937165,8549273,ICICIBANK.NS
2015-12-04,220.09877014160156,222.2454540482089,219.5515723258037,221.44571100280416,9085607,ICICIBANK.NS
2015-12-07,221.44573974609375,222.70849431800235,220.22506427626024,222.49802815769064,5522740,ICICIBANK.NS
2015-12-08,220.09877014160156,220.98269964020372,218.58345637400413,220.35131537120844,11624224,ICICIBANK.NS
2015-12-09,218.4150848388672,220.5196896620744,217.53115533471555,219.55157370419676,8129762,ICICIBANK.NS
2015-12-10,217.99415588378906,220.4775854955548,215.5107262720233,219.59365603526194,11053207,ICICIBANK.NS
2015-12-11,209.87042236328125,219.80411276437547,208.06047017892945,219.3411014118672,18851171,ICICIBANK.NS
2015-12-14,209.6178741455078,212.10130394271044,206.2505148220096,208.1867467862707,13279719,ICICIBANK.NS
2015-12-15,207.42909240722656,208.6918468271771,204.60893097834716,208.6918468271771,13675557,ICICIBANK.NS
2015-12-16,212.18548583984375,213.40614703326807,205.1140356514199,208.14464908646693,18885293,ICICIBANK.NS
2015-12-17,213.11151123046875,214.92146349465142,210.5438950005913,213.78497461110214,17692297,ICICIBANK.NS
2015-12-18,210.54388427734375,212.98522070026766,210.33343228035903,212.2275709031466,14450734,ICICIBANK.NS
2015-12-21,217.36279296875,218.4571886602917,210.45971537822322,210.543901836032,14307700,ICICIBANK.NS
2015-12-22,218.499267578125,221.824533533873,215.8895723368976,215.93166556304502,21342967,ICICIBANK.NS
2015-12-23,220.43551635742188,221.36153914367418,218.12045939179112,218.54137755554342,11533960,ICICIBANK.NS
2015-12-24,217.15232849121094,221.90872178456164,216.60513067684536,221.4036171966846,6097366,ICICIBANK.NS
2015-12-28,222.2875518798828,223.08729494185562,218.87809936465214,218.9201925921229,12041784,ICICIBANK.NS
2015-12-29,222.87686157226562,224.3500681369939,220.14087220780206,222.24547723739144,9054719,ICICIBANK.NS
2015-12-30,220.85643005371094,222.62428913170774,220.35132544142814,221.61407990714213,10025565,ICICIBANK.NS
2015-12-31,220.01458740234375,222.11917811787873,219.00437820689268,220.6459575520114,8546444,ICICIBANK.NS
2016-01-01,221.4036407470703,221.9087453886746,217.19444482035908,219.97251328418926,5998096,ICICIBANK.NS
2016-01-04,215.13189697265625,220.01456964663086,214.37424720220497,219.7199170792452,9435792,ICICIBANK.NS
2016-01-05,216.10003662109375,216.7735141477484,211.8908409369639,215.72121169421942,8966977,ICICIBANK.NS
2016-01-06,210.54388427734375,216.1421136949186,209.78623448022273,215.00563899923708,17416181,ICICIBANK.NS
2016-01-07,207.72369384765625,208.52345088808676,204.65098773436975,207.42905544117116,18240712,ICICIBANK.NS
2016-01-08,206.29263305664062,208.60769022280363,204.94569198996282,205.829621623408,14404391,ICICIBANK.NS
2016-01-11,201.5783233642578,205.32449350526855,200.39974123428857,203.64082089672505,14208668,ICICIBANK.NS
2016-01-12,199.30532836914062,203.5987101065729,198.33722659372444,202.8831535486599,11895899,ICICIBANK.NS
2016-01-13,201.62039184570312,204.48264643349737,194.5489559581941,200.18927868179122,18215710,ICICIBANK.NS
2016-01-14,198.46353149414062,201.8729844514521,195.13826500268652,197.15868366331372,14600781,ICICIBANK.NS
2016-01-15,188.95074462890625,198.9265292894138,186.67778085651227,198.3372523287837,22333902,ICICIBANK.NS
2016-01-18,187.81423950195312,192.52853956088774,183.35249880152503,188.74026222317295,30239009,ICICIBANK.NS
2016-01-19,192.57061767578125,194.67520818158928,189.11907229027497,189.11907229027497,16222439,ICICIBANK.NS
2016-01-20,188.90866088867188,191.8551023597829,185.28875596301322,189.329579080261,14353478,ICICIBANK.NS
2016-01-21,190.50814819335938,196.56938996612507,188.7402889533834,192.36019389809368,15665863,ICICIBANK.NS
2016-01-22,195.93798828125,197.74794046300514,193.45455861954673,195.81170860438752,15148522,ICICIBANK.NS
2016-01-25,198.716064453125,200.7785619422841,197.15865743193433,198.63187799846835,17137268,ICICIBANK.NS
2016-01-27,199.76834106445312,201.4520276691712,197.57956402130293,200.3576320826037,12155561,ICICIBANK.NS
2016-01-28,196.3168182373047,201.66248846898745,194.67522478577425,200.8206521948626,24258166,ICICIBANK.NS
2016-01-29,193.7492218017578,197.2428610643675,184.36272801977773,184.36272801977773,47755494,ICICIBANK.NS
2016-02-01,182.84739685058594,191.39206759684058,181.75300120791732,191.09741500766833,40395715,ICICIBANK.NS
2016-02-02,177.1228790283203,184.95197866913117,176.5336021382484,183.52086553896947,31821419,ICICIBANK.NS
2016-02-03,171.77723693847656,175.77596679396646,170.51448237305667,174.26066696745747,23592288,ICICIBANK.NS
2016-02-04,171.6930389404297,173.75555064237759,168.78869091808986,173.75555064237759,30869158,ICICIBANK.NS
2016-02-05,176.2810516357422,177.62799251348554,171.3983927201708,172.9978788306223,36189377,ICICIBANK.NS
2016-02-08,175.5655059814453,181.4162812255071,173.54508747386225,177.6280035887821,19366081,ICICIBANK.NS
2016-02-09,176.2810516357422,178.04891065465623,168.99914942450792,171.73512440711022,20906682,ICICIBANK.NS
2016-02-10,174.47109985351562,176.3652385588118,170.05145229448163,170.97747503351596,22742128,ICICIBANK.NS
2016-02-11,167.7364044189453,174.21856393890974,166.68410194194183,171.5246679021824,31817116,ICICIBANK.NS
2016-02-12,162.93788146972656,167.02079665500818,160.3702798201108,165.50548311934233,41775526,ICICIBANK.NS
2016-02-15,171.31419372558594,174.5131798423059,163.23253492072502,163.23253492072502,34130349,ICICIBANK.NS
2016-02-16,165.5054931640625,174.26062914816893,164.57947052439587,174.26062914816893,20895952,ICICIBANK.NS
2016-02-17,160.58078002929688,165.96854426794616,158.9812937028174,165.4213605015111,28792115,ICICIBANK.NS
2016-02-18,165.1266632080078,167.52590617876092,162.6432479244078,162.89579312291585,32260277,ICICIBANK.NS
2016-02-19,167.3575439453125,169.58842830238268,164.3690239444951,164.83203527955,17617480,ICICIBANK.NS
2016-02-22,167.06292724609375,169.46217068176455,165.3792545831602,166.26318414419896,17567788,ICICIBANK.NS
2016-02-23,161.63304138183594,167.86264042832178,160.1598209993612,167.86264042832178,20001984,ICICIBANK.NS
2016-02-24,157.42384338378906,160.9595609312384,156.45572755437152,159.10751571495854,20654961,ICICIBANK.NS
2016-02-25,154.05650329589844,159.10753503265042,152.83584212059506,158.0131535365118,38340699,ICICIBANK.NS
2016-02-26,155.57179260253906,156.53990839732606,152.16234071089863,155.1508745348034,24687792,ICICIBANK.NS
2016-02-29,159.99143981933594,164.91620524637636,152.9620981778047,155.57179303094904,43510436,ICICIBANK.NS
2016-03-01,172.53488159179688,173.79765024870693,164.36904920237814,164.36904920237814,27223692,ICICIBANK.NS
2016-03-02,185.20452880859375,186.38309666011017,177.7121612104308,178.21726575536186,40766551,ICICIBANK.NS
2016-03-03,183.52088928222656,185.45710723293988,180.3218885480346,184.02597978763927,22903720,ICICIBANK.NS
2016-03-04,185.62545776367188,188.90863043274223,184.4047966178577,186.67776013798564,24493722,ICICIBANK.NS
2016-03-08,182.55274963378906,185.1624448042062,180.4060516784601,185.1624448042062,18883002,ICICIBANK.NS
2016-03-09,182.1318359375,183.43668355440184,176.82824488785207,179.14330166944734,17300650,ICICIBANK.NS
2016-03-10,181.41629028320312,184.23645203668096,180.658640370025,183.52089535534463,13551255,ICICIBANK.NS
2016-03-11,180.02723693847656,183.98388727228138,178.97493451395582,179.6063187946654,14879621,ICICIBANK.NS
2016-03-14,186.5935821533203,187.5616981208165,184.06805916637686,184.3627117573452,16726756,ICICIBANK.NS
2016-03-15,186.34104919433594,189.28749074161925,185.62549248913186,187.56172469849017,13475557,ICICIBANK.NS
2016-03-16,190.59231567382812,191.43415197758432,183.98389079835187,185.12036556942695,17144832,ICICIBANK.NS
2016-03-17,191.72879028320312,198.88441246172832,189.37164033039892,193.62292889045625,32391146,ICICIBANK.NS
2016-03-18,193.79129028320312,194.8435926636921,190.38185204799623,192.10761777840887,18370981,ICICIBANK.NS
2016-03-21,197.70587158203125,198.33725591410447,194.84361666727995,194.92780312888794,14818419,ICICIBANK.NS
2016-03-22,196.653564453125,197.4954007894593,194.12805544412208,197.4954007894593,12269251,ICICIBANK.NS
2016-03-23,197.1586456298828,197.83212309683537,194.29639112280788,194.8435889153347,16987529,ICICIBANK.NS
2016-03-28,189.79254150390625,196.99025626478033,188.48769403386314,196.99025626478033,20214214,ICICIBANK.NS
2016-03-29,188.06680297851562,191.05532320971744,187.22496669169783,187.98261652383673,20447782,ICICIBANK.NS
2016-03-30,199.9367218017578,201.19947620730971,190.9290539268413,192.36016710847557,23016348,ICICIBANK.NS
2016-03-31,199.22116088867188,203.17779692555283,196.73773122797965,200.52600849243095,30614104,ICICIBANK.NS
2016-04-01,200.6102294921875,201.5783455878285,195.89592871254115,198.6739973009055,15677352,ICICIBANK.NS
2016-04-04,200.98902893066406,202.92526087602914,197.53748318501513,202.25178336590773,16716587,ICICIBANK.NS
2016-04-05,189.91883850097656,199.93671522268264,189.4137339293796,199.01069252975233,26547328,ICICIBANK.NS
2016-04-06,187.35122680664062,191.93924715363661,185.28872937679094,191.34997024795686,19185947,ICICIBANK.NS
2016-04-07,185.4570770263672,188.7823427803118,184.48896114370035,187.56168168607226,17724531,ICICIBANK.NS
2016-04-08,186.25685119628906,188.4035351461295,184.82572385306688,185.66756014202446,9986871,ICICIBANK.NS
2016-04-11,189.1611785888672,189.5820967191241,184.44689270399255,187.05658793758255,19813955,ICICIBANK.NS
2016-04-12,192.57061767578125,194.38056974977144,188.4035157572955,188.82443385845713,20594261,ICICIBANK.NS
2016-04-13,202.58851623535156,205.57705062581041,196.19054343688805,196.23263666463978,26283492,ICICIBANK.NS
2016-04-18,199.64208984375,205.36658514655477,197.4953917414606,204.98776022555836,17531597,ICICIBANK.NS
2016-04-20,200.39971923828125,201.70456677968014,197.07445348440382,201.28364867374452,18650423,ICICIBANK.NS
2016-04-21,213.02732849121094,217.02605800718032,207.30281900604615,207.30281900604615,36699098,ICICIBANK.NS
2016-04-22,212.14341735839844,216.35261338082586,210.6281033991276,215.7212290319662,25884500,ICICIBANK.NS
2016-04-25,212.94314575195312,214.9635642243367,211.42783189766547,213.06942543897367,18121694,ICICIBANK.NS
2016-04-26,213.86915588378906,214.41635369853532,207.51327649939384,211.17527416656097,30185498,ICICIBANK.NS
2016-04-27,205.91378784179688,211.30156570871154,204.77731305196957,211.21737925094962,36932788,ICICIBANK.NS
2016-04-28,202.12550354003906,208.77603566158015,201.19948079551997,206.5872584827129,41386507,ICICIBANK.NS
2016-04-29,199.4737091064453,205.74541612572827,194.717315841685,202.67269539044742,71191415,ICICIBANK.NS
2016-05-02,190.886962890625,194.0438560057207,189.75047402159805,191.34997425763865,36440547,ICICIBANK.NS
2016-05-03,186.1305694580078,193.62293778094624,185.2045467243859,190.04511239741748,29305611,ICICIBANK.NS
2016-05-04,180.53233337402344,185.87800344970307,179.69049712446594,183.89969250223848,36781786,ICICIBANK.NS
2016-05-05,180.70069885253906,185.1203460461443,179.94303495507495,180.40604628630905,27512684,ICICIBANK.NS
2016-05-06,184.0259552001953,185.41498922946022,179.48002821896196,180.1535056861744,22266141,ICICIBANK.NS
2016-05-09,189.66627502441406,190.25556603345598,184.44688478142317,184.86780289360033,19006901,ICICIBANK.NS
2016-05-10,189.8346710205078,191.51834367408713,187.39333436882873,189.75048456183157,22357177,ICICIBANK.NS
2016-05-11,188.52978515625,190.71856198905093,184.11012413984315,185.20451962123536,32481385,ICICIBANK.NS
2016-05-12,195.13824462890625,196.06426739667927,192.14972431290388,192.36017632558716,23932051,ICICIBANK.NS
2016-05-13,190.67649841308594,194.00176446508632,188.06680309631886,194.00176446508632,23963285,ICICIBANK.NS
2016-05-16,188.36143493652344,191.6867008716325,183.26831003413707,191.6867008716325,21535308,ICICIBANK.NS
2016-05-17,190.21347045898438,191.51831800360955,187.09867081536547,189.70836590461585,18859442,ICICIBANK.NS
2016-05-18,190.6343994140625,191.47623567592015,186.71985655742884,187.73005159366687,17541869,ICICIBANK.NS
2016-05-19,189.8767852783203,192.3602013043845,188.74029622029994,190.63443523034195,16422069,ICICIBANK.NS
2016-05-20,185.2887420654297,190.50813290164905,184.86782390541154,189.83466949761453,14666521,ICICIBANK.NS
2016-05-23,186.1305694580078,188.48771951904413,185.49918518327084,186.97240573766675,14239474,ICICIBANK.NS
2016-05-24,189.034912109375,189.58209578502328,186.55148243610867,187.39331869247465,10907585,ICICIBANK.NS
2016-05-25,197.83212280273438,198.33722736970168,190.7606729951768,191.05531143841407,20767970,ICICIBANK.NS
2016-05-26,203.0094451904297,204.5668523101979,196.14846065142686,198.5897973410675,33650773,ICICIBANK.NS
2016-05-27,204.69313049316406,208.94441952124296,200.44184146508513,201.1994913394016,26582685,ICICIBANK.NS
2016-05-30,205.82960510253906,207.59747835751907,201.03113235326893,204.77731675146308,15860236,ICICIBANK.NS
2016-05-31,205.95587158203125,209.6178692860723,203.13571015685253,209.15485791969948,18249239,ICICIBANK.NS
2016-06-01,202.0834197998047,206.6293614108513,201.28367670017045,205.32449955778102,11862710,ICICIBANK.NS
2016-06-02,203.17782592773438,204.0617555316163,200.02093246672936,201.28368702513396,15349530,ICICIBANK.NS
2016-06-03,205.19822692871094,207.42909736291693,203.72500633857913,204.48265618265336,16566716,ICICIBANK.NS
2016-06-06,204.98776245117188,207.0923673484247,203.72500799081178,204.903575994484,11592082,ICICIBANK.NS
2016-06-07,213.91127014160156,214.5426544714598,205.99798298798586,206.67146054850045,25311345,ICICIBANK.NS
2016-06-08,216.8997802734375,219.88831472771872,212.81686426419714,214.83728271948505,25139392,ICICIBANK.NS
2016-06-09,214.29006958007812,218.24671975091013,213.15359487759466,216.3525811167859,13787240,ICICIBANK.NS
2016-06-10,212.6484832763672,216.8997576263369,211.72246060271317,212.9852149404274,13236448,ICICIBANK.NS
2016-06-13,205.19822692871094,209.1127699630756,204.10383126061626,209.1127699630756,14297870,ICICIBANK.NS
2016-06-14,206.20843505859375,208.31302579774695,205.66123722741818,207.93420087769798,11988708,ICICIBANK.NS
2016-06-15,208.7339324951172,209.78623487196086,203.38826241992396,206.6714350968875,15761615,ICICIBANK.NS
2016-06-16,205.3832244873047,209.37834511144146,204.52406279330197,209.37834511144146,17042021,ICICIBANK.NS
2016-06-17,204.8677215576172,208.0895994936711,202.03247935685678,207.44522102230283,15150943,ICICIBANK.NS
2016-06-20,204.5670166015625,205.7268949505941,200.74373419141838,200.74373419141838,17780316,ICICIBANK.NS
2016-06-21,204.35218811035156,207.05856570908514,202.97752676183245,206.41418734352283,12191664,ICICIBANK.NS
2016-06-22,205.34024047851562,208.21844190481815,202.5909176171841,203.70783633869394,13478056,ICICIBANK.NS
2016-06-23,206.97265625,207.44519656107306,202.80571249249863,205.3831972324685,7979235,ICICIBANK.NS
2016-06-24,198.42396545410156,200.0993290450831,189.96119961792442,196.74860186312006,33755632,ICICIBANK.NS
2016-06-27,199.92752075195312,201.38810127672681,197.00635970240575,197.00635970240575,13172968,ICICIBANK.NS
2016-06-28,200.3141326904297,201.21625379292323,197.60776938294907,198.1232692159148,11302737,ICICIBANK.NS
2016-06-29,203.3212432861328,204.73886443522542,201.25924364352974,202.67686479262235,7959976,ICICIBANK.NS
2016-06-30,206.67193603515625,208.60504221148915,205.59797694324993,205.76980059182142,16851065,ICICIBANK.NS
2016-07-01,206.5001220703125,208.47620241543453,205.81278413344063,207.65998591150176,9108853,ICICIBANK.NS
2016-07-04,213.2016143798828,213.88893792405887,207.8318324948682,208.86283223191913,10389222,ICICIBANK.NS
2016-07-05,210.58114624023438,215.73613027770318,210.10860591662652,215.47838756518354,10375132,ICICIBANK.NS
2016-07-07,210.3663787841797,212.25654021998477,209.6360812726437,210.49524293968472,8365966,ICICIBANK.NS
2016-07-08,207.87477111816406,210.0656345235263,205.81277185138634,210.0656345235263,7658211,ICICIBANK.NS
2016-07-11,214.66220092773438,215.39248401639952,211.86991830742397,211.86991830742397,9682385,ICICIBANK.NS
2016-07-12,224.84326171875,225.2728424947789,215.435415324225,216.1656983172385,28558549,ICICIBANK.NS
2016-07-13,224.3707275390625,229.99825172130315,222.6094448672555,227.03413130719926,28248930,ICICIBANK.NS
2016-07-14,230.77151489257812,231.63067649120023,223.0819911854165,224.24185501732052,14269365,ICICIBANK.NS
2016-07-15,228.32289123535156,231.84545662747357,226.30385141062644,231.5447543981514,11510449,ICICIBANK.NS
2016-07-18,226.3038787841797,233.04832257569055,225.57359567286875,228.36587837976683,14310274,ICICIBANK.NS
2016-07-19,231.24407958984375,232.40394354401153,226.17499966621537,227.6785398326886,14880049,ICICIBANK.NS
2016-07-20,229.8264617919922,230.42786633062735,228.06516444088086,229.3968665204129,7892214,ICICIBANK.NS
2016-07-21,225.01510620117188,231.11517069932611,224.49960637110954,229.31092850450082,12060367,ICICIBANK.NS
2016-07-22,226.3468017578125,227.1630037905948,222.3946413114387,225.40172116592186,8537587,ICICIBANK.NS
2016-07-25,230.814453125,232.79053339549642,224.0270651612421,225.01510529649033,11311554,ICICIBANK.NS
2016-07-26,224.80032348632812,231.54476682397575,223.4686215124557,230.642645666811,11896758,ICICIBANK.NS
2016-07-27,232.48985290527344,235.23917596437968,225.78836893571003,225.78836893571003,26003949,ICICIBANK.NS
2016-07-28,233.69265747070312,235.41099505951988,232.36095557340064,232.747576844129,9781546,ICICIBANK.NS
2016-07-29,225.874267578125,233.13421029270194,225.14397014418782,232.01729159175602,21115025,ICICIBANK.NS
2016-08-01,214.36148071289062,224.49962568178339,213.2445763356715,219.8601412329359,42583051,ICICIBANK.NS
2016-08-02,210.7529754638672,214.3185002916595,210.49521834140376,214.3185002916595,20758831,ICICIBANK.NS
2016-08-03,208.003662109375,212.42834870434157,206.67196017864927,210.23748516803707,17910406,ICICIBANK.NS
2016-08-04,206.5001220703125,210.53818738447754,203.32121836164757,210.36636371584927,29931529,ICICIBANK.NS
2016-08-05,211.31146240234375,213.63120470350796,209.7220032019514,209.7220032019514,16307350,ICICIBANK.NS
2016-08-08,210.71005249023438,212.81501167230618,210.10863352095842,211.44033562230737,11906856,ICICIBANK.NS
2016-08-09,210.7959747314453,213.50233850290272,210.06567716754813,210.83893425995623,12642014,ICICIBANK.NS
2016-08-10,205.64096069335938,211.82694444893602,204.60996099729888,211.35440412330715,12527824,ICICIBANK.NS
2016-08-11,208.51918029785156,209.0776252960472,204.09447889290993,206.199437990434,9477854,ICICIBANK.NS
2016-08-12,211.31146240234375,212.72908349865452,207.23042279670557,209.20650331049407,11727486,ICICIBANK.NS
2016-08-16,213.54530334472656,214.31854603558568,209.50723735132306,211.35443944009992,13111524,ICICIBANK.NS
2016-08-17,212.72906494140625,216.1657113569453,210.6670655554538,213.15864574334864,12875115,ICICIBANK.NS
2016-08-18,217.28262329101562,218.05586582614325,212.85792242253112,212.9438414643866,20725328,ICICIBANK.NS
2016-08-19,218.14178466796875,219.6882841575917,216.12275929014558,217.36854213355016,14519513,ICICIBANK.NS
2016-08-22,216.72415161132812,219.04389350553765,213.67412674446106,218.44248908833202,9076842,ICICIBANK.NS
2016-08-23,214.962890625,216.50939018338048,213.71710772620781,215.17768823899164,10995821,ICICIBANK.NS
2016-08-24,213.4593505859375,216.2516330430646,212.94385073315243,214.96289062149512,9228359,ICICIBANK.NS
2016-08-25,212.17059326171875,214.96287552271878,211.4402958462409,213.02975481575177,14901359,ICICIBANK.NS
2016-08-26,210.7529754638672,213.76005536789333,208.94873328976576,213.2445555437521,11490424,ICICIBANK.NS
2016-08-29,215.2206268310547,217.0678429931492,210.15156192283092,210.49522367403608,9206563,ICICIBANK.NS
2016-08-30,220.1608123779297,220.7192716980283,216.5093686692013,216.5093686692013,15251016,ICICIBANK.NS
2016-08-31,221.66436767578125,224.11298829828377,220.80520608702608,220.8911107092728,16906022,ICICIBANK.NS
2016-09-01,224.19888305664062,226.81934164991844,222.30872187622464,222.30872187622464,18098850,ICICIBANK.NS
2016-09-02,224.4996337890625,227.0771188333745,223.59751258147455,225.53063357510234,8034006,ICICIBANK.NS
2016-09-06,234.29408264160156,235.32508233842987,225.7024377290807,225.7024377290807,23274042,ICICIBANK.NS
2016-09-07,238.97653198242188,243.78786882069747,233.82154779819422,235.4110069031392,35379184,ICICIBANK.NS
2016-09-08,237.43002319335938,241.1674006422556,236.74269968653638,239.36314399007648,13116475,ICICIBANK.NS
2016-09-09,235.49691772460938,237.12932187519192,232.06025691489737,235.88353900128493,16649877,ICICIBANK.NS
2016-09-12,230.42782592773438,231.50178507680025,225.70242297678692,229.39682629829395,20617372,ICICIBANK.NS
2016-09-14,233.22012329101562,235.23916316110197,228.8383962131421,229.13909844922006,16807794,ICICIBANK.NS
2016-09-15,232.48985290527344,235.19621643963237,230.42785340055022,233.4349336081404,12135372,ICICIBANK.NS
2016-09-16,229.69754028320312,236.7856446277733,228.79541922305648,233.47786260030722,32955498,ICICIBANK.NS
2016-09-19,233.34901428222656,234.03635225658246,230.08419135080692,230.25602944959266,15144399,ICICIBANK.NS
2016-09-20,233.77857971191406,235.58282194718998,231.41587811315128,233.60675604523158,11030397,ICICIBANK.NS
2016-09-21,231.888427734375,234.55184609304246,229.35390236726525,234.3800079986811,12736748,ICICIBANK.NS
2016-09-22,236.69973754882812,238.76173688808072,233.95041471034858,237.12931834104143,14886284,ICICIBANK.NS
2016-09-23,233.04830932617188,237.00045576530513,231.88843101439986,236.95749624110715,17977571,ICICIBANK.NS
2016-09-26,225.5735626220703,230.85741057520008,224.92918423766605,230.6855869146017,15868805,ICICIBANK.NS
2016-09-27,223.3826904296875,227.07709390680066,222.52352884256155,226.4327299268492,17356843,ICICIBANK.NS
2016-09-28,224.02706909179688,225.48764955992942,222.56648862366433,223.72635244140176,17881785,ICICIBANK.NS
2016-09-29,215.09176635742188,226.3897746055438,209.03466119294401,225.96019380401097,48140661,ICICIBANK.NS
2016-09-30,216.63824462890625,217.62628476744578,212.17059866582687,213.11567928349203,15104920,ICICIBANK.NS
2016-10-03,220.07493591308594,220.71931439489487,214.87699179413818,215.65024885646645,18062317,ICICIBANK.NS
2016-10-04,221.83621215820312,223.33975229001013,219.00096999677987,220.67634823077762,16201324,ICICIBANK.NS
2016-10-05,219.4735107421875,223.8982120942784,218.7432276481699,223.3397526819657,16039581,ICICIBANK.NS
2016-10-06,215.86500549316406,220.84816578518755,214.10372279272858,220.80520626363685,13854468,ICICIBANK.NS
2016-10-07,215.30654907226562,218.14179100859212,213.24456411361942,215.5643062050878,10506728,ICICIBANK.NS
2016-10-10,214.87698364257812,217.5404021016663,214.0607815051613,216.42348328777894,6611211,ICICIBANK.NS
2016-10-13,207.1874542236328,213.4163977543604,205.42617141685457,212.9008978854129,20736801,ICICIBANK.NS
2016-10-14,207.70297241210938,208.77693176887277,205.9416894499849,207.23043202562806,10761830,ICICIBANK.NS
2016-10-17,222.30873107910156,223.2967712298376,210.96776352712553,211.35439921976777,69082439,ICICIBANK.NS
2016-10-18,232.27503967285156,233.17716079034943,222.95311184484953,222.99607136671,41861705,ICICIBANK.NS
2016-10-19,227.7214813232422,233.43492485085204,226.17498175271655,233.13422260968866,19968759,ICICIBANK.NS
2016-10-20,238.50399780273438,239.6209165994537,229.52573116679125,229.52573116679125,36280178,ICICIBANK.NS
2016-10-21,238.33216857910156,240.60895122331996,235.4969265495194,237.34412837902414,26362877,ICICIBANK.NS
2016-10-24,244.47518920898438,246.10759339558237,239.83569052415896,239.83569052415896,22219428,ICICIBANK.NS
2016-10-25,248.51324462890625,250.53226990275624,244.51811033752722,248.47027068944513,25090671,ICICIBANK.NS
2016-10-26,239.19131469726562,244.38925808108598,237.98847695744058,244.38925808108598,30017739,ICICIBANK.NS
2016-10-27,244.26040649414062,244.86181097417852,236.27016595389395,238.33216537341391,19868027,ICICIBANK.NS
2016-10-28,237.859619140625,242.7138864874071,236.7427004126294,242.28432010991483,18314125,ICICIBANK.NS
2016-11-01,236.5708465576172,240.3511688671388,235.84056357545288,240.09342617366465,11675305,ICICIBANK.NS
2016-11-02,233.6067352294922,234.76659895419624,230.9003576969464,231.97431680635688,15140657,ICICIBANK.NS
2016-11-03,231.75953674316406,237.4729800250442,230.59967293074436,233.6926575179828,12484687,ICICIBANK.NS
2016-11-04,231.80250549316406,234.12224763114486,227.97922331259898,233.60676219673712,16361493,ICICIBANK.NS
2016-11-07,239.44906616210938,241.59698459576325,234.12224402109692,236.95748597055393,18741014,ICICIBANK.NS
2016-11-08,243.31532287597656,246.96675249719988,239.06244551965867,245.54913151868936,35153751,ICICIBANK.NS
2016-11-09,241.81175231933594,244.64700850822405,210.49521431144152,219.00093961574973,51055067,ICICIBANK.NS
2016-11-10,251.3914337158203,256.37459371961074,246.32235467389816,247.86886851869951,29137485,ICICIBANK.NS
2016-11-11,237.4729766845703,252.80906410352716,235.84057258173058,246.79490425723037,33036653,ICICIBANK.NS
2016-11-15,231.75953674316406,241.25330253210558,228.66655215592561,237.98847985971491,37961485,ICICIBANK.NS
2016-11-16,228.7095184326172,239.01948658898587,226.9911952134845,237.64482512952247,26473183,ICICIBANK.NS
2016-11-17,229.95529174804688,232.53279089019367,226.81934767748854,230.21304887265444,14654093,ICICIBANK.NS
2016-11-18,227.33486938476562,231.1151922098777,225.35878892240484,230.6426518567387,9983933,ICICIBANK.NS
2016-11-21,224.41368103027344,229.39682668662394,218.95799507802826,228.7095032130237,21625818,ICICIBANK.NS
2016-11-22,225.70242309570312,229.05316468275723,222.78126228434465,227.6785033163742,23906788,ICICIBANK.NS
2016-11-23,227.6355743408203,228.40883137745618,223.81229194541524,226.90529125038415,17154845,ICICIBANK.NS
2016-11-24,222.78126525878906,226.64750671245474,221.66436099538237,226.64750671245474,22563160,ICICIBANK.NS
2016-11-25,223.4686279296875,225.44470839576084,220.84818343044222,225.44470839576084,16611698,ICICIBANK.NS
2016-11-28,219.34461975097656,220.5044835385372,217.79812028011014,220.5044835385372,32939718,ICICIBANK.NS
2016-11-29,219.4735107421875,222.8672123208992,218.4854849152188,219.51647026781058,32329662,ICICIBANK.NS
2016-11-30,228.15106201171875,228.9672641092872,219.90309314823563,221.1918355792574,20731093,ICICIBANK.NS
2016-12-01,222.6524200439453,230.2560250369038,221.44958221707077,228.752484963704,15792045,ICICIBANK.NS
2016-12-02,222.95310974121094,227.33485114256172,219.81716562048734,221.66436735991456,12275345,ICICIBANK.NS
2016-12-05,224.11297607421875,224.58551636433836,221.49251750858167,223.03901693646003,8305074,ICICIBANK.NS
2016-12-06,224.24185180664062,225.65947275030555,222.9960689485542,225.31581099993446,8335181,ICICIBANK.NS
2016-12-07,222.2657928466797,227.16301980949754,215.6502282369339,225.78835834442705,13635680,ICICIBANK.NS
2016-12-08,225.74539184570312,226.30385120317752,222.00802884978697,223.85523058704274,11336250,ICICIBANK.NS
2016-12-09,230.64263916015625,231.80250300631,225.9601954114311,226.7763974980711,17533272,ICICIBANK.NS
2016-12-12,227.54966735839844,230.51378824433627,226.69050564615827,229.82646464285938,7515935,ICICIBANK.NS
2016-12-13,227.16302490234375,227.97922701098102,225.53062068506915,226.30386327001114,10265621,ICICIBANK.NS
2016-12-14,223.85523986816406,227.4207793470762,223.38269953390727,227.24894125433315,14369017,ICICIBANK.NS
2016-12-15,223.6404571533203,224.84328054274513,221.44957914928762,222.26579567078343,24089601,ICICIBANK.NS
2016-12-16,219.6023712158203,223.38269379271608,218.95800722616795,223.38269379271608,24984316,ICICIBANK.NS
2016-12-19,220.89112854003906,222.48058770209065,218.87210296972046,219.43056237372707,7417692,ICICIBANK.NS
2016-12-20,216.16571044921875,220.54745191557467,215.0058466150807,220.54745191557467,11590031,ICICIBANK.NS
2016-12-21,217.5833282470703,219.38758488631854,215.82204555007493,217.36854506052225,7685724,ICICIBANK.NS
2016-12-22,217.32559204101562,218.9150511204833,215.34951167756566,217.11079442725523,8951470,ICICIBANK.NS
2016-12-23,216.38050842285156,218.87208860446555,214.91992793161484,217.32558906889966,6932571,ICICIBANK.NS
2016-12-26,213.2016143798828,216.89601808699294,212.29949321515997,216.7241799905555,6767153,ICICIBANK.NS
2016-12-27,217.84109497070312,218.5284185028734,211.95581331996374,213.93189371132985,9094498,ICICIBANK.NS
2016-12-28,216.2946319580078,218.91509122197576,215.69321295009547,218.22775315282036,9176829,ICICIBANK.NS
2016-12-29,215.7361602783203,217.3685790872389,214.83403902787182,216.5953364213654,6379633,ICICIBANK.NS
2016-12-30,219.34461975097656,221.2347809639959,215.95091858745812,216.50937793144757,11565801,ICICIBANK.NS
2017-01-02,216.4664306640625,220.20379378128555,213.15864835404318,220.20379378128555,10404350,ICICIBANK.NS
2017-01-03,218.5713653564453,219.43054135303478,214.1896384356894,216.59529950041116,10236706,ICICIBANK.NS
2017-01-04,215.7361602783203,219.73128103383934,215.1347557252135,218.44253845045407,6901181,ICICIBANK.NS
2017-01-05,221.02001953125,222.093978874611,216.68123705119655,217.54041317835814,13830668,ICICIBANK.NS
2017-01-06,221.7932586669922,224.58554119728592,220.97704213323627,221.87916329405198,9055143,ICICIBANK.NS
2017-01-09,222.2657928466797,223.25381860716055,219.94603630228767,221.57845490375124,7875294,ICICIBANK.NS
2017-01-10,223.55455017089844,225.01513077881168,221.92213146059984,223.3827120685131,14784040,ICICIBANK.NS
2017-01-11,227.42074584960938,230.34189205047093,224.75732790832768,225.53058479098954,19565679,ICICIBANK.NS
2017-01-12,230.5567169189453,231.54475708203847,228.06513675024144,229.0531769133346,11711279,ICICIBANK.NS
2017-01-13,230.29901123046875,231.97437517238924,227.50671395928717,231.97437517238924,7810375,ICICIBANK.NS
2017-01-16,231.37289428710938,232.70459606274636,227.50665309147738,229.74049031077516,8863676,ICICIBANK.NS
2017-01-17,230.59970092773438,233.2631050462407,228.10812049445536,231.54478166924147,6968061,ICICIBANK.NS
2017-01-18,230.64263916015625,233.7785833598901,229.18205865623995,229.74051802844124,10085606,ICICIBANK.NS
2017-01-19,231.71661376953125,232.57577543576278,228.70953351693367,230.94335673329306,8605687,ICICIBANK.NS
2017-01-20,226.3468017578125,230.21304316478071,225.57355924473302,229.39682671121304,12207059,ICICIBANK.NS
2017-01-23,221.27772521972656,224.92916883277184,219.21572606748305,224.92916883277184,43793368,ICICIBANK.NS
2017-01-24,220.93406677246094,222.13690451451873,219.64532440950111,222.13690451451873,26520047,ICICIBANK.NS
2017-01-25,223.33975219726562,224.0700497104857,219.60238884246763,222.52355005377322,41078083,ICICIBANK.NS
2017-01-27,233.69265747070312,235.41099505951988,223.98410849807146,226.0031483150578,89433645,ICICIBANK.NS
2017-01-30,232.66168212890625,236.7856665602478,231.71660146209132,234.5518434625361,17037472,ICICIBANK.NS
2017-01-31,231.0722198486328,235.41100183566402,228.924301405982,230.94334128108503,20535165,ICICIBANK.NS
2017-02-01,241.4251708984375,243.57307512831528,225.78837907424892,228.40883809756633,44647342,ICICIBANK.NS
2017-02-02,245.5491180419922,247.00971288357647,241.03851264010308,242.28430988122332,28910922,ICICIBANK.NS
2017-02-03,241.89767456054688,244.8188209857081,239.5349730558525,244.8188209857081,20058936,ICICIBANK.NS
2017-02-06,249.41539001464844,251.0907682409919,243.61604156244167,243.61604156244167,22521926,ICICIBANK.NS
2017-02-07,247.52520751953125,251.47736814926,245.1195608292806,247.43928847613955,12829302,ICICIBANK.NS
2017-02-08,245.5491180419922,247.86887444386147,242.8857143209515,247.43927924293345,16662978,ICICIBANK.NS
2017-02-09,244.86180114746094,248.08366429557222,239.36314105634034,246.2364481442587,16631183,ICICIBANK.NS
2017-02-10,241.94065856933594,245.84984551220987,240.6519160965463,245.37730516344163,16771421,ICICIBANK.NS
2017-02-13,241.9835968017578,244.08857018037065,240.17936892771428,242.71389427681888,13144434,ICICIBANK.NS
2017-02-14,244.5611114501953,245.63505627406798,241.6828954830251,243.1434904387282,12889195,ICICIBANK.NS
2017-02-15,241.2103271484375,246.064622947688,239.36312553766982,245.03362334614675,14420745,ICICIBANK.NS
2017-02-16,239.53500366210938,241.811786417403,234.4229787389133,241.68290784046542,20257845,ICICIBANK.NS
2017-02-17,243.14349365234375,245.80689761668285,237.0004547673407,240.30823717114941,28496342,ICICIBANK.NS
2017-02-20,242.58502197265625,245.84983026628072,241.51106276820434,243.18642643685754,9947581,ICICIBANK.NS
2017-02-21,244.68997192382812,245.5491335383339,241.59698722745,243.14348678603227,11288626,ICICIBANK.NS
2017-02-22,245.84983825683594,247.3533783077791,241.55403014097914,247.3533783077791,30787289,ICICIBANK.NS
2017-02-23,244.4322052001953,248.08366354981172,242.32726076929225,244.60404328467143,25499159,ICICIBANK.NS
2017-02-27,239.5779266357422,245.33432914459382,238.07438672989187,244.86178885537146,15037984,ICICIBANK.NS
2017-02-28,237.43002319335938,240.65190080174528,236.87157825186048,239.66386064249937,18179839,ICICIBANK.NS
2017-03-01,239.792724609375,241.38218365150297,238.2032799880331,238.50398221944712,19983162,ICICIBANK.NS
2017-03-02,239.40609741210938,244.43220270304388,237.98847649202162,242.32725829364517,20040929,ICICIBANK.NS
2017-03-03,237.0863494873047,239.62088904030335,236.31310697591508,239.36313192264993,9256168,ICICIBANK.NS
2017-03-06,237.7737274169922,240.00755070886336,236.69976808750522,237.08638940829994,12565060,ICICIBANK.NS
2017-03-07,237.1293182373047,239.9216005958626,236.27015665325393,237.98847982135544,9116307,ICICIBANK.NS
2017-03-08,235.75466918945312,237.6018710183265,233.7785887899737,237.30116877436572,12969749,ICICIBANK.NS
2017-03-09,234.98143005371094,237.0863746338816,234.20817303952043,235.41101087457815,11647809,ICICIBANK.NS
2017-03-10,232.44688415527344,237.55890876866326,231.45884396687208,236.39904490887895,15749231,ICICIBANK.NS
2017-03-14,246.794921875,247.61113840547225,241.51107350313276,241.51107350313276,43486006,ICICIBANK.NS
2017-03-15,244.99069213867188,246.58015133668343,244.0885853559572,245.6350706072252,13414846,ICICIBANK.NS
2017-03-16,244.4322052001953,246.9667448422887,242.6709369382445,246.1935023037179,10712223,ICICIBANK.NS
2017-03-17,241.0814666748047,246.3223549574531,240.26525023239853,245.80686956963947,25016303,ICICIBANK.NS
2017-03-20,236.31312561035156,240.30823146194513,235.41100446899864,240.30823146194513,12153226,ICICIBANK.NS
2017-03-21,233.7356414794922,237.81668106229782,232.91943933124602,237.1293430706044,16304076,ICICIBANK.NS
2017-03-22,227.6785125732422,230.90037573234528,227.24893178008082,230.1700927102068,24534011,ICICIBANK.NS
2017-03-23,229.35389709472656,230.47080142003912,227.50668088516716,228.96726139130175,13209523,ICICIBANK.NS
2017-03-24,236.0553741455078,237.85963089236205,231.67364690242616,231.67364690242616,19227304,ICICIBANK.NS
2017-03-27,234.68072509765625,240.56600715261396,233.86452293934994,240.56600715261396,12341637,ICICIBANK.NS
2017-03-28,237.98849487304688,238.46103521623942,236.3560906442655,237.98849487304688,13884032,ICICIBANK.NS
2017-03-29,242.4561309814453,242.97164524777892,237.6877826465081,239.66386298430862,18910842,ICICIBANK.NS
2017-03-30,241.72586059570312,243.35827926216186,240.35119907590015,241.6399559676049,16543030,ICICIBANK.NS
2017-03-31,237.859619140625,243.05756266265877,236.87157897834877,240.86668472857403,19741901,ICICIBANK.NS
2017-04-03,246.3223419189453,246.92377515472452,237.85959109609954,239.53495456977527,20449617,ICICIBANK.NS
2017-04-05,244.7329559326172,246.15057698109055,243.0575777367194,246.15057698109055,10569529,ICICIBANK.NS
2017-04-06,241.29624938964844,243.74486987062906,239.92158804293368,242.19838486856565,17014957,ICICIBANK.NS
2017-04-07,238.28919982910156,243.14348159443298,236.91453839108678,240.65190142893726,18994042,ICICIBANK.NS
2017-04-10,238.54693603515625,239.70681425289735,237.21523415533977,239.19131442509973,10395338,ICICIBANK.NS
2017-04-11,243.70191955566406,244.21740493146055,237.7736791053712,239.10538090454594,13734771,ICICIBANK.NS
2017-04-12,241.25332641601562,245.67804218044157,238.97654366627847,243.8308258445399,18252914,ICICIBANK.NS
2017-04-13,242.97166442871094,245.54914943913616,240.05050321359914,240.82374583256924,15178825,ICICIBANK.NS
2017-04-17,242.62796020507812,245.4632020416014,240.99555610447814,243.14347445257584,8250861,ICICIBANK.NS
2017-04-18,243.48715209960938,250.53231246847452,242.75688342039788,243.48715209960938,19072022,ICICIBANK.NS
2017-04-19,241.0385284423828,244.86181061500923,239.57794792582965,243.487134723488,15189575,ICICIBANK.NS
2017-04-20,234.3370361328125,237.34411610103632,233.52083406915796,236.22719738808783,31912290,ICICIBANK.NS
2017-04-21,231.24407958984375,235.23918577080528,229.39686321106507,234.25114550200252,18165879,ICICIBANK.NS
2017-04-24,230.814453125,233.13420956134675,227.8503471400411,231.8024932602482,24418208,ICICIBANK.NS
2017-04-25,234.12222290039062,234.8095607749737,231.9743190812904,233.69264213657058,13685114,ICICIBANK.NS
2017-04-26,237.90255737304688,238.80469288624997,234.5518301273742,235.41099169912542,15205419,ICICIBANK.NS
2017-04-27,235.5398712158203,238.0314514731719,234.85254768186675,237.94553242623104,14909618,ICICIBANK.NS
2017-04-28,239.27723693847656,240.050479481,234.46591475640955,234.98141459168716,9367499,ICICIBANK.NS
2017-05-02,236.78564453125,241.29624983014452,236.27014472269275,240.73779050247538,16780204,ICICIBANK.NS
2017-05-03,234.3370361328125,238.03143960070773,233.04829375533913,237.04339945174235,24205196,ICICIBANK.NS
2017-05-04,255.85906982421875,257.5344477421352,243.8737249772853,250.53226271072356,122120948,ICICIBANK.NS
2017-05-05,256.5035095214844,259.25283277076403,252.98094361484115,257.7492925629676,48189321,ICICIBANK.NS
2017-05-08,260.2838134765625,264.7514598232957,257.74927363125147,257.74927363125147,30347849,ICICIBANK.NS
2017-05-09,258.2647705078125,262.3457952790239,256.37460923764536,261.4436597448204,15194182,ICICIBANK.NS
2017-05-10,256.5893859863281,260.02603226709374,255.47246729260786,258.6943303912185,15054831,ICICIBANK.NS
2017-05-11,257.9211120605469,259.8971925098558,257.3626526612917,259.2098689575318,10261128,ICICIBANK.NS
2017-05-12,254.78517150878906,258.22181816323786,251.99287447086851,257.7492778061724,16605029,ICICIBANK.NS
2017-05-15,259.2957763671875,260.7563424555092,256.20277725821046,257.31969600658323,17095696,ICICIBANK.NS
2017-05-16,260.0260314941406,262.81832822014087,258.6513845225492,260.1978695759824,19569431,ICICIBANK.NS
2017-05-17,266.1261291503906,266.51275044106154,261.61550897046584,262.56058964578875,23363685,ICICIBANK.NS
2017-05-18,264.57965087890625,268.7895400832275,261.7873538829184,261.7873538829184,27753950,ICICIBANK.NS
2017-05-19,263.80633544921875,268.4028740294356,260.9281487254807,264.53663282510456,16728969,ICICIBANK.NS
2017-05-22,261.0570373535156,267.6726017707918,259.63941640695646,265.9542785946423,14850717,ICICIBANK.NS
2017-05-23,262.94720458984375,266.1261227270469,260.1549365755524,260.4556388119749,29771017,ICICIBANK.NS
2017-05-24,263.5056457519531,266.0401852979221,260.5844849513617,263.59156479093264,20506719,ICICIBANK.NS
2017-05-25,272.95648193359375,274.80369821441565,262.90427051405146,263.204972763085,41775676,ICICIBANK.NS
2017-05-26,276.2642822265625,277.5100652483284,271.10931203134334,272.3550950531092,21336089,ICICIBANK.NS
2017-05-29,270.5508117675781,275.2762148207992,269.6057311569339,274.28816026881407,11266657,ICICIBANK.NS
2017-05-30,276.1354064941406,278.798810534212,270.1642199562057,270.5078673165402,15573191,ICICIBANK.NS
2017-05-31,280.4741516113281,281.2903392204078,273.77266845264035,277.51001686635675,128437479,ICICIBANK.NS
2017-06-01,275.0185241699219,279.7868734754308,272.1403365425567,279.65800930340407,19883562,ICICIBANK.NS
2017-06-02,273.3431091308594,277.46710818254047,271.19521939621876,276.6508916247694,13469524,ICICIBANK.NS
2017-06-05,274.7177734375,276.3501776421959,273.3430975314165,273.6437997741798,9831353,ICICIBANK.NS
2017-06-06,274.0304260253906,275.8346681663164,272.95645245565976,275.4050729701099,10757211,ICICIBANK.NS
2017-06-07,278.97064208984375,280.04458693325034,275.5769406211274,275.8346977665115,15076040,ICICIBANK.NS
2017-06-08,275.1043395996094,280.94666055698485,274.5029352345965,280.0015800739261,20130322,ICICIBANK.NS
2017-06-09,276.77978515625,277.59597287402465,271.58184122719877,274.03046206367185,10190305,ICICIBANK.NS
2017-06-12,271.28106689453125,275.5339294314163,270.5078244044739,274.93252501505395,10376913,ICICIBANK.NS
2017-06-13,270.5078430175781,273.81562521831285,269.69165537372186,270.6796811030969,9305516,ICICIBANK.NS
2017-06-14,274.1163635253906,276.99457973272075,270.980418997433,274.15933747321236,22264301,ICICIBANK.NS
2017-06-15,272.1402282714844,274.41701040146836,271.23809290147676,274.0733342906908,11206355,ICICIBANK.NS
2017-06-16,271.92547607421875,274.2881777514234,271.19520744059054,273.60085422030204,23228635,ICICIBANK.NS
2017-06-19,275.4480285644531,276.39310909159013,272.39797497846104,273.21419137610434,10719809,ICICIBANK.NS
2017-06-20,278.5610656738281,281.3709477351447,274.32239208548634,276.94178992658044,16849368,ICICIBANK.NS
2017-06-21,277.2751770019531,278.75155326658796,275.79877166907136,278.1324286739426,7142413,ICICIBANK.NS
2017-06-22,275.8464050292969,279.4183110964885,274.56051303145875,277.6561649563581,9180870,ICICIBANK.NS
2017-06-23,277.9895935058594,279.6088404098696,271.08390732882145,275.7988066570211,14937649,ICICIBANK.NS
2017-06-27,274.2271423339844,279.18019727621106,269.9884977073504,279.0849406295822,18053262,ICICIBANK.NS
2017-06-28,276.5608215332031,279.37070389033386,275.0368022697468,275.0368022697468,17157094,ICICIBANK.NS
2017-06-29,279.322998046875,282.7996467698718,276.32260336999394,277.65610888546996,34774280,ICICIBANK.NS
2017-06-30,276.3702392578125,278.13238518306605,273.8460984251078,278.13238518306605,12435467,ICICIBANK.NS
2017-07-03,276.2750244140625,278.37055432886683,275.03677523510794,277.5609164495903,6106230,ICICIBANK.NS
2017-07-04,275.7510986328125,278.89436377749644,274.8938471450115,278.51336634605605,8335899,ICICIBANK.NS
2017-07-05,278.94207763671875,279.7993293427576,274.7986604779083,276.22742301072236,6958589,ICICIBANK.NS
2017-07-06,279.7992858886719,281.0851777821494,278.4657802121278,280.03741294049206,9967582,ICICIBANK.NS
2017-07-07,275.94158935546875,279.5611082610248,275.4653353379883,279.5611082610248,8477468,ICICIBANK.NS
2017-07-10,277.6085205078125,279.3230236034007,276.2273720204133,277.17988019979407,1114874,ICICIBANK.NS
2017-07-11,275.8939514160156,279.0372454281928,274.98908620766434,278.6562189528461,10893055,ICICIBANK.NS
2017-07-12,278.4657897949219,280.6089333350548,274.8938838947003,275.9416487724142,8091465,ICICIBANK.NS
2017-07-13,283.752197265625,285.27621625459057,281.0375429834433,281.56143995340506,13747313,ICICIBANK.NS
2017-07-14,284.0855712890625,285.1809499078779,280.51366553102736,285.1809499078779,6196683,ICICIBANK.NS
2017-07-17,289.0862731933594,290.08639529539516,284.60947249189655,285.7524940955776,12506474,ICICIBANK.NS
2017-07-18,289.4672546386719,291.46752779996774,287.1812406264388,287.4193676916349,11772154,ICICIBANK.NS
2017-07-19,287.8955993652344,290.4197402457723,287.08596159307314,288.60998050509846,10780451,ICICIBANK.NS
2017-07-20,286.323974609375,289.41962630127824,285.5143368147669,287.65748029377687,8458004,ICICIBANK.NS
2017-07-21,287.705078125,289.46722403479725,282.1329286431232,285.27619394409174,9705981,ICICIBANK.NS
2017-07-24,288.6575927734375,292.03901425867497,287.2764733512218,287.84798407376474,15604131,ICICIBANK.NS
2017-07-25,289.7053527832031,292.22949360865266,287.46695278016585,292.22949360865266,18129742,ICICIBANK.NS
2017-07-26,295.6109619140625,296.2300865062944,290.0863962360194,292.22953994868556,26050717,ICICIBANK.NS
2017-07-27,292.6105651855469,299.51625045018653,290.8484189940239,299.51625045018653,28535869,ICICIBANK.NS
2017-07-28,282.0852966308594,289.5624917883857,279.89453940581035,289.5624917883857,30571846,ICICIBANK.NS
2017-07-31,288.2289733886719,291.896135597442,282.18054079345904,284.65706780900786,21526493,ICICIBANK.NS
2017-08-01,288.2289733886719,290.7055004042207,287.0859519758826,289.4672223623253,10722862,ICICIBANK.NS
2017-08-02,287.5146179199219,289.9911451563845,285.4667310185518,287.8480016174111,8348096,ICICIBANK.NS
2017-08-03,281.65667724609375,287.18121299988917,280.56126959697286,287.0383425881646,14389817,ICICIBANK.NS
2017-08-04,282.1805419921875,283.37117719046677,279.94214200577403,280.98990679390823,10099985,ICICIBANK.NS
2017-08-07,285.89532470703125,288.6099788364684,282.6091889236013,283.1330567958423,11870705,ICICIBANK.NS
2017-08-08,281.4661865234375,287.228849780968,279.89455373213326,285.5619603514722,10288608,ICICIBANK.NS
2017-08-09,276.7988586425781,280.41837778179934,276.0844775702392,280.41837778179934,12959158,ICICIBANK.NS
2017-08-10,275.0367736816406,279.46593149611124,249.1285361006082,275.27490075842127,17225844,ICICIBANK.NS
2017-08-11,273.3222351074219,275.8939897640413,266.98803242734283,270.46471055457164,17211539,ICICIBANK.NS
2017-08-14,277.9419250488281,278.94207625780274,273.89376455919984,273.89376455919984,8428420,ICICIBANK.NS
2017-08-16,280.94232177734375,281.7519305404711,273.65561036323635,277.8466699448716,8605873,ICICIBANK.NS
2017-08-17,279.2277526855469,283.70455252688475,277.4656068302015,283.70455252688475,8168684,ICICIBANK.NS
2017-08-18,279.2277526855469,280.3707740696199,276.98935276487794,278.132374148951,6700778,ICICIBANK.NS
2017-08-21,279.5611877441406,285.51436465521687,278.3705523619254,281.228077279242,10623264,ICICIBANK.NS
2017-08-22,279.9898376464844,283.2283601827761,278.2753051967434,282.8949764507503,7549155,ICICIBANK.NS
2017-08-23,284.4189453125,284.9904560280216,281.2756509112524,281.94241825740136,9142592,ICICIBANK.NS
2017-08-24,283.5617370605469,285.89536499182395,282.561585888645,285.75249455819426,12766567,ICICIBANK.NS
2017-08-28,286.60968017578125,287.8955719185942,283.9426691351797,285.4666879019121,8827300,ICICIBANK.NS
2017-08-29,285.2762145996094,288.4194801281671,283.9427088925923,285.75246871413293,12737088,ICICIBANK.NS
2017-08-30,286.0381774902344,287.9431937347734,285.18092599384005,287.4669396736386,8552010,ICICIBANK.NS
2017-08-31,283.89508056640625,286.60973497174155,282.8949585020307,286.60973497174155,14865124,ICICIBANK.NS
2017-09-01,284.1331787109375,285.466713418678,283.03780011664446,285.466713418678,7472688,ICICIBANK.NS
2017-09-04,282.9902038574219,285.75247193918506,280.51367662030003,285.65721530155645,6244661,ICICIBANK.NS
2017-09-05,283.4664611816406,284.79996691878193,282.60920956978157,282.60920956978157,7683590,ICICIBANK.NS
2017-09-06,281.32330322265625,281.9424277401938,280.32315216979396,280.89466290453765,4854030,ICICIBANK.NS
2017-09-07,278.75152587890625,284.32370480173483,278.22765798311866,281.5137939142525,15630577,ICICIBANK.NS
2017-09-08,278.1324462890625,280.7994581193293,276.27504332524353,280.7994581193293,8077662,ICICIBANK.NS
2017-09-11,276.9894104003906,279.75170780863465,275.32252082491453,279.0849403511453,7639794,ICICIBANK.NS
2017-09-12,277.370361328125,279.46586163904203,276.7035940525099,278.7514805872713,8497603,ICICIBANK.NS
2017-09-13,278.1324462890625,279.32308176119034,277.3704512142002,278.2277029404825,8297426,ICICIBANK.NS
2017-09-14,279.75164794921875,281.5614075731315,277.8466316991546,277.8466316991546,12267908,ICICIBANK.NS
2017-09-15,277.7513732910156,281.5137629198091,277.1322488273652,280.4660272435887,22632513,ICICIBANK.NS
2017-09-18,279.08489990234375,280.4184055558053,278.2752621265211,279.9421514604088,11181986,ICICIBANK.NS
2017-09-19,280.6565246582031,281.4661624111052,275.84637005816984,278.03712720767675,7558625,ICICIBANK.NS
2017-09-20,276.751220703125,278.9420068047474,275.84635543639814,278.13236909476177,14617079,ICICIBANK.NS
2017-09-21,271.4172668457031,276.60841992919825,270.1789885457126,275.70355443469356,14496834,ICICIBANK.NS
2017-09-22,263.9400329589844,270.46472006438904,262.6541410513399,270.13133637451915,23451953,ICICIBANK.NS
2017-09-25,266.2260437011719,267.3690651762024,262.4636246584196,265.70217581492494,13358067,ICICIBANK.NS
2017-09-26,269.32171630859375,270.51235165920644,263.6066666256528,266.2260643970007,11325047,ICICIBANK.NS
2017-09-27,263.2732849121094,271.2267349282191,262.32077662438957,271.2267349282191,17853590,ICICIBANK.NS
2017-09-28,262.84466552734375,264.6067825507512,256.36759192941054,262.84466552734375,32223724,ICICIBANK.NS
2017-09-29,263.4637451171875,268.27389937377745,262.65410742209326,264.2733828122817,9980756,ICICIBANK.NS
2017-10-03,265.1782531738281,267.3690392773846,262.08260180274584,266.22601791307335,6752832,ICICIBANK.NS
2017-10-04,262.9875183105469,266.1307837250452,262.03501011606335,265.98791330952133,7417758,ICICIBANK.NS
2017-10-05,258.8917236328125,264.2257755003856,258.2249853170185,262.8922698005534,10975305,ICICIBANK.NS
2017-10-06,259.03460693359375,261.4158773445728,257.70107224885163,259.2250911255267,25447787,ICICIBANK.NS
2017-10-09,258.8441467285156,263.1780481375171,258.36789254870234,260.36816591756775,20478222,ICICIBANK.NS
2017-10-10,256.9867248535156,260.0347630069023,256.3676002790532,258.93938428773856,18594444,ICICIBANK.NS
2017-10-11,254.8911895751953,259.08221966794,253.5576839640823,258.2249681370989,12687990,ICICIBANK.NS
2017-10-12,254.84359741210938,255.22462400670312,251.5098181871498,254.89124027055757,11831125,ICICIBANK.NS
2017-10-13,258.4154968261719,261.6064055271016,254.89123346624353,254.89123346624353,14402254,ICICIBANK.NS
2017-10-16,261.2253723144531,262.8922616546547,257.51059616993814,261.5587559961421,12848154,ICICIBANK.NS
2017-10-17,260.8919982910156,263.41613928597343,260.22525997119817,261.70163609987793,9183764,ICICIBANK.NS
2017-10-18,250.65252685546875,255.65319490225903,249.79527528966764,255.65319490225903,30669948,ICICIBANK.NS
2017-10-19,245.60426330566406,248.60465854340083,244.41362796781252,247.27115277865622,3822821,ICICIBANK.NS
2017-10-23,250.08102416992188,251.8908130615949,244.3183610054726,246.080507044697,22939775,ICICIBANK.NS
2017-10-24,253.8910369873047,255.41505584834894,242.88957942871275,250.74777170434757,15126641,ICICIBANK.NS
2017-10-25,291.1817626953125,296.0395311660924,270.8457072077937,279.27541042723857,123615362,ICICIBANK.NS
2017-10-26,285.0380859375,299.706706768588,280.9899259868421,285.56195383322864,43256025,ICICIBANK.NS
2017-10-27,286.8478698730469,290.9436730202966,271.9411207323651,278.037168062979,36889009,ICICIBANK.NS
2017-10-30,286.2763366699219,293.8011749354907,281.22805468226284,284.41896306385604,38047961,ICICIBANK.NS
2017-10-31,285.84771728515625,288.8481123083461,284.13318508030244,285.9905877018332,19050731,ICICIBANK.NS
2017-11-01,298.51605224609375,303.8024899877142,288.03846246097197,288.6099731719907,38829935,ICICIBANK.NS
2017-11-02,301.6117248535156,305.1836307117246,296.6110566520231,298.5637159621239,27736221,ICICIBANK.NS
2017-11-03,300.8973388671875,303.5167364546275,299.13519285835184,302.70709865940637,14258432,ICICIBANK.NS
2017-11-06,301.087890625,305.04079440314774,296.84921690529194,299.8496123480668,16349376,ICICIBANK.NS
2017-11-07,297.6112365722656,302.85003233861966,294.65845496303484,302.0403944519882,12752869,ICICIBANK.NS
2017-11-08,290.99127197265625,299.08759214210824,289.4672529506398,297.18257563164894,11942186,ICICIBANK.NS
2017-11-09,296.5157775878906,299.84955613672827,292.22949088224226,292.22949088224226,12716330,ICICIBANK.NS
2017-11-10,303.3738708496094,308.80317938065207,296.2776729182941,297.65882147724625,21000915,ICICIBANK.NS
2017-11-13,299.32574462890625,306.51717093939004,298.13510920874353,301.94514255326425,13679015,ICICIBANK.NS
2017-11-14,299.182861328125,302.0403862136501,295.0870582179246,298.4208372510372,12362405,ICICIBANK.NS
2017-11-15,300.5163269042969,304.4216162054497,297.801672812749,298.08744270399967,14408468,ICICIBANK.NS
2017-11-16,303.802490234375,304.8026121782881,300.9925795260595,301.1354499368696,8983382,ICICIBANK.NS
2017-11-17,309.66046142578125,316.56614676317884,308.42218316571336,308.6126964574922,20440466,ICICIBANK.NS
2017-11-20,303.4214782714844,308.5174030019703,302.13561544426057,307.9935351144527,13606336,ICICIBANK.NS
2017-11-21,304.7073669433594,306.8981532412642,302.46896686281804,303.61198832852864,13102056,ICICIBANK.NS
2017-11-22,303.7548828125,306.80292091707537,302.9452449658241,304.23113694957453,9342622,ICICIBANK.NS
2017-11-23,304.2787170410156,305.27883889527993,300.230557710891,304.56445783702264,9998609,ICICIBANK.NS
2017-11-24,302.1356201171875,305.80275352301487,300.94498483782945,304.7073748796543,7867381,ICICIBANK.NS
2017-11-27,301.9450988769531,303.4691178079618,298.6113201827281,300.0876962628733,9334428,ICICIBANK.NS
2017-11-28,298.3255920410156,300.3734789409347,296.944443467358,298.23033540347984,13929413,ICICIBANK.NS
2017-11-29,299.8971862792969,301.27830560721117,297.4682731413938,297.7540430172746,12384876,ICICIBANK.NS
2017-11-30,292.9438781738281,300.8020706331332,291.7056291711741,299.99246193737474,23832543,ICICIBANK.NS
2017-12-01,290.7531433105469,295.22994371281476,289.9435054844033,294.99181665031637,6602231,ICICIBANK.NS
2017-12-04,289.8006286621094,292.89628040624035,287.94322598833304,292.6581533489995,8763567,ICICIBANK.NS
2017-12-05,290.7531433105469,292.9915435116808,289.2767671503548,290.3245029707518,8219441,ICICIBANK.NS
2017-12-06,285.2762145996094,290.5150098593685,283.9903226767469,289.3719883572142,6751957,ICICIBANK.NS
2017-12-07,291.2770080566406,292.18190251160274,285.9429851692152,287.181234253458,7414305,ICICIBANK.NS
2017-12-08,295.991943359375,297.08732205051524,292.4200373654968,292.6581644317553,10732806,ICICIBANK.NS
2017-12-11,296.6587219238281,297.4207169372013,293.61068373384245,296.2300815611517,6829121,ICICIBANK.NS
2017-12-12,292.99151611328125,297.51592987766116,291.7532380631372,297.2301599884392,11995276,ICICIBANK.NS
2017-12-13,288.5623779296875,293.7535303066913,285.94298031512545,293.37253283094924,14805881,ICICIBANK.NS
2017-12-14,289.8958740234375,291.4675067264511,287.038349447688,289.4196199274793,11140346,ICICIBANK.NS
2017-12-15,288.75286865234375,295.94432334289723,288.18135789170617,295.65855342845606,23227021,ICICIBANK.NS
2017-12-18,294.22979736328125,297.4683196519357,273.369872165034,283.84746308425133,16300443,ICICIBANK.NS
2017-12-19,298.80181884765625,299.8495545600452,293.8487648309879,294.51553216454624,13135113,ICICIBANK.NS
2017-12-20,300.8020935058594,302.75475285789867,296.7063196611099,299.1828469229736,14003657,ICICIBANK.NS
2017-12-21,300.46868896484375,301.51642461046185,297.27778104601015,300.4210461193447,9705688,ICICIBANK.NS
2017-12-22,301.56414794921875,304.0406754607599,298.89710714130985,300.0401287830205,7628532,ICICIBANK.NS
2017-12-26,303.04052734375,303.85016525918746,298.32562842722876,301.2307672828151,7632721,ICICIBANK.NS
2017-12-27,297.9445495605469,302.80234713269294,297.2778112699342,300.94497360715445,6354635,ICICIBANK.NS
2017-12-28,300.3258056640625,304.0406106739248,295.7537782079512,297.94453530812086,22689602,ICICIBANK.NS
2017-12-29,299.08758544921875,300.7544748585695,297.6588230983467,298.9923288121784,9637881,ICICIBANK.NS
2018-01-01,295.56329345703125,299.087585551013,294.42030101689124,299.087585551013,7739502,ICICIBANK.NS
2018-01-02,294.9917907714844,296.89680710434965,292.8962611780356,296.18242597952514,7046560,ICICIBANK.NS
2018-01-03,300.0401306152344,301.3260227029493,297.65885973733566,297.65885973733566,8898342,ICICIBANK.NS
2018-01-04,299.7543640136719,300.65922942867326,296.70632592423067,299.9924910810268,6385367,ICICIBANK.NS
2018-01-05,298.039794921875,300.18293826369325,296.8015459516768,299.51619999829495,6366054,ICICIBANK.NS
2018-01-08,299.23046875,303.08814470434163,297.7540925511845,298.61134418495624,7329648,ICICIBANK.NS
2018-01-09,297.75408935546875,300.8020983615267,295.9919432521448,299.8495900968376,9190909,ICICIBANK.NS
2018-01-10,297.18255615234375,298.0874505627972,295.8014076454923,297.7064240310843,6736971,ICICIBANK.NS
2018-01-11,294.8013000488281,297.6588247665874,293.89640559423987,297.6588247665874,8366713,ICICIBANK.NS
2018-01-12,302.6118469238281,303.6595826205292,294.89652519610394,294.89652519610394,11699345,ICICIBANK.NS
2018-01-15,313.66094970703125,314.9944844887087,305.04076181997834,305.564629721177,30242005,ICICIBANK.NS
2018-01-16,318.23297119140625,324.5671444252351,311.0415173882883,314.0895550233933,26707100,ICICIBANK.NS
2018-01-17,326.94842529296875,327.8533196705302,318.18533861047797,318.18533861047797,43305353,ICICIBANK.NS
2018-01-18,329.7107238769531,336.425924459078,326.71032871262895,333.37788644145814,31504669,ICICIBANK.NS
2018-01-19,336.806884765625,338.1403903505422,324.6147631092239,330.9489655070034,18812611,ICICIBANK.NS
2018-01-22,334.8066101074219,336.14011568538206,328.4247939631417,335.6638616169505,15269782,ICICIBANK.NS
2018-01-23,345.0936584472656,347.14157403048046,333.80646119293186,333.80646119293186,22485663,ICICIBANK.NS
2018-01-24,335.99725341796875,342.1409426768628,335.0923590387312,340.75979421765646,12815095,ICICIBANK.NS
2018-01-25,343.6649475097656,347.4749803161632,334.04463792820644,335.759141063788,30183655,ICICIBANK.NS
2018-01-29,340.66455078125,348.33225920664705,338.7119206050536,342.90295085744026,17855095,ICICIBANK.NS
2018-01-30,336.4735412597656,339.8549339395367,333.85414355710645,339.8549339395367,13358981,ICICIBANK.NS
2018-01-31,336.18780517578125,337.1403134447952,327.28184704685145,332.2825154591748,22638319,ICICIBANK.NS
2018-02-01,329.75836181640625,338.99767423344446,327.4723188031341,331.04422467606634,29472295,ICICIBANK.NS
2018-02-02,319.1855163574219,327.37709301761345,317.85201063791266,326.2816852893522,16957983,ICICIBANK.NS
2018-02-05,314.0420227050781,318.3759241818244,311.5178522580129,312.0417493049457,17339547,ICICIBANK.NS
2018-02-06,314.9944763183594,321.9001608330561,298.1350693931127,300.278212863191,18491736,ICICIBANK.NS
2018-02-07,316.756591796875,320.4237541980536,314.23245086845765,319.42363221057013,11819190,ICICIBANK.NS
2018-02-08,317.994873046875,322.328773793132,313.8514565024653,316.75659492777027,10294899,ICICIBANK.NS
2018-02-09,311.2320556640625,313.04181543805487,307.32676621392517,309.5651663070247,9493398,ICICIBANK.NS
2018-02-12,310.75579833984375,313.5657091398691,307.8982737574084,313.23232545826966,8356351,ICICIBANK.NS
2018-02-14,303.802490234375,311.4701693196881,301.516447388444,311.4701693196881,15189066,ICICIBANK.NS
2018-02-15,313.0418395996094,316.04223486020874,306.85053579560457,306.85053579560457,23779772,ICICIBANK.NS
2018-02-16,305.802734375,318.137726724084,303.65959100634973,314.6610777396998,17585994,ICICIBANK.NS
2018-02-19,304.56451416015625,313.9467262739696,300.23061323255604,313.8514696349382,19044107,ICICIBANK.NS
2018-02-20,302.1831970214844,308.80313999408975,301.2783026923114,305.2788483700102,16030558,ICICIBANK.NS
2018-02-21,304.0406494140625,305.469411809677,300.70687049096205,303.85013613401577,9974873,ICICIBANK.NS
2018-02-22,303.2309875488281,304.1358528867371,299.0399573340967,301.94509568101745,25530698,ICICIBANK.NS
2018-02-23,307.42205810546875,308.66030728541125,303.23102734076315,303.8977657190988,7949765,ICICIBANK.NS
2018-02-26,311.517822265625,312.2322034777323,307.80304577631625,309.56519191316346,7133735,ICICIBANK.NS
2018-02-27,306.85052490234375,311.51780948294703,304.4692542930314,311.4701956980587,9623651,ICICIBANK.NS
2018-02-28,298.3731689453125,301.94507439956607,296.325282298522,300.18292856181944,17481687,ICICIBANK.NS
2018-03-01,290.4674072265625,299.0875954030792,289.8006398133339,297.80170343085,18986889,ICICIBANK.NS
2018-03-05,288.9433898925781,291.9437851333171,285.0857139531318,289.991154804585,14456193,ICICIBANK.NS
2018-03-06,281.03753662109375,293.0867887702563,280.2279278946309,292.8010188654073,18951451,ICICIBANK.NS
2018-03-07,273.0841064453125,279.84689125911,271.7982145904909,279.3706371697867,31472773,ICICIBANK.NS
2018-03-08,282.84735107421875,283.8474731610783,275.51302554309365,276.4655338422919,21413552,ICICIBANK.NS
2018-03-09,278.7991638183594,285.27620799871215,276.8941474043446,284.79995389520843,12489587,ICICIBANK.NS
2018-03-12,286.37158203125,287.5622172709178,279.7992813219324,281.5614272902894,12163952,ICICIBANK.NS
2018-03-13,289.8958740234375,292.42001491836766,285.3714601118341,285.84771420779236,15966647,ICICIBANK.NS
2018-03-14,291.5151062011719,292.84864085899954,283.6569140035412,288.7528383938349,12964285,ICICIBANK.NS
2018-03-15,287.1336364746094,291.22941050610484,286.1334853262817,291.22941050610484,13282019,ICICIBANK.NS
2018-03-16,283.9427185058594,287.5146244857178,283.27595109565436,286.94311371529136,28835112,ICICIBANK.NS
2018-03-19,280.5613098144531,285.75249170777636,277.41804403296624,283.9427317406098,13601784,ICICIBANK.NS
2018-03-20,278.1324462890625,283.0855014804138,276.4655566280835,279.08495466676476,10880002,ICICIBANK.NS
2018-03-21,275.4653625488281,281.03751184918315,273.7032166964357,280.9898980700271,13618228,ICICIBANK.NS
2018-03-22,269.7979736328125,275.8940208862418,267.5595733335953,275.75115045613137,24593489,ICICIBANK.NS
2018-03-23,262.463623046875,264.6544093491914,260.5586066456834,263.9400281987445,31922568,ICICIBANK.NS
2018-03-26,268.2739562988281,269.70271874572575,262.844676441565,262.9875468726055,24618534,ICICIBANK.NS
2018-03-27,270.4170837402344,273.65560594519485,268.0358131383157,270.9885944983438,22377328,ICICIBANK.NS
2018-03-28,265.13067626953125,269.84557464951706,263.9400409612149,269.55983380281907,27172599,ICICIBANK.NS
2018-04-02,249.41427612304688,260.84437443777966,246.50910869377304,260.0347366601708,73359584,ICICIBANK.NS
2018-04-03,257.22479248046875,258.6059408082135,248.98560349488625,248.98560349488625,40773239,ICICIBANK.NS
2018-04-04,255.89132690429688,260.3204843035215,252.89093183180557,254.55782121299453,33486876,ICICIBANK.NS
2018-04-05,265.4164733886719,266.70236560793177,254.98652331745515,255.08175090771434,26759108,ICICIBANK.NS
2018-04-06,267.3214111328125,269.51219735685737,263.8447621384988,265.1782677580413,31577015,ICICIBANK.NS
2018-04-09,267.51190185546875,269.9884286935381,261.3205992944154,264.55912097424147,31712527,ICICIBANK.NS
2018-04-10,275.0843811035156,280.4660761688088,265.7974253239954,266.17845189262385,44741783,ICICIBANK.NS
2018-04-11,271.03619384765625,274.2271020979279,268.9406932705213,274.08423168307104,16811454,ICICIBANK.NS
2018-04-12,273.13177490234375,276.1321704520502,270.08373649322215,271.75062613953116,22954325,ICICIBANK.NS
2018-04-13,274.560546875,277.2752016343351,272.2268896628129,274.32241977450127,17497198,ICICIBANK.NS
2018-04-16,273.94134521484375,275.2272370096868,270.60756674507957,271.4648182522278,16874313,ICICIBANK.NS
2018-04-17,277.894287109375,279.32304951096563,273.17935955682776,273.9413836119567,15406113,ICICIBANK.NS
2018-04-18,276.2750244140625,280.8946955433492,275.27490231323355,279.75170300929426,20755245,ICICIBANK.NS
2018-04-19,275.8464050292969,277.17991081406586,273.6556185338051,277.17991081406586,17282341,ICICIBANK.NS
2018-04-20,268.7501525878906,276.3702173308015,266.4165252013182,275.51296586087204,19745690,ICICIBANK.NS
2018-04-23,266.130859375,269.36938234317296,262.1779550578955,266.7023702677956,11620499,ICICIBANK.NS
2018-04-24,270.6075744628906,272.98884486635103,266.0831606963158,266.0831606963158,15412234,ICICIBANK.NS
2018-04-25,265.654541015625,272.0839716039993,263.70191076052765,270.5599526138469,7961352,ICICIBANK.NS
2018-04-26,265.6069030761719,267.0832790793464,262.27312455575293,266.51176837648336,14112673,ICICIBANK.NS
2018-04-27,274.2271423339844,277.84669142814926,262.8922990230877,264.22580487114953,16488361,ICICIBANK.NS
2018-04-30,270.7029113769531,277.1799571680118,268.8931220789874,275.22732648536567,9737559,ICICIBANK.NS
2018-05-02,263.74951171875,270.2741986270065,262.4636198499597,270.1789419944585,14211445,ICICIBANK.NS
2018-05-03,268.5120544433594,270.17894378514643,264.1305109312991,264.1305109312991,14724116,ICICIBANK.NS
2018-05-04,269.4169616699219,272.03635933159677,265.1306745871811,267.13094770610905,11861951,ICICIBANK.NS
2018-05-07,276.0368957519531,279.0849339617694,269.4169804589957,270.5123591984386,19673100,ICICIBANK.NS
2018-05-08,294.6107482910156,299.5638021154514,285.7524344503511,287.6574506800201,87176185,ICICIBANK.NS
2018-05-09,292.2295227050781,295.0870474866855,289.80063826801,290.5150194634118,20140490,ICICIBANK.NS
2018-05-10,292.27716064453125,298.0398238965778,291.1817819769825,293.8011796494118,16239386,ICICIBANK.NS
2018-05-11,296.1824645996094,297.0397162475298,292.94391315686045,293.3249397277106,16671145,ICICIBANK.NS
2018-05-14,295.372802734375,296.2300543126277,290.65787545161925,295.2775460994038,10425585,ICICIBANK.NS
2018-05-15,293.6106262207031,302.42132627760986,290.5625886277742,295.9442827279369,16400700,ICICIBANK.NS
2018-05-16,283.1330871582031,290.4197697104421,281.27568437881564,289.46726142731944,25515791,ICICIBANK.NS
2018-05-17,281.94244384765625,285.70486308711054,280.0850411206861,284.7999686163825,10668400,ICICIBANK.NS
2018-05-18,272.5126037597656,281.2756618207568,271.08384144966715,280.18028319666337,17469524,ICICIBANK.NS
2018-05-21,275.5606384277344,279.0849307505173,274.0842621961138,275.7511517142483,23155638,ICICIBANK.NS
2018-05-22,276.5131530761719,279.8945750458742,273.22701682016185,275.75115804910354,11284988,ICICIBANK.NS
2018-05-23,278.1800231933594,284.2284564033829,275.08437137631734,275.13201422983417,15887229,ICICIBANK.NS
2018-05-24,283.5617370605469,284.79998624300026,277.37043301178596,279.75170379977095,11489424,ICICIBANK.NS
2018-05-25,281.6090393066406,286.6573501321206,280.6089173388886,284.22843681748384,13541580,ICICIBANK.NS
2018-05-28,285.0380859375,287.94322439243916,279.41829323141195,279.7992907072368,19063427,ICICIBANK.NS
2018-05-29,276.1321716308594,284.5618765489724,274.60815241979253,284.5618765489724,12969969,ICICIBANK.NS
2018-05-30,271.3695983886719,274.4652502442617,269.32171143631535,272.32210665193026,25142319,ICICIBANK.NS
2018-05-31,272.2268371582031,275.2272613003922,266.03553373935864,271.46484221087366,23698686,ICICIBANK.NS
2018-06-01,275.5606384277344,285.7048750355499,273.2270105432939,280.989947342671,29675949,ICICIBANK.NS
2018-06-04,273.13177490234375,279.3706930940865,271.988753231861,279.3706930940865,17188567,ICICIBANK.NS
2018-06-05,270.6075744628906,274.32235047864043,269.65506630150645,274.32235047864043,12376050,ICICIBANK.NS
2018-06-06,270.4170837402344,273.2746084625368,267.7500722933833,272.1316160145626,16873633,ICICIBANK.NS
2018-06-07,277.0846252441406,279.1325120285472,273.5127195498584,273.8461032283066,20297969,ICICIBANK.NS
2018-06-08,274.560546875,277.0846883266363,271.9411487695143,276.32269323234027,11340014,ICICIBANK.NS
2018-06-11,272.79833984375,276.5607588221182,269.7503310762333,271.84583165360544,16876061,ICICIBANK.NS
2018-06-12,273.7508544921875,275.41774386426545,271.7029676487119,274.8462331230471,14257648,ICICIBANK.NS
2018-06-13,276.9417724609375,278.98965937571853,272.7983557781395,275.2748830308201,10927770,ICICIBANK.NS
2018-06-14,271.22674560546875,277.03705220294034,270.6076210077273,277.03705220294034,11400592,ICICIBANK.NS
2018-06-15,269.0836181640625,274.79866846135235,266.7023472068584,273.5604191909058,47186222,ICICIBANK.NS
2018-06-18,279.08489990234375,280.2279213585926,269.9408154570825,270.5123261852069,27792317,ICICIBANK.NS
2018-06-19,278.8943786621094,281.46616233100946,274.65573477522736,281.46616233100946,27176748,ICICIBANK.NS
2018-06-20,279.275390625,280.60889617082245,277.179861147107,278.7038799430073,20364143,ICICIBANK.NS
2018-06-21,283.79986572265625,286.085879878226,280.56131417833143,280.7994412584584,30192796,ICICIBANK.NS
2018-06-22,286.37158203125,288.3242412652511,281.6090410725788,284.03795440244704,17490606,ICICIBANK.NS
2018-06-25,275.94158935546875,286.22866450575117,275.08430886941323,285.56189725398315,15461874,ICICIBANK.NS
2018-06-26,274.4176330566406,275.3701413080915,271.1791108153567,273.89373607739566,11614686,ICICIBANK.NS
2018-06-27,265.7973937988281,274.227096935613,260.9872391569908,274.227096935613,25318055,ICICIBANK.NS
2018-06-28,258.5107116699219,265.17826886367646,256.9866927834152,264.7972714091104,34197884,ICICIBANK.NS
2018-06-29,262.32073974609375,262.89225045202915,256.79620408128267,259.0822178367824,20930477,ICICIBANK.NS
2018-07-02,264.2257995605469,266.60707033717085,258.12975218603884,260.9872771179876,69733139,ICICIBANK.NS
2018-07-03,259.939453125,263.6542288791817,259.2727148999234,262.7969774079459,14020388,ICICIBANK.NS
2018-07-04,260.27294921875,261.79696864173263,258.1298050806267,261.177843926592,8233522,ICICIBANK.NS
2018-07-05,258.653564453125,262.4159830976102,257.89156959592725,260.0347128335665,7505990,ICICIBANK.NS
2018-07-06,257.22479248046875,259.03458106668313,254.36726827264317,258.22494339415135,26025797,ICICIBANK.NS
2018-07-09,258.32025146484375,261.65403037130176,257.1772299267601,260.89200632316425,18374471,ICICIBANK.NS
2018-07-10,260.415771484375,262.8446851656671,258.9870089900552,259.0822656366593,14450561,ICICIBANK.NS
2018-07-11,255.98660278320312,261.844522949523,254.79596742142078,261.5111392345747,12717543,ICICIBANK.NS
2018-07-12,259.3679504394531,260.7014850671398,256.27229903762816,257.5581908181883,15837704,ICICIBANK.NS
2018-07-13,255.03407287597656,260.32048180689264,253.414797293911,260.034740971584,19159840,ICICIBANK.NS
2018-07-16,246.93772888183594,253.9386693426644,244.3183315648637,252.7003913518785,29794402,ICICIBANK.NS
2018-07-17,253.7958221435547,254.7959441287252,247.6521326110974,247.89025966168498,15128995,ICICIBANK.NS
2018-07-18,250.22390747070312,254.6530646401983,248.60463195709556,253.3671727991855,22908592,ICICIBANK.NS
2018-07-19,248.79513549804688,251.79553029769443,247.08060342093304,251.41453285886067,15145144,ICICIBANK.NS
2018-07-20,253.17665100097656,254.98643971453782,249.36661845578055,249.36661845578055,13794388,ICICIBANK.NS
2018-07-23,262.463623046875,263.17800419732185,252.74805684174393,252.74805684174393,16917863,ICICIBANK.NS
2018-07-24,261.3206481933594,264.7020409052191,260.36813992880786,260.65388078087517,12012225,ICICIBANK.NS
2018-07-25,261.6063537597656,263.46375625241143,259.32034004683027,260.0347211488877,17947377,ICICIBANK.NS
2018-07-26,272.0839538574219,272.89359161827997,260.2728583235428,261.9397476266212,36630780,ICICIBANK.NS
2018-07-27,279.275390625,281.1327640061753,268.7978013720166,271.36955583862255,30926969,ICICIBANK.NS
2018-07-30,292.75341796875,293.8011828628305,280.2755540154172,285.7524764813089,56119080,ICICIBANK.NS
2018-07-31,289.8006286621094,293.84878863520373,287.8479984200321,289.8482424462598,20824059,ICICIBANK.NS
2018-08-01,285.085693359375,291.1341262584409,282.70442285330523,288.2289878683332,15581508,ICICIBANK.NS
2018-08-02,284.3713073730469,286.4668370100602,280.13266338524863,280.9899149392112,14089168,ICICIBANK.NS
2018-08-03,290.5150451660156,292.1819347694272,283.41884636990727,285.7525034419826,14478297,ICICIBANK.NS
2018-08-06,300.1353454589844,302.89761347894864,292.22950980459376,292.372409291962,25849864,ICICIBANK.NS
2018-08-07,298.2779541015625,303.0404953743585,295.6585564015247,299.0399781461569,20751115,ICICIBANK.NS
2018-08-08,303.56439208984375,304.80264119238984,293.61066921110677,298.13508341630626,17916047,ICICIBANK.NS
2018-08-09,317.18524169921875,329.42497831117083,305.0407617242487,305.0407617242487,76423347,ICICIBANK.NS
2018-08-10,312.9942321777344,324.1385618106143,309.89858021278224,318.1853849549371,36321097,ICICIBANK.NS
2018-08-13,309.46990966796875,311.8988230291307,306.70764168999943,308.6126580980119,15332907,ICICIBANK.NS
2018-08-14,316.6613464355469,317.6614683668263,309.27940826510337,309.27940826510337,15314006,ICICIBANK.NS
2018-08-16,318.4234619140625,323.09077508894507,313.1370533255215,313.89904821582303,37463597,ICICIBANK.NS
2018-08-17,323.852783203125,325.94831283938356,319.8998800453237,320.80474538097485,24090696,ICICIBANK.NS
2018-08-20,322.37640380859375,326.18643651276034,320.70951450052087,323.85277985416127,13032778,ICICIBANK.NS
2018-08-21,322.7574157714844,325.6149404280389,318.1853588800507,322.23351881016964,16009673,ICICIBANK.NS
2018-08-23,321.1858215332031,322.61458403278453,318.85216448992117,320.56666786211986,18867868,ICICIBANK.NS
2018-08-24,315.8757629394531,320.9944583534188,313.1489785415338,319.9420116667319,17805968,ICICIBANK.NS
2018-08-27,325.2042236328125,327.50045242317657,316.6411995106853,316.68902605289014,28083933,ICICIBANK.NS
2018-08-28,324.24737548828125,328.64849656575933,321.75978277508705,327.2133502925464,16427306,ICICIBANK.NS
2018-08-29,325.9217529296875,327.8352815295367,321.28144023542734,321.80767811926347,18868248,ICICIBANK.NS
2018-08-30,329.4617919921875,330.5142385600486,323.0993152474819,324.53446169507544,22349447,ICICIBANK.NS
2018-08-31,327.7874450683594,331.80583748748785,323.8647057178236,328.1701449371152,19809916,ICICIBANK.NS
2018-09-03,319.70281982421875,329.1269550452275,318.17199093787025,328.74425512317345,12859450,ICICIBANK.NS
2018-09-04,314.29705810546875,321.9033456201491,313.1011027854327,320.32466123919914,15470215,ICICIBANK.NS
2018-09-05,315.3973388671875,317.0238498214324,310.5656909354291,312.8619193663823,14548867,ICICIBANK.NS
2018-09-06,314.44061279296875,316.9282060613028,311.4268107862764,315.7322505667318,11322771,ICICIBANK.NS
2018-09-07,320.6117248535156,321.8555067723482,308.50866221947484,313.29248375056835,16435004,ICICIBANK.NS
2018-09-10,318.5068359375,321.23362008612213,316.11492514013497,317.45438934703344,16673909,ICICIBANK.NS
2018-09-11,312.43133544921875,322.1425153636955,311.0440448886692,319.27222278557457,13005562,ICICIBANK.NS
2018-09-12,308.939208984375,312.90977527704854,304.7294515993943,312.86194873783967,15263406,ICICIBANK.NS
2018-09-14,314.1535339355469,317.6457174595583,310.13511257759103,313.05326093457427,10736693,ICICIBANK.NS
2018-09-17,311.6181335449219,313.34029754684406,307.4562031424603,313.14893301412906,7227361,ICICIBANK.NS
2018-09-18,305.0643005371094,313.8665145102089,303.96402744023806,310.230821877557,14825218,ICICIBANK.NS
2018-09-19,307.073486328125,310.66135213255956,303.29425600153655,306.1645486450842,15942065,ICICIBANK.NS
2018-09-21,303.38995361328125,319.2722462174691,295.0182663126837,309.4654125224834,34169460,ICICIBANK.NS
2018-09-24,295.4010009765625,303.1029425211522,292.3393432952856,303.1029425211522,24382310,ICICIBANK.NS
2018-09-25,297.6493835449219,299.9456120559636,287.07712036984503,293.72664402290536,30472132,ICICIBANK.NS
2018-09-26,299.5628967285156,301.6677605892477,291.90878262084675,301.38074298946134,23224979,ICICIBANK.NS
2018-09-27,293.3917541503906,302.33750581068034,292.1001165612574,302.00263248044166,24888615,ICICIBANK.NS
2018-09-28,292.33929443359375,298.12773545756784,288.75142862464867,295.7358249182711,26289107,ICICIBANK.NS
2018-10-01,300.4239807128906,301.4285715169149,287.55548960501386,293.0568841562849,21104376,ICICIBANK.NS
2018-10-03,290.5693359375,300.9023789240007,289.37338053637126,297.6493860725564,19105555,ICICIBANK.NS
2018-10-04,302.81591796875,307.3605486491657,282.05411981265127,286.07254177774485,56268976,ICICIBANK.NS
2018-10-05,294.013671875,307.9346106295256,286.40741284244234,301.04589565840666,36131946,ICICIBANK.NS
2018-10-08,297.41015625,300.47178415918677,285.6897948456986,294.0136258343676,20488368,ICICIBANK.NS
2018-10-09,293.0090637207031,298.4147761178838,289.89957977917726,297.98424970639604,14852835,ICICIBANK.NS
2018-10-10,306.0210876464844,308.9870630143309,291.33474882034795,293.8223420062235,23972064,ICICIBANK.NS
2018-10-11,298.2234191894531,301.81128501609174,290.8563230128378,296.59690833545955,21691068,ICICIBANK.NS
2018-10-12,305.5904846191406,310.23079690436714,300.04126384798167,300.2804549018786,25930022,ICICIBANK.NS
2018-10-15,299.80206298828125,304.15532834757056,296.166341569087,303.1985641632761,23756416,ICICIBANK.NS
2018-10-16,306.7864685058594,308.98704392585853,300.18480064212065,300.18480064212065,18042549,ICICIBANK.NS
2018-10-17,301.1893615722656,313.9621696129956,298.17556015095613,311.04405045229345,20203287,ICICIBANK.NS
2018-10-19,301.811279296875,307.59969104157955,296.7882672347652,299.3236865312525,18322589,ICICIBANK.NS
2018-10-22,312.9576416015625,315.58874370595055,302.4332331840104,306.355973070179,33593953,ICICIBANK.NS
2018-10-23,308.8913879394531,314.3927831603731,304.58594820134186,309.03489675776376,21509920,ICICIBANK.NS
2018-10-24,308.078125,315.7322399068323,302.5767299107143,314.53628445263973,33104174,ICICIBANK.NS
2018-10-25,306.1167297363281,308.1259112783415,298.31907783535024,304.7294099114833,26920180,ICICIBANK.NS
2018-10-26,302.0026550292969,309.4175785893607,299.4672353935462,305.97322116054374,22952163,ICICIBANK.NS
2018-10-29,334.2934265136719,337.6899571546271,314.1056947935237,314.7754414545932,80069836,ICICIBANK.NS
2018-10-30,330.75341796875,338.5510408860217,328.0744605088531,332.4277554318875,34460428,ICICIBANK.NS
2018-10-31,339.6513366699219,341.1343097000737,327.50041801684443,330.56207554776904,31233009,ICICIBANK.NS
2018-11-01,338.4075622558594,342.95219291811236,335.9199691063684,341.56487293143545,22157128,ICICIBANK.NS
2018-11-02,339.1251220703125,342.33025915703394,336.4940202122919,338.6945664506573,26714413,ICICIBANK.NS
2018-11-05,334.5326232910156,336.6375163776384,332.95396807511275,335.8242609033465,22873951,ICICIBANK.NS
2018-11-06,337.83349609375,342.8086531693815,332.6191187337133,333.62373881494466,21349153,ICICIBANK.NS
2018-11-07,340.5124206542969,341.564867261395,339.2207829636823,341.3256761778786,2074764,ICICIBANK.NS
2018-11-09,341.4214172363281,342.61737285982787,337.163803537415,341.46924378201396,15130936,ICICIBANK.NS
2018-11-12,337.1159362792969,342.7130137609612,336.30268071390435,340.6081204385489,10642857,ICICIBANK.NS
2018-11-13,345.2962341308594,346.3008541766671,332.76261581239345,332.76261581239345,17684864,ICICIBANK.NS
2018-11-14,350.74981689453125,353.9071275733836,345.6789483156664,349.21898809339973,31774158,ICICIBANK.NS
2018-11-15,354.0028076171875,358.69094706762684,346.4443751320142,350.2714325116595,21967798,ICICIBANK.NS
2018-11-16,351.6586608886719,359.073583245906,349.7451325384179,354.098427054121,29972926,ICICIBANK.NS
2018-11-19,346.7314147949219,354.67257688131446,345.152759365103,352.37631894906974,16002154,ICICIBANK.NS
2018-11-20,342.42596435546875,349.64955291366863,339.26865359369367,346.348704136978,19591217,ICICIBANK.NS
2018-11-21,341.3255920410156,344.7220929104576,337.7855531983417,340.9428922413511,29323882,ICICIBANK.NS
2018-11-22,336.828857421875,342.999998786405,335.82426659422083,342.1867432983317,12547369,ICICIBANK.NS
2018-11-26,340.9429931640625,342.3781397362153,335.5372802485799,339.41216431413983,20673027,ICICIBANK.NS
2018-11-27,339.3164367675781,340.70375661482717,336.3983174727648,340.3688832863745,17933339,ICICIBANK.NS
2018-11-28,343.4783630371094,345.9181001760885,337.97696864306096,341.5170080193518,18163000,ICICIBANK.NS
2018-11-29,346.5400390625,350.5584315795409,344.6265104739674,347.3054388186614,38692771,ICICIBANK.NS
2018-11-30,339.7948303222656,349.2189643786861,338.5031926965817,349.2189643786861,21893877,ICICIBANK.NS
2018-12-03,340.1297302246094,343.38272321132257,336.8767372378961,343.38272321132257,23427270,ICICIBANK.NS
2018-12-04,342.47381591796875,343.5740890974081,338.0248382649812,338.0248382649812,18651442,ICICIBANK.NS
2018-12-05,336.2070007324219,340.94299614113294,335.298092081001,339.93837601297474,12068267,ICICIBANK.NS
2018-12-06,332.6191101074219,334.8196855629551,328.5050352094487,333.1453480024565,17784829,ICICIBANK.NS
2018-12-07,336.9724426269531,337.73784248875086,330.3707447268818,334.48484927891076,14979672,ICICIBANK.NS
2018-12-10,331.3753356933594,334.3413109932037,329.36612473552094,331.51884450503417,14107881,ICICIBANK.NS
2018-12-11,327.978759765625,330.0836527085242,321.4727748117801,322.81223886720386,36885929,ICICIBANK.NS
2018-12-12,334.8196716308594,336.49400912168755,324.72579095298954,327.9787836669728,24740214,ICICIBANK.NS
2018-12-13,334.4369201660156,338.88589713081217,332.5712474628969,337.64208613060634,19129928,ICICIBANK.NS
2018-12-14,336.68536376953125,338.74240125090455,334.0542618473227,334.10211758296833,12104234,ICICIBANK.NS
2018-12-17,342.95220947265625,344.9135648054733,337.06808507794057,337.06808507794057,18378122,ICICIBANK.NS
2018-12-18,346.587890625,347.2097816215539,339.2686490849679,341.3256866265528,15405953,ICICIBANK.NS
2018-12-19,350.6540832519531,353.2851848316063,345.3918800926469,347.3054085142128,19442031,ICICIBANK.NS
2018-12-20,346.4921569824219,349.6973229641261,345.5353927609058,347.35323894216094,12109613,ICICIBANK.NS
2018-12-21,338.8858947753906,347.78379024688564,336.7810018346733,345.39187972249164,13555416,ICICIBANK.NS
2018-12-24,337.49859619140625,341.66052660490186,336.3026408540873,338.12048712718644,9025217,ICICIBANK.NS
2018-12-26,340.4645690917969,341.4691598894735,333.0974725817413,335.4893832410933,8695108,ICICIBANK.NS
2018-12-27,340.273193359375,345.1526967834652,339.555620185189,343.9567414931552,10122458,ICICIBANK.NS
2018-12-28,345.1527099609375,347.11406503267693,342.808625823185,342.808625823185,13004606,ICICIBANK.NS
2018-12-31,344.57867431640625,347.7838407239144,343.95678332942845,347.11409400062706,7314108,ICICIBANK.NS
2019-01-01,348.02301025390625,349.02760107848036,340.9907868875005,345.8702906028512,7759872,ICICIBANK.NS
2019-01-02,348.8363037109375,351.9936145302456,344.7221992999939,345.87032825145076,18243156,ICICIBANK.NS
2019-01-03,347.5446472167969,351.41953112248075,346.39651832719323,349.21898481522607,12884409,ICICIBANK.NS
2019-01-04,349.4103698730469,352.8546983477767,342.56948106797586,346.20520329971504,22896026,ICICIBANK.NS
2019-01-07,351.80224609375,354.95955661620576,350.7019437861666,351.6108815537887,12719847,ICICIBANK.NS
2019-01-08,363.7139587402344,365.2926140647718,350.74981358650723,351.89791327792966,21501136,ICICIBANK.NS
2019-01-09,365.72314453125,366.96692641090146,359.36066793494945,365.1490801259768,21730142,ICICIBANK.NS
2019-01-10,363.092041015625,365.6274604953443,359.79119259986794,364.4793608884802,14497154,ICICIBANK.NS
2019-01-11,362.18316650390625,364.71861562436095,359.02585553620565,364.1445511216517,12537973,ICICIBANK.NS
2019-01-14,357.20794677734375,362.32664147197625,356.5860558401929,362.32664147197625,14844029,ICICIBANK.NS
2019-01-15,356.6338806152344,359.1693000838056,354.57684328028523,357.39928034977834,12960779,ICICIBANK.NS
2019-01-16,359.0735778808594,363.3311900758101,355.9640943581566,355.9640943581566,15106484,ICICIBANK.NS
2019-01-17,358.4039001464844,361.60906627956433,356.68170694754247,359.74336428024264,13171721,ICICIBANK.NS
2019-01-18,355.9162902832031,360.12604701681994,354.3376351578627,358.40388309792615,12212121,ICICIBANK.NS
2019-01-21,355.6292724609375,359.8868557235478,354.5768259786975,356.8730542684131,8908581,ICICIBANK.NS
2019-01-22,353.0938415527344,356.39468995776906,350.2714044799995,354.5289879552489,14756076,ICICIBANK.NS
2019-01-23,351.5151672363281,357.5427993180199,350.6062587497002,352.8546312995507,9726450,ICICIBANK.NS
2019-01-24,349.0276184082031,352.5676581338467,346.10949886002453,350.74981173343394,17521254,ICICIBANK.NS
2019-01-25,341.75616455078125,348.8840399179449,339.2207162059726,346.6834940619077,22978238,ICICIBANK.NS
2019-01-28,328.6963195800781,339.55559877087006,322.09465263353127,337.92911719750003,34362360,ICICIBANK.NS
2019-01-29,331.85369873046875,334.9631826627024,326.5914951528426,328.12232385141414,20738442,ICICIBANK.NS
2019-01-30,350.0800476074219,352.66332286772575,335.8242655367962,335.8242655367962,39400056,ICICIBANK.NS
2019-01-31,348.6927490234375,360.36525556986186,338.7902330136587,356.5860542315306,85917249,ICICIBANK.NS
2019-02-01,339.3164367675781,349.12327036894237,333.67153350983307,348.7405705070513,25605469,ICICIBANK.NS
2019-02-04,339.2207946777344,341.4691967800568,331.04047101824136,335.8242928537651,17039321,ICICIBANK.NS
2019-02-05,337.4029235839844,340.7037720887329,333.76723093370333,339.26862564286466,12197271,ICICIBANK.NS
2019-02-06,343.765380859375,346.25297373100835,337.9291423350893,338.3118421926958,15396216,ICICIBANK.NS
2019-02-07,343.1435241699219,346.15732599662806,341.08648668173385,343.57407980150725,10247434,ICICIBANK.NS
2019-02-08,339.7469787597656,342.9042889916286,335.5850485827632,341.46914266839514,9308651,ICICIBANK.NS
2019-02-11,334.91534423828125,339.3643217605237,333.95857990199346,339.26863948726884,9419635,ICICIBANK.NS
2019-02-12,329.4139099121094,336.7810060997931,328.409319158392,333.91071343416985,14924394,ICICIBANK.NS
2019-02-14,329.0791015625,331.8537122678992,321.61632230183005,325.15636198680386,15172596,ICICIBANK.NS
2019-02-15,327.3569030761719,332.71478905587804,325.8739300737943,329.1747494269303,20316848,ICICIBANK.NS
2019-02-18,324.1039123535156,328.1701607003863,322.95578349397084,327.40476092610965,10601490,ICICIBANK.NS
2019-02-19,328.4093322753906,335.2501908953981,324.4387664356488,324.4387664356488,14384763,ICICIBANK.NS
2019-02-20,330.2750244140625,332.5712527301832,327.5482405144886,330.0836598884995,9474758,ICICIBANK.NS
2019-02-21,336.111328125,339.60354160672154,331.27967949679095,331.80588824706336,18631331,ICICIBANK.NS
2019-02-22,336.828857421875,338.7902417399494,336.1112842026566,336.2069664715115,10997730,ICICIBANK.NS
2019-02-25,340.22540283203125,341.99542268863127,337.78563626272944,337.78563626272944,10344411,ICICIBANK.NS
2019-02-26,333.1452941894531,337.45073293527713,331.61446568464623,334.86745800853265,18096382,ICICIBANK.NS
2019-02-27,330.6098937988281,339.3643105450452,328.45717411332475,335.8242709385213,17325417,ICICIBANK.NS
2019-02-28,335.010986328125,336.5418149221939,330.0836564268853,333.3845046704049,18347113,ICICIBANK.NS
2019-03-01,338.93377685546875,339.65135013039213,335.4894192962103,336.82888356977435,14190221,ICICIBANK.NS
2019-03-05,347.5446472167969,348.40572928493435,337.54644816406767,339.6513413956308,17638277,ICICIBANK.NS
2019-03-06,355.8685302734375,356.72961239384534,349.45819711392903,349.45819711392903,31436190,ICICIBANK.NS
2019-03-07,354.7681884765625,357.82984589610163,352.5676422799825,355.437935161502,15355303,ICICIBANK.NS
2019-03-08,354.5768737792969,357.2558022787577,351.7544072689004,353.8114447807861,16143455,ICICIBANK.NS
2019-03-11,359.5998840332031,362.0396214277666,354.00280678894103,355.72497092649985,11449587,ICICIBANK.NS
2019-03-12,371.4158935546875,372.1812932754888,361.03499560185105,361.6568865247681,37108265,ICICIBANK.NS
2019-03-13,374.9559631347656,376.24760091650853,367.68454784322444,371.1289055284947,19574619,ICICIBANK.NS
2019-03-14,371.12884521484375,376.0083487094778,370.07639870453016,375.05158446339766,13182462,ICICIBANK.NS
2019-03-15,378.2088928222656,381.03135901272196,371.3202078053189,372.0377809861338,31466545,ICICIBANK.NS
2019-03-18,380.84002685546875,382.61004669155056,376.48676086776186,379.1178627543853,21220626,ICICIBANK.NS
2019-03-19,381.17486572265625,383.61463204294785,376.8694266613353,381.17486572265625,11670392,ICICIBANK.NS
2019-03-20,375.9126892089844,380.93570180507805,375.2429717150495,380.40949311711995,14181408,ICICIBANK.NS
2019-03-22,374.8602294921875,379.16566870931734,373.13806548458695,377.3956781674445,17409249,ICICIBANK.NS
2019-03-25,366.9190979003906,371.17671058526577,365.9623336294639,371.17671058526577,12345034,ICICIBANK.NS
2019-03-26,377.0608215332031,378.400285731565,366.8234317064728,368.3064339102657,14063632,ICICIBANK.NS
2019-03-27,376.1997375488281,381.2227501653471,373.2815888908298,378.3046015073489,17950017,ICICIBANK.NS
2019-03-28,383.2319030761719,384.5235406344837,375.7691537141239,375.7691537141239,23117485,ICICIBANK.NS
2019-04-01,381.0313720703125,391.8427966858371,378.63946138562756,384.0930294259606,16106604,ICICIBANK.NS
2019-04-02,379.97894287109375,382.70572701570666,376.43893241507635,382.70572701570666,13010810,ICICIBANK.NS
2019-04-03,375.1472473144531,385.3846066988691,373.75992755017717,381.74891443115615,12317200,ICICIBANK.NS
2019-04-04,371.942138671875,378.59166254088814,370.55481869403957,377.3478513750041,14521564,ICICIBANK.NS
2019-04-05,373.6642761230469,375.52997813955216,368.9283104781258,372.4204942441291,10853927,ICICIBANK.NS
2019-04-08,370.363525390625,374.5254565984947,368.354314200812,374.5254565984947,6305407,ICICIBANK.NS
2019-04-09,379.97894287109375,381.1270717313928,370.41129969570113,370.6504907750859,13206348,ICICIBANK.NS
2019-04-10,377.1565246582031,381.55761738215165,375.721378109577,378.4481331934617,14000018,ICICIBANK.NS
2019-04-11,373.18585205078125,377.44346427765,370.7939416307708,377.44346427765,8704774,ICICIBANK.NS
2019-04-12,377.5392150878906,378.4481236936596,371.46375567825316,373.71215772095434,7035256,ICICIBANK.NS
2019-04-15,375.7691650390625,379.7875866308894,374.8602273081572,377.1564849024173,9770752,ICICIBANK.NS
2019-04-16,389.403076171875,390.7425403731351,380.3138151801482,380.3138151801482,24487788,ICICIBANK.NS
2019-04-18,386.91546630859375,393.23011635241886,385.1933022957907,393.23011635241886,18660434,ICICIBANK.NS
2019-04-22,377.4435119628906,387.1068371201975,376.67811221103875,386.771963779464,10493872,ICICIBANK.NS
2019-04-23,379.3570251464844,382.6578734884224,376.5824146609528,378.9743252860883,10203957,ICICIBANK.NS
2019-04-24,383.7581481933594,385.24112110809546,376.43890748846724,379.93109117661805,11397163,ICICIBANK.NS
2019-04-25,378.3045654296875,385.001914946342,377.2521189517307,383.56676862134464,16524091,ICICIBANK.NS
2019-04-26,389.59442138671875,390.359821121431,377.2043124439318,382.7057069817951,14286163,ICICIBANK.NS
2019-04-30,389.8814392089844,392.08198534612734,385.8630176041435,390.1206302759838,19375553,ICICIBANK.NS
2019-05-02,378.4481201171875,387.48955474038183,377.3478469742174,386.24577278713394,16572948,ICICIBANK.NS
2019-05-03,384.42791748046875,387.68093974176924,377.63491371843156,379.97896893833126,24431248,ICICIBANK.NS
2019-05-06,383.94952392578125,387.39388144290086,377.58704680559316,379.357066701709,20751521,ICICIBANK.NS
2019-05-07,369.7893981933594,389.7379394853307,367.68450507549096,380.7921875315835,41519416,ICICIBANK.NS
2019-05-08,365.6753234863281,373.1380732725271,363.66611263677333,369.5980337186387,22509400,ICICIBANK.NS
2019-05-09,364.909912109375,369.0240162752923,361.22636357414416,364.47938567681894,19739885,ICICIBANK.NS
2019-05-10,368.449951171875,372.3726907841893,365.72316697806326,366.91912239656574,18361701,ICICIBANK.NS
2019-05-13,360.0304260253906,369.07186113358006,359.0258351014282,368.3542878455692,13828080,ICICIBANK.NS
2019-05-14,363.9530944824219,370.02855296937884,360.2217199559693,361.75254850988284,21481226,ICICIBANK.NS
2019-05-15,360.7480163574219,367.8759230343498,359.55206082089927,365.8188853511576,16183425,ICICIBANK.NS
2019-05-16,365.9623107910156,368.3542213190615,361.2263162662342,362.6136360517514,13430281,ICICIBANK.NS
2019-05-17,372.85107421875,375.05162051702115,364.2880217139179,364.7185773452942,19096980,ICICIBANK.NS
2019-05-20,390.0727844238281,396.10038733444947,384.61921668707413,387.7287004040716,33350816,ICICIBANK.NS
2019-05-21,382.8492431640625,393.03877750159324,380.40950578681236,390.93391348152824,18286421,ICICIBANK.NS
2019-05-22,387.8244323730469,390.7425519406848,384.1887103498463,385.57603032680043,15370847,ICICIBANK.NS
2019-05-23,393.08660888671875,409.44728385645345,389.7857604531471,396.1004105184289,43279956,ICICIBANK.NS
2019-05-24,413.0829772949219,414.8051413171895,394.8087737336216,397.5355577673192,37708344,ICICIBANK.NS
2019-05-27,416.6708679199219,419.82817854637756,411.07379072017744,413.56138383096726,23397222,ICICIBANK.NS
2019-05-28,415.52276611328125,420.21093501906637,409.5908443682561,416.2403394113342,23389724,ICICIBANK.NS
2019-05-29,404.998291015625,411.8391786884864,403.8501914467768,410.0691590052854,22132254,ICICIBANK.NS
2019-05-30,407.77294921875,409.495113249426,401.4582991093901,402.65425446350645,18281037,ICICIBANK.NS
2019-05-31,405.38104248046875,411.60001038277676,396.38743477093544,408.5383529670043,24644955,ICICIBANK.NS
2019-06-03,404.61566162109375,407.9643370434454,401.4583507592723,407.5816371205174,17125380,ICICIBANK.NS
2019-06-04,400.97991943359375,404.47210324946303,399.4490907312852,399.6404552683721,14514451,ICICIBANK.NS
2019-06-06,393.75634765625,399.7839804437799,392.60824798109917,399.353424816767,17762399,ICICIBANK.NS
2019-06-07,398.5880126953125,400.83641463698075,390.2641516170102,395.62203752958817,14107696,ICICIBANK.NS
2019-06-10,398.109619140625,404.4720957053532,395.1436440598719,400.78854742110155,13074522,ICICIBANK.NS
2019-06-11,403.1326599121094,405.3810619474643,395.1914983827847,400.35804916977224,10939138,ICICIBANK.NS
2019-06-12,399.927490234375,403.754547557192,396.8658326968693,403.754547557192,11136959,ICICIBANK.NS
2019-06-13,401.45831298828125,404.04155912360113,397.3442089090144,398.68370231043554,12164077,ICICIBANK.NS
2019-06-14,399.68829345703125,403.75454180458934,398.1096381734876,402.1280307863142,8601256,ICICIBANK.NS
2019-06-17,396.29180908203125,401.5540130552695,395.2871889864435,400.83643978619153,9539802,ICICIBANK.NS
2019-06-18,403.8980407714844,407.62941567752557,397.15286417972254,397.48773752216465,17761348,ICICIBANK.NS
2019-06-19,401.649658203125,407.58160878964435,399.3056030892929,405.4288890249103,17010384,ICICIBANK.NS
2019-06-20,414.66162109375,415.8575764090862,400.88422170070226,401.601794889904,24315929,ICICIBANK.NS
2019-06-21,412.1740417480469,416.38382795492527,410.30836891366687,415.4270636712036,13909654,ICICIBANK.NS
2019-06-24,410.8824462890625,415.044347696079,409.6864908966716,412.79597491688793,8545999,ICICIBANK.NS
2019-06-25,414.9008483886719,416.00112153523867,406.2421428287539,409.39945345770747,12964387,ICICIBANK.NS
2019-06-26,419.68463134765625,420.9762689214727,413.80053706485666,413.80053706485666,12261068,ICICIBANK.NS
2019-06-27,421.8852233886719,424.7076605121413,418.6800571924829,419.0627570670736,18787957,ICICIBANK.NS
2019-06-28,418.20166015625,421.4546527716153,414.8529852761123,420.4978885201474,13459208,ICICIBANK.NS
2019-07-01,420.0195007324219,422.88979344813316,418.77571890153126,420.49788285170706,6871979,ICICIBANK.NS
2019-07-02,417.8667907714844,420.9762746180953,414.85298919054867,420.01951035759964,7787303,ICICIBANK.NS
2019-07-03,417.1014099121094,420.9762936631663,415.4270723804945,418.9670827856026,10415896,ICICIBANK.NS
2019-07-04,417.340576171875,422.315732736817,415.3313654137843,419.0627401370227,11810688,ICICIBANK.NS
2019-07-05,417.4841003417969,420.88060186406415,414.47029869275104,417.57978260963444,12154330,ICICIBANK.NS
2019-07-08,407.48590087890625,416.5273350011963,403.7545260277542,415.2356973839936,12184946,ICICIBANK.NS
2019-07-09,409.9734802246094,411.2172620676267,406.2899320305737,407.5815696048625,11679067,ICICIBANK.NS
2019-07-10,412.26971435546875,413.99190754468947,408.72970410752765,411.4086323599224,16494282,ICICIBANK.NS
2019-07-11,408.10784912109375,414.18330898974904,406.4335113965583,413.94411788624393,16535185,ICICIBANK.NS
2019-07-12,408.5862121582031,414.278971833786,405.66809251160566,408.8254032504859,8824728,ICICIBANK.NS
2019-07-15,404.04150390625,409.87777127813075,403.3717864951945,409.87777127813075,7825336,ICICIBANK.NS
2019-07-16,406.24212646484375,411.9348565147841,403.3239778392613,403.3239778392613,12149205,ICICIBANK.NS
2019-07-17,406.3377990722656,408.586171758909,404.2329059890476,406.24211680518687,10961022,ICICIBANK.NS
2019-07-18,400.5493469238281,407.10318786778817,399.4490738773245,406.62480574338423,10651654,ICICIBANK.NS
2019-07-19,392.5603942871094,402.17589335598007,390.83823016636285,401.74533772672834,12260757,ICICIBANK.NS
2019-07-22,394.67041015625,396.0611195425941,387.7169217634607,392.99198192350775,17937246,ICICIBANK.NS
2019-07-23,395.10198974609375,398.9863402450207,392.99195412355107,395.91720284304284,14207080,ICICIBANK.NS
2019-07-24,391.7931213378906,395.00611851732117,385.271240205781,395.00611851732117,16505930,ICICIBANK.NS
2019-07-25,392.27264404296875,396.9242937198651,388.72395560423183,392.46447611458984,16852479,ICICIBANK.NS
2019-07-26,398.7466125488281,402.2473286090736,391.8410672021921,393.47155213026275,17493739,ICICIBANK.NS
2019-07-29,411.79034423828125,417.54495476653636,407.9059645700314,415.2910597890772,46754670,ICICIBANK.NS
2019-07-30,407.9539794921875,420.75799509821707,405.4603088176535,415.29110282210286,23617273,ICICIBANK.NS
2019-07-31,407.2346496582031,412.6056258496001,403.9737092357546,406.56326665822894,22329888,ICICIBANK.NS
2019-08-01,399.993408203125,408.9130728219231,393.85516231878563,405.93985128232373,18269866,ICICIBANK.NS
2019-08-02,393.8072204589844,400.7607087831123,388.9157952322565,396.97224481597374,30939803,ICICIBANK.NS
2019-08-05,386.1823425292969,390.0187498148619,379.5645458155901,387.1414443506881,25033370,ICICIBANK.NS
2019-08-06,393.47149658203125,394.6703737806359,384.50388928257627,384.5998053123572,30665326,ICICIBANK.NS
2019-08-07,391.6971740722656,398.0272518838291,389.6830544136594,392.5603598489642,20977349,ICICIBANK.NS
2019-08-08,397.45184326171875,399.5618792650042,387.62104824860336,394.1909024771157,19046657,ICICIBANK.NS
2019-08-09,402.9666442871094,405.1246234917203,397.54772458275755,399.46592832018945,17664017,ICICIBANK.NS
2019-08-13,393.47149658203125,404.4532234290346,392.41647879336665,399.94543345449614,18389104,ICICIBANK.NS
2019-08-14,400.23321533203125,404.93283810656783,394.43066048436435,395.0540708719659,13307755,ICICIBANK.NS
2019-08-16,401.81573486328125,402.8227801057593,395.24588128623463,400.7127443117047,15154141,ICICIBANK.NS
2019-08-19,406.083740234375,410.39969880168064,402.9187156594711,402.9187156594711,12304262,ICICIBANK.NS
2019-08-20,399.84954833984375,405.89190744966515,395.62950612836755,403.59003963480075,16181488,ICICIBANK.NS
2019-08-21,395.19793701171875,401.5759882369878,393.75928412231394,398.986401328272,12868183,ICICIBANK.NS
2019-08-22,382.7775573730469,395.6295164160634,381.7225394753775,394.1908636290959,18182520,ICICIBANK.NS
2019-08-23,379.2288513183594,386.99758186394484,370.0214680520901,373.09060556400135,26883695,ICICIBANK.NS
2019-08-26,394.8142395019531,397.0681345252524,376.78313785448546,390.3544221057433,26701988,ICICIBANK.NS
2019-08-27,401.48004150390625,403.3023291706414,394.4306370307403,395.9172331950456,28793372,ICICIBANK.NS
2019-08-28,396.0611267089844,401.1443548837657,392.94404564891926,400.90457941760684,12154347,ICICIBANK.NS
2019-08-29,387.86077880859375,393.9990247396658,383.0173262173058,393.13583893629817,30331105,ICICIBANK.NS
2019-08-30,392.89605712890625,395.96519467959456,386.1823443475573,389.8748922311922,18314194,ICICIBANK.NS
2019-09-03,376.1118469238281,389.77905055020204,375.0568288601788,388.4842569843357,20194305,ICICIBANK.NS
2019-09-04,381.24298095703125,383.30504405674225,373.9538011276075,375.00881900427476,18614965,ICICIBANK.NS
2019-09-05,373.0906066894531,377.88611577286514,372.13150487277073,373.6181009808426,25022673,ICICIBANK.NS
2019-09-06,375.3445129394531,378.3656778976707,373.28244982635005,375.0088214397699,17564286,ICICIBANK.NS
2019-09-09,379.27685546875,384.0243922795993,373.1865525915108,376.92704412203454,18651819,ICICIBANK.NS
2019-09-11,378.46160888671875,382.68165131803687,377.2627315329655,378.7493277438329,17463978,ICICIBANK.NS
2019-09-12,386.2303466796875,390.5463052279208,383.3050683242046,383.3050683242046,19577114,ICICIBANK.NS
2019-09-13,396.49273681640625,397.93138972885293,384.26418706060963,390.16265814774727,17775449,ICICIBANK.NS
2019-09-16,395.2938232421875,398.6506797309326,390.114679084874,391.79310732924654,17629622,ICICIBANK.NS
2019-09-17,384.2641296386719,395.05402486964994,382.01023455875253,389.2514706976651,20793363,ICICIBANK.NS
2019-09-18,383.0173034667969,388.86783020572454,380.283857527273,388.86783020572454,18477377,ICICIBANK.NS
2019-09-19,370.788818359375,379.51665192614996,368.6308389798165,379.51665192614996,22647508,ICICIBANK.NS
2019-09-20,400.425048828125,406.65921126497005,370.8367489470515,373.0906442973428,75217723,ICICIBANK.NS
2019-09-23,428.047119140625,431.5958074877543,410.92717552584855,417.9765502992441,57490445,ICICIBANK.NS
2019-09-24,422.8680419921875,430.3010820711331,415.62683401016335,423.44350901348344,26639931,ICICIBANK.NS
2019-09-25,416.4420471191406,422.9159847953881,412.03017262661945,421.141640467264,19987241,ICICIBANK.NS
2019-09-26,433.4660949707031,439.8920598359769,420.6141067012239,421.04571424365633,40909369,ICICIBANK.NS
2019-09-27,430.82855224609375,433.3701662328653,425.1698280531932,431.11627108630756,19432963,ICICIBANK.NS
2019-09-30,415.96246337890625,426.94416145392205,413.3728768048258,425.1698172657162,27524660,ICICIBANK.NS
2019-10-01,407.2346496582031,425.0739498473769,399.6577509288319,419.0795633099842,30623906,ICICIBANK.NS
2019-10-03,409.82421875,416.8256799867134,405.0287093835387,406.65919427592206,23275379,ICICIBANK.NS
2019-10-04,396.97222900390625,411.7423908639784,395.1978848207384,410.97512113207756,17952697,ICICIBANK.NS
2019-10-07,399.082275390625,406.1796230444749,394.67040114002697,398.1231735652543,21933703,ICICIBANK.NS
2019-10-09,418.8398132324219,420.4702689077277,400.04141005798147,403.0625752020331,34533981,ICICIBANK.NS
2019-10-10,406.3714599609375,413.85244258020964,403.3023223753839,412.4137898250061,19074005,ICICIBANK.NS
2019-10-11,411.0231018066406,415.5308923815789,404.83691219957007,410.4476640902372,18004922,ICICIBANK.NS
2019-10-14,411.3108215332031,418.5520285694508,408.57737549116507,412.41378277277227,17211042,ICICIBANK.NS
2019-10-15,414.1881408691406,417.6409133921432,410.6874249612979,412.4137965880663,14971985,ICICIBANK.NS
2019-10-16,417.4970397949219,421.52527942899246,413.5167728168919,416.72976999294025,17833051,ICICIBANK.NS
2019-10-17,422.5802917480469,425.21782190285603,415.9624946680553,418.1684172715637,12452421,ICICIBANK.NS
2019-10-18,419.894775390625,425.55349968303756,417.449077397404,419.7988886218441,15988455,ICICIBANK.NS
2019-10-22,432.6988220214844,439.9400590233935,419.6550301560534,422.4843925060489,34966169,ICICIBANK.NS
2019-10-23,436.4872131347656,440.2277041132075,429.8694169006818,433.5139918500431,25196183,ICICIBANK.NS
2019-10-24,436.1515808105469,440.2277638087763,432.5549487532856,438.6931949437848,23542540,ICICIBANK.NS
2019-10-25,449.9146728515625,451.4012689754678,435.8158642883816,438.9809178788227,34397573,ICICIBANK.NS
2019-10-27,450.34625244140625,454.1347163766213,445.9823508239259,451.73696180229916,8206762,ICICIBANK.NS
2019-10-29,457.8752136230469,462.2870879511627,447.75670089538744,450.96969792072537,33686172,ICICIBANK.NS
2019-10-30,451.8808288574219,459.4097842018887,450.7778675884921,459.4097842018887,22396012,ICICIBANK.NS
2019-10-31,444.11212158203125,457.2518292752851,442.43369326271977,455.5734009559736,21198377,ICICIBANK.NS
2019-11-01,443.34478759765625,447.8525775676566,441.6663595212995,447.5648294786035,13522994,ICICIBANK.NS
2019-11-04,451.2574157714844,452.9837873758952,444.06415197066366,444.06415197066366,16254715,ICICIBANK.NS
2019-11-05,449.1953430175781,454.61426244387053,447.8046336715146,452.79197484071,14952189,ICICIBANK.NS
2019-11-06,461.040283203125,464.10939164266233,445.74259658302174,448.0444352300413,24922680,ICICIBANK.NS
2019-11-07,458.9781799316406,463.2461948842194,456.19679041252294,463.2461948842194,18312032,ICICIBANK.NS
2019-11-08,469.432373046875,475.7144779327582,460.65656843556906,461.08817593986595,52207121,ICICIBANK.NS
2019-11-11,476.4818115234375,478.5918474081742,464.7807859220321,468.04172652342487,24766065,ICICIBANK.NS
2019-11-13,465.8836975097656,477.1531436152515,463.5338864012617,476.4817606501178,24272664,ICICIBANK.NS
2019-11-14,478.256103515625,479.4070373757086,463.9654926451504,469.72010340664065,35396276,ICICIBANK.NS
2019-11-15,479.4070739746094,488.8542332164971,475.71452593353047,477.4888702410064,42074833,ICICIBANK.NS
2019-11-18,477.9684143066406,483.8189414639586,476.33792944871954,478.3520491939557,22910109,ICICIBANK.NS
2019-11-19,473.3167724609375,481.46913834932246,469.81605649217136,477.58478748676083,27939336,ICICIBANK.NS
2019-11-20,474.7554016113281,477.6327070756392,472.35764705773556,474.9472336834014,22606112,ICICIBANK.NS
2019-11-21,477.8725280761719,483.1955319846874,471.1588146862407,477.72866864313823,25745594,ICICIBANK.NS
2019-11-22,476.4818115234375,481.2293776293615,472.0219935487778,480.60596724915615,18462401,ICICIBANK.NS
2019-11-25,477.44091796875,479.55095387358074,471.44653104533023,471.8781386116034,25692878,ICICIBANK.NS
2019-11-26,489.8133544921875,496.3831791245344,480.5100543077828,481.27732412384063,286857658,ICICIBANK.NS
2019-11-27,484.8260192871094,494.75270071747303,483.675085278344,492.8824988095316,29866539,ICICIBANK.NS
2019-11-28,497.9177551269531,498.73296829416887,487.2237459489188,488.7103421273939,35706498,ICICIBANK.NS
2019-11-29,491.63555908203125,495.3760795162148,489.4296366506353,494.89652861639274,13324549,ICICIBANK.NS
2019-12-02,490.0050964355469,492.9783178249598,486.504380771811,492.4508235506368,10130049,ICICIBANK.NS
2019-12-03,488.5185241699219,490.34081179752576,484.0107338500119,488.9021590489756,12795657,ICICIBANK.NS
2019-12-04,507.6047058105469,509.6187964851036,488.47061024650924,489.1419933176739,30992538,ICICIBANK.NS
2019-12-05,506.501708984375,515.5172905983203,504.53556172336874,510.7697243073484,32354118,ICICIBANK.NS
2019-12-06,503.3366394042969,511.6808372109306,500.31550369876265,508.3719241191186,24868376,ICICIBANK.NS
2019-12-09,504.96710205078125,507.65257540613356,500.84297598303357,502.6172909127497,12980877,ICICIBANK.NS
2019-12-10,507.0771179199219,508.5637139568478,503.2407108367962,504.53547481178055,12021443,ICICIBANK.NS
2019-12-11,511.7287292480469,513.3112705580545,505.63845652441825,508.8993673653584,13768156,ICICIBANK.NS
2019-12-12,513.4552001953125,515.1336285904167,508.1321961357693,512.9756492252827,12385216,ICICIBANK.NS
2019-12-13,515.0855712890625,520.6004062247889,513.7908073718962,515.9008428811763,17884861,ICICIBANK.NS
2019-12-16,517.1956176757812,519.2577098498175,514.7499199258505,517.4353931128122,13070575,ICICIBANK.NS
2019-12-17,519.0180053710938,520.792320432131,516.7161374453233,518.8261732874574,11516163,ICICIBANK.NS
2019-12-18,519.2578125,520.6964654065878,514.0306952316103,519.8811936361594,12906168,ICICIBANK.NS
2019-12-19,518.1068115234375,519.0659133372392,511.8726497337268,515.2295060820326,12082790,ICICIBANK.NS
2019-12-20,523.7655029296875,527.0264726729912,517.1956785967435,518.8261634683953,27691592,ICICIBANK.NS
2019-12-23,519.161865234375,526.4030731292356,515.6131763703231,524.6287579666779,11521942,ICICIBANK.NS
2019-12-24,518.969970703125,521.7034460098837,517.243599137184,519.8331857555603,6715007,ICICIBANK.NS
2019-12-26,516.7161254882812,520.2168706821041,515.6611368610936,518.9699914367874,7831074,ICICIBANK.NS
2019-12-27,526.9306030273438,527.9855916932645,516.3324802866407,518.8741237167231,11247684,ICICIBANK.NS
2019-12-30,521.7034301757812,529.6160199402099,520.4086076364273,527.1223201638213,13180302,ICICIBANK.NS
2019-12-31,516.8599853515625,521.5595490656267,515.9967703127912,521.5595490656267,12491978,ICICIBANK.NS
2020-01-01,514.7979125976562,520.3127481774169,513.7908673734861,517.8191068090974,7642793,ICICIBANK.NS
2020-01-02,518.4904174804688,519.7372966704075,513.9346838617928,514.0785725495332,10264223,ICICIBANK.NS
2020-01-03,516.81201171875,518.6822720458403,514.3183703085841,515.9967985566774,9594690,ICICIBANK.NS
2020-01-06,504.1998596191406,515.2774743967568,502.37754266917267,515.2774743967568,12534334,ICICIBANK.NS
2020-01-07,501.5143737792969,513.6949202731082,500.31549648353354,509.57079408346834,16101835,ICICIBANK.NS
2020-01-08,504.43963623046875,505.782343714452,493.9374591295397,494.8965609919272,16094310,ICICIBANK.NS
2020-01-09,523.9573364257812,525.012383599199,508.6117066067494,508.9953707677981,18934019,ICICIBANK.NS
2020-01-10,518.1549072265625,524.1492953249725,516.4764785590077,522.6147553873581,12335407,ICICIBANK.NS
2020-01-13,516.572265625,523.7175865666383,515.9968278942235,517.3395939846152,7901800,ICICIBANK.NS
2020-01-14,515.6131591796875,516.9079818709492,512.3043044484212,514.2704516400397,13939440,ICICIBANK.NS
2020-01-15,513.6949462890625,514.9897689574212,508.9474387885477,513.2153953464705,12353176,ICICIBANK.NS
2020-01-16,515.1817016601562,517.9151191512098,511.39323676598343,512.064619924524,11249232,ICICIBANK.NS
2020-01-17,510.2901306152344,515.9967983644115,508.8994212166889,512.6399418694757,18312609,ICICIBANK.NS
2020-01-20,512.9755249023438,521.7513289425906,509.28300674359485,511.20121015882495,19159996,ICICIBANK.NS
2020-01-21,509.3309631347656,518.1547107780583,508.51575007803285,511.15327984136405,13477994,ICICIBANK.NS
2020-01-22,501.4663391113281,513.0715056998757,499.4522488015349,509.76259287184985,17527408,ICICIBANK.NS
2020-01-23,506.1180419921875,508.56373992477535,495.9035841962313,500.0757122355206,17061293,ICICIBANK.NS
2020-01-24,512.0164794921875,515.4213377597315,505.44665548822525,507.60463456763415,17851868,ICICIBANK.NS
2020-01-27,515.2775268554688,522.7105670288142,509.76269059782527,516.4764043027825,38149166,ICICIBANK.NS
2020-01-28,506.5976257324219,518.4904539447406,503.000993675261,516.0926992399667,24009224,ICICIBANK.NS
2020-01-29,505.06298828125,512.9276348084697,503.81616763961324,509.81055393491357,16400827,ICICIBANK.NS
2020-01-30,510.43402099609375,512.1124492491086,502.7132627400115,506.0701192460413,14319317,ICICIBANK.NS
2020-01-31,504.1518859863281,510.9614853696769,501.0348051276675,508.32395541234865,16292578,ICICIBANK.NS
2020-02-03,494.4649353027344,497.9177370039952,481.46911725202443,483.38732090641497,22531888,ICICIBANK.NS
2020-02-04,509.09124755859375,512.7838247847699,495.5199915767917,498.732959341593,17781475,ICICIBANK.NS
2020-02-05,517.0516967773438,518.2985758033441,504.1997692767214,507.41273651714664,18782476,ICICIBANK.NS
2020-02-06,519.4495239257812,524.6286971855985,514.3183525882581,518.2506466470207,15296851,ICICIBANK.NS
2020-02-07,514.5101928710938,519.5934209063695,513.2633721890722,518.8261511435047,8297149,ICICIBANK.NS
2020-02-10,512.1124267578125,520.0729601289951,508.8035137822626,516.6202170042914,12536053,ICICIBANK.NS
2020-02-11,517.6751708984375,522.5186230406517,515.5171919553685,515.7090240136486,11243552,ICICIBANK.NS
2020-02-12,526.8346557617188,528.177421821489,520.5046067117929,523.4777991512267,14026335,ICICIBANK.NS
2020-02-13,518.8740844726562,526.5468990304774,515.9967790134733,526.5468990304774,9227235,ICICIBANK.NS
2020-02-14,523.477783203125,526.2112586260373,514.606091002821,519.1138814502214,14458649,ICICIBANK.NS
2020-02-17,519.4495239257812,523.0461557620628,515.7570053227707,520.7922898935649,7793293,ICICIBANK.NS
2020-02-18,519.0659790039062,522.1351169041318,514.0786372334068,518.8741469090916,15918303,ICICIBANK.NS
2020-02-19,522.5186767578125,524.1491616124262,518.3945505059768,521.2718560592015,8704234,ICICIBANK.NS
2020-02-20,524.6287231445312,526.8825891245517,519.641381710325,523.1900703388333,13588526,ICICIBANK.NS
2020-02-24,508.18011474609375,519.6893374656181,505.974192099305,517.4354714319516,16940750,ICICIBANK.NS
2020-02-25,509.2351379394531,516.7640640312139,503.8161890822969,510.673790711555,14942960,ICICIBANK.NS
2020-02-26,502.2816467285156,507.7005370163985,500.84299396446926,505.3027824096545,15743918,ICICIBANK.NS
2020-02-27,494.27313232421875,501.89800400703473,491.68360406950643,501.41845306520895,26315054,ICICIBANK.NS
2020-02-28,476.91339111328125,486.12077465382595,472.06993851715174,481.08548998143834,32737933,ICICIBANK.NS
2020-03-02,485.4014587402344,499.2604630995341,478.0643353418444,487.4635218918848,28642076,ICICIBANK.NS
2020-03-03,493.6976623535156,498.2533960032081,487.7032759723413,488.9980692845679,19661945,ICICIBANK.NS
2020-03-04,487.5594482421875,496.33522462071846,476.72157939893435,496.33522462071846,21883404,ICICIBANK.NS
2020-03-05,483.86688232421875,490.2449037596339,479.55092400814544,488.90216702630426,16671516,ICICIBANK.NS
2020-03-06,466.4591979980469,476.48179492779605,457.7793085562303,465.1644046261222,31024353,ICICIBANK.NS
2020-03-09,439.0289001464844,455.57340812578934,424.83420355898363,455.57340812578934,42027175,ICICIBANK.NS
2020-03-11,446.60577392578125,452.45630110826033,431.2122008263867,431.59583571535165,31018779,ICICIBANK.NS
2020-03-12,408.2417297363281,427.7115164334054,398.9864019864495,420.0866443991944,50757033,ICICIBANK.NS
2020-03-13,428.9103698730469,445.7425960583737,379.0370724119701,384.5998515748421,67104335,ICICIBANK.NS
2020-03-16,386.422119140625,406.8510055590506,381.1950317600847,406.8510055590506,34833637,ICICIBANK.NS
2020-03-17,352.2301330566406,391.74513858861565,349.11305223313053,390.3544292826487,47232699,ICICIBANK.NS
2020-03-18,340.52911376953125,360.1427590951497,328.300564692399,354.0045128632669,61202289,ICICIBANK.NS
2020-03-19,324.7039489746094,354.48408167198204,309.7899255661324,322.35416679128406,57985870,ICICIBANK.NS
2020-03-20,331.5615234375,345.0848361960348,309.7898995912569,314.5854088728553,88640642,ICICIBANK.NS
2020-03-23,272.3848876953125,300.8702204050365,268.5484808263644,298.42449346440515,56867949,ICICIBANK.NS
2020-03-24,284.37371826171875,292.52608455252687,257.32703250678003,283.2227842540529,67895418,ICICIBANK.NS
2020-03-25,303.9393310546875,320.48383582487685,270.0830518414471,272.3848901294941,66544138,ICICIBANK.NS
2020-03-26,316.7433776855469,349.4966991532631,301.3977484865499,308.8307876298141,76173940,ICICIBANK.NS
2020-03-27,325.9507751464844,344.8450643526848,312.6672084430917,341.2484323537228,72889985,ICICIBANK.NS
2020-03-30,300.58251953125,320.24410782223737,298.3765969429745,316.5995324321823,36559880,ICICIBANK.NS
2020-03-31,310.5091857910156,321.15522087202856,303.0761473666747,311.4203441443648,46279768,ICICIBANK.NS
2020-04-01,298.4245300292969,310.50921900106937,295.4992811410883,305.9534852859958,33141186,ICICIBANK.NS
2020-04-03,274.9265441894531,296.84202769375787,269.9871754306715,296.84202769375787,57326314,ICICIBANK.NS
2020-04-07,312.76312255859375,316.11997907029706,284.7093931393589,295.6910918802516,57661076,ICICIBANK.NS
2020-04-08,305.905517578125,338.323145307297,302.21296995404646,309.64600858234286,73931321,ICICIBANK.NS
2020-04-09,328.6842346191406,330.8901572933091,309.45422385824037,318.80546743392085,52431174,ICICIBANK.NS
2020-04-13,317.12701416015625,331.65740102730615,315.7842774523687,327.10166733589006,30994190,ICICIBANK.NS
2020-04-15,313.9620056152344,337.5079450122009,311.70811034805513,328.6842252963358,49132329,ICICIBANK.NS
2020-04-16,328.0128173828125,333.5755961452616,306.2891673486331,311.9958055279713,56494027,ICICIBANK.NS
2020-04-17,360.190673828125,369.7337485663523,334.7744758073511,347.19485598189243,69006835,ICICIBANK.NS
2020-04-20,346.5234680175781,363.4036655215302,342.39934199267884,360.6222761603564,55810736,ICICIBANK.NS
2020-04-21,318.2779846191406,332.04110331100713,314.5854362965225,327.053761515592,50118175,ICICIBANK.NS
2020-04-22,322.21026611328125,324.1764131241478,309.8378292974093,312.6671913564266,49115085,ICICIBANK.NS
2020-04-23,338.5150146484375,340.28932968148405,324.1764300720784,326.3344092663452,45953398,ICICIBANK.NS
2020-04-24,321.1552734375,329.21172345251,317.9422762549368,324.08052249163654,38513206,ICICIBANK.NS
2020-04-27,333.6715393066406,338.46704872257243,324.176436516989,325.42325725734463,38980019,ICICIBANK.NS
2020-04-28,345.1328430175781,348.01014887138126,335.9254584315144,339.28231526095135,32933194,ICICIBANK.NS
2020-04-29,355.2992858886719,361.1018402729208,337.2681538591816,338.56294718815684,39341745,ICICIBANK.NS
2020-04-30,364.6025695800781,376.8790910627228,358.8479583671258,366.37691389129833,45734705,ICICIBANK.NS
2020-05-04,324.22430419921875,344.3174956681377,322.2581575055551,344.3174956681377,38837299,ICICIBANK.NS
2020-05-05,317.3188781738281,333.7674703561651,316.0720281079433,333.7674703561651,45069968,ICICIBANK.NS
2020-05-06,327.4373779296875,331.41764490151724,311.9478883292609,317.94227511498843,49952812,ICICIBANK.NS
2020-05-07,322.9775695800781,328.8760404980257,320.05232044979766,323.21734505860826,27656346,ICICIBANK.NS
2020-05-08,323.88873291015625,338.08342974188656,320.05232519677315,329.93106335094745,42968091,ICICIBANK.NS
2020-05-11,307.05645751953125,329.49943540119364,305.1862264365813,327.05373734292596,83665601,ICICIBANK.NS
2020-05-12,308.06353759765625,311.1326460722389,295.4033809902859,305.28211871171976,69072308,ICICIBANK.NS
2020-05-13,324.22430419921875,334.1510122262729,318.7094696585731,329.4514199498755,72816461,ICICIBANK.NS
2020-05-14,314.0099182128906,320.819546732862,312.33149009096985,316.5035887050657,33999095,ICICIBANK.NS
2020-05-15,309.502197265625,317.03112382411064,305.76167641070936,315.8322464397063,31828868,ICICIBANK.NS
2020-05-18,286.2919006347656,307.3921412175624,281.25661595023456,306.9125902952261,74034133,ICICIBANK.NS
2020-05-19,288.01824951171875,298.7602010318865,284.94914141271596,294.4921864522171,61827491,ICICIBANK.NS
2020-05-20,293.1495056152344,295.64317654296985,285.33283056458566,286.7714834918021,42238419,ICICIBANK.NS
2020-05-21,291.95062255859375,300.0070729421012,289.6487837732299,293.4851915053257,43075357,ICICIBANK.NS
2020-05-22,279.1466064453125,295.1156770769981,273.8715458033539,288.6896824053703,80358245,ICICIBANK.NS
2020-05-26,280.7290954589844,285.7164070244206,278.1395090121209,283.9420629233818,46681705,ICICIBANK.NS
2020-05-27,305.8096008300781,308.78282212830555,282.7911586803888,283.99003587568507,80541990,ICICIBANK.NS
2020-05-28,313.482421875,316.2638111762586,307.6318951775131,309.0705478439707,66136408,ICICIBANK.NS
2020-05-29,318.3738708496094,320.62773678177984,306.9125920330875,309.69398154449425,60487477,ICICIBANK.NS
2020-06-01,325.3753356933594,333.76747773408715,322.450086461236,325.13556020648144,44024770,ICICIBANK.NS
2020-06-02,334.1510925292969,335.68566140676404,318.90137833642586,323.21733684022706,47558213,ICICIBANK.NS
2020-06-03,342.2555236816406,357.7450137305581,339.3302452838255,343.26256898301466,69689299,ICICIBANK.NS
2020-06-04,333.6236267089844,348.15401572631265,331.3697312216006,342.39940389612565,57061575,ICICIBANK.NS
2020-06-05,342.5911865234375,345.2766599485849,332.8083361171082,335.68564161667973,37251097,ICICIBANK.NS
2020-06-08,345.0848083496094,358.4642898734055,338.7067873736475,351.5587453573565,46827341,ICICIBANK.NS
2020-06-09,334.2949523925781,354.24428928659967,331.1299278601376,345.32462413882456,47621969,ICICIBANK.NS
2020-06-10,338.56298828125,342.2555366418939,331.1778915599622,334.2949728968292,36292403,ICICIBANK.NS
2020-06-11,327.29351806640625,339.7138991777386,326.19055675318936,338.03547087996213,36999490,ICICIBANK.NS
2020-06-12,330.12286376953125,331.9930947886784,310.8449110055828,310.94082704310796,47509067,ICICIBANK.NS
2020-06-15,317.55865478515625,328.2526354476733,312.1876781248142,327.24559012925147,43500660,ICICIBANK.NS
2020-06-16,328.92401123046875,333.6715481159009,312.71516556111635,328.25262818672644,57511237,ICICIBANK.NS
2020-06-17,327.96490478515625,336.64476522929283,322.35415284410794,324.75190758220833,37107002,ICICIBANK.NS
2020-06-18,337.6038513183594,340.1934380220535,323.40915564116915,326.0946291143244,39285919,ICICIBANK.NS
2020-06-19,348.9212341308594,350.5037755663153,334.91837082503446,336.6447424116672,51367236,ICICIBANK.NS
2020-06-22,352.51788330078125,359.9029794639235,350.21604464910916,351.9903889760424,40133602,ICICIBANK.NS
2020-06-23,360.76617431640625,362.82823755028664,349.30492415766895,353.9086015760749,32493320,ICICIBANK.NS
2020-06-24,333.86334228515625,364.45868383763315,330.890120852588,364.45868383763315,57955780,ICICIBANK.NS
2020-06-25,336.6447448730469,341.05661917826757,324.6559719074825,331.75331964920355,69902888,ICICIBANK.NS
2020-06-26,334.8224792480469,343.8380312569579,331.9451735471518,341.0566415999861,34596104,ICICIBANK.NS
2020-06-29,329.0678405761719,331.46559512821415,324.65596634652115,331.1299036370353,27384244,ICICIBANK.NS
2020-06-30,337.0763854980469,339.95369129224457,332.13698713576633,332.8083701955331,47526095,ICICIBANK.NS
2020-07-01,349.1610107421875,350.79149556675685,337.2202104780125,339.7618244826346,36922617,ICICIBANK.NS
2020-07-02,348.0101013183594,355.7308592632921,346.5714485880391,351.03126619813895,50964311,ICICIBANK.NS
2020-07-03,346.2357482910156,352.13421848141576,345.08481442824603,349.7364639918658,28779044,ICICIBANK.NS
2020-07-06,347.0509948730469,352.8056057176369,345.75620157912124,352.8056057176369,33334074,ICICIBANK.NS
2020-07-07,360.6702575683594,362.5405179800114,347.2908036331583,348.15398948874105,46030825,ICICIBANK.NS
2020-07-08,353.8606262207031,363.49958775008986,352.5178602646298,362.4445699000885,46315597,ICICIBANK.NS
2020-07-09,355.2033386230469,360.62225765141636,350.3598572285511,358.1765598990654,35144463,ICICIBANK.NS
2020-07-10,345.61236572265625,353.14132127814463,344.3175723404632,349.97626753617647,27864858,ICICIBANK.NS
2020-07-13,339.138427734375,351.99038696305655,338.0834098214644,349.2089973886314,32379935,ICICIBANK.NS
2020-07-14,331.4176330566406,338.0354592471359,326.67009645370155,337.12430078048345,34031256,ICICIBANK.NS
2020-07-15,331.65740966796875,342.20753007032073,329.6912625734986,335.20609823836435,30442553,ICICIBANK.NS
2020-07-16,330.5544128417969,334.3428764684793,327.0536973022779,333.71946618381907,35535437,ICICIBANK.NS
2020-07-17,339.33026123046875,341.4402972470866,331.3217832920743,331.8492776614943,27511781,ICICIBANK.NS
2020-07-20,348.15399169921875,351.3669889365623,340.7209519315357,343.3584821716813,36312529,ICICIBANK.NS
2020-07-21,363.3077697753906,364.3627876663257,354.91562857164774,355.82678703869755,45559912,ICICIBANK.NS
2020-07-22,365.51373291015625,373.57018286122906,359.95092443552346,371.07651211532243,45500191,ICICIBANK.NS
2020-07-23,376.20770263671875,379.468643089938,363.35574363316886,366.9044029351117,37838027,ICICIBANK.NS
2020-07-24,366.18505859375,372.80288448465046,356.9297320002625,372.41922034587145,52980980,ICICIBANK.NS
2020-07-27,343.8380432128906,370.0215142937,342.0157553928526,369.2542444545687,73275058,ICICIBANK.NS
2020-07-28,337.6997375488281,347.9141654993975,329.1637376881938,346.3316534399227,125939354,ICICIBANK.NS
2020-07-29,336.69268798828125,343.02276596293785,333.95927116988736,338.754780352284,50194622,ICICIBANK.NS
2020-07-30,330.8421936035156,340.0975205668244,326.4782626409795,338.9465866434276,40820253,ICICIBANK.NS
2020-07-31,332.61651611328125,338.5629594026439,328.0607822402995,332.2808538750555,37345191,ICICIBANK.NS
2020-08-03,329.21173095703125,335.06225846813635,326.57420070173094,332.6165310333592,32119883,ICICIBANK.NS
2020-08-04,336.6447448730469,338.7547806227723,330.122864087566,332.80833752406625,30811518,ICICIBANK.NS
2020-08-05,337.79571533203125,345.27669876413347,336.40500580977726,338.946620099564,37057881,ICICIBANK.NS
2020-08-06,344.0777893066406,348.87329856526975,334.3429113655166,338.99456120028003,48021824,ICICIBANK.NS
2020-08-07,343.3105773925781,344.94103325362,338.7068701667332,344.74923041262895,28510964,ICICIBANK.NS
2020-08-10,348.6814880371094,350.0242541280866,342.73507375057545,344.79713700533694,22856010,ICICIBANK.NS
2020-08-11,352.3260192871094,358.9917586149408,349.16096608005455,354.86763296662673,45446107,ICICIBANK.NS
2020-08-12,351.8465270996094,353.6688147999395,348.87330544672,350.7915091880078,25706005,ICICIBANK.NS
2020-08-13,352.9974060058594,357.12156131015075,351.27103447255126,353.86062104197754,26257336,ICICIBANK.NS
2020-08-14,346.6194152832031,356.5940690303773,339.71389927491333,356.5940690303773,28893259,ICICIBANK.NS
2020-08-17,345.4684753417969,351.3669454772133,339.85772403465876,351.0312539979127,24232497,ICICIBANK.NS
2020-08-18,354.4360656738281,354.8676732003712,346.81122377079623,347.0989426088485,26517363,ICICIBANK.NS
2020-08-19,359.13568115234375,360.47841782007566,355.25130129596516,358.70407363403586,35790233,ICICIBANK.NS
2020-08-20,352.709716796875,354.53200451718715,347.7703479627903,351.99039038600444,68444775,ICICIBANK.NS
2020-08-21,355.9706115722656,357.7449556781813,352.03828851118664,354.8676504046303,34109928,ICICIBANK.NS
2020-08-24,364.79437255859375,365.60961493594914,358.5602109085857,359.51931270089466,32907235,ICICIBANK.NS
2020-08-25,370.5489807128906,373.8578643114649,365.80141516648206,366.8564329845133,53072303,ICICIBANK.NS
2020-08-26,373.42633056640625,375.6322532283093,368.4869616359939,372.3233692354547,37163882,ICICIBANK.NS
2020-08-27,376.1597595214844,381.1950442640186,371.74788513127555,374.0017803461126,36910405,ICICIBANK.NS
2020-08-28,392.94403076171875,395.05403722229664,376.83110248462344,377.790204312922,83472297,ICICIBANK.NS
2020-08-31,378.46160888671875,404.74099462709665,371.651979663507,397.8834220175214,72744175,ICICIBANK.NS
2020-09-01,374.9608459472656,383.3050137235684,369.54189757082287,378.55747755846414,34872793,ICICIBANK.NS
2020-09-02,376.3515625,377.88613132373575,365.5137232332731,371.4121937947124,31295799,ICICIBANK.NS
2020-09-03,367.09625244140625,376.4954393591603,365.4657675026582,376.35157992796894,26135555,ICICIBANK.NS
2020-09-04,357.3133850097656,364.4107621649971,353.28517477326045,359.66319626649306,33118984,ICICIBANK.NS
2020-09-07,358.12860107421875,361.43751394403415,353.9085590692907,358.79998403227114,22323904,ICICIBANK.NS
2020-09-08,360.3345642089844,365.7055109664409,354.0524297484958,357.16951065248537,32052920,ICICIBANK.NS
2020-09-09,352.56585693359375,357.16953424969876,347.09896450993585,355.6349653878416,25285238,ICICIBANK.NS
2020-09-10,355.5390930175781,359.6632195607543,350.50380794372757,356.4981949364068,24852274,ICICIBANK.NS
2020-09-11,355.34722900390625,358.3683939229209,350.16808496138606,357.744983585579,22678353,ICICIBANK.NS
2020-09-14,348.82537841796875,358.56025700759557,344.65327923113796,358.22456548323584,27140598,ICICIBANK.NS
2020-09-15,356.35430908203125,357.0256921383661,348.82538237460716,349.16104463330663,24967618,ICICIBANK.NS
2020-09-16,359.37548828125,361.2936920526589,350.07218828213,356.1624911102467,22068622,ICICIBANK.NS
2020-09-17,353.90863037109375,356.54616081423876,352.3740613502791,354.8677323504192,24084936,ICICIBANK.NS
2020-09-18,354.4360656738281,359.3274908069694,349.6405565765258,354.8676732003712,78166508,ICICIBANK.NS
2020-09-21,336.3570251464844,352.37400822474325,334.2469894022993,351.65468184869815,28932482,ICICIBANK.NS
2020-09-22,339.90570068359375,341.5841289749047,335.2061073218164,339.5220657851874,28593292,ICICIBANK.NS
2020-09-23,337.4599914550781,342.49527616278374,328.4444399275555,342.01572523824035,22740143,ICICIBANK.NS
2020-09-24,321.9704895019531,332.7603848703904,320.10022926363825,330.8421812493349,25840472,ICICIBANK.NS
2020-09-25,334.390869140625,336.16521349656875,322.8337030377594,325.1834851139297,23231600,ICICIBANK.NS
2020-09-28,348.15399169921875,349.0651502172378,334.8224810665581,337.1243197858826,18495592,ICICIBANK.NS
2020-09-29,342.44732666015625,348.87332119126,339.7618530089453,348.87332119126,17080848,ICICIBANK.NS
2020-09-30,340.2413635253906,342.87889347519985,335.06221965965807,342.35139919302367,19565058,ICICIBANK.NS
2020-10-01,354.1004333496094,356.018637150486,343.598255832023,343.598255832023,23237122,ICICIBANK.NS
2020-10-05,357.84088134765625,367.00029167408536,355.5869863020982,355.5869863020982,26530105,ICICIBANK.NS
2020-10-06,365.0341796875,366.1850843764779,359.7591193719855,361.6773231230817,18093629,ICICIBANK.NS
2020-10-07,367.0003356933594,368.63082062897934,358.80002616704456,363.78733847873605,21845743,ICICIBANK.NS
2020-10-08,371.6519775390625,373.76201337739343,367.00032757919644,369.2542228452621,21085500,ICICIBANK.NS
2020-10-09,385.07940673828125,386.99761050783684,371.07651336663224,374.7211180904678,41641237,ICICIBANK.NS
2020-10-12,387.52508544921875,393.2317530859349,384.3121177115278,386.94964776271394,25742564,ICICIBANK.NS
2020-10-13,380.0440979003906,384.59983156607353,377.4065678834163,384.59983156607353,19922778,ICICIBANK.NS
2020-10-14,390.1626281738281,392.5124394580894,373.09062663212404,378.22182747954395,23368177,ICICIBANK.NS
2020-10-15,375.0087890625,393.1358065162321,373.2344449483372,390.2585012293075,34234586,ICICIBANK.NS
2020-10-16,379.9002380371094,384.88754995625027,374.5292619731028,377.8861183544238,25339096,ICICIBANK.NS
2020-10-19,400.0413818359375,401.623894012182,384.74369583682176,385.606881635731,41072871,ICICIBANK.NS
2020-10-20,397.6435852050781,399.8495074879052,394.1908131050104,396.5885674426321,26158669,ICICIBANK.NS
2020-10-21,403.1105041503906,410.97515119017106,393.51948545283705,398.9863778182291,43124966,ICICIBANK.NS
2020-10-22,396.01318359375,402.4871216629474,390.9778984288187,399.3700403703709,33088074,ICICIBANK.NS
2020-10-23,399.89752197265625,403.30232178049624,394.9101807208545,399.94546535663955,22151463,ICICIBANK.NS
2020-10-26,387.90875244140625,402.00753198390356,385.0314469099417,400.9525141018068,21712057,ICICIBANK.NS
2020-10-27,393.1838073730469,395.53358929759764,377.166795085654,389.7310349271428,33571163,ICICIBANK.NS
2020-10-28,379.8522644042969,393.13583047571876,378.6533871283466,393.13583047571876,28145103,ICICIBANK.NS
2020-10-29,383.5448303222656,386.42213591998626,373.71403619672014,376.2077069019713,32615425,ICICIBANK.NS
2020-10-30,376.5433654785156,386.2302993309022,372.1794348086051,383.06524588852807,27225165,ICICIBANK.NS
2020-11-02,400.3770751953125,405.5082466286042,390.3544492500257,399.94546765911724,72698777,ICICIBANK.NS
2020-11-03,425.6973571777344,428.6226060794733,406.8510118915723,407.61828165513697,61813071,ICICIBANK.NS
2020-11-04,419.17547607421875,423.9230422140408,407.9060286850446,419.4152515505842,43426662,ICICIBANK.NS
2020-11-05,420.5661315917969,427.99917040556295,417.7847422766675,426.80029317753616,30129938,ICICIBANK.NS
2020-11-06,424.6902770996094,426.7043967893098,418.3602284597865,421.8609442728922,27831424,ICICIBANK.NS
2020-11-09,443.77642822265625,445.59871584483466,430.63672145056563,431.59582328007696,40995422,ICICIBANK.NS
2020-11-10,464.0614013671875,467.1305094966173,453.6551412168822,465.9316322735283,57535138,ICICIBANK.NS
2020-11-11,466.6510009765625,470.48740843877073,452.7919965810151,464.9246293263553,45609279,ICICIBANK.NS
2020-11-12,457.2038269042969,463.77365063388277,452.07262656477104,461.9034197381804,31071572,ICICIBANK.NS
2020-11-13,465.69189453125,467.17851996991544,448.4280611210911,453.36745909568145,34815091,ICICIBANK.NS
2020-11-14,466.9866943359375,469.8160565583266,464.8287151298847,469.8160565583266,3636073,ICICIBANK.NS
2020-11-17,466.50714111328125,472.83721927388365,458.59455072989476,470.4394646122514,36127378,ICICIBANK.NS
2020-11-18,477.29705810546875,478.59185153365166,466.36330222091806,468.04173055795997,29156543,ICICIBANK.NS
2020-11-19,459.16998291015625,473.17287492694885,456.34062091603136,469.95987806992497,31896908,ICICIBANK.NS
2020-11-20,460.56072998046875,463.67781105999023,448.95559149204934,459.88934696324685,30089190,ICICIBANK.NS
2020-11-23,449.0994567871094,463.58190107663614,447.4210284915889,462.0952755960666,29513544,ICICIBANK.NS
2020-11-24,458.64251708984375,460.36888871473775,451.9288041294205,454.6142776058035,23135994,ICICIBANK.NS
2020-11-25,453.367431640625,469.9119376567906,451.83286290987047,465.164372048714,34168305,ICICIBANK.NS
2020-11-26,455.861083984375,457.6834008605298,446.74961668145994,455.6692811817819,28707911,ICICIBANK.NS
2020-11-27,453.99090576171875,459.93732018361976,452.02472923772444,456.91615494908064,48390771,ICICIBANK.NS
2020-12-01,465.2602844238281,468.52122465762403,454.9019675247858,460.08114060903887,20120049,ICICIBANK.NS
2020-12-02,460.8005065917969,467.0826121521762,452.88791613952696,466.45920178861786,21244707,ICICIBANK.NS
2020-12-03,462.1432189941406,465.1643838809175,459.26591352683596,462.38299444974933,22701738,ICICIBANK.NS
2020-12-04,481.51708984375,483.3873502280141,463.2462106351802,463.917593662728,39547014,ICICIBANK.NS
2020-12-07,489.57354736328125,494.51288673032496,483.5311881919838,484.3464306122539,37778332,ICICIBANK.NS
2020-12-08,487.60736083984375,491.0601332556908,484.7300553715487,490.5805823443083,19339943,ICICIBANK.NS
2020-12-09,490.5805969238281,493.9374534032678,485.3534801266286,489.14194414692537,21272782,ICICIBANK.NS
2020-12-10,486.2167053222656,493.3620259706338,478.3520582704832,487.31966662027423,20419020,ICICIBANK.NS
2020-12-11,494.3690490722656,495.75975843099445,485.4014411243618,488.4226060294136,25335765,ICICIBANK.NS
2020-12-14,504.2957458496094,506.21394956797144,496.9106498261289,496.9106498261289,26369591,ICICIBANK.NS
2020-12-15,496.8626403808594,502.80908282496233,492.11507510133674,502.56930739204626,26969145,ICICIBANK.NS
2020-12-16,491.4917297363281,500.3634213974932,490.1969364508058,498.78088000993023,24263586,ICICIBANK.NS
2020-12-17,489.52557373046875,495.37610081372037,488.2787530451129,492.97834621152424,23883288,ICICIBANK.NS
2020-12-18,495.9995422363281,497.054530849573,488.3266982118283,492.97834801096093,21735833,ICICIBANK.NS
2020-12-21,474.2759094238281,493.6497803234483,468.23357890842004,493.55383500606723,29157759,ICICIBANK.NS
2020-12-22,479.838623046875,481.2772757595114,469.09670035420186,476.96131762160223,32328041,ICICIBANK.NS
2020-12-23,483.00372314453125,484.826010902338,476.24203718154234,478.5918485465216,19205951,ICICIBANK.NS
2020-12-24,492.5467529296875,494.8486208299843,484.442359701402,486.0248719307564,17576807,ICICIBANK.NS
2020-12-28,498.8288879394531,499.8839351806584,492.59472542492193,494.80070668428937,14470472,ICICIBANK.NS
2020-12-29,507.1730041503906,509.091207689945,496.6708280635452,501.1786180892832,19092649,ICICIBANK.NS
2020-12-30,507.1250915527344,511.20127432171614,503.09685216736636,509.9065102694939,21365141,ICICIBANK.NS
2020-12-31,513.1674194335938,516.4763324355349,504.96711054282105,508.41985369506335,27817770,ICICIBANK.NS
2021-01-01,505.9262390136719,515.0377068252925,504.5834729732283,513.6469973988901,13592625,ICICIBANK.NS
2021-01-04,509.9544982910156,513.11952289266,502.8571207270198,510.52993602261097,16549750,ICICIBANK.NS
2021-01-05,515.2775268554688,517.8671138494541,501.6103239560915,505.1110695178229,23311516,ICICIBANK.NS
2021-01-06,524.3409423828125,528.0814041126355,513.9346531935635,516.7160717050868,28178838,ICICIBANK.NS
2021-01-07,518.969970703125,531.7260717234732,517.6752066634016,529.5680926313146,21138034,ICICIBANK.NS
2021-01-08,519.881103515625,524.7245557537454,514.4142117104807,524.6286689921694,21937965,ICICIBANK.NS
2021-01-11,522.4227905273438,523.6696112272414,513.1194908545314,522.8543980685591,19394393,ICICIBANK.NS
2021-01-12,525.5877685546875,528.1294116539622,515.1335358740694,518.8740561826386,16388310,ICICIBANK.NS
2021-01-13,533.7401733398438,538.056131614829,525.8275831690374,528.9446641454157,21920297,ICICIBANK.NS
2021-01-14,530.6710205078125,535.610418251796,528.0814339094029,531.3903468663191,13330898,ICICIBANK.NS
2021-01-15,520.7922973632812,528.4651120573996,519.3536446081341,527.5060102206348,15708956,ICICIBANK.NS
2021-01-18,511.34521484375,525.971519203273,507.26903166158786,522.2309982793616,21580313,ICICIBANK.NS
2021-01-19,524.1012573242188,525.3480781158394,512.0645399031081,516.9559362929026,20575358,ICICIBANK.NS
2021-01-20,528.4651489257812,531.917892363443,523.6696394073984,524.1012469718398,16097138,ICICIBANK.NS
2021-01-21,530.0955810546875,538.0561143542824,527.2182756303331,532.3015035055736,18189277,ICICIBANK.NS
2021-01-22,511.968505859375,530.8628221682711,508.8993685311048,530.4791580501402,24515997,ICICIBANK.NS
2021-01-25,516.0447387695312,520.1209216327012,509.47491451152393,514.6060859942947,23415249,ICICIBANK.NS
2021-01-27,500.9868469238281,517.1477488323302,497.86976579316274,515.8049827758548,28049286,ICICIBANK.NS
2021-01-28,506.6455383300781,508.1800778323068,491.0601336961666,493.55377502202055,29836591,ICICIBANK.NS
2021-01-29,515.0377197265625,522.6625915308599,507.7965120974116,511.53697437988643,33172808,ICICIBANK.NS
2021-02-01,579.1057739257812,584.5247236229567,528.4652002055261,529.4243022022694,69354326,ICICIBANK.NS
2021-02-02,592.1015014648438,598.479552159034,574.21428715268,587.9294318485382,42362384,ICICIBANK.NS
2021-02-03,596.8970336914062,601.8364318062661,588.888556380952,597.9041375000774,27155908,ICICIBANK.NS
2021-02-04,602.6036987304688,605.8167251477457,584.0930441777774,593.492230882047,29982222,ICICIBANK.NS
2021-02-05,589.032470703125,609.317441295194,586.0112762235503,602.6037278196378,32015570,ICICIBANK.NS
2021-02-08,603.8505249023438,608.0226532359691,596.8970362185685,596.8970362185685,18230551,ICICIBANK.NS
2021-02-09,607.4471435546875,616.8943320603111,602.8914096901439,605.528939822248,27155615,ICICIBANK.NS
2021-02-10,606.2962646484375,612.0988191978034,600.7814289494911,607.4471400501155,23967387,ICICIBANK.NS
2021-02-11,604.8576049804688,607.68690860618,598.5754410332529,601.1170843507472,16072702,ICICIBANK.NS
2021-02-12,621.1143188476562,623.3202998776966,603.6587124527489,604.1382633655525,19049709,ICICIBANK.NS
2021-02-15,646.38671875,649.1201356713515,625.3344209385314,628.2117265563467,27155194,ICICIBANK.NS
2021-02-16,631.4246826171875,651.6138234894805,622.9845980037339,645.8592123613623,24966739,ICICIBANK.NS
2021-02-17,630.4656372070312,637.7548470785972,622.7928216826061,628.0199389664081,21684753,ICICIBANK.NS
2021-02-18,618.2850341796875,625.7180735551965,611.5233192714663,623.4162056878533,27845347,ICICIBANK.NS
2021-02-19,598.5275268554688,609.5092552791426,593.6840739855063,609.5092552791426,24055811,ICICIBANK.NS
2021-02-22,584.9082641601562,603.5628076271427,582.4625660486134,596.5613755384175,27092321,ICICIBANK.NS
2021-02-23,591.094482421875,597.5684201719565,584.140993727343,589.6078862018652,23534585,ICICIBANK.NS
2021-02-24,614.8801879882812,618.6207087123476,589.9435392649928,589.9435392649928,17762047,ICICIBANK.NS
2021-02-25,602.3159790039062,621.8816807183324,600.6854941045485,616.4147883093957,38571809,ICICIBANK.NS
2021-02-26,573.3031616210938,589.8476694219534,566.7333370113986,589.8476694219534,57349273,ICICIBANK.NS
2021-03-01,583.4696044921875,586.826461067641,575.652959304134,582.7023346970133,21527318,ICICIBANK.NS
2021-03-02,585.5316162109375,591.2862266896691,574.5019461267019,585.0520653377098,24051433,ICICIBANK.NS
2021-03-03,606.248291015625,607.8308325751816,588.7446812412707,592.7249775644374,21036174,ICICIBANK.NS
2021-03-04,595.3624267578125,605.0973331884325,590.6148612643628,593.4442232080492,25057198,ICICIBANK.NS
2021-03-05,584.5245971679688,589.5598815615465,576.8997262356227,588.1212288776671,26645968,ICICIBANK.NS
2021-03-08,583.181884765625,590.8067563977,576.5641169358287,586.5866847221433,19632433,ICICIBANK.NS
2021-03-09,599.5345458984375,602.6516269259059,587.2580538672711,589.7037518887294,23056249,ICICIBANK.NS
2021-03-10,600.0140991210938,604.7137216422126,596.3695237674361,603.0352933902318,15838994,ICICIBANK.NS
2021-03-12,587.7855834960938,611.9070200043144,583.4696248910477,605.6249141869787,21757862,ICICIBANK.NS
2021-03-15,578.8179931640625,587.7855724594814,566.4455553130019,586.874472491116,24347946,ICICIBANK.NS
2021-03-16,570.61767578125,582.1748417389566,569.3708550437967,582.0309530412403,17925629,ICICIBANK.NS
2021-03-17,565.3905029296875,578.9618166191433,562.9927484643368,573.1112606003312,20214082,ICICIBANK.NS
2021-03-18,554.936279296875,576.8038472165829,551.9630871258432,570.4257968168466,22776537,ICICIBANK.NS
2021-03-19,562.6571655273438,564.8151448501964,546.6880951226602,551.67543682104,29162618,ICICIBANK.NS
2021-03-22,549.9970092773438,562.8489399180978,546.2085449749106,562.8489399180978,21755401,ICICIBANK.NS
2021-03-23,562.4172973632812,565.150713972866,550.8121309050565,552.4426156103026,29486417,ICICIBANK.NS
2021-03-24,544.2903442382812,556.8066126931541,541.8925894178483,556.2791183404461,24434219,ICICIBANK.NS
2021-03-25,548.1746215820312,555.3199416932971,534.3155888768913,544.8657086672648,27170186,ICICIBANK.NS
2021-03-26,554.8883666992188,560.5950344462785,550.8121838140233,560.5950344462785,20724410,ICICIBANK.NS
2021-03-30,567.2607421875,568.8432249528785,558.1972189351494,558.1972189351494,28011943,ICICIBANK.NS
2021-03-31,558.293212890625,565.534479330281,555.3200203080047,562.0337338523157,20119972,ICICIBANK.NS
2021-04-01,570.0901489257812,571.7205751992258,556.4708912855509,563.5202662927583,15631940,ICICIBANK.NS
2021-04-05,547.8869018554688,567.788264154814,540.453862924388,567.788264154814,23260127,ICICIBANK.NS
2021-04-06,542.7557983398438,554.8404590805619,541.3171454640947,551.195883503118,23284697,ICICIBANK.NS
2021-04-07,554.0252075195312,556.2790734532954,536.5215987427681,543.3791418524974,23984399,ICICIBANK.NS
2021-04-08,553.114013671875,561.8897599218,549.8530441722431,558.1972414480667,19262565,ICICIBANK.NS
2021-04-09,543.0433959960938,555.3198860878331,541.8924622446038,550.4764341950241,23239564,ICICIBANK.NS
2021-04-12,516.5243530273438,529.376342810853,509.4270335893105,528.8488484363747,26601702,ICICIBANK.NS
2021-04-13,537.6725463867188,540.7416844294465,515.852976349255,518.8741710007871,25445897,ICICIBANK.NS
2021-04-15,551.6754150390625,553.1620112505448,531.486332101294,542.803722617619,37614884,ICICIBANK.NS
2021-04-16,543.7628173828125,554.1211058801416,541.0293419275475,551.0999115714098,24045008,ICICIBANK.NS
2021-04-19,536.8572387695312,539.3029366800793,512.5440312734322,527.5059961111964,28526176,ICICIBANK.NS
2021-04-20,536.2338256835938,549.2297026977005,529.9996636032064,542.0843821439317,24425842,ICICIBANK.NS
2021-04-22,555.5118408203125,556.8545483778173,524.5328606766932,529.4242570271306,34942633,ICICIBANK.NS
2021-04-23,546.64013671875,556.7586500023934,543.8587178079017,546.5921933317907,33749097,ICICIBANK.NS
2021-04-26,566.9251098632812,580.7362006434557,563.9519173878646,577.3793439923375,62584522,ICICIBANK.NS
2021-04-27,574.2622680664062,577.3314058832747,566.9251150463095,568.9872075664226,24239685,ICICIBANK.NS
2021-04-28,595.9379272460938,597.3286366741015,573.5429218567261,573.5429218567261,33292864,ICICIBANK.NS
2021-04-29,596.0338745117188,602.7475876658382,584.0930444083912,597.0888631632214,34537860,ICICIBANK.NS
2021-04-30,575.940673828125,591.1424150756256,573.6388059209825,585.1480283788301,23653258,ICICIBANK.NS
2021-05-03,572.3441162109375,574.3582069873061,563.4724227464194,568.3158761192602,18010557,ICICIBANK.NS
2021-05-04,567.356689453125,583.133926643283,564.9109914356804,572.2481440269456,15115127,ICICIBANK.NS
2021-05-05,578.1465454101562,580.064748983872,560.7868264835993,570.953282008722,17253943,ICICIBANK.NS
2021-05-06,583.3258666992188,585.8674519568584,574.7418918178471,578.1466923185749,16949763,ICICIBANK.NS
2021-05-07,582.270751953125,589.6558484415726,579.0098405499609,586.9703747745741,10941083,ICICIBANK.NS
2021-05-10,588.169189453125,591.7658212679627,586.0112103642224,586.0112103642224,12060808,ICICIBANK.NS
2021-05-11,584.9082641601562,587.8335717555993,578.5782151021709,581.5994094710338,13818480,ICICIBANK.NS
2021-05-12,570.42578125,581.8391157994505,568.9391852050531,578.530202964616,14785569,ICICIBANK.NS
2021-05-14,572.87158203125,577.3314295065713,566.9251382438007,567.7883534128749,12675754,ICICIBANK.NS
2021-05-17,598.0958251953125,598.9590401820014,576.6119812152618,578.5781280861368,20453101,ICICIBANK.NS
2021-05-18,607.3032836914062,609.5092061680208,600.3977388846279,602.3159425232369,19242627,ICICIBANK.NS
2021-05-19,599.8703002929688,608.0706099016792,597.8561511620471,601.4527833184056,13911576,ICICIBANK.NS
2021-05-20,593.3003540039062,607.0155566661169,591.4301523126309,602.3638777818732,13900762,ICICIBANK.NS
2021-05-21,616.175048828125,617.6137017282425,596.849121454305,596.849121454305,23975898,ICICIBANK.NS
2021-05-24,620.8745727539062,626.725129290155,611.9069936759524,616.942278498521,20323003,ICICIBANK.NS
2021-05-25,623.7039184570312,625.334403302262,616.2229357694837,623.512086380134,14884778,ICICIBANK.NS
2021-05-26,625.81396484375,629.7942609859152,616.9902160071322,622.7927705634143,14487031,ICICIBANK.NS
2021-05-27,625.5741577148438,629.6503404213031,621.5938617741413,624.4711672139949,23349546,ICICIBANK.NS
2021-05-28,616.7505493164062,633.0073404493718,613.1059733064559,631.1370797811646,14191446,ICICIBANK.NS
2021-05-31,635.644775390625,637.8027546356328,617.4218395438927,617.4218395438927,21786138,ICICIBANK.NS
2021-06-01,623.5121459960938,637.706901498667,621.8337176058916,637.3711806972645,14123196,ICICIBANK.NS
2021-06-02,621.8336791992188,622.7927810772396,614.8801905835679,621.9775678964951,16025108,ICICIBANK.NS
2021-06-03,623.656005859375,626.9169757108145,618.3809454484152,626.7251436244474,11805702,ICICIBANK.NS
2021-06-04,616.414794921875,628.1158496593986,613.2497704003066,626.2935326572268,15111572,ICICIBANK.NS
2021-06-07,621.6898803710938,623.4162521307455,617.9014160542043,618.8125745920288,7556341,ICICIBANK.NS
2021-06-08,616.1270751953125,621.4980223431988,611.3315657636521,621.4980223431988,11912935,ICICIBANK.NS
2021-06-09,610.084716796875,619.1961851698011,603.0832843865192,618.0453096801596,15823094,ICICIBANK.NS
2021-06-10,614.2089233398438,616.1271272746478,605.1933414306891,609.4613568934159,10712418,ICICIBANK.NS
2021-06-11,609.7010498046875,618.1890776509646,605.6728103794136,617.6615833481272,9015059,ICICIBANK.NS
2021-06-14,609.173583984375,610.0846839414522,597.8561349416061,609.7010783118758,10170497,ICICIBANK.NS
2021-06-15,618.9083862304688,619.7716012749639,609.9887511060434,610.3244133239423,11039987,ICICIBANK.NS
2021-06-16,613.921142578125,622.6490055573584,611.5233876726661,618.5248788277567,8601339,ICICIBANK.NS
2021-06-17,607.1115112304688,611.4754132289987,601.0691808833553,607.1594546183555,9720060,ICICIBANK.NS
2021-06-18,604.6177978515625,610.5641821776268,595.314498688147,606.7277749794288,13820690,ICICIBANK.NS
2021-06-21,605.43310546875,607.2074206593013,591.0465762298886,597.3766256794127,13407446,ICICIBANK.NS
2021-06-22,605.04931640625,617.7574146112736,603.8024958373157,609.0296120898087,15270093,ICICIBANK.NS
2021-06-23,599.15087890625,609.029615288979,597.9520017107992,607.8307380935283,10950633,ICICIBANK.NS
2021-06-24,608.1185302734375,610.2765094855781,598.9111757172107,601.3568737831835,12815724,ICICIBANK.NS
2021-06-25,622.45703125,623.4161329930662,610.0845953488754,610.0845953488754,14785922,ICICIBANK.NS
2021-06-28,623.7039184570312,626.2935051478177,619.7236809213341,624.3753014567064,12093491,ICICIBANK.NS
2021-06-29,613.921142578125,622.2173979665881,610.4204555395179,619.8675864514507,12225470,ICICIBANK.NS
2021-06-30,605.0973510742188,614.5924238028518,604.0423039673072,612.1946692947736,14276494,ICICIBANK.NS
2021-07-01,605.04931640625,611.3314797085528,604.282046712977,608.022566958705,10517081,ICICIBANK.NS
2021-07-02,614.0650024414062,615.1199911346732,606.3921871043797,606.3921871043797,10999396,ICICIBANK.NS
2021-07-05,621.3540649414062,621.9775045141616,614.976073225874,616.4626692775288,7358568,ICICIBANK.NS
2021-07-06,623.7039184570312,628.2117088389289,618.8125224602701,618.8125224602701,9209891,ICICIBANK.NS
2021-07-07,627.2525634765625,627.9718898108246,619.4838624821024,624.2793713771832,7741559,ICICIBANK.NS
2021-07-08,615.6474609375,627.2525691530482,612.002827313114,623.8957128961129,10782941,ICICIBANK.NS
2021-07-09,612.4344482421875,614.9281480681834,607.8787146508283,613.3456066682451,7069698,ICICIBANK.NS
2021-07-12,619.819580078125,623.6559875370225,616.1270613145091,619.5798046119439,6992783,ICICIBANK.NS
2021-07-13,637.7547607421875,639.09746815383,626.2934823963672,628.3555747049742,19825411,ICICIBANK.NS
2021-07-14,637.1793212890625,640.6800666255692,631.2808797511246,634.9254552486929,11648541,ICICIBANK.NS
2021-07-15,640.152587890625,642.2146218942291,634.0622555783191,637.8986632563945,8244429,ICICIBANK.NS
2021-07-16,633.2950439453125,640.4403656101135,630.8014021409917,640.1526467156059,9212875,ICICIBANK.NS
2021-07-19,629.074951171875,630.0340530589863,619.1482115169129,619.2441568289842,9121737,ICICIBANK.NS
2021-07-20,615.6474609375,624.6150392368847,612.9619291008098,622.1213980044466,13169127,ICICIBANK.NS
2021-07-22,629.1228637695312,633.2949333587133,621.7857112766325,625.8139507131468,13123569,ICICIBANK.NS
2021-07-23,648.976318359375,650.127193798135,624.1355559516423,629.1228974956928,19298083,ICICIBANK.NS
2021-07-26,649.0722045898438,659.6223253884965,636.4599913104262,652.1892857349003,31054759,ICICIBANK.NS
2021-07-27,649.7435302734375,657.5601748700745,645.7632343624089,652.3331168577857,12598869,ICICIBANK.NS
2021-07-28,657.03271484375,658.9029751710174,642.646187001588,650.1751716956785,18367497,ICICIBANK.NS
2021-07-29,661.313232421875,666.122783203125,657.0808042502404,666.122783203125,11043138,ICICIBANK.NS
2021-07-30,656.5037231445312,661.4575842465346,652.1751271677541,660.8323191213084,14536250,ICICIBANK.NS
2021-08-02,655.445556640625,661.8422234917526,651.886477577339,657.9945831444882,9348206,ICICIBANK.NS
2021-08-03,664.1027221679688,665.5455872433247,650.8764589772059,656.9845643120806,10162609,ICICIBANK.NS
2021-08-04,687.4291381835938,690.0743911961503,666.7961529435853,667.565669350625,28730606,ICICIBANK.NS
2021-08-05,675.6937255859375,689.2085500307978,672.4232079355742,688.2466399819062,17774554,ICICIBANK.NS
2021-08-06,671.0765991210938,679.1085249046,669.2008626997581,678.1946985751973,14701949,ICICIBANK.NS
2021-08-09,676.0785522460938,679.3971541372249,667.9023156469517,670.8361886890324,8602980,ICICIBANK.NS
2021-08-10,674.202880859375,681.3209810941171,670.7399689224412,677.2809465228639,10843554,ICICIBANK.NS
2021-08-11,667.1327514648438,680.2147643128654,663.7179822835677,679.3490217214053,9748084,ICICIBANK.NS
2021-08-12,674.6356201171875,676.1747114919038,666.89225561203,667.0846493726611,8840339,ICICIBANK.NS
2021-08-13,677.9542846679688,682.8600618233589,674.2990377177008,680.1185825779042,12787590,ICICIBANK.NS
2021-08-16,675.88623046875,680.4553039522438,672.0385896405447,675.6457529169871,7920846,ICICIBANK.NS
2021-08-17,674.4913940429688,676.1266530039627,665.1608540517307,673.144696378542,8669653,ICICIBANK.NS
2021-08-18,662.0827026367188,674.1546625137918,657.5617134755323,674.1546625137918,11069373,ICICIBANK.NS
2021-08-20,654.7722778320312,658.3313572757779,649.6260230912382,657.8022597032034,13121808,ICICIBANK.NS
2021-08-23,656.696044921875,663.669893230874,648.1831052081379,663.669893230874,10917371,ICICIBANK.NS
2021-08-24,667.99853515625,670.6918719138004,654.4837088913059,657.2251294157104,9821388,ICICIBANK.NS
2021-08-25,664.7279663085938,673.7699447795968,660.976552125348,673.2889897271037,9535359,ICICIBANK.NS
2021-08-26,672.1828002929688,674.8280532023797,663.7180027249211,665.6899067880511,10756731,ICICIBANK.NS
2021-08-27,673.0966186523438,673.7699674905975,662.8041684399942,669.5856231666646,9135827,ICICIBANK.NS
2021-08-30,686.46728515625,687.7658405318581,674.2029292586539,677.6657827338378,10797869,ICICIBANK.NS
2021-08-31,691.6614990234375,692.4791578977184,682.3309585915356,686.803864385746,19760246,ICICIBANK.NS
2021-09-01,692.4791870117188,706.8116139838213,689.8820176900919,699.8858486962628,13729351,ICICIBANK.NS
2021-09-02,697.5291748046875,700.3186790376726,690.1705386092486,694.7876956272153,8627956,ICICIBANK.NS
2021-09-03,696.7114868164062,703.9258127023493,693.633362696337,697.1443581116297,8993813,ICICIBANK.NS
2021-09-06,693.6815185546875,700.2705795068472,692.5752984133653,697.7696366355998,5329995,ICICIBANK.NS
2021-09-07,689.5934448242188,694.9320346841002,684.5434162818343,693.4410856184164,6242711,ICICIBANK.NS
2021-09-08,693.4891357421875,695.2205622735098,687.7657585964158,689.2086238242405,7118011,ICICIBANK.NS
2021-09-09,692.8158569335938,696.3268528270436,690.2667712892708,693.3448958285451,6243422,ICICIBANK.NS
2021-09-13,680.4552001953125,690.5552558292783,678.3389863204154,690.5552558292783,6967906,ICICIBANK.NS
2021-09-14,680.5032958984375,686.8037951624129,679.5894695829758,686.0823626044692,5241865,ICICIBANK.NS
2021-09-15,687.1404418945312,688.727617010042,679.3970774956327,680.1665938172648,5936741,ICICIBANK.NS
2021-09-16,699.5010375976562,701.6172515631584,685.6975924140474,692.5752731243462,13557169,ICICIBANK.NS
2021-09-17,692.7196044921875,706.4268238622698,686.8038337009652,704.983958665419,17075003,ICICIBANK.NS
2021-09-20,682.9561767578125,692.9600653662858,679.589491379429,682.9561767578125,7943459,ICICIBANK.NS
2021-09-21,684.7356567382812,687.284741896347,667.950373061212,684.0623666606016,10009615,ICICIBANK.NS
2021-09-22,676.5594482421875,687.7657244392116,675.5013706117991,687.7657244392116,9740470,ICICIBANK.NS
2021-09-23,689.6895751953125,692.5753056354603,680.2147837342951,683.918114315017,10412491,ICICIBANK.NS
2021-09-24,695.4129638671875,697.0000804094428,689.2567153417624,695.0762600840396,11780868,ICICIBANK.NS
2021-09-27,702.1944580078125,703.8778008865983,694.7877375990867,696.9039518173427,7712240,ICICIBANK.NS
2021-09-28,689.8338623046875,707.3887218995771,679.6856636254017,706.1381917820847,13491800,ICICIBANK.NS
2021-09-29,682.4752197265625,684.8319112266702,674.5875451208484,680.4070895159849,11453404,ICICIBANK.NS
2021-09-30,674.1547241210938,686.7076989002342,672.1828200001511,682.5714381705277,18487517,ICICIBANK.NS
2021-10-01,665.9783935546875,668.383168657738,661.6979408395213,666.6036585656125,10935810,ICICIBANK.NS
2021-10-04,673.529541015625,676.5595229519627,667.6137697379552,670.4995003689473,8976533,ICICIBANK.NS
2021-10-05,670.5475463867188,672.3751991675894,665.4975180667906,666.6037382305285,7497208,ICICIBANK.NS
2021-10-06,663.2371215820312,678.1467305516056,662.1309013033774,670.0666609162153,13200810,ICICIBANK.NS
2021-10-07,675.4533081054688,678.0985609750206,667.0365944296218,670.9804024964559,10041549,ICICIBANK.NS
2021-10-08,676.6076049804688,682.9561883173127,671.7018281198759,679.1085478197504,9383924,ICICIBANK.NS
2021-10-11,686.1304931640625,691.998180261745,673.625661306808,675.2609202917469,9337637,ICICIBANK.NS
2021-10-12,681.6094970703125,685.8419251415755,677.5695214781396,679.589509274226,7376091,ICICIBANK.NS
2021-10-13,682.9081420898438,688.6315193866254,680.984321735318,686.6595565549661,6357766,ICICIBANK.NS
2021-10-14,699.5972290039062,702.0020043398955,682.0423690511852,683.1966729545271,8950350,ICICIBANK.NS
2021-10-18,717.0559692382812,720.374571165287,704.1663490938071,710.8516367156774,15345601,ICICIBANK.NS
2021-10-19,718.979736328125,726.2421460465233,710.6111064792967,726.2421460465233,11349799,ICICIBANK.NS
2021-10-20,717.440673828125,728.5988669799453,713.6411756406886,718.3064164616612,12762996,ICICIBANK.NS
2021-10-21,726.7230834960938,730.9073689639233,709.3125340996456,720.3745002944903,12166996,ICICIBANK.NS
2021-10-22,730.37841796875,736.6789181647905,724.6550404203084,729.6089015351713,13248928,ICICIBANK.NS
2021-10-25,809.6398315429688,833.9761479949875,767.9891313955522,769.5281642398962,96124084,ICICIBANK.NS
2021-10-26,797.8082275390625,809.6397095393108,791.0267146453249,797.1348787547508,16925115,ICICIBANK.NS
2021-10-27,803.1950073242188,816.6617499619902,792.8063890314344,797.1830686466423,22898400,ICICIBANK.NS
2021-10-28,768.2776489257812,800.2611614290471,765.9209573150523,798.4815924244681,18750423,ICICIBANK.NS
2021-10-29,771.5,777.9448095460341,754.0413665482897,767.6042757560868,15701200,ICICIBANK.NS
2021-11-01,773.279541015625,778.8586077680014,762.7946976022804,776.9347875975039,11406421,ICICIBANK.NS
2021-11-02,770.44189453125,779.1471690607887,767.6042480376659,778.1852589755284,9452457,ICICIBANK.NS
2021-11-03,756.0133056640625,775.2995927236186,750.7227997583802,775.2995927236186,11839149,ICICIBANK.NS
2021-11-04,752.3099365234375,758.9471403221777,749.3280384169536,758.4661852269164,3149310,ICICIBANK.NS
2021-11-08,750.4342041015625,762.7947256676549,743.7008332570813,762.7947256676549,13967995,ICICIBANK.NS
2021-11-09,756.5903930664062,758.5622970701373,749.5203771692645,754.1375340027245,10084357,ICICIBANK.NS
2021-11-10,751.1556396484375,754.4260988452852,743.6526937096465,752.7427561275397,9507347,ICICIBANK.NS
2021-11-11,742.0656127929688,747.4042024973106,736.9193581544616,747.1156411882208,9221059,ICICIBANK.NS
2021-11-12,747.0194091796875,750.1937596861887,741.8251295251473,743.267994769798,15380106,ICICIBANK.NS
2021-11-15,743.8451538085938,754.6666436733875,742.161810940737,747.4042333284161,10934583,ICICIBANK.NS
2021-11-16,734.9473876953125,746.2017474164606,732.9754837658305,743.8450559693728,12785837,ICICIBANK.NS
2021-11-17,732.3021850585938,742.5465516347117,727.4926343111837,731.9174562250028,11657214,ICICIBANK.NS
2021-11-18,733.8412475585938,738.2660105874271,727.588831833749,735.7650677816229,20644385,ICICIBANK.NS
2021-11-22,723.3564453125,741.1036996290563,712.0540008544922,739.0355692866476,20403786,ICICIBANK.NS
2021-11-23,723.2120971679688,729.0797841012621,703.3486885004858,712.7273121306753,24913042,ICICIBANK.NS
2021-11-24,731.2440795898438,742.8350847085579,718.2582930653174,721.6730622241446,23186419,ICICIBANK.NS
2021-11-25,722.442626953125,726.1941001289069,716.9116434333895,726.1460163621073,17749726,ICICIBANK.NS
2021-11-26,694.6915893554688,713.7854841981472,691.2286772538713,710.8516696985639,18987552,ICICIBANK.NS
2021-11-29,691.0362548828125,700.0300910361755,683.4371414375852,699.068180914518,15878074,ICICIBANK.NS
2021-11-30,687.1404418945312,704.4067395658299,684.0142341357566,689.4490495697592,23965914,ICICIBANK.NS
2021-12-01,699.9819946289062,704.8396289134694,687.7657245624437,689.1124221925735,15214913,ICICIBANK.NS
2021-12-02,694.8839111328125,699.4048418388916,687.958146357702,697.000066480196,21924640,ICICIBANK.NS
2021-12-03,689.0162353515625,701.713461196151,687.8619314183568,693.0562697626139,20130259,ICICIBANK.NS
2021-12-06,682.5233154296875,699.1162650367804,680.5514114213463,691.613377826075,20129080,ICICIBANK.NS
2021-12-07,706.6672973632812,712.7273194134128,684.8800095310052,689.6895601597341,30513303,ICICIBANK.NS
2021-12-08,724.703125,729.8974045444193,715.7573137045512,719.4126192151085,33432411,ICICIBANK.NS
2021-12-09,726.2421875,733.9374689569537,719.8936037821486,730.1379119955152,16007459,ICICIBANK.NS
2021-12-10,729.1278686523438,730.8592951207969,722.4425815974355,727.6850034769103,7627774,ICICIBANK.NS
2021-12-13,725.2802734375,740.3822749580407,723.8374081720408,733.9374650302553,16855546,ICICIBANK.NS
2021-12-14,729.753173828125,735.2360148279045,717.873548004482,722.4426213111899,17488089,ICICIBANK.NS
2021-12-15,723.5968627929688,730.5707109222462,722.2983076599259,728.7430582731992,7358740,ICICIBANK.NS
2021-12-16,712.9197387695312,729.0317339540828,710.803524674866,729.0317339540828,14123215,ICICIBANK.NS
2021-12-17,700.55908203125,713.7372615403001,698.3947844052855,713.7372615403001,13227787,ICICIBANK.NS
2021-12-20,682.9081420898438,692.7677214067882,671.605697507005,690.7476748083334,16900016,ICICIBANK.NS
2021-12-21,692.9119262695312,701.18438846579,688.8719507640491,692.5752812141857,14563335,ICICIBANK.NS
2021-12-22,704.8878173828125,706.955947898361,692.6234617314175,698.587317005929,9843359,ICICIBANK.NS
2021-12-23,703.4448852539062,711.3325602742,700.2225097158387,710.8996889619862,9994049,ICICIBANK.NS
2021-12-24,699.4048461914062,705.945882176033,692.1905200704235,705.945882176033,8800690,ICICIBANK.NS
2021-12-27,707.9658203125,710.6110730378524,688.8237861976352,696.422899329144,7955163,ICICIBANK.NS
2021-12-28,707.7734375,714.1701631280035,704.599145922552,712.1982591715838,17833655,ICICIBANK.NS
2021-12-29,707.67724609375,716.5749141891056,704.0219995912378,709.8896274997181,7143073,ICICIBANK.NS
2021-12-30,707.67724609375,712.294402660625,701.2324369204533,705.368638455147,14326182,ICICIBANK.NS
2021-12-31,711.9578247070312,717.8254531683938,708.4949129228311,708.4949129228311,6973055,ICICIBANK.NS
2022-01-03,735.5726318359375,736.8231031671315,714.6991718709905,714.7472556317421,9653095,ICICIBANK.NS
2022-01-04,743.4122314453125,748.3660921719735,734.5145626116483,738.6989069650325,12114437,ICICIBANK.NS
2022-01-05,758.033203125,765.5360897725833,741.8250422673898,743.5564686152428,19741360,ICICIBANK.NS
2022-01-06,755.1474609375,762.3137024374956,744.5183667969989,745.5283605912855,13018067,ICICIBANK.NS
2022-01-07,763.0352172851562,771.7404922956018,756.301846316362,762.0252233819042,12250210,ICICIBANK.NS
2022-01-10,779.8687133789062,781.8406175941946,768.5662682574729,769.7686560363487,10905080,ICICIBANK.NS
2022-01-11,779.7725219726562,783.6682465149016,771.3558077781524,778.9067793142289,9982061,ICICIBANK.NS
2022-01-12,792.3734741210938,794.008733093517,781.1191137936345,787.419613439116,13034848,ICICIBANK.NS
2022-01-13,793.287353515625,796.4616454328911,786.2654207991662,789.7282740343039,9372244,ICICIBANK.NS
2022-01-14,788.7664184570312,790.6902389898532,780.6863487350414,789.7283287234422,7552844,ICICIBANK.NS
2022-01-17,788.0928955078125,797.3272672525007,783.523822751268,788.7662442876851,6722700,ICICIBANK.NS
2022-01-18,791.7481689453125,804.1568325489204,787.034844746285,789.7281812472054,10835146,ICICIBANK.NS
2022-01-19,777.800537109375,789.7282466575213,772.6543412029889,784.9186958252586,16416144,ICICIBANK.NS
2022-01-20,779.3876953125,781.9848644471543,765.1033531374051,772.4138467583308,13567654,ICICIBANK.NS
2022-01-21,773.856689453125,780.4457502732224,765.1994983964711,772.413824277016,12078277,ICICIBANK.NS
2022-01-24,768.0371704101562,785.5920306339557,753.4642081648951,782.032951339666,29612316,ICICIBANK.NS
2022-01-25,771.1152954101562,773.6643220820446,756.1094618404804,758.9471085257047,19513184,ICICIBANK.NS
2022-01-27,764.3818969726562,770.9709577814772,751.2998841721226,756.9270935755179,23984679,ICICIBANK.NS
2022-01-28,751.3961181640625,775.1552513002487,748.8470328468596,773.1352635204412,14072314,ICICIBANK.NS
2022-01-31,758.7546997070312,768.2776334895249,754.1375428195905,758.8990097108374,14824509,ICICIBANK.NS
2022-02-01,779.435791015625,781.8886501819028,759.2356776527822,771.5000321945082,20031583,ICICIBANK.NS
2022-02-02,782.7543334960938,787.5158001700258,778.0409505844574,783.9567211051507,11214375,ICICIBANK.NS
2022-02-03,778.1372680664062,787.2273311988753,775.2996212342132,783.042986602487,9755335,ICICIBANK.NS
2022-02-04,774.3857421875,781.0710293656399,765.4880734416475,778.954815327262,10314067,ICICIBANK.NS
2022-02-07,756.4461669921875,774.3376723346677,751.684699997876,767.6523850364191,14659368,ICICIBANK.NS
2022-02-08,762.3137817382812,765.3919059113421,744.8070055449376,759.9090064015675,14642455,ICICIBANK.NS
2022-02-09,772.2214965820312,773.616278113673,763.9490923486941,766.88290671573,8855292,ICICIBANK.NS
2022-02-10,774.8186645507812,777.9929564623666,765.9690789864078,775.2515358819836,13159771,ICICIBANK.NS
2022-02-11,760.6785278320312,767.0271699894278,757.8890236490712,766.4980724435595,13138408,ICICIBANK.NS
2022-02-14,724.9916381835938,744.4703172806362,722.5387792245511,742.5945808847806,16170656,ICICIBANK.NS
2022-02-15,746.4903564453125,748.3660929705321,714.8916316594186,724.2702555751805,18880659,ICICIBANK.NS
2022-02-16,734.9473876953125,747.9331738250221,731.4364511160719,746.153663654343,10549784,ICICIBANK.NS
2022-02-17,721.769287109375,738.0255927938574,717.8735625844956,737.3041601518302,16683808,ICICIBANK.NS
2022-02-18,720.3744506835938,727.9735047548667,717.1520168312535,718.4024881381384,8945567,ICICIBANK.NS
2022-02-21,725.7130737304688,733.8412256724185,711.8134612915603,717.8253993092255,10967164,ICICIBANK.NS
2022-02-22,722.68310546875,730.8112582203097,709.6492342902711,710.2744993905211,13156371,ICICIBANK.NS
2022-02-23,716.23828125,727.588868099901,714.4106871732275,725.857382844603,11624282,ICICIBANK.NS
2022-02-24,680.4552001953125,699.4047814164884,675.5494236611878,685.7457055273899,28023104,ICICIBANK.NS
2022-02-25,702.2424926757812,711.1401615558102,692.8157849557639,697.336774399035,16935750,ICICIBANK.NS
2022-02-28,714.4105834960938,716.3824872947521,688.1504516958341,695.4128606037522,20547432,ICICIBANK.NS
2022-03-02,687.6213989257812,697.3367259843092,680.7918608248118,689.689529087093,25252492,ICICIBANK.NS
2022-03-03,671.7018432617188,694.4510417005139,667.0366025373921,690.2666973388883,23190595,ICICIBANK.NS
2022-03-04,661.84228515625,679.637623420357,658.908470860181,664.6799319188103,18697223,ICICIBANK.NS
2022-03-07,628.8487548828125,641.5940642551984,617.690620727726,638.2273787606059,27799873,ICICIBANK.NS
2022-03-08,639.6702270507812,643.950738808451,618.5082045017328,618.7967657944257,26716975,ICICIBANK.NS
2022-03-09,642.0269775390625,648.8084327366437,632.9369143672521,639.3817244774972,33728639,ICICIBANK.NS
2022-03-10,650.8284301757812,674.2990629849278,647.9908420002512,667.5176076884171,35959638,ICICIBANK.NS
2022-03-11,652.0789184570312,658.6198957779757,645.0569273475875,648.9527104489741,20546724,ICICIBANK.NS
2022-03-14,669.6337280273438,671.8461094770455,651.4536039673771,652.2712040541151,24648981,ICICIBANK.NS
2022-03-15,670.7879638671875,681.128497120255,661.7941281963264,674.7799141420392,27714580,ICICIBANK.NS
2022-03-16,681.0324096679688,684.3029277748034,674.5395159317275,679.9743319506425,14621688,ICICIBANK.NS
2022-03-17,692.6714477539062,697.3848307840285,688.9200335455442,690.4590662396927,18329844,ICICIBANK.NS
2022-03-21,683.6776123046875,695.3648436530518,678.6275842152052,693.5371909555818,12866839,ICICIBANK.NS
2022-03-22,690.8438720703125,693.5372087115915,672.8561407680419,681.657642004896,11761758,ICICIBANK.NS
2022-03-23,690.9400634765625,699.1162999228361,687.0443390295231,697.384873358634,7140403,ICICIBANK.NS
2022-03-24,677.3771362304688,685.5533724675483,671.4132815860612,675.6937934757759,17727969,ICICIBANK.NS
2022-03-25,672.6156616210938,679.2047225589896,670.1147187552602,678.1466448950605,15263007,ICICIBANK.NS
2022-03-28,683.2928466796875,686.226719584466,669.1528145441226,675.2609204687872,13806166,ICICIBANK.NS
2022-03-29,688.0543212890625,689.6414965270086,678.9642585933475,687.0924111352373,11489374,ICICIBANK.NS
2022-03-30,703.0601806640625,703.8777808406234,691.7095934649486,693.5853300756726,20154520,ICICIBANK.NS
2022-03-31,702.4829711914062,711.7173438627146,700.0781958150764,711.7173438627146,16046383,ICICIBANK.NS
2022-04-01,708.206298828125,710.1782027568194,695.5571577486239,697.3848103910229,12658848,ICICIBANK.NS
2022-04-04,718.1620483398438,721.2401723640381,697.3848139196131,713.7372854184179,17192197,ICICIBANK.NS
2022-04-05,713.5448608398438,726.6749564603239,709.8896144047578,718.3544110729383,12290391,ICICIBANK.NS
2022-04-06,713.3525390625,716.526889504884,704.2143926976227,704.4067864684241,13518142,ICICIBANK.NS
2022-04-07,720.037841796875,728.9355108172948,709.0239586727745,709.0239586727745,15087175,ICICIBANK.NS
2022-04-08,725.56884765625,727.2041067282622,715.2763968374726,721.2883355505039,15480705,ICICIBANK.NS
2022-04-11,730.6669921875,736.2942022974321,723.0198527753237,723.6450592028662,13216391,ICICIBANK.NS
2022-04-12,734.7550048828125,739.6126978460428,721.673051033974,728.1659441955593,14020000,ICICIBANK.NS
2022-04-13,733.216064453125,743.1237279670322,731.7251153557017,740.2860810788353,16119956,ICICIBANK.NS
2022-04-18,728.9354858398438,733.8412627362319,720.6630821938585,722.3945086883281,17651530,ICICIBANK.NS
2022-04-19,737.1117553710938,748.2699486274579,728.166002485532,732.7831595835312,31088359,ICICIBANK.NS
2022-04-20,726.7711791992188,740.670792170988,725.0878364897393,737.5926680458729,15984202,ICICIBANK.NS
2022-04-21,733.3121337890625,735.0917026821545,722.5868715093972,730.1378422334291,8953098,ICICIBANK.NS
2022-04-22,719.172119140625,729.9454654330449,717.4887764436427,728.16595520894,14411607,ICICIBANK.NS
2022-04-25,723.548828125,733.1679296456452,715.6611531360037,719.1721486751737,35417460,ICICIBANK.NS
2022-04-26,725.0397338867188,739.2759915463416,723.0197461719636,738.7469527363183,18727514,ICICIBANK.NS
2022-04-27,708.6392211914062,721.432614479441,704.6472705738188,720.4707043268018,21441480,ICICIBANK.NS
2022-04-28,718.691162109375,723.2602351314856,706.6672857353999,710.947738756268,18649559,ICICIBANK.NS
2022-04-29,714.98779296875,731.0036202312174,711.909668788805,721.5287701571733,19560317,ICICIBANK.NS
2022-05-02,712.7754516601562,715.4687884533765,703.2525172833952,704.1182599395875,10903446,ICICIBANK.NS
2022-05-04,696.6634521484375,718.546908877988,693.6815540562385,717.7773924713242,12212165,ICICIBANK.NS
2022-05-05,701.0401000976562,714.6992358629452,698.8277185120185,702.9639203826171,9121547,ICICIBANK.NS
2022-05-06,691.8538208007812,695.460983578679,683.2447138954657,688.968090578463,12455025,ICICIBANK.NS
2022-05-09,683.2928466796875,692.5753030449099,677.6176120614932,678.4352121990091,13055889,ICICIBANK.NS
2022-05-10,684.2066650390625,692.5752949281784,678.146642950508,678.146642950508,12797419,ICICIBANK.NS
2022-05-11,686.9962158203125,692.3828889797495,680.2147612521699,690.6514625149543,13516852,ICICIBANK.NS
2022-05-12,669.2970581054688,683.6295425564442,666.8922827754618,680.5995021565014,16685166,ICICIBANK.NS
2022-05-13,651.5498657226562,675.6457637644213,649.28940018393,675.6457637644213,15717043,ICICIBANK.NS
2022-05-16,656.984619140625,664.6318164202733,650.0107706944032,650.9245970604578,9025623,ICICIBANK.NS
2022-05-17,682.9561767578125,684.8799969740317,659.0527340554225,659.9665016898597,12765052,ICICIBANK.NS
2022-05-18,680.4071044921875,689.6895606969994,679.2047168340687,685.2166551246631,11835013,ICICIBANK.NS
2022-05-19,664.006591796875,672.0866608694896,659.4856021660154,666.6999285843003,16661023,ICICIBANK.NS
2022-05-20,682.5233154296875,684.7838394429415,667.2770634777389,668.3351411279704,11695528,ICICIBANK.NS
2022-05-23,683.9661865234375,698.2986709514657,680.5033335379057,682.5233213277435,17438451,ICICIBANK.NS
2022-05-24,681.1766967773438,690.0262231964891,679.1566502344494,683.966200988479,13779981,ICICIBANK.NS
2022-05-25,686.1785888671875,693.3929150641945,684.4952460878859,684.9281174017736,10457589,ICICIBANK.NS
2022-05-26,700.7515258789062,705.0801214402721,688.198610493012,695.4610201927924,14028733,ICICIBANK.NS
2022-05-27,711.6211547851562,712.9678525503654,703.3968343106686,705.6092160303642,8110620,ICICIBANK.NS
2022-05-30,719.9898071289062,723.3084091643542,715.9497724209845,720.2302846863976,7628515,ICICIBANK.NS
2022-05-31,724.1740112304688,727.8774004231318,712.2944447182881,712.7753997788676,20272212,ICICIBANK.NS
2022-06-01,723.9817504882812,726.8193386686997,715.8535973880984,719.5088444816322,10102092,ICICIBANK.NS
2022-06-02,721.1920776367188,723.115897783799,714.8915783970972,722.4425489902546,10949759,ICICIBANK.NS
2022-06-03,715.94970703125,728.1659775781285,712.9678090748398,727.3483774414684,8563791,ICICIBANK.NS
2022-06-06,718.306396484375,722.346430811289,711.4287155046086,712.0058968143595,9107831,ICICIBANK.NS
2022-06-07,707.2444458007812,714.6511657817688,704.4548828500401,712.7754292259489,9938912,ICICIBANK.NS
2022-06-08,701.7134399414062,712.7754064380837,698.7796257865284,708.5429783813079,9369224,ICICIBANK.NS
2022-06-09,704.839599609375,706.1381547120357,694.6433764120208,697.3847966111182,7444368,ICICIBANK.NS
2022-06-10,692.5753173828125,700.559159993908,690.6514970567491,697.144390657213,7990818,ICICIBANK.NS
2022-06-13,661.7941284179688,675.5494306822643,656.1188355186239,675.5013469208119,16622521,ICICIBANK.NS
2022-06-14,659.3894653320312,668.1909674562671,654.7242241817981,656.4075670911068,13348598,ICICIBANK.NS
2022-06-15,661.07275390625,669.8261128310595,659.966533744062,661.3132314449573,9199591,ICICIBANK.NS
2022-06-16,652.6561279296875,673.3852828153043,650.5399135620544,673.3371990431558,13237239,ICICIBANK.NS
2022-06-17,660.6879272460938,666.2670527820757,644.4316818180885,645.6821532032684,16335613,ICICIBANK.NS
2022-06-20,659.8223266601562,661.601837081696,651.7903411029278,659.8704104290523,10981042,ICICIBANK.NS
2022-06-21,669.5856323242188,681.0323866000778,662.3713061949807,664.2470427306498,13319648,ICICIBANK.NS
2022-06-22,660.447509765625,672.2790520134938,659.0046444876252,667.8061461675592,6838249,ICICIBANK.NS
2022-06-23,672.5194702148438,679.1085309188036,660.8322390102239,663.9103630737355,14960412,ICICIBANK.NS
2022-06-24,686.2747802734375,688.0062067307631,679.6375770249666,683.8219212330318,10856736,ICICIBANK.NS
2022-06-27,690.0261840820312,701.0881501892466,688.8237964616818,701.0881501892466,8285225,ICICIBANK.NS
2022-06-28,683.2447509765625,689.9781218607387,680.0704593018035,683.9661835712957,8339931,ICICIBANK.NS
2022-06-29,675.9823608398438,679.7819176908649,674.250934304413,678.0985749210753,9570557,ICICIBANK.NS
2022-06-30,680.2628784179688,684.7838679221638,674.4914174450397,675.9823664543122,11970404,ICICIBANK.NS
2022-07-01,677.0885620117188,679.8299823900704,667.6617957970091,676.6556907124173,9884899,ICICIBANK.NS
2022-07-04,692.6714477539062,693.6333578653325,678.002318554656,678.002318554656,8303732,ICICIBANK.NS
2022-07-05,692.0462646484375,704.2625352158726,690.7476507282008,695.5091176817302,11460367,ICICIBANK.NS
2022-07-06,698.2986450195312,704.0220218253087,694.4990884032364,695.4609984979778,12163533,ICICIBANK.NS
2022-07-07,713.7373657226562,715.6611861154397,705.0801739551308,707.9178207765542,10374018,ICICIBANK.NS
2022-07-08,726.91552734375,728.6469539079985,716.1902054621572,722.6830991108424,9797700,ICICIBANK.NS
2022-07-11,740.1898193359375,742.1617232919068,726.2421229351953,726.2421229351953,12440573,ICICIBANK.NS
2022-07-12,730.9554443359375,738.2178532116258,728.8392305595595,736.1978069526762,10219829,ICICIBANK.NS
2022-07-13,724.5107421875,735.6207927617427,721.3364504106216,735.6207927617427,8674121,ICICIBANK.NS
2022-07-14,723.7412109375,730.5707494296004,720.2782992163064,721.432603123371,7044542,ICICIBANK.NS
2022-07-15,722.5869750976562,730.0898631348393,715.8536035008922,724.5588793232117,6358018,ICICIBANK.NS
2022-07-18,742.5946044921875,743.7008246021837,728.9835529593954,730.3302505967531,8045363,ICICIBANK.NS
2022-07-19,750.9151611328125,752.2137163149513,737.9293744700864,738.5545808239427,12825591,ICICIBANK.NS
2022-07-20,753.2717895507812,759.4761215508933,750.5784529637742,759.4280377870839,8152179,ICICIBANK.NS
2022-07-21,756.0613403320312,758.8989868755986,750.3860472448966,755.0032627037406,8312338,ICICIBANK.NS
2022-07-22,769.576171875,773.2795610252372,759.0432444269062,759.0432444269062,12267898,ICICIBANK.NS
2022-07-25,770.393798828125,786.6500437908554,766.7384935925267,772.4137864917292,21034148,ICICIBANK.NS
2022-07-26,765.968994140625,772.2214097355484,761.4961474412256,771.0671058836498,7374145,ICICIBANK.NS
2022-07-27,770.0090942382812,773.1833860702128,764.3819432048724,764.718588281616,9536564,ICICIBANK.NS
2022-07-28,783.5719604492188,784.4377030415528,774.6262080732151,776.2133832557163,11124518,ICICIBANK.NS
2022-07-29,787.4196166992188,792.0368323370208,777.2233927048,789.3915794534339,11095993,ICICIBANK.NS
2022-08-01,792.0368041992188,793.5758368835868,786.1691173306066,789.4396351728058,7974903,ICICIBANK.NS
2022-08-02,786.60205078125,790.6901690518954,781.2634610169454,788.7663486892387,11106772,ICICIBANK.NS
2022-08-03,793.3834838867188,796.4616081239511,780.638174336426,786.6020290378756,11073975,ICICIBANK.NS
2022-08-04,789.0067749023438,798.3373147962578,777.560021005119,792.6139378476455,11113742,ICICIBANK.NS
2022-08-05,806.2730712890625,808.8702403453466,791.748193305573,791.748193305573,16056522,ICICIBANK.NS
2022-08-08,809.9019165039062,815.0789944859878,804.2893695647675,809.5631921761261,12142951,ICICIBANK.NS
2022-08-10,821.3204956054688,825.4331460989276,814.9338149348046,814.9338149348046,23658553,ICICIBANK.NS
2022-08-11,831.9166259765625,838.4968549181506,830.3682985968268,832.2552912138466,22787391,ICICIBANK.NS
2022-08-12,846.1416015625,848.899473062235,830.7554261885765,836.0293076257171,10792853,ICICIBANK.NS
2022-08-16,850.8348999023438,855.9152333962162,848.0770282021615,852.9638133694502,13804836,ICICIBANK.NS
2022-08-17,854.7056274414062,856.8829132175096,850.0123906157576,853.3024759064973,9058040,ICICIBANK.NS
2022-08-18,856.4957275390625,858.9633650789451,846.7705305625299,852.0927841286835,13137856,ICICIBANK.NS
2022-08-19,842.2708740234375,858.237635318903,836.3679753190374,856.3990149386066,10787199,ICICIBANK.NS
2022-08-22,824.7073974609375,839.3678107269875,822.1430152518094,837.577562692972,13848023,ICICIBANK.NS
2022-08-23,835.98095703125,839.9484317589669,815.5628203147241,818.0303989411165,13254855,ICICIBANK.NS
2022-08-24,845.0771484375,847.0608858274338,829.3523071984492,829.3523071984492,10494109,ICICIBANK.NS
2022-08-25,844.1578369140625,852.9637834319626,838.6904660215745,845.0771471360761,9827829,ICICIBANK.NS
2022-08-26,842.706298828125,849.1414112105084,839.2710376950179,845.8996983939115,5976725,ICICIBANK.NS
2022-08-29,828.1911010742188,833.1746899177208,819.6271339840993,822.578553999964,7755134,ICICIBANK.NS
2022-08-30,858.6246948242188,861.9632113565701,831.3360357366329,832.6908149001724,12544701,ICICIBANK.NS
2022-09-01,846.0931396484375,857.0763710637874,835.109967295738,835.109967295738,15877583,ICICIBANK.NS
2022-09-02,844.206298828125,852.8186382751104,838.9807893180364,845.8513119492113,8401284,ICICIBANK.NS
2022-09-05,853.9314575195312,857.2699740492576,843.3836943531853,843.3836943531853,8744999,ICICIBANK.NS
2022-09-06,855.0927124023438,861.1891006795504,849.7220269779261,853.9798538402657,9879326,ICICIBANK.NS
2022-09-07,847.8834838867188,854.1250483069637,844.303046547282,850.1575143125283,8814960,ICICIBANK.NS
2022-09-08,869.7530517578125,871.6884168302877,856.8828858383836,856.8828858383836,12163106,ICICIBANK.NS
2022-09-09,872.1239013671875,882.4781165024692,868.688640114694,880.7362997186498,9936230,ICICIBANK.NS
2022-09-12,877.881591796875,879.5266638893588,873.623765094288,875.8010507589318,6016978,ICICIBANK.NS
2022-09-13,880.5911254882812,884.4134833949648,876.0430056649864,884.4134833949648,10400475,ICICIBANK.NS
2022-09-14,888.4292602539062,892.4451661664057,869.0272383644723,869.2207866727828,14712947,ICICIBANK.NS
2022-09-15,887.9454956054688,906.3798956687386,886.1553064901472,890.2679573802188,16253099,ICICIBANK.NS
2022-09-16,879.7201538085938,887.9454552145844,875.9462274246139,885.3327596651574,11966860,ICICIBANK.NS
2022-09-19,870.1400756835938,883.0102405275197,866.4144627928192,875.7042498019863,11235656,ICICIBANK.NS
2022-09-20,887.1229248046875,892.6870991353413,878.0266857521228,879.8169338004462,12090663,ICICIBANK.NS
2022-09-21,885.6714477539062,887.3648922046785,876.3817189633032,882.5264794881863,8917640,ICICIBANK.NS
2022-09-22,874.2044067382812,882.2361597916347,866.3661429375974,876.7203576495209,11125669,ICICIBANK.NS
2022-09-23,853.7379150390625,875.6559480442714,850.351026172373,872.559352125053,15927517,ICICIBANK.NS
2022-09-26,833.2229614257812,849.5284461393312,831.4327725190591,841.8837311623375,14208640,ICICIBANK.NS
2022-09-27,824.9977416992188,846.577050634224,821.175383834994,836.9970288789647,12493809,ICICIBANK.NS
2022-09-28,822.0463256835938,835.3519607373306,816.724071662099,816.724071662099,11411458,ICICIBANK.NS
2022-09-29,816.6273803710938,833.7553153634176,813.9178218057762,830.2716815832371,13803629,ICICIBANK.NS
2022-09-30,834.142333984375,839.0291189080637,810.434112194796,816.6273039608087,13175031,ICICIBANK.NS
2022-10-03,820.9334106445312,833.1262453651974,818.3690875027453,831.9166422617177,8232026,ICICIBANK.NS
2022-10-04,839.6098022460938,844.4482150774257,832.3037516206572,837.0454198204252,8975095,ICICIBANK.NS
2022-10-06,856.8345336914062,862.8825496852432,844.8352463345713,844.8352463345713,12116698,ICICIBANK.NS
2022-10-07,854.0281982421875,855.9151909732008,844.5932936497752,848.851120372951,9705750,ICICIBANK.NS
2022-10-10,853.254150390625,861.0439836709703,842.5612692495802,843.8192448433513,7357588,ICICIBANK.NS
2022-10-11,842.4644165039062,854.7056245622693,837.4808867374292,854.7056245622693,11130051,ICICIBANK.NS
2022-10-12,840.287109375,843.5288813192437,833.6585076058656,839.9000717968735,14557532,ICICIBANK.NS
2022-10-13,826.0137329101562,837.4808056192348,823.0139408776964,834.4809545241243,11563124,ICICIBANK.NS
2022-10-14,842.125732421875,855.2378190572801,840.4806602874627,855.2378190572801,8199540,ICICIBANK.NS
2022-10-17,856.5925903320312,858.8182483462003,840.480652526728,843.819169079309,8936947,ICICIBANK.NS
2022-10-18,867.9144897460938,871.5916715685945,862.3503151667695,867.0919241532964,8097552,ICICIBANK.NS
2022-10-19,863.26953125,871.5432638427761,856.93122271231,870.9626189074545,5529462,ICICIBANK.NS
2022-10-20,859.9310913085938,864.4307795695652,851.6573585482091,860.9471461376742,8107159,ICICIBANK.NS
2022-10-21,877.833251953125,880.591123605288,857.0764493698978,859.3021074302151,17022807,ICICIBANK.NS
2022-10-24,896.3643798828125,903.3317064100225,887.9455294567113,895.1064043163051,4390050,ICICIBANK.NS
2022-10-25,895.1547241210938,912.7665582070067,893.1226144069194,911.6053273434834,15838120,ICICIBANK.NS
2022-10-27,894.5257568359375,903.5251925773455,890.509850700247,896.1223975772693,16080842,ICICIBANK.NS
2022-10-28,878.5106201171875,897.5256067312196,871.8820179674705,888.3326220800642,9854094,ICICIBANK.NS
2022-10-31,879.3331909179688,887.4133170073659,875.3656568181832,883.1071176224569,9000840,ICICIBANK.NS
2022-11-01,879.236328125,891.2356151901904,870.4788129913081,891.2356151901904,9823761,ICICIBANK.NS
2022-11-02,875.46240234375,890.9936952377803,873.1883129460064,890.8485192322834,7690974,ICICIBANK.NS
2022-11-03,879.2847900390625,884.3166921482643,868.059636799892,871.9303670762977,9022366,ICICIBANK.NS
2022-11-04,876.04296875,883.8812325567034,871.1078115500653,877.0106512647051,7099336,ICICIBANK.NS
2022-11-07,887.8486938476562,890.364644722872,874.2527665336913,880.8329957218846,11100219,ICICIBANK.NS
2022-11-09,881.074951171875,892.1065557341796,876.4784591146905,890.2679352862438,11590409,ICICIBANK.NS
2022-11-10,881.2684936523438,883.4457793492138,874.7366365617335,878.2202700516638,10009741,ICICIBANK.NS
2022-11-11,877.2526245117188,898.0094275096842,874.3012044773703,895.9773177319772,17921457,ICICIBANK.NS
2022-11-14,866.0275268554688,877.2526210297223,862.4470895379831,875.7527248604484,12641308,ICICIBANK.NS
2022-11-15,882.2362060546875,884.1231988683949,869.7530773449218,871.4465218331568,15176911,ICICIBANK.NS
2022-11-16,884.0747680664062,888.4293396104207,878.7525139570553,883.0587131853342,13008311,ICICIBANK.NS
2022-11-17,890.0744018554688,892.4936082418244,880.9297899025129,883.4941722971123,12584194,ICICIBANK.NS
2022-11-18,890.6066284179688,892.2033282812789,881.1233510578792,890.0744148177511,10874061,ICICIBANK.NS
2022-11-21,891.6226806640625,894.9127657321499,884.5101788391943,884.5101788391943,9245704,ICICIBANK.NS
2022-11-22,893.848388671875,896.5578880157866,890.6550480500273,893.8967609871374,11256509,ICICIBANK.NS
2022-11-23,897.4771728515625,901.7349405392831,893.8483633697614,897.0417039012154,10959704,ICICIBANK.NS
2022-11-24,908.5087890625,910.2506649996778,897.5739874507686,897.5739874507686,10844395,ICICIBANK.NS
2022-11-25,900.2350463867188,912.4278817096287,897.5255471136236,909.911871692526,9815055,ICICIBANK.NS
2022-11-28,907.1055908203125,913.2987233260214,894.0902495019402,894.1386218139668,9381474,ICICIBANK.NS
2022-11-29,916.1534423828125,919.201666001015,903.3800210752162,903.3800210752162,13096845,ICICIBANK.NS
2022-11-30,922.1046752929688,927.2333807160768,910.5892299501535,917.4113797435194,20858573,ICICIBANK.NS
2022-12-01,909.815185546875,926.0722412930936,905.9928274928515,925.1045587003108,15920653,ICICIBANK.NS
2022-12-02,900.525390625,904.2993763342832,896.1708189893614,898.251360173674,14228874,ICICIBANK.NS
2022-12-05,903.4284057617188,906.718550059355,898.3965037479066,906.718550059355,10984608,ICICIBANK.NS
2022-12-06,892.8323364257812,899.7028589676131,890.4615023443921,895.1063668137049,18220912,ICICIBANK.NS
2022-12-07,892.3484497070312,903.041329623835,890.8969259428682,892.2032737055537,15675663,ICICIBANK.NS
2022-12-08,901.7833862304688,903.3800269902132,893.9451221877637,895.1063530529038,10136870,ICICIBANK.NS
2022-12-09,899.8480224609375,904.5896314951109,895.1547266788406,901.8801321809183,9575331,ICICIBANK.NS
2022-12-12,900.2350463867188,903.718738934402,895.1547131011699,895.1547131011699,8493863,ICICIBANK.NS
2022-12-13,902.7994384765625,905.6541137851639,897.8158497651402,899.4609218974406,10415140,ICICIBANK.NS
2022-12-14,891.9613647460938,905.7992129995994,890.2679203324179,905.7508406860252,12319827,ICICIBANK.NS
2022-12-15,879.4298706054688,890.1711821157284,875.752688807537,886.3971966272971,8929748,ICICIBANK.NS
2022-12-16,872.8496704101562,884.1715681914225,870.5756400158575,876.2365593751624,9157260,ICICIBANK.NS
2022-12-19,877.1558227539062,881.1716697316784,872.0271172648877,878.6557188314514,7015083,ICICIBANK.NS
2022-12-20,880.30078125,882.9619081225438,866.7532262625047,876.7203441907743,6384331,ICICIBANK.NS
2022-12-21,863.4147338867188,886.2520178769291,858.3344006248467,880.8330193559941,11341147,ICICIBANK.NS
2022-12-22,861.866455078125,874.6398170181222,857.7053730160692,871.3981042199335,9788367,ICICIBANK.NS
2022-12-23,850.4962158203125,860.8988032205845,847.0125232068142,854.5120629604986,11059215,ICICIBANK.NS
2022-12-26,864.3340454101562,868.0112272022727,846.9641322283046,852.6250513893447,6943159,ICICIBANK.NS
2022-12-27,871.5433349609375,873.5754447437527,859.495675087415,868.688659551625,4994381,ICICIBANK.NS
2022-12-28,869.898193359375,874.7366058492067,866.84996986572,867.0435181778438,8980300,ICICIBANK.NS
2022-12-29,878.7041015625,893.5096323243187,860.6084266035422,868.8821594099194,11994220,ICICIBANK.NS
2022-12-30,862.0599365234375,879.139556373027,859.8342785729984,879.139556373027,9688527,ICICIBANK.NS
2023-01-02,873.2850952148438,877.6880388341714,865.1081661717191,865.1081661717191,4315403,ICICIBANK.NS
2023-01-03,872.2206420898438,876.6720172537239,867.7693259886192,869.4627704497066,5846855,ICICIBANK.NS
2023-01-04,870.0433349609375,878.5589884345696,865.8823119142538,869.9465903334593,12454582,ICICIBANK.NS
2023-01-05,850.7380981445312,873.8173022704675,843.8191446066974,871.7851926344346,16547196,ICICIBANK.NS
2023-01-06,841.9805908203125,850.5446171070525,832.6908616598616,850.5446171070525,14804613,ICICIBANK.NS
2023-01-09,845.1255493164062,850.35105882214,834.4326687249722,845.9964872549142,16811853,ICICIBANK.NS
2023-01-10,833.5133056640625,850.0123396958412,828.9168137454193,847.1092921682771,13470142,ICICIBANK.NS
2023-01-11,838.3033447265625,842.7062883246897,827.2233681992996,835.0132596375089,15558460,ICICIBANK.NS
2023-01-12,832.8359375,841.254727699147,827.3201356345016,837.52917383229,16659001,ICICIBANK.NS
2023-01-13,845.2222900390625,846.6254414742714,830.5618765632579,836.755068178072,11223103,ICICIBANK.NS
2023-01-16,837.2872924804688,849.0930309249112,833.2230141225258,848.8994826102181,8319812,ICICIBANK.NS
2023-01-17,837.1905517578125,839.9000509881896,830.3683427746539,838.9323684728654,12624859,ICICIBANK.NS
2023-01-18,841.3999633789062,843.8191697140958,830.9006315092457,836.5131783943544,11313898,ICICIBANK.NS
2023-01-19,838.158203125,842.4159705966048,834.1422972105845,839.9483920867604,6694679,ICICIBANK.NS
2023-01-20,842.2224731445312,848.1737443770304,837.5776087756478,845.2706967636465,8127162,ICICIBANK.NS
2023-01-23,843.5288696289062,854.7539633041429,836.6582882575105,853.4959878330195,16882379,ICICIBANK.NS
2023-01-24,842.6095581054688,853.2056935599804,839.9484311634187,850.5929389316187,11504090,ICICIBANK.NS
2023-01-25,827.6588134765625,848.4639868002098,820.5947431838545,845.077098119616,14918485,ICICIBANK.NS
2023-01-27,790.7902221679688,815.7564211082152,786.8226881223743,812.0308667721081,39718683,ICICIBANK.NS
2023-01-30,796.8865356445312,799.5476625091609,770.2752669982355,774.1459969831512,36301441,ICICIBANK.NS
2023-01-31,805.01513671875,811.2082695992232,787.7903400840028,799.3057860504701,27291226,ICICIBANK.NS
2023-02-01,820.5464477539062,846.915797809219,796.5479318096759,816.191876185139,39237711,ICICIBANK.NS
2023-02-02,830.1748657226562,832.7875613023073,799.402514032967,801.6282311010465,16798190,ICICIBANK.NS
2023-02-03,835.8841552734375,844.4481810776783,824.5622578914393,836.7067208592392,14914366,ICICIBANK.NS
2023-02-06,826.110595703125,839.7548958836825,822.1914932310632,833.6585076979579,8463833,ICICIBANK.NS
2023-02-07,825.1912841796875,828.3362524278072,819.8206579069681,827.3685698899242,9337066,ICICIBANK.NS
2023-02-08,831.3360595703125,832.884387096269,824.3687924228041,824.9493783308778,8082983,ICICIBANK.NS
2023-02-09,832.9811401367188,836.9486740907996,824.0784487262168,830.7554820497575,6299265,ICICIBANK.NS
2023-02-10,826.2557373046875,834.0456292295034,824.4655481784239,827.9008094833026,8656405,ICICIBANK.NS
2023-02-13,823.1591796875,831.5295982555967,821.9011451301623,825.8203066835285,9394365,ICICIBANK.NS
2023-02-14,837.335693359375,839.2710584470253,824.562271968352,826.3041477973615,13402934,ICICIBANK.NS
2023-02-15,842.657958984375,845.0287930620101,832.7875850885544,838.4001911703535,12070288,ICICIBANK.NS
2023-02-16,841.3516235351562,849.4317493814649,836.9002482690221,847.6415602493975,10715685,ICICIBANK.NS
2023-02-17,834.7713623046875,839.5129712878102,827.5137432933884,839.5129712878102,9990618,ICICIBANK.NS
2023-02-20,824.562255859375,838.5452801570017,822.7720668133345,834.7713537474057,9013430,ICICIBANK.NS
2023-02-21,826.5943603515625,831.6746932125201,819.4818589086323,826.7879086540337,11704445,ICICIBANK.NS
2023-02-22,812.1275634765625,826.4976254250806,807.7729920906293,823.7397538390513,13880984,ICICIBANK.NS
2023-02-23,812.6114501953125,817.1595701542185,806.611806359904,809.514854112909,11743574,ICICIBANK.NS
2023-02-24,812.5630493164062,818.2723409257021,808.5471431075151,816.6757001552671,8246139,ICICIBANK.NS
2023-02-27,828.723388671875,830.5619501441226,806.6118061869664,806.6118061869664,14422574,ICICIBANK.NS
2023-02-28,827.223388671875,830.2716122720615,822.5301520177766,827.2718200485879,19600146,ICICIBANK.NS
2023-03-01,828.6265258789062,836.0776930578087,824.3203268741219,836.0776930578087,11015843,ICICIBANK.NS
2023-03-02,826.4008178710938,833.9971015297435,823.5945151221156,825.4331354145703,12327141,ICICIBANK.NS
2023-03-03,840.480712890625,844.786912285828,822.3850364048458,829.0620699895568,12823098,ICICIBANK.NS
2023-03-06,839.7064819335938,848.5123689804957,837.3840203291142,843.5772118992917,13904231,ICICIBANK.NS
2023-03-08,843.9158935546875,845.4158486956811,833.6584825712115,838.6420711240055,16144568,ICICIBANK.NS
2023-03-09,828.2879638671875,841.6903447470089,826.5461469354024,839.1743935191705,10624440,ICICIBANK.NS
2023-03-10,815.4176635742188,818.030359014257,809.2244720910029,817.4014008412539,17273189,ICICIBANK.NS
2023-03-13,801.628173828125,827.658796575545,797.3219750667736,814.2564181239363,16413159,ICICIBANK.NS
2023-03-14,803.5152587890625,807.4827930619672,791.806322436755,800.2735455608877,15456802,ICICIBANK.NS
2023-03-15,799.208984375,816.6756413377892,795.6285473841493,809.4180227330859,12914488,ICICIBANK.NS
2023-03-16,797.273681640625,804.4344971185735,784.1131634393323,802.886228653789,14987868,ICICIBANK.NS
2023-03-17,809.2244873046875,811.305028296212,792.193298999629,804.9182883848257,11104490,ICICIBANK.NS
2023-03-20,809.4180908203125,810.7244386539869,798.3381136725679,809.9503044168963,14838651,ICICIBANK.NS
2023-03-21,824.8526000976562,826.8847097557864,811.9340030740609,815.7563608240233,18755854,ICICIBANK.NS
2023-03-22,832.4005126953125,834.6745429845437,823.4978217289552,829.9329340902065,17431520,ICICIBANK.NS
2023-03-23,827.8040161132812,839.4162062490099,825.2396338332466,829.3039121932823,17920621,ICICIBANK.NS
2023-03-24,824.8526000976562,832.2069635927165,821.7076319212885,824.9493447241754,17295696,ICICIBANK.NS
2023-03-27,821.272216796875,828.7233844694034,816.7724691784372,827.3202329170024,17047675,ICICIBANK.NS
2023-03-28,827.1265869140625,831.1424927686556,820.788278581185,827.9007210734906,24469018,ICICIBANK.NS
2023-03-29,823.4978637695312,834.2391166284191,820.5948160711663,829.352331482036,34881515,ICICIBANK.NS
2023-03-31,848.8994750976562,852.5282844810888,830.7554281804934,834.0939446257819,25739021,ICICIBANK.NS
2023-04-03,855.2378540039062,858.4311947113953,840.7709875930993,851.7542203344012,26416933,ICICIBANK.NS
2023-04-05,856.011962890625,859.0601865581069,845.7545514523069,857.9473279969231,21068934,ICICIBANK.NS
2023-04-06,846.7222290039062,861.3342118450829,844.4965709573414,853.4960068359375,26042745,ICICIBANK.NS
2023-04-10,840.3839111328125,854.2701319147354,836.4648086702014,851.6090049377871,30906205,ICICIBANK.NS
2023-04-11,853.3992919921875,856.9796702925302,837.0454327447134,845.4642830137524,39504022,ICICIBANK.NS
2023-04-12,861.3826293945312,863.1728184534817,851.8509210177381,854.8991446182802,22686032,ICICIBANK.NS
2023-04-13,869.946533203125,872.5109153520875,857.8505024300003,862.3018181294501,34439635,ICICIBANK.NS
2023-04-17,872.1722412109375,887.6551614909503,864.2856641308982,887.6551614909503,29957514,ICICIBANK.NS
2023-04-18,867.8660888671875,878.6074008266793,865.2049618009515,878.6074008266793,26699379,ICICIBANK.NS
2023-04-19,863.0760498046875,867.9144623295201,858.5763025315322,866.9467798245536,24377956,ICICIBANK.NS
2023-04-20,865.4953002929688,870.236909372004,860.4633391974846,863.4147591759163,16999919,ICICIBANK.NS
2023-04-21,857.028076171875,871.5916867731976,853.8831078765245,865.6404154507798,29578071,ICICIBANK.NS
2023-04-24,875.5107421875,877.2041865631045,866.0758378091324,875.7526628125863,30881665,ICICIBANK.NS
2023-04-25,883.9296875,886.3972663306375,873.9141370989526,877.0107332480105,41383839,ICICIBANK.NS
2023-04-26,885.3811645507812,887.316529658685,876.4784732418931,881.9942756119498,30371555,ICICIBANK.NS
2023-04-27,888.6712036132812,890.1711587440801,879.1879268899205,880.1072370809303,25835108,ICICIBANK.NS
2023-04-28,887.993896484375,890.7033957534178,880.8330221437257,885.5262587849612,20381002,ICICIBANK.NS
2023-05-02,892.300048828125,895.880486047962,889.0099636211668,894.1386692839658,17515017,ICICIBANK.NS
2023-05-03,893.0258178710938,893.9935004213415,882.091016865825,889.8324772678072,18715142,ICICIBANK.NS
2023-05-04,891.9130249023438,894.0419383409981,882.3329439597278,890.2679527423538,20485002,ICICIBANK.NS
2023-05-05,896.993408203125,911.9924886757009,893.6065190641563,895.106415298882,19002035,ICICIBANK.NS
2023-05-08,907.5894775390625,911.2666593771053,897.0417142320913,897.0417142320913,18623913,ICICIBANK.NS
2023-05-09,904.20263671875,914.4600485590047,901.686626544379,910.5893181947338,21507610,ICICIBANK.NS
2023-05-10,905.7991943359375,910.5892345341686,898.2512826316067,904.3960428952724,25910923,ICICIBANK.NS
2023-05-11,908.8474731445312,916.3953853081388,903.670336005355,909.6699796963557,20027372,ICICIBANK.NS
2023-05-12,913.3955078125,917.3629823177167,904.8798548193457,909.3796019336227,13873480,ICICIBANK.NS
2023-05-15,915.1857299804688,918.3306981247315,907.8797388732504,913.2503649686147,10453762,ICICIBANK.NS
2023-05-16,915.766357421875,921.4273357760685,912.5246445049526,919.2984223538758,19612293,ICICIBANK.NS
2023-05-17,908.9926147460938,917.7501894111974,905.5573533737447,916.6857031275833,19273344,ICICIBANK.NS
2023-05-18,915.9115600585938,921.4757348819819,911.6537330904164,917.314711609197,21550141,ICICIBANK.NS
2023-05-19,923.45947265625,925.1045448518862,911.1698920993472,920.7016009331666,15427412,ICICIBANK.NS
2023-05-22,919.6370239257812,923.4110092338516,915.5728047480459,920.3144134762877,15509525,ICICIBANK.NS
2023-05-23,922.5885620117188,927.8623846317511,914.4600050088006,921.2337828236806,16579935,ICICIBANK.NS
2023-05-24,910.2506103515625,923.0239727062751,908.1700692529853,916.1050779412483,18049620,ICICIBANK.NS
2023-05-25,909.4763793945312,911.169823779576,902.7994055425181,906.7185078782338,19328582,ICICIBANK.NS
2023-05-26,919.9757690429688,921.6692134262162,905.3153554715091,909.4280061165383,10957182,ICICIBANK.NS
2023-05-29,917.5082397460938,926.6527926566437,916.2018328569751,923.0239830690742,12108079,ICICIBANK.NS
2023-05-30,919.25,921.5240302432906,914.1212945775248,914.7986250754225,18483624,ICICIBANK.NS
2023-05-31,918.4758911132812,921.23376268112,910.1054136571358,918.8145563715582,27254425,ICICIBANK.NS
2023-06-01,905.8475952148438,923.4110568080118,902.6542546695372,923.4110568080118,21650700,ICICIBANK.NS
2023-06-02,907.8313598632812,914.121296105405,904.8315086794461,912.5245963573434,12494376,ICICIBANK.NS
2023-06-05,916.1534423828125,921.0402273846815,912.524632867169,912.524632867169,10751684,ICICIBANK.NS
2023-06-06,911.6536865234375,917.1694887487128,907.782956409231,915.9115132741265,11894330,ICICIBANK.NS
2023-06-07,909.815185546875,915.2825567585027,903.6219933280021,913.8310328693285,16486469,ICICIBANK.NS
2023-06-08,907.5894775390625,919.7822539132716,904.9767228695448,906.3314429874264,17608140,ICICIBANK.NS
2023-06-09,907.7345581054688,913.4922807980292,905.9443691039659,910.9763299208923,12253128,ICICIBANK.NS
2023-06-12,905.7024536132812,913.0084447235517,903.1380713464422,907.6861909387297,10520125,ICICIBANK.NS
2023-06-13,913.056884765625,915.6696395390605,903.9122725899293,905.6541484806579,13528776,ICICIBANK.NS
2023-06-14,909.4280395507812,916.3469933389074,905.9927783452874,915.4760554275856,13489262,ICICIBANK.NS
2023-06-15,896.6546630859375,912.476308849158,894.47737726131,910.2990230245307,19366819,ICICIBANK.NS
2023-06-16,904.0090942382812,907.4443556462712,897.041767724973,899.2674258863005,11249387,ICICIBANK.NS
2023-06-19,893.316162109375,903.7671217485372,889.0099629857297,903.3316527921857,19351375,ICICIBANK.NS
2023-06-20,895.6386108398438,898.541658614634,885.2360229801786,891.187294543562,15212286,ICICIBANK.NS
2023-06-21,894.8161010742188,898.3965384629029,890.2679810973852,898.0094418025799,9210553,ICICIBANK.NS
2023-06-22,895.8320922851562,905.3153691622226,890.9453073749864,894.5257445090998,27291569,ICICIBANK.NS
2023-06-23,893.65478515625,901.7833417486228,889.3002139237615,896.1223637087963,8767733,ICICIBANK.NS
2023-06-26,897.4771728515625,901.6865682253899,893.3645221055212,897.1384485290017,11749040,ICICIBANK.NS
2023-06-27,905.8475952148438,909.5732084032469,892.3968434482118,899.9447553905696,13422726,ICICIBANK.NS
2023-06-28,907.154052734375,913.4923618648676,904.1058289611399,913.4923618648676,25708001,ICICIBANK.NS
2023-06-30,904.3961181640625,911.7505412301584,900.5738192125333,910.1054690270411,13843218,ICICIBANK.NS
2023-07-03,912.089111328125,915.1857070821438,906.2346441262783,906.7184853671359,12350359,ICICIBANK.NS
2023-07-04,914.1697387695312,920.5564201279725,911.5569840092028,916.6373175188082,14041699,ICICIBANK.NS
2023-07-05,927.0399169921875,933.5717744448986,910.5893130372112,911.6053679395459,13817767,ICICIBANK.NS
2023-07-06,928.3947143554688,932.7492860755926,923.1692046662566,923.8465943019188,16334427,ICICIBANK.NS
2023-07-07,915.8147583007812,924.1851766406033,913.2987483173766,922.2014392920128,8593807,ICICIBANK.NS
2023-07-10,917.7501831054688,922.1047547183556,910.9279736618201,915.4277212868661,12069184,ICICIBANK.NS
2023-07-11,914.4116821289062,921.9112222579627,911.4602620196803,917.7501989021147,16977595,ICICIBANK.NS
2023-07-12,913.87939453125,920.4112515342325,910.8311709714633,917.7501246070915,21511161,ICICIBANK.NS
2023-07-13,924.814208984375,928.2494701654196,911.7504947834543,917.0727487171628,23222286,ICICIBANK.NS
2023-07-14,929.0236206054688,933.8136610419978,920.6047706053051,928.7333276529091,12871569,ICICIBANK.NS
2023-07-17,937.39404296875,942.3292000589743,922.056240014047,931.7814963207601,16290763,ICICIBANK.NS
2023-07-18,943.9259033203125,956.0219345303666,939.7648803965843,946.393481874633,29709508,ICICIBANK.NS
2023-07-19,941.9905395507812,948.3288481005554,936.2811891871556,948.3288481005554,15994261,ICICIBANK.NS
2023-07-20,963.4247436523438,965.8923814574687,940.6842032435259,944.5065612098798,26487838,ICICIBANK.NS
2023-07-21,964.7794799804688,969.0856790406557,956.84447144192,963.1344078710805,16903003,ICICIBANK.NS
2023-07-24,959.9411010742188,976.1014116649148,958.1024805821794,972.4726020590396,21687719,ICICIBANK.NS
2023-07-25,962.5537719726562,966.714794812472,956.312208181607,966.714794812472,29325327,ICICIBANK.NS
2023-07-26,964.247314453125,965.5052899891136,958.0057500267827,961.0055423866522,12780537,ICICIBANK.NS
2023-07-27,958.2476196289062,973.9724606478103,955.2961997425043,970.1501028645305,25932395,ICICIBANK.NS
2023-07-28,964.00537109375,966.4245774762064,945.4742265790718,956.070362346762,12584130,ICICIBANK.NS
2023-07-31,966.0374145507812,967.1019007236218,956.6508826183228,963.8117566441534,14303116,ICICIBANK.NS
2023-08-01,962.40869140625,971.2630105764858,958.4412164810167,969.2792731138692,15508569,ICICIBANK.NS
2023-08-02,955.0543212890625,961.9732162053438,945.9097092186121,953.4092491126727,15787996,ICICIBANK.NS
2023-08-03,933.8136596679688,951.2319455477858,929.023619238488,944.9903812949868,30994707,ICICIBANK.NS
2023-08-04,939.1359252929688,944.458179377576,930.1848616052202,937.3457361804816,20582882,ICICIBANK.NS
2023-08-07,944.1194458007812,949.7803647470605,936.910199431587,939.5713262813622,16686062,ICICIBANK.NS
2023-08-08,948.232177734375,954.7156037290013,940.8777547355696,944.2162714278614,23784778,ICICIBANK.NS
2023-08-09,949.0126342773438,951.5492947573501,940.1342034996886,951.2078418442472,19317331,ICICIBANK.NS
2023-08-10,940.6220703125,949.9395549383418,936.0853435299007,947.8906587198094,24858441,ICICIBANK.NS
2023-08-11,929.64599609375,940.0366691362146,926.8654236423497,939.9391281743053,17162177,ICICIBANK.NS
2023-08-14,936.182861328125,939.4513172807983,922.9628451701761,925.8897886538025,19026691,ICICIBANK.NS
2023-08-16,933.2070922851562,936.42671801736,923.5481555397309,931.2070262658186,17930805,ICICIBANK.NS
2023-08-17,928.4752807617188,934.4754791838435,923.4019001385633,933.6462023482969,27077611,ICICIBANK.NS
2023-08-18,927.4996337890625,931.7436780317744,922.9628475581766,924.8166022554632,13257508,ICICIBANK.NS
2023-08-21,931.9388427734375,935.9389751584126,925.3044492708552,927.548427427032,13358017,ICICIBANK.NS
2023-08-22,928.8167724609375,933.6462413283504,926.1825113015468,933.1096469094867,16872719,ICICIBANK.NS
2023-08-23,943.3051147460938,944.4759040942181,926.7191010359882,930.7680634965125,14707331,ICICIBANK.NS
2023-08-24,945.35400390625,958.4764795059389,943.2075667089148,948.8175418923399,28389740,ICICIBANK.NS
2023-08-25,946.7686767578125,948.9150543418253,936.8170569956474,939.5000885244812,10275758,ICICIBANK.NS
2023-08-28,946.9150390625,951.2566840430246,941.5489757166163,946.3296741533865,10481574,ICICIBANK.NS
2023-08-29,944.1831665039062,953.4518206829681,942.134329925956,949.5979999303318,13209913,ICICIBANK.NS
2023-08-30,935.5487670898438,952.134780892738,932.133999542189,946.8174880873403,13936165,ICICIBANK.NS
2023-08-31,935.40234375,942.6709318902067,930.8167871042523,936.6219035202087,36675400,ICICIBANK.NS
2023-09-01,945.1100463867188,949.3540905448681,929.5972223729281,933.597414127154,16268147,ICICIBANK.NS
2023-09-04,943.7929077148438,945.4515209412026,937.1585143582263,945.1100680190779,9512956,ICICIBANK.NS
2023-09-05,944.8173828125,946.3783955216684,938.8171248357994,940.6220495025765,16623486,ICICIBANK.NS
2023-09-06,934.182861328125,945.8906360915063,927.6460085088062,939.1098712979502,30802100,ICICIBANK.NS
2023-09-07,942.1343383789062,945.8905586551218,931.4509828721614,934.0852438880298,13462347,ICICIBANK.NS
2023-09-08,946.9150390625,951.2566840430246,937.8415256783153,943.9393249350013,13086915,ICICIBANK.NS
2023-09-11,954.427490234375,958.086169598933,945.7442007229635,951.2078643033275,7894110,ICICIBANK.NS
2023-09-12,966.379150390625,970.9159365012332,958.7203389445621,965.9888674492851,20959591,ICICIBANK.NS
2023-09-13,965.6962280273438,970.6232377499122,956.671485433468,965.6962280273438,21997553,ICICIBANK.NS
2023-09-14,963.6473999023438,968.720780666579,958.3301071739512,968.1353562233099,11464188,ICICIBANK.NS
2023-09-15,968.28173828125,973.2087481037405,964.5254582610313,966.2328420296343,13307980,ICICIBANK.NS
2023-09-18,966.0865478515625,971.9892056473607,963.257145164905,965.9889473337481,16713222,ICICIBANK.NS
2023-09-20,963.1107788085938,971.7452382810216,956.7690679161975,957.6471152335464,25741856,ICICIBANK.NS
2023-09-21,935.93896484375,958.574006734418,934.1340401518692,956.0861166419703,19742813,ICICIBANK.NS
2023-09-22,927.1580810546875,937.4999833370895,924.328738198691,933.2071092502335,12701888,ICICIBANK.NS
2023-09-25,933.060791015625,937.7927187843896,918.5724443637747,927.1581334740866,8997098,ICICIBANK.NS
2023-09-26,925.5971069335938,935.5974971770788,924.0360346784909,935.5974971770788,10521409,ICICIBANK.NS
2023-09-27,920.1334228515625,923.4506492144903,911.6453345707359,923.2555077433504,15152973,ICICIBANK.NS
2023-09-28,919.6456298828125,924.1824161569504,911.9868181606855,922.4750324374734,25991282,ICICIBANK.NS
2023-09-29,928.7191772460938,932.7193094608657,920.718853267733,923.6457967074638,10447334,ICICIBANK.NS
2023-10-03,917.401611328125,928.4264195210825,916.133281102177,928.4264195210825,11131636,ICICIBANK.NS
2023-10-04,907.4012451171875,912.7185376578814,902.4742355248961,912.2307137467868,17334739,ICICIBANK.NS
2023-10-05,917.938232421875,920.9627764089626,911.7916630335349,912.425857939374,10478856,ICICIBANK.NS
2023-10-06,922.182373046875,923.4994738438675,915.1576965156688,922.9628794283824,6355755,ICICIBANK.NS
2023-10-09,915.7431030273438,919.1091002211714,913.4991247477328,917.3529458957726,6725306,ICICIBANK.NS
2023-10-10,928.0362548828125,934.1828244813858,917.4504398891626,917.4992699211415,11452715,ICICIBANK.NS
2023-10-11,929.8899536132812,938.6220138894535,927.5972049567132,931.6461674042404,12233117,ICICIBANK.NS
2023-10-12,931.011962890625,936.7194790060307,925.3044467752193,929.6460320781218,7836818,ICICIBANK.NS
2023-10-13,928.1337890625,934.0852766849174,921.548166066008,926.8166882827292,6650442,ICICIBANK.NS
2023-10-16,928.2314453125,931.597382962648,923.1092937854471,925.4020425542179,5763024,ICICIBANK.NS
2023-10-17,930.6705322265625,937.5488378388338,928.3289535059158,932.1340040397615,7747527,ICICIBANK.NS
2023-10-18,920.7676391601562,927.4996330037417,916.2308529331116,926.0849317410963,12000153,ICICIBANK.NS
2023-10-19,912.9624633789062,921.9872058702285,911.2550796643318,913.2063753381311,8612676,ICICIBANK.NS
2023-10-20,910.0355224609375,917.108969298613,907.3524909018192,909.303786581178,6586576,ICICIBANK.NS
2023-10-23,907.3037109375,921.7920573857958,902.8645252231158,919.060255373007,11856890,ICICIBANK.NS
2023-10-25,893.7909545898438,911.0599331166206,889.2054574209906,903.4986624227306,12593434,ICICIBANK.NS
2023-10-26,886.5224609375,894.2788138653154,877.1074351720209,892.034835673972,21693345,ICICIBANK.NS
2023-10-27,890.5225830078125,895.7911052641983,889.1078817029663,893.6934385485141,8645505,ICICIBANK.NS
2023-10-30,902.376708984375,903.7425802279794,886.083378183647,886.9614255083601,7687791,ICICIBANK.NS
2023-10-31,893.0592651367188,908.3281783124116,891.8397052839899,906.6695650029363,17211107,ICICIBANK.NS
2023-11-01,891.7908935546875,895.2544314664859,887.1565663286538,891.5469815954225,12927203,ICICIBANK.NS
2023-11-02,897.5472412109375,902.279109409575,890.5713353440126,897.6447821752898,9747311,ICICIBANK.NS
2023-11-03,911.0599365234375,911.7429019177837,904.2304016776113,905.9377853890679,7146961,ICICIBANK.NS
2023-11-06,922.42626953125,924.6702476712292,914.5723162669136,918.0846246991575,10338367,ICICIBANK.NS
2023-11-07,925.0116577148438,927.3044657799691,907.791509730304,920.6212426036691,15704942,ICICIBANK.NS
2023-11-08,912.9624633789062,925.3532028172963,911.3526206284945,925.3532028172963,17606074,ICICIBANK.NS
2023-11-09,914.5234375,919.4016764786073,910.2793934081378,911.2550412038593,9406117,ICICIBANK.NS
2023-11-10,915.7431030273438,918.523735295646,909.6941336341723,912.1332534052325,9560455,ICICIBANK.NS
2023-11-13,911.6941528320312,917.987093425993,909.3038036701303,917.987093425993,11470096,ICICIBANK.NS
2023-11-15,918.1821899414062,921.401875563048,915.8894412581842,921.401875563048,19492138,ICICIBANK.NS
2023-11-16,913.2063598632812,923.1579795407855,911.2550642225477,916.1333033243815,19706373,ICICIBANK.NS
2023-11-17,899.4009399414062,915.5479593765705,897.7423862479302,903.9864967116965,10956653,ICICIBANK.NS
2023-11-20,899.0107421875,904.1816639914177,895.1569211892373,899.5473366065142,10562301,ICICIBANK.NS
2023-11-21,903.5474243164062,905.4499494794524,899.5472920649286,901.8888706577264,8989572,ICICIBANK.NS
2023-11-22,900.279052734375,902.6694018743736,892.4738699417713,900.7668766589127,12197979,ICICIBANK.NS
2023-11-23,900.52294921875,902.8156978051427,896.1325339733714,900.52294921875,5534614,ICICIBANK.NS
2023-11-24,906.76708984375,907.7427376445077,897.7911181670157,899.0594483982376,7452002,ICICIBANK.NS
2023-11-28,902.9620971679688,908.3769308976238,899.2546471984909,906.2793237215551,14231987,ICICIBANK.NS
2023-11-29,916.7186889648438,918.1821607285481,903.4499021267856,908.2306003744137,11680078,ICICIBANK.NS
2023-11-30,912.1819458007812,917.9382322384056,905.5963229827007,916.0845371003845,23950292,ICICIBANK.NS
2023-12-01,923.6458129882812,928.8167345798552,910.2794258014757,913.1575988110403,16986046,ICICIBANK.NS
2023-12-04,967.0621337890625,970.6232126126973,937.987840581793,940.2318186642837,33131257,ICICIBANK.NS
2023-12-05,988.7703247070312,991.0143028504854,970.8183804617602,978.0869688482517,31378461,ICICIBANK.NS
2023-12-06,978.8186645507812,991.502086070004,975.8917211232683,989.3068784993693,18786590,ICICIBANK.NS
2023-12-07,974.6721801757812,977.7942651351568,964.0864250614673,972.0866896120442,11841945,ICICIBANK.NS
2023-12-08,986.2335815429688,988.1848771958599,969.0622036170539,970.2817634001109,16116363,ICICIBANK.NS
2023-12-11,992.3314208984375,995.1608235299625,980.1846526032307,982.574942236379,11714606,ICICIBANK.NS
2023-12-12,990.9655151367188,996.1364367379356,984.0383797983786,992.3313863725926,12380856,ICICIBANK.NS
2023-12-13,989.2093505859375,995.8437438660465,984.6237939125858,990.0873978964831,15887040,ICICIBANK.NS
2023-12-14,1008.4783935546875,1014.6737333957984,996.3803367600569,997.3559845806298,16317672,ICICIBANK.NS
2023-12-15,1012.1371459960938,1018.2836562511309,1000.7219942122084,1018.234945315164,14306067,ICICIBANK.NS
2023-12-18,996.5755615234375,1004.8685091425787,993.209564351382,1004.8685091425787,8592711,ICICIBANK.NS
2023-12-19,990.7216186523438,1000.5268676099422,987.9409865576811,1000.5268676099422,10094256,ICICIBANK.NS
2023-12-20,982.1358642578125,997.1120339024774,977.5990782488085,997.1120339024774,16490281,ICICIBANK.NS
2023-12-21,979.940673828125,986.2823845261098,965.1108153630744,972.2818028712693,18064916,ICICIBANK.NS
2023-12-22,970.0866088867188,984.965238040039,967.4523478809576,978.5259862915714,20881976,ICICIBANK.NS
2023-12-26,970.8671264648438,973.2087050634708,965.7938054158475,970.6720445389727,14339699,ICICIBANK.NS
2023-12-27,977.8430786132812,980.4285692907043,967.8426879365178,973.6478046781592,12996468,ICICIBANK.NS
2023-12-28,981.4041748046875,987.0629203019365,974.7697219298256,983.4530114256305,24915990,ICICIBANK.NS
2023-12-29,972.3306274414062,983.9896312060448,969.501284394201,979.5992158632049,12280140,ICICIBANK.NS
2024-01-01,975.0624389648438,980.3796718566513,966.8669735931653,967.4035679755073,7683792,ICICIBANK.NS
2024-01-02,958.3300170898438,973.3550164890929,956.3787215600095,972.7208216223713,16263825,ICICIBANK.NS
2024-01-03,960.0863037109375,963.9401248241994,951.3542430995774,960.720498665219,16826752,ICICIBANK.NS
2024-01-04,963.1107788085938,965.0620744677926,957.9886277031968,962.3790429363942,22789140,ICICIBANK.NS
2024-01-05,969.501220703125,973.9891767169987,959.8422837638905,963.9400163911056,14875499,ICICIBANK.NS
2024-01-08,958.0861206054688,973.89162656188,956.4275074685884,969.7938939733564,8393164,ICICIBANK.NS
2024-01-09,955.8909301757812,970.7695590966088,951.6468860736289,962.2326408633471,14660414,ICICIBANK.NS
2024-01-10,968.8670654296875,970.7208201257515,950.5736686217577,950.5736686217577,9409181,ICICIBANK.NS
2024-01-11,967.0133666992188,974.1843544018284,962.8180334077583,971.0622694484135,6451345,ICICIBANK.NS
2024-01-12,979.0626220703125,984.1360028238887,967.598759779006,970.5744738257089,12255743,ICICIBANK.NS
2024-01-15,985.2579345703125,987.0141482984905,974.9160914205547,979.0625946865415,12388044,ICICIBANK.NS
2024-01-16,984.4774780273438,991.0631011947543,980.1358330664721,981.5993048814522,11505126,ICICIBANK.NS
2024-01-17,957.84228515625,983.2578999623713,952.9640458633737,963.8425433060156,41914771,ICICIBANK.NS
2024-01-18,962.3302001953125,970.086612247944,946.5247532036159,950.2322029973618,17902484,ICICIBANK.NS
2024-01-19,974.8673095703125,986.2824009262613,963.500988695396,967.1596680050709,23271148,ICICIBANK.NS
2024-01-23,1003.9904174804688,1033.6013044278507,996.331546511633,1033.3085624484331,50797448,ICICIBANK.NS
2024-01-24,974.8673095703125,1010.7223072563087,972.379419549497,1004.3805964528723,34578943,ICICIBANK.NS
2024-01-25,985.3555297851562,990.380080339403,964.0864191743161,974.086809350288,28315035,ICICIBANK.NS
2024-01-29,991.6484985351562,1006.8685811752547,985.4043284757821,995.1608069755424,14078922,ICICIBANK.NS
2024-01-30,992.1363525390625,998.9170576629135,983.4530625914942,990.233827264166,16085742,ICICIBANK.NS
2024-01-31,1003.1123657226562,1013.6981211276084,978.8187103188384,992.0387268414895,25627447,ICICIBANK.NS
2024-02-01,1000.1853637695312,1008.7709929318956,992.6240933363141,1008.7709929318956,13058880,ICICIBANK.NS
2024-02-02,999.0633544921875,1024.4301974773407,996.770605964979,1011.8443169459497,14774650,ICICIBANK.NS
2024-02-05,998.5755615234375,1001.4536750045531,987.453152358168,997.5999136860917,12948430,ICICIBANK.NS
2024-02-06,1001.4049682617188,1009.6979749138608,991.9411722900987,998.6243361843565,12886927,ICICIBANK.NS
2024-02-07,997.2584838867188,1006.4295975899541,988.3312821484757,1002.9660000480089,16410895,ICICIBANK.NS
2024-02-08,965.2084350585938,1003.2099318661822,961.2570730572876,999.1609693476559,20565502,ICICIBANK.NS
2024-02-09,986.0872802734375,989.0629942650385,961.5009428835466,964.7693393163379,12799837,ICICIBANK.NS
2024-02-12,971.8428344726562,987.5508011511549,961.2570787394588,985.7946468678402,8050066,ICICIBANK.NS
2024-02-13,994.9656372070312,1002.0391434670632,975.9405046734194,981.5017091699309,18706292,ICICIBANK.NS
2024-02-14,997.7950439453125,1010.4784061393933,983.013955556177,984.9652512089306,17878720,ICICIBANK.NS
2024-02-15,991.8923950195312,1001.6488733670452,982.0870866412254,997.9413639559355,10069878,ICICIBANK.NS
2024-02-16,998.3316650390625,1001.2097785647912,992.136324995411,998.2828945562029,7159395,ICICIBANK.NS
2024-02-19,1018.3323974609375,1020.5276050243264,998.4291584000189,998.4291584000189,9388255,ICICIBANK.NS
2024-02-20,1023.2107543945312,1027.0158050957184,1008.0882116597372,1015.6983130621115,11293528,ICICIBANK.NS
2024-02-21,1026.332763671875,1038.08936853922,1022.4790020950211,1031.0647512783883,15946325,ICICIBANK.NS
2024-02-22,1036.8209228515625,1040.0406083965356,1014.9665062834417,1030.284129893754,13432573,ICICIBANK.NS
2024-02-23,1035.455078125,1043.9431665127322,1031.8939397655,1043.9431665127322,13142759,ICICIBANK.NS
2024-02-26,1028.5279541015625,1036.4307972587308,1024.9181045612984,1027.4547652461576,7875941,ICICIBANK.NS
2024-02-27,1034.3817138671875,1040.235600463148,1021.0153871121286,1025.1618901176007,10580973,ICICIBANK.NS
2024-02-28,1020.72265625,1038.9185111032964,1016.7713542133081,1037.1135865360943,7730332,ICICIBANK.NS
2024-02-29,1026.57666015625,1034.869667204587,1013.2103317291641,1017.6495772588014,20944844,ICICIBANK.NS
2024-03-01,1060.431640625,1063.40729502092,1028.3328034897127,1029.3084513108604,14909562,ICICIBANK.NS
2024-03-04,1065.748779296875,1068.3342696136383,1053.7970945454895,1054.6752013263406,11424581,ICICIBANK.NS
2024-03-05,1061.5535888671875,1072.7247080376237,1050.2848096430214,1059.748545239955,9222544,ICICIBANK.NS
2024-03-06,1070.3831787109375,1086.4326564967669,1053.9923671118995,1053.9923671118995,21796484,ICICIBANK.NS
2024-03-07,1061.4560546875,1068.3344198240536,1056.3339033595764,1068.285589791398,9963926,ICICIBANK.NS
2024-03-11,1052.4312744140625,1061.456016908724,1050.5288087704587,1061.456016908724,13310362,ICICIBANK.NS
2024-03-12,1050.6263427734375,1068.1392927948118,1029.9426563996108,1050.821543798178,21785435,ICICIBANK.NS
2024-03-13,1057.5533447265625,1063.1146084324603,1047.016420348109,1050.9190113988607,24855870,ICICIBANK.NS
2024-03-14,1057.2119140625,1070.383159135781,1048.8701969746664,1053.6996058624843,14231421,ICICIBANK.NS
2024-03-15,1054.041015625,1059.797361129833,1043.9430853016538,1045.894380788199,66192734,ICICIBANK.NS
2024-03-18,1054.870361328125,1058.3827887115601,1034.2355054874226,1048.8702225929605,8769440,ICICIBANK.NS
2024-03-19,1057.5533447265625,1062.2365016265157,1049.0652568302282,1052.1872820317788,16708715,ICICIBANK.NS
2024-03-20,1058.0899658203125,1063.4560283486774,1041.503954369003,1053.6995510243776,18725251,ICICIBANK.NS
2024-03-21,1055.455810546875,1073.212552411357,1052.870320123813,1065.4073702120015,19992607,ICICIBANK.NS
2024-03-22,1063.7489013671875,1067.0660087880365,1052.431290998509,1054.821699696048,17214415,ICICIBANK.NS
2024-03-26,1057.3094482421875,1062.626800085145,1050.7238257477718,1054.675246883473,13367635,ICICIBANK.NS
2024-03-27,1057.3583984375,1065.8953174560265,1053.2607249476644,1057.3095684040516,26907245,ICICIBANK.NS
2024-03-28,1066.67578125,1078.1396428341293,1058.5778569174774,1058.5778569174774,22070566,ICICIBANK.NS
2024-04-01,1072.8712158203125,1076.0907823680045,1067.7977753821392,1069.3589072693567,10848191,ICICIBANK.NS
2024-04-02,1054.870361328125,1067.7976947713503,1052.967895743458,1067.7976947713503,14380396,ICICIBANK.NS
2024-04-03,1050.9677734375,1057.2607732714453,1046.1383644163889,1048.8213958942579,15477184,ICICIBANK.NS
2024-04-04,1052.57763671875,1059.358460590309,1037.5526363294593,1058.3339827305892,21419689,ICICIBANK.NS
2024-04-05,1057.0169677734375,1059.5536285157325,1041.4553121759684,1043.9432619814309,15340637,ICICIBANK.NS
2024-04-08,1060.675537109375,1065.1634932016668,1050.0897822238517,1052.089788769452,8023461,ICICIBANK.NS
2024-04-09,1080.091064453125,1088.0913296616127,1061.7976661736764,1065.3586857606263,12298463,ICICIBANK.NS
2024-04-10,1082.3837890625,1089.3596952702449,1078.2372855450287,1083.8959718279336,10598000,ICICIBANK.NS
2024-04-12,1077.505615234375,1084.7741447920198,1069.115066719454,1076.6275082635652,12216657,ICICIBANK.NS
2024-04-15,1052.08984375,1079.2129018387545,1050.3824599986701,1073.4077256256494,10526597,ICICIBANK.NS
2024-04-16,1041.06494140625,1048.4310101922226,1036.8207785700372,1044.4797084070326,11278092,ICICIBANK.NS
2024-04-18,1029.7474365234375,1051.7971723738806,1024.8691974587614,1047.8457510924395,16564216,ICICIBANK.NS
2024-04-19,1041.2601318359375,1045.8944589628718,1022.5764523362437,1027.308320425271,11284433,ICICIBANK.NS
2024-04-22,1060.187744140625,1062.1877507445827,1044.2846367847953,1052.52893245238,10346714,ICICIBANK.NS
2024-04-23,1063.7000732421875,1073.2126398224318,1056.3338843025326,1073.2126398224318,9848215,ICICIBANK.NS
2024-04-24,1070.041748046875,1071.6515907716011,1062.4804774315448,1065.6513328508768,5461309,ICICIBANK.NS
2024-04-25,1086.6278076171875,1098.2380410085623,1063.407340834438,1063.4561708666527,19905338,ICICIBANK.NS
2024-04-26,1080.9202880859375,1092.7256033742926,1075.8956777866083,1085.066791491599,14190059,ICICIBANK.NS
2024-04-29,1131.8978271484375,1135.1173934530657,1080.9202292309824,1081.017770192159,28578063,ICICIBANK.NS
2024-04-30,1122.38525390625,1141.0689331118688,1118.8241156136564,1131.702618945696,29568491,ICICIBANK.NS
2024-05-02,1111.701904296875,1127.361100058772,1105.6529352155806,1115.16550183226,25118334,ICICIBANK.NS
2024-05-03,1114.2386474609375,1129.2148177723732,1107.7992765304286,1113.5069115913466,19933604,ICICIBANK.NS
2024-05-06,1118.3851318359375,1130.2391574450266,1110.3847483382629,1113.7508047401204,14970524,ICICIBANK.NS
2024-05-07,1104.3358154296875,1124.6780491020515,1098.8722113377237,1119.9948918245757,15097728,ICICIBANK.NS
2024-05-08,1095.6524658203125,1104.4332959114815,1088.8717613334063,1099.1160631064367,19913090,ICICIBANK.NS
2024-05-09,1088.5302734375,1101.3600666593375,1082.9691282557828,1093.262260852585,12229853,ICICIBANK.NS
2024-05-10,1089.847412109375,1101.408814608253,1084.969173156462,1090.7742298713763,8573656,ICICIBANK.NS
2024-05-13,1100.53076171875,1103.1162523100456,1079.7494151217084,1085.3106792591882,9707983,ICICIBANK.NS
2024-05-14,1093.26220703125,1100.4331946539014,1091.3109114007254,1098.4818990233766,8944262,ICICIBANK.NS
2024-05-15,1096.9696044921875,1100.335660935582,1086.3838494464303,1094.7743968933958,10743423,ICICIBANK.NS
2024-05-16,1103.5064697265625,1108.8725325190837,1085.7008977331961,1105.4089352594046,14265565,ICICIBANK.NS
2024-05-17,1102.9698486328125,1116.1410940609796,1093.3109114992967,1103.5065025670874,8641784,ICICIBANK.NS
2024-05-21,1093.65234375,1106.1895131432295,1089.0668467710689,1094.8719034888254,10452900,ICICIBANK.NS
2024-05-22,1084.042236328125,1098.481871268217,1071.3588150501846,1097.603764437141,17527411,ICICIBANK.NS
2024-05-23,1106.8724365234375,1109.311556039796,1084.3349960118126,1088.383958228494,13787687,ICICIBANK.NS
2024-05-24,1104.3843994140625,1107.3601726271318,1096.7744185849785,1102.4819339811972,6312670,ICICIBANK.NS
2024-05-27,1102.2869873046875,1119.8486485845435,1094.2378925514201,1104.3358239678098,11599857,ICICIBANK.NS
2024-05-28,1099.5062255859375,1107.5553198262376,1097.6037600409186,1104.9211184411913,9311718,ICICIBANK.NS
2024-05-29,1075.1639404296875,1096.1891994265106,1071.7491729237856,1087.896192626463,19268547,ICICIBANK.NS
2024-05-30,1086.5789794921875,1093.7012565449618,1070.1881668205704,1070.2857077875317,15255387,ICICIBANK.NS
2024-05-31,1093.7501220703125,1103.0674880238118,1084.188725045031,1090.774348346767,26197718,ICICIBANK.NS
2024-06-03,1131.75146484375,1144.4348864325161,1108.6286592786682,1141.5079429889547,25699977,ICICIBANK.NS
2024-06-04,1045.35791015625,1131.1662156790471,1027.8939077680864,1129.702743807571,43476837,ICICIBANK.NS
2024-06-05,1081.6519775390625,1095.8964118662052,1025.454687026523,1058.5778828175676,42172104,ICICIBANK.NS
2024-06-06,1083.3592529296875,1090.7741517877903,1069.8952667444207,1090.7741517877903,18574162,ICICIBANK.NS
2024-06-07,1094.3841552734375,1100.8235264178431,1076.724952853582,1083.3594059306379,17197635,ICICIBANK.NS
2024-06-10,1096.4329833984375,1105.6039769227384,1087.9447765589168,1088.8228833488845,10851455,ICICIBANK.NS
2024-06-11,1090.9693603515625,1101.5552346286859,1083.9447435857408,1092.4816621333332,12250002,ICICIBANK.NS
2024-06-12,1092.28662109375,1105.7993202810974,1084.9204320321733,1093.701262866966,16096514,ICICIBANK.NS
2024-06-13,1080.3836669921875,1095.8476622265855,1078.0909182705975,1094.872014336748,12494254,ICICIBANK.NS
2024-06-14,1078.7249755859375,1086.8716106071388,1072.6758879821507,1086.8716106071388,11377979,ICICIBANK.NS
2024-06-18,1095.506103515625,1107.4090780810202,1074.3833049204777,1086.8228143148967,18306176,ICICIBANK.NS
2024-06-19,1116.580078125,1137.166342002539,1098.7257948267247,1100.4818894098034,34309514,ICICIBANK.NS
2024-06-20,1128.6295166015625,1131.751542182319,1107.8481690931235,1125.9464849282854,15475933,ICICIBANK.NS
2024-06-21,1130.4344482421875,1141.410486972395,1122.629265145151,1135.2151467086508,69259425,ICICIBANK.NS
2024-06-24,1141.6055908203125,1147.0204843368606,1124.580582502217,1126.531878313925,12210295,ICICIBANK.NS
2024-06-25,1168.77734375,1176.631356914064,1139.2152841020384,1141.7519447999034,27309845,ICICIBANK.NS
2024-06-26,1188.339111328125,1193.0709797006668,1164.7771913357117,1172.728745333667,25403461,ICICIBANK.NS
2024-06-27,1190.19287109375,1204.9251302431871,1179.6558263643078,1198.4370480300415,20516632,ICICIBANK.NS
2024-06-28,1170.3870849609375,1197.119858680918,1167.2162295895332,1197.119858680918,12507092,ICICIBANK.NS
2024-07-01,1182.3387451171875,1185.7535123666644,1163.0209904215824,1170.3870597440186,8636894,ICICIBANK.NS
2024-07-02,1161.6063232421875,1187.3634506753801,1156.6793729867939,1187.3634506753801,16153925,ICICIBANK.NS
2024-07-03,1172.33837890625,1186.24136013032,1150.7277562015904,1167.70405183156,22330897,ICICIBANK.NS
2024-07-04,1202.9737548828125,1204.8762204814082,1184.729188396717,1199.0711636260962,15275791,ICICIBANK.NS
2024-07-05,1203.364013671875,1212.339925743088,1191.1195862106667,1195.1685483777583,9535575,ICICIBANK.NS
2024-07-08,1204.973876953125,1209.3154620742414,1187.2658453589734,1198.9736190942626,6617190,ICICIBANK.NS
2024-07-09,1217.8524169921875,1219.7548826422453,1199.3639380524303,1204.8762530735444,13366874,ICICIBANK.NS
2024-07-10,1212.9254150390625,1222.2429000724055,1206.2422507799674,1222.2429000724055,18226503,ICICIBANK.NS
2024-07-11,1208.291015625,1227.1698965417374,1195.2174298923792,1215.998657353838,11307116,ICICIBANK.NS
2024-07-12,1202.876220703125,1222.389177096727,1200.144359168967,1205.8031641621653,12208290,ICICIBANK.NS
2024-07-15,1199.998046875,1208.2910537479374,1194.241819735426,1203.071361476852,15612671,ICICIBANK.NS
2024-07-16,1209.7056884765625,1214.6814682619654,1199.0711040112092,1200.0467517768816,12320605,ICICIBANK.NS
2024-07-18,1219.8525390625,1225.8526779859858,1201.7053940039573,1204.8275385430438,10999632,ICICIBANK.NS
2024-07-19,1218.2427978515625,1220.0477226821429,1210.0473315126171,1213.706011208785,7958817,ICICIBANK.NS
2024-07-22,1210.92529296875,1214.974255165563,1202.8761986042646,1209.8032741772045,9958965,ICICIBANK.NS
2024-07-23,1196.8759765625,1218.2426878788428,1182.972994972106,1210.9253291470568,19369832,ICICIBANK.NS
2024-07-24,1193.21728515625,1203.6079582700647,1172.777510944099,1195.1685807983697,20122521,ICICIBANK.NS
2024-07-25,1168.728515625,1188.5829244027202,1161.6062390935692,1176.143415035895,14154461,ICICIBANK.NS
2024-07-26,1177.802001953125,1190.2903417018374,1157.0694857554495,1161.020907069825,19309265,ICICIBANK.NS
2024-07-29,1183.16796875,1212.486231027865,1174.826252016832,1185.5583771757993,28458261,ICICIBANK.NS
2024-07-30,1179.9971923828125,1200.876079269409,1175.0702424166864,1183.4607897362628,23972277,ICICIBANK.NS
2024-07-31,1185.314697265625,1194.827264609521,1181.509646508537,1189.3148299701952,22297629,ICICIBANK.NS
2024-08-01,1180.63134765625,1192.875774860644,1177.5093224180825,1182.97292613369,8725046,ICICIBANK.NS
2024-08-02,1167.4114990234375,1172.3872793090957,1161.118498843589,1167.8504929230744,10735395,ICICIBANK.NS
2024-08-05,1144.0445556640625,1159.9476620150213,1138.5809519506631,1153.2156685567127,14306771,ICICIBANK.NS
2024-08-06,1138.4346923828125,1158.776926636575,1133.215000102,1146.3862463365044,13575619,ICICIBANK.NS
2024-08-07,1143.8983154296875,1151.069422664435,1133.312559694185,1150.2400266838533,15753644,ICICIBANK.NS
2024-08-08,1136.239501953125,1145.8008988559393,1130.6783566530576,1138.5322506611303,10806438,ICICIBANK.NS
2024-08-09,1143.0689697265625,1152.1912530849597,1140.5323091971482,1147.8984979263976,8687307,ICICIBANK.NS
2024-08-12,1154.09033203125,1159.4533399572713,1137.5582949209468,1152.3189994398172,10860455,ICICIBANK.NS
2024-08-13,1149.7113037109375,1170.2779103089574,1145.0370803987933,1164.3243778306348,13117927,ICICIBANK.NS
2024-08-14,1143.1181640625,1151.3841824712085,1134.6061339161688,1148.3827912230433,13431801,ICICIBANK.NS
2024-08-16,1168.3096923828125,1173.9679621079767,1147.0543031789523,1151.33488320732,10961370,ICICIBANK.NS
2024-08-19,1157.140869140625,1176.67417769156,1154.58237101426,1171.9999545311712,6686394,ICICIBANK.NS
2024-08-20,1160.6341552734375,1170.8191375512558,1151.3349594196018,1155.4679086606573,10427061,ICICIBANK.NS
2024-08-21,1156.1075439453125,1159.846970432822,1146.513086110094,1158.223268928432,17234142,ICICIBANK.NS
2024-08-22,1172.098388671875,1173.5744592109102,1157.829706794536,1163.1435847596479,8564142,ICICIBANK.NS
2024-08-23,1184.300537109375,1185.7766075752363,1169.589082848793,1173.968043848346,7518309,ICICIBANK.NS
2024-08-26,1193.9442138671875,1195.5677952382332,1181.889638715724,1186.3178499958535,10920226,ICICIBANK.NS
2024-08-27,1206.7860107421875,1212.8379237983015,1189.6144386937667,1193.9442695051366,16295325,ICICIBANK.NS
2024-08-28,1204.325927734375,1206.8352956977394,1197.8804917932434,1203.1451193533376,12291305,ICICIBANK.NS
2024-08-29,1202.4071044921875,1215.2980967161698,1197.5852499624118,1199.504093644897,10806748,ICICIBANK.NS
2024-08-30,1209.5904541015625,1215.8392482869917,1199.4548426639624,1210.3777397050092,21211148,ICICIBANK.NS
2024-09-02,1210.3284912109375,1219.4309254466023,1202.997389524353,1219.2341641068904,12516759,ICICIBANK.NS
2024-09-03,1227.79541015625,1230.9935629487222,1200.930998773239,1207.6224463883482,19114907,ICICIBANK.NS
2024-09-04,1216.62646484375,1223.859186152754,1213.1331701237295,1220.070629288316,13505843,ICICIBANK.NS
2024-09-05,1216.23291015625,1224.9909529744998,1211.65718744667,1218.2502546691317,9142811,ICICIBANK.NS
2024-09-06,1188.8763427734375,1214.21555165295,1185.7765708665058,1206.3923063523205,10170479,ICICIBANK.NS
2024-09-09,1215.2979736328125,1218.5453765912819,1181.299103730193,1183.710090812365,13863250,ICICIBANK.NS
2024-09-10,1217.5614013671875,1221.5467196441462,1207.4256692162026,1217.216888818786,15545130,ICICIBANK.NS
2024-09-11,1216.62646484375,1219.5294755207808,1206.83524540051,1211.8538609951502,11993242,ICICIBANK.NS
2024-09-12,1232.174560546875,1236.9471648033514,1206.7860981365827,1218.2502705064035,15376442,ICICIBANK.NS
2024-09-13,1230.403076171875,1235.9137150505585,1222.2355585854264,1232.0267776590285,9877288,ICICIBANK.NS
2024-09-16,1242.7037353515625,1245.4098646133787,1224.8432581989914,1231.042802375231,8973335,ICICIBANK.NS
2024-09-17,1247.8699951171875,1251.9538142521255,1238.3247871252927,1239.849987924078,11513121,ICICIBANK.NS
2024-09-18,1267.796875,1274.6852037097235,1241.8672616672682,1241.8672616672682,12466597,ICICIBANK.NS
2024-09-19,1271.388671875,1279.2610475522447,1264.8447355687065,1267.7968764476732,13172268,ICICIBANK.NS
2024-09-20,1317.09765625,1340.616403523679,1270.9459481482343,1274.340862241716,73257767,ICICIBANK.NS
2024-09-23,1300.8116455078125,1310.553734024932,1287.62539277616,1309.7664484410157,11380409,ICICIBANK.NS
2024-09-24,1297.5643310546875,1310.1601805182468,1294.4645590257803,1299.9260678444703,13886037,ICICIBANK.NS
2024-09-25,1302.7305908203125,1306.568398126912,1289.1999446337225,1289.8395992053097,8728019,ICICIBANK.NS
2024-09-26,1307.84765625,1312.0789860913483,1295.8914616978661,1298.9419832399822,11100869,ICICIBANK.NS
2024-09-27,1285.7557373046875,1311.7346011418329,1283.0496081575457,1311.7346011418329,17117379,ICICIBANK.NS
2024-09-30,1252.69189453125,1276.1122623682022,1250.625419751032,1271.4871691598821,12622212,ICICIBANK.NS
2024-10-01,1254.069580078125,1259.8262312755362,1247.3780121127852,1249.542987688833,10972413,ICICIBANK.NS
2024-10-03,1236.307373046875,1245.5574384870451,1228.2382360313827,1233.6012439093365,17648551,ICICIBANK.NS
2024-10-04,1219.97216796875,1244.2289485494368,1216.4787533567373,1227.2048887996382,13488887,ICICIBANK.NS
2024-10-07,1214.215576171875,1242.8020684792546,1205.4575341441214,1221.7435594913184,20667247,ICICIBANK.NS
2024-10-08,1216.8724365234375,1227.8938344569156,1210.1317389284563,1221.202267135771,12219259,ICICIBANK.NS
2024-10-09,1224.302001953125,1244.9177369185495,1212.9854623508438,1223.2195743635768,14765997,ICICIBANK.NS
2024-10-10,1223.6624755859375,1234.6837542167523,1218.2502169484444,1226.8606284171833,9118195,ICICIBANK.NS
2024-10-11,1203.489501953125,1221.0055869072553,1202.5054549359925,1217.2661601929808,8472512,ICICIBANK.NS
2024-10-14,1212.099853515625,1218.1517663968125,1197.9788035414683,1201.5213486036762,11833929,ICICIBANK.NS
2024-10-15,1235.470947265625,1238.2263267782284,1215.691627570544,1219.1849221736488,11657338,ICICIBANK.NS
2024-10-16,1223.3179931640625,1234.9296751311315,1221.7926723383464,1228.5826203359522,7869727,ICICIBANK.NS
2024-10-17,1211.60791015625,1236.897870871355,1204.867212000474,1229.5175181191341,8459497,ICICIBANK.NS
2024-10-18,1244.327392578125,1248.6572232672752,1205.7035490362575,1208.3604278039818,11018126,ICICIBANK.NS
2024-10-21,1238.9644775390625,1252.0522311372122,1230.6000776735575,1244.3274858742436,7742775,ICICIBANK.NS
2024-10-22,1247.279541015625,1264.4019824079978,1239.653176958133,1246.3938747133964,20090801,ICICIBANK.NS
2024-10-23,1231.6331787109375,1247.7223228428932,1223.2196490881518,1240.8832443668052,14055447,ICICIBANK.NS
2024-10-24,1232.764892578125,1240.3420065108755,1221.251590602818,1230.3047750515273,12223031,ICICIBANK.NS
2024-10-25,1235.4217529296875,1248.657257098042,1214.5107542672154,1227.3526156126327,13546055,ICICIBANK.NS
2024-10-28,1272.2252197265625,1286.9367953731105,1260.1706432204314,1264.9924978474703,24096412,ICICIBANK.NS
2024-10-29,1310.6029052734375,1314.0470695956533,1278.5229987539544,1280.5894733227,20656117,ICICIBANK.NS
2024-10-30,1291.21728515625,1309.6681662645217,1284.771729306591,1302.878217992093,15055031,ICICIBANK.NS
2024-10-31,1271.6346435546875,1297.908648500615,1267.9937179678298,1286.3953474845157,23497314,ICICIBANK.NS
2024-11-01,1271.19189453125,1275.521605000899,1265.7303859247397,1269.3713115804678,1007022,ICICIBANK.NS
2024-11-04,1256.82470703125,1271.1918884914494,1249.7888674900407,1269.5189366152897,14309121,ICICIBANK.NS
2024-11-05,1276.013671875,1280.540384084737,1242.9497173467564,1252.6918064806564,16431920,ICICIBANK.NS
2024-11-06,1281.5736083984375,1294.0218271864514,1272.077530661039,1279.507133687592,12037405,ICICIBANK.NS
2024-11-07,1258.30078125,1282.016408736549,1254.905867336954,1276.4565194695,9909035,ICICIBANK.NS
2024-11-08,1238.7674560546875,1254.6598380276207,1232.7155433996181,1249.739603368689,11195808,ICICIBANK.NS
2024-11-11,1249.0509033203125,1255.545589486218,1226.7622147783625,1241.8673121816607,8387780,ICICIBANK.NS
2024-11-12,1250.330078125,1274.34084864136,1244.3274155266408,1255.7915869540607,13486168,ICICIBANK.NS
2024-11-13,1233.6995849609375,1255.8898912252891,1230.058659378344,1250.330002060316,12260404,ICICIBANK.NS
2024-11-14,1236.897705078125,1247.4762092717035,1223.219549242433,1233.7488030417599,9506892,ICICIBANK.NS
2024-11-18,1233.45361328125,1242.4576669848584,1229.468295169204,1239.8991689148563,6195554,ICICIBANK.NS
2024-11-19,1229.173095703125,1240.8832791422965,1221.054707873685,1236.996341503432,11537317,ICICIBANK.NS
2024-11-21,1230.5999755859375,1236.8486497660301,1212.887130281342,1228.6318816632047,9593870,ICICIBANK.NS
2024-11-22,1257.6612548828125,1260.9577881469831,1235.962971544977,1237.931065448711,11604338,ICICIBANK.NS
2024-11-25,1280.1959228515625,1290.2824048083883,1269.420656029783,1275.3249381508517,22717581,ICICIBANK.NS
2024-11-26,1284.132080078125,1293.2837651950626,1281.6719625867895,1289.691969633128,7646955,ICICIBANK.NS
2024-11-27,1279.9498291015625,1289.9379297411074,1277.1453192983001,1277.7849738450245,21938082,ICICIBANK.NS
2024-11-28,1265.8287353515625,1289.593492566128,1261.8434173872402,1280.294297193127,22803745,ICICIBANK.NS
2024-11-29,1279.3594970703125,1282.4592691846208,1262.6306978559342,1262.6306978559342,11397228,ICICIBANK.NS
2024-12-02,1283.8369140625,1289.6428152581445,1268.58418590124,1279.1626909163074,9626400,ICICIBANK.NS
2024-12-03,1287.527099609375,1291.8569303693412,1275.4232736408442,1283.1480184509742,11509276,ICICIBANK.NS
2024-12-04,1295.0550537109375,1298.9419911656362,1280.9338836934899,1281.819549984778,11570281,ICICIBANK.NS
2024-12-05,1315.1788330078125,1321.4767579162362,1287.7238973177443,1295.2518809925427,19210697,ICICIBANK.NS
2024-12-06,1307.552490234375,1325.6097291981625,1305.5351457750585,1321.0831368877882,8942672,ICICIBANK.NS
2024-12-09,1301.205322265625,1307.8476391384686,1299.1879779810015,1301.008440803049,8000764,ICICIBANK.NS
2024-12-10,1309.2252197265625,1310.750540551898,1294.2677540997624,1297.957930171136,8218214,ICICIBANK.NS
2024-12-11,1306.3223876953125,1310.01256393174,1295.005847236935,1303.567008056277,8138066,ICICIBANK.NS
2024-12-12,1308.04443359375,1317.392879799611,1300.467319981326,1300.467319981326,9076896,ICICIBANK.NS
2024-12-13,1323.44482421875,1325.658929951843,1292.5457246301107,1304.206657466483,13536684,ICICIBANK.NS
2024-12-16,1324.6256103515625,1328.9061906725217,1318.672198220594,1323.4448020295467,9071006,ICICIBANK.NS
2024-12-17,1312.47265625,1326.5937063526414,1304.8955425723648,1320.591043814433,9879257,ICICIBANK.NS
2024-12-18,1293.1854248046875,1313.6535308964567,1286.5922376487658,1304.108322781897,8510595,ICICIBANK.NS
2024-12-19,1266.3701171875,1282.2132499737959,1263.9591299468714,1265.4844508567164,11517304,ICICIBANK.NS
2024-12-20,1267.84619140625,1277.0470069229707,1252.1014392500044,1263.4671101390386,58491181,ICICIBANK.NS
2024-12-23,1276.1121826171875,1286.149413849784,1266.5177244802055,1273.9964575675247,6827512,ICICIBANK.NS
2024-12-24,1276.5550537109375,1283.689394924585,1269.6667242632777,1276.1122805813325,7138516,ICICIBANK.NS
2024-12-26,1276.6533203125,1291.8076677677632,1268.6333134333681,1286.149397655659,7338444,ICICIBANK.NS
2024-12-27,1286.6907958984375,1294.9566951975391,1277.834372258314,1277.834372258314,4756066,ICICIBANK.NS
2024-12-30,1273.9964599609375,1305.3383325760412,1268.8793435378464,1284.1320718868315,14207425,ICICIBANK.NS
2024-12-31,1261.203857421875,1269.3713754212274,1259.6785365277274,1266.3701041548643,8449607,ICICIBANK.NS
2025-01-01,1263.1719970703125,1272.3728127979782,1246.8859706361397,1261.2039030056599,4705399,ICICIBANK.NS
2025-01-02,1270.0111083984375,1272.7664882086394,1258.0057823459824,1264.5988495821298,7433222,ICICIBANK.NS
2025-01-03,1244.86865234375,1267.4524819820733,1242.1132728120124,1265.6811494083963,11194997,ICICIBANK.NS
2025-01-06,1243.933837890625,1257.3661039966464,1236.9471279387867,1247.8208957681682,7504047,ICICIBANK.NS
2025-01-07,1258.8421630859375,1268.387371227451,1246.2955634538516,1246.2955634538516,7539758,ICICIBANK.NS
2025-01-08,1243.58935546875,1264.500353533012,1232.3711960120443,1260.1213925757818,7566309,ICICIBANK.NS
2025-01-09,1242.260986328125,1244.5734728084612,1228.1890658447487,1237.9311554007072,8684920,ICICIBANK.NS
2025-01-10,1229.9111328125,1244.7702186556908,1223.2688154875007,1238.9151869887507,7854524,ICICIBANK.NS
2025-01-13,1210.1318359375,1224.1052557235084,1205.3592318634503,1215.1997021699149,9669336,ICICIBANK.NS
2025-01-14,1220.5135498046875,1224.9908916090162,1207.868449677033,1213.6743510380347,10342698,ICICIBANK.NS
2025-01-15,1218.49609375,1224.5480063080474,1210.3777066929133,1214.3138943569554,5355382,ICICIBANK.NS
2025-01-16,1229.173095703125,1235.4710205893364,1219.8738995113004,1225.2369076646085,11895924,ICICIBANK.NS
2025-01-17,1205.9002685546875,1229.0746219251816,1198.569166937447,1223.51473271735,9790533,ICICIBANK.NS
2025-01-20,1213.28076171875,1221.9404238041425,1195.8631769905248,1204.3752079938956,7676418,ICICIBANK.NS
2025-01-21,1177.0677490234375,1219.1848851844006,1173.6727150709557,1217.216791341657,20520898,ICICIBANK.NS
2025-01-22,1181.299072265625,1188.236651072606,1172.787162540538,1181.840346118592,10377123,ICICIBANK.NS
2025-01-23,1182.5784912109375,1188.6304043313805,1167.0797508434964,1178.150279677383,8770650,ICICIBANK.NS
2025-01-24,1189.90966796875,1198.569330226456,1182.824577120033,1183.9070048715128,9216792,ICICIBANK.NS
2025-01-27,1208.3604736328125,1214.9536606503923,1174.0664594794448,1175.9361728164579,16164687,ICICIBANK.NS
2025-01-28,1227.0081787109375,1243.8353577059515,1216.28204282006,1227.4509517938643,18066499,ICICIBANK.NS
2025-01-29,1231.6824951171875,1235.7663143361442,1223.2197146425951,1232.0268875547777,7666777,ICICIBANK.NS
2025-01-30,1235.5693359375,1239.7515355072983,1219.72620394473,1230.058696999526,11921041,ICICIBANK.NS
2025-01-31,1232.814208984375,1235.963111537846,1219.332692143045,1234.4870409428568,10195417,ICICIBANK.NS
2025-02-01,1235.520263671875,1241.2276642201673,1214.117241339197,1231.1904328305643,3011914,ICICIBANK.NS
2025-02-03,1233.0108642578125,1239.8991931084147,1218.0533982313877,1226.9589513144845,6176831,ICICIBANK.NS
2025-02-04,1247.9683837890625,1260.0722101946521,1239.8992462672875,1242.6546259748302,14839077,ICICIBANK.NS
2025-02-05,1247.476318359375,1257.366038635732,1244.9670706142904,1249.9364358288246,6840709,ICICIBANK.NS
2025-02-06,1252.101318359375,1258.5960039721779,1243.0480146698765,1254.6598163131562,8396554,ICICIBANK.NS
2025-02-07,1236.8487548828125,1254.6599823726938,1229.616033126662,1251.707841237699,7382039,ICICIBANK.NS
2025-02-10,1242.4576416015625,1244.8193782805915,1229.4190196551453,1237.143764104477,5740361,ICICIBANK.NS
2025-02-11,1232.764892578125,1241.7196963503554,1228.48431210643,1235.815414286521,6586627,ICICIBANK.NS
2025-02-12,1231.8299560546875,1249.49354984024,1224.7939967031841,1237.1437132102558,8809352,ICICIBANK.NS
2025-02-13,1228.976318359375,1245.8034979804984,1226.0241773689,1232.5681139223714,7263785,ICICIBANK.NS
2025-02-14,1239.99755859375,1243.3433423047895,1224.5971995418054,1232.125182860914,10368438,ICICIBANK.NS
2025-02-17,1231.1904296875,1238.0787586965241,1213.5759643398394,1231.1904296875,8386151,ICICIBANK.NS
2025-02-18,1223.2196044921875,1237.537415485285,1217.3153228151366,1232.912442887429,8135042,ICICIBANK.NS
2025-02-19,1241.52294921875,1244.2782088063445,1210.6238487061553,1215.150440982361,10683412,ICICIBANK.NS
2025-02-20,1230.009521484375,1243.8354301295267,1226.8606190775215,1235.323399403501,8398849,ICICIBANK.NS
2025-02-21,1213.28076171875,1224.843314551203,1205.0148626007026,1221.3007691973355,7786428,ICICIBANK.NS
2025-02-24,1198.9136962890625,1212.2475818317712,1190.9429392289517,1207.1304651110468,11522480,ICICIBANK.NS
2025-02-25,1204.6212158203125,1212.0015686679765,1201.5214435997075,1207.0320830347105,11059417,ICICIBANK.NS
2025-02-27,1202.9482421875,1215.1504493679895,1199.0120540726923,1205.6052412387521,12008162,ICICIBANK.NS
2025-02-28,1184.8909912109375,1205.4575979266801,1180.9548031360748,1196.6011747582393,20215075,ICICIBANK.NS
2025-03-03,1186.9573974609375,1197.5851526992194,1184.9401732626818,1191.188847446512,8158881,ICICIBANK.NS
2025-03-04,1191.0904541015625,1197.2407475483415,1187.0066352283177,1187.8923015092375,9574490,ICICIBANK.NS
2025-03-05,1196.305908203125,1206.3923901078597,1191.9761974350436,1197.5852173719204,9052846,ICICIBANK.NS
2025-03-06,1198.6185302734375,1208.3604997504162,1189.7128566225836,1208.3604997504162,11949475,ICICIBANK.NS
2025-03-07,1195.17431640625,1198.4215993904008,1187.0559287614878,1191.7792822265046,6620284,ICICIBANK.NS
2025-03-10,1195.469482421875,1206.2448692222129,1188.7287844485525,1188.7287844485525,7363437,ICICIBANK.NS
2025-03-11,1225.5321044921875,1228.0906025562624,1197.7819082260587,1197.7819082260587,10927950,ICICIBANK.NS
2025-03-12,1224.105224609375,1231.9776006544478,1215.5933141089804,1227.0573656262773,11548372,ICICIBANK.NS
2025-03-13,1230.10791015625,1235.5692985318378,1225.4336872491594,1231.0919570840585,8132940,ICICIBANK.NS
2025-03-17,1248.7557373046875,1253.626722273369,1234.7330664957105,1236.9964228158067,11164812,ICICIBANK.NS
2025-03-18,1248.7557373046875,1248.7557373046875,1248.7557373046875,1248.7557373046875,0,ICICIBANK.NS
2025-03-19,1292.1519775390625,1297.2690935608202,1281.3767118900164,1284.771625690972,11278014,ICICIBANK.NS
2025-03-20,1300.6148681640625,1303.1242360561191,1290.1348637421092,1298.9420363179743,10886735,ICICIBANK.NS
2025-03-21,1321.673583984375,1327.47948567053,1290.676101553966,1295.005932648197,60494318,ICICIBANK.NS
2025-03-24,1336.4835205078125,1351.0965951268047,1323.592528220555,1334.3185449313019,9352280,ICICIBANK.NS
2025-03-25,1322.263916015625,1342.0433569660177,1308.8317704607064,1337.3198832805363,16419207,ICICIBANK.NS
2025-03-26,1314.58837890625,1336.3357930453642,1310.2585481884407,1322.608385783058,10859639,ICICIBANK.NS
2025-03-27,1315.326416015625,1329.9394896015347,1311.8822515956433,1311.8822515956433,15109614,ICICIBANK.NS
2025-03-28,1326.8397216796875,1336.2865486646785,1306.027104024632,1314.6867654992452,8266544,ICICIBANK.NS
2025-04-01,1297.416748046875,1330.7759661157215,1294.4154767036698,1318.6230094191676,14288024,ICICIBANK.NS
2025-04-02,1310.0125732421875,1316.605640115626,1301.0577695360655,1301.0577695360655,8042214,ICICIBANK.NS
2025-04-03,1308.3397216796875,1311.7346357410256,1300.172083625529,1300.8608684683468,4591008,ICICIBANK.NS
2025-04-04,1313.998046875,1317.196199721689,1301.0085540085365,1308.3397764539347,8648542,ICICIBANK.NS
2025-04-07,1267.009765625,1303.8622778051142,1244.8194576780902,1274.5868794921314,19185012,ICICIBANK.NS
2025-04-08,1279.1627197265625,1289.1508208042862,1266.8128818235116,1279.113469327377,13085762,ICICIBANK.NS
2025-04-09,1280.04833984375,1284.2796697185806,1264.008326268558,1284.1320386492785,13005622,ICICIBANK.NS
2025-04-11,1290.7252197265625,1303.8622226242683,1284.2796640863085,1284.2796640863085,13064247,ICICIBANK.NS
2025-04-15,1328.66015625,1332.6948448810174,1314.8834988213314,1329.4474418665204,15202603,ICICIBANK.NS
2025-04-16,1334.7613525390625,1338.0086355110902,1321.4767182608662,1335.35175670462,14039073,ICICIBANK.NS
2025-04-17,1384.2587890625,1386.4237644145942,1338.4022254639915,1340.271938683508,17490424,ICICIBANK.NS
2025-04-21,1387.3095703125,1413.0915548092914,1382.2908342910866,1413.0915548092914,16882426,ICICIBANK.NS
2025-04-22,1393.902587890625,1396.1659440599142,1376.5833845612567,1390.2616620074302,16135274,ICICIBANK.NS
2025-04-23,1401.676513671875,1407.0887719511927,1388.7855225220842,1406.2031056627204,13990764,ICICIBANK.NS
2025-04-24,1380.3226318359375,1398.5275007158652,1376.4849447649922,1393.7057666784372,15678099,ICICIBANK.NS
2025-04-25,1382.38916015625,1392.2296293483562,1366.2507666566128,1387.5061560869792,11705093,ICICIBANK.NS
2025-04-28,1406.00634765625,1412.1073907727903,1381.4051736009749,1383.1763860592027,10948561,ICICIBANK.NS
2025-04-29,1406.9903564453125,1415.354755397171,1399.9051464358704,1406.0063095097996,10786910,ICICIBANK.NS
2025-04-30,1404.235107421875,1410.828174453101,1377.665837694902,1410.1393895834246,14192027,ICICIBANK.NS
2025-05-02,1407.2855224609375,1423.5222971739024,1401.8732642232824,1404.136620262742,8842434,ICICIBANK.NS
2025-05-05,1406.5968017578125,1423.719243532893,1403.251017942901,1417.0276759030696,4565705,ICICIBANK.NS
2025-05-06,1408.7615966796875,1410.8280712604956,1397.740318833432,1406.2030986214052,6301690,ICICIBANK.NS
2025-05-07,1412.5010986328125,1418.9957848579238,1398.3307976997987,1402.2669857299177,10480453,ICICIBANK.NS
2025-05-08,1412.5994873046875,1425.7857413048096,1403.3494213569647,1415.6500090207114,15306490,ICICIBANK.NS
2025-05-09,1366.742919921875,1397.2483773146432,1364.8732065732167,1392.6232842813388,13491197,ICICIBANK.NS
2025-05-12,1425.39208984375,1429.8203013758846,1381.601998025975,1386.9158758891217,9925445,ICICIBANK.NS
2025-05-13,1407.777587890625,1424.8016487219365,1404.6286855985884,1417.126034216079,12475424,ICICIBANK.NS
2025-05-14,1403.44775390625,1417.7164351068907,1394.6898318883327,1407.088799803615,8026837,ICICIBANK.NS
2025-05-15,1427.6553955078125,1433.2644152009339,1392.9184893353395,1403.152601872172,18209264,ICICIBANK.NS
2025-05-16,1430.8043212890625,1435.4292940858757,1423.915992369514,1430.115536446277,6439208,ICICIBANK.NS
2025-05-19,1425.8841552734375,1436.413410510274,1420.7671587350164,1423.4240376832488,6005334,ICICIBANK.NS
2025-05-20,1415.25634765625,1435.724573309837,1412.5994688048465,1427.0649116587983,11352383,ICICIBANK.NS
2025-05-21,1421.6527099609375,1428.1475165201844,1415.5516663650185,1419.88149736354,5510460,ICICIBANK.NS
2025-05-22,1419.0941162109375,1422.2431385993382,1405.0223165661077,1418.11006923761,7245933,ICICIBANK.NS
2025-05-23,1426.67138671875,1428.639480716087,1411.5170389146704,1419.1925334305297,5203706,ICICIBANK.NS
2025-05-26,1437.2989501953125,1448.1234666381572,1431.7883113035389,1434.7404521515875,5608725,ICICIBANK.NS
2025-05-27,1423.3255615234375,1439.660717201896,1412.7961868700127,1429.3282240162364,14842959,ICICIBANK.NS
2025-05-28,1430.6075439453125,1434.7404932016627,1419.487765050342,1424.5063806110309,8618343,ICICIBANK.NS
2025-05-29,1433.264404296875,1439.5623288964678,1421.9478642011566,1433.3627849687755,15545514,ICICIBANK.NS
2025-05-30,1422.7352294921875,1437.5943154688398,1421.2591589622632,1436.6102684488903,11803975,ICICIBANK.NS
2025-06-02,1427.3602294921875,1436.7086763589064,1409.9426449581042,1418.9958296640707,9458990,ICICIBANK.NS
2025-06-03,1414.961181640625,1431.7883610343827,1409.1552804132207,1431.6899803606145,11167345,ICICIBANK.NS
2025-06-04,1408.1712646484375,1417.1260683724902,1403.6446724484365,1414.4691895072294,8025388,ICICIBANK.NS
2025-06-05,1431.591552734375,1435.724501880477,1404.5302615748733,1408.072806574806,11385668,ICICIBANK.NS
2025-06-06,1436.413330078125,1438.0862820195339,1419.0941272375726,1425.4904326139017,11580994,ICICIBANK.NS
2025-06-09,1411.9107666015625,1443.40027245163,1410.5330766960358,1441.6289396983907,11022031,ICICIBANK.NS
2025-06-10,1400.200439453125,1418.7004501751119,1393.902514902332,1416.0435714397854,12905272,ICICIBANK.NS
2025-06-11,1408.1712646484375,1411.6154291671444,1395.9690577575766,1399.1180802484353,7136877,ICICIBANK.NS
2025-06-12,1402.4637451171875,1413.5835243358638,1397.3467487343728,1407.679242298958,7953247,ICICIBANK.NS
2025-06-13,1393.5089111328125,1398.822788875249,1381.2083238229704,1381.2083238229704,7573103,ICICIBANK.NS
2025-06-16,1404.13671875,1406.2031934701922,1391.639249505445,1394.000986381205,5451137,ICICIBANK.NS
2025-06-17,1400.49560546875,1406.990411596049,1395.1818479070278,1404.1366513466178,6970098,ICICIBANK.NS
2025-06-18,1390.064697265625,1409.1552321163663,1387.7029605615166,1394.3945278693373,6751745,ICICIBANK.NS
2025-06-19,1388.78564453125,1392.1313083904192,1382.2908379271437,1385.538241229197,8849883,ICICIBANK.NS
2025-06-20,1404.33349609375,1410.4346597691706,1387.7030772194692,1388.7856250535913,12408178,ICICIBANK.NS
2025-06-23,1397.4451904296875,1400.4957122573712,1389.3760526760818,1394.394668602004,5514384,ICICIBANK.NS
2025-06-24,1401.38134765625,1412.993150628414,1393.9026142728064,1404.9238929302046,11188438,ICICIBANK.NS
2025-06-25,1403.05419921875,1406.104720760603,1392.7217061711412,1399.3147727333048,7527388,ICICIBANK.NS
2025-06-26,1416.1419677734375,1424.4079863300926,1399.0195265038492,1402.0701682033073,13617435,ICICIBANK.NS
2025-06-27,1438.8734130859375,1442.6128395732899,1414.1738584793554,1415.9451910518737,22532899,ICICIBANK.NS
2025-06-30,1422.7352294921875,1438.5783624887893,1419.291064922364,1438.4799818113797,6325073,ICICIBANK.NS
2025-07-01,1409.1552734375,1424.506382279972,1406.7935366641375,1422.6366689959384,7761449,ICICIBANK.NS
2025-07-02,1405.0223388671875,1427.8521809615802,1399.905222450911,1409.352049520214,13372280,ICICIBANK.NS
2025-07-03,1403.152587890625,1423.030288484485,1400.9876124993152,1409.253631009119,10177738,ICICIBANK.NS
2025-07-04,1419.7830810546875,1421.35753225384,1398.4291887589882,1404.2350901711065,5066503,ICICIBANK.NS
2025-07-07,1412.796142578125,1417.9132587357801,1406.7934802735126,1414.0754516482682,5177477,ICICIBANK.NS
2025-07-08,1418.9957275390625,1421.947868442403,1407.1871639257,1409.1552578612602,5315847,ICICIBANK.NS
2025-07-09,1409.0570068359375,1415.7484547587683,1403.8415093776578,1413.2883371129633,8827347,ICICIBANK.NS
2025-07-10,1401.38134765625,1416.0436723886824,1399.4132536015054,1413.8788169776346,7795964,ICICIBANK.NS
2025-07-11,1399.2164306640625,1405.2190932422636,1392.032839631232,1399.3148113378843,7158015,ICICIBANK.NS
2025-07-14,1400.2989501953125,1402.1686636122888,1393.5090015352046,1402.1686636122888,5846154,ICICIBANK.NS
2025-07-15,1407.9744873046875,1410.9266282871913,1396.3626847243358,1398.429159387504,6041457,ICICIBANK.NS
2025-07-16,1403.6446533203125,1406.3999128239755,1396.4610622300193,1403.2510104989537,5649093,ICICIBANK.NS
2025-07-17,1396.0675048828125,1400.495716617636,1387.0143200519017,1398.3308611520058,12927394,ICICIBANK.NS
2025-07-18,1403.05419921875,1406.2031014317106,1386.0301388149505,1393.213729649599,11297246,ICICIBANK.NS
2025-07-21,1442.4161376953125,1444.2857308931439,1414.07553610418,1424.9000530820128,13867136,ICICIBANK.NS
2025-07-22,1450.0916748046875,1458.3576938551728,1446.25386737522,1450.5836983181339,8930165,ICICIBANK.NS
2025-07-23,1464.852294921875,1466.2299847038992,1449.1075434082761,1459.243275244324,11974174,ICICIBANK.NS
2025-07-24,1459.7353515625,1464.9507286163912,1454.5198543856832,1463.9666816111749,6700578,ICICIBANK.NS
2025-07-25,1453.5357666015625,1476.0704664133914,1450.0916021799312,1476.0704664133914,8696077,ICICIBANK.NS
2025-07-28,1464.6556396484375,1469.969517693696,1453.5358600374882,1453.5358600374882,7507479,ICICIBANK.NS
2025-07-29,1462.4906005859375,1466.0332658775797,1451.8629650797843,1456.2911765714125,9776027,ICICIBANK.NS
2025-07-30,1458.7513427734375,1464.754005637929,1453.7327269399423,1463.9667199639605,7238625,ICICIBANK.NS
2025-07-31,1457.767333984375,1470.6583264040125,1440.6448911712775,1446.4507928310486,12406146,ICICIBANK.NS
2025-08-01,1448.12353515625,1461.408169601032,1446.3523226373668,1456.7831967694258,4416771,ICICIBANK.NS
2025-08-04,1439.8575439453125,1455.2087734738848,1437.987950715613,1453.240679444368,6140054,ICICIBANK.NS
2025-08-05,1421.357421875,1438.184600497358,1418.0116382597967,1429.820201520808,14799343,ICICIBANK.NS
2025-08-06,1420.5703125,1430.8044259536912,1418.6022183790183,1419.291123395121,7805252,ICICIBANK.NS
2025-08-07,1417.322998046875,1424.8017315172433,1406.301599138448,1418.110163604165,7432535,ICICIBANK.NS
2025-08-08,1412.9931640625,1424.5064663430474,1409.1553565946745,1422.8336344297813,5415511,ICICIBANK.NS
2025-08-11,1413.681884765625,1415.4532174004985,1397.7403715434584,1405.1207239838918,8492484,ICICIBANK.NS
2025-08-12,1410.112060546875,1421.8134608053708,1408.2279203629066,1419.0368204237539,5913947,ICICIBANK.NS
2025-08-13,1408.922119140625,1415.7643381003145,1403.368838463484,1412.6902784003407,9009465,ICICIBANK.NS
2025-08-14,1415.3677978515625,1419.1359571615956,1400.1956576735638,1400.1956576735638,7577793,ICICIBANK.NS
2025-08-18,1422.606689453125,1440.2579294966365,1419.0368097392131,1437.8779693374279,6908844,ICICIBANK.NS
2025-08-19,1424.29248046875,1426.474039895735,1414.3760811646432,1419.1358802007367,6709554,ICICIBANK.NS
2025-08-20,1418.64013671875,1423.8958770531979,1411.1036970512757,1420.6234166864958,5817858,ICICIBANK.NS
2025-08-21,1433.911376953125,1435.6963772945633,1424.3916575816534,1428.0606770004104,6238645,ICICIBANK.NS
2025-08-22,1424.3917236328125,1433.9114434457279,1417.450243616132,1432.2257038615987,6657207,ICICIBANK.NS
2025-08-25,1421.2183837890625,1423.8958843891958,1412.0953443103494,1423.8958843891958,6738427,ICICIBANK.NS
2025-08-26,1404.7572021484375,1415.9627825871721,1401.2864621426106,1415.9627825871721,8720155,ICICIBANK.NS
2025-08-28,1387.4034423828125,1399.9973424915918,1384.6269231275805,1396.2290622275916,12990789,ICICIBANK.NS
2025-08-29,1386.1143798828125,1393.254139151069,1380.4619594997932,1380.4619594997932,8519507,ICICIBANK.NS
2025-09-01,1399.2039794921875,1400.5922996421114,1386.4117998354175,1386.4117998354175,4927348,ICICIBANK.NS
2025-09-02,1382.54443359375,1402.0798141390458,1378.3795940317052,1402.0798141390458,7163073,ICICIBANK.NS
2025-09-03,1385.321044921875,1388.2959648465462,1372.6280048233573,1377.387925122752,9813382,ICICIBANK.NS
2025-09-04,1393.75,1403.2697196534332,1390.180120261188,1398.1132401473494,10564859,ICICIBANK.NS
2025-09-05,1391.0726318359375,1399.699851362779,1376.098771088494,1399.2040313658385,6621077,ICICIBANK.NS
2025-09-08,1390.973388671875,1398.807368933041,1385.9160488487796,1390.4775686686341,5880943,ICICIBANK.NS
2025-09-09,1391.9649658203125,1395.7332460946977,1383.5360261458507,1387.304306420236,6470679,ICICIBANK.NS
2025-09-10,1392.163330078125,1401.8813288190768,1390.3783297737682,1398.2123094765393,7452347,ICICIBANK.NS
2025-09-11,1389.882568359375,1396.2290884258164,1384.3294086949145,1386.3126886500647,10192026,ICICIBANK.NS
2025-09-12,1405.847900390625,1407.8311802789096,1388.39506158368,1393.3532613043915,7770038,ICICIBANK.NS
2025-09-15,1407.5338134765625,1414.8719735471493,1404.4597537449094,1410.1120532176328,5845637,ICICIBANK.NS
2025-09-16,1409.71533203125,1412.987792293879,1401.8813521978338,1402.1788926034542,8213151,ICICIBANK.NS
2025-09-17,1407.33544921875,1414.1777894755733,1404.5589298296168,1408.2279494348236,7484283,ICICIBANK.NS
2025-09-18,1409.814453125,1420.821753289835,1403.4680543540285,1419.1358927633355,8130537,ICICIBANK.NS
2025-09-19,1390.4775390625,1406.145499251229,1388.494259091765,1404.26135906907,13457344,ICICIBANK.NS
2025-09-22,1389.783447265625,1398.1132473992611,1385.5193468847744,1392.1634074537787,8847948,ICICIBANK.NS
2025-09-23,1382.6436767578125,1391.568436605077,1379.3712163938944,1379.3712163938944,12827524,ICICIBANK.NS
2025-09-24,1371.1405029296875,1379.2720231049968,1364.9923836933056,1374.8096433544556,9735678,ICICIBANK.NS
2025-09-25,1364.29833984375,1379.867039189023,1360.331779903573,1365.488259405882,21613389,ICICIBANK.NS
2025-09-26,1348.233642578125,1361.2241016242142,1345.655402935739,1356.563442311047,18342280,ICICIBANK.NS
2025-09-29,1336.829833984375,1355.076033842118,1334.9456938107846,1348.233693764239,20563163,ICICIBANK.NS
2025-09-30,1336.730712890625,1345.2587926353076,1331.3758327091439,1342.3830124406416,20166871,ICICIBANK.NS
2025-10-01,1360.530029296875,1367.8681892333634,1335.8381700071102,1336.7306701838102,20952632,ICICIBANK.NS
2025-10-03,1353.786865234375,1360.4309257938526,1349.9195661151996,1360.4309257938526,12163695,ICICIBANK.NS
2025-10-06,1352.001953125,1361.1249923873581,1347.73785285358,1359.5383926525742,14314283,ICICIBANK.NS
2025-10-07,1364.3974609375,1371.5372203120692,1352.2002408686599,1352.2002408686599,16126464,ICICIBANK.NS
2025-10-08,1358.8443603515625,1370.0498198860423,1352.8945202642897,1360.8276403806535,8100832,ICICIBANK.NS
2025-10-09,1364.69482421875,1367.173924045517,1353.687645197864,1358.3484255020637,7909575,ICICIBANK.NS
2025-10-10,1368.7607421875,1373.4214017735967,1358.8443421746942,1358.8443421746942,7673816,ICICIBANK.NS
2025-10-13,1367.8681640625,1374.8096436760768,1361.6207839903618,1361.6207839903618,8923018,ICICIBANK.NS
2025-10-14,1372.52880859375,1377.3878684808556,1363.6040491867466,1377.3878684808556,10610855,ICICIBANK.NS
2025-10-15,1386.7093505859375,1388.692630514965,1373.9171708337506,1374.9088107982643,8988550,ICICIBANK.NS
2025-10-16,1405.451416015625,1407.0380158006922,1387.7010358612888,1389.287635646356,12185032,ICICIBANK.NS
2025-10-17,1424.5899658203125,1427.5648857493748,1399.1048668479334,1400.1956466119625,17037215,ICICIBANK.NS
2025-10-20,1378.6771240234375,1432.9197829584125,1377.5862231965677,1429.944862993793,23330227,ICICIBANK.NS
2025-10-21,1370.4464111328125,1375.999570643796,1364.3974316467445,1372.9255110082336,3415560,ICICIBANK.NS
2025-10-23,1352.2994384765625,1378.1813396780694,1348.7295586366392,1373.4214191916344,21124942,ICICIBANK.NS
2025-10-24,1366.182373046875,1370.0497932383416,1356.66265330236,1356.66265330236,10570263,ICICIBANK.NS
2025-10-27,1366.083251953125,1375.206412664237,1362.5133721313011,1370.5456319928564,11499836,ICICIBANK.NS
2025-10-28,1351.7044677734375,1364.298368477702,1344.8621275230646,1361.521728041381,26477914,ICICIBANK.NS
2025-10-29,1358.9434814453125,1360.2325408166014,1347.043801434495,1353.191921020162,16129382,ICICIBANK.NS
2025-10-30,1351.0103759765625,1358.7450954369456,1349.9195961737937,1351.0103759765625,9324401,ICICIBANK.NS
2025-10-31,1334.0533447265625,1350.6136843601014,1332.07006472016,1345.6554843440952,15926798,ICICIBANK.NS
2025-11-03,1335.14404296875,1340.3005222505137,1326.715103456384,1329.2933430972657,11071450,ICICIBANK.NS
2025-11-04,1325.7235107421875,1338.5156906678078,1322.0543701938611,1331.375810196628,15211183,ICICIBANK.NS
2025-11-06,1309.3614501953125,1330.979129069885,1306.386530263507,1318.88116976713,24221853,ICICIBANK.NS
2025-11-07,1331.7724609375,1333.0616413002483,1307.576421800604,1309.3614221413634,7719245,ICICIBANK.NS
2025-11-10,1336.730712890625,1338.3173126722259,1329.7892329275433,1331.6733731274833,8542340,ICICIBANK.NS
2025-11-11,1346.944580078125,1349.0269997439532,1334.9456399539874,1337.7222802082897,8305184,ICICIBANK.NS
2025-11-12,1347.53955078125,1358.5467300041707,1344.0688109600715,1358.5467300041707,9736761,ICICIBANK.NS
2025-11-13,1374.3138427734375,1378.7762225869417,1347.142883699029,1347.5395638924115,18296626,ICICIBANK.NS
2025-11-14,1361.521728515625,1369.653128146561,1351.8036080349211,1362.513368521827,9694498,ICICIBANK.NS
2025-11-17,1367.4715576171875,1370.9422976111398,1362.1166774165574,1363.6041374139656,7660717,ICICIBANK.NS
2025-11-18,1361.9183349609375,1371.2397747243117,1357.6542347453071,1368.6614140079962,9529560,ICICIBANK.NS
2025-11-19,1371.5372314453125,1372.4297316368286,1360.133371680989,1362.0175118520117,10393918,ICICIBANK.NS
2025-11-20,1371.4381103515625,1376.6938507345087,1363.9016706145442,1368.5623301618334,10131863,ICICIBANK.NS
2025-11-21,1358.0509033203125,1364.4965629563708,1353.1918433847088,1361.5216431243439,11483595,ICICIBANK.NS
2025-11-24,1356.960205078125,1365.488284898759,1350.1178648436169,1361.8192653055182,15896003,ICICIBANK.NS
2025-11-25,1346.4488525390625,1365.3891524995797,1342.978112507823,1353.5886121834044,12235000,ICICIBANK.NS
2025-11-26,1363.5050048828125,1365.4882848899147,1348.5312650391513,1348.6304048295453,9659004,ICICIBANK.NS
2025-11-27,1380.5611572265625,1382.3461576434415,1364.1990972544559,1367.471557668799,15158741,ICICIBANK.NS
2025-11-28,1377.189697265625,1386.8085569633604,1374.0163765969262,1380.3628968845176,7683986,ICICIBANK.NS
2025-12-01,1378.478759765625,1388.2960201178482,1373.8181001180092,1382.3461800316288,8867593,ICICIBANK.NS
2025-12-02,1361.521728515625,1370.2482089901266,1359.1417682907786,1370.2482089901266,12126396,ICICIBANK.NS
2025-12-03,1379.8670654296875,1382.544445020301,1355.5718853340877,1355.5718853340877,7955933,ICICIBANK.NS
2025-12-04,1375.1070556640625,1379.9661155774988,1368.3639767054422,1375.4045960658268,7373909,ICICIBANK.NS
2025-12-05,1380.858642578125,1383.6352828825825,1369.4547830523452,1369.4547830523452,4942638,ICICIBANK.NS
2025-12-08,1377.98291015625,1383.2386505394277,1371.7356508298087,1375.404670384236,7826227,ICICIBANK.NS
2025-12-09,1363.7032470703125,1372.7272676950297,1361.9183677427457,1368.3640275890855,10492030,ICICIBANK.NS
2025-12-10,1352.2001953125,1367.8681547535796,1346.5478960855444,1366.3806948465074,8725381,ICICIBANK.NS
2025-12-11,1348.63037109375,1355.1751707435094,1341.490611666704,1352.299390595187,6734750,ICICIBANK.NS
2025-12-12,1354.5802001953125,1359.240859638436,1351.90282069391,1356.5634801370334,3890885,ICICIBANK.NS
2025-12-15,1353.786865234375,1358.5467856038574,1344.7629655399599,1344.7629655399599,5342530,ICICIBANK.NS
2025-12-16,1354.5802001953125,1357.257579696715,1344.1679805012782,1352.5969202535916,12359741,ICICIBANK.NS
2025-12-17,1341.0938720703125,1353.5885110391764,1331.8715722565005,1353.5885110391764,9440391,ICICIBANK.NS
2025-12-18,1345.4571533203125,1358.0509324595278,1334.2515732926577,1335.0449336848067,7314573,ICICIBANK.NS
2025-12-19,1342.7796630859375,1349.0270433350909,1339.5073238052678,1342.6805232986085,14318512,ICICIBANK.NS
2025-12-22,1357.059326171875,1359.8359665635035,1343.4739067302291,1346.647106277973,9375294,ICICIBANK.NS
2025-12-23,1351.605224609375,1353.5885044694035,1345.6553850292898,1349.7210845323889,9105467,ICICIBANK.NS
2025-12-24,1348.43212890625,1356.7618081188289,1346.2504482626368,1352.3986889312134,8955140,ICICIBANK.NS
2025-12-26,1339.110595703125,1350.6135947672478,1337.2264556120658,1345.159575111433,2812144,ICICIBANK.NS
2025-12-29,1332.070068359375,1344.3663075928198,1330.2850679288142,1340.7964277815033,6057201,ICICIBANK.NS
2025-12-30,1331.276611328125,1335.8381308143366,1326.9133714087848,1332.0699716952038,18621277,ICICIBANK.NS
2025-12-31,1331.67333984375,1338.7139594203709,1328.3017397359904,1331.574200056716,6150634,ICICIBANK.NS
2026-01-01,1326.8143310546875,1337.1274113505744,1324.8310510381634,1332.665031313395,4179311,ICICIBANK.NS
2026-01-02,1344.06884765625,1345.5563076202234,1325.12854832495,1326.8142878641993,8226205,ICICIBANK.NS
2026-01-05,1360.0341796875,1364.0007394532674,1341.2921605842894,1342.878760280637,6920565,ICICIBANK.NS
2026-01-06,1399.4022216796875,1401.7821817231495,1354.5801452353044,1360.5299848190614,17260416,ICICIBANK.NS
2026-01-07,1415.7642822265625,1417.9459627064246,1392.4607438290054,1396.2290239898057,15813795,ICICIBANK.NS
2026-01-08,1423.00341796875,1430.1431776389843,1411.4012782421678,1417.0535778936194,14861699,ICICIBANK.NS
2026-01-09,1392.56005859375,1417.549337423264,1389.7834182572258,1415.1693772847862,12555636,ICICIBANK.NS
2026-01-12,1401.286376953125,1412.3928169264516,1380.0652579976486,1388.1967781468372,10923811,ICICIBANK.NS
2026-01-13,1424.9866943359375,1429.746614803746,1399.3031938675902,1408.1288141663404,14295581,ICICIBANK.NS
2026-01-14,1406.5421142578125,1431.8289327125644,1403.0713744699053,1413.6818734015883,13832255,ICICIBANK.NS
2026-01-15,1406.5421142578125,1406.5421142578125,1406.5421142578125,1406.5421142578125,0,ICICIBANK.NS
2026-01-16,1399.0057373046875,1417.0535365865687,1388.494256638521,1406.0463569783972,12530886,ICICIBANK.NS
2026-01-19,1369.05810546875,1388.2959449153948,1348.6303464892405,1388.1968051292893,23302883,ICICIBANK.NS
2026-01-20,1364.29833984375,1376.1980196642805,1360.0342394881388,1363.207439020359,15012785,ICICIBANK.NS
2026-01-21,1337.7222900390625,1360.0341888721825,1328.3017105317451,1356.0676290796277,21766068,ICICIBANK.NS
2026-01-22,1334.2515869140625,1346.6470866066866,1326.814287098488,1343.7713064680374,17179765,ICICIBANK.NS
2026-01-23,1332.169189453125,1343.8704687287582,1324.5334888848981,1329.2934092663852,14056524,ICICIBANK.NS
2026-01-27,1350.0186767578125,1357.6542560921293,1317.492837384778,1328.7975572308817,25263634,ICICIBANK.NS
2026-01-28,1356.2659912109375,1368.859891948821,1351.2086513775284,1351.2086513775284,13242696,ICICIBANK.NS
2026-01-29,1372.0330810546875,1376.098780848474,1343.0772414479197,1347.6387612421634,23118234,ICICIBANK.NS
2026-01-30,1343.672119140625,1370.347257745332,1341.8871188281207,1356.7617179329986,24013717,ICICIBANK.NS
2026-02-02,1341.4906005859375,1343.0772003288644,1317.9886606539171,1318.7820210502812,12800245,ICICIBANK.NS
2026-02-03,1378.08203125,1405.15385111339,1361.918372212169,1400.1956512153185,24896698,ICICIBANK.NS
2026-02-04,1396.625732421875,1402.1788919423802,1375.3054734566974,1375.4046132419246,11080683,ICICIBANK.NS
2026-02-05,1384.8251953125,1402.1788945018798,1381.5527350454402,1402.1788945018798,8982761,ICICIBANK.NS
2026-02-06,1394.344970703125,1398.7082108846507,1383.0402505668367,1385.0235305539115,10851190,ICICIBANK.NS
2026-02-09,1384.626953125,1402.1789323590788,1377.1896532716103,1401.6831123688528,7889742,ICICIBANK.NS
2026-02-10,1394.7415771484375,1397.716496971719,1383.8335377964056,1389.2875574724217,16497628,ICICIBANK.NS
2026-02-11,1394.344970703125,1401.1873108684945,1388.6926711598828,1395.6341511146452,8551341,ICICIBANK.NS
2026-02-12,1418.045166015625,1421.0200859443291,1393.5517070225485,1394.3449463736551,19646265,ICICIBANK.NS
2026-02-13,1402.77392578125,1422.4084462850303,1398.9065055547715,1413.3845464564506,12228083,ICICIBANK.NS
2026-02-16,1399.7989501953125,1402.1789103209517,1388.7917707952565,1392.2625106722887,5000042,ICICIBANK.NS
2026-02-17,1395.7332763671875,1401.782256054804,1381.9494563906167,1394.4440959690942,11756187,ICICIBANK.NS
2026-02-18,1396.4273681640625,1400.4931889124357,1387.2051890014204,1398.3115083316352,4758071,ICICIBANK.NS
2026-02-19,1377.189697265625,1400.4932375506726,1373.2231372171063,1396.7249570846573,14323091,ICICIBANK.NS
2026-02-20,1382.8419189453125,1391.9649581225938,1372.4296994050287,1376.8920792080073,10337877,ICICIBANK.NS
2026-02-23,1387.7010498046875,1396.5266700756697,1383.6353499865377,1388.29600959884,10728445,ICICIBANK.NS
2026-02-24,1373.2230224609375,1389.1884011120849,1370.7439226377844,1389.1884011120849,18274784,ICICIBANK.NS
2026-02-25,1388.791748046875,1395.634087902335,1376.5945282588896,1380.164528913772,16297015,ICICIBANK.NS
2026-02-26,1393.155029296875,1398.2123689746954,1380.4619891586024,1393.3533088725535,27288792,ICICIBANK.NS
2026-02-27,1367.3724365234375,1390.4775761692113,1365.1907558675261,1388.296016563106,15096898,ICICIBANK.NS
2026-03-02,1362.5133056640625,1367.6697850385044,1343.672146415433,1343.672146415433,16928683,ICICIBANK.NS
2026-03-04,1353.9852294921875,1364.4965888884906,1314.9145907457403,1314.9145907457403,20009132,ICICIBANK.NS
2026-03-05,1346.2503662109375,1359.3400861254038,1336.3339667529167,1357.45594601842,17590491,ICICIBANK.NS
2026-03-06,1302.419921875,1346.2503588188658,1299.4450020539286,1327.8058801381828,22778852,ICICIBANK.NS
2026-03-09,1267.7125244140625,1271.9765035292385,1240.6407056127512,1262.060104122135,16116652,ICICIBANK.NS
2026-03-10,1300.9324951171875,1304.006554800674,1274.8523156012538,1276.8355955325096,19136143,ICICIBANK.NS
2026-03-11,1283.777099609375,1295.5776396338345,1280.1080800869731,1289.1319797351587,13224259,ICICIBANK.NS
2026-03-12,1255.9119873046875,1269.7949465011072,1247.780588195275,1265.0350263567016,19676187,ICICIBANK.NS
2026-03-13,1244.3099365234375,1251.747236619689,1238.2608356053079,1241.434156276259,17344394,ICICIBANK.NS
2026-03-16,1262.258544921875,1266.125965023717,1229.7327054112554,1244.5081652081492,22740688,ICICIBANK.NS
2026-03-17,1277.9263916015625,1283.578812107693,1262.3576923623407,1268.2083924442081,22303102,ICICIBANK.NS
2026-03-18,1278.521484375,1286.2562036480494,1260.1761446052265,1275.2490239961462,12961135,ICICIBANK.NS
2026-03-19,1239.6490478515625,1275.1498056385733,1233.3025281122907,1257.0027465645267,14422899,ICICIBANK.NS
2026-03-20,1234.9884033203125,1263.34928134462,1231.3192629188682,1247.8797225177066,16421006,ICICIBANK.NS
2026-03-23,1212.4781494140625,1224.5762297429494,1207.9166297375125,1216.3455695278035,17049534,ICICIBANK.NS
2026-03-24,1240.7398681640625,1243.4173686829902,1213.46976929413,1226.757768953439,20617782,ICICIBANK.NS
2026-03-25,1249.1688232421875,1262.2585434912949,1243.9132040249544,1248.3755838951454,17290030,ICICIBANK.NS
2026-03-27,1223.4854736328125,1250.358893273775,1219.8163330232837,1245.499833090769,23630905,ICICIBANK.NS
2026-03-30,1195.8187255859375,1212.3790655174357,1190.3647054702,1206.3300855990337,23952775,ICICIBANK.NS
2026-04-01,1202.561767578125,1223.6837477872427,1199.884388024768,1217.8330476356737,25472333,ICICIBANK.NS
2026-04-02,1205.635986328125,1211.883245832491,1177.67166509731,1186.001465486272,20851722,ICICIBANK.NS
2026-04-06,1221.10546875,1224.0803886246306,1190.4637698313447,1202.8592693089724,10058414,ICICIBANK.NS
2026-04-07,1235.0875244140625,1239.9465842479708,1206.429106422035,1218.7254656803555,25600557,ICICIBANK.NS
2026-04-08,1298.2550048828125,1322.3519046587187,1281.595525957938,1299.048365281531,25148651,ICICIBANK.NS
2026-04-09,1270.58837890625,1297.065118454786,1265.2334987026684,1289.032858674316,22923062,ICICIBANK.NS
2026-04-10,1310.848876953125,1312.931296642674,1277.7280783414542,1278.2238983175278,18174755,ICICIBANK.NS
2026-04-13,1339.8046875,1345.655387306946,1285.8594510059597,1293.9909710757174,30572141,ICICIBANK.NS
2026-04-15,1336.829833984375,1353.3902942945808,1326.8142943876721,1346.647094004827,23827473,ICICIBANK.NS
2026-04-16,1334.2515869140625,1355.4727065977952,1328.995846624469,1340.697246754227,24017236,ICICIBANK.NS
2026-04-17,1335.540771484375,1341.5897511433582,1322.8477313394578,1335.7390510601572,18151993,ICICIBANK.NS
2026-04-20,1344.862060546875,1364.893260297481,1341.6888611060856,1353.2910001768837,21551520,ICICIBANK.NS
2026-04-21,1376.79296875,1381.4536282235813,1348.6303691835594,1356.5634890022861,23312455,ICICIBANK.NS
2026-04-22,1356.166748046875,1368.5622472083335,1353.588508431251,1368.463107425001,13613487,ICICIBANK.NS
2026-04-23,1336.730712890625,1342.680552858981,1332.268332914358,1337.1273930984762,20111792,ICICIBANK.NS
2026-04-24,1315.1129150390625,1337.5240758015216,1312.931355466517,1325.1285758443225,14056743,ICICIBANK.NS
2026-04-27,1303.114013671875,1324.7318126631535,1299.9408143015023,1316.7986931874252,15385625,ICICIBANK.NS
2026-04-28,1281.1988525390625,1306.6839515728986,1275.943112231791,1303.3124724850059,16774778,ICICIBANK.NS
2026-04-29,1270.290771484375,1285.9587310592146,1265.5308513211887,1283.876190331697,11716030,ICICIBANK.NS
2026-04-30,1252.8380126953125,1261.5643721523936,1248.474772441869,1250.4580524616338,17740110,ICICIBANK.NS
2026-05-01,1252.8380126953125,1252.8380126953125,1252.8380126953125,1252.8380126953125,0,ICICIBANK.NS
2026-05-04,1260.1761474609375,1271.4807465048432,1253.7304875272214,1253.7304875272214,14597051,ICICIBANK.NS
2026-05-05,1240.839111328125,1256.11026963796,1235.0875512284588,1253.4328902069624,24447935,ICICIBANK.NS
2026-05-06,1268.8033447265625,1272.0758050555082,1241.6323852719695,1251.449645209005,22909586,ICICIBANK.NS
2026-05-07,1268.3074951171875,1283.1820943562475,1262.5559349914981,1273.9597944081108,25028552,ICICIBANK.NS
2026-05-08,1254.226318359375,1268.902517705381,1250.6563175253964,1268.902517705381,11137424,ICICIBANK.NS
2026-05-11,1255.8128662109375,1265.035045184508,1241.5332266149906,1248.871386509416,18980488,ICICIBANK.NS
2026-05-12,1229.93115234375,1249.3672723222166,1225.9645923052954,1245.4998520747622,21110708,ICICIBANK.NS
2026-05-13,1225.2703857421875,1238.7566658178762,1216.940585355795,1227.9478864287817,19490295,ICICIBANK.NS
2026-05-14,1235.5833740234375,1246.193873036946,1225.6669745529443,1228.7410341788377,16535600,ICICIBANK.NS
2026-05-15,1234.095947265625,1247.4830869105315,1231.616847331383,1236.178367000428,11745614,ICICIBANK.NS
2026-05-18,1240.6407470703125,1243.218986792355,1221.7004477797907,1225.171187688256,13918850,ICICIBANK.NS
2026-05-19,1230.4268798828125,1245.7972988767476,1219.518840596794,1240.6406985843882,38929053,ICICIBANK.NS
2026-05-20,1226.9561767578125,1229.3360158332805,1213.0732172518474,1219.7171565954964,14953103,ICICIBANK.NS
2026-05-21,1232.41015625,1237.8641758775068,1224.0803566089394,1234.8892560806848,14394386,ICICIBANK.NS
2026-05-22,1253.73046875,1260.1761285871792,1231.6168488886804,1231.6168488886804,11601085,ICICIBANK.NS
2026-05-25,1281.0006103515625,1282.6863499447102,1260.2753099809177,1260.3744497717253,13853923,ICICIBANK.NS
2026-05-26,1268.4066162109375,1290.9169153575494,1265.5308361904704,1279.215515708668,18400405,ICICIBANK.NS
2026-05-27,1262.0601806640625,1282.587201311576,1256.1103406589523,1275.2490410953124,18366272,ICICIBANK.NS
2026-05-28,1262.0601806640625,1262.0601806640625,1262.0601806640625,1262.0601806640625,0,ICICIBANK.NS
2026-05-29,1245.896484375,1277.0340036893715,1237.4675446174365,1264.4401034217194,31007884,ICICIBANK.NS
2026-06-01,1229.3360595703125,1251.3505402000205,1225.5679002002253,1246.5906197801364,9911975,ICICIBANK.NS
2026-06-02,1216.3455810546875,1227.3527606751832,1210.4948809348448,1222.692101166893,17920892,ICICIBANK.NS
2026-06-03,1231.6168212890625,1237.8642014111729,1203.5533622069204,1209.7016025437176,13934754,ICICIBANK.NS
2026-06-04,1241.2357177734375,1251.7471984286103,1221.8987381131592,1221.8987381131592,19461560,ICICIBANK.NS
2026-06-05,1251.548828125,1254.4246083541127,1239.5500082550523,1246.4914883012805,10166393,ICICIBANK.NS
2026-06-08,1239.748291015625,1243.516571470306,1232.7076711606426,1235.98013161075,10714196,ICICIBANK.NS
2026-06-09,1264.3409423828125,1269.2000023713417,1242.2273229706288,1244.5081432866116,22368579,ICICIBANK.NS
2026-06-10,1282.488037109375,1295.0818164605482,1260.6719575059049,1260.6719575059049,25951584,ICICIBANK.NS
2026-06-11,1305.9898681640625,1321.8561080202699,1275.7448484381675,1275.7448484381675,35919374,ICICIBANK.NS
2026-06-12,1329.5909423828125,1333.0616823357286,1307.6756018402702,1318.881182108178,18339846,ICICIBANK.NS
2026-06-15,1316.501220703125,1351.3077599885314,1314.2205213660739,1343.2755003149457,16172921,ICICIBANK.NS
2026-06-16,1323.145263671875,1326.1201835892518,1315.2121438922036,1320.7653035280132,13069159,ICICIBANK.NS
2026-06-17,1325.6243896484375,1334.7474291543856,1322.2527894658729,1330.7808691866162,8026424,ICICIBANK.NS
2026-06-18,1331.078369140625,1335.6398887549333,1320.2694693470728,1322.4510288431072,13467985,ICICIBANK.NS
2026-06-19,1335.2431640625,1340.994724069171,1320.8643850956182,1329.293324489997,9057322,ICICIBANK.NS
2026-06-22,1341.0938720703125,1351.307690769155,1337.1273123310036,1341.6888318212496,4814845,ICICIBANK.NS
2026-06-23,1327.11181640625,1357.654254763427,1320.3686162099664,1346.647075338441,11884879,ICICIBANK.NS
2026-06-24,1362.11669921875,1366.0832592753275,1329.3925787519856,1329.3925787519856,16440708,ICICIBANK.NS
2026-06-25,1375.9005126953125,1392.2625728462838,1368.562352417643,1370.3473528540349,17173209,ICICIBANK.NS
2026-06-26,1375.9005126953125,1375.9005126953125,1375.9005126953125,1375.9005126953125,0,ICICIBANK.NS
2026-06-29,1375.9996337890625,1390.2792739367474,1371.6363935981306,1378.379593988644,13249405,ICICIBANK.NS
2026-06-30,1363.7032470703125,1390.2792468566804,1354.6793474953972,1390.2792468566804,18398057,ICICIBANK.NS
2026-07-01,1368.264892578125,1373.5205118412996,1356.2659519824388,1359.935092537661,11948034,ICICIBANK.NS
2026-07-02,1388.2960205078125,1393.2542205810548,1365.2900205878914,1370.347360452637,15779429,ICICIBANK.NS
2026-07-03,1399.6007080078125,1408.128787723501,1394.1466880553623,1402.1789477753737,12901785,ICICIBANK.NS
2026-07-06,1414.9710693359375,1419.6317286825692,1399.7989296759679,1400.1956098660596,12306949,ICICIBANK.NS
2026-07-07,1402.873046875,1421.0201071305735,1398.212387337131,1419.6317869331858,15664178,ICICIBANK.NS
2026-07-08,1369.05810546875,1406.4430046152802,1364.397446073597,1398.5098849300493,10573142,ICICIBANK.NS
2026-07-09,1369.1572265625,1391.8658055614053,1365.7857475821456,1371.3389070760331,13948838,ICICIBANK.NS
2026-07-10,1389.48583984375,1396.4273194454097,1377.9828407138161,1378.081980498166,6409645,ICICIBANK.NS
2026-07-13,1397.716552734375,1401.1872926666704,1374.710553603081,1381.850313043882,10091437,ICICIBANK.NS
2026-07-14,1395.9315185546875,1399.9973392167874,1380.36281965522,1388.2959393084109,14133017,ICICIBANK.NS
2026-07-15,1404.3604736328125,1416.061873669893,1397.4189938599209,1401.0881343697583,12961648,ICICIBANK.NS
2026-07-16,1406.34375,1411.7977698077207,1394.4440704195183,1408.2278901435363,10165264,ICICIBANK.NS
2026-07-17,1432.2257080078125,1442.935347434669,1407.8312670387277,1410.2112272612976,11112550,ICICIBANK.NS
2026-07-20,1447.99267578125,1467.6271961496604,1427.4657762550246,1432.4239762420166,22236415,ICICIBANK.NS
2026-07-21,1450.868408203125,1461.5781682422519,1444.4227484323062,1457.7107481698004,18269907,ICICIBANK.NS
2026-07-22,1428.6556396484375,1454.1408592092237,1426.374940373995,1454.1408592092237,8345136,ICICIBANK.NS
2026-07-23,1422.606689453125,1433.9114094220142,1414.673569622298,1420.5242697074934,12409328,ICICIBANK.NS
2026-07-24,1420.9208984375,1427.9615178223592,1403.5671994361867,1416.0618385071728,10870914,ICICIBANK.NS
2026-07-27,1433.6138916015625,1436.8863520032721,1416.8552725346733,1423.6974916567503,10608300,ICICIBANK.NS
2026-07-28,1418.8385009765625,1433.8122401392648,1405.7487808950839,1430.2423604987887,19486209,ICICIBANK.NS
2026-07-29,1425.879150390625,1436.3905099608405,1416.557710375603,1430.4406700852692,10856166,ICICIBANK.NS
2026-07-30,1421.91259765625,1430.143136895818,1410.7070174140658,1419.13595728037,14141173,ICICIBANK.NS
2026-07-31,1423.4000244140625,1429.8456841613988,1419.4334645695478,1422.309244666781,8752440,ICICIBANK.NS
2026-08-03,1460.0,1460.0,1433.0,1442.0,7706747,ICICIBANK.NS
2026-08-04,1454.5999755859375,1454.5999755859375,1430.800048828125,1452.0,11458963,ICICIBANK.NS
2026-08-05,1450.0999755859375,1454.5999755859375,1431.199951171875,1454.5999755859375,11723296,ICICIBANK.NS
2026-08-06,1457.5,1460.0,1448.300048828125,1460.0,14954726,ICICIBANK.NS
2026-08-07,1421.0,1455.0,1418.199951171875,1451.0,14395789,ICICIBANK.NS
2026-08-10,1431.800048828125,1441.9000244140625,1415.5,1428.0999755859375,12749354,ICICIBANK.NS
2026-08-11,1429.5999755859375,1434.0,1412.199951171875,1432.0999755859375,10471914,ICICIBANK.NS
2026-08-12,1431.699951171875,1435.0,1418.5999755859375,1429.4000244140625,8201733,ICICIBANK.NS
2026-08-13,1406.800048828125,1429.0,1406.4000244140625,1429.0,11408206,ICICIBANK.NS
2026-08-14,1417.0,1417.800048828125,1401.0,1403.0,6097934,ICICIBANK.NS
2026-08-17,1415.300048828125,1423.5999755859375,1407.0,1418.0,5605603,ICICIBANK.NS
2026-08-18,1412.0,1416.5999755859375,1406.300048828125,1410.0,8345198,ICICIBANK.NS
2026-08-19,1402.0,1416.0,1391.5,1412.0,10304210,ICICIBANK.NS
2026-08-20,1411.9000244140625,1413.0,1403.300048828125,1407.800048828125,8425049,ICICIBANK.NS
2026-08-21,1420.0,1420.0,1411.199951171875,1417.0,4565280,ICICIBANK.NS
2026-08-24,1415.0,1425.5,1408.699951171875,1420.5,5307113,ICICIBANK.NS
2026-08-25,1422.699951171875,1424.9000244140625,1408.0,1408.0,7983249,ICICIBANK.NS
2026-08-26,1430.0,1446.0,1423.0999755859375,1423.0999755859375,4177066,ICICIBANK.NS
2026-08-27,1443.0,1453.800048828125,1433.0999755859375,1445.0,11539716,ICICIBANK.NS
2026-08-28,1422.800048828125,1439.800048828125,1418.9000244140625,1435.0,8625738,ICICIBANK.NS
2026-08-31,1454.0,1454.0,1419.0,1422.800048828125,15331697,ICICIBANK.NS
2026-09-01,1438.0,1446.699951171875,1422.800048828125,1442.9000244140625,10627608,ICICIBANK.NS
2026-09-02,,,,,8515709,ICICIBANK.NS
