Date,Close,High,Low,Open,Volume,ticker
2010-01-04,195.12472534179688,196.23045663954903,194.68242832346382,195.19842276471834,668858,HINDUNILVR.NS
2010-01-05,194.49819946289062,196.37793424747196,193.5030364902785,195.89878837063432,1392726,HINDUNILVR.NS
2010-01-06,195.6038818359375,196.0830275920993,193.57670767850038,195.16158479326427,1682107,HINDUNILVR.NS
2010-01-07,195.19850158691406,197.00453910099452,194.71935566363862,195.41966143346653,2723548,HINDUNILVR.NS
2010-01-08,196.04620361328125,196.82020666349194,194.7193123178509,195.4196179317862,4000986,HINDUNILVR.NS
2010-01-11,196.15675354003906,197.81535062888466,195.78817640918447,196.52533067089362,2251471,HINDUNILVR.NS
2010-01-12,193.2449951171875,196.63590939416406,192.06554373873948,196.08304366953192,3826930,HINDUNILVR.NS
2010-01-13,193.50303649902344,194.42447952997117,192.2130162556966,193.13445928664433,1917571,HINDUNILVR.NS
2010-01-14,188.74838256835938,194.31391200564042,188.19552799463068,193.57675757655693,3583983,HINDUNILVR.NS
2010-01-15,189.00637817382812,190.7386954627716,188.6378009845281,190.00154108417152,4361271,HINDUNILVR.NS
2010-01-18,189.66981506347656,190.4438406686971,187.64265174424412,189.08010055145138,1088348,HINDUNILVR.NS
2010-01-19,188.30609130859375,190.0015486969221,187.67951681052875,190.0015486969221,1122943,HINDUNILVR.NS
2010-01-20,190.0384063720703,190.6281434240631,186.86865126621913,188.71153737338105,2198874,HINDUNILVR.NS
2010-01-21,189.2643585205078,192.4709840891239,188.45348432556906,190.18580135653755,3093875,HINDUNILVR.NS
2010-01-22,190.14898681640625,191.03355860027816,185.72604916046217,186.50006353145446,5117085,HINDUNILVR.NS
2010-01-25,194.5718994140625,195.01417402652345,188.34293616664087,190.70183908187124,4355123,HINDUNILVR.NS
2010-01-27,191.1810302734375,193.87163978644872,187.75325498843802,193.87163978644872,9203979,HINDUNILVR.NS
2010-01-28,188.19554138183594,192.9501855380271,186.75809239248764,190.33329612709665,5049389,HINDUNILVR.NS
2010-01-29,178.6125030517578,185.91032669095307,177.69106010498655,185.43118085786514,6496604,HINDUNILVR.NS
2010-02-01,174.88987731933594,179.71824077629356,173.04699136233555,179.71824077629356,4987343,HINDUNILVR.NS
2010-02-02,174.33700561523438,176.9170458674683,173.23127407856268,175.8113143307966,6004275,HINDUNILVR.NS
2010-02-03,174.3001251220703,175.8112936271823,173.45240220968338,175.25842792395218,1595241,HINDUNILVR.NS
2010-02-04,170.31951904296875,176.4379025493905,169.91408189079277,174.77930522073848,3017883,HINDUNILVR.NS
2010-02-05,168.8452606201172,172.78903091681076,167.33409146519747,169.1769779350785,4345866,HINDUNILVR.NS
2010-02-08,174.33700561523438,175.59016577384568,169.3612137002118,170.28265664743822,3139856,HINDUNILVR.NS
2010-02-09,171.46209716796875,175.44272594651395,171.24094862514244,175.44272594651395,2435031,HINDUNILVR.NS
2010-02-10,169.6192169189453,172.45725435877853,168.9189113024927,172.12553715776977,2864300,HINDUNILVR.NS
2010-02-11,172.05178833007812,172.82580250116285,169.9140456176351,169.9140456176351,2299826,HINDUNILVR.NS
2010-02-15,169.3611602783203,173.12065081637436,168.80829468437585,172.05176833628497,1594781,HINDUNILVR.NS
2010-02-16,174.81619262695312,175.84821571979205,169.0295363041596,169.5455422265363,2253497,HINDUNILVR.NS
2010-02-17,177.32249450683594,180.34482082077773,175.81132572582325,175.81132572582325,3428957,HINDUNILVR.NS
2010-02-18,178.75997924804688,179.79199112385282,175.66393237254323,177.35939009544086,955635,HINDUNILVR.NS
2010-02-19,177.65423583984375,180.93457113996658,174.81618649420557,178.39139034540327,4582596,HINDUNILVR.NS
2010-02-22,181.4506072998047,182.33520185244387,178.39142009086962,179.86572934781896,2280787,HINDUNILVR.NS
2010-02-23,180.52911376953125,181.26626819284186,178.944236258647,179.86567928778527,908983,HINDUNILVR.NS
2010-02-24,178.5019073486328,180.75023018935383,177.65418441187526,179.86564728837166,1102320,HINDUNILVR.NS
2010-02-25,173.37872314453125,179.0916700909796,171.49897706092176,177.76478984089735,2791186,HINDUNILVR.NS
2010-02-26,174.1158447265625,177.9859048308171,173.23126180949214,176.80646469075066,1519988,HINDUNILVR.NS
2010-03-02,172.8258514404297,175.44275187985093,171.6832598403349,172.494134201198,1784738,HINDUNILVR.NS
2010-03-03,176.25360107421875,176.91703545795318,173.23126388591248,173.23126388591248,2569749,HINDUNILVR.NS
2010-03-04,179.4602508544922,180.1236966166667,173.82102374047298,176.25363570561078,2585303,HINDUNILVR.NS
2010-03-05,179.1284942626953,180.1605057797908,177.76475431331446,178.46505989428846,588200,HINDUNILVR.NS
2010-03-08,175.99557495117188,180.38164043332307,175.11099211202827,179.12848047386288,2970886,HINDUNILVR.NS
2010-03-09,174.00527954101562,176.880176890698,173.23126525515275,175.44272821585682,1719797,HINDUNILVR.NS
2010-03-10,176.73281860351562,176.91710725690822,173.52619153524947,173.52619153524947,1600336,HINDUNILVR.NS
2010-03-11,168.66090393066406,176.51159262593816,168.18174689294835,174.2264210740388,5414907,HINDUNILVR.NS
2010-03-12,161.7316436767578,168.66090062093178,160.9944894006594,168.66090062093178,10125660,HINDUNILVR.NS
2010-03-15,166.26513671875,167.33400808908618,160.69962010317528,163.20593995417596,6329071,HINDUNILVR.NS
2010-03-16,167.1128692626953,167.85002352609322,165.89656922732127,166.70743216821015,1801538,HINDUNILVR.NS
2010-03-17,165.04884338378906,168.62404624047008,164.237980402083,167.7026033648391,5445508,HINDUNILVR.NS
2010-03-18,165.74916076660156,167.29717815900815,164.8277178253776,165.12257506733613,2260551,HINDUNILVR.NS
2010-03-19,168.77149963378906,169.47179407248524,165.49116476446648,165.74917330676257,2391153,HINDUNILVR.NS
2010-03-22,168.25550842285156,169.1769515138858,166.59691085898993,168.07121980464473,1821015,HINDUNILVR.NS
2010-03-23,168.4397735595703,169.7666536753017,167.77633912574615,168.62406215208625,2591544,HINDUNILVR.NS
2010-03-25,171.01980590820312,172.49411457982558,166.5968798933358,166.5968798933358,5722411,HINDUNILVR.NS
2010-03-26,175.8113250732422,176.4747595365493,171.09354139440956,172.34670162959165,5921814,HINDUNILVR.NS
2010-03-29,176.69589233398438,177.2118981202816,175.44273221066754,176.03245792989975,2712461,HINDUNILVR.NS
2010-03-30,178.28074645996094,178.61246359790874,176.29042113611328,176.91700670074388,3422200,HINDUNILVR.NS
2010-03-31,176.58535766601562,178.3913838896618,175.4796259476913,177.72794935790105,2407315,HINDUNILVR.NS
2010-04-01,169.84034729003906,177.2487503012969,169.5454900674155,177.21189033644845,3320590,HINDUNILVR.NS
2010-04-05,168.882080078125,171.2778319141416,167.07604277250712,170.35638890028903,3860534,HINDUNILVR.NS
2010-04-06,169.47181701660156,170.76183740656552,168.5872338559576,169.32438836450845,2068525,HINDUNILVR.NS
2010-04-07,165.8597412109375,170.61438487603434,165.49116400824653,169.54551323784722,3120048,HINDUNILVR.NS
2010-04-08,164.164306640625,167.22350459690537,163.64830073477202,165.38061832736966,2270759,HINDUNILVR.NS
2010-04-09,163.1691436767578,165.71232430567022,162.68998653050312,164.20115541808667,2420707,HINDUNILVR.NS
2010-04-12,165.4911651611328,166.19145960150752,163.2797019295809,163.2797019295809,3422928,HINDUNILVR.NS
2010-04-13,164.7908935546875,165.93348529892702,164.2011676949427,165.85976534842698,1993094,HINDUNILVR.NS
2010-04-15,166.19146728515625,167.81320481365654,164.90144700710857,165.63860145170725,4342086,HINDUNILVR.NS
2010-04-16,167.33401489257812,167.85002061840154,164.64340637701807,166.19142355448832,3524900,HINDUNILVR.NS
2010-04-19,165.6754608154297,166.96548108874225,164.97516634524825,166.59690386779582,1595067,HINDUNILVR.NS
2010-04-20,167.9237518310547,168.5134775208166,165.12256324074704,166.9654489912018,2193926,HINDUNILVR.NS
2010-04-21,171.64639282226562,173.04698157110545,168.21861838734307,168.21861838734307,4182139,HINDUNILVR.NS
2010-04-22,174.96360778808594,176.88020254987816,170.68810986088187,170.94610716154108,6037737,HINDUNILVR.NS
2010-04-23,176.25360107421875,177.8016183856265,173.26812385124933,174.63185258405508,1959845,HINDUNILVR.NS
2010-04-26,178.0227813720703,178.39135855917604,176.1798954365416,176.54847262364737,1822070,HINDUNILVR.NS
2010-04-27,178.8705291748047,179.7919722701789,176.5484970736956,178.83368044945746,2814625,HINDUNILVR.NS
2010-04-28,178.35452270507812,179.8656916261442,176.17991925675602,177.5436595326635,2948610,HINDUNILVR.NS
2010-04-29,173.6736297607422,179.1654293286046,170.5407226836564,178.5388434139528,6704079,HINDUNILVR.NS
2010-04-30,176.76963806152344,177.65422114541073,173.96844892247688,177.54365247795639,1941014,HINDUNILVR.NS
2010-05-03,172.30984497070312,177.58049455292644,171.60955052418225,177.58049455292644,1013619,HINDUNILVR.NS
2010-05-04,171.27783203125,174.55816691319114,170.28266907637536,174.55816691319114,1444286,HINDUNILVR.NS
2010-05-05,168.62408447265625,178.39138116888662,167.77636133410402,178.39138116888662,1614615,HINDUNILVR.NS
2010-05-06,171.13038635253906,173.59985804691965,167.3340457607251,167.3340457607251,2426265,HINDUNILVR.NS
2010-05-07,172.93643188476562,175.44275242010502,169.5455170446393,174.48444942197506,2899346,HINDUNILVR.NS
2010-05-10,174.6687469482422,189.44869611247006,172.49414354209335,189.44869611247006,1103808,HINDUNILVR.NS
2010-05-11,174.59503173828125,174.96360895432315,172.01499122598796,174.96360895432315,940517,HINDUNILVR.NS
2010-05-12,175.8113250732422,176.548479476065,174.04215900570085,176.1799022746536,1439799,HINDUNILVR.NS
2010-05-13,175.59014892578125,179.3865002529397,175.07414317446234,179.3865002529397,3055333,HINDUNILVR.NS
2010-05-14,172.42037963867188,178.944199441968,172.01495378773203,178.944199441968,1605986,HINDUNILVR.NS
2010-05-17,176.9539031982422,177.91220609869487,170.13522549036972,174.77930012480752,1367158,HINDUNILVR.NS
2010-05-18,176.9539031982422,179.27593489141975,174.63186025698195,176.36417747118804,1430937,HINDUNILVR.NS
2010-05-19,172.0149688720703,181.33996672688227,171.16723463648944,181.33996672688227,1398580,HINDUNILVR.NS
2010-05-20,174.6687469482422,175.59019002271918,171.38841185272096,172.12556631230257,1826430,HINDUNILVR.NS
2010-05-21,170.06150817871094,175.5164571779708,168.91891667394088,175.5164571779708,2123795,HINDUNILVR.NS
2010-05-24,170.79869079589844,174.6318918429439,168.62408732913957,174.6318918429439,1414202,HINDUNILVR.NS
2010-05-25,169.9510040283203,170.72501864778218,166.78123683553036,170.20900140274952,1202978,HINDUNILVR.NS
2010-05-26,170.68807983398438,171.46209409596779,167.9974598992879,171.01979701823956,2730655,HINDUNILVR.NS
2010-05-27,171.75697326660156,173.12071339048387,169.91408728734618,171.01981887489939,1709736,HINDUNILVR.NS
2010-05-28,174.22645568847656,176.76963624657242,171.2778379404039,176.76963624657242,888460,HINDUNILVR.NS
2010-05-31,174.85302734375,176.6959134060747,173.4155784647535,174.70559870838082,1813271,HINDUNILVR.NS
2010-06-01,172.34671020507812,175.59018523965128,171.2778385174177,175.4058966297759,1042836,HINDUNILVR.NS
2010-06-02,175.2584228515625,176.17986566361068,171.31464311676385,172.42037449122165,758161,HINDUNILVR.NS
2010-06-03,182.11398315429688,184.65716339454534,175.5164540171622,175.5164540171622,2712932,HINDUNILVR.NS
2010-06-04,185.5417938232422,189.59615500537907,183.62519878508743,186.3158083329964,5072279,HINDUNILVR.NS
2010-06-07,185.06259155273438,186.79489743030345,172.49410833272097,172.49410833272097,1864062,HINDUNILVR.NS
2010-06-08,185.3206024169922,189.1169428883977,180.6028189915482,180.6028189915482,2482809,HINDUNILVR.NS
2010-06-09,183.95687866210938,186.50005903570693,180.60282396738418,180.60282396738418,1604824,HINDUNILVR.NS
2010-06-10,185.7628936767578,186.1314708467514,182.07712197682216,182.07712197682216,1728521,HINDUNILVR.NS
2010-06-11,186.31576538085938,187.97436269878986,185.8366195438015,187.97436269878986,1635866,HINDUNILVR.NS
2010-06-14,188.30609130859375,191.2178489711122,185.4680535861223,187.9743740745495,1971808,HINDUNILVR.NS
2010-06-15,191.77072143554688,192.6184445351024,187.56894341290442,189.00639230906052,2864416,HINDUNILVR.NS
2010-06-16,188.63775634765625,192.39724728815116,188.19547057400305,191.660093083982,1387595,HINDUNILVR.NS
2010-06-17,186.50006103515625,189.22754128196317,183.21972624285021,187.97436981804285,2499448,HINDUNILVR.NS
2010-06-18,190.0015411376953,190.66497557938902,184.50974326519426,187.97436659597403,2233551,HINDUNILVR.NS
2010-06-21,190.73870849609375,191.66015153230677,188.78525375855574,191.54958286719477,2056026,HINDUNILVR.NS
2010-06-22,192.95018005371094,195.6776605562806,190.29641949643187,190.29641949643187,4306917,HINDUNILVR.NS
2010-06-23,196.23049926757812,198.44196234348846,191.66013324556377,191.66013324556377,3854534,HINDUNILVR.NS
2010-06-24,199.69512939453125,202.2383211613021,196.15679715014096,196.5253743629386,5356066,HINDUNILVR.NS
2010-06-25,196.26736450195312,199.4371195123439,194.7930556606239,196.96767020005154,920634,HINDUNILVR.NS
2010-06-28,196.6359405517578,198.8105550783511,195.6039288681517,196.26736334360083,1198030,HINDUNILVR.NS
2010-06-29,193.61358642578125,198.8105381150715,192.47100617645089,196.63592377402466,1065270,HINDUNILVR.NS
2010-06-30,197.22564697265625,198.29452983080566,192.61843206023048,194.424469304368,1434286,HINDUNILVR.NS
2010-07-01,200.8745880126953,201.35373390688636,194.86678373283374,196.82023852987027,2551949,HINDUNILVR.NS
2010-07-02,197.85226440429688,201.61175687449963,196.96769249706517,200.87460237038812,1734300,HINDUNILVR.NS
2010-07-05,196.1936492919922,198.5525524934725,195.60393473970618,198.4419838269399,844054,HINDUNILVR.NS
2010-07-06,197.07823181152344,197.74166626714722,195.71449168286148,197.3362403487568,1054052,HINDUNILVR.NS
2010-07-07,197.2625274658203,198.14709927290264,195.08791292642863,198.14709927290264,1001367,HINDUNILVR.NS
2010-07-08,199.01776123046875,200.58628223105023,197.26248657416204,199.1297951884682,1340864,HINDUNILVR.NS
2010-07-09,195.99276733398438,200.06351047158304,195.09647260251876,199.42862079035643,1159054,HINDUNILVR.NS
2010-07-12,195.80601501464844,198.0841456460217,195.05909142291276,197.74802091202102,1133170,HINDUNILVR.NS
2010-07-13,194.05078125,196.067484493945,192.9677554884253,195.80605662242561,1313668,HINDUNILVR.NS
2010-07-14,192.40750122070312,195.2458014481514,190.8389572868831,194.20011309037028,1281275,HINDUNILVR.NS
2010-07-15,196.70230102539062,197.1877967236162,192.40749105887247,193.266448493317,1134558,HINDUNILVR.NS
2010-07-16,198.793701171875,199.3538938425421,195.54457912314615,196.51559342888135,2734672,HINDUNILVR.NS
2010-07-19,197.63595581054688,200.99711144407897,196.96372924269954,198.0841144538769,1103384,HINDUNILVR.NS
2010-07-20,196.17947387695312,197.93474885014433,194.947054527878,197.63598397677745,731859,HINDUNILVR.NS
2010-07-21,195.50723266601562,199.42858117221078,194.8723431109151,196.17945927964684,1312784,HINDUNILVR.NS
2010-07-22,195.9180145263672,196.77699474118066,193.86397501046466,195.6192497010949,1046091,HINDUNILVR.NS
2010-07-23,195.65664672851562,197.29986497689782,194.42420454935473,195.9927486729509,1082091,HINDUNILVR.NS
2010-07-26,195.65664672851562,197.11313407633398,194.64829530661098,196.403570330771,1255536,HINDUNILVR.NS
2010-07-27,194.49888610839844,198.68166250956457,193.7519625651294,196.5902857061303,1910751,HINDUNILVR.NS
2010-07-28,188.48617553710938,195.69398373806763,187.55252103454225,194.7603292355005,1542725,HINDUNILVR.NS
2010-07-29,191.5859375,194.05077670099212,186.73093323586744,189.12108690185622,3682710,HINDUNILVR.NS
2010-07-30,187.81394958496094,192.89303268633518,186.43214767022226,191.9593781234778,1941787,HINDUNILVR.NS
2010-08-02,189.3077392578125,190.39077594160665,186.73085572819284,186.73085572819284,1131419,HINDUNILVR.NS
2010-08-03,189.23306274414062,190.76424671613972,188.63552169799226,189.30774825169198,911243,HINDUNILVR.NS
2010-08-04,191.6979217529297,193.07973485913695,187.62719074422674,189.23308319159585,1957529,HINDUNILVR.NS
2010-08-05,190.68960571289062,193.75198576875326,190.01736760515237,191.69794577877278,995609,HINDUNILVR.NS
2010-08-06,190.5028533935547,191.959352034229,190.24142559262518,191.959352034229,693299,HINDUNILVR.NS
2010-08-09,191.24977111816406,192.63158428251637,189.8306208930043,190.76427535617498,578268,HINDUNILVR.NS
2010-08-10,194.34950256347656,194.9470322419019,189.8306017410617,191.58587651359323,1342358,HINDUNILVR.NS
2010-08-11,195.1338348388672,198.08419284697567,194.34957399838493,194.34957399838493,1939262,HINDUNILVR.NS
2010-08-12,198.68162536621094,199.7273135724376,193.45316154078435,195.32047004986526,2907430,HINDUNILVR.NS
2010-08-13,198.53228759765625,200.02613482651537,198.00945474413544,198.68168143826207,1392182,HINDUNILVR.NS
2010-08-16,201.59463500976562,203.12584176198413,198.94306587454312,199.35386465516808,1816654,HINDUNILVR.NS
2010-08-17,198.42019653320312,202.41624127968657,197.44920523149756,201.66931788013054,1059553,HINDUNILVR.NS
2010-08-18,201.1091766357422,201.96813420550302,196.70233201298313,198.42024715250477,1543787,HINDUNILVR.NS
2010-08-19,204.69439697265625,204.99318463862295,200.9971389464536,202.3042552050128,1525384,HINDUNILVR.NS
2010-08-20,200.84774780273438,205.40398623814949,200.21285819550215,205.40398623814949,974087,HINDUNILVR.NS
2010-08-23,200.81040954589844,202.304256709648,199.27920252647584,200.1755199424451,956531,HINDUNILVR.NS
2010-08-24,201.40794372558594,203.12588167827982,199.50329766761368,199.61533164850042,1378329,HINDUNILVR.NS
2010-08-25,200.17550659179688,203.5366624860621,199.50327997180327,201.66935365591476,1593133,HINDUNILVR.NS
2010-08-26,198.42019653320312,201.03442843164927,197.1877774827943,200.28750503209324,1932725,HINDUNILVR.NS
2010-08-27,197.1504669189453,198.56961700991494,196.47821753358937,197.93472747613225,1440447,HINDUNILVR.NS
2010-08-30,196.92637634277344,197.93472762728112,195.32049537560005,197.93472762728112,1358795,HINDUNILVR.NS
2010-08-31,197.56126403808594,197.9347257848498,196.17945101620043,196.59027261421832,1474262,HINDUNILVR.NS
2010-09-01,199.0924835205078,199.69003609827183,197.18783739070403,197.561299203944,3097428,HINDUNILVR.NS
2010-09-02,201.59463500976562,203.31257262486727,198.90570602538963,200.0634510518419,1370949,HINDUNILVR.NS
2010-09-03,203.83543395996094,204.65705443076888,200.9224366491855,201.6693602055022,2525693,HINDUNILVR.NS
2010-09-06,202.90179443359375,204.88113744451113,202.08017390237345,204.80646331882718,1221034,HINDUNILVR.NS
2010-09-07,202.1548614501953,203.5366746257805,201.14651006291427,203.5366746257805,1591280,HINDUNILVR.NS
2010-09-08,204.8437957763672,205.70275335111836,200.92244690553426,201.29590870275644,2144813,HINDUNILVR.NS
2010-09-09,208.42897033691406,212.12625036773107,205.40393961664103,205.59067047083795,3187222,HINDUNILVR.NS
2010-09-13,208.50372314453125,210.744493995723,207.71946246433407,209.13861277789553,2465247,HINDUNILVR.NS
2010-09-14,207.75680541992188,211.64081745653354,205.92685618279367,208.39169507129307,2084980,HINDUNILVR.NS
2010-09-15,207.68211364746094,209.7735135630004,206.5990880217236,207.90620442107286,1790301,HINDUNILVR.NS
2010-09-16,207.71945190429688,210.55775238712633,206.74843757489828,209.88552572480344,1871508,HINDUNILVR.NS
2010-09-17,210.48306274414062,212.12630379264854,207.3459972801248,207.71945908257663,2793747,HINDUNILVR.NS
2010-09-20,218.998046875,220.3425004720232,211.19268477445615,211.19268477445615,3669599,HINDUNILVR.NS
2010-09-21,220.3050994873047,224.0770541138356,215.93559237322557,219.59551303155888,3025979,HINDUNILVR.NS
2010-09-22,222.58323669433594,223.33016030740419,216.1223520001556,220.34246585513122,3043081,HINDUNILVR.NS
2010-09-23,226.54190063476562,227.06475623064728,220.34244436855576,222.58321498925292,2649697,HINDUNILVR.NS
2010-09-24,235.24354553222656,237.33492203749861,226.84065686842843,227.06472478174533,9314247,HINDUNILVR.NS
2010-09-27,230.6873779296875,238.67944744905253,230.12718518230812,237.52172488885566,3426497,HINDUNILVR.NS
2010-09-28,228.7080535888672,231.39696076196856,227.47561120784212,230.7994309000134,2201520,HINDUNILVR.NS
2010-09-29,228.5586395263672,231.17287233140735,226.76602730462847,229.90309299409597,2061130,HINDUNILVR.NS
2010-09-30,230.836669921875,232.92806913901362,227.47551458882802,228.55856264719387,4275160,HINDUNILVR.NS
2010-10-01,231.3222198486328,234.16052006503583,229.3802141664271,230.79936427462863,4831148,HINDUNILVR.NS
2010-10-04,230.46327209472656,233.86178821666903,228.59596305881306,232.8160997154174,1726502,HINDUNILVR.NS
2010-10-05,227.0647735595703,230.79939154574745,226.42988394306036,230.46326680927183,2544656,HINDUNILVR.NS
2010-10-06,224.93605041503906,229.04413044942874,224.15178970801222,229.04413044942874,1825848,HINDUNILVR.NS
2010-10-07,221.35086059570312,229.9778208966605,219.96904708233527,225.49627834150255,3504863,HINDUNILVR.NS
2010-10-08,220.9400177001953,224.07710630620295,219.0353714143134,223.03141770230107,1884586,HINDUNILVR.NS
2010-10-11,220.23043823242188,223.70362857463715,219.63288564812976,221.38816074839352,1788969,HINDUNILVR.NS
2010-10-12,217.95225524902344,221.01464597616084,216.68249905094837,221.01464597616084,1096446,HINDUNILVR.NS
2010-10-13,226.57923889160156,227.6622642451298,217.57879741311388,219.5954998972352,2469299,HINDUNILVR.NS
2010-10-14,223.44216918945312,228.18513815848064,221.72425419010324,227.51291154109578,1550344,HINDUNILVR.NS
2010-10-15,223.03140258789062,229.30555658041652,221.8363202097189,223.9650571342278,1126220,HINDUNILVR.NS
2010-10-18,221.7989501953125,227.81167546275827,217.42944300872477,227.81167546275827,2557873,HINDUNILVR.NS
2010-10-19,221.83628845214844,225.5335690440698,218.84859433158078,222.58321198229035,3265475,HINDUNILVR.NS
2010-10-20,219.14736938476562,224.00237255665917,217.72821917030257,219.22206630011596,646829,HINDUNILVR.NS
2010-10-21,228.8947296142578,229.45492227332915,219.59552235595496,220.86530150090232,2586069,HINDUNILVR.NS
2010-10-22,225.01075744628906,230.35125717204605,223.66630394690324,229.30556858426803,1095117,HINDUNILVR.NS
2010-10-25,228.78273010253906,230.3512744993447,225.94442903731235,226.467284767682,2702090,HINDUNILVR.NS
2010-10-26,222.76992797851562,229.67897017064058,222.32176933151865,229.4549022442899,1896233,HINDUNILVR.NS
2010-10-27,218.84852600097656,224.0769890794982,217.54141023134616,224.002292190947,1768797,HINDUNILVR.NS
2010-10-28,217.57879638671875,225.16008779712928,215.9355784391635,220.1556914604626,5822602,HINDUNILVR.NS
2010-10-29,220.11842346191406,220.75329037134006,216.6078729549237,220.2304574580303,1282216,HINDUNILVR.NS
2010-11-01,222.2689971923828,225.62700021985506,221.2880194463963,223.36318416413744,1758922,HINDUNILVR.NS
2010-11-02,222.3067169189453,224.4196024612806,221.17480901511027,222.49536823625115,1192529,HINDUNILVR.NS
2010-11-03,223.3631591796875,224.57053221343085,222.2312512784391,222.41990259531383,1301787,HINDUNILVR.NS
2010-11-04,225.7779083251953,227.89079389150717,222.7217431329249,224.11776750257494,1572688,HINDUNILVR.NS
2010-11-08,231.39974975585938,233.13535605648792,227.89083912344637,230.15465540612962,3409332,HINDUNILVR.NS
2010-11-09,240.7191619873047,241.8887913371918,231.7393608637443,232.41850122912177,4730665,HINDUNILVR.NS
2010-11-10,237.51202392578125,242.11512097297938,236.22918567322992,240.64363139086032,2158099,HINDUNILVR.NS
2010-11-11,233.32398986816406,239.09671634916984,231.66384884087492,237.3988542648312,1301797,HINDUNILVR.NS
2010-11-12,227.7399139404297,233.92768779687142,226.64574986313428,233.92768779687142,2991462,HINDUNILVR.NS
2010-11-15,229.17364501953125,230.15462272457148,225.6269908021209,228.64541208375462,1832215,HINDUNILVR.NS
2010-11-16,225.21197509765625,230.49421252839224,223.43864792587794,229.40002556339158,2708676,HINDUNILVR.NS
2010-11-18,226.04200744628906,229.4000102285594,222.91040007029574,229.4000102285594,1863972,HINDUNILVR.NS
2010-11-19,225.626953125,230.07911916620358,224.38185915998793,225.626953125,1868801,HINDUNILVR.NS
2010-11-22,226.1174774169922,228.6454098210895,224.11777794344414,226.57024521050204,1926822,HINDUNILVR.NS
2010-11-23,226.60800170898438,227.8908401531265,223.06137000066062,225.62702386021468,4559950,HINDUNILVR.NS
2010-11-24,226.23062133789062,228.26806451363345,224.94780636281598,226.4192726308771,2857548,HINDUNILVR.NS
2010-11-25,224.2687530517578,227.89085006648767,221.85400635611714,225.62703367509872,4133258,HINDUNILVR.NS
2010-11-26,221.1747589111328,226.38152948350952,218.83547850072588,226.15515716551403,2362814,HINDUNILVR.NS
2010-11-29,224.721435546875,226.38157631803048,222.26896847009635,223.36315530045675,1881023,HINDUNILVR.NS
2010-11-30,225.0609893798828,226.64566482451323,222.1934989781493,222.72170877387813,2755654,HINDUNILVR.NS
2010-12-01,224.57057189941406,226.3061551098828,223.4009197108553,224.11780405315676,1425789,HINDUNILVR.NS
2010-12-02,224.080078125,226.6834528841278,222.98589110605073,225.74019615356076,1999299,HINDUNILVR.NS
2010-12-03,225.81565856933594,230.53194216518673,224.30644781866368,225.62700722550193,2629710,HINDUNILVR.NS
2010-12-06,226.60800170898438,229.55098131275395,225.70248900905776,228.19267771976874,1186326,HINDUNILVR.NS
2010-12-07,223.1745147705078,227.7021465156407,222.53309566753546,226.6079596324099,1082204,HINDUNILVR.NS
2010-12-08,223.6649932861328,224.45734262221546,221.36345646668406,223.51408605215863,1031606,HINDUNILVR.NS
2010-12-09,218.15640258789062,225.02331560469625,213.0628166785877,224.72145505375613,2342551,HINDUNILVR.NS
2010-12-10,223.3631591796875,224.72143944969554,217.59043348906562,218.83552757469386,1445464,HINDUNILVR.NS
2010-12-13,227.13619995117188,227.89080526662428,222.6085680584575,224.4196162097979,3373709,HINDUNILVR.NS
2010-12-14,225.0609893798828,227.40026998588752,224.2686631719286,226.38154841228783,1436627,HINDUNILVR.NS
2010-12-15,225.43826293945312,227.06065922180915,223.43856412498084,225.0986814490609,1659988,HINDUNILVR.NS
2010-12-16,221.8539276123047,226.72114033773732,220.94839216566322,226.3438377397572,1588180,HINDUNILVR.NS
2010-12-20,222.7217559814453,223.8914080467253,219.13738070518187,221.92942960555152,1426750,HINDUNILVR.NS
2010-12-21,221.66529846191406,224.00457940887424,220.4202043699156,222.7217412360726,1492762,HINDUNILVR.NS
2010-12-22,221.47666931152344,223.02360106115205,220.79752910507008,221.0993666380796,1930756,HINDUNILVR.NS
2010-12-23,219.66555786132812,223.06128094497677,219.25051122276068,222.41986197898783,1560930,HINDUNILVR.NS
2010-12-24,222.60855102539062,223.3254352317081,219.21282736568128,219.62785104593357,1335207,HINDUNILVR.NS
2010-12-27,223.55181884765625,224.11777281942247,222.08032930957367,222.08032930957367,662421,HINDUNILVR.NS
2010-12-28,222.15582275390625,224.34417378451573,221.627612796851,224.11780137845332,865940,HINDUNILVR.NS
2010-12-29,229.9282684326172,230.45647838123097,222.00491194485278,223.13682001453338,2300915,HINDUNILVR.NS
2010-12-30,233.39939880371094,234.34265538314514,229.4000001183999,229.4000001183999,3240083,HINDUNILVR.NS
2010-12-31,236.11599731445312,238.30434811161155,232.11659837580936,233.9276465172947,1755510,HINDUNILVR.NS
2011-01-03,236.30465698242188,238.3798216618645,233.92765477353305,233.96537582894106,799917,HINDUNILVR.NS
2011-01-04,242.1527862548828,248.94423255511853,236.56871279154439,236.9460153637797,5397799,HINDUNILVR.NS
2011-01-05,245.77491760253906,247.0200115502033,239.3984945872294,242.0018916831186,2728170,HINDUNILVR.NS
2011-01-06,242.03955078125,248.11411174525531,235.73859450279133,247.17085550682486,3041466,HINDUNILVR.NS
2011-01-07,236.22909545898438,243.66195961113954,234.38032695248842,242.907354581047,1724192,HINDUNILVR.NS
2011-01-10,233.1729736328125,239.70030307860193,231.28646090115544,235.43678891080097,2015882,HINDUNILVR.NS
2011-01-11,232.38075256347656,235.81419807597058,228.8718188731219,233.55038177444126,2119800,HINDUNILVR.NS
2011-01-12,230.0791473388672,234.30494155067933,227.58895910392516,233.62580139830658,2307451,HINDUNILVR.NS
2011-01-13,228.04177856445312,231.77706176341954,226.57028871021328,230.90927009267367,1881351,HINDUNILVR.NS
2011-01-14,228.3058624267578,236.34242863671048,227.55125700075138,229.02274679295596,2492947,HINDUNILVR.NS
2011-01-17,227.62669372558594,230.53192885868302,226.38159953389496,228.4944852513871,1474297,HINDUNILVR.NS
2011-01-18,227.77760314941406,230.0036748571213,226.75888143903444,227.8907893330729,1808453,HINDUNILVR.NS
2011-01-19,226.1174774169922,229.21136380579514,225.21196485869908,229.21136380579514,1937115,HINDUNILVR.NS
2011-01-20,226.3061065673828,227.13617693601677,223.62726718045772,223.62726718045772,1109110,HINDUNILVR.NS
2011-01-21,225.0233154296875,227.0984800577896,224.11777983502498,226.38159579295453,783110,HINDUNILVR.NS
2011-01-24,224.8346405029297,227.8907825138945,223.36315107322108,224.72143129393336,1753836,HINDUNILVR.NS
2011-01-25,212.72317504882812,228.64534741161893,211.70445354867587,226.30606697427083,4655704,HINDUNILVR.NS
2011-01-27,204.2716827392578,213.55331957280353,203.74344976910584,212.79871420328834,6960343,HINDUNILVR.NS
2011-01-28,205.21490478515625,207.51644156189843,201.4795996255523,203.7434153516821,4089851,HINDUNILVR.NS
2011-01-31,204.61126708984375,208.98799260110582,201.02689113353156,203.7434754114302,2852476,HINDUNILVR.NS
2011-02-01,203.47930908203125,206.76184665474028,201.47960969640752,204.61121700167396,3627159,HINDUNILVR.NS
2011-02-02,207.214599609375,208.68606598244318,203.06427086749602,204.68666749721302,1588535,HINDUNILVR.NS
2011-02-03,210.4971923828125,212.9496600125196,205.6299781831326,205.6299781831326,2913752,HINDUNILVR.NS
2011-02-04,205.96957397460938,210.83676547967158,204.8753868224444,210.5349278948876,2293389,HINDUNILVR.NS
2011-02-07,207.02593994140625,209.02563910325597,204.8753105290036,209.02563910325597,1160664,HINDUNILVR.NS
2011-02-08,206.27134704589844,208.79927920669914,204.3848339451105,208.79927920669914,1422707,HINDUNILVR.NS
2011-02-09,208.57289123535156,210.30849716703864,203.32839844587315,204.98851621637468,2032694,HINDUNILVR.NS
2011-02-10,205.74313354492188,209.667090375644,202.4983399174326,205.62994735395858,2010110,HINDUNILVR.NS
2011-02-11,203.1020050048828,207.02596164336634,202.61151618225372,205.78086754631545,2245311,HINDUNILVR.NS
2011-02-14,206.1204376220703,206.6486705551772,202.61152750565074,205.25264611373186,1438828,HINDUNILVR.NS
2011-02-15,206.1204376220703,208.64837003840756,205.10171583892225,206.68639160951625,1209813,HINDUNILVR.NS
2011-02-16,208.19558715820312,208.95019242012393,205.25263124245703,205.36581742600015,555104,HINDUNILVR.NS
2011-02-17,206.72415161132812,208.6483861053289,206.27138378076074,207.8937807306261,965275,HINDUNILVR.NS
2011-02-18,210.83665466308594,213.17593501590704,206.08265187244908,206.08265187244908,2296424,HINDUNILVR.NS
2011-02-21,211.51583862304688,214.04377077158765,209.78025579022892,211.28946626353994,1037634,HINDUNILVR.NS
2011-02-22,211.51583862304688,212.64774647803011,208.76153411499914,210.7989774654587,2089769,HINDUNILVR.NS
2011-02-23,211.36495971679688,212.79870525282578,209.78028390172187,210.15758657060985,1318836,HINDUNILVR.NS
2011-02-24,211.36495971679688,214.30791592837772,209.10114370346895,209.10114370346895,3732453,HINDUNILVR.NS
2011-02-25,211.51583862304688,212.72321160744053,205.25262437029593,209.59160448106505,2248750,HINDUNILVR.NS
2011-02-28,212.79867553710938,218.38274965113268,209.780254607505,211.17627889319186,2254711,HINDUNILVR.NS
2011-03-01,216.91127014160156,217.7413174240439,213.32689550455848,213.93057044246612,1559536,HINDUNILVR.NS
2011-03-03,219.439208984375,220.3447445433036,215.5907404307432,216.57171809564426,2893254,HINDUNILVR.NS
2011-03-04,217.25086975097656,220.26929106888863,215.81712423071374,218.83554554862582,1801007,HINDUNILVR.NS
2011-03-07,212.30819702148438,217.21313126958214,210.68580029901247,215.81710691630158,900565,HINDUNILVR.NS
2011-03-08,212.61000061035156,215.10018838915278,211.8176744158389,212.04404674892206,958768,HINDUNILVR.NS
2011-03-09,211.0631103515625,214.23243877525752,210.15757478552047,213.85513612752766,1441408,HINDUNILVR.NS
2011-03-10,208.76150512695312,211.13850668660922,207.89371383104327,210.45936667366763,1008740,HINDUNILVR.NS
2011-03-11,209.28973388671875,210.68575795945333,207.6295934171878,207.6295934171878,867354,HINDUNILVR.NS
2011-03-14,209.855712890625,210.68578322493266,207.8937347446405,209.2897589847866,602992,HINDUNILVR.NS
2011-03-15,207.32781982421875,211.1763117133256,204.309398425504,207.93149489247062,1739445,HINDUNILVR.NS
2011-03-16,204.7621612548828,208.53518791139908,202.98883412057472,208.34653657857325,4895626,HINDUNILVR.NS
2011-03-17,204.2716827392578,205.89407967796984,203.2152167989539,204.00756625418182,1326157,HINDUNILVR.NS
2011-03-18,202.98880004882812,205.32808078896448,201.9323573680733,205.32808078896448,2237160,HINDUNILVR.NS
2011-03-21,200.83819580078125,204.309384783269,199.74403193404376,203.3661281591542,1640861,HINDUNILVR.NS
2011-03-22,202.0078582763672,204.0452788725606,199.55539092686834,202.23423066636846,2312447,HINDUNILVR.NS
2011-03-23,203.47930908203125,205.02626372277834,201.5550748301288,201.78144720256714,810725,HINDUNILVR.NS
2011-03-24,203.0643310546875,204.27170437956522,202.2342604545384,203.668006202761,908105,HINDUNILVR.NS
2011-03-25,204.72439575195312,205.743117448375,202.3096727616575,203.74341813538376,2500090,HINDUNILVR.NS
2011-03-28,208.79928588867188,211.21400891772151,204.76214311804458,205.06398061808514,3088952,HINDUNILVR.NS
2011-03-29,209.55389404296875,211.70450065336874,208.2710558641991,208.87473087260517,2788070,HINDUNILVR.NS
2011-03-30,209.81800842285156,211.6290796864107,207.51647131610946,207.51647131610946,1739609,HINDUNILVR.NS
2011-03-31,216.64715576171875,218.8355062181557,208.64833610110364,210.15754648881506,4410119,HINDUNILVR.NS
2011-04-01,214.27017211914062,218.8732457677813,212.79868265524735,215.81710368581824,1301124,HINDUNILVR.NS
2011-04-04,211.025390625,214.98706888339947,209.13887716861927,213.62878840629685,970446,HINDUNILVR.NS
2011-04-05,207.78057861328125,213.36465335257228,206.76185682972522,210.53488341420925,1201569,HINDUNILVR.NS
2011-04-06,209.1765899658203,209.93119523549683,206.83730902407805,208.27105443071838,1355991,HINDUNILVR.NS
2011-04-07,208.27113342285156,210.72360147946122,207.51652786697167,209.4785069180062,1185709,HINDUNILVR.NS
2011-04-08,209.06332397460938,210.45934795012138,208.08234660193554,208.64830040049023,779829,HINDUNILVR.NS
2011-04-11,206.49778747558594,210.3840011384997,205.55453061426064,208.19564982597146,2103172,HINDUNILVR.NS
2011-04-13,212.49679565429688,215.779332366082,206.0071873446554,206.2713037290463,4129166,HINDUNILVR.NS
2011-04-15,207.55416870117188,213.77966213065548,205.89405093721132,212.5345680505038,2410719,HINDUNILVR.NS
2011-04-18,212.15724182128906,214.3078711907435,207.32777327343936,208.27102974875072,2137424,HINDUNILVR.NS
2011-04-19,209.06332397460938,212.76090721480847,208.4973701760547,211.70444170119785,993470,HINDUNILVR.NS
2011-04-20,214.38336181640625,214.7606644514127,209.7802650635826,210.49714928158494,1443344,HINDUNILVR.NS
2011-04-21,217.89231872558594,218.7978544564571,213.96836126345124,215.70396757616592,1731220,HINDUNILVR.NS
2011-04-25,217.81678771972656,221.40116244186754,217.02446146632158,218.68457909934236,718013,HINDUNILVR.NS
2011-04-26,214.0060272216797,218.04316941908573,210.79895530306993,218.04316941908573,1236592,HINDUNILVR.NS
2011-04-27,213.9305877685547,217.13766007196338,212.91186607819762,214.30789039248512,603760,HINDUNILVR.NS
2011-04-28,210.7612762451172,214.68523348516,210.04441494175384,214.307930790107,2628098,HINDUNILVR.NS
2011-04-29,215.21343994140625,216.57172026467683,211.02536672532403,211.85543715786767,2062384,HINDUNILVR.NS
2011-05-02,212.08180236816406,217.32631821718698,211.44040631029497,216.42078267979193,1305466,HINDUNILVR.NS
2011-05-03,205.74313354492188,212.9496280859387,204.8753420425679,212.49686029335902,1559712,HINDUNILVR.NS
2011-05-04,207.59197998046875,209.17665615396123,204.19625519244167,205.66772211668052,1280917,HINDUNILVR.NS
2011-05-05,201.8946533203125,207.70512375959242,200.6495590915319,207.51647242102786,983472,HINDUNILVR.NS
2011-05-06,208.19558715820312,209.51614636656453,202.61151282573425,203.66795558667835,1721684,HINDUNILVR.NS
2011-05-09,214.87387084960938,217.8545711580484,203.6679769300212,207.62965497026863,4797471,HINDUNILVR.NS
2011-05-10,224.30638122558594,226.23061514992654,216.34530609080065,216.34530609080065,6735970,HINDUNILVR.NS
2011-05-11,226.5325164794922,227.81533165078304,221.89167553919572,224.11777034842288,3305966,HINDUNILVR.NS
2011-05-12,227.43807983398438,229.1736862000331,224.4574021000055,224.87242588931556,3247018,HINDUNILVR.NS
2011-05-13,231.39974975585938,235.36142825055506,224.53283575930755,225.85339525753943,3159300,HINDUNILVR.NS
2011-05-16,229.6641387939453,234.26723595283033,227.32485764480109,230.90923299355728,1968360,HINDUNILVR.NS
2011-05-17,233.13528442382812,234.2294481403632,228.15488552644592,229.39997949361072,1755657,HINDUNILVR.NS
2011-05-18,233.21072387695312,235.17270196928544,232.4183976419356,233.17300282908477,1558363,HINDUNILVR.NS
2011-05-19,233.62586975097656,234.6823128558351,231.739355982039,233.1353807767993,1277341,HINDUNILVR.NS
2011-05-20,234.07855224609375,236.0027863767648,232.45613257384173,233.17301675594027,1930176,HINDUNILVR.NS
2011-05-23,229.3999786376953,233.88988874686308,228.30579189651976,233.88988874686308,2599483,HINDUNILVR.NS
2011-05-24,228.0794219970703,230.38095864857877,225.28737354194445,229.4377021473502,3335267,HINDUNILVR.NS
2011-05-25,226.381591796875,232.34296910844742,223.77819427972037,227.5512208096683,2356167,HINDUNILVR.NS
2011-05-26,232.87120056152344,233.92764337748298,225.438333738784,226.41931141887648,2605674,HINDUNILVR.NS
2011-05-27,227.85308837890625,231.66383608013422,227.249390298269,230.98469588955354,873315,HINDUNILVR.NS
2011-05-30,228.49441528320312,230.0790906004361,226.38153021270594,227.9662055299389,1051439,HINDUNILVR.NS
2011-05-31,229.81509399414062,233.51267933785397,227.96632435101608,227.96632435101608,1970851,HINDUNILVR.NS
2011-06-01,234.26724243164062,236.1914768816453,228.7963535901329,230.0414478241787,1276905,HINDUNILVR.NS
2011-06-02,242.03955078125,244.34108679153357,234.00301223556602,234.98398951204697,3956634,HINDUNILVR.NS
2011-06-03,240.37948608398438,242.2282781034285,237.85157699404618,242.15281297491003,2109606,HINDUNILVR.NS
2011-06-06,237.6629180908203,241.09636255579062,237.05922011069237,240.4549435269711,1227592,HINDUNILVR.NS
2011-06-07,232.98439025878906,237.62520832540505,231.3997144966277,235.39913647053274,2256698,HINDUNILVR.NS
2011-06-08,236.49331665039062,238.3043649196122,230.64512507497562,231.5129166384851,1386122,HINDUNILVR.NS
2011-06-09,235.8518524169922,238.68162199340173,235.43682875727495,238.22887728415523,966979,HINDUNILVR.NS
2011-06-10,235.0218505859375,236.342409977189,233.43717471069004,236.19147969241183,650374,HINDUNILVR.NS
2011-06-13,236.90843200683594,238.30443391247167,232.7203572037242,232.7203572037242,1290141,HINDUNILVR.NS
2011-06-14,237.96473693847656,240.11536620617832,236.64417793552025,236.64417793552025,1805807,HINDUNILVR.NS
2011-06-15,239.02125549316406,240.568187319592,236.191485301848,237.66297501282386,999983,HINDUNILVR.NS
2011-06-16,242.1527862548828,243.73746166401543,237.889271794368,239.96443594166223,3371149,HINDUNILVR.NS
2011-06-17,242.1527862548828,246.37857966966266,239.39848208330926,239.39848208330926,2503209,HINDUNILVR.NS
2011-06-20,243.39797973632812,245.02039988381387,236.79518202033546,241.4737450420169,4312687,HINDUNILVR.NS
2011-06-21,243.2469482421875,246.7558572021625,242.1527616822499,242.9828318626799,2289179,HINDUNILVR.NS
2011-06-22,234.49363708496094,244.45443796023895,233.92768301315493,243.73755359112593,2409893,HINDUNILVR.NS
2011-06-23,239.66265869140625,240.64363641414508,233.8521884079393,233.92765354708706,1160640,HINDUNILVR.NS
2011-06-24,244.75631713867188,245.24680614521552,240.00228831000112,240.00228831000112,1505937,HINDUNILVR.NS
2011-06-27,244.0770721435547,246.75591151270757,242.22828010880468,242.22828010880468,1145129,HINDUNILVR.NS
2011-06-28,244.19027709960938,245.5863014955698,242.49241519259087,243.28474153770912,1401219,HINDUNILVR.NS
2011-06-29,251.1326141357422,252.52863843256992,244.5675623786952,245.02033012749393,2455593,HINDUNILVR.NS
2011-06-30,259.320068359375,262.6026055342983,251.66083030370254,252.038132897861,4476231,HINDUNILVR.NS
2011-07-01,254.11337280273438,259.206959339983,253.32104633065424,258.37688878001876,1912354,HINDUNILVR.NS
2011-07-04,253.886962890625,257.32040780081695,253.2077996963222,257.32040780081695,1767312,HINDUNILVR.NS
2011-07-05,251.1326141357422,253.92466272939765,250.11391548685037,253.5850811606175,2503942,HINDUNILVR.NS
2011-07-06,248.8311309814453,252.71734419087593,248.03880452188162,249.51027123660407,2436300,HINDUNILVR.NS
2011-07-07,253.35877990722656,256.49038791984225,249.17072887006626,249.73668295772202,2877579,HINDUNILVR.NS
2011-07-08,254.27381896972656,258.0484499546731,252.9012068441225,254.69321465539252,1714115,HINDUNILVR.NS
2011-07-11,253.16807556152344,255.83701611714193,252.36740270336384,253.16807556152347,865852,HINDUNILVR.NS
2011-07-12,253.8925018310547,255.6844860895943,250.88040258270635,252.82490703280052,1126865,HINDUNILVR.NS
2011-07-13,252.67250061035156,255.03642479823264,251.75742567590655,253.5113154217058,1144824,HINDUNILVR.NS
2011-07-14,253.39686584472656,256.256445386781,250.5372863026721,252.4055542453415,1062244,HINDUNILVR.NS
2011-07-15,251.45233154296875,254.54066777727522,250.38475996020327,252.55804481127439,1076030,HINDUNILVR.NS
2011-07-18,254.00686645507812,254.69316073693307,250.11783449614984,251.64294324307758,1180470,HINDUNILVR.NS
2011-07-19,252.29119873046875,253.77816626517895,251.26174534716478,252.97749322889808,1774965,HINDUNILVR.NS
2011-07-20,253.0537109375,254.31192118565454,251.64298048355622,252.90119073171078,1974487,HINDUNILVR.NS
2011-07-21,254.50257873535156,256.44708351154395,252.71057090497388,253.74002419232428,1530879,HINDUNILVR.NS
2011-07-22,254.4644012451172,257.2858384365563,253.3586881058818,255.60823279412793,2064576,HINDUNILVR.NS
2011-07-25,252.55807495117188,254.69321837150764,251.45236155091212,254.12130246199078,2848687,HINDUNILVR.NS
2011-07-26,249.69847106933594,253.93063907878948,247.2201690362847,252.93932757409524,1420497,HINDUNILVR.NS
2011-07-27,248.59271240234375,251.1091323911435,245.61875515976817,251.1091323911435,1853575,HINDUNILVR.NS
2011-07-28,246.19082641601562,251.03305414039733,244.05565897348353,248.47849085859033,9159189,HINDUNILVR.NS
2011-07-29,247.06768798828125,249.35535176595053,243.5980739006773,248.36404010415492,3824366,HINDUNILVR.NS
2011-08-01,246.26698303222656,249.58407646254338,245.2375298115382,248.21148768250308,1349396,HINDUNILVR.NS
2011-08-02,246.87705993652344,249.2028422351193,244.2081187480205,246.9533200533162,2364644,HINDUNILVR.NS
2011-08-03,245.54257202148438,246.64828545868002,241.7297991640079,244.39874016424142,2568934,HINDUNILVR.NS
2011-08-04,243.40744018554688,248.1734064856138,242.37798681046843,246.03823962039192,2150710,HINDUNILVR.NS
2011-08-05,243.14048767089844,244.39869784171768,237.99324520465322,240.20464842477713,2715088,HINDUNILVR.NS
2011-08-08,243.78860473632812,245.00867292780288,235.2861061723931,237.34501197029763,5022498,HINDUNILVR.NS
2011-08-09,243.5980224609375,246.15256118951305,236.8875295006806,239.4420915005706,2979527,HINDUNILVR.NS
2011-08-10,241.1959686279297,244.0174294646408,239.82337989571727,242.49232053048678,2655553,HINDUNILVR.NS
2011-08-11,240.62413024902344,242.03486112157825,239.89971723485743,242.03486112157825,1896062,HINDUNILVR.NS
2011-08-12,240.24276733398438,243.2548666845287,238.83206023515407,243.2548666845287,1844873,HINDUNILVR.NS
2011-08-16,236.73492431640625,240.96709016747167,236.08674869175832,240.96709016747167,2309861,HINDUNILVR.NS
2011-08-17,241.2723388671875,243.25498604090842,236.81138854414698,237.1545475195063,1950763,HINDUNILVR.NS
2011-08-18,241.57716369628906,244.3986235733658,240.58585253477975,242.3778595771767,1425028,HINDUNILVR.NS
2011-08-19,240.7384490966797,243.55988659799004,238.45078574740992,239.09893841265102,1724375,HINDUNILVR.NS
2011-08-22,238.7938995361328,241.08156267702753,238.33636225369128,240.9290657637556,1601337,HINDUNILVR.NS
2011-08-23,242.60671997070312,243.48365302921258,239.06084604723256,239.4421233136556,2782892,HINDUNILVR.NS
2011-08-24,243.78860473632812,245.2374531671862,240.66212763522864,242.72101016182413,2993047,HINDUNILVR.NS
2011-08-25,244.24620056152344,247.41082039918481,243.25488900576337,244.4368391892709,7132173,HINDUNILVR.NS
2011-08-26,243.75048828125,244.8943197825898,241.95848094155534,244.01738695249156,1486824,HINDUNILVR.NS
2011-08-29,244.0175323486328,245.42826336178842,242.72117989950058,244.0175323486328,3558243,HINDUNILVR.NS
2011-08-30,244.32244873046875,245.199381721001,243.36925563829988,244.47496893374208,4291158,HINDUNILVR.NS
2011-09-02,244.0175323486328,252.40563502311707,240.47165723595683,251.6430802345276,4706588,HINDUNILVR.NS
2011-09-05,243.9030303955078,245.08498041134982,241.50098868089472,245.08498041134982,1668142,HINDUNILVR.NS
2011-09-06,244.0175323486328,244.36069131202822,240.16663997478608,243.90315378460946,2156702,HINDUNILVR.NS
2011-09-07,244.3987274169922,245.92383648043676,242.75923982805276,244.01745015113104,2609747,HINDUNILVR.NS
2011-09-08,247.6395263671875,249.66029075025546,243.10231865409062,244.28429186512773,3610242,HINDUNILVR.NS
2011-09-09,254.04501342773438,257.7434072091104,247.83019923952924,247.94457775414597,5585928,HINDUNILVR.NS
2011-09-12,263.8438720703125,265.750258429202,251.33798221026066,251.33798221026066,4858629,HINDUNILVR.NS
2011-09-13,260.29791259765625,265.25451550268644,259.3828381374343,264.4157011260347,3890429,HINDUNILVR.NS
2011-09-14,268.876708984375,269.9061621662775,257.40025032456873,261.4418029514238,3575382,HINDUNILVR.NS
2011-09-15,266.3221435546875,270.55431147373054,263.9201016743843,270.32555444563127,3540391,HINDUNILVR.NS
2011-09-16,258.77288818359375,267.92354267704286,256.86650183079183,264.7970644041842,4985062,HINDUNILVR.NS
2011-09-19,257.6290588378906,259.26854646272955,255.60829393884177,258.88726918851967,1509561,HINDUNILVR.NS
2011-09-20,261.5562438964844,263.805789413452,257.17155467664537,258.35350507085616,2015334,HINDUNILVR.NS
2011-09-21,258.3153381347656,263.4244626182087,255.4557587458199,260.9842788977817,2413225,HINDUNILVR.NS
2011-09-22,253.0918731689453,257.55282234043074,252.4436970891021,256.21835175835594,2452724,HINDUNILVR.NS
2011-09-23,252.5198974609375,256.02765252960455,250.11785563577155,251.71922460965374,2142263,HINDUNILVR.NS
2011-09-26,250.80418395996094,253.09184758368448,247.5633271596859,253.09184758368448,1384504,HINDUNILVR.NS
2011-09-27,258.353515625,259.26859054722485,250.80422896627167,252.06243953083938,2548163,HINDUNILVR.NS
2011-09-28,255.26512145996094,259.1922725204662,253.77813086137618,259.1922725204662,2396557,HINDUNILVR.NS
2011-09-29,262.1662292480469,264.6064129701309,253.2443555112676,254.693204415054,3028674,HINDUNILVR.NS
2011-09-30,259.72607421875,261.9374776729334,256.2183187717777,258.9253780097979,2909985,HINDUNILVR.NS
2011-10-03,254.80758666992188,259.0016365046758,253.5874947910028,257.74342620851303,1403507,HINDUNILVR.NS
2011-10-04,248.78343200683594,256.9808937511225,246.152609394328,253.93067542766704,2333503,HINDUNILVR.NS
2011-10-05,245.46627807617188,250.4610237938054,243.44551339450567,247.90646167714107,2867335,HINDUNILVR.NS
2011-10-07,251.14732360839844,252.90118961061899,247.86832536899493,250.11787040217504,2500289,HINDUNILVR.NS
2011-10-10,252.5198974609375,254.69318226325515,248.02083093150821,251.14730878121827,2980788,HINDUNILVR.NS
2011-10-11,248.44029235839844,254.6932497137923,247.48709905857137,254.6932497137923,1817839,HINDUNILVR.NS
2011-10-12,251.14732360839844,252.40553385097542,248.66902153886468,248.85966015959804,1512005,HINDUNILVR.NS
2011-10-13,249.16465759277344,253.54934552286815,247.18201143968517,250.95666514020542,1558110,HINDUNILVR.NS
2011-10-14,252.74871826171875,254.6932230815083,249.1647025206073,249.1647025206073,2841978,HINDUNILVR.NS
2011-10-17,254.61695861816406,255.45577327422362,251.68111895761461,254.54069850919174,1310537,HINDUNILVR.NS
2011-10-18,251.2235565185547,255.95137983821363,249.85094463505615,252.51988503643756,1184035,HINDUNILVR.NS
2011-10-19,252.74871826171875,254.6932230815083,250.0035171910077,251.75738337076618,2312230,HINDUNILVR.NS
2011-10-20,251.98617553710938,254.54071481645494,249.88915039827265,252.40557125634894,2261741,HINDUNILVR.NS
2011-10-21,248.6689910888672,253.35869593038137,247.98269679252834,253.0917972397737,1987414,HINDUNILVR.NS
2011-10-24,256.90460205078125,258.12469388440945,250.1178717698266,251.64298074403285,2005654,HINDUNILVR.NS
2011-10-25,260.06927490234375,263.08137531960466,255.303307958148,258.77294585631626,3466500,HINDUNILVR.NS
2011-10-28,267.69482421875,274.5196982476016,263.9964524566394,264.60648692199373,3480175,HINDUNILVR.NS
2011-10-31,286.56793212890625,288.35993961014594,265.63582796381377,267.6565924548656,8016432,HINDUNILVR.NS
2011-11-01,295.9473876953125,299.8745384717668,283.06022210120204,283.2127190289263,9174039,HINDUNILVR.NS
2011-11-02,297.4344177246094,298.845148414026,292.3634341984597,293.2022489276793,4872709,HINDUNILVR.NS
2011-11-03,291.4864807128906,295.5280105744832,289.694472841687,295.5280105744832,7187338,HINDUNILVR.NS
2011-11-04,292.1791687011719,295.1036681318963,289.7933996484777,293.9877367001354,6162861,HINDUNILVR.NS
2011-11-08,292.9871826171875,297.37389531120823,290.6014142293704,290.6014142293704,4298936,HINDUNILVR.NS
2011-11-09,302.3763122558594,305.8395177185448,293.6028631143294,293.6028631143294,6574596,HINDUNILVR.NS
2011-11-11,304.49261474609375,306.455111283455,298.56670145331594,300.3367742645603,7170102,HINDUNILVR.NS
2011-11-14,307.4941101074219,310.41860837921007,304.22330543245414,305.14683614698976,3232928,HINDUNILVR.NS
2011-11-15,301.1834716796875,307.4172468702728,299.91363423943454,307.07091689276393,1724676,HINDUNILVR.NS
2011-11-16,301.6067810058594,303.6077493235166,298.10510406473713,301.1450154731122,2297870,HINDUNILVR.NS
2011-11-17,300.6831970214844,303.761601809065,299.4518304091792,302.26087008057357,1500384,HINDUNILVR.NS
2011-11-18,300.029052734375,302.79962193833944,295.79624584915234,299.33641630497544,3435409,HINDUNILVR.NS
2011-11-21,300.29833984375,302.4532133945103,298.3358430696031,299.3748091869326,2197774,HINDUNILVR.NS
2011-11-22,296.219482421875,301.68365536686383,295.33444578325003,300.87558354167663,3609814,HINDUNILVR.NS
2011-11-23,295.257568359375,298.4129387533317,291.29412590106006,295.3345331955926,2879124,HINDUNILVR.NS
2011-11-24,296.2964782714844,297.8356807560116,291.6788708179028,295.2960060510881,1911340,HINDUNILVR.NS
2011-11-25,289.2161560058594,295.95016730775814,287.2536821067102,295.95016730775814,1709121,HINDUNILVR.NS
2011-11-28,293.91070556640625,295.4114373621418,289.947263922077,289.947263922077,2004148,HINDUNILVR.NS
2011-11-29,298.7591857910156,300.10598784844433,294.0261197715321,294.7187796187295,2414054,HINDUNILVR.NS
2011-11-30,305.6471252441406,308.61009469094023,297.9126422405723,298.4513490123031,4964804,HINDUNILVR.NS
2011-12-01,300.60626220703125,310.14931330371843,299.9136257579688,310.14931330371843,3180616,HINDUNILVR.NS
2011-12-02,303.9155578613281,305.83956116949855,301.1834825582735,302.76115587642585,2696779,HINDUNILVR.NS
2011-12-05,303.992431640625,306.60907065874034,301.8375579754386,304.26179672036363,1116245,HINDUNILVR.NS
2011-12-07,305.33929443359375,307.8789691515384,302.7611255615189,303.99249225272723,1884018,HINDUNILVR.NS
2011-12-08,302.414794921875,305.91647091770807,298.7976599592457,303.6461380283014,1886638,HINDUNILVR.NS
2011-12-09,296.8352966308594,300.87570435186177,296.0272009948351,300.45240945117104,1789135,HINDUNILVR.NS
2011-12-12,294.9881591796875,297.45089265312174,293.21808564253394,297.18152750972,1926515,HINDUNILVR.NS
2011-12-13,297.1044616699219,298.60519303979436,293.7951867086121,296.2963900008269,944694,HINDUNILVR.NS
2011-12-14,295.8731994628906,302.0300092445183,294.2955028645293,296.3349414074204,1268518,HINDUNILVR.NS
2011-12-15,304.14642333984375,305.3392958825827,294.4109487400017,295.52687994684754,2848153,HINDUNILVR.NS
2011-12-16,302.2993469238281,311.68849111237665,298.60527049778307,304.37727959245666,2709272,HINDUNILVR.NS
2011-12-19,304.9159851074219,307.2247885580494,298.9900468562659,302.8380526073118,1861261,HINDUNILVR.NS
2011-12-20,305.30084228515625,310.0723562092716,303.60771004624485,305.22387745859345,1722756,HINDUNILVR.NS
2011-12-21,308.9949645996094,311.41920433194605,305.9935238126035,309.3797653027222,2958318,HINDUNILVR.NS
2011-12-22,314.30517578125,317.4605459044834,307.2633283693697,308.6101306853281,3480833,HINDUNILVR.NS
2011-12-23,316.8448181152344,319.30752782207065,314.3820849220338,315.53648670265324,2478598,HINDUNILVR.NS
2011-12-26,322.6168518066406,323.42492372061685,316.9217837955785,317.03724277160325,3210785,HINDUNILVR.NS
2011-12-27,320.7312927246094,323.27096723166227,319.4229613201493,322.4628953847902,1805252,HINDUNILVR.NS
2011-12-28,316.80633544921875,321.69330786161436,316.07522838680694,320.8852359804315,2100950,HINDUNILVR.NS
2011-12-29,318.84576416015625,320.7312964733818,313.30464967463035,316.88329051689254,3064284,HINDUNILVR.NS
2011-12-30,313.535400390625,319.34590124830385,311.9577279480779,319.30740711168346,1008710,HINDUNILVR.NS
2012-01-02,309.68743896484375,315.5364112859527,308.99480275929267,314.11264473287844,772876,HINDUNILVR.NS
2012-01-03,313.9588317871094,316.84483640525406,311.88089906749894,311.88089906749894,1521362,HINDUNILVR.NS
2012-01-04,304.33880615234375,313.68945610321146,302.2608735026554,313.68945610321146,2571970,HINDUNILVR.NS
2012-01-05,302.72265625,306.9554631231155,299.5672864291315,303.91552879242244,3679775,HINDUNILVR.NS
2012-01-06,305.3777770996094,307.57114543475666,298.8746604054528,303.030502600993,1730249,HINDUNILVR.NS
2012-01-09,302.79962158203125,304.64665988704536,300.5292884971732,303.4537638562483,1662954,HINDUNILVR.NS
2012-01-10,304.33880615234375,307.0708810377072,301.45280163131264,302.8380744068616,1818282,HINDUNILVR.NS
2012-01-11,302.0683898925781,306.83992544593417,301.18335344748937,305.4161589109523,1313159,HINDUNILVR.NS
2012-01-12,303.2613525390625,305.6086503611127,298.9900751458114,303.03048156670076,2145254,HINDUNILVR.NS
2012-01-13,301.4142761230469,303.6846088379543,300.2983685828218,303.1458786555267,2414816,HINDUNILVR.NS
2012-01-16,297.3354797363281,300.91412123791963,296.2965132393838,300.91412123791963,2898804,HINDUNILVR.NS
2012-01-17,305.9934387207031,307.0708756925268,296.83518923065503,298.29742679858464,3985373,HINDUNILVR.NS
2012-01-18,301.87603759765625,307.455645685822,298.99003341412225,307.455645685822,1875310,HINDUNILVR.NS
2012-01-19,301.2219543457031,304.22339482029355,298.60531453417224,303.2229224908863,1924205,HINDUNILVR.NS
2012-01-20,301.0295104980469,302.953513535215,299.6442377058319,301.68367622795705,1944382,HINDUNILVR.NS
2012-01-23,304.49261474609375,309.8798214593594,299.14390217259444,301.02941043042296,2009356,HINDUNILVR.NS
2012-01-24,302.5301818847656,307.4171533211387,301.6836160200902,307.37865917625857,1785375,HINDUNILVR.NS
2012-01-25,302.8765869140625,307.1478882870746,299.5673106673265,302.8381162430135,3214760,HINDUNILVR.NS
2012-01-27,300.10601806640625,307.8020305980606,295.6038460381152,307.8020305980606,3014531,HINDUNILVR.NS
2012-01-30,294.2570495605469,300.8371310083723,292.4484818832063,298.6052920281159,3357821,HINDUNILVR.NS
2012-01-31,291.640380859375,295.52685748118336,288.10021068185875,295.52685748118336,5410046,HINDUNILVR.NS
2012-02-01,296.10406494140625,297.33543157215877,290.2550910601055,292.2560588992827,3629907,HINDUNILVR.NS
2012-02-02,300.6831970214844,302.79960031294604,296.450390438561,297.06606200153124,3401946,HINDUNILVR.NS
2012-02-03,308.9179992675781,310.8804969421371,300.9526200286093,301.8761511091513,3661767,HINDUNILVR.NS
2012-02-06,297.87408447265625,316.2290746724028,295.9885759447217,312.38106932597213,8152556,HINDUNILVR.NS
2012-02-07,294.1030578613281,298.6052290271804,290.90921796977887,298.6052290271804,6607892,HINDUNILVR.NS
2012-02-08,299.0285949707031,300.06756148986113,294.37251620051074,294.7573168752827,2952882,HINDUNILVR.NS
2012-02-09,302.72265625,303.7616226343107,296.5273520984384,296.5273520984384,1611262,HINDUNILVR.NS
2012-02-10,298.1435241699219,303.9924984577752,296.8736867850298,302.4532959339383,1192722,HINDUNILVR.NS
2012-02-13,301.4913330078125,302.9920650554943,297.9126913783823,298.91316375259044,1329643,HINDUNILVR.NS
2012-02-14,301.56829833984375,302.45333520870213,298.9901290803582,301.06806215191244,1096306,HINDUNILVR.NS
2012-02-15,298.9900207519531,303.0304264377903,296.296416961395,303.0304264377903,2772667,HINDUNILVR.NS
2012-02-16,295.5652770996094,299.374811733435,294.83417018590694,299.374811733435,1472742,HINDUNILVR.NS
2012-02-17,296.3734130859375,298.6052517652608,293.3719732422707,296.7197195180738,3128005,HINDUNILVR.NS
2012-02-21,293.94915771484375,298.91307085608287,293.2564979164902,297.6817043645638,2314496,HINDUNILVR.NS
2012-02-22,291.2940368652344,295.14204263624146,289.44699879242364,293.2180397507379,2030557,HINDUNILVR.NS
2012-02-23,298.7591857910156,299.72118726060756,290.25507870800453,290.25507870800453,2728135,HINDUNILVR.NS
2012-02-24,296.9891662597656,300.45237245128334,295.1805983291435,299.952136254227,1728472,HINDUNILVR.NS
2012-02-27,292.4869384765625,300.7601517106486,290.60142955224137,299.25944340186635,2232300,HINDUNILVR.NS
2012-02-28,293.41046142578125,295.52686475409837,292.4869305788787,292.94869600232994,2574086,HINDUNILVR.NS
2012-02-29,292.60235595703125,297.7201987206755,291.5633897451366,294.10306405300145,4159331,HINDUNILVR.NS
2012-03-01,292.7178039550781,294.6802775054714,290.3705063408825,292.0636382761592,1603552,HINDUNILVR.NS
2012-03-02,294.641845703125,295.257517313684,289.75487302782597,292.179112288156,1316617,HINDUNILVR.NS
2012-03-05,294.410888671875,294.9496188314085,290.2935416142635,292.4484152796744,765991,HINDUNILVR.NS
2012-03-06,292.60235595703125,297.3738688212565,290.9861889036798,292.52539114756456,1464049,HINDUNILVR.NS
2012-03-07,296.2964782714844,297.066079513748,291.1401405537719,293.41047361299593,1118547,HINDUNILVR.NS
2012-03-09,294.17999267578125,298.68216338261055,293.2179913916878,298.48976312579185,1401098,HINDUNILVR.NS
2012-03-12,292.8717041015625,296.29643856523836,292.44843286958593,295.14203685654263,766487,HINDUNILVR.NS
2012-03-13,293.8337097167969,296.91211431723,292.91020242848487,293.2180381912555,890947,HINDUNILVR.NS
2012-03-14,293.641357421875,297.06609249413924,292.9102503015983,296.1425615685226,1316660,HINDUNILVR.NS
2012-03-15,298.6821594238281,300.14439665899755,294.064553321382,295.2959196459728,2310912,HINDUNILVR.NS
2012-03-16,300.29833984375,301.64514168456526,294.8726383360781,300.0674454363655,2672919,HINDUNILVR.NS
2012-03-19,303.1074523925781,307.6096243337704,298.41288014181663,300.9140841662161,2963461,HINDUNILVR.NS
2012-03-20,304.3003234863281,306.99392780762963,302.18392009101984,304.06945251047716,2100522,HINDUNILVR.NS
2012-03-21,310.30316162109375,311.30363362013696,304.0693882406989,304.14635304517014,3610315,HINDUNILVR.NS
2012-03-22,304.6466979980469,312.72751214395595,302.2993997971755,310.9189442806929,2497386,HINDUNILVR.NS
2012-03-23,310.2262878417969,313.22772820595634,305.14691457902137,305.14691457902137,3300855,HINDUNILVR.NS
2012-03-26,310.418701171875,312.0348686622482,305.18539803573174,310.14933600908466,1925706,HINDUNILVR.NS
2012-03-27,320.192626953125,321.46248794862237,310.1493388970365,311.5346119094732,4279621,HINDUNILVR.NS
2012-03-28,317.4605407714844,322.1166193082522,316.3061388050426,319.8078153753687,1830505,HINDUNILVR.NS
2012-03-29,314.2666931152344,319.0382070464121,312.6120550303391,316.3061318471456,2403473,HINDUNILVR.NS
2012-03-30,315.5749816894531,318.9612459626811,312.68897701547434,314.92083941911085,1963767,HINDUNILVR.NS
2012-04-02,312.1887512207031,314.7284495095634,310.9958786439129,314.15124855569064,1539502,HINDUNILVR.NS
2012-04-03,310.7264709472656,315.2671131319467,309.9568697808328,313.8433462767732,1308869,HINDUNILVR.NS
2012-04-04,307.22479248046875,311.14973960755583,306.3012616938815,310.9188686540908,1285156,HINDUNILVR.NS
2012-04-09,311.3035888671875,312.6119198960302,307.84038454110015,308.84085639631576,1463760,HINDUNILVR.NS
2012-04-10,319.3460693359375,321.3085432595023,311.57309149633824,311.6885269942477,2726003,HINDUNILVR.NS
2012-04-11,320.6158142089844,323.88661879473756,315.6134071954795,318.0376458970597,1747310,HINDUNILVR.NS
2012-04-12,324.1560363769531,324.77170794533674,319.0766637355114,320.3465010242806,1678795,HINDUNILVR.NS
2012-04-13,327.1959533691406,329.6971573294272,325.46435062740375,326.3109166650815,891169,HINDUNILVR.NS
2012-04-16,324.1944885253906,327.7731292207424,323.50185217892954,326.8880925843553,722676,HINDUNILVR.NS
2012-04-17,324.9256591796875,327.4268632578536,322.73229090617633,324.00212827935655,1470364,HINDUNILVR.NS
2012-04-18,325.42584228515625,326.3878436969686,323.42487465131404,325.5412777573012,1749037,HINDUNILVR.NS
2012-04-19,327.4653015136719,331.3133074068995,323.6942604355816,325.9260991563808,2363011,HINDUNILVR.NS
2012-04-20,325.54132080078125,327.8501244944038,320.46194797753844,327.8501244944038,1990448,HINDUNILVR.NS
2012-04-23,321.000732421875,326.58034229002016,320.15416622736524,325.0411395677732,498101,HINDUNILVR.NS
2012-04-24,323.6173400878906,325.8107084456884,320.4234994549269,321.61637205119143,1386044,HINDUNILVR.NS
2012-04-25,322.5398864746094,324.7717253878212,320.46195371857686,322.7322867858581,1021535,HINDUNILVR.NS
2012-04-26,319.1536560058594,323.1170978483696,317.2681235001534,321.77029562611307,2175667,HINDUNILVR.NS
2012-04-27,319.6922607421875,321.9240990150033,317.49889312603636,318.6148240056239,2408519,HINDUNILVR.NS
2012-04-30,321.3854675292969,324.3099427103297,318.88426361597294,321.42393819495595,2701937,HINDUNILVR.NS
2012-05-02,327.0805358886719,333.853017590173,326.0030988206649,330.9285421932445,4465721,HINDUNILVR.NS
2012-05-03,334.58416748046875,335.161368459446,325.1565514905073,325.1565514905073,6817254,HINDUNILVR.NS
2012-05-04,334.6994934082031,336.892861107546,331.8134894581099,332.8524555774155,1828561,HINDUNILVR.NS
2012-05-07,330.8900146484375,334.00688982483854,327.0804796671806,330.582155407896,1165490,HINDUNILVR.NS
2012-05-08,331.58270263671875,335.77701534951774,330.6207010760264,330.9285368781747,1505249,HINDUNILVR.NS
2012-05-09,332.8910217285156,335.3152845311051,328.311908239288,331.3133485111048,1656021,HINDUNILVR.NS
2012-05-10,333.42962646484375,338.6244331091316,331.7749890457867,331.7749890457867,1652017,HINDUNILVR.NS
2012-05-11,332.50616455078125,334.7764973179424,332.00592850493507,334.7764973179424,1811513,HINDUNILVR.NS
2012-05-14,333.8914794921875,334.77651615947417,331.27484015511044,333.96844430811774,1208457,HINDUNILVR.NS
2012-05-15,332.81402587890625,333.85296863971485,332.1213660565496,332.46769596772793,1454395,HINDUNILVR.NS
2012-05-16,329.1969299316406,333.23733643576946,328.4273286927589,330.9285327191244,2094109,HINDUNILVR.NS
2012-05-17,330.8900146484375,335.0073618975108,328.00401041608,329.92801323765167,2518722,HINDUNILVR.NS
2012-05-18,332.50616455078125,336.31569960446166,327.965522502822,327.965522502822,2121717,HINDUNILVR.NS
2012-05-21,328.0040588378906,333.96846846526256,327.0805279526544,331.8520650490983,914515,HINDUNILVR.NS
2012-05-22,326.1955261230469,330.4668040799517,325.04112413616787,329.6972027553657,1318747,HINDUNILVR.NS
2012-05-23,328.6197204589844,330.1589228967314,322.61684034631725,325.46435076433,1594562,HINDUNILVR.NS
2012-05-24,326.849609375,329.38928370999463,323.8481461782721,329.38928370999463,1065218,HINDUNILVR.NS
2012-05-25,323.8866882324219,327.7731651200484,322.46292123375855,325.5413262097371,1174995,HINDUNILVR.NS
2012-05-28,321.2700500488281,324.3484550377301,317.9992447481198,323.6173244583194,1259996,HINDUNILVR.NS
2012-05-29,320.3464660644531,322.8861403648336,318.6148635451858,321.69326802388326,1147219,HINDUNILVR.NS
2012-05-30,325.1180419921875,325.84914905309125,318.6533730105988,320.1541047712601,1459824,HINDUNILVR.NS
2012-05-31,329.3893737792969,331.5442481384456,321.4239952067527,322.27056137869295,3840908,HINDUNILVR.NS
2012-06-01,322.84771728515625,333.2373339319968,321.6163506149242,329.69716356246687,1198654,HINDUNILVR.NS
2012-06-04,317.3835144042969,322.9246521633702,314.6129455247602,321.2315202129968,1053519,HINDUNILVR.NS
2012-06-05,313.4586181640625,320.11568858188843,312.5351106426497,318.999757238016,1596568,HINDUNILVR.NS
2012-06-06,323.2710266113281,327.54232804949515,314.88237688064316,314.88237688064316,5031386,HINDUNILVR.NS
2012-06-07,326.11846923828125,327.080470622465,324.5023022155802,325.9260689614445,2861606,HINDUNILVR.NS
2012-06-08,330.3898620605469,331.8905941416485,325.0026524165085,325.19505276093844,2762193,HINDUNILVR.NS
2012-06-11,335.6615295410156,336.8159312407919,330.3897570814313,331.12088755250136,1765844,HINDUNILVR.NS
2012-06-12,332.8910217285156,335.1613548817332,331.12094819257334,334.73808357551087,2128965,HINDUNILVR.NS
2012-06-13,344.4349670410156,345.1660974893282,332.6216088034359,332.6600794643526,3034493,HINDUNILVR.NS
2012-06-14,339.2402038574219,346.08967341317117,338.6630029501193,343.2421395425991,1950641,HINDUNILVR.NS
2012-06-15,345.8972473144531,347.821250195307,339.8173794218643,340.9333104873048,2487629,HINDUNILVR.NS
2012-06-18,343.5884704589844,349.2450205775496,341.51053779223764,346.32054536677623,1868135,HINDUNILVR.NS
2012-06-19,345.70489501953125,348.59089974146735,342.4725603364162,342.4725603364162,1865944,HINDUNILVR.NS
2012-06-20,350.63037109375,352.4774095908387,344.93532594173945,345.5509976119794,2265526,HINDUNILVR.NS
2012-06-21,354.1319580078125,357.6336572681799,348.43691429909217,348.66778524533055,1908311,HINDUNILVR.NS
2012-06-22,354.2474365234375,357.2489001074032,352.63129273067517,352.93912852518395,1112693,HINDUNILVR.NS
2012-06-25,354.0550231933594,356.94102769766243,353.4008809614758,354.01655252784786,1042431,HINDUNILVR.NS
2012-06-26,346.8592224121094,353.01603116325316,344.8582548707153,352.66970127645675,2391622,HINDUNILVR.NS
2012-06-27,348.2060546875,350.09156344012376,345.5893919510204,347.7057951437613,1547735,HINDUNILVR.NS
2012-06-28,347.59039306640625,349.9376909248132,345.97422577574497,348.2445588133841,2047672,HINDUNILVR.NS
2012-06-29,349.7837219238281,356.5562026347387,348.8986853005014,353.0160561414319,4480357,HINDUNILVR.NS
2012-07-02,343.7038879394531,351.39989965557896,342.8957926174416,348.82173103340403,1476506,HINDUNILVR.NS
2012-07-03,339.66351318359375,347.0901604788276,337.5471097660399,343.6269548864668,2158825,HINDUNILVR.NS
2012-07-04,340.1295471191406,342.4982899843674,337.6054667507751,341.6051585942577,1243347,HINDUNILVR.NS
2012-07-05,342.3817443847656,345.60479560353053,340.16831567268844,340.16831567268844,1228702,HINDUNILVR.NS
2012-07-06,346.4201965332031,347.93465372519717,342.498174760741,342.498174760741,1942688,HINDUNILVR.NS
2012-07-09,344.789306640625,347.11922643222425,344.129157959438,346.6920602497292,1006094,HINDUNILVR.NS
2012-07-10,346.6921081542969,348.3230569740084,341.9545991832006,346.0708056044891,2182734,HINDUNILVR.NS
2012-07-11,342.808837890625,346.8085285277111,340.4400957398641,346.3813860746782,2486849,HINDUNILVR.NS
2012-07-12,344.0126953125,347.8570490675698,341.2167865898855,341.72159784646976,1698747,HINDUNILVR.NS
2012-07-13,342.575927734375,345.83780169452666,342.1099389683038,343.74088779896624,823610,HINDUNILVR.NS
2012-07-16,342.6147766113281,346.0708345492717,341.21683390675264,343.27492543894573,1047284,HINDUNILVR.NS
2012-07-17,344.9446105957031,346.1484166744946,342.69235960144584,342.69235960144584,1194197,HINDUNILVR.NS
2012-07-18,346.6143798828125,347.46868851795915,344.09030019329725,346.2649061465041,1934268,HINDUNILVR.NS
2012-07-19,346.8862609863281,348.7113697777379,344.9835071536788,348.5560322929135,1153087,HINDUNILVR.NS
2012-07-20,346.4201965332031,349.02194477785497,345.72122540657796,346.9250313979794,1922480,HINDUNILVR.NS
2012-07-23,344.0126953125,346.38143781710346,342.8477353198416,345.99311781955066,1981053,HINDUNILVR.NS
2012-07-24,369.83587646484375,371.0396586555783,349.75973320813404,351.6624864677198,12434286,HINDUNILVR.NS
2012-07-25,360.71051025390625,368.7098939437804,360.0503614170894,367.8555850785571,3588427,HINDUNILVR.NS
2012-07-26,358.6911315917969,362.2248335483213,357.875645501021,361.13754246178826,2844026,HINDUNILVR.NS
2012-07-27,360.82696533203125,363.85585673107346,359.66200527846325,360.3609765703695,3973735,HINDUNILVR.NS
2012-07-30,361.7200622558594,364.24414213204085,358.45816493540264,363.3898334337145,3988589,HINDUNILVR.NS
2012-07-31,362.9626770019531,364.78778558259586,361.09874590517387,361.2540596708897,5639186,HINDUNILVR.NS
2012-08-01,365.1372985839844,367.97202990061135,361.1376072439897,361.8754247392582,1493360,HINDUNILVR.NS
2012-08-02,363.8170471191406,367.97205249669423,362.41908078455094,365.2926584991182,1552143,HINDUNILVR.NS
2012-08-03,362.3802185058594,364.9042984345741,361.52590978975246,362.1472122917368,1784528,HINDUNILVR.NS
2012-08-06,362.9626770019531,365.02076808175457,361.5258883873548,363.66164820059913,988874,HINDUNILVR.NS
2012-08-07,364.94317626953125,366.9624452588094,362.22493593428084,363.54523357758666,1946016,HINDUNILVR.NS
2012-08-08,370.5737609863281,371.9717271682754,364.47713241511093,365.02078988050783,1835156,HINDUNILVR.NS
2012-08-09,379.1944885253906,380.4371172935629,370.65144833331834,370.65144833331834,1705222,HINDUNILVR.NS
2012-08-10,386.53375244140625,387.1550549849852,377.40823208819944,377.4858771302672,1706786,HINDUNILVR.NS
2012-08-13,380.78656005859375,387.5433371405097,378.5343089316786,384.2037948179635,1442959,HINDUNILVR.NS
2012-08-14,385.1357116699219,386.1065115197155,379.46625002759396,382.10682087879917,646462,HINDUNILVR.NS
2012-08-16,384.2425842285156,385.56288151734776,380.55354476396695,383.8542642848789,1459688,HINDUNILVR.NS
2012-08-17,390.9605712890625,392.5526975098849,383.31066254825487,384.39797750927386,2565741,HINDUNILVR.NS
2012-08-21,398.8822937011719,399.8142712018794,388.86366592501406,390.5722597414147,2584115,HINDUNILVR.NS
2012-08-22,398.2998046875,399.9695996469636,396.16406839055696,397.63967964902014,1602330,HINDUNILVR.NS
2012-08-23,404.1635437011719,407.34774928180485,397.71739268293396,397.83390766368836,2546219,HINDUNILVR.NS
2012-08-24,402.2607116699219,410.06593446477666,401.018059184682,403.8139917247127,3544251,HINDUNILVR.NS
2012-08-27,404.66827392578125,408.4738289939846,402.7654963916795,403.8528113832648,1680007,HINDUNILVR.NS
2012-08-28,407.0369873046875,408.2796396919521,403.3091249475772,404.6294223705213,1484882,HINDUNILVR.NS
2012-08-29,405.8332214355469,407.58066143087945,402.92082144332596,405.67788395549303,1550960,HINDUNILVR.NS
2012-08-30,410.6095275878906,427.81207305622763,403.11493353761057,403.11493353761057,3526927,HINDUNILVR.NS
2012-08-31,400.0472106933594,411.1920221779376,399.231748243839,409.98823976175606,3416287,HINDUNILVR.NS
2012-09-03,400.0472106933594,402.99848036185574,397.0183433948064,402.2606629447316,1740309,HINDUNILVR.NS
2012-09-04,404.66827392578125,405.75558891736654,399.23179377254496,399.23179377254496,1312288,HINDUNILVR.NS
2012-09-05,412.5511474609375,413.5219473902967,402.33831324314303,402.33831324314303,2837160,HINDUNILVR.NS
2012-09-06,408.8621520996094,414.33745481491377,406.64869957905967,412.47349978732933,1744174,HINDUNILVR.NS
2012-09-07,418.5700988769531,418.9972413570902,409.21159722052954,412.395801965922,2340778,HINDUNILVR.NS
2012-09-10,415.6189270019531,421.1718747214229,414.25980696257767,420.9388921951419,1855860,HINDUNILVR.NS
2012-09-11,413.0559997558594,418.6478177063128,411.69687964162716,415.0364698441902,1168093,HINDUNILVR.NS
2012-09-12,420.16229248046875,421.3272526259784,413.9491717044175,414.7258118014239,1763051,HINDUNILVR.NS
2012-09-13,424.86083984375,425.5986572153754,418.64772076031386,419.38553813193926,1786501,HINDUNILVR.NS
2012-09-14,425.6375427246094,430.8022176880353,423.69594272367385,428.7052802065562,3526275,HINDUNILVR.NS
2012-09-17,413.0559997558594,430.297418685446,410.9591095014936,430.25859616265177,4246948,HINDUNILVR.NS
2012-09-18,413.4830322265625,417.7545509586455,410.22113571432413,412.39571758837315,3898228,HINDUNILVR.NS
2012-09-20,409.6774597167969,420.12327362037314,408.1241802486763,408.1241802486763,3448015,HINDUNILVR.NS
2012-09-21,411.3862609863281,416.90038660853304,410.2989459104024,412.55122110952766,3416021,HINDUNILVR.NS
2012-09-24,402.33831787109375,412.4346372525633,395.07675327689617,411.61917478298966,4620998,HINDUNILVR.NS
2012-09-25,410.3765869140625,411.6968369662994,397.17368347177995,402.29951211150444,2698327,HINDUNILVR.NS
2012-09-26,409.17279052734375,416.20142088704773,407.27006033069347,409.9883005000187,1743114,HINDUNILVR.NS
2012-09-27,417.63818359375,419.38562369246864,409.79413811155166,411.5415782102703,2452894,HINDUNILVR.NS
2012-09-28,423.9289245605469,426.3753595187229,416.70618204916843,418.02647952814687,2379138,HINDUNILVR.NS
2012-10-01,421.5990295410156,424.2008021336284,420.5894069628084,421.71554450872463,726130,HINDUNILVR.NS
2012-10-03,431.4235534667969,433.13217107980813,421.13307266853394,421.13307266853394,1781389,HINDUNILVR.NS
2012-10-04,431.4235534667969,436.3940688133119,430.6469134065506,432.2001935270431,2203993,HINDUNILVR.NS
2012-10-05,439.1122131347656,441.67511529344506,345.1776088801121,434.14169887366717,3291190,HINDUNILVR.NS
2012-10-08,434.9571838378906,438.7239159443136,433.0155840105611,437.28710363068603,1027242,HINDUNILVR.NS
2012-10-09,441.7916259765625,443.150745917919,435.8891811921797,435.8891811921797,1351313,HINDUNILVR.NS
2012-10-10,437.947265625,441.7139502397353,437.1317557949944,440.35483039284384,1058543,HINDUNILVR.NS
2012-10-11,443.7333068847656,444.9759594993676,433.9476604818204,440.16078134777933,1409055,HINDUNILVR.NS
2012-10-12,446.6069030761719,447.5388807247459,442.87903988422795,445.7526178830178,1314242,HINDUNILVR.NS
2012-10-15,449.3250732421875,450.3735657086149,442.0635080298356,446.56801065686193,1092761,HINDUNILVR.NS
2012-10-16,445.9855651855469,450.800743153871,441.63639970584364,449.28628551996326,1456748,HINDUNILVR.NS
2012-10-17,445.0535583496094,447.2670108697457,442.1023357251063,446.60683840485785,904193,HINDUNILVR.NS
2012-10-18,447.033935546875,450.4511702823671,443.4614107435028,445.2476731451889,979652,HINDUNILVR.NS
2012-10-19,440.00531005859375,445.8301090993544,438.5297227430026,445.79128658621653,2057309,HINDUNILVR.NS
2012-10-22,442.25750732421875,444.23792917135273,438.99561095123624,440.0829255430063,1019679,HINDUNILVR.NS
2012-10-23,442.9566345214844,445.131264588099,440.3549093092556,442.6071844201006,781659,HINDUNILVR.NS
2012-10-25,437.98614501953125,443.42262511310946,434.8018925233144,443.42262511310946,3283093,HINDUNILVR.NS
2012-10-29,424.08428955078125,428.51114731341914,420.201089303265,427.15202722678845,2311782,HINDUNILVR.NS
2012-10-30,427.617919921875,430.41385206828755,421.9872805159535,423.81241276479335,1615935,HINDUNILVR.NS
2012-10-31,424.5113830566406,427.9674403581448,420.5505382226821,427.3073153532655,2000378,HINDUNILVR.NS
2012-11-01,427.174072265625,429.6777147504942,422.0474969226903,427.13434114905414,1843023,HINDUNILVR.NS
2012-11-02,423.6371154785156,430.353323353084,423.00127209947,430.353323353084,2005259,HINDUNILVR.NS
2012-11-05,423.6371154785156,427.01508497341933,421.5308327417031,426.3395104791347,1500512,HINDUNILVR.NS
2012-11-06,423.5179138183594,425.22678854149507,418.5503111484821,421.6501146191834,1590975,HINDUNILVR.NS
2012-11-07,424.86907958984375,426.2600082331163,418.94768794899244,422.92176978691396,1835616,HINDUNILVR.NS
2012-11-08,423.9152526855469,426.7368893498541,421.72950786835713,423.0409741633658,1192259,HINDUNILVR.NS
2012-11-09,420.57708740234375,426.33950589045287,417.9144235456219,423.1204608911519,1541504,HINDUNILVR.NS
2012-11-12,421.09375,423.7166346106324,419.66309007708657,419.70282119766114,1292637,HINDUNILVR.NS
2012-11-15,424.27294921875,425.9818237408686,420.1796742073153,422.4448813536221,2065869,HINDUNILVR.NS
2012-11-16,414.0993347167969,424.3524854417368,410.6021232338776,423.1999919863378,1544605,HINDUNILVR.NS
2012-11-19,410.6419677734375,414.09940017441653,407.0255138569483,414.09940017441653,1503306,HINDUNILVR.NS
2012-11-20,413.4634704589844,415.6094842829065,408.93300761109083,411.5956229498297,1387806,HINDUNILVR.NS
2012-11-21,416.9605407714844,418.19254463666823,411.4366072338899,412.19164378128795,1414178,HINDUNILVR.NS
2012-11-22,416.7619323730469,420.3386059365061,414.69542927441086,416.563228286188,1068387,HINDUNILVR.NS
2012-11-23,421.4116516113281,423.2397195709765,416.64275336264103,418.47082132228945,1034970,HINDUNILVR.NS
2012-11-26,427.1343688964844,429.2008722098337,419.742537287919,421.2527079096516,1089441,HINDUNILVR.NS
2012-11-27,430.5123291015625,432.3006660291319,426.97538636468767,427.2138215860148,1737783,HINDUNILVR.NS
2012-11-29,435.6785888671875,437.8643337655216,429.35978936783744,429.35978936783744,2396376,HINDUNILVR.NS
2012-11-30,427.69061279296875,436.91051057403473,426.0215180411582,435.5593132211841,2283393,HINDUNILVR.NS
2012-12-03,426.4189453125,431.0288701540715,425.385693823969,429.83664570305797,1541307,HINDUNILVR.NS
2012-12-04,424.19354248046875,427.690705699117,422.8423448341009,426.0613417042671,710732,HINDUNILVR.NS
2012-12-05,422.6435546875,427.45218345409387,421.53079249660453,424.630595377145,1159578,HINDUNILVR.NS
2012-12-06,425.42547607421875,426.8164047675955,415.17232515834473,423.6371391827344,2297890,HINDUNILVR.NS
2012-12-07,421.7693786621094,427.09461019479124,419.106714384021,423.91534431892273,3273673,HINDUNILVR.NS
2012-12-10,425.10748291015625,426.4586803360435,422.0474595291877,422.1269217552891,1907839,HINDUNILVR.NS
2012-12-11,433.0954284667969,440.5269415905118,424.51137347485803,424.51137347485803,6021846,HINDUNILVR.NS
2012-12-12,421.05401611328125,434.40692282566175,419.6630873200802,433.6518374927176,6114128,HINDUNILVR.NS
2012-12-13,413.1057434082031,422.8025113011801,408.41630815722124,419.66297743055554,6190043,HINDUNILVR.NS
2012-12-14,410.6419677734375,416.64282269933483,408.21773861752723,413.3045836673639,2918226,HINDUNILVR.NS
2012-12-17,415.490234375,416.12607773338874,409.33040784911526,411.7148568268771,1515965,HINDUNILVR.NS
2012-12-18,417.0798034667969,417.67591562039405,411.1186819308255,416.24525615410715,1239848,HINDUNILVR.NS
2012-12-19,415.64923095703125,418.8682275575445,413.8211630059026,417.63627188472356,3281937,HINDUNILVR.NS
2012-12-20,423.3985900878906,424.630545468326,414.059499944226,414.93377834021754,2607533,HINDUNILVR.NS
2012-12-21,418.9875183105469,424.82939991496875,417.35810575030604,421.8091070547796,1643260,HINDUNILVR.NS
2012-12-24,422.6038513183594,426.45869110463184,416.72219108620766,419.6630212022835,974860,HINDUNILVR.NS
2012-12-26,416.0069885253906,421.84887057853723,415.1326612409753,420.6169146673279,1066122,HINDUNILVR.NS
2012-12-27,411.873779296875,417.2785199481425,409.9264698347705,417.2785199481425,3096975,HINDUNILVR.NS
2012-12-28,414.9736022949219,415.6889564238657,410.88032714654963,413.1455343686373,1300009,HINDUNILVR.NS
2012-12-31,417.1593322753906,418.7887445647174,413.3442235856942,414.973587363282,807948,HINDUNILVR.NS
2013-01-01,421.7296142578125,424.03460150574864,417.47736539998965,417.7158006469401,538696,HINDUNILVR.NS
2013-01-02,421.6501159667969,424.4319734708191,419.70280601163233,422.12698641993126,1523020,HINDUNILVR.NS
2013-01-03,423.12042236328125,424.1934534359217,418.4707665837119,422.8422560731904,1059032,HINDUNILVR.NS
2013-01-04,424.9883117675781,426.25999852204495,420.53731110346416,424.4319306205964,1159517,HINDUNILVR.NS
2013-01-07,417.5965881347656,424.94864040114004,415.5300362285203,424.15382393991035,2310025,HINDUNILVR.NS
2013-01-08,417.6760559082031,418.947742858315,413.3045653135407,415.6890147288111,1646596,HINDUNILVR.NS
2013-01-09,412.7481384277344,421.133441574938,411.8738598102031,418.07341790183625,1566612,HINDUNILVR.NS
2013-01-10,410.6020812988281,414.81464649948504,408.29714313517695,413.3044761243359,1651086,HINDUNILVR.NS
2013-01-11,395.8980407714844,411.71488176414516,393.51359164929823,410.9200653900831,2134714,HINDUNILVR.NS
2013-01-14,401.62066650390625,404.0846018839527,391.0496194210901,397.40814981818096,2522332,HINDUNILVR.NS
2013-01-15,400.3489990234375,404.00513477235904,395.500614512032,401.3425194456161,2537955,HINDUNILVR.NS
2013-01-16,397.52740478515625,401.4617555405883,395.81855443145565,400.94512974842826,2197579,HINDUNILVR.NS
2013-01-17,397.84527587890625,401.02454097195397,394.7057661530423,395.8582351957515,2527307,HINDUNILVR.NS
2013-01-18,389.7779235839844,399.63364122994744,387.87036924216403,398.9977978679638,3953993,HINDUNILVR.NS
2013-01-21,395.222412109375,397.2889393768069,383.37965388276154,389.4997249466202,4409836,HINDUNILVR.NS
2013-01-22,382.2272033691406,401.77969173501606,368.31791631599964,394.5468576162084,13295996,HINDUNILVR.NS
2013-01-23,365.6552734375,368.4768861980579,355.9585279555786,358.62116773451834,18353640,HINDUNILVR.NS
2013-01-24,372.60992431640625,373.8021489346403,363.7477261720407,364.6617601948457,2986749,HINDUNILVR.NS
2013-01-25,378.7299499511719,379.80295675918495,370.74205619704605,372.37141983656664,3193879,HINDUNILVR.NS
2013-01-28,373.8418884277344,379.08768137629414,370.4241634471273,378.3325961144736,2867126,HINDUNILVR.NS
2013-01-29,372.4111633300781,375.0340716430847,369.78827927293975,371.9740240725111,2203760,HINDUNILVR.NS
2013-01-30,379.485107421875,382.94253942586926,373.2457937067394,373.2457937067394,3235887,HINDUNILVR.NS
2013-01-31,376.703125,380.79642333224933,373.56359149677724,376.0275264195245,2602245,HINDUNILVR.NS
2013-02-01,369.4704284667969,375.8289600122954,368.35769029750924,375.8289600122954,1778094,HINDUNILVR.NS
2013-02-04,371.2586975097656,373.16625177308697,365.2975752769687,370.4638812120594,2333391,HINDUNILVR.NS
2013-02-05,366.8077087402344,371.9740144971391,365.535997856592,369.35113050751914,1464418,HINDUNILVR.NS
2013-02-06,361.04541015625,368.31797658285075,358.5814740524951,367.6423776785489,2398688,HINDUNILVR.NS
2013-02-07,362.4363098144531,364.2643779905538,359.25704393888776,359.25704393888776,1306127,HINDUNILVR.NS
2013-02-08,359.8133544921875,363.6284630911239,357.269932588984,361.681153422496,2054421,HINDUNILVR.NS
2013-02-11,366.0527648925781,368.39748349744775,357.74694621514783,361.6812737183905,1687906,HINDUNILVR.NS
2013-02-12,365.6155090332031,368.9934784101403,363.6284682232401,363.6284682232401,1161048,HINDUNILVR.NS
2013-02-13,362.2374572753906,365.6154258841024,360.5683385234426,365.6154258841024,1457944,HINDUNILVR.NS
2013-02-14,369.2319030761719,371.934297905357,360.52867913023164,360.96581839361056,2698872,HINDUNILVR.NS
2013-02-15,367.2845764160156,371.8150142708917,365.69494399201716,368.47680073401443,1446219,HINDUNILVR.NS
2013-02-18,373.72265625,374.95461188612256,367.20515249896897,367.44358770084114,1116507,HINDUNILVR.NS
2013-02-19,378.8094482421875,379.8029686035781,373.1265166262068,375.1532884610964,1684526,HINDUNILVR.NS
2013-02-20,379.24658203125,380.47856181513384,375.11355194097194,379.1273644407756,1257057,HINDUNILVR.NS
2013-02-21,372.1727600097656,380.0811924822092,368.914008087497,378.3325867904932,2049876,HINDUNILVR.NS
2013-02-22,361.95941162109375,371.298505041272,360.84667342646,371.1792874232529,2420050,HINDUNILVR.NS
2013-02-25,359.0185852050781,363.86694594332187,357.6673875940407,362.47601721378953,1483568,HINDUNILVR.NS
2013-02-26,359.3365173339844,367.20519523790784,358.144292674121,358.8596226188645,1591179,HINDUNILVR.NS
2013-02-27,360.25048828125,365.4565253483282,359.6146449430569,361.2440086570946,1530865,HINDUNILVR.NS
2013-02-28,352.143310546875,364.0258225350262,345.745049787634,361.9592955471913,3984567,HINDUNILVR.NS
2013-03-01,359.8927917480469,362.95283919105776,349.83837094032566,355.282867156197,1620895,HINDUNILVR.NS
2013-03-04,350.4742431640625,359.21722211423565,349.7191580069278,357.9455112339461,2112775,HINDUNILVR.NS
2013-03-05,357.5877990722656,358.7800233574071,350.51393983159915,351.9048681642642,2602130,HINDUNILVR.NS
2013-03-06,350.11663818359375,358.46221071691434,349.0039000303255,357.86609839310574,3117341,HINDUNILVR.NS
2013-03-07,344.3144836425781,352.1036748742418,343.4799118461249,348.7257050814302,3510565,HINDUNILVR.NS
2013-03-08,347.9705810546875,349.4807514928193,344.31444532580076,345.5464009402035,3710974,HINDUNILVR.NS
2013-03-11,348.96405029296875,353.216321904135,347.7320948592424,348.12950296765297,2172102,HINDUNILVR.NS
2013-03-12,353.25604248046875,356.4750381392469,349.16271996225026,349.71910096158,3055791,HINDUNILVR.NS
2013-03-13,355.08416748046875,357.6673203496607,352.5805010891946,352.8984227449986,1964447,HINDUNILVR.NS
2013-03-14,362.4759521484375,365.61548613389084,354.5675447736272,354.5675447736272,4887406,HINDUNILVR.NS
2013-03-15,364.5027160644531,368.7947187155733,362.07851208834217,363.9860903829428,5763799,HINDUNILVR.NS
2013-03-18,368.3576354980469,370.781815586781,361.64142784991503,361.64142784991503,2315988,HINDUNILVR.NS
2013-03-19,360.44927978515625,371.69592831647304,359.65446329169396,371.21903356922076,3089196,HINDUNILVR.NS
2013-03-20,372.4906921386719,373.8418896888443,357.9852931840902,360.4492288165906,2681146,HINDUNILVR.NS
2013-03-21,366.2513427734375,375.1532950706825,363.469485712532,372.64962856704125,3649437,HINDUNILVR.NS
2013-03-22,364.9001770019531,372.53041851757365,362.9926226870152,366.80773131689097,2023676,HINDUNILVR.NS
2013-03-25,366.6487121582031,369.5895418711371,364.3040188654435,368.1191270146701,1175950,HINDUNILVR.NS
2013-03-26,375.709716796875,378.1736281981713,367.68206641649675,367.68206641649675,2577126,HINDUNILVR.NS
2013-03-28,371.1395263671875,375.51101655169674,367.88077428756077,374.3585230734321,5842644,HINDUNILVR.NS
2013-04-01,374.6366882324219,377.3787900630419,369.6690860872372,370.3844159449698,944417,HINDUNILVR.NS
2013-04-02,374.2789611816406,376.7428963677082,372.6098422326357,374.3584476565202,855108,HINDUNILVR.NS
2013-04-03,367.84100341796875,374.3187761868194,366.4898301532012,371.4971635421624,1700086,HINDUNILVR.NS
2013-04-04,373.60345458984375,374.9149211088533,366.84751491005727,366.84751491005727,1726008,HINDUNILVR.NS
2013-04-05,374.914794921875,377.06078401493835,372.25215591660964,373.52386663242373,1372376,HINDUNILVR.NS
2013-04-08,379.8824768066406,380.99521482385467,374.3584935790813,374.3584935790813,1869019,HINDUNILVR.NS
2013-04-09,375.2725524902344,381.909274176738,372.88810332784055,380.75678071256584,3098313,HINDUNILVR.NS
2013-04-10,371.9344177246094,379.127497866476,369.7486721918362,379.127497866476,2033464,HINDUNILVR.NS
2013-04-11,374.87518310546875,376.74300666055126,369.5896584328193,375.7892171945042,2194005,HINDUNILVR.NS
2013-04-12,380.75677490234375,381.51186016126127,372.0535501459375,372.0535501459375,1502206,HINDUNILVR.NS
2013-04-15,377.5377197265625,381.2733658135722,374.0405330686899,380.7964712111652,1378046,HINDUNILVR.NS
2013-04-16,386.12176513671875,387.07555443932773,374.75590126928756,375.948125769614,1451228,HINDUNILVR.NS
2013-04-17,383.9360656738281,387.8306855740095,383.14124924617846,384.6911509824443,2711366,HINDUNILVR.NS
2013-04-18,384.05523681640625,387.4729371235592,382.50533536556486,383.37963812614544,2197874,HINDUNILVR.NS
2013-04-22,383.8168640136719,387.07561635365556,382.4259352074729,383.5784287778157,2283739,HINDUNILVR.NS
2013-04-23,380.99517822265625,389.06255839228294,379.6439808813576,383.1014364557311,1320840,HINDUNILVR.NS
2013-04-25,380.4389343261719,386.5590314236243,372.8484460255062,381.71064564905663,2833099,HINDUNILVR.NS
2013-04-26,369.6292724609375,379.4055264953912,367.76147375341935,379.4055264953912,2239631,HINDUNILVR.NS
2013-04-29,395.3018798828125,397.1299476160193,363.70793289878185,369.5895684924341,11096404,HINDUNILVR.NS
2013-04-30,464.01385498046875,474.50544230154605,434.8043491101474,434.8043491101474,19185543,HINDUNILVR.NS
2013-05-02,454.5156555175781,463.25863431297023,453.32343113638825,463.25863431297023,7162821,HINDUNILVR.NS
2013-05-03,454.9530029296875,459.00654784360586,453.4428321121682,453.4428321121682,2935748,HINDUNILVR.NS
2013-05-06,455.54901123046875,457.933460284778,453.91959890063197,454.79392599425614,1541686,HINDUNILVR.NS
2013-05-07,460.4768981933594,462.10631075105425,455.0324248293576,455.42983306064957,1953522,HINDUNILVR.NS
2013-05-08,466.5572509765625,467.67001339892204,459.6026071161793,459.6026071161793,2665710,HINDUNILVR.NS
2013-05-09,464.848388671875,467.43154217490803,464.1728140834729,467.3520799333597,1192515,HINDUNILVR.NS
2013-05-10,464.9676208496094,467.1533660758255,463.81512730070983,467.11363495587983,962470,HINDUNILVR.NS
2013-05-13,462.7420959472656,466.55720478489616,461.9870107005467,465.64314656332994,1858762,HINDUNILVR.NS
2013-05-14,464.053466796875,464.96752492578247,462.22539905079606,462.9407531092224,762210,HINDUNILVR.NS
2013-05-15,465.36505126953125,467.03414648082855,463.81514942375617,465.5240242686425,1871906,HINDUNILVR.NS
2013-05-16,463.17919921875,465.64311034614974,462.6228181059296,463.4573655192916,3247546,HINDUNILVR.NS
2013-05-17,465.7623596191406,466.3584718541481,462.9805025224393,462.9805025224393,1493246,HINDUNILVR.NS
2013-05-20,466.08026123046875,467.2327059658423,465.00723020244516,465.76231533066914,1476948,HINDUNILVR.NS
2013-05-21,465.6033020019531,468.94153961341135,465.166162811439,465.76227493806624,1565233,HINDUNILVR.NS
2013-05-22,465.0471496582031,465.40482681240525,464.2523330985332,464.2523330985332,1053010,HINDUNILVR.NS
2013-05-23,465.1662292480469,465.6828792362718,464.37141296569223,464.37141296569223,2498040,HINDUNILVR.NS
2013-05-24,465.8816833496094,466.5572579299883,465.086866896577,465.7624414769559,1290939,HINDUNILVR.NS
2013-05-27,470.2132873535156,471.04788324893525,465.12649231712794,465.9213085895387,1185438,HINDUNILVR.NS
2013-05-28,470.01458740234375,470.769672570095,468.1865196621338,470.53123738863036,826579,HINDUNILVR.NS
2013-05-29,472.2402038574219,472.8760473025308,468.9416962502853,470.21338314050325,898094,HINDUNILVR.NS
2013-05-30,473.352783203125,474.1078683034399,469.81584137345214,469.81584137345214,2469202,HINDUNILVR.NS
2013-05-31,470.9287109375,475.1809592180614,469.8159485871279,471.3658502495238,1683995,HINDUNILVR.NS
2013-06-03,470.6107482910156,472.001676923793,467.55072470360165,467.55072470360165,1389907,HINDUNILVR.NS
2013-06-04,469.4980773925781,471.2864143695597,469.2596421646629,469.7365126204933,1301781,HINDUNILVR.NS
2013-06-05,469.1801452636719,470.3326388296511,468.6237640409495,469.5378223719753,1881857,HINDUNILVR.NS
2013-06-06,469.61724853515625,470.01465673346365,468.26609947030545,469.1801092193667,2907337,HINDUNILVR.NS
2013-06-07,469.855712890625,470.7697226020001,469.3787939652745,469.3787939652745,982944,HINDUNILVR.NS
2013-06-10,471.08770751953125,472.12095917564744,469.8159721251424,469.8159721251424,824294,HINDUNILVR.NS
2013-06-11,471.7235107421875,472.71703119446676,470.5312861994524,470.69025917416525,1117140,HINDUNILVR.NS
2013-06-12,471.8427734375,472.7567831869146,471.40558560979844,472.7567831869146,733188,HINDUNILVR.NS
2013-06-13,472.6772155761719,472.91565073974465,470.5709331891928,472.120834520014,1071002,HINDUNILVR.NS
2013-06-14,471.8030090332031,472.9157714294997,471.0479722411567,472.9157714294997,1029944,HINDUNILVR.NS
2013-06-17,473.6313171386719,474.7837626080225,471.84297946473094,472.2403878367178,787063,HINDUNILVR.NS
2013-06-18,473.43231201171875,475.339841877661,471.60419585322416,473.47204312130924,1831701,HINDUNILVR.NS
2013-06-19,472.71710205078125,472.9158061710212,471.7235814495816,472.9158061710212,2962206,HINDUNILVR.NS
2013-06-20,471.5645446777344,472.91574221498263,470.96843239763143,472.55806514457254,2592060,HINDUNILVR.NS
2013-06-21,469.45819091796875,472.3989719419878,468.18645593702746,471.7233976011681,6623347,HINDUNILVR.NS
2013-06-24,464.13299560546875,470.332553143543,462.2254170498746,468.9813557093086,8830754,HINDUNILVR.NS
2013-06-25,467.1533203125,468.0673785404366,461.8677720603716,461.8677720603716,4177811,HINDUNILVR.NS
2013-06-26,467.6302185058594,468.54427678809105,465.0470651563067,466.08036530552306,4619598,HINDUNILVR.NS
2013-06-27,468.1070251464844,469.4184428099395,466.5571238062805,467.8288103608551,15851546,HINDUNILVR.NS
2013-06-28,465.08685302734375,468.5045539711152,464.17279472891585,468.5045539711152,9787702,HINDUNILVR.NS
2013-07-01,466.8751220703125,467.74940061068406,463.5368838504375,464.41116239080907,7069503,HINDUNILVR.NS
2013-07-02,467.23284912109375,469.8160026852833,465.04710379754874,466.1598662760527,3265981,HINDUNILVR.NS
2013-07-03,467.23284912109375,474.1080310889436,463.060062594326,464.9676415541191,2285572,HINDUNILVR.NS
2013-07-04,478.0025634765625,481.1818288179118,463.6958694404907,466.19951178975975,4840129,HINDUNILVR.NS
2013-07-05,484.3213195800781,502.3239291677643,480.9433501196936,495.96539841880525,4817710,HINDUNILVR.NS
2013-07-08,484.5995788574219,487.0634903439506,476.0950334982594,483.2483812469812,1783428,HINDUNILVR.NS
2013-07-09,480.8241271972656,486.3083305238378,480.0690420149279,485.19561681826247,1082343,HINDUNILVR.NS
2013-07-10,477.6130676269531,483.794471737397,474.56251919514096,482.8311277595326,2245187,HINDUNILVR.NS
2013-07-11,482.5099182128906,484.07534579734784,476.64964604838354,479.9811958051078,1530058,HINDUNILVR.NS
2013-07-12,482.9515686035156,484.0754782017435,474.0006169375522,482.46992106011254,1379218,HINDUNILVR.NS
2013-07-15,493.0664978027344,496.11704589054636,480.6635618559298,481.66703484519064,2644608,HINDUNILVR.NS
2013-07-16,500.2111511230469,504.8673045728333,486.48366146302186,491.8622860015095,2228512,HINDUNILVR.NS
2013-07-17,549.9432983398438,561.4230189342793,496.6388453496537,500.1710406876405,18748031,HINDUNILVR.NS
2013-07-18,552.3516235351562,577.2778810345657,537.3798369877089,550.5453722816092,10021074,HINDUNILVR.NS
2013-07-19,550.786376953125,569.0094609426338,544.5247136829887,557.6903023003765,8816903,HINDUNILVR.NS
2013-07-22,559.656982421875,562.7476596697667,546.2104441915346,549.6623815197825,1801410,HINDUNILVR.NS
2013-07-23,577.0370483398438,579.6059487710561,559.4160543636767,561.9448256783093,3299142,HINDUNILVR.NS
2013-07-24,569.5311889648438,582.014384234046,566.1595096290496,576.3949350069587,3485015,HINDUNILVR.NS
2013-07-25,552.2714233398438,573.1035331195737,541.9556912535351,566.761564008218,5550291,HINDUNILVR.NS
2013-07-26,532.80419921875,546.8126964453924,520.5216956867981,545.4880920752606,8739293,HINDUNILVR.NS
2013-07-29,512.6140747070312,530.5963282626486,501.81669675055247,529.9139373076428,4161171,HINDUNILVR.NS
2013-07-30,503.342041015625,510.0853989632411,499.80979656731114,508.15871126457836,1857276,HINDUNILVR.NS
2013-07-31,491.74200439453125,501.77673654280636,485.8817306194817,498.72618776927385,4105005,HINDUNILVR.NS
2013-08-01,509.9249572753906,514.9021942070972,488.3703232802146,488.97240720749244,2143419,HINDUNILVR.NS
2013-08-02,494.4712829589844,513.9386559180176,488.37013873609186,512.172533932504,2783404,HINDUNILVR.NS
2013-08-05,496.7593994140625,504.0245361131988,493.8292868546625,497.7227435559726,1410809,HINDUNILVR.NS
2013-08-06,488.37030029296875,501.8570188273544,486.04227194903564,496.1171327250585,1203007,HINDUNILVR.NS
2013-08-07,484.23602294921875,491.2603351426201,478.41587856040053,486.92531144703565,2424701,HINDUNILVR.NS
2013-08-08,481.66693115234375,487.36663690523557,478.53607650077595,484.19570213997116,1718456,HINDUNILVR.NS
2013-08-12,494.2306823730469,497.9635735979823,481.667177234428,481.667177234428,1366927,HINDUNILVR.NS
2013-08-13,499.0070495605469,501.65625756216576,486.80485669431965,490.4976178515663,881909,HINDUNILVR.NS
2013-08-14,494.9932556152344,499.28815044104,491.5413175013466,496.91994381716614,946392,HINDUNILVR.NS
2013-08-16,480.8642272949219,496.11701580678084,477.65311392400423,493.98963359946725,3009323,HINDUNILVR.NS
2013-08-19,473.07745361328125,483.674141704102,468.3009107960783,479.25885908273676,1650465,HINDUNILVR.NS
2013-08-20,474.1208801269531,480.0614595939188,465.08962357104747,469.62534090709454,2575130,HINDUNILVR.NS
2013-08-21,473.15771484375,487.16616187228124,468.22060697565325,477.6532552944941,2540740,HINDUNILVR.NS
2013-08-22,475.7667236328125,481.14530067867406,464.7686477820387,471.231005260774,1814279,HINDUNILVR.NS
2013-08-23,482.7508850097656,485.1592207773329,471.31129011382126,479.66020704047435,2360748,HINDUNILVR.NS
2013-08-26,488.4906311035156,494.91285797094065,481.7472732936384,486.4836852074453,1064662,HINDUNILVR.NS
2013-08-27,478.0946044921875,486.4836474868386,470.50833979371936,485.6808691906557,2297372,HINDUNILVR.NS
2013-08-28,477.2919921875,483.8346571758629,465.25031355692954,472.8365808937321,2582899,HINDUNILVR.NS
2013-08-29,487.2864074707031,490.77847332878673,471.79279673616577,476.8502900125167,2485894,HINDUNILVR.NS
2013-08-30,506.9145202636719,512.774793822096,481.907949075454,483.2726823967151,2478561,HINDUNILVR.NS
2013-09-02,514.8217163085938,519.7186933592632,507.3558878845165,507.3558878845165,1133123,HINDUNILVR.NS
2013-09-03,492.38421630859375,516.9893990780889,488.1696288161093,514.5810633680978,1157960,HINDUNILVR.NS
2013-09-04,494.9127502441406,501.49554114992713,484.8780229480307,490.4974702338523,959682,HINDUNILVR.NS
2013-09-05,504.14471435546875,507.11500352302534,494.6719413056531,496.8795813764772,725423,HINDUNILVR.NS
2013-09-06,495.7960510253906,510.00524225312927,489.69495317508336,505.50970162634684,1284157,HINDUNILVR.NS
2013-09-10,524.6156616210938,529.35207357452,500.13092148422555,500.13092148422555,2086680,HINDUNILVR.NS
2013-09-11,516.6683349609375,523.8130847582615,509.8848943641612,520.4012753939356,1180964,HINDUNILVR.NS
2013-09-12,502.7801208496094,517.75195816641,500.3316564379422,515.3837519986504,1123281,HINDUNILVR.NS
2013-09-13,499.127685546875,509.7243747983201,497.72282274075195,505.50978637995087,763618,HINDUNILVR.NS
2013-09-16,497.8028564453125,512.2528673609698,492.30384411260235,504.18495439926863,974416,HINDUNILVR.NS
2013-09-17,504.6667175292969,506.5532273824293,493.70877153755,496.9198854987698,737567,HINDUNILVR.NS
2013-09-18,515.5443725585938,517.6315771002338,501.3351830318087,502.6196090577853,927405,HINDUNILVR.NS
2013-09-19,543.9627075195312,549.9032881880935,522.5686892828119,525.0171539781214,2061482,HINDUNILVR.NS
2013-09-20,522.6487426757812,543.9624943050419,513.3766641701361,541.7950323409458,1951942,HINDUNILVR.NS
2013-09-23,515.8654174804688,533.6469799231751,508.96154234117034,517.3907161496597,1045119,HINDUNILVR.NS
2013-09-24,516.2667846679688,526.783211416769,510.7677720648599,515.383748001006,1425200,HINDUNILVR.NS
2013-09-25,508.6405334472656,521.5652991212235,499.85014642091926,515.383893711741,1684929,HINDUNILVR.NS
2013-09-26,504.8673095703125,510.60714521111703,498.64577753457223,510.5670160942975,2064365,HINDUNILVR.NS
2013-09-27,498.525390625,507.3559530998389,494.7121931926831,507.3559530998389,1214348,HINDUNILVR.NS
2013-09-30,503.70343017578125,507.2356265316427,496.91994137045396,498.52549853158627,1205277,HINDUNILVR.NS
2013-10-01,497.0805358886719,506.55331389250614,487.24649770296156,505.75053526510123,1766671,HINDUNILVR.NS
2013-10-03,489.4139404296875,497.7226784466065,484.2761383434119,497.7226784466065,4104263,HINDUNILVR.NS
2013-10-04,487.0857238769531,492.7854300949755,481.6669704592862,490.49753158437306,3274613,HINDUNILVR.NS
2013-10-07,490.5778503417969,493.3474455631934,486.4837001868309,487.1660422134239,1100167,HINDUNILVR.NS
2013-10-08,489.4139404296875,493.5482203762216,486.68447388428257,492.02297059896404,1201322,HINDUNILVR.NS
2013-10-09,489.85546875,490.89907103933905,485.96196348131366,485.96196348131366,1564012,HINDUNILVR.NS
2013-10-10,482.7508850097656,493.6687032213671,480.3024201122823,490.4977179945269,1280329,HINDUNILVR.NS
2013-10-11,484.7979736328125,486.2429651865746,478.69682740912043,481.66711776823377,784119,HINDUNILVR.NS
2013-10-14,478.7771301269531,489.1329436622785,477.65322059705153,485.68100581717005,1010949,HINDUNILVR.NS
2013-10-15,483.83465576171875,485.4803420368769,475.4456098740642,479.25880809593303,1026466,HINDUNILVR.NS
2013-10-17,485.68109130859375,495.5552590678854,483.43332085084205,486.8050010363302,2169271,HINDUNILVR.NS
2013-10-18,486.5639343261719,489.6947894644515,483.7542101243267,489.5743531138632,1538435,HINDUNILVR.NS
2013-10-21,488.8919982910156,490.096165774491,485.72101411832364,486.48366332406476,598633,HINDUNILVR.NS
2013-10-22,488.8519287109375,492.8256916899047,485.6809441520564,485.6809441520564,901297,HINDUNILVR.NS
2013-10-23,493.427734375,516.9090012052214,481.0247990189836,486.68437660929135,5484307,HINDUNILVR.NS
2013-10-24,489.29339599609375,498.846477797559,487.2864501552566,493.7086768459355,1471598,HINDUNILVR.NS
2013-10-25,476.8101501464844,487.8483510552654,475.2447227635181,485.6808399863656,1885723,HINDUNILVR.NS
2013-10-28,473.0372619628906,496.6389710006,470.5084899239523,484.87824560981915,2756152,HINDUNILVR.NS
2013-10-29,485.3999328613281,487.2864423223096,473.31807989553886,473.31807989553886,1111250,HINDUNILVR.NS
2013-10-30,492.6250915527344,493.54825751423976,483.47339620970354,486.24299208965095,776963,HINDUNILVR.NS
2013-10-31,494.0019836425781,497.97119226330204,489.3442620394647,494.2450347571428,1568688,HINDUNILVR.NS
2013-11-01,493.232421875,498.1736365424252,490.2757618167526,490.2757618167526,636680,HINDUNILVR.NS
2013-11-05,482.7425537109375,491.6934710972758,481.9730070887629,488.04829709408347,754610,HINDUNILVR.NS
2013-11-06,476.3836975097656,482.13500143498936,474.7636202532239,479.5428679363557,895583,HINDUNILVR.NS
2013-11-07,477.88226318359375,485.21310233742037,474.6016168706471,478.6923017517697,703382,HINDUNILVR.NS
2013-11-08,473.994140625,480.9604533092287,472.2525377335248,479.50239361262686,1157678,HINDUNILVR.NS
2013-11-11,465.81280517578125,475.654796438124,463.90923375935296,475.654796438124,1231490,HINDUNILVR.NS
2013-11-12,465.3267822265625,469.33648403408887,464.15221611959214,466.58233243435444,1193468,HINDUNILVR.NS
2013-11-13,472.050048828125,478.6113424717945,463.625626635981,467.3518342920916,1279188,HINDUNILVR.NS
2013-11-14,470.0248718261719,478.2872749803903,468.68828843327265,474.6825935202701,697871,HINDUNILVR.NS
2013-11-18,483.3096008300781,485.2131719621086,470.632475642713,472.25255301153476,1229930,HINDUNILVR.NS
2013-11-19,479.7452087402344,483.59289087027423,477.92262246811026,481.9728141839417,416740,HINDUNILVR.NS
2013-11-20,471.0374450683594,481.9729661490521,469.9033712540286,478.7328117547728,688203,HINDUNILVR.NS
2013-11-21,465.1241455078125,472.6574941380421,463.7470700840259,469.74137513305953,1006746,HINDUNILVR.NS
2013-11-22,463.01806640625,469.82241075209714,460.7499681045793,465.24567266412635,696111,HINDUNILVR.NS
2013-11-25,470.6324768066406,472.9005752404328,462.53208994249877,467.3113379686776,560878,HINDUNILVR.NS
2013-11-26,476.869873046875,481.97310782984516,467.95944584329806,468.4859414226376,1913588,HINDUNILVR.NS
2013-11-27,472.860107421875,477.92284947135977,470.91599469853674,476.2622799672968,1210047,HINDUNILVR.NS
2013-11-28,477.7203063964844,479.94791274254686,471.36152260315,473.87262270783106,1302121,HINDUNILVR.NS
2013-11-29,481.7705383300781,484.443656271232,477.92285433332677,477.92285433332677,749207,HINDUNILVR.NS
2013-12-02,471.52337646484375,484.2814824445697,470.30831875248884,484.2814824445697,1222387,HINDUNILVR.NS
2013-12-03,469.0123596191406,472.77905896754487,467.91882726164704,471.44247547208954,904361,HINDUNILVR.NS
2013-12-04,463.3420104980469,468.9312957856296,462.3699544340118,468.202241377397,1511053,HINDUNILVR.NS
2013-12-05,457.9552917480469,467.31127690627767,456.861759440612,465.24563897316307,1685322,HINDUNILVR.NS
2013-12-06,453.33819580078125,462.8561508946564,452.4066314833424,458.2389202375446,1930183,HINDUNILVR.NS
2013-12-09,453.41912841796875,462.08655174797985,449.2069176047934,461.7220244720718,2328730,HINDUNILVR.NS
2013-12-10,456.2137756347656,460.9119898966878,449.28795509478385,453.6216420775838,4237317,HINDUNILVR.NS
2013-12-11,458.0362854003906,461.5194411054741,454.6746058073196,457.6717581826992,1073885,HINDUNILVR.NS
2013-12-12,455.84912109375,460.1828068666911,454.1480601871877,457.6717075397046,807089,HINDUNILVR.NS
2013-12-13,454.3102111816406,456.05181426288874,452.0016205305363,454.39124472079254,803775,HINDUNILVR.NS
2013-12-16,451.3534851074219,456.8617373001802,447.42476851755947,455.4441698528836,1176141,HINDUNILVR.NS
2013-12-17,451.0700378417969,453.45966193481974,449.0449410580215,451.59658278191426,1130610,HINDUNILVR.NS
2013-12-18,452.0420837402344,454.431707778037,447.54637887230916,449.77398528298585,1029818,HINDUNILVR.NS
2013-12-19,449.5308532714844,455.9706689167397,446.9792123461189,453.6215376063771,870189,HINDUNILVR.NS
2013-12-20,460.6689758300781,461.5195064979848,446.9793032940851,448.76139815688214,1130685,HINDUNILVR.NS
2013-12-23,457.8338623046875,462.5725687078233,456.902298065722,459.2919220102034,497585,HINDUNILVR.NS
2013-12-24,457.7528076171875,461.72201665954174,456.78080081899253,458.4818621566678,534468,HINDUNILVR.NS
2013-12-26,456.5378112792969,461.31705959223405,455.1607849824404,456.86184654964,2061908,HINDUNILVR.NS
2013-12-27,460.7095031738281,464.0711835007943,455.2417420372596,456.49729211378553,741157,HINDUNILVR.NS
2013-12-30,464.4356384277344,467.31131517692216,460.66898838411856,462.7345770455641,758816,HINDUNILVR.NS
2013-12-31,462.2484436035156,467.2706422489283,460.3853156870584,467.2706422489283,382527,HINDUNILVR.NS
2014-01-01,463.6256408691406,465.28625979513856,461.15503266528674,462.2486146000298,251204,HINDUNILVR.NS
2014-01-02,455.565673828125,466.37966806600394,452.487487964303,462.531985177053,531660,HINDUNILVR.NS
2014-01-03,457.671875,459.61598769668984,452.04209602997366,453.6216814159292,1018173,HINDUNILVR.NS
2014-01-06,456.456787109375,459.9399434759909,453.78366940666217,459.2919224330357,603727,HINDUNILVR.NS
2014-01-07,452.7710266113281,458.4008040390335,450.3814031632142,456.0516726274993,605461,HINDUNILVR.NS
2014-01-08,452.93310546875,455.36322128217614,451.19150269279476,452.00154129727014,564149,HINDUNILVR.NS
2014-01-09,448.8829345703125,453.6216408637154,448.5993913802715,453.6216408637154,854783,HINDUNILVR.NS
2014-01-10,445.3592224121094,451.1510183087538,444.2251980110941,449.85492685509314,985783,HINDUNILVR.NS
2014-01-13,442.03814697265625,447.1413811080034,440.2560518699272,445.5213036402207,1488598,HINDUNILVR.NS
2014-01-14,436.1248779296875,444.630284710167,435.1528215523216,441.55209794170156,925057,HINDUNILVR.NS
2014-01-15,441.6330261230469,442.44306467079974,435.88172276950365,436.2057579649366,2060042,HINDUNILVR.NS
2014-01-16,447.2222900390625,447.6678508204885,440.86350682309177,441.47103577140103,1221864,HINDUNILVR.NS
2014-01-17,452.73052978515625,456.0516678027716,447.5462636963256,447.95128293948966,1475015,HINDUNILVR.NS
2014-01-20,449.6524353027344,455.48472347692075,444.14418236521664,453.54066037941567,1549558,HINDUNILVR.NS
2014-01-21,453.45965576171875,454.4317120928659,444.5492300344077,450.21950095178744,1927455,HINDUNILVR.NS
2014-01-22,458.84625244140625,459.98027651435757,447.87024222789046,455.20107971391116,1892894,HINDUNILVR.NS
2014-01-23,459.37286376953125,461.7219954525524,453.74313513202964,459.2918796870127,856175,HINDUNILVR.NS
2014-01-24,458.31988525390625,460.79049339363416,450.8675193471683,456.0517867885961,2366263,HINDUNILVR.NS
2014-01-27,465.97479248046875,473.79168622018926,449.6524918375845,456.3758530375207,3220246,HINDUNILVR.NS
2014-01-28,461.47894287109375,471.15891282446177,449.1663477953903,470.6323680236641,4204432,HINDUNILVR.NS
2014-01-29,461.3979187011719,465.61012887038197,456.49719557004505,460.91191536815154,1073771,HINDUNILVR.NS
2014-01-30,462.0459289550781,463.9899914750684,453.37850807776135,456.4971361807075,1287033,HINDUNILVR.NS
2014-01-31,461.80303955078125,464.8001926059553,457.6718619888105,460.9120167639525,1059275,HINDUNILVR.NS
2014-02-03,461.51959228515625,465.1647667744642,457.5098904587489,460.9930473048078,747170,HINDUNILVR.NS
2014-02-04,461.9245910644531,464.31421523344574,457.9148894169354,460.1829879987023,1891501,HINDUNILVR.NS
2014-02-05,461.7220764160156,462.694132780849,454.9177313030223,461.76256846437525,2423902,HINDUNILVR.NS
2014-02-06,475.12823486328125,476.4648186219558,460.3450271798545,461.7221029892191,1720369,HINDUNILVR.NS
2014-02-07,467.9188232421875,477.6392865704836,465.7317091051542,475.8166996964281,927008,HINDUNILVR.NS
2014-02-10,456.8617248535156,469.61983153160577,455.7681926288675,466.29869337903716,1255220,HINDUNILVR.NS
2014-02-11,455.6063232421875,461.1955611786107,455.07977825706683,457.67191225001443,1580976,HINDUNILVR.NS
2014-02-12,461.2763671875,462.00537206786646,456.3756448574516,457.5501609604008,1646508,HINDUNILVR.NS
2014-02-13,451.3939208984375,463.3419878939547,450.0168456616371,463.3419878939547,486480,HINDUNILVR.NS
2014-02-14,453.82415771484375,456.4162913061569,448.19437915890654,451.1915320788362,749383,HINDUNILVR.NS
2014-02-17,453.82415771484375,458.48187999393406,452.0015707360693,452.0015707360693,380480,HINDUNILVR.NS
2014-02-18,455.44415283203125,458.48179724842987,453.58107414480554,453.6215661821921,237065,HINDUNILVR.NS
2014-02-19,452.5685729980469,455.93020350341686,451.313023063732,455.64670977144755,456096,HINDUNILVR.NS
2014-02-20,448.8019104003906,452.73062757215615,448.03236378399646,452.082557090454,651988,HINDUNILVR.NS
2014-02-21,449.85479736328125,451.515415605297,447.0196630155931,451.515415605297,669715,HINDUNILVR.NS
2014-02-24,449.4903869628906,451.75848489257055,448.1133116138906,449.7738806637905,540669,HINDUNILVR.NS
2014-02-25,449.1258850097656,451.1104893501778,447.95131922129076,449.97641560113385,541460,HINDUNILVR.NS
2014-02-26,449.36895751953125,453.21664124772917,448.1134074542868,448.7614285098158,1012749,HINDUNILVR.NS
2014-02-28,444.91375732421875,450.3815185657999,439.32447050093356,448.761441160887,1797780,HINDUNILVR.NS
2014-03-03,440.0130615234375,446.29086187353573,439.04100512944746,445.5213151682585,608894,HINDUNILVR.NS
2014-03-04,449.4903869628906,450.38140954357056,440.6609474670906,440.6609474670906,734703,HINDUNILVR.NS
2014-03-05,446.4932861328125,452.8115773235796,445.3187202748442,450.05742630771147,621406,HINDUNILVR.NS
2014-03-06,444.7515869140625,449.2067982471146,443.41505317863994,447.62721343177725,1020063,HINDUNILVR.NS
2014-03-07,445.8452453613281,449.1258916570633,443.2531120685981,445.9262294413886,1001114,HINDUNILVR.NS
2014-03-10,451.3534851074219,453.4595655385025,444.50864954516646,447.1412748044317,1663986,HINDUNILVR.NS
2014-03-11,453.905029296875,457.59074382639324,447.6677727348491,452.6494795775383,1920661,HINDUNILVR.NS
2014-03-12,453.82415771484375,458.15784475470645,452.0015707360693,456.86180267946787,971639,HINDUNILVR.NS
2014-03-13,455.1201477050781,459.453883689814,453.01406721363117,454.4316347015594,1055369,HINDUNILVR.NS
2014-03-14,448.4778747558594,455.2416770495696,446.7767640917095,455.1201514875479,1243425,HINDUNILVR.NS
2014-03-18,450.4220275878906,453.62169047134773,446.00730660495674,448.76145807344045,1464949,HINDUNILVR.NS
2014-03-19,454.917724609375,455.32274396869275,449.2879950675299,452.08258909415065,1164209,HINDUNILVR.NS
2014-03-20,463.7877197265625,465.2052876714159,454.87729264462723,454.9177846977395,1434348,HINDUNILVR.NS
2014-03-21,463.0990905761719,470.38943818189523,461.8029991150985,467.9593223133208,2669144,HINDUNILVR.NS
2014-03-24,471.72601318359375,473.0625968036379,465.0837354523776,465.7722485652257,944114,HINDUNILVR.NS
2014-03-25,480.1503601074219,481.48694351796286,467.7972719730681,472.25248408709734,1319832,HINDUNILVR.NS
2014-03-26,479.1783447265625,485.5371776768813,476.58621120596024,480.3529106356767,1208051,HINDUNILVR.NS
2014-03-27,485.86114501953125,488.45327844171686,477.9632686268169,479.5428537935263,2475382,HINDUNILVR.NS
2014-03-28,485.86114501953125,489.2633170460978,478.1657782779122,486.104146712679,949077,HINDUNILVR.NS
2014-03-31,490.51885986328125,493.1919773307086,481.9729625994738,486.0231555624946,1090563,HINDUNILVR.NS
2014-04-01,487.4407043457031,492.46295331478876,482.25643777616375,490.0733296703787,716986,HINDUNILVR.NS
2014-04-02,481.64892578125,490.80240139984335,476.302690864209,489.26330830269086,2765610,HINDUNILVR.NS
2014-04-03,491.1263732910156,495.7436030111483,478.2062482590132,478.2062482590132,736770,HINDUNILVR.NS
2014-04-04,490.3163757324219,496.95870242562575,488.04827744325917,494.93360583872425,877772,HINDUNILVR.NS
2014-04-07,489.91131591796875,493.35397983112364,482.8234784497087,490.3163352018693,1601644,HINDUNILVR.NS
2014-04-09,493.3945007324219,495.3386131851975,485.65864184557853,489.2633235713153,774135,HINDUNILVR.NS
2014-04-10,500.5230407714844,502.0620849698827,489.6280080116772,492.4226520193377,1164071,HINDUNILVR.NS
2014-04-11,493.6376647949219,501.81903690353266,491.08602279704064,496.5537847003479,713696,HINDUNILVR.NS
2014-04-15,495.86505126953125,497.9306394052296,481.2843593363815,493.31341040490094,938013,HINDUNILVR.NS
2014-04-16,492.1390075683594,501.57597830077856,490.88345745807834,494.12361229278514,1340297,HINDUNILVR.NS
2014-04-17,493.6780700683594,497.242210499506,487.2787448930201,491.81499104289225,1052882,HINDUNILVR.NS
2014-04-21,485.294189453125,494.8526861396781,483.1881085050471,491.1669703192802,1190995,HINDUNILVR.NS
2014-04-22,483.14752197265625,489.26330337669873,480.7983903092501,485.2131104679512,871928,HINDUNILVR.NS
2014-04-23,482.3780517578125,485.29417133719153,480.3529549830106,483.1475984204051,1408755,HINDUNILVR.NS
2014-04-24,482.3780517578125,482.3780517578125,482.3780517578125,482.3780517578125,0,HINDUNILVR.NS
2014-04-25,470.5513610839844,485.17254539551516,467.87819461392934,479.826261896229,973004,HINDUNILVR.NS
2014-04-28,470.6324768066406,479.5429023571966,459.69695454004915,470.5514927143343,2948014,HINDUNILVR.NS
2014-04-29,455.6063232421875,471.5235556585889,454.107721829606,470.6325327739086,1464745,HINDUNILVR.NS
2014-04-30,459.69696044921875,463.46366016579884,450.38151543571036,453.864671943898,1680382,HINDUNILVR.NS
2014-05-02,455.3632507324219,466.2582311145737,454.5937041202339,461.51952474825373,665237,HINDUNILVR.NS
2014-05-05,451.3130187988281,455.52517990113347,450.78647394062403,453.9051027261447,683052,HINDUNILVR.NS
2014-05-06,448.51849365234375,455.07978815899264,447.789438955674,452.8116894061291,550299,HINDUNILVR.NS
2014-05-07,448.0728759765625,452.3660707125688,446.69580045422725,447.9513504089791,1299628,HINDUNILVR.NS
2014-05-08,447.38421630859375,452.7304996267149,446.33117623468,447.14121466704785,885656,HINDUNILVR.NS
2014-05-09,450.6243896484375,453.6215418667937,445.72366680750577,447.1412341258395,1133925,HINDUNILVR.NS
2014-05-12,462.9370422363281,464.1521000899668,450.0169171711376,450.0169171711376,852578,HINDUNILVR.NS
2014-05-13,467.87823486328125,469.74136303379544,460.91192328590637,464.96211593340996,1328341,HINDUNILVR.NS
2014-05-14,467.7972717285156,471.3614611942079,465.77217531410645,469.4173488600429,660415,HINDUNILVR.NS
2014-05-15,477.0722351074219,478.0847833399103,467.79728340966136,467.79728340966136,1239775,HINDUNILVR.NS
2014-05-16,470.38946533203125,492.5035111242797,465.043180448088,485.90167619060475,2603086,HINDUNILVR.NS
2014-05-19,450.219482421875,481.16296947132986,446.77681807801446,481.16296947132986,2026178,HINDUNILVR.NS
2014-05-20,455.7276611328125,461.68147404416754,449.61188006672296,450.38142656502674,1281049,HINDUNILVR.NS
2014-05-21,454.7151184082031,457.99581407496174,451.7585073772815,457.99581407496174,923443,HINDUNILVR.NS
2014-05-22,455.9707336425781,458.4818334487388,453.62160199875217,458.4818334487388,963817,HINDUNILVR.NS
2014-05-23,454.8367614746094,462.00558468856696,452.8116645846957,456.861858364523,1759792,HINDUNILVR.NS
2014-05-26,453.5001525878906,457.5503461429878,450.3815233268016,455.32273968768436,1826156,HINDUNILVR.NS
2014-05-27,453.7431335449219,455.84921409135694,451.4749859523529,451.4749859523529,1168048,HINDUNILVR.NS
2014-05-28,455.1607360839844,457.26681679243376,452.00156558047485,454.02666220045904,1122941,HINDUNILVR.NS
2014-05-29,450.74603271484375,457.266834191138,449.5714667423943,454.4316988152851,2153741,HINDUNILVR.NS
2014-05-30,488.73687744140625,498.173848991319,448.2349384990226,450.01703370065616,10941938,HINDUNILVR.NS
2014-06-02,486.833251953125,495.7436775296381,476.58624276379976,495.7436775296381,1608573,HINDUNILVR.NS
2014-06-03,480.7173767089844,490.437839093094,478.0037179622568,488.41274276307115,909772,HINDUNILVR.NS
2014-06-04,490.0328369140625,493.718502475054,478.81377319004105,481.93245131151855,1968687,HINDUNILVR.NS
2014-06-05,510.4053039550781,516.7236446109105,490.8429013578517,490.88339339983366,3424990,HINDUNILVR.NS
2014-06-06,518.3842163085938,523.2444479493821,502.38595382433175,515.9945925303729,2497145,HINDUNILVR.NS
2014-06-09,512.511474609375,521.6649016602778,509.79781540983896,515.9946309900573,962350,HINDUNILVR.NS
2014-06-10,518.6271362304688,521.583796455438,507.8941263826691,511.13428029898597,1302795,HINDUNILVR.NS
2014-06-11,512.9714965820312,525.3071143373376,507.64383842456067,524.5694185817218,1343543,HINDUNILVR.NS
2014-06-12,516.4551391601562,518.0944191448282,507.3571552559689,514.5699771831545,786932,HINDUNILVR.NS
2014-06-13,520.430419921875,525.2662658306498,511.1274760502581,517.807561957243,992552,HINDUNILVR.NS
2014-06-16,520.2662963867188,525.3890444803257,517.233619509936,524.5694047853485,1144913,HINDUNILVR.NS
2014-06-17,516.6598510742188,519.9794317919578,513.4632863457635,518.135242516252,742699,HINDUNILVR.NS
2014-06-18,507.2342224121094,518.4633010467014,505.96379034629183,516.7830489579197,804157,HINDUNILVR.NS
2014-06-19,512.889892578125,515.7996054950877,507.3573208243857,509.8162416038254,848937,HINDUNILVR.NS
2014-06-20,511.7010498046875,516.332034076077,508.2175811130445,509.8158885181068,1093696,HINDUNILVR.NS
2014-06-23,506.2506103515625,513.0945835883671,500.63604695273636,512.3159156686057,796813,HINDUNILVR.NS
2014-06-24,505.103271484375,511.4554830121704,502.80828893777084,505.88193967702665,634721,HINDUNILVR.NS
2014-06-25,512.5208740234375,513.8323280191538,501.9065261831504,504.8982321473629,584342,HINDUNILVR.NS
2014-06-26,507.0703125,515.5535665978227,502.02950642474786,513.9142865768439,1605621,HINDUNILVR.NS
2014-06-27,505.22607421875,509.57015585403917,501.61963850633,505.7997821498089,805135,HINDUNILVR.NS
2014-06-30,508.4636535644531,511.37341558350647,505.79982356667864,506.5375195768045,732790,HINDUNILVR.NS
2014-07-01,515.4304809570312,519.9795219809257,505.3489211732556,509.8159681990178,650958,HINDUNILVR.NS
2014-07-02,517.3157958984375,519.4878118398664,513.1356019640372,519.4878118398664,777572,HINDUNILVR.NS
2014-07-03,511.5371398925781,517.7664319103885,509.07822068137807,517.3156400603698,607875,HINDUNILVR.NS
2014-07-04,512.3980102539062,516.2913005900737,506.8244177511683,511.53734815810776,687234,HINDUNILVR.NS
2014-07-07,514.406005859375,516.3731617243036,506.8653584398031,513.0946019673239,1083261,HINDUNILVR.NS
2014-07-08,514.2013549804688,519.2421631576275,509.8162991066208,513.914500867928,1082625,HINDUNILVR.NS
2014-07-09,516.250244140625,520.2255282349068,512.2750100731995,516.3322381583506,942571,HINDUNILVR.NS
2014-07-10,517.8895263671875,522.9303324984086,504.11958404344716,514.7749042981169,1090386,HINDUNILVR.NS
2014-07-11,526.0859985351562,530.1841991937673,512.2750823263824,513.9143625898269,1918406,HINDUNILVR.NS
2014-07-14,510.59478759765625,528.3399649575306,508.50471544096,527.8482009301407,672948,HINDUNILVR.NS
2014-07-15,507.275146484375,515.3895513561137,505.2260467652215,510.8405599849626,649427,HINDUNILVR.NS
2014-07-16,509.2423400878906,514.6109722732657,506.1277179825999,511.2094961685254,878909,HINDUNILVR.NS
2014-07-17,513.7913818359375,514.6520439710731,508.3408051322965,510.59481542994087,418199,HINDUNILVR.NS
2014-07-18,510.225830078125,512.6847497411521,508.9963702466115,512.6847497411521,352617,HINDUNILVR.NS
2014-07-21,514.3649291992188,516.3730566471036,508.21763090580083,510.9634541596325,385658,HINDUNILVR.NS
2014-07-22,519.3239135742188,522.0697377467567,513.2176352478393,513.2176352478393,636191,HINDUNILVR.NS
2014-07-23,519.733642578125,522.4384942800071,517.2747228686682,522.0286743284311,494833,HINDUNILVR.NS
2014-07-24,526.9465942382812,528.4629082799896,517.2748018822411,520.4714180035571,731990,HINDUNILVR.NS
2014-07-25,544.0361938476562,546.700024551995,524.5697387005649,526.9467153397993,1747468,HINDUNILVR.NS
2014-07-28,562.9287109375,566.9449667266629,536.3313843995201,544.1999579815192,3856792,HINDUNILVR.NS
2014-07-30,569.3629760742188,574.8135523459066,550.6751430659804,565.4696858686455,3684780,HINDUNILVR.NS
2014-07-31,562.7648315429688,571.7398999877711,557.3552272888496,565.5925996867911,2494692,HINDUNILVR.NS
2014-08-01,568.4613037109375,575.3872716153825,555.715911902036,555.715911902036,1905650,HINDUNILVR.NS
2014-08-04,573.4611206054688,578.5838703785225,568.2154048271204,571.2890546909526,1290311,HINDUNILVR.NS
2014-08-05,577.7232666015625,581.6165568213376,571.9448142807416,572.9283923416355,863275,HINDUNILVR.NS
2014-08-06,580.1823120117188,599.9766434137817,576.2480489455268,576.2480489455268,2052184,HINDUNILVR.NS
2014-08-07,575.3463745117188,580.4691251038759,573.1743082498997,579.4855469848094,634909,HINDUNILVR.NS
2014-08-08,575.42822265625,576.6167106010257,570.4284389219076,572.9693027816188,747151,HINDUNILVR.NS
2014-08-11,572.0676879882812,578.6657792906875,569.0759822914066,575.4691636153104,872217,HINDUNILVR.NS
2014-08-12,574.4856567382812,576.1249366262183,567.6006611982048,576.1249366262183,811743,HINDUNILVR.NS
2014-08-13,589.0753784179688,591.5342988371114,573.7480977999404,574.5267659380416,1673439,HINDUNILVR.NS
2014-08-14,585.673828125,595.0177453503361,581.4116895656034,591.7801569241185,845235,HINDUNILVR.NS
2014-08-18,594.0750122070312,603.9106913827333,586.9441347992771,590.9603904734292,959536,HINDUNILVR.NS
2014-08-19,589.77197265625,599.1568609904041,586.1245645230985,589.403124637957,735686,HINDUNILVR.NS
2014-08-20,583.4607543945312,590.9604809246374,581.5346202718866,589.731020839496,765917,HINDUNILVR.NS
2014-08-21,582.231201171875,588.9932305584542,581.1656792739054,581.7804092181399,553719,HINDUNILVR.NS
2014-08-22,577.1904907226562,584.2393746229745,574.8544867360175,583.542700642507,455143,HINDUNILVR.NS
2014-08-25,587.43603515625,591.3293254024711,577.1905345082997,580.4690947156438,641018,HINDUNILVR.NS
2014-08-26,596.1652221679688,599.0339625922837,588.2147530135004,589.2802751657305,1238950,HINDUNILVR.NS
2014-08-27,602.3123779296875,606.1646955765083,592.9275408246554,595.8782245392815,1153834,HINDUNILVR.NS
2014-08-28,608.5418090820312,610.5499373549474,601.6568121539938,603.2551203723092,1937220,HINDUNILVR.NS
2014-09-01,606.861572265625,612.4760871454063,603.2551356828626,609.7303127206386,515912,HINDUNILVR.NS
2014-09-02,600.5503540039062,606.6566831887375,598.3373155710785,606.533717154244,598031,HINDUNILVR.NS
2014-09-03,600.6321411132812,605.6319747890865,598.5420692609107,601.2058990796002,814185,HINDUNILVR.NS
2014-09-04,604.1566162109375,608.8695461502601,598.7470122913267,600.7961122649451,1005897,HINDUNILVR.NS
2014-09-05,601.4108276367188,608.3367953845498,600.6731316534075,603.5828935666933,692424,HINDUNILVR.NS
2014-09-08,611.2875366210938,613.8694227780873,601.4108840670006,603.2550741714649,978707,HINDUNILVR.NS
2014-09-09,616.287353515625,619.7298015919191,609.8531493167561,611.2875193574976,726165,HINDUNILVR.NS
2014-09-10,613.9923706054688,617.1889869630336,611.4515063405353,614.238302653636,437341,HINDUNILVR.NS
2014-09-11,619.3199462890625,626.5737900978606,613.0907024778368,613.0907024778368,1149885,HINDUNILVR.NS
2014-09-12,620.877197265625,625.303272544,617.1068739002294,617.1068739002294,479493,HINDUNILVR.NS
2014-09-15,618.7052612304688,620.8773273368456,613.5005670120514,620.8773273368456,473333,HINDUNILVR.NS
2014-09-16,619.6478881835938,622.7625104204145,613.7054977215156,615.2218118286814,563960,HINDUNILVR.NS
2014-09-17,618.54150390625,623.6232331819821,616.9841674979655,622.1069188056537,1071944,HINDUNILVR.NS
2014-09-18,614.4431762695312,618.3364664612598,606.082837852448,617.1889503940071,1837614,HINDUNILVR.NS
2014-09-19,604.2796020507812,615.8775282928138,598.3781839277218,615.3857142668926,1576310,HINDUNILVR.NS
2014-09-22,607.927001953125,611.4924159655359,591.6571178313584,604.0746839227378,1225660,HINDUNILVR.NS
2014-09-23,608.2137451171875,618.8280912573687,603.3778999830724,607.3531332737883,934119,HINDUNILVR.NS
2014-09-24,626.2868041992188,628.4998418519732,608.9924229655786,608.9924229655786,1117480,HINDUNILVR.NS
2014-09-25,622.3935546875,632.680075728883,619.770746958886,629.4424880319898,1192497,HINDUNILVR.NS
2014-09-26,615.9185791015625,622.844548131305,610.8368003445812,621.4101779191574,759343,HINDUNILVR.NS
2014-09-29,611.8613891601562,617.1890502847926,602.8453472569256,614.7301297657297,733781,HINDUNILVR.NS
2014-09-30,611.451416015625,616.2053178237805,606.5335762085288,611.451416015625,1063690,HINDUNILVR.NS
2014-10-01,603.3778686523438,613.7053102905693,601.2467751213719,610.6316609902826,478021,HINDUNILVR.NS
2014-10-07,603.091064453125,610.3449080176975,594.238963009526,601.1239585916877,801424,HINDUNILVR.NS
2014-10-08,602.2305297851562,609.8122002860241,597.0258354520606,600.0174916335852,951087,HINDUNILVR.NS
2014-10-09,605.7958984375,609.7711824171822,597.9273745203525,602.4353944790392,622940,HINDUNILVR.NS
2014-10-10,590.4275512695312,603.9106369291804,589.0342035334235,601.9025092731737,503359,HINDUNILVR.NS
2014-10-13,590.4686279296875,594.0750136199111,585.3868503381186,588.5014720791281,495344,HINDUNILVR.NS
2014-10-14,599.3616943359375,603.254983974359,587.3539494403815,590.5915371450706,553144,HINDUNILVR.NS
2014-10-15,599.3616943359375,599.3616943359375,599.3616943359375,599.3616943359375,0,HINDUNILVR.NS
2014-10-16,598.8289794921875,611.1235798104792,594.2390153841012,595.0996274010104,1241581,HINDUNILVR.NS
2014-10-17,595.3045654296875,607.312312316548,592.5997632377088,599.9765237759375,680260,HINDUNILVR.NS
2014-10-20,603.705810546875,606.0418144799975,596.7388707943883,599.9764586847381,453075,HINDUNILVR.NS
2014-10-21,614.5250244140625,618.008494042285,599.0338100566393,605.3040753981796,554039,HINDUNILVR.NS
2014-10-22,620.79541015625,622.9264543313766,613.1317454717151,617.9266699060397,436776,HINDUNILVR.NS
2014-10-27,590.509521484375,627.8850774656457,586.4522943482946,627.0244656554092,2949098,HINDUNILVR.NS
2014-10-28,587.7227783203125,589.5669680891331,579.6083733536116,586.862166433566,1254748,HINDUNILVR.NS
2014-10-29,593.3784790039062,595.837399380998,584.2394715916365,591.7801707534239,962919,HINDUNILVR.NS
2014-10-30,599.6485595703125,602.3123893729894,588.2146224387653,591.7800361639153,1249596,HINDUNILVR.NS
2014-10-31,610.1854858398438,613.2019306073195,596.7561982760042,602.2105853354835,1083674,HINDUNILVR.NS
2014-11-03,611.4251708984375,614.0284070669284,602.2519537685384,607.4583756649822,733227,HINDUNILVR.NS
2014-11-05,617.9537353515625,619.8131748761912,609.9787856586121,610.7225816446736,746808,HINDUNILVR.NS
2014-11-07,629.31689453125,630.9284186631304,617.5404457498051,619.8130937602594,881926,HINDUNILVR.NS
2014-11-10,637.16796875,639.6472215466925,628.0360643702877,628.077375162127,768076,HINDUNILVR.NS
2014-11-11,638.2423095703125,641.9198780197802,632.0441775006011,638.8208119849245,713634,HINDUNILVR.NS
2014-11-12,636.341552734375,638.7381839533517,630.9698383281757,637.9943879362825,750579,HINDUNILVR.NS
2014-11-13,631.6722412109375,639.5232080234945,629.1103669535762,634.6886854782878,1157538,HINDUNILVR.NS
2014-11-14,624.8956298828125,631.3416764709118,622.7469140597643,630.5565697363465,409119,HINDUNILVR.NS
2014-11-17,625.7633056640625,632.4572668589133,619.8130899127959,624.8955774262882,586703,HINDUNILVR.NS
2014-11-18,621.3421020507812,627.209697744124,619.8132495447834,624.1106314964001,448206,HINDUNILVR.NS
2014-11-19,628.2427368164062,633.6970733836906,621.6313953091366,623.4495243117424,941820,HINDUNILVR.NS
2014-11-20,629.1104125976562,632.2094786695659,624.0279240635131,629.2343954167441,853211,HINDUNILVR.NS
2014-11-21,622.2925415039062,630.3088034546797,621.3421409522217,627.2510478107102,687247,HINDUNILVR.NS
2014-11-24,619.8958129882812,625.1849057311533,616.5075210514744,624.3584881426125,540115,HINDUNILVR.NS
2014-11-25,632.787841796875,640.390892307756,617.416447199558,619.8956995113332,1503248,HINDUNILVR.NS
2014-11-26,636.1348266601562,637.7876615459247,630.1433001992453,632.209343806456,685238,HINDUNILVR.NS
2014-11-27,652.9113159179688,655.1013430733817,633.6971037419783,637.1680682876836,1180496,HINDUNILVR.NS
2014-11-28,649.6467895507812,660.1836128862591,647.1675370012571,656.1755081074039,811909,HINDUNILVR.NS
2014-12-01,668.2826538085938,673.4064028935289,647.8701277361683,649.5642738329957,1200960,HINDUNILVR.NS
2014-12-02,665.9273071289062,675.307177366434,664.6463699078951,670.6378976440868,573874,HINDUNILVR.NS
2014-12-03,676.8359985351562,679.5631664631268,663.0761256414728,667.2495747760702,937567,HINDUNILVR.NS
2014-12-04,681.5052490234375,685.7199583289728,672.9931079529847,674.7699258518907,1121315,HINDUNILVR.NS
2014-12-05,678.1996459960938,683.860586566688,671.6296157711841,677.662454362156,688493,HINDUNILVR.NS
2014-12-08,677.662353515625,684.6455915149575,672.9104528659728,677.662353515625,1016796,HINDUNILVR.NS
2014-12-09,671.8361206054688,677.2491451737255,669.439489665375,676.8359364213316,945417,HINDUNILVR.NS
2014-12-10,659.3159790039062,673.8609596417755,657.084641301676,670.3486846936167,1152293,HINDUNILVR.NS
2014-12-11,657.8698120117188,663.6134252197223,653.1592209475814,660.5969803834189,1573622,HINDUNILVR.NS
2014-12-12,659.2745971679688,664.6876220049033,656.1755313711905,659.8117887489533,767757,HINDUNILVR.NS
2014-12-15,652.9524536132812,668.4477819053366,648.4485185421412,657.0019195831471,704516,HINDUNILVR.NS
2014-12-16,633.5731201171875,654.8533748924827,630.5566754776809,654.8533748924827,1179886,HINDUNILVR.NS
2014-12-17,633.3251342773438,638.8621425188245,628.2840068810799,628.2840068810799,1984735,HINDUNILVR.NS
2014-12-18,632.99462890625,636.3416104053406,622.3338207115581,634.0276510010639,1165188,HINDUNILVR.NS
2014-12-19,624.0692749023438,637.1679737718974,619.8132040582659,637.1679737718974,1147950,HINDUNILVR.NS
2014-12-22,634.5647583007812,636.258954798126,621.7139742164351,627.0856888222833,958306,HINDUNILVR.NS
2014-12-23,633.1185302734375,637.0027032477376,629.0278033308268,635.5151615921947,1277960,HINDUNILVR.NS
2014-12-24,625.5982666015625,633.9450660986306,621.4661776543923,630.7220669841613,2527523,HINDUNILVR.NS
2014-12-26,620.1024780273438,624.7717580354349,615.267954837806,621.9619177834015,625243,HINDUNILVR.NS
2014-12-29,627.126953125,630.7632106109886,621.5899957557124,622.6230177187176,616322,HINDUNILVR.NS
2014-12-30,627.6641845703125,634.0689211475606,626.4245581360065,629.6476070414137,397534,HINDUNILVR.NS
2014-12-31,628.1600341796875,630.8872527709941,622.5404042603997,628.8212086506287,1044950,HINDUNILVR.NS
2015-01-01,626.7965698242188,629.647721228286,623.2429834895361,627.4990047548342,372132,HINDUNILVR.NS
2015-01-02,624.7305297851562,633.0360183715051,622.0033612040394,625.5982583645292,1207322,HINDUNILVR.NS
2015-01-05,628.3252563476562,629.6475546986436,624.0278749778653,627.8707367809675,849252,HINDUNILVR.NS
2015-01-06,640.2257690429688,644.5231509479916,624.2759183490575,633.8623429951977,2738679,HINDUNILVR.NS
2015-01-07,662.704345703125,666.7537619970826,643.7793609994574,643.7793609994574,3744143,HINDUNILVR.NS
2015-01-08,675.2244262695312,681.7944556576091,663.7372529779166,664.3570661194235,3076833,HINDUNILVR.NS
2015-01-09,714.5204467773438,717.6608731746584,675.2243104351421,676.4226257245896,3825060,HINDUNILVR.NS
2015-01-12,740.9659423828125,743.6104885853371,714.2313552773084,716.9172122685161,4338065,HINDUNILVR.NS
2015-01-13,731.0078125,750.9245105890616,724.2725380850013,743.7346660579984,3371700,HINDUNILVR.NS
2015-01-14,763.6511840820312,772.2872582132925,732.2060040417091,734.5199632666021,4578199,HINDUNILVR.NS
2015-01-15,761.5850219726562,774.6837693528743,751.791994967572,772.6590364298195,3534537,HINDUNILVR.NS
2015-01-16,777.7003173828125,782.6175124753837,764.4363242235796,766.9155771670074,2021113,HINDUNILVR.NS
2015-01-19,737.619140625,782.9481837363484,732.2474253377497,782.0390939618769,7705398,HINDUNILVR.NS
2015-01-20,740.0157470703125,746.2551906805871,725.3881435436161,735.4291388768277,4355821,HINDUNILVR.NS
2015-01-21,778.4440307617188,783.7744341120402,734.2720020898199,741.2965513501051,4103989,HINDUNILVR.NS
2015-01-22,780.6753540039062,794.4351758628451,769.642649514641,780.1381624234855,3585572,HINDUNILVR.NS
2015-01-23,797.740966796875,800.6747394373937,780.675472174967,782.6175335233371,2450001,HINDUNILVR.NS
2015-01-27,778.4440307617188,799.8895765326946,774.0226665512242,795.09631433208,3274894,HINDUNILVR.NS
2015-01-28,771.7500610351562,777.4936734838326,767.0395210343046,775.179714275593,2246526,HINDUNILVR.NS
2015-01-29,778.1548461914062,783.4439393760647,765.5933381487717,769.39483919738,3421454,HINDUNILVR.NS
2015-01-30,770.6759033203125,777.6591437642202,766.75041880078,777.6591437642202,1562161,HINDUNILVR.NS
2015-02-02,750.3871459960938,768.5270215628489,747.7425997106458,765.5518880765229,1822825,HINDUNILVR.NS
2015-02-03,752.742431640625,769.2707832202886,750.3871617167333,752.2052904786016,1544881,HINDUNILVR.NS
2015-02-04,743.6932373046875,760.138917698062,739.7263923715149,752.7838311355723,1181845,HINDUNILVR.NS
2015-02-05,751.2549438476562,760.1389334574791,744.7675855646021,749.8087129809409,1711139,HINDUNILVR.NS
2015-02-06,748.5278930664062,756.8746923436504,743.2801604179216,748.7344975083236,717674,HINDUNILVR.NS
2015-02-09,743.8998413085938,755.8415355730268,740.3875664212832,748.5277598074268,860239,HINDUNILVR.NS
2015-02-10,733.65234375,749.9740940052098,731.7102822502778,739.6438723246972,1058750,HINDUNILVR.NS
2015-02-11,744.0237426757812,746.2137694551511,731.0489764859399,735.8008776060025,897359,HINDUNILVR.NS
2015-02-12,733.6934814453125,752.7010848529139,731.6274375966601,747.9078732121453,1121008,HINDUNILVR.NS
2015-02-13,737.8257446289062,742.7842510450153,731.5449900113825,737.4952077988204,1344229,HINDUNILVR.NS
2015-02-16,749.5607299804688,760.3041583043344,732.4951871205799,732.4951871205799,1635273,HINDUNILVR.NS
2015-02-18,754.4366455078125,763.0726690558346,745.4286735119998,745.4286735119998,2178775,HINDUNILVR.NS
2015-02-19,750.51123046875,762.6182191228758,739.6438178845134,760.2629489292885,1034454,HINDUNILVR.NS
2015-02-20,743.982421875,751.7920780466584,742.9493999062761,748.3211141436407,623253,HINDUNILVR.NS
2015-02-23,732.3299560546875,755.2216825857896,729.7680313016023,746.255072051306,1054383,HINDUNILVR.NS
2015-02-24,755.097900390625,756.6680638349329,733.0325366075663,734.6853720903342,2100402,HINDUNILVR.NS
2015-02-25,745.3460083007812,758.2381019007588,738.8172894815024,757.4116843510033,1141174,HINDUNILVR.NS
2015-02-26,732.5364990234375,748.486346834421,730.3877832390401,748.486346834421,1194401,HINDUNILVR.NS
2015-02-27,733.1563720703125,737.9908947093877,727.5780534372908,735.3463483804426,1906598,HINDUNILVR.NS
2015-03-02,773.2376098632812,776.7911952816737,748.8169306231865,755.345649520636,2792110,HINDUNILVR.NS
2015-03-03,768.3204956054688,776.7499656831167,762.9900917004464,776.7499656831167,1510436,HINDUNILVR.NS
2015-03-04,757.0811767578125,781.2125818360653,754.5193022604128,769.4774413075455,1202376,HINDUNILVR.NS
2015-03-05,776.584716796875,782.0803641952276,754.8912523389573,754.8912523389573,2301603,HINDUNILVR.NS
2015-03-09,806.5835571289062,810.7156450240338,769.3947660727579,773.5268539678855,3529726,HINDUNILVR.NS
2015-03-10,791.0054931640625,808.7734685798687,785.9643163864295,808.4841922041372,1323330,HINDUNILVR.NS
2015-03-11,800.7161254882812,808.980302444748,784.6422912198467,791.0057175644328,1742798,HINDUNILVR.NS
2015-03-12,793.8154296875,803.9390454672628,789.7246524067555,799.9722510049307,1358419,HINDUNILVR.NS
2015-03-13,778.2374877929688,797.4103867870455,775.964839323511,796.4186755486309,1466001,HINDUNILVR.NS
2015-03-16,770.0144653320312,791.0881104792991,745.8417547219299,776.377889837153,1244490,HINDUNILVR.NS
2015-03-17,770.055908203125,782.4521721807688,761.4611954429416,772.6591438146411,1239535,HINDUNILVR.NS
2015-03-18,762.0398559570312,774.560106177081,753.2798471916877,770.5519999036214,1436285,HINDUNILVR.NS
2015-03-19,762.4943237304688,777.4937749699793,757.5358174482105,769.394891463731,1249067,HINDUNILVR.NS
2015-03-20,740.263671875,761.9571370011164,737.164605428412,761.9571370011164,1854369,HINDUNILVR.NS
2015-03-23,745.75927734375,752.0400310532582,737.4537399450797,743.5279396909808,989354,HINDUNILVR.NS
2015-03-24,733.19775390625,744.726290286357,731.6688509795515,740.635512804315,1288989,HINDUNILVR.NS
2015-03-25,732.5364990234375,741.7923347575374,729.7266593209646,735.3049774981067,2848966,HINDUNILVR.NS
2015-03-26,715.594970703125,731.3795255991687,709.231545533536,731.2555427915016,2570353,HINDUNILVR.NS
2015-03-27,703.5292358398438,719.7270497529158,701.5871748132683,719.3964625634666,2023538,HINDUNILVR.NS
2015-03-30,712.413330078125,719.8097781854734,704.1078427256296,709.0250378656342,1415143,HINDUNILVR.NS
2015-03-31,721.9171142578125,730.5531886231948,709.0663301342773,713.1571075116194,1503993,HINDUNILVR.NS
2015-04-01,730.1400146484375,732.0407652096707,720.2230025649274,721.875837912179,865861,HINDUNILVR.NS
2015-04-06,750.3458251953125,752.7010950384381,729.3134884433182,730.2638888027685,1482378,HINDUNILVR.NS
2015-04-07,754.89111328125,759.5190313368886,741.7923649857229,753.1556061799927,1212932,HINDUNILVR.NS
2015-04-08,754.1473388671875,761.6677689731476,751.5441538017024,756.0894504092901,1296825,HINDUNILVR.NS
2015-04-09,765.6346435546875,770.2212514338107,755.0151464653429,755.2631121132932,1237632,HINDUNILVR.NS
2015-04-10,771.708740234375,773.3615754246138,757.2877431114364,768.4857418777257,1161659,HINDUNILVR.NS
2015-04-13,784.3943481445312,785.8818898557644,766.915594326081,769.6840733319723,1374251,HINDUNILVR.NS
2015-04-15,772.4524536132812,784.2289030839497,771.0475337637639,779.2290872564369,924855,HINDUNILVR.NS
2015-04-16,771.1302490234375,775.0144218649867,758.7339849167022,770.6344186353791,1071747,HINDUNILVR.NS
2015-04-17,774.8904418945312,780.3034668005658,767.6179270461681,774.105335127887,764984,HINDUNILVR.NS
2015-04-20,754.89111328125,777.4523020734046,748.4037053169344,775.5102410273207,879556,HINDUNILVR.NS
2015-04-21,721.545166015625,760.1801877250149,719.2725176797785,755.3869758684257,2535704,HINDUNILVR.NS
2015-04-22,749.6846923828125,754.5192148207336,723.1153482674063,733.4042567394301,2106687,HINDUNILVR.NS
2015-04-23,745.9658203125,761.9569796993958,737.8255771956485,752.8663866661059,1027886,HINDUNILVR.NS
2015-04-24,735.0984497070312,747.0401940259029,722.0823726042929,747.0401940259029,1122637,HINDUNILVR.NS
2015-04-27,716.2147827148438,745.2633290422712,710.9256902715746,731.3795244293443,945769,HINDUNILVR.NS
2015-04-28,711.2149658203125,722.2063602440262,703.6945858424816,713.4876142185119,1844291,HINDUNILVR.NS
2015-04-29,708.8182983398438,723.1153109715193,704.231691312643,711.0496356732316,1323821,HINDUNILVR.NS
2015-04-30,702.744140625,710.2645705639085,687.7446924174594,708.4464418731545,3001302,HINDUNILVR.NS
2015-05-04,712.1652221679688,715.4295811131229,697.6202955380761,710.7189916616804,558193,HINDUNILVR.NS
2015-05-05,726.4624633789062,730.0574106099305,705.7607102449565,709.0663810189375,1663346,HINDUNILVR.NS
2015-05-06,709.2315063476562,726.4209802052509,702.5374943544898,726.4209802052509,1989322,HINDUNILVR.NS
2015-05-07,715.8843383789062,720.429635765439,705.5128062486519,710.7192277123918,982642,HINDUNILVR.NS
2015-05-08,739.80908203125,749.6021108971809,706.1738739671766,723.6939380378503,5244650,HINDUNILVR.NS
2015-05-11,714.603271484375,744.6022187094245,712.5372275922845,743.6105075531161,2712131,HINDUNILVR.NS
2015-05-12,697.4551391601562,721.9170797879418,695.5543887803835,716.5040546305682,1837756,HINDUNILVR.NS
2015-05-13,695.0584716796875,707.1241981972686,683.5299367468521,702.5375404335047,1842567,HINDUNILVR.NS
2015-05-14,699.5211791992188,703.1573863311918,686.7530173445983,696.5047348192683,1458520,HINDUNILVR.NS
2015-05-15,698.1575927734375,704.3557249011145,694.2734198853209,700.8021392360187,861417,HINDUNILVR.NS
2015-05-18,704.686279296875,706.5044080577366,692.1247220151809,700.8021065896995,794940,HINDUNILVR.NS
2015-05-19,698.1163940429688,707.2896108882126,695.2239319190855,704.4385100042425,1115144,HINDUNILVR.NS
2015-05-20,707.0828247070312,709.1902297794737,699.1492365255044,700.1409476583261,1051609,HINDUNILVR.NS
2015-05-21,714.31396484375,715.5949523550515,700.8433693255315,707.7439858973786,998351,HINDUNILVR.NS
2015-05-22,713.8182373046875,718.0329470969316,705.7193545122309,716.8759926640263,1369038,HINDUNILVR.NS
2015-05-25,704.4796752929688,714.8098950302681,700.430208979737,714.8098950302681,642231,HINDUNILVR.NS
2015-05-26,706.8764038085938,709.1904138660063,699.1081072061861,706.5871777716854,732655,HINDUNILVR.NS
2015-05-27,708.8182983398438,710.7190484977218,698.9012883608058,707.0001697555825,530542,HINDUNILVR.NS
2015-05-28,699.3146362304688,710.7191898870619,696.1328979649115,709.644857013711,2062630,HINDUNILVR.NS
2015-05-29,710.3474731445312,711.2978738753618,696.7528890360899,700.3891478560438,3787109,HINDUNILVR.NS
2015-06-01,727.9085083007812,730.1398455910311,704.4795928544588,710.3471368024118,950336,HINDUNILVR.NS
2015-06-02,704.7275390625,731.0902780849051,703.1986868291333,730.5530865215479,928603,HINDUNILVR.NS
2015-06-03,687.1249389648438,706.3391485942673,684.7696184878877,704.9342285547629,1074518,HINDUNILVR.NS
2015-06-04,679.8524780273438,690.0587154995386,677.7037619423094,688.8190890645095,1273078,HINDUNILVR.NS
2015-06-05,685.182861328125,700.2236728194141,674.6460361693017,678.9847288817584,1564172,HINDUNILVR.NS
2015-06-08,671.2576293945312,685.1001228292599,668.5717724594347,684.2737053107687,1108643,HINDUNILVR.NS
2015-06-09,677.455810546875,684.7282751557048,666.1751904146232,666.9189864121112,769058,HINDUNILVR.NS
2015-06-10,678.0343017578125,681.7944915930387,672.7038983717982,676.2161730254594,959272,HINDUNILVR.NS
2015-06-11,674.935302734375,691.298362065145,674.3568002930764,677.6624708827483,1263695,HINDUNILVR.NS
2015-06-12,673.1171264648438,678.9020495897719,670.1006820877777,672.1667260609663,833644,HINDUNILVR.NS
2015-06-15,679.108642578125,683.8192328459628,668.1172989135207,672.7039063688394,626620,HINDUNILVR.NS
2015-06-16,690.0173950195312,693.6536022469185,675.4311039959164,676.0922279972115,864766,HINDUNILVR.NS
2015-06-17,712.413330078125,718.0329600493315,694.1908308562545,694.1908308562545,2574818,HINDUNILVR.NS
2015-06-18,712.8677368164062,717.3304116271622,708.3224404293678,712.3719064776658,1234051,HINDUNILVR.NS
2015-06-19,716.2918701171875,722.3048235219219,705.5604061654582,710.7799749243679,1376406,HINDUNILVR.NS
2015-06-22,729.4453125,731.5748867360953,716.9183452613682,721.4698202192097,1039509,HINDUNILVR.NS
2015-06-23,731.32421875,734.7482354229277,727.6913683570469,733.2450098341387,741773,HINDUNILVR.NS
2015-06-24,748.7367553710938,759.0506547345359,732.4099530433332,732.8275185809862,1812148,HINDUNILVR.NS
2015-06-25,737.62939453125,749.8640830547857,734.163580779951,742.0555782694335,1257404,HINDUNILVR.NS
2015-06-26,741.5546875,744.4359000557579,730.739729311715,738.2559093846355,758668,HINDUNILVR.NS
2015-06-29,751.9520263671875,755.7936088519683,725.1860351321704,728.2342838883054,1221747,HINDUNILVR.NS
2015-06-30,765.564453125,770.9092599308777,756.6285429203248,757.4636737624002,2318253,HINDUNILVR.NS
2015-07-01,766.9007568359375,773.331275476595,761.639441938072,765.5645676776173,1456248,HINDUNILVR.NS
2015-07-02,771.2017211914062,776.0037243732054,761.6394611827449,768.1534726957589,962649,HINDUNILVR.NS
2015-07-03,772.0786743164062,776.2543296669547,765.856937649618,769.9908466411321,512931,HINDUNILVR.NS
2015-07-06,774.542236328125,776.6718101291706,763.852569996086,765.8151074069348,595187,HINDUNILVR.NS
2015-07-07,771.953369140625,774.500559632432,764.6459724203527,769.6567587428251,715696,HINDUNILVR.NS
2015-07-08,774.7092895507812,788.3636609591741,766.7337477536631,768.3205170364832,1791894,HINDUNILVR.NS
2015-07-09,769.6148071289062,780.6802906398766,761.9733906085086,774.7091357815121,1153644,HINDUNILVR.NS
2015-07-10,751.8267822265625,772.0787116561588,744.3523485931264,772.0787116561588,2198242,HINDUNILVR.NS
2015-07-13,760.5538330078125,763.7273207014399,743.6841761450324,752.2860154893535,1103160,HINDUNILVR.NS
2015-07-14,774.4169921875,775.9202178436577,753.9562819983937,760.3868011094405,662369,HINDUNILVR.NS
2015-07-15,775.836669921875,780.8474557340722,768.6127666536843,774.1664079844759,980533,HINDUNILVR.NS
2015-07-16,782.3924560546875,784.6055735910641,771.0346948567854,776.6718291002551,667588,HINDUNILVR.NS
2015-07-17,771.9114990234375,786.6515801477391,770.1994908322131,782.5594182515326,848156,HINDUNILVR.NS
2015-07-20,762.5581665039062,777.9245987194047,759.17589583438,771.661115637928,738505,HINDUNILVR.NS
2015-07-21,744.352294921875,765.6898830621093,727.4826375117078,764.1449110080292,4915170,HINDUNILVR.NS
2015-07-22,768.738037109375,770.8258644779502,744.2269641912418,746.6070670024783,1433553,HINDUNILVR.NS
2015-07-23,755.1671752929688,767.4853570298461,747.6092502522698,767.4853570298461,1049783,HINDUNILVR.NS
2015-07-24,757.2968139648438,761.1801936748491,749.613598231924,755.7935882930961,624104,HINDUNILVR.NS
2015-07-27,751.7014770507812,760.0945853203557,747.442328861852,756.6287708925563,1305606,HINDUNILVR.NS
2015-07-28,755.5848388671875,764.9800634455306,744.5193521415836,745.9808315204368,1648693,HINDUNILVR.NS
2015-07-29,750.94970703125,767.5270348209267,749.1124088774385,756.7538769154605,1332413,HINDUNILVR.NS
2015-07-30,768.905029296875,780.3880791639957,750.9497149591953,755.7934639814026,1997547,HINDUNILVR.NS
2015-07-31,769.6985473632812,775.1686455089417,762.6416798445191,768.571089870071,1616033,HINDUNILVR.NS
2015-08-03,759.7186889648438,772.3291468098622,757.0462595419847,769.155659170621,1813626,HINDUNILVR.NS
2015-08-04,758.3825073242188,763.6856202234327,751.6597123781867,760.3868422892116,2728548,HINDUNILVR.NS
2015-08-05,758.800048828125,762.3493557774674,755.7935974482118,760.553854610036,2869226,HINDUNILVR.NS
2015-08-06,758.0902099609375,760.303327630404,753.7475183103423,759.9692548217606,1105175,HINDUNILVR.NS
2015-08-07,755.6683349609375,759.1758956803238,752.3696079832472,758.090235474226,849340,HINDUNILVR.NS
2015-08-10,756.75390625,759.134008991563,752.4529616076989,755.7934852996309,1089645,HINDUNILVR.NS
2015-08-11,741.763427734375,756.5034605596302,739.0909981117034,754.1233573953313,1430428,HINDUNILVR.NS
2015-08-12,723.5157470703125,742.4314852787862,717.8786126207829,742.4314852787862,1406250,HINDUNILVR.NS
2015-08-13,723.6826782226562,734.0800682230145,709.8612718880117,723.2233664176684,976700,HINDUNILVR.NS
2015-08-14,727.0232543945312,734.0801212724507,716.1248054506558,727.3990735248061,742844,HINDUNILVR.NS
2015-08-17,728.777099609375,734.080161158267,718.2126718954603,730.2803252398021,373170,HINDUNILVR.NS
2015-08-18,728.9439086914062,733.1195627504103,724.9352909892302,728.2340678903114,606035,HINDUNILVR.NS
2015-08-19,731.7417602539062,739.2996852774664,719.3818321912661,726.021082571767,548163,HINDUNILVR.NS
2015-08-20,728.2760009765625,753.1628953551059,724.0585994900357,726.563992567856,1086427,HINDUNILVR.NS
2015-08-21,738.3812255859375,741.5964601198101,719.0061727396866,724.0587059953551,1428246,HINDUNILVR.NS
2015-08-24,710.8215942382812,734.9150972066316,705.643773131676,722.6804107107903,2392818,HINDUNILVR.NS
2015-08-25,723.181640625,733.2449581592539,714.1204394310818,719.0477323179016,2303018,HINDUNILVR.NS
2015-08-26,714.0369262695312,725.3529398773453,709.8612717299433,723.432148983604,1894521,HINDUNILVR.NS
2015-08-27,716.3753051757812,721.9289462772547,710.6964250175837,718.7554589217043,2087603,HINDUNILVR.NS
2015-08-28,713.6194458007812,726.9815419187596,711.5316182823472,726.5639764150728,1427528,HINDUNILVR.NS
2015-08-31,718.9641723632812,726.5638427432682,708.8590584497684,720.634434070737,1990625,HINDUNILVR.NS
2015-09-01,712.9932250976562,719.3402015002109,708.4834964621207,714.0371390436264,1483369,HINDUNILVR.NS
2015-09-02,693.6597290039062,720.2169333150035,688.3149216435215,715.7072059109897,1463479,HINDUNILVR.NS
2015-09-03,696.2905883789062,702.9716375027818,680.7153722199274,693.5764121723317,1228866,HINDUNILVR.NS
2015-09-04,693.1586303710938,702.1362873307194,687.4797505817993,694.2860366701093,1332041,HINDUNILVR.NS
2015-09-07,684.68212890625,696.4992529269852,682.636098737283,693.9938599308449,868619,HINDUNILVR.NS
2015-09-08,669.0234985351562,691.3215089234528,655.5779083203316,691.3215089234528,2511604,HINDUNILVR.NS
2015-09-09,670.6519165039062,678.5021680253592,660.5051057830567,673.1155630644307,1519952,HINDUNILVR.NS
2015-09-10,659.878662109375,668.9398114510802,649.3977291545838,668.9398114510802,2651147,HINDUNILVR.NS
2015-09-11,664.1380004882812,667.854344039776,654.7845220693915,661.423824441017,1368043,HINDUNILVR.NS
2015-09-14,663.7203979492188,668.856474264411,658.1667561115672,668.856474264411,1115042,HINDUNILVR.NS
2015-09-15,671.9464111328125,675.3287326062745,660.7139394772281,663.7203908176906,1239118,HINDUNILVR.NS
2015-09-16,673.8253173828125,677.9592253550219,665.39051604343,677.2911308581383,1000450,HINDUNILVR.NS
2015-09-18,666.3092651367188,682.1350081891339,662.2589000712517,673.9507343726357,3196079,HINDUNILVR.NS
2015-09-21,660.3380126953125,668.0212271682788,658.4172218201572,663.9290653701412,1097798,HINDUNILVR.NS
2015-09-22,656.3294677734375,665.4741113687091,654.0746038979162,661.4237464416871,1900127,HINDUNILVR.NS
2015-09-23,655.5777587890625,659.252355150831,651.527394298858,658.7512460256743,1108731,HINDUNILVR.NS
2015-09-24,652.8217163085938,658.9181605782857,648.2702435347202,658.9181605782857,2627897,HINDUNILVR.NS
2015-09-28,660.2963256835938,670.1926073470686,652.070254997544,655.5778152865406,1121534,HINDUNILVR.NS
2015-09-29,655.0349731445312,668.9399245493858,652.5295801686909,653.5734939086244,2377821,HINDUNILVR.NS
2015-09-30,680.4229736328125,683.1371493484389,657.2480886763099,667.9377551464607,2321962,HINDUNILVR.NS
2015-10-01,681.8009033203125,690.8620534112924,677.4582123428409,682.9700560246362,903859,HINDUNILVR.NS
2015-10-05,676.2891235351562,688.147994805153,668.939980387048,685.2667824479662,1344972,HINDUNILVR.NS
2015-10-06,692.5742797851562,694.8291441734608,678.0430277860997,682.2604300652763,1470601,HINDUNILVR.NS
2015-10-07,687.772216796875,691.4885604381458,681.4669870984625,683.1372493217431,1126929,HINDUNILVR.NS
2015-10-08,686.3941650390625,694.7872210980709,682.7195683799433,690.6533125996491,673062,HINDUNILVR.NS
2015-10-09,683.1371459960938,693.4927906030675,676.4560981134913,689.8181938786961,740404,HINDUNILVR.NS
2015-10-12,680.5065307617188,686.8953038245303,674.2430477481212,683.9723450848514,760378,HINDUNILVR.NS
2015-10-13,678.8779296875,683.9722077937289,672.948469708079,682.3019459920348,860797,HINDUNILVR.NS
2015-10-14,665.7664794921875,680.6318019037119,657.2481326358543,679.8384172162246,3479601,HINDUNILVR.NS
2015-10-15,661.0480346679688,668.9400340279387,642.2158379119661,653.9076737127041,4110634,HINDUNILVR.NS
2015-10-16,655.5777587890625,660.505051505205,653.0723660803145,658.0831514978105,2121262,HINDUNILVR.NS
2015-10-19,668.5462646484375,671.1146711020303,655.1567929228436,660.9673300259368,1733760,HINDUNILVR.NS
2015-10-20,662.8200073242188,671.5358141617077,659.3674016423582,671.5358141617077,1428531,HINDUNILVR.NS
2015-10-21,665.556884765625,669.009542050693,662.735856886976,663.5779608982682,879891,HINDUNILVR.NS
2015-10-23,673.8516235351562,678.3989542454749,666.3147825399487,669.4726725045931,1956438,HINDUNILVR.NS
2015-10-26,680.9252319335938,682.1041980202144,674.2305466639743,676.0410393137789,754383,HINDUNILVR.NS
2015-10-27,683.9146118164062,686.1882509251021,673.0093574848814,679.367230803142,876427,HINDUNILVR.NS
2015-10-28,689.261962890625,690.9461704969552,680.3356831362499,683.451426089611,1123867,HINDUNILVR.NS
2015-10-29,674.9041137695312,688.8409216479804,673.0093801830911,682.9461949346114,1558590,HINDUNILVR.NS
2015-10-30,674.2305908203125,682.9042517749568,669.4726826423537,675.3674106656198,1209468,HINDUNILVR.NS
2015-11-02,675.9989013671875,677.7672989866103,666.5673274683993,673.0515377361876,553599,HINDUNILVR.NS
2015-11-03,677.4303588867188,680.840868728779,674.6935217520638,677.8935056606891,349296,HINDUNILVR.NS
2015-11-04,674.5252075195312,688.925163300659,673.0094308159296,679.4093997413327,945881,HINDUNILVR.NS
2015-11-05,675.91455078125,683.4513377268034,671.7882221200555,674.5250591264988,462520,HINDUNILVR.NS
2015-11-06,672.883056640625,679.5356974722112,670.5672711027606,679.3251715142235,726024,HINDUNILVR.NS
2015-11-09,675.8726196289062,679.5778976224577,660.2095064882366,668.630546111811,1247468,HINDUNILVR.NS
2015-11-10,676.6725463867188,681.7672644598543,668.1252230469466,675.3672956833776,880293,HINDUNILVR.NS
2015-11-13,670.9041748046875,673.2620554007992,667.2409920697453,667.2409920697453,1029232,HINDUNILVR.NS
2015-11-16,660.2935791015625,675.4514477329785,656.9251638501368,668.6304274080164,1186659,HINDUNILVR.NS
2015-11-17,672.2515258789062,673.6831127731377,658.5252427357422,661.8094684696882,792593,HINDUNILVR.NS
2015-11-18,668.20947265625,679.4515396332545,665.6410659331906,671.9989403650756,721764,HINDUNILVR.NS
2015-11-19,669.1356201171875,675.2408723131397,667.198791769093,671.577741554742,861404,HINDUNILVR.NS
2015-11-20,672.1251831054688,676.5883230626729,668.8830525663949,673.5567184781647,845026,HINDUNILVR.NS
2015-11-23,666.2723999023438,674.2723843581276,662.7355543896751,669.514478306833,692990,HINDUNILVR.NS
2015-11-24,683.7462158203125,685.0514664786989,665.8936043245619,668.6304417751529,1188716,HINDUNILVR.NS
2015-11-26,684.1671752929688,691.7882036537554,680.5461395887315,686.0619086565974,1282221,HINDUNILVR.NS
2015-11-27,687.3250732421875,691.1566349259431,680.419812391303,684.2092791682348,897445,HINDUNILVR.NS
2015-11-30,683.7881469726562,695.5775977825297,677.1355077421999,685.0513024165713,2959644,HINDUNILVR.NS
2015-12-01,701.8094482421875,704.6725708160936,683.6620671111492,683.6620671111492,1404347,HINDUNILVR.NS
2015-12-02,698.8621215820312,703.7463144424976,693.3884456492098,701.3884335510257,983626,HINDUNILVR.NS
2015-12-03,687.6619873046875,697.1778019827527,685.4725378412747,697.1356556716584,680102,HINDUNILVR.NS
2015-12-04,686.2726440429688,694.2726317977416,677.8936992202225,684.9252468455016,1445988,HINDUNILVR.NS
2015-12-07,701.8936157226562,703.5778235588234,686.3146932381102,686.3146932381102,1273142,HINDUNILVR.NS
2015-12-08,695.3673095703125,707.1988593264037,692.7146616721745,700.5462692198413,1136199,HINDUNILVR.NS
2015-12-09,690.651611328125,703.1568350814723,687.2831953516868,696.4200031285959,1028736,HINDUNILVR.NS
2015-12-10,687.0726318359375,699.6620447420783,683.9989318660959,693.0515493084603,1144862,HINDUNILVR.NS
2015-12-11,692.2935180664062,700.5882713908297,687.7040934439589,689.0935338845204,1214169,HINDUNILVR.NS
2015-12-14,706.5252075195312,709.4725713172885,685.0094620754923,694.7357523285021,1307321,HINDUNILVR.NS
2015-12-15,723.0303955078125,726.3146213111797,706.693610516507,706.693610516507,2303845,HINDUNILVR.NS
2015-12-16,720.335693359375,731.2830440098339,718.0620025600757,728.4198702036136,1101128,HINDUNILVR.NS
2015-12-17,727.7882080078125,729.0092687954835,707.3671908898611,707.3671908898611,1214526,HINDUNILVR.NS
2015-12-18,721.72509765625,737.3461138654429,717.5988196111851,728.9250753270165,2114632,HINDUNILVR.NS
2015-12-21,717.1356201171875,725.8514258279577,715.5777485494833,725.8514258279577,1112136,HINDUNILVR.NS
2015-12-22,717.0093994140625,722.4409800265158,710.0620420115615,718.2725553054263,913032,HINDUNILVR.NS
2015-12-23,726.9461059570312,733.0513585121295,720.8829483123809,723.7461217939466,770192,HINDUNILVR.NS
2015-12-24,727.7882080078125,732.040821911551,725.893474460786,730.9460972528565,538736,HINDUNILVR.NS
2015-12-28,729.1356811523438,735.1567449259788,726.3146534921613,728.4199133573559,976331,HINDUNILVR.NS
2015-12-29,722.44091796875,730.104042492249,719.9987962293806,730.104042492249,754046,HINDUNILVR.NS
2015-12-30,722.0618896484375,726.6513654858533,719.7461042752211,722.5250364434936,677471,HINDUNILVR.NS
2015-12-31,726.5250244140625,729.6408186291256,717.0513570426824,722.0618847320216,743363,HINDUNILVR.NS
2016-01-01,721.3040161132812,725.8934922078722,718.7356097441055,724.2092845693388,230366,HINDUNILVR.NS
2016-01-04,723.3671264648438,731.5355431783177,716.7566325388615,721.3039619828833,828876,HINDUNILVR.NS
2016-01-05,714.0619506835938,723.409282608037,711.9987860269911,721.9356009101692,1118709,HINDUNILVR.NS
2016-01-06,709.935791015625,715.7884242938532,708.1673931147853,715.7884242938532,2135092,HINDUNILVR.NS
2016-01-07,690.7357177734375,708.1672786265221,688.419932069229,707.3672696491161,1353969,HINDUNILVR.NS
2016-01-08,681.977783203125,700.2093521372518,680.1672907621596,689.6830539992894,1324046,HINDUNILVR.NS
2016-01-11,683.5777587890625,690.2724942702181,674.8198587209179,678.7356619451609,1514504,HINDUNILVR.NS
2016-01-12,690.2725830078125,692.3357478600304,677.5146882546219,680.8410089676332,1110037,HINDUNILVR.NS
2016-01-13,701.2619018554688,704.1671700893052,685.2619305132245,692.0408554602201,1338356,HINDUNILVR.NS
2016-01-14,696.6304321289062,705.5988589765965,689.304118120673,698.5251658518317,1531002,HINDUNILVR.NS
2016-01-15,677.2620849609375,698.0620622887517,654.0200370775642,696.6304753297302,3249884,HINDUNILVR.NS
2016-01-18,682.0619506835938,687.7040561551146,669.4724891921544,670.5672138005547,1525578,HINDUNILVR.NS
2016-01-19,682.4830322265625,691.9987948484506,680.1251518756957,684.6303866282815,867289,HINDUNILVR.NS
2016-01-20,669.5145263671875,686.3145052098868,661.0513945886639,677.8934683361458,1543575,HINDUNILVR.NS
2016-01-21,653.1356201171875,672.8408675869157,651.9567057561698,671.3250911810746,1679165,HINDUNILVR.NS
2016-01-22,649.6830444335938,659.7882894539478,648.4198888060495,657.2619781988592,1465143,HINDUNILVR.NS
2016-01-25,659.619873046875,660.8409337934905,648.1672823290928,650.104110721344,1036869,HINDUNILVR.NS
2016-01-27,646.6514892578125,660.083002932724,645.388333634622,657.6830278078356,1291178,HINDUNILVR.NS
2016-01-28,666.7357788085938,671.1568243895791,645.4726548238549,648.2515874808854,1967418,HINDUNILVR.NS
2016-01-29,687.9144897460938,690.524990492443,666.1881745366479,666.1881745366479,1733695,HINDUNILVR.NS
2016-02-01,674.4830322265625,688.3356496739226,672.8409195775433,687.156683823874,1025869,HINDUNILVR.NS
2016-02-02,673.7672729492188,682.062026748935,671.1146766481861,681.6830697350902,960236,HINDUNILVR.NS
2016-02-03,691.8724975585938,697.6830346404237,669.8936077929476,669.8936077929476,1843081,HINDUNILVR.NS
2016-02-04,702.98828125,706.0198859381968,687.6198860410698,694.3146219048219,1698770,HINDUNILVR.NS
2016-02-05,711.53564453125,720.4198296967833,698.9461819384338,698.9461819384338,2043434,HINDUNILVR.NS
2016-02-08,698.019775390625,714.2723664721765,695.9566110522416,710.7355206632236,490426,HINDUNILVR.NS
2016-02-09,695.8724365234375,709.1777173367159,694.4829961282347,695.8724365234375,964658,HINDUNILVR.NS
2016-02-10,694.3567504882812,700.7146245623371,690.6093779075383,695.5778114053246,781041,HINDUNILVR.NS
2016-02-11,675.8726196289062,697.2620808319641,666.2726652967996,693.8094751454773,1010277,HINDUNILVR.NS
2016-02-12,684.2936401367188,687.7462971247023,669.4726313724318,674.1042030360146,1318480,HINDUNILVR.NS
2016-02-15,677.6409912109375,692.1672828986046,671.9988850294727,687.9988584825554,1206980,HINDUNILVR.NS
2016-02-16,676.3778076171875,683.6619749195723,673.2199182496377,682.1041033907567,926079,HINDUNILVR.NS
2016-02-17,684.2515258789062,685.4725868352901,665.0515668957867,674.1041839823707,783633,HINDUNILVR.NS
2016-02-18,696.7567749023438,699.3672763862703,684.2094064585727,685.514657200536,1179011,HINDUNILVR.NS
2016-02-19,696.9251098632812,700.5040511444502,685.009371495329,700.5040511444502,620200,HINDUNILVR.NS
2016-02-22,725.5988159179688,729.261947171954,695.8725083617753,696.4198964332633,1883688,HINDUNILVR.NS
2016-02-23,704.714599609375,722.904073951325,702.4830552035359,722.904073951325,590731,HINDUNILVR.NS
2016-02-24,704.6304321289062,711.4935994127329,697.4304541268071,704.7567682719725,1062120,HINDUNILVR.NS
2016-02-25,709.7252197265625,712.588393800242,700.9673692268593,705.430510013991,859877,HINDUNILVR.NS
2016-02-26,715.7040405273438,718.0198259784703,708.2934859653891,714.1040227473906,1191495,HINDUNILVR.NS
2016-02-29,699.2830200195312,717.2198207810151,693.4724832076149,716.630337838106,1974971,HINDUNILVR.NS
2016-03-01,694.0199584960938,698.8199096682689,688.9251887184918,698.8199096682689,1777318,HINDUNILVR.NS
2016-03-02,715.15673828125,719.9988357144172,698.9462381789078,698.9462381789078,1221727,HINDUNILVR.NS
2016-03-03,714.8619384765625,720.925044736002,712.2092909396049,720.4198030136944,746384,HINDUNILVR.NS
2016-03-04,714.7357788085938,720.7568430419786,708.5884298124221,714.5252528059992,1331537,HINDUNILVR.NS
2016-03-08,695.7883911132812,714.104152089637,693.8936572191755,714.104152089637,1342346,HINDUNILVR.NS
2016-03-09,707.072509765625,710.6514510853742,696.0409186236344,696.0409186236344,1929618,HINDUNILVR.NS
2016-03-10,705.3040161132812,708.2092844563339,698.1040390181935,704.8408693102871,1140147,HINDUNILVR.NS
2016-03-11,717.1356201171875,722.4830104184867,700.2093532437721,709.0514436936334,1527676,HINDUNILVR.NS
2016-03-14,721.809326171875,724.2093015538952,711.5777439686528,720.0408772711774,825367,HINDUNILVR.NS
2016-03-15,708.0408935546875,721.514554902628,703.6198484248945,717.5566566020826,1330602,HINDUNILVR.NS
2016-03-16,710.8619995117188,712.2935349665097,699.7883131073419,711.4935774116351,1511400,HINDUNILVR.NS
2016-03-17,715.4934692382812,719.9987037258131,709.8934587612403,714.1881673120103,1970969,HINDUNILVR.NS
2016-03-18,714.3987426757812,717.4724421243386,705.682988849995,715.7882345137182,1848223,HINDUNILVR.NS
2016-03-21,740.7567138671875,743.5777413641483,713.3461908899395,713.3461908899395,1587554,HINDUNILVR.NS
2016-03-22,732.7567138671875,741.5988046328418,726.2304087782521,737.7250959348376,2024654,HINDUNILVR.NS
2016-03-23,735.6620483398438,738.819938402082,724.6726012028447,732.6304944392751,1373555,HINDUNILVR.NS
2016-03-28,727.282958984375,737.7671100542893,724.377690628522,737.6829202344418,2033190,HINDUNILVR.NS
2016-03-29,725.177734375,733.7671523298899,723.0303284883387,724.4619152801333,1389839,HINDUNILVR.NS
2016-03-30,725.5988159179688,740.1672025045177,723.2830302889585,725.8935317115754,1453623,HINDUNILVR.NS
2016-03-31,732.2092895507812,737.4303436431521,720.4198357799809,720.4198357799809,2635929,HINDUNILVR.NS
2016-04-01,730.7776489257812,736.7566165937177,720.8408346160352,730.1881660010641,1096484,HINDUNILVR.NS
2016-04-04,734.4830932617188,736.7988791803165,725.3041394251892,726.8199162923182,960124,HINDUNILVR.NS
2016-04-05,731.3673095703125,743.4514811727153,726.1462545937327,732.7988966216575,1096886,HINDUNILVR.NS
2016-04-06,734.0619506835938,735.0724856029489,726.7356367656955,731.78825996453,1041648,HINDUNILVR.NS
2016-04-07,724.2094116210938,736.7146349718837,720.040986704848,732.6304512911064,848064,HINDUNILVR.NS
2016-04-08,716.1251831054688,726.7356717749875,712.2514742943214,725.0514639609088,712487,HINDUNILVR.NS
2016-04-11,727.8303833007812,730.8198418366622,711.6619783009069,718.3146196043682,943737,HINDUNILVR.NS
2016-04-12,734.735595703125,736.3356135480725,724.3777288169267,730.0198347884468,867406,HINDUNILVR.NS
2016-04-13,755.95654296875,757.5565092471886,735.5776220385252,736.8407776573664,1897529,HINDUNILVR.NS
2016-04-18,757.1776733398438,762.0618652357862,746.5250394150726,758.0618720747917,1091523,HINDUNILVR.NS
2016-04-20,761.3460693359375,762.9460872082433,752.1250733075673,757.1355500908588,1424850,HINDUNILVR.NS
2016-04-21,761.303955078125,763.7039818255984,754.5250295453908,762.1039639939495,1162870,HINDUNILVR.NS
2016-04-22,744.5883178710938,761.5145865932875,743.5777828582883,756.0409109550329,1078366,HINDUNILVR.NS
2016-04-25,744.5463256835938,748.6305098180204,737.2621050007615,741.47262530345,828061,HINDUNILVR.NS
2016-04-26,745.8934326171875,754.5249964719164,741.6408187537131,742.398681326586,1214609,HINDUNILVR.NS
2016-04-27,751.3250122070312,752.8407887504314,741.8092496534196,744.7566129203395,778693,HINDUNILVR.NS
2016-04-28,737.8933715820312,755.1985924419722,733.4723271303272,752.1670396628334,2715410,HINDUNILVR.NS
2016-04-29,730.8618774414062,740.5039244222652,723.5355644139504,737.6828973716275,1581281,HINDUNILVR.NS
2016-05-02,727.5355224609375,730.1039285389563,719.998683853296,730.1039285389563,787156,HINDUNILVR.NS
2016-05-03,716.6303100585938,731.7881779564253,714.1039987422885,727.5355641868985,1305303,HINDUNILVR.NS
2016-05-04,718.6513671875,720.7566265811851,710.7355713080705,715.7881938529146,568460,HINDUNILVR.NS
2016-05-05,715.9147338867188,725.809455855311,713.0936546569039,723.367333703883,760873,HINDUNILVR.NS
2016-05-06,718.6513671875,721.2618682764956,713.051356641124,714.1039863379665,411253,HINDUNILVR.NS
2016-05-09,711.9989013671875,732.3778275700009,706.6936566750285,716.6304731679202,3215773,HINDUNILVR.NS
2016-05-10,726.2725219726562,730.861998527075,712.0830403575807,714.7777831288126,1523285,HINDUNILVR.NS
2016-05-11,726.3567504882812,729.935692269353,716.7146499985105,719.99887595679,697299,HINDUNILVR.NS
2016-05-12,718.3145751953125,725.8935097518868,715.2408756215261,722.8619564884328,730642,HINDUNILVR.NS
2016-05-13,700.4620361328125,718.2725547463573,692.1673330118243,718.2725547463573,2369627,HINDUNILVR.NS
2016-05-16,712.63037109375,714.5251047244276,687.9988338949408,701.4724952686485,1940183,HINDUNILVR.NS
2016-05-17,702.356689453125,716.0829716088148,699.7882830500382,715.7882558273556,1434067,HINDUNILVR.NS
2016-05-18,695.1566772460938,702.7777062506702,693.0514177753303,702.0619385897852,1428456,HINDUNILVR.NS
2016-05-19,686.3988037109375,698.8198350665799,682.3988105625102,695.6619457388742,1866764,HINDUNILVR.NS
2016-05-20,684.1251220703125,691.3671939200452,678.861973517328,690.5250901515677,1624617,HINDUNILVR.NS
2016-05-23,690.1882934570312,695.3672526828735,684.6725235306576,687.9988440107874,1118741,HINDUNILVR.NS
2016-05-24,693.1356811523438,694.2725522259656,686.6936173269208,689.6830758130668,946784,HINDUNILVR.NS
2016-05-25,707.4513549804688,708.5882259060986,696.4619110869902,697.2619199462257,1127694,HINDUNILVR.NS
2016-05-26,716.0830078125,719.1567075079812,700.6304223028576,707.5356843407192,2479387,HINDUNILVR.NS
2016-05-27,725.219970703125,729.2199646789863,716.2094476779107,716.9252155144115,1531278,HINDUNILVR.NS
2016-05-30,719.451416015625,730.2724815123005,715.5777587984286,727.5777388665399,776274,HINDUNILVR.NS
2016-05-31,714.2725219726562,724.1251476575841,711.5777792745135,722.3566986691426,12132028,HINDUNILVR.NS
2016-06-01,720.1251831054688,727.0725404006882,712.4620066440966,717.5988713617526,1223721,HINDUNILVR.NS
2016-06-02,731.1145629882812,735.9566600604709,703.1567052657902,719.9987820386234,3409326,HINDUNILVR.NS
2016-06-03,745.1355590820312,747.7882067258764,732.1250959279561,734.3145453434282,1752265,HINDUNILVR.NS
2016-06-06,740.5039672851562,751.1566010770952,736.882931169417,747.4513237413065,1941227,HINDUNILVR.NS
2016-06-07,755.4092407226562,756.8829224452513,741.3882426007295,744.4197958708922,2185954,HINDUNILVR.NS
2016-06-08,755.5354614257812,764.6301712447001,750.8196497952047,753.6828229779809,1470489,HINDUNILVR.NS
2016-06-09,738.0618896484375,757.0513201581336,736.377682039632,757.0513201581336,1376923,HINDUNILVR.NS
2016-06-10,736.5460815429688,745.0934039529192,733.5987183537578,737.6829010710618,793113,HINDUNILVR.NS
2016-06-13,736.1671752929688,741.851376120972,730.3987332435654,730.3987332435654,1071858,HINDUNILVR.NS
2016-06-14,729.00927734375,737.0092635250016,724.4618962183898,734.3987108797254,826228,HINDUNILVR.NS
2016-06-15,736.5460815429688,738.1881427728953,726.7355520825643,730.9460709242941,863255,HINDUNILVR.NS
2016-06-16,740.58837890625,741.7672936767557,723.4936778513454,734.1883576171276,803719,HINDUNILVR.NS
2016-06-17,742.1882934570312,745.0093725194947,734.7356940819685,744.3777945589658,849716,HINDUNILVR.NS
2016-06-20,740.5460205078125,743.0301853251605,733.0933718619744,736.8407436377757,526386,HINDUNILVR.NS
2016-06-21,732.8408813476562,740.209290094329,729.3882760941058,738.1040304524225,1214022,HINDUNILVR.NS
2016-06-22,731.5637817382812,738.8006652352558,729.6481361067292,734.7139649476541,723156,HINDUNILVR.NS
2016-06-23,740.162841796875,743.2704653303313,727.349312094589,732.2022911616092,574726,HINDUNILVR.NS
2016-06-24,731.43603515625,734.0754002585776,721.2192586793462,730.9677766274344,1157925,HINDUNILVR.NS
2016-06-27,731.2232055664062,743.9941765104446,728.1581933259225,730.4995379989962,815766,HINDUNILVR.NS
2016-06-28,755.8286743164062,757.7017605568121,731.3509785838277,733.0537748087027,1607560,HINDUNILVR.NS
2016-06-29,752.4655151367188,761.2775153011718,746.6760193365013,757.6590739303848,857945,HINDUNILVR.NS
2016-06-30,765.023681640625,768.7272942123803,758.2124974702734,758.595636972898,2029009,HINDUNILVR.NS
2016-07-01,764.21484375,770.1320703958562,754.4237664971424,765.0662417719876,1099564,HINDUNILVR.NS
2016-07-04,760.3410034179688,768.5995747358942,756.041453741871,766.2582301437882,674938,HINDUNILVR.NS
2016-07-05,757.91455078125,763.0229390561649,755.0623361486282,762.1715410103458,631452,HINDUNILVR.NS
2016-07-07,781.8388061523438,783.2861932067465,756.5522740873009,757.7442521239178,1689043,HINDUNILVR.NS
2016-07-08,783.882080078125,788.6498876728797,777.7094451207915,782.4346932123299,1579861,HINDUNILVR.NS
2016-07-11,791.2892456054688,795.9719341534638,784.4354507948756,789.2458698166253,746028,HINDUNILVR.NS
2016-07-12,787.7986450195312,795.1206997980859,777.8798884157184,795.1206997980859,813346,HINDUNILVR.NS
2016-07-13,789.6290283203125,791.5872331854875,781.1150489367633,785.9254161093448,598072,HINDUNILVR.NS
2016-07-14,794.3118286132812,796.0571842391586,785.0315689948891,789.2459997750802,757072,HINDUNILVR.NS
2016-07-15,801.59130859375,810.0627300547781,793.5455861813643,796.057220961398,1284879,HINDUNILVR.NS
2016-07-18,784.9463500976562,805.9332783780676,774.7721342059759,803.7196644949904,3013256,HINDUNILVR.NS
2016-07-19,762.12890625,772.1328323006072,756.0413900373773,769.7488764355304,2602482,HINDUNILVR.NS
2016-07-20,772.1329345703125,775.0276568445595,763.8743628544038,765.7900085220789,897886,HINDUNILVR.NS
2016-07-21,774.8148193359375,777.8798836308563,766.6839779912609,772.2180655614366,876194,HINDUNILVR.NS
2016-07-22,768.9827270507812,779.0292136202734,763.7040487621696,775.7939114321607,967993,HINDUNILVR.NS
2016-07-25,772.1755981445312,774.1763631032092,762.5973685153298,766.6840694307448,1297630,HINDUNILVR.NS
2016-07-26,768.5570068359375,776.3898790515949,765.4068237533653,776.3898790515949,1094799,HINDUNILVR.NS
2016-07-27,769.535888671875,774.3037475801134,764.768081728835,766.2580278941848,1168069,HINDUNILVR.NS
2016-07-28,774.2614135742188,777.326425792353,762.0863797908426,770.4301223189443,1760367,HINDUNILVR.NS
2016-07-29,785.4570922851562,787.5430274536143,768.4291349348078,770.8556500363536,1284438,HINDUNILVR.NS
2016-08-01,787.5430908203125,791.8426400041822,780.0082398726006,791.8000805004223,1270582,HINDUNILVR.NS
2016-08-02,789.5866088867188,801.0378716168469,786.8621246076265,790.8637060208043,1442265,HINDUNILVR.NS
2016-08-03,778.0075073242188,789.0756816843899,774.3890657064704,789.0756816843899,1067729,HINDUNILVR.NS
2016-08-04,781.6260375976562,785.201920112655,773.7931644612825,784.9890705815861,685515,HINDUNILVR.NS
2016-08-05,787.9689331054688,790.6508578778135,780.221231264586,784.2653721962456,936293,HINDUNILVR.NS
2016-08-08,791.37451171875,795.5037716016645,785.3296061646496,788.8628770012634,640018,HINDUNILVR.NS
2016-08-09,795.418701171875,796.8235288693173,786.8196008642121,791.3745600634282,912239,HINDUNILVR.NS
2016-08-10,787.5005493164062,796.3550568742979,785.6700229260364,796.057088375962,675289,HINDUNILVR.NS
2016-08-11,796.6105346679688,798.6964181308158,785.4571900363212,787.4580064531125,859803,HINDUNILVR.NS
2016-08-12,796.0570068359375,806.2737812552223,788.3944260214739,795.8867168692424,664203,HINDUNILVR.NS
2016-08-16,788.5648803710938,803.6346361739954,784.4355686700555,792.8644301091126,847402,HINDUNILVR.NS
2016-08-17,777.4966430664062,788.1391177799597,775.0275681467783,787.458009791334,685242,HINDUNILVR.NS
2016-08-18,772.1329345703125,780.4766253075877,770.728106961265,777.3264420388125,1047855,HINDUNILVR.NS
2016-08-19,775.3256225585938,779.6251721380451,767.3224604375711,773.9207950488234,1232642,HINDUNILVR.NS
2016-08-22,791.8427734375,795.1206872226691,776.3899294738685,776.3899294738685,1405730,HINDUNILVR.NS
2016-08-23,784.733642578125,793.205064103035,782.4774168172197,792.6516345495402,923109,HINDUNILVR.NS
2016-08-24,782.7753295898438,787.5005780219714,773.2822212540951,784.1375455821873,929753,HINDUNILVR.NS
2016-08-25,775.4533081054688,784.98897634566,772.3882960121125,784.1375783235932,1760911,HINDUNILVR.NS
2016-08-26,770.0894775390625,778.8588663927342,766.2581866060324,778.8588663927342,753284,HINDUNILVR.NS
2016-08-29,770.6856079101562,773.0695123127907,767.1097253235953,771.3667160301635,488018,HINDUNILVR.NS
2016-08-30,787.3731079101562,788.6502053122483,772.7290473064545,773.0696273997696,921470,HINDUNILVR.NS
2016-08-31,780.774658203125,788.8203810635738,776.3473774576468,787.5432838465254,2185015,HINDUNILVR.NS
2016-09-01,788.2243041992188,791.3744873768708,777.6243880849905,780.8171307720946,654587,HINDUNILVR.NS
2016-09-02,783.9246826171875,788.8627804611044,781.2001987140997,786.2660270398834,968873,HINDUNILVR.NS
2016-09-06,798.4835815429688,800.1012585048003,785.2443532344946,786.9045897026461,811241,HINDUNILVR.NS
2016-09-07,794.3543090820312,799.3775779105412,789.5865012176758,797.7599009752018,728867,HINDUNILVR.NS
2016-09-08,810.1478881835938,811.8932439742316,793.0773659020942,794.3544631096661,1528195,HINDUNILVR.NS
2016-09-09,791.7577514648438,812.2338673934048,789.5866964890691,808.8282746580027,888951,HINDUNILVR.NS
2016-09-12,781.9666137695312,787.4155305588363,776.858225049123,787.4155305588363,677577,HINDUNILVR.NS
2016-09-14,773.4525146484375,787.117441999134,770.5151811889846,780.7319570721535,1349809,HINDUNILVR.NS
2016-09-15,778.1778564453125,784.0099125921041,771.366671706185,774.9425540872701,964711,HINDUNILVR.NS
2016-09-16,776.2197265625,790.6083245412746,774.2615211529887,780.0935778658154,1542460,HINDUNILVR.NS
2016-09-19,776.4326171875,785.4148580162125,774.0061010811614,779.4125109577512,793036,HINDUNILVR.NS
2016-09-20,768.7274169921875,780.5618201992168,767.0246206776319,776.6028499470069,1133099,HINDUNILVR.NS
2016-09-21,777.3690185546875,778.6461156944077,766.7265423903518,767.9610800184579,1102665,HINDUNILVR.NS
2016-09-22,774.8999633789062,781.5408578391558,769.0252959918314,777.3264270584468,1250220,HINDUNILVR.NS
2016-09-23,775.2405395507812,776.9007762602164,767.1096979840602,775.6236790937612,1498875,HINDUNILVR.NS
2016-09-26,759.9580688476562,778.0928934236448,754.7645602289002,773.9210211484155,1153660,HINDUNILVR.NS
2016-09-27,763.95947265625,767.067096376839,757.233459127823,762.0012675015236,849724,HINDUNILVR.NS
2016-09-28,755.3178100585938,766.9819219137275,750.2945407162239,766.2582543484839,1877866,HINDUNILVR.NS
2016-09-29,747.7828979492188,760.128169691178,743.6961976966472,758.5956635921153,3307074,HINDUNILVR.NS
2016-09-30,738.8858032226562,749.1025801865381,736.4593394798203,746.7612354656486,3104818,HINDUNILVR.NS
2016-10-03,739.652099609375,747.5275320368704,732.3726562451116,747.5275320368704,2066037,HINDUNILVR.NS
2016-10-04,732.5429077148438,742.4191043722424,731.1806396469593,742.4191043722424,1465854,HINDUNILVR.NS
2016-10-05,741.525146484375,743.8664911359064,734.2457035062932,736.4593176634738,1781339,HINDUNILVR.NS
2016-10-06,753.0191040039062,755.0624283843497,744.1219829452131,744.1219829452131,1360160,HINDUNILVR.NS
2016-10-07,746.888916015625,757.4888317998267,739.1412147888943,757.4888317998267,1088191,HINDUNILVR.NS
2016-10-10,745.9525146484375,753.9556261301585,744.5051273911968,748.9749677070986,734544,HINDUNILVR.NS
2016-10-13,733.94775390625,744.7605206435904,725.8169120876374,740.2906804225229,2130773,HINDUNILVR.NS
2016-10-14,717.0899658203125,728.4135488323286,712.6201263183159,727.7324408250663,2077909,HINDUNILVR.NS
2016-10-17,723.0498046875,724.5397512971005,714.322974545555,718.5799648586989,1136539,HINDUNILVR.NS
2016-10-18,728.4562377929688,729.6482159914111,722.8370307779558,723.9438379820984,1146943,HINDUNILVR.NS
2016-10-19,720.28271484375,728.754135417283,718.6224783349334,727.9452969165559,1171167,HINDUNILVR.NS
2016-10-20,715.4298706054688,723.2201846334185,713.9824833259586,722.453905495672,818580,HINDUNILVR.NS
2016-10-21,724.7101440429688,725.6041017424203,712.6628389627703,715.174473996636,1247395,HINDUNILVR.NS
2016-10-24,722.283447265625,727.9452645537933,718.792736373731,725.220780655989,1639740,HINDUNILVR.NS
2016-10-25,708.6610717773438,723.5179765840716,706.2771678805101,721.2191916972218,1925999,HINDUNILVR.NS
2016-10-26,717.6007690429688,720.9638014681927,703.7229923158662,707.5968427447052,1928005,HINDUNILVR.NS
2016-10-27,715.4298706054688,723.6884432330547,696.7842818942433,723.6884432330547,3193498,HINDUNILVR.NS
2016-10-28,712.1944580078125,721.091577888221,709.8956729146851,716.0257491746208,1396899,HINDUNILVR.NS
2016-11-01,717.1314697265625,723.5279237265735,714.0405918062714,716.9168239708825,891827,HINDUNILVR.NS
2016-11-02,722.1539916992188,728.464606892568,714.3838276292831,716.9166574387061,1085441,HINDUNILVR.NS
2016-11-03,720.6945190429688,728.5076025996293,716.6591688660291,719.6212904003647,1975240,HINDUNILVR.NS
2016-11-04,728.0782470703125,743.8761922606917,723.3560414584177,728.9368299088388,2273336,HINDUNILVR.NS
2016-11-07,719.1920166015625,731.2980150258765,716.5303780603082,729.7954948893396,803129,HINDUNILVR.NS
2016-11-08,725.1589965820312,727.0049705244846,717.8610429363765,719.8787439159452,797363,HINDUNILVR.NS
2016-11-09,711.1641845703125,717.2171833556637,686.0077168245772,704.0379571916812,2122893,HINDUNILVR.NS
2016-11-10,702.7930297851562,722.8409721555169,698.714760966803,721.2096436666787,1017007,HINDUNILVR.NS
2016-11-11,688.3687744140625,699.744996753927,685.2349261664921,699.744996753927,1758762,HINDUNILVR.NS
2016-11-15,691.5454711914062,695.280285109908,672.4849240817239,690.3005157506619,2007604,HINDUNILVR.NS
2016-11-16,694.3789672851562,698.4572363356718,685.149200486621,694.5936130246571,2677282,HINDUNILVR.NS
2016-11-17,696.8687744140625,700.6035887602972,689.4420119785767,694.3788632474146,665671,HINDUNILVR.NS
2016-11-18,689.3131103515625,699.5731842553527,683.0454670257627,698.0277458522928,1462211,HINDUNILVR.NS
2016-11-21,684.9343872070312,691.8459678475842,680.5556361537879,689.3131382602746,993597,HINDUNILVR.NS
2016-11-22,703.9520874023438,706.184381811926,689.2702894810934,692.2753294036974,1226008,HINDUNILVR.NS
2016-11-23,714.0833740234375,716.0581041175943,699.8308671275346,704.338427135469,1254013,HINDUNILVR.NS
2016-11-24,708.58837890625,716.4873511976847,704.5101105800799,711.5934187255333,1588843,HINDUNILVR.NS
2016-11-25,715.7145385742188,719.4923235255828,708.8888478336851,712.623661725816,788448,HINDUNILVR.NS
2016-11-28,719.363525390625,722.8837460553306,711.7650891280127,713.0100445776802,930063,HINDUNILVR.NS
2016-11-29,714.94189453125,722.0681211558463,712.8383562302513,718.6337900207411,1157881,HINDUNILVR.NS
2016-11-30,724.64404296875,730.0531053205873,713.5253827765725,717.1314418123796,2734453,HINDUNILVR.NS
2016-12-01,728.1640625,734.6893233188569,721.9823081714587,724.6438939293731,951938,HINDUNILVR.NS
2016-12-02,713.86865234375,728.4216407300567,711.0353396924407,725.5024383597785,623704,HINDUNILVR.NS
2016-12-05,725.4166259765625,730.9974141557528,714.3408869363675,715.1136324149803,760110,HINDUNILVR.NS
2016-12-06,717.7752075195312,729.6236394595613,715.3711862047581,725.8459066516991,611314,HINDUNILVR.NS
2016-12-07,715.8005981445312,724.6439918294741,714.3839153506659,721.0808517138389,394177,HINDUNILVR.NS
2016-12-08,723.7852783203125,727.047882380037,717.7751989036551,717.7751989036551,609858,HINDUNILVR.NS
2016-12-09,725.54541015625,727.2196571558333,718.0757290530047,721.1237400231056,463868,HINDUNILVR.NS
2016-12-12,714.8560791015625,726.2323021688644,712.9242676373037,725.5025276883069,317031,HINDUNILVR.NS
2016-12-13,713.6111450195312,718.1187049080047,708.2450022951582,716.0580851403504,716723,HINDUNILVR.NS
2016-12-14,705.5834350585938,715.0707658691688,703.0076862917185,713.4824084244262,418711,HINDUNILVR.NS
2016-12-15,700.6466064453125,707.2147869797341,698.5860388058577,702.320853679944,552176,HINDUNILVR.NS
2016-12-16,701.4193115234375,710.0480591986094,698.5430273625525,701.8915216382868,907271,HINDUNILVR.NS
2016-12-19,695.2374267578125,702.149007861382,693.7349068481784,701.4621520977249,709550,HINDUNILVR.NS
2016-12-20,688.0682983398438,697.8131924622575,685.535468520107,694.3788611551531,1057366,HINDUNILVR.NS
2016-12-21,684.11865234375,691.1590406296672,683.3459593927355,688.5832926521653,1024157,HINDUNILVR.NS
2016-12-22,675.74755859375,689.0126728699366,673.0000832492228,683.4318848653826,1147406,HINDUNILVR.NS
2016-12-23,677.8511352539062,686.3511261191546,671.368845454518,675.2753867982232,893290,HINDUNILVR.NS
2016-12-26,688.4115600585938,691.0731977226703,674.0303006341314,676.5631299388865,686679,HINDUNILVR.NS
2016-12-27,692.661865234375,694.164385549417,683.9472264456313,688.4977584656156,552306,HINDUNILVR.NS
2016-12-28,695.7097778320312,705.0683532704016,692.0178815008035,693.7350474598626,811567,HINDUNILVR.NS
2016-12-29,702.7500610351562,705.7121823412812,692.48998552158,696.5253353876243,1295881,HINDUNILVR.NS
2016-12-30,709.4899291992188,712.1515675217167,702.7500746736187,703.5657388757348,709395,HINDUNILVR.NS
2017-01-02,708.6312866210938,710.9065519820472,703.2651441695385,710.9065519820472,439748,HINDUNILVR.NS
2017-01-03,712.4949340820312,715.0277638884138,703.6086228332464,709.5757839286258,617599,HINDUNILVR.NS
2017-01-04,705.41162109375,718.9772715178016,701.0757883510565,712.4949293300642,1298675,HINDUNILVR.NS
2017-01-05,715.328369140625,717.5606637348694,705.755148776623,708.2450601656772,800848,HINDUNILVR.NS
2017-01-06,715.8435668945312,751.0883881031617,714.0834822482835,715.1137923155678,545826,HINDUNILVR.NS
2017-01-09,713.525390625,719.9647631155759,711.2072060476431,719.4925529470165,323290,HINDUNILVR.NS
2017-01-10,713.0960693359375,717.7324382969663,711.7652762242287,715.8864639652846,337793,HINDUNILVR.NS
2017-01-11,722.4974975585938,725.5025376553913,712.7096317103858,714.4267974799843,867646,HINDUNILVR.NS
2017-01-12,709.1035766601562,724.3863404758566,708.073266788637,724.3863404758566,985100,HINDUNILVR.NS
2017-01-13,710.8636474609375,717.431774510028,708.4166550121212,712.6237317393054,567779,HINDUNILVR.NS
2017-01-16,710.4774169921875,713.7829405085378,706.1415834175766,710.9067084828172,472383,HINDUNILVR.NS
2017-01-17,721.7676391601562,723.7852877433801,709.8333174873541,709.8333174873541,1081184,HINDUNILVR.NS
2017-01-18,742.6312866210938,745.035308249939,719.1490129654974,721.8106513862208,2032995,HINDUNILVR.NS
2017-01-19,738.6388549804688,752.0756982649549,737.1363349124028,743.0176591925057,1350359,HINDUNILVR.NS
2017-01-20,738.7677001953125,748.6843226580273,733.6591212285371,734.2601397664655,1032081,HINDUNILVR.NS
2017-01-23,740.4418334960938,744.2195664035187,731.1261786006978,733.7448456805149,1615902,HINDUNILVR.NS
2017-01-24,738.6817626953125,740.4418995290929,723.0126250748827,734.9469481144049,1843785,HINDUNILVR.NS
2017-01-25,746.2802734375,746.924210617916,734.9040499168178,735.8055514886518,1360342,HINDUNILVR.NS
2017-01-27,734.9039916992188,751.8610027735394,733.0580176334305,746.1084872701109,1272497,HINDUNILVR.NS
2017-01-30,732.84326171875,741.1286058326351,730.7826946567658,735.7624638945566,600766,HINDUNILVR.NS
2017-01-31,734.431884765625,740.8712569640479,730.8687445209996,734.9470135800008,1210100,HINDUNILVR.NS
2017-02-01,733.2726440429688,744.8635120671712,729.1085383439164,735.8054738327083,1750447,HINDUNILVR.NS
2017-02-02,725.7600708007812,737.3509392466592,722.7550308333314,736.2347920252112,1617828,HINDUNILVR.NS
2017-02-03,729.5808715820312,731.8990560589809,720.0076505991861,725.5026025146412,999913,HINDUNILVR.NS
2017-02-06,738.853271484375,740.0982267781459,729.7952352220696,729.8381538728082,1007603,HINDUNILVR.NS
2017-02-07,734.302978515625,741.2145599402276,730.6540014227382,740.9569955673597,866921,HINDUNILVR.NS
2017-02-08,732.3281860351562,738.2953467827452,727.5200910685538,738.2953467827452,995337,HINDUNILVR.NS
2017-02-09,730.4393920898438,735.0327895799262,724.2146661507884,734.946952252608,884351,HINDUNILVR.NS
2017-02-10,730.568115234375,737.0074861440548,727.7777211735137,728.2928498847942,648644,HINDUNILVR.NS
2017-02-13,740.3558349609375,742.4593730090403,731.8988165189721,734.0452732203571,688095,HINDUNILVR.NS
2017-02-14,728.2071533203125,745.2929226608758,725.5025960539979,740.9570892243789,1294385,HINDUNILVR.NS
2017-02-15,729.83837890625,731.9419174782848,724.1288341007169,728.550504564646,863541,HINDUNILVR.NS
2017-02-16,726.4468383789062,731.941788899291,724.68675423532,731.5124975275027,529692,HINDUNILVR.NS
2017-02-17,722.2828369140625,728.035352604111,719.0631511625882,727.2196883996563,917969,HINDUNILVR.NS
2017-02-20,733.6160888671875,736.6640473469083,727.6489278863692,730.3964033455663,1511663,HINDUNILVR.NS
2017-02-21,740.7422485351562,744.0477710762548,731.555402865391,732.8003583016584,1061217,HINDUNILVR.NS
2017-02-22,741.9443969726562,746.1085028683663,731.5125942967181,743.5327542968989,1996095,HINDUNILVR.NS
2017-02-23,736.8786010742188,748.6841131799811,735.161435677017,747.7396931730118,1313518,HINDUNILVR.NS
2017-02-27,743.9190673828125,747.4392358532518,733.4443468850939,737.5655337880735,1194357,HINDUNILVR.NS
2017-02-28,743.4469604492188,745.6363363822522,736.7929429171367,743.1035063247758,1409380,HINDUNILVR.NS
2017-03-01,751.6892700195312,756.3256382775487,740.9140659500273,745.5933528689318,1199589,HINDUNILVR.NS
2017-03-02,753.4063110351562,758.1285158336672,749.8431719075156,753.8356023804754,1116347,HINDUNILVR.NS
2017-03-03,753.10595703125,755.3382514477192,747.739814295759,753.8357314817817,909059,HINDUNILVR.NS
2017-03-06,749.6287231445312,758.2575233750107,743.7474511302795,752.9772174790824,620823,HINDUNILVR.NS
2017-03-07,748.7272338867188,751.2171453460838,745.3787919007976,750.4873184130836,581168,HINDUNILVR.NS
2017-03-08,748.0831909179688,752.2473489833984,741.1716097870326,746.9670437471398,689050,HINDUNILVR.NS
2017-03-09,747.2246704101562,748.6842717877382,740.2701700396791,746.0226858197136,649123,HINDUNILVR.NS
2017-03-10,751.4317016601562,753.6210773911404,744.7347660814894,747.8256433012626,1533750,HINDUNILVR.NS
2017-03-14,784.5300903320312,785.6033189097768,754.7372545330657,756.5832286482837,2763421,HINDUNILVR.NS
2017-03-15,773.15380859375,787.4921517824545,771.8659343984245,781.3103451641449,1247829,HINDUNILVR.NS
2017-03-16,778.0477905273438,783.3710146875097,768.7321351461185,779.5932291793304,1052674,HINDUNILVR.NS
2017-03-17,774.9140625,782.1690992027728,772.7246863693695,779.2069774242743,2071209,HINDUNILVR.NS
2017-03-20,771.3938598632812,785.8180429042937,769.2903211606088,773.1968630920037,849554,HINDUNILVR.NS
2017-03-21,775.6867065429688,778.8205025849544,762.6791550647397,771.6942752248518,1016256,HINDUNILVR.NS
2017-03-22,776.9744873046875,779.5931542694494,767.6159141608846,767.6159141608846,928431,HINDUNILVR.NS
2017-03-23,774.4418334960938,780.4519142438461,771.136310046328,777.0175823879877,737393,HINDUNILVR.NS
2017-03-24,772.896240234375,777.1891541965703,770.1487648178231,773.5830959875792,809976,HINDUNILVR.NS
2017-03-27,771.6941528320312,784.1865211632576,768.5173862272783,772.595654224314,2830764,HINDUNILVR.NS
2017-03-28,775.3861694335938,777.0174978491375,770.578126320001,772.7245834963799,565803,HINDUNILVR.NS
2017-03-29,783.5,785.5177017338854,773.0252756648136,776.3308520529329,1067420,HINDUNILVR.NS
2017-03-30,789.2094116210938,793.1588719968966,780.6235826269647,782.2548586936043,2105056,HINDUNILVR.NS
2017-03-31,782.8128662109375,790.1108199951908,777.1891593638188,789.2093185378831,1454650,HINDUNILVR.NS
2017-04-03,790.454345703125,793.631060421141,776.5023739689682,784.744748616574,832000,HINDUNILVR.NS
2017-04-05,803.0755615234375,804.8786172060425,788.3079763349349,788.3079763349349,2246395,HINDUNILVR.NS
2017-04-06,802.4744873046875,803.8481989127625,790.7548103590433,799.2118305289664,1588953,HINDUNILVR.NS
2017-04-07,793.759765625,800.8001547732696,790.9264529834508,794.790075422945,770117,HINDUNILVR.NS
2017-04-10,795.0048217773438,798.2245075512649,786.4619117097918,792.3002647657542,460843,HINDUNILVR.NS
2017-04-11,793.072998046875,794.8760010908886,787.5351281206346,792.4290609020503,715100,HINDUNILVR.NS
2017-04-12,793.1159057617188,794.7901527959011,788.5654271485155,790.0679471323672,2006885,HINDUNILVR.NS
2017-04-13,793.2017211914062,797.7951707432094,788.6083240433398,791.4845555429722,1200252,HINDUNILVR.NS
2017-04-17,784.78759765625,793.1587799540846,783.113350715936,792.4719241950094,449115,HINDUNILVR.NS
2017-04-18,783.6715087890625,790.7118987516732,782.2119074401236,785.6033202322566,605252,HINDUNILVR.NS
2017-04-19,780.0654907226562,788.5654824748785,777.8761147876116,785.2599068362401,1245002,HINDUNILVR.NS
2017-04-20,786.204345703125,787.8356217162951,778.0907270888711,783.0275785986763,1955164,HINDUNILVR.NS
2017-04-21,778.2195434570312,793.244743858258,775.729632143332,789.4669582244535,761841,HINDUNILVR.NS
2017-04-24,776.631103515625,781.2245531877951,771.4796064353329,781.2245531877951,789135,HINDUNILVR.NS
2017-04-25,793.33056640625,795.906314998478,775.3432449231093,778.7346577169575,1105317,HINDUNILVR.NS
2017-04-26,808.2268676757812,811.360715740399,790.1537108905646,793.3304776128346,1296199,HINDUNILVR.NS
2017-04-27,813.3355102539062,816.5122772286031,803.8052617335533,808.0122861887031,1096343,HINDUNILVR.NS
2017-04-28,802.7320556640625,811.7900943588685,800.3280341361326,810.5022200685054,3585324,HINDUNILVR.NS
2017-05-02,796.8507690429688,804.7068235445374,793.3306001121927,798.6538245763778,1615426,HINDUNILVR.NS
2017-05-03,801.9163818359375,804.4492117239829,792.1285163852241,801.0577989860061,977037,HINDUNILVR.NS
2017-05-04,821.4061889648438,824.2395017714358,801.7446215548431,802.1309943020458,1234682,HINDUNILVR.NS
2017-05-05,819.0022583007812,823.7673829675672,815.052745474994,818.6588041754982,571239,HINDUNILVR.NS
2017-05-08,819.81787109375,824.2395940441294,812.2623519624273,819.9466794918162,672197,HINDUNILVR.NS
2017-05-09,817.413818359375,822.5223969632245,813.5072767459867,821.6638140853923,1292861,HINDUNILVR.NS
2017-05-10,855.4490356445312,857.7243012489803,819.1739087899073,819.1739087899073,2928370,HINDUNILVR.NS
2017-05-11,840.3379516601562,855.1485055974616,837.933930197457,853.7747940198443,1354465,HINDUNILVR.NS
2017-05-12,841.5829467773438,848.2798827392742,833.0400366677943,839.9516183490414,890243,HINDUNILVR.NS
2017-05-15,844.2015991210938,849.0096421871375,836.7319177404187,842.5273520593278,734446,HINDUNILVR.NS
2017-05-16,858.9260864257812,860.7290889923551,843.1710636787984,843.9867276603342,1503815,HINDUNILVR.NS
2017-05-17,866.6535034179688,868.8857977471292,850.9413961799877,862.0171353143455,1999387,HINDUNILVR.NS
2017-05-18,850.211669921875,866.310098410676,843.9869442395386,865.45151555794,2690943,HINDUNILVR.NS
2017-05-19,865.4514770507812,878.1155735651653,858.5828145345052,858.5828145345052,3059815,HINDUNILVR.NS
2017-05-22,874.552490234375,882.794864823125,866.310115645625,868.3277644281998,1788720,HINDUNILVR.NS
2017-05-23,879.8757934570312,886.0575483832235,870.6030562602604,874.724243678969,2640069,HINDUNILVR.NS
2017-05-24,891.2518920898438,892.9260865791927,878.7594707825035,881.3781901709392,1992083,HINDUNILVR.NS
2017-05-25,895.8882446289062,901.5120042929632,884.5979638496959,891.123172633559,1918721,HINDUNILVR.NS
2017-05-26,893.7418212890625,898.8933186513492,886.4010004322934,894.6863463181342,716421,HINDUNILVR.NS
2017-05-29,920.615478515625,924.6937471311057,891.8529524906556,893.7847639400939,1771026,HINDUNILVR.NS
2017-05-30,920.9160766601562,922.9337256869209,904.345488151683,919.6282021995628,890684,HINDUNILVR.NS
2017-05-31,916.1077270507812,922.5041261461006,910.9992019859925,915.0774697493395,2226704,HINDUNILVR.NS
2017-06-01,940.44873046875,943.9688992921301,911.1281043478594,916.1079269421394,1782269,HINDUNILVR.NS
2017-06-02,932.7643432617188,947.0167962970808,898.1634156716673,944.4840190459277,2216247,HINDUNILVR.NS
2017-06-05,942.5093994140625,945.5574106997711,934.1382159530858,937.572547629384,612171,HINDUNILVR.NS
2017-06-06,937.1861572265625,945.9866314896394,933.2795633136203,942.6810036521603,1203091,HINDUNILVR.NS
2017-06-07,949.8931274414062,956.6759530057698,937.1431929152325,948.9057361896197,2392047,HINDUNILVR.NS
2017-06-08,938.8604125976562,957.3199451727359,934.6104691138293,950.193665092851,935574,HINDUNILVR.NS
2017-06-09,940.44873046875,949.07753027906,935.8553330524198,936.7139159267799,691085,HINDUNILVR.NS
2017-06-12,944.1406860351562,948.7340834869226,929.8452601052825,941.0068375580698,1059705,HINDUNILVR.NS
2017-06-13,946.8023071289062,952.468933392121,940.1912606230699,941.0068724672694,1040661,HINDUNILVR.NS
2017-06-14,956.203857421875,961.2695181482434,939.461488707477,948.7342271492191,1139136,HINDUNILVR.NS
2017-06-15,947.8753662109375,962.9005644977957,945.8147466272467,959.4662334607995,1051935,HINDUNILVR.NS
2017-06-16,937.4010009765625,953.756944933948,934.5246639588927,947.8756720966597,1550451,HINDUNILVR.NS
2017-06-19,940.706298828125,945.2996960079951,936.1129016482549,939.6330702904229,859068,HINDUNILVR.NS
2017-06-20,938.47412109375,945.2998135190535,936.7998214823165,943.4538392432363,1272735,HINDUNILVR.NS
2017-06-21,964.574951171875,969.3401283582783,939.2467547267296,939.5043715288274,1411671,HINDUNILVR.NS
2017-06-22,947.7686767578125,967.9966137586067,946.0360893359244,967.6500751244804,1000211,HINDUNILVR.NS
2017-06-23,951.1041259765625,955.3056303832434,931.2659738490017,947.6389502599151,1600881,HINDUNILVR.NS
2017-06-27,946.0795288085938,965.8743228923801,941.6614511534868,949.8912430448927,1809437,HINDUNILVR.NS
2017-06-28,944.2601928710938,957.2112422077618,939.27900378026,948.5916616457318,1084236,HINDUNILVR.NS
2017-06-29,942.6143798828125,948.2886472781412,939.279169487694,948.2886472781412,1771369,HINDUNILVR.NS
2017-06-30,935.2507934570312,946.5992214285735,921.7366309203566,939.9288012674689,1501780,HINDUNILVR.NS
2017-07-03,950.9743041992188,953.0100740901065,936.5504869529759,946.8594074149361,823810,HINDUNILVR.NS
2017-07-04,942.6143798828125,963.3188254280062,938.9326307748368,956.7350128787914,938993,HINDUNILVR.NS
2017-07-05,950.0645751953125,951.1907996802374,937.3734528587106,941.6615658036595,364842,HINDUNILVR.NS
2017-07-06,946.4261474609375,950.064539778669,941.1417754761278,950.064539778669,653440,HINDUNILVR.NS
2017-07-07,950.9310913085938,961.4999438897138,944.0874517976749,945.126962527515,780216,HINDUNILVR.NS
2017-07-10,949.6744995117188,957.2112126473418,944.2601637106256,955.0888353128117,123910,HINDUNILVR.NS
2017-07-11,958.5108032226562,964.1417133368901,950.324368509929,954.6558378285704,1088867,HINDUNILVR.NS
2017-07-12,980.341552734375,986.1890367958747,957.2547982158846,961.5862678910696,1749266,HINDUNILVR.NS
2017-07-13,982.9835205078125,987.4883116618307,979.778275786615,982.9835205078125,1390586,HINDUNILVR.NS
2017-07-14,986.9688720703125,991.8633489460522,974.8407551416799,983.2437652855747,1430776,HINDUNILVR.NS
2017-07-17,998.7933959960938,1001.4356343897903,978.9553525436046,987.5749335677863,1177146,HINDUNILVR.NS
2017-07-18,1003.0383911132812,1013.3906668754877,993.8990537339596,999.0534602429893,3322231,HINDUNILVR.NS
2017-07-19,1000.00634765625,1035.2645730238232,983.6767287037874,1030.8897465059506,4799441,HINDUNILVR.NS
2017-07-20,998.7500610351562,1005.8103760742854,991.9063194282166,1000.9590465942421,1295206,HINDUNILVR.NS
2017-07-21,1003.7315673828125,1008.5394356485522,991.9066330961462,1003.9481408834885,1690899,HINDUNILVR.NS
2017-07-24,1004.337646484375,1008.6258640327225,999.7463530194393,1006.6333460912176,1102676,HINDUNILVR.NS
2017-07-25,995.8914184570312,1005.7671897907762,990.1739000265782,1001.045930467233,1686360,HINDUNILVR.NS
2017-07-26,1008.8428955078125,1010.9652738775306,988.7448077620825,999.7034499183122,1563285,HINDUNILVR.NS
2017-07-27,1015.209716796875,1033.0119907872918,1006.7633523181997,1008.1927582258802,2090566,HINDUNILVR.NS
2017-07-28,999.5733032226562,1012.3511396264289,988.9612018025739,1012.3511396264289,860381,HINDUNILVR.NS
2017-07-31,1001.2190551757812,1007.1531465312903,989.39412370533,1004.8574468211103,955459,HINDUNILVR.NS
2017-08-01,1016.9857177734375,1019.5413483185858,999.7031961533111,999.7031961533111,1359063,HINDUNILVR.NS
2017-08-02,1012.4810180664062,1017.8953550614139,1004.6410157981277,1017.0290611422126,587711,HINDUNILVR.NS
2017-08-03,1013.4771118164062,1021.8801191617182,1003.1681947106483,1009.6653980442665,597333,HINDUNILVR.NS
2017-08-04,1032.7088623046875,1036.3473598706353,1006.6334389514793,1006.6334389514793,1116836,HINDUNILVR.NS
2017-08-07,1027.6845703125,1033.5753058099504,1014.733412120089,1016.1628183083852,868190,HINDUNILVR.NS
2017-08-08,1031.756103515625,1047.349394752637,1023.0931639395072,1023.6995274103259,1329938,HINDUNILVR.NS
2017-08-09,1026.8614501953125,1035.6543544042065,1019.064805118242,1030.4565910194929,833002,HINDUNILVR.NS
2017-08-10,1014.1703491210938,1025.3455629327834,1010.272026099489,1017.7654903907742,699787,HINDUNILVR.NS
2017-08-11,998.6637573242188,1017.7222251682017,990.6505378898167,1004.944388772804,861457,HINDUNILVR.NS
2017-08-14,1001.1757202148438,1013.4771558434728,993.8122227835277,1000.1362099358076,526828,HINDUNILVR.NS
2017-08-16,1027.7276611328125,1031.4094098997875,997.1041954796067,997.1041954796067,1366648,HINDUNILVR.NS
2017-08-17,1019.8876953125,1026.5581150262503,1009.2322396671575,1026.5581150262503,961319,HINDUNILVR.NS
2017-08-18,1041.45849609375,1045.0103857230527,1013.0873705469365,1013.5638744968484,1407292,HINDUNILVR.NS
2017-08-21,1032.1458740234375,1046.4830810509204,1024.2626203076593,1041.5452478852055,965962,HINDUNILVR.NS
2017-08-22,1039.2060546875,1045.919831853004,1029.2004244255843,1045.0102867830617,916218,HINDUNILVR.NS
2017-08-23,1029.2869873046875,1035.6108685197714,1024.825553138316,1035.30768684315,831796,HINDUNILVR.NS
2017-08-24,1021.9669189453125,1030.6298583472353,1018.1553102074841,1029.157200948417,780599,HINDUNILVR.NS
2017-08-28,1039.2926025390625,1042.0214490878639,1021.1437902004305,1023.3961328721191,630713,HINDUNILVR.NS
2017-08-29,1031.279541015625,1038.2966062730902,1024.8256936971745,1035.3511858346042,1002082,HINDUNILVR.NS
2017-08-30,1043.27783203125,1047.86912645426,1028.5074780860332,1037.3869909522214,666156,HINDUNILVR.NS
2017-08-31,1056.6619873046875,1059.304226006145,1034.6148497911965,1041.1553053041416,1425125,HINDUNILVR.NS
2017-09-01,1053.5430908203125,1058.6108877502195,1045.746447620843,1053.6296990394474,622867,HINDUNILVR.NS
2017-09-04,1037.0838623046875,1052.4172234955015,1034.1384416144178,1052.4172234955015,586791,HINDUNILVR.NS
2017-09-05,1044.0574951171875,1049.515189661742,1032.8823870239817,1036.4341713035392,699191,HINDUNILVR.NS
2017-09-06,1045.096923828125,1049.9481482478348,1039.8125524825705,1041.2852097309383,670064,HINDUNILVR.NS
2017-09-07,1047.1326904296875,1058.3945104715372,1042.7578641908492,1047.3492638920306,781792,HINDUNILVR.NS
2017-09-08,1046.093017578125,1055.448926248467,1041.3716533833451,1048.4319683085243,663219,HINDUNILVR.NS
2017-09-11,1056.7918701171875,1067.2740043674733,1044.750364664913,1044.750364664913,794869,HINDUNILVR.NS
2017-09-12,1082.694091796875,1087.1987774997601,1059.4773744081328,1060.3436682547463,1164498,HINDUNILVR.NS
2017-09-13,1083.6903076171875,1090.6640157840984,1078.7091177118987,1082.8673707149508,848136,HINDUNILVR.NS
2017-09-14,1081.0048828125,1093.3495715823537,1065.6281652219802,1093.3495715823537,1239363,HINDUNILVR.NS
2017-09-15,1079.4022216796875,1088.7582382923097,1070.3927437839716,1076.0236542501978,1333125,HINDUNILVR.NS
2017-09-18,1108.8994140625,1114.0104628515687,1079.4020680572603,1082.867243235614,781532,HINDUNILVR.NS
2017-09-19,1108.249755859375,1115.4399313083813,1103.2685662611814,1115.4399313083813,563558,HINDUNILVR.NS
2017-09-20,1090.967041015625,1110.0255040065633,1087.2852924832846,1108.856028563688,1179496,HINDUNILVR.NS
2017-09-21,1088.671142578125,1093.175932820842,1081.1344304346837,1092.3962474183784,913615,HINDUNILVR.NS
2017-09-22,1073.5113525390625,1084.8165301699469,1069.0932748236796,1084.773173175684,1208698,HINDUNILVR.NS
2017-09-25,1080.3985595703125,1090.664122095563,1072.0388015037802,1074.1179282079672,1271436,HINDUNILVR.NS
2017-09-26,1054.5830078125,1092.4833713210214,1040.462478686023,1092.4833713210214,1751337,HINDUNILVR.NS
2017-09-27,1044.663818359375,1054.7128062880129,1029.1571366490014,1054.2796593449787,2299025,HINDUNILVR.NS
2017-09-28,1041.97802734375,1050.770823147322,1032.751978973583,1044.5769082509105,3007522,HINDUNILVR.NS
2017-09-29,1016.9425048828125,1048.0424793216182,1012.6976433119893,1048.0424793216182,2274339,HINDUNILVR.NS
2017-10-03,1027.7276611328125,1032.492277184192,1014.4300720300777,1019.1946880814572,1970990,HINDUNILVR.NS
2017-10-04,1037.3870849609375,1043.4511430776195,1021.1007151480508,1031.8427821045007,2448425,HINDUNILVR.NS
2017-10-05,1028.8538818359375,1043.4509116292772,1024.9988108675875,1043.3209464058482,2305862,HINDUNILVR.NS
2017-10-06,1045.8768310546875,1049.6018319569846,1032.7524552709203,1033.4887840511244,508700,HINDUNILVR.NS
2017-10-09,1057.09521484375,1059.78070499579,1043.9275888247803,1054.7129064308672,720819,HINDUNILVR.NS
2017-10-10,1047.5225830078125,1065.844720867168,1043.8841907834285,1060.4303837780424,802675,HINDUNILVR.NS
2017-10-11,1055.1893310546875,1057.311708817945,1038.339851188787,1052.5470923505145,1096016,HINDUNILVR.NS
2017-10-12,1075.0706787109375,1078.5358541459445,1053.6299057068313,1056.9218646695929,982442,HINDUNILVR.NS
2017-10-13,1081.654296875,1085.466010319566,1066.5807652866556,1072.4716047690524,840717,HINDUNILVR.NS
2017-10-16,1109.9825439453125,1115.353524443119,1082.8241424598489,1082.8674994593391,1276141,HINDUNILVR.NS
2017-10-17,1110.7188720703125,1116.3497830643332,1101.0596728308135,1113.187788817935,654497,HINDUNILVR.NS
2017-10-18,1094.9521484375,1111.10855105586,1091.5303297825303,1106.2573262954693,697765,HINDUNILVR.NS
2017-10-19,1089.5377197265625,1100.1931762527665,1086.0725443682861,1095.861707054921,67835,HINDUNILVR.NS
2017-10-23,1082.823974609375,1106.777021134167,1072.99156038818,1096.7280334466516,791883,HINDUNILVR.NS
2017-10-24,1100.236572265625,1103.6583907537783,1086.3325133479107,1087.1121989809274,1055569,HINDUNILVR.NS
2017-10-25,1102.3155517578125,1111.8015327322578,1095.9483131988754,1109.7224063715055,1332232,HINDUNILVR.NS
2017-10-26,1103.3984375,1113.1876003316033,1085.8993439810622,1113.1876003316033,2321903,HINDUNILVR.NS
2017-10-27,1091.660400390625,1103.398620589109,1079.4023191954316,1103.398620589109,875032,HINDUNILVR.NS
2017-10-30,1069.1800537109375,1099.7169183879496,1065.5416610702111,1091.5304820719236,1063165,HINDUNILVR.NS
2017-10-31,1071.9952392578125,1082.7806607056834,1065.9311825517627,1075.0706246010975,722440,HINDUNILVR.NS
2017-11-01,1096.88916015625,1101.2488150058377,1079.4505407578995,1080.0608498620873,1243886,HINDUNILVR.NS
2017-11-02,1082.5020751953125,1099.5483647052722,1079.4939565461968,1099.5047255910504,762274,HINDUNILVR.NS
2017-11-03,1080.7581787109375,1085.5537978984405,1074.218698000706,1085.5537978984405,656886,HINDUNILVR.NS
2017-11-06,1081.717529296875,1089.4777361397896,1076.7910980781737,1080.3224610461778,532305,HINDUNILVR.NS
2017-11-07,1076.13720703125,1091.8319651684305,1069.2925699088023,1076.9219662254873,949224,HINDUNILVR.NS
2017-11-08,1077.095947265625,1088.0822518902655,1071.2539481963388,1081.4991330746016,872203,HINDUNILVR.NS
2017-11-09,1092.4423828125,1121.3469170574626,1082.2407261418061,1089.4777960935746,1417669,HINDUNILVR.NS
2017-11-10,1125.3575439453125,1132.8561277754054,1084.9435713728517,1093.9680341512662,1933002,HINDUNILVR.NS
2017-11-13,1115.6356201171875,1146.5891679985161,1106.6983281232826,1129.150549473824,1413270,HINDUNILVR.NS
2017-11-14,1119.4718017578125,1123.9186268606595,1115.4173028793628,1121.3900066455194,1131348,HINDUNILVR.NS
2017-11-15,1102.9925537109375,1120.4311711609128,1097.36864215807,1119.472068488539,1195740,HINDUNILVR.NS
2017-11-16,1113.0196533203125,1122.174926614369,1086.556575133912,1107.3521031858966,911479,HINDUNILVR.NS
2017-11-17,1114.4583740234375,1131.243041934222,1108.485669326973,1117.8152863182213,1134503,HINDUNILVR.NS
2017-11-20,1111.2757568359375,1117.0741176940896,1103.99515625624,1116.0713760298156,707096,HINDUNILVR.NS
2017-11-21,1113.760986328125,1120.4312794347045,1109.0961769968437,1111.7119698671193,828746,HINDUNILVR.NS
2017-11-22,1107.744384765625,1113.4555737838175,1101.8153194956108,1111.7117122743675,646368,HINDUNILVR.NS
2017-11-23,1105.1722412109375,1112.5836526904586,1100.376622018306,1111.711721928162,891839,HINDUNILVR.NS
2017-11-24,1103.82080078125,1107.3521632466664,1092.5293390142308,1106.8290260317192,971523,HINDUNILVR.NS
2017-11-27,1098.8946533203125,1104.6493764834,1090.393326291217,1099.504962429698,763155,HINDUNILVR.NS
2017-11-28,1105.4771728515625,1109.9239975555251,1100.72519372968,1101.2483307942334,975006,HINDUNILVR.NS
2017-11-29,1112.7147216796875,1117.0307373793853,1101.684773690933,1105.4776520992866,819468,HINDUNILVR.NS
2017-11-30,1109.48828125,1112.7144890062996,1096.8889240217923,1109.9678857549616,2308732,HINDUNILVR.NS
2017-12-01,1090.3494873046875,1114.9815328995355,1085.7718505127245,1109.488326174433,470360,HINDUNILVR.NS
2017-12-04,1106.13134765625,1110.8397950766,1082.2404233978427,1095.7118175848677,833814,HINDUNILVR.NS
2017-12-05,1099.504638671875,1110.8397380396264,1094.2730543482976,1110.8397380396264,862459,HINDUNILVR.NS
2017-12-06,1112.2347412109375,1118.0767405612398,1094.7961278133473,1097.1067653758978,1516859,HINDUNILVR.NS
2017-12-07,1126.490966796875,1132.5073106700017,1109.1396288367314,1113.629987356315,1407824,HINDUNILVR.NS
2017-12-08,1156.7470703125,1160.539948179582,1125.9243364021668,1130.3711623993277,1267860,HINDUNILVR.NS
2017-12-11,1154.47998046875,1158.795995212517,1143.6680176158131,1158.795995212517,597953,HINDUNILVR.NS
2017-12-12,1146.2835693359375,1154.43609905017,1141.0519858054986,1150.1636178796105,873443,HINDUNILVR.NS
2017-12-13,1146.6328125,1165.771653845904,1138.9161386171097,1150.425690759542,917877,HINDUNILVR.NS
2017-12-14,1152.34375,1156.9213868033132,1137.2157715659482,1145.7170970578154,834383,HINDUNILVR.NS
2017-12-15,1154.9158935546875,1164.0275271286296,1142.752395982128,1158.185633799431,1420357,HINDUNILVR.NS
2017-12-18,1161.1937255859375,1172.746807518743,1134.3382170843724,1150.948539720997,918171,HINDUNILVR.NS
2017-12-19,1176.8450927734375,1178.850576417538,1156.6163384747515,1162.371061125509,1227087,HINDUNILVR.NS
2017-12-20,1188.13671875,1192.757888877928,1162.719910517307,1173.7933908998618,1198943,HINDUNILVR.NS
2017-12-21,1175.7550048828125,1190.3163126119925,1172.8340580890674,1190.1855017090477,557871,HINDUNILVR.NS
2017-12-22,1182.77392578125,1185.3897177291628,1169.5206224865638,1169.5206224865638,561400,HINDUNILVR.NS
2017-12-26,1175.4498291015625,1180.5070700534711,1168.3872112759975,1177.4553124120787,913529,HINDUNILVR.NS
2017-12-27,1179.242919921875,1189.313764535028,1170.6980608423285,1177.8043190658923,569851,HINDUNILVR.NS
2017-12-28,1181.0303955078125,1205.7060823740885,1176.0604319885103,1184.0821536357396,2608574,HINDUNILVR.NS
2017-12-29,1192.67041015625,1198.817564286848,1177.1064681426242,1184.9538445969083,799006,HINDUNILVR.NS
2018-01-01,1172.3111572265625,1191.9296035170778,1168.431107090525,1191.9296035170778,746852,HINDUNILVR.NS
2018-01-02,1167.1666259765625,1176.9323154545204,1158.4037847101915,1172.7470047586996,695988,HINDUNILVR.NS
2018-01-03,1177.411865234375,1183.0358833809944,1164.0277472555535,1172.485434379963,832810,HINDUNILVR.NS
2018-01-04,1179.0687255859375,1182.4692778622493,1169.6518279649035,1177.1940525995317,640189,HINDUNILVR.NS
2018-01-05,1182.8177490234375,1188.3980208982155,1175.5806809328437,1177.9784905917093,568451,HINDUNILVR.NS
2018-01-08,1193.1497802734375,1195.4167784053661,1175.8855128902237,1175.8855128902237,801796,HINDUNILVR.NS
2018-01-09,1186.95947265625,1199.6896413925228,1182.3381967167543,1198.032951540428,708386,HINDUNILVR.NS
2018-01-10,1190.88330078125,1194.5453680940855,1181.4664042098436,1187.0031443001299,939525,HINDUNILVR.NS
2018-01-11,1202.087646484375,1205.793353086549,1183.2103198000407,1183.2103198000407,629248,HINDUNILVR.NS
2018-01-12,1198.032958984375,1207.1010608928823,1183.2101348921374,1203.9621311960175,872539,HINDUNILVR.NS
2018-01-15,1192.103759765625,1199.4279998502914,1189.3136237509266,1199.4279998502914,1324592,HINDUNILVR.NS
2018-01-16,1205.00830078125,1211.5477814294838,1189.095564537214,1193.934822791651,896453,HINDUNILVR.NS
2018-01-17,1195.5914306640625,1212.8557025052369,1191.2754159221997,1211.111840963173,1409691,HINDUNILVR.NS
2018-01-18,1183.1663818359375,1226.7193864101741,1177.6296428926391,1220.7030429823894,2465412,HINDUNILVR.NS
2018-01-19,1187.962158203125,1197.030260438857,1177.1503006834273,1194.8940724055797,1491194,HINDUNILVR.NS
2018-01-22,1181.55322265625,1190.185357525674,1174.0110011178933,1188.441496195966,1014403,HINDUNILVR.NS
2018-01-23,1193.1064453125,1196.5941683851054,1177.1501761174475,1186.43615364877,1284895,HINDUNILVR.NS
2018-01-24,1190.9703369140625,1196.2890936670453,1164.0712922104535,1192.8013703618935,1819330,HINDUNILVR.NS
2018-01-25,1196.9429931640625,1201.5206298161195,1185.4335492993505,1193.5860809065935,2125894,HINDUNILVR.NS
2018-01-29,1218.3489990234375,1220.7031697045484,1192.103795725294,1194.545244639451,1406390,HINDUNILVR.NS
2018-01-30,1220.9210205078125,1229.422345235505,1212.070902196228,1218.3488673957156,1310365,HINDUNILVR.NS
2018-01-31,1193.9786376953125,1220.703342882218,1188.0931037207017,1220.703342882218,1491912,HINDUNILVR.NS
2018-02-01,1195.63525390625,1207.449960247951,1177.9786530737238,1197.1611329905425,1563429,HINDUNILVR.NS
2018-02-02,1196.46337890625,1201.4334482358229,1178.8504196489619,1178.8504196489619,1699619,HINDUNILVR.NS
2018-02-05,1182.1199951171875,1187.0899573163135,1169.4770005170037,1178.93742691322,1585136,HINDUNILVR.NS
2018-02-06,1155.61328125,1175.7984973566554,1132.6379296005155,1133.5098602622556,1540401,HINDUNILVR.NS
2018-02-07,1144.5399169921875,1159.6678941739267,1139.6571260935639,1152.6924481939332,1561287,HINDUNILVR.NS
2018-02-08,1159.275634765625,1166.2510811478799,1138.0876738047798,1155.918616044673,1146084,HINDUNILVR.NS
2018-02-09,1162.3275146484375,1168.3873917548033,1143.7989832493408,1150.076843078049,810004,HINDUNILVR.NS
2018-02-12,1172.267333984375,1177.0194207571626,1162.4145797014407,1168.3872844577506,1166428,HINDUNILVR.NS
2018-02-14,1176.5836181640625,1179.8968918357498,1161.4119986955284,1176.9324118234192,857401,HINDUNILVR.NS
2018-02-15,1184.212646484375,1189.7057457771027,1167.297170402747,1179.7221823005914,844856,HINDUNILVR.NS
2018-02-16,1178.9375,1189.3134968093884,1175.3626053512137,1189.3134968093884,1091144,HINDUNILVR.NS
2018-02-19,1164.8121337890625,1184.9537097760326,1158.6214476890802,1184.9537097760326,495950,HINDUNILVR.NS
2018-02-20,1161.2373046875,1171.3080400275248,1157.7931146913274,1161.5424591335282,688130,HINDUNILVR.NS
2018-02-21,1160.191162109375,1167.515402501313,1153.5645089688105,1167.515402501313,1406451,HINDUNILVR.NS
2018-02-22,1156.572509765625,1162.9812859774988,1145.063066350778,1159.75507831527,2173259,HINDUNILVR.NS
2018-02-23,1153.6953125,1161.0630855249547,1151.1230526592833,1156.616259527301,896708,HINDUNILVR.NS
2018-02-26,1162.54541015625,1166.9922360710557,1147.6789470330405,1147.6789470330405,1109668,HINDUNILVR.NS
2018-02-27,1173.924072265625,1179.286468251518,1163.2429194108515,1168.3873326854227,1316559,HINDUNILVR.NS
2018-02-28,1148.9869384765625,1167.0795045728544,1143.1014049271662,1166.992332770609,1862621,HINDUNILVR.NS
2018-03-01,1154.6544189453125,1158.7960904499305,1145.935110514538,1150.9487128622334,961945,HINDUNILVR.NS
2018-03-05,1133.2919921875,1151.7768815107174,1128.060407688077,1150.9485898730525,842790,HINDUNILVR.NS
2018-03-06,1127.5806884765625,1140.398133058169,1124.0929658318012,1133.5098595473958,738512,HINDUNILVR.NS
2018-03-07,1128.147705078125,1140.1367542241046,1125.749895248929,1127.4502242626634,917890,HINDUNILVR.NS
2018-03-08,1127.537353515625,1138.349316897597,1119.733508867484,1133.5100583047033,739272,HINDUNILVR.NS
2018-03-09,1134.1640625,1136.125906928695,1121.3902541546781,1129.1504600711128,852176,HINDUNILVR.NS
2018-03-12,1154.610595703125,1157.8803358432413,1128.3219701260728,1137.8695687604709,874857,HINDUNILVR.NS
2018-03-13,1151.4283447265625,1160.9323059921599,1145.4555331602378,1155.2212226965885,1067772,HINDUNILVR.NS
2018-03-14,1148.245849609375,1155.3084687726089,1143.2322468203618,1148.681815069289,760665,HINDUNILVR.NS
2018-03-15,1133.466552734375,1150.9488101911977,1128.4965890833012,1145.6300528860233,536838,HINDUNILVR.NS
2018-03-16,1132.76904296875,1142.8397809389141,1117.0306477470003,1136.1259556254715,3646692,HINDUNILVR.NS
2018-03-19,1141.7060546875,1149.3789808161648,1136.3436597133948,1140.485330447052,1244199,HINDUNILVR.NS
2018-03-20,1145.0631103515625,1151.3846085811826,1138.7416121219421,1138.7416121219421,1249242,HINDUNILVR.NS
2018-03-21,1147.1121826171875,1153.651663864743,1137.8697370746827,1145.0631664469938,1698614,HINDUNILVR.NS
2018-03-22,1143.842529296875,1151.3847528654212,1141.4011866402411,1144.4093056689628,950972,HINDUNILVR.NS
2018-03-23,1134.9488525390625,1145.7171776320188,1119.3849076006145,1124.790836488055,1301609,HINDUNILVR.NS
2018-03-26,1154.697998046875,1159.5807892269518,1131.7661754910696,1136.125829479864,1032138,HINDUNILVR.NS
2018-03-27,1162.1094970703125,1168.3873567107253,1151.9514812264604,1167.5154258475084,1040328,HINDUNILVR.NS
2018-03-28,1162.5888671875,1167.864090903935,1152.8668178456073,1156.2238364488994,1337677,HINDUNILVR.NS
2018-04-02,1178.239990234375,1186.3053491597443,1146.5888634444009,1146.5888634444009,708747,HINDUNILVR.NS
2018-04-03,1175.71142578125,1181.9021127198548,1167.2101011047332,1174.577873249638,979726,HINDUNILVR.NS
2018-04-04,1183.6026611328125,1185.826127696999,1167.9951818074865,1175.3629559820256,912607,HINDUNILVR.NS
2018-04-05,1205.182861328125,1206.5780359337446,1188.180208581702,1203.264655900716,588716,HINDUNILVR.NS
2018-04-06,1198.7305908203125,1204.9648113297872,1187.9621595325887,1204.9648113297872,633937,HINDUNILVR.NS
2018-04-09,1213.378662109375,1217.5639717725758,1192.365154890089,1192.7574811048937,923543,HINDUNILVR.NS
2018-04-10,1213.291748046875,1223.1446089852084,1209.3680593180134,1219.6568856706647,969036,HINDUNILVR.NS
2018-04-11,1228.68115234375,1238.5775443817815,1208.1036093598004,1214.5994504215569,1015714,HINDUNILVR.NS
2018-04-12,1231.8204345703125,1234.6542101232083,1218.1746940820685,1227.6787626083878,510556,HINDUNILVR.NS
2018-04-13,1229.9022216796875,1232.7795299001123,1220.0057204280652,1231.1664789593904,534981,HINDUNILVR.NS
2018-04-16,1237.705810546875,1240.931912036251,1224.9320026272283,1228.4633650559488,325041,HINDUNILVR.NS
2018-04-17,1260.4195556640625,1264.735570361493,1237.9673385411336,1238.5776474998281,1176082,HINDUNILVR.NS
2018-04-18,1264.735595703125,1269.662025894822,1255.580322518097,1264.735595703125,765225,HINDUNILVR.NS
2018-04-19,1267.9617919921875,1279.9073084286235,1262.861017837245,1265.5204494887566,682820,HINDUNILVR.NS
2018-04-20,1279.8201904296875,1283.6130684768054,1256.6267438324824,1257.3243311124265,674146,HINDUNILVR.NS
2018-04-23,1266.6973876953125,1282.6101237651383,1264.2995781505442,1282.6101237651383,395622,HINDUNILVR.NS
2018-04-24,1272.7139892578125,1281.5204702665358,1260.5504890560226,1276.506867474202,1218174,HINDUNILVR.NS
2018-04-25,1272.3212890625,1275.6346684383816,1263.4712772299972,1272.1469454898147,504777,HINDUNILVR.NS
2018-04-26,1300.2667236328125,1306.6753933219377,1272.8880769492494,1275.6346800836914,1321586,HINDUNILVR.NS
2018-04-27,1285.1822509765625,1305.7162621480236,1281.6509953984762,1300.2666951106778,818770,HINDUNILVR.NS
2018-04-30,1315.656494140625,1319.7109939214502,1285.7056904279934,1286.0980167397074,612159,HINDUNILVR.NS
2018-05-02,1283.4383544921875,1320.1030830934,1277.0733242284198,1318.3592216890495,1047583,HINDUNILVR.NS
2018-05-03,1266.2178955078125,1280.8227367575596,1256.9754500938534,1277.9017897949839,1243694,HINDUNILVR.NS
2018-05-04,1276.6810302734375,1282.6102022672296,1262.2506394465538,1268.6593095165324,586841,HINDUNILVR.NS
2018-05-07,1306.0650634765625,1309.639958186905,1277.3785211343647,1283.8308298322443,887065,HINDUNILVR.NS
2018-05-08,1304.4521484375,1312.081543127717,1289.149719941232,1302.6646476781877,906975,HINDUNILVR.NS
2018-05-09,1304.4083251953125,1317.487285675212,1295.9070008833778,1305.193084111477,759263,HINDUNILVR.NS
2018-05-10,1296.1251220703125,1313.8688923968857,1290.457571923352,1302.6646030091133,932116,HINDUNILVR.NS
2018-05-11,1311.4710693359375,1313.1277591109003,1294.9043844600365,1298.3049358008834,591179,HINDUNILVR.NS
2018-05-14,1310.9913330078125,1326.3808233803645,1302.7079920752767,1320.974896083342,1479249,HINDUNILVR.NS
2018-05-15,1321.4110107421875,1344.8659684788922,1317.0513571270699,1334.054006226029,3239290,HINDUNILVR.NS
2018-05-16,1372.5064697265625,1379.7435390946675,1313.6511313468911,1315.7437868877669,2420630,HINDUNILVR.NS
2018-05-17,1368.757080078125,1391.9504192172956,1360.4300979517413,1372.5063188413462,2082393,HINDUNILVR.NS
2018-05-18,1400.146240234375,1405.988132847282,1363.0891886709583,1363.0891886709583,2041908,HINDUNILVR.NS
2018-05-21,1376.4735107421875,1412.0046890877888,1371.5907197906547,1406.4243109559543,1510806,HINDUNILVR.NS
2018-05-22,1372.6807861328125,1385.4544879954003,1358.6426142328326,1365.2257347557888,1137466,HINDUNILVR.NS
2018-05-23,1367.274658203125,1383.1438625325145,1361.0839708466726,1366.3155556161025,891664,HINDUNILVR.NS
2018-05-24,1361.171142578125,1370.3700550387084,1351.536371156973,1369.01851973192,915840,HINDUNILVR.NS
2018-05-25,1373.9447021484375,1387.459627030748,1357.8576244600383,1365.4433784321454,968884,HINDUNILVR.NS
2018-05-28,1380.1357421875,1382.6207238542295,1374.1630370764142,1382.0104148262162,563972,HINDUNILVR.NS
2018-05-29,1371.2855224609375,1393.171070624606,1363.4381452845396,1373.7706103829555,944652,HINDUNILVR.NS
2018-05-30,1382.707763671875,1390.555140068567,1357.5961166277189,1368.4952505120132,1089156,HINDUNILVR.NS
2018-05-31,1405.0731201171875,1410.4791559974954,1377.3893117983014,1390.7298982243617,3315162,HINDUNILVR.NS
2018-06-01,1385.367431640625,1416.364618660473,1378.6099669585014,1406.424584808425,1444570,HINDUNILVR.NS
2018-06-04,1363.0020751953125,1386.3698613449258,1358.468077971946,1386.3698613449258,857157,HINDUNILVR.NS
2018-06-05,1362.653564453125,1371.5472164798355,1348.9206536714612,1363.6998388903132,1531015,HINDUNILVR.NS
2018-06-06,1369.934326171875,1376.778962805985,1357.988808357597,1361.1713775957285,1085135,HINDUNILVR.NS
2018-06-07,1397.7489013671875,1400.9313640699606,1373.2911965304177,1373.2911965304177,1479204,HINDUNILVR.NS
2018-06-08,1391.2528076171875,1396.179238081868,1378.9586042319902,1395.002152751655,760059,HINDUNILVR.NS
2018-06-11,1396.31005859375,1409.9121583142314,1381.4872344185233,1391.601610803657,905198,HINDUNILVR.NS
2018-06-12,1428.6151123046875,1434.326302161601,1386.7188972495696,1399.2747232488762,1707972,HINDUNILVR.NS
2018-06-13,1413.57421875,1434.1082323673072,1412.0919789140319,1433.4542842449328,845842,HINDUNILVR.NS
2018-06-14,1403.459716796875,1433.4541559458883,1393.606963163742,1410.609612823684,1348038,HINDUNILVR.NS
2018-06-15,1413.6614990234375,1420.2881520523592,1386.3700214355251,1386.3700214355251,2101892,HINDUNILVR.NS
2018-06-18,1402.5445556640625,1429.0948102038349,1398.141261843715,1421.2037926246007,846403,HINDUNILVR.NS
2018-06-19,1395.9613037109375,1405.552543149301,1386.1084424404148,1398.228302654449,1118708,HINDUNILVR.NS
2018-06-20,1397.1820068359375,1410.4353131006412,1392.4735589871789,1392.4735589871789,1535703,HINDUNILVR.NS
2018-06-21,1399.861328125,1414.839962364238,1395.0734928496802,1400.3445513868958,1185462,HINDUNILVR.NS
2018-06-22,1412.7320556640625,1415.0161604522984,1388.9244536497552,1398.5880646492158,1098709,HINDUNILVR.NS
2018-06-25,1418.925048828125,1431.0923874576583,1412.1165982432283,1419.6717606700895,1082199,HINDUNILVR.NS
2018-06-26,1424.7230224609375,1432.6735776758753,1418.1342000971595,1418.7930823335373,759142,HINDUNILVR.NS
2018-06-27,1413.78564453125,1455.3830556548317,1404.1658993708347,1431.0922420082368,2251405,HINDUNILVR.NS
2018-06-28,1408.0316162109375,1423.6251655403676,1402.1016749166472,1414.400812415916,1177218,HINDUNILVR.NS
2018-06-29,1441.7664794921875,1445.1487210082546,1410.4036131178116,1410.4036131178116,1722592,HINDUNILVR.NS
2018-07-02,1443.7869873046875,1447.5646226007273,1427.622491663892,1441.5468515044554,1099574,HINDUNILVR.NS
2018-07-03,1443.8306884765625,1459.2924377113754,1436.3633560445269,1445.1484530233924,1381265,HINDUNILVR.NS
2018-07-04,1472.38232421875,1478.0048080026604,1440.4485166182026,1442.512993059181,1244751,HINDUNILVR.NS
2018-07-05,1482.924560546875,1486.7460567756464,1465.7057897041582,1475.0179722501202,1449303,HINDUNILVR.NS
2018-07-06,1474.4029541015625,1491.4020962904817,1469.2197251363727,1483.8029655164287,1458899,HINDUNILVR.NS
2018-07-09,1486.3507080078125,1489.9525766330485,1470.6253616059687,1477.653439797634,773248,HINDUNILVR.NS
2018-07-10,1482.046142578125,1492.4564630326502,1474.2273833299257,1487.5368292355722,1093651,HINDUNILVR.NS
2018-07-11,1509.41162109375,1511.915352553821,1475.0619096626876,1480.2890000309058,1158397,HINDUNILVR.NS
2018-07-12,1530.6715087890625,1536.8650456949608,1509.4994443308292,1511.0368364609494,1471465,HINDUNILVR.NS
2018-07-13,1530.9349365234375,1537.4359296935515,1514.5507093163117,1530.363883775531,976456,HINDUNILVR.NS
2018-07-16,1538.4903564453125,1562.8690044917691,1531.9893621849299,1537.2165600740084,2218046,HINDUNILVR.NS
2018-07-17,1477.389892578125,1563.7474490955094,1474.3151082681056,1552.326821658295,6188478,HINDUNILVR.NS
2018-07-18,1444.05029296875,1493.2028668889527,1429.3352557628327,1487.3168949025664,2372869,HINDUNILVR.NS
2018-07-19,1447.3009033203125,1467.1113418806142,1443.9626304791734,1451.2103362100206,1457149,HINDUNILVR.NS
2018-07-20,1454.680419921875,1468.385151250625,1430.916794354899,1454.72438830753,1734748,HINDUNILVR.NS
2018-07-23,1484.3743896484375,1496.0585078849006,1458.8097710143863,1466.1891689574215,1382893,HINDUNILVR.NS
2018-07-24,1465.2664794921875,1501.9881238515177,1460.4785368603382,1493.466621904869,1084438,HINDUNILVR.NS
2018-07-25,1452.1326904296875,1475.4131994790419,1439.2186396265968,1467.989834772497,1526620,HINDUNILVR.NS
2018-07-26,1467.0672607421875,1475.588869351133,1445.1924545549969,1453.9335833534963,2088548,HINDUNILVR.NS
2018-07-27,1457.44775390625,1471.3282516013435,1442.029864065686,1467.1113616777805,1030665,HINDUNILVR.NS
2018-07-30,1483.53955078125,1486.4386762017461,1450.419772109387,1463.8170474120327,1237254,HINDUNILVR.NS
2018-07-31,1521.2713623046875,1526.3666542838566,1477.3897379019313,1484.6814113982716,1877744,HINDUNILVR.NS
2018-08-01,1523.599365234375,1531.2423564757091,1509.8066990564012,1522.413291386625,1191134,HINDUNILVR.NS
2018-08-02,1536.0743408203125,1545.9575757841262,1527.7284979619808,1530.5836547293047,1127209,HINDUNILVR.NS
2018-08-03,1548.812744140625,1552.6342402405687,1534.6687581123479,1540.906156110412,758933,HINDUNILVR.NS
2018-08-06,1520.08544921875,1546.1771456557067,1506.6881756555401,1546.1771456557067,1629015,HINDUNILVR.NS
2018-08-07,1519.8658447265625,1530.3639934041603,1514.550817812154,1520.524727042896,863577,HINDUNILVR.NS
2018-08-08,1543.67333984375,1548.8126001375656,1512.222649707312,1518.0647606566724,1423256,HINDUNILVR.NS
2018-08-09,1541.081787109375,1550.5697354688516,1527.0256308671644,1547.4949512908681,939345,HINDUNILVR.NS
2018-08-10,1539.76416015625,1549.3399389005695,1529.9248928028032,1537.3922264742496,730724,HINDUNILVR.NS
2018-08-13,1518.811767578125,1543.102586936044,1516.088408428624,1527.728664208244,691024,HINDUNILVR.NS
2018-08-14,1532.3408203125,1545.562436575669,1518.9435449736634,1518.9435449736634,850399,HINDUNILVR.NS
2018-08-16,1526.322998046875,1539.1052517122832,1520.3490883148838,1529.4856119826477,638454,HINDUNILVR.NS
2018-08-17,1567.92041015625,1571.3026515344793,1521.3593894316211,1529.573434847312,1420289,HINDUNILVR.NS
2018-08-20,1561.112060546875,1588.916919764318,1557.7736800987866,1572.5326890145786,924623,HINDUNILVR.NS
2018-08-21,1539.5885009765625,1561.111992145707,1537.3922263674663,1561.111992145707,1169476,HINDUNILVR.NS
2018-08-23,1557.4222412109375,1566.8222533250869,1543.9809981602693,1550.5258533788165,1375102,HINDUNILVR.NS
2018-08-24,1564.5819091796875,1571.653955621088,1548.1538196161332,1557.8174269452734,866648,HINDUNILVR.NS
2018-08-27,1574.5531005859375,1579.5605633691541,1562.605281945347,1573.4109949911876,627163,HINDUNILVR.NS
2018-08-28,1556.0164794921875,1573.3670476477694,1553.0734931770814,1571.6539964726971,991764,HINDUNILVR.NS
2018-08-29,1542.53125,1563.220196528183,1538.4901267894718,1559.3547323633477,777922,HINDUNILVR.NS
2018-08-30,1557.4659423828125,1563.571649307165,1541.7845652610547,1541.7845652610547,1586926,HINDUNILVR.NS
2018-08-31,1563.83544921875,1572.4887502728989,1550.5699711964528,1561.1120899807913,1335542,HINDUNILVR.NS
2018-09-03,1492.67578125,1573.850097424195,1489.8206247796518,1573.850097424195,1744229,HINDUNILVR.NS
2018-09-04,1450.595458984375,1491.6657955353119,1426.568235412731,1490.8312540521918,3852609,HINDUNILVR.NS
2018-09-05,1415.8939208984375,1447.3885767729332,1402.101362670402,1443.3913150798687,2693195,HINDUNILVR.NS
2018-09-06,1413.1708984375,1437.681344269931,1404.4297684795401,1426.2167480328353,2008264,HINDUNILVR.NS
2018-09-07,1439.657958984375,1444.8850494863786,1406.4942134761156,1416.069991905302,1571003,HINDUNILVR.NS
2018-09-10,1414.664306640625,1441.1074289166058,1409.12965226753,1434.3428394339385,1423511,HINDUNILVR.NS
2018-09-11,1397.4014892578125,1426.6997665879674,1384.5752689618475,1417.036159794576,2381214,HINDUNILVR.NS
2018-09-12,1429.2034912109375,1438.0325566364838,1394.6341557894389,1405.5715587136642,1789295,HINDUNILVR.NS
2018-09-14,1431.356201171875,1448.66280304237,1416.5971921806074,1438.911364748843,1920969,HINDUNILVR.NS
2018-09-17,1410.4034423828125,1428.4568607327062,1401.2230583448134,1423.1858022060173,904395,HINDUNILVR.NS
2018-09-18,1462.6748046875,1467.9458633292015,1421.4288137121707,1424.9428528066385,2932792,HINDUNILVR.NS
2018-09-19,1446.9932861328125,1474.5785117930773,1438.252157630318,1467.98968913091,1589108,HINDUNILVR.NS
2018-09-21,1424.327880859375,1455.602806078562,1411.1502347917435,1450.4195771773018,3032792,HINDUNILVR.NS
2018-09-24,1397.225830078125,1440.3167774787348,1374.0771189329096,1424.9868247864283,1817390,HINDUNILVR.NS
2018-09-25,1432.7177734375,1440.7561600467307,1385.4540076531212,1405.6157658992495,1229970,HINDUNILVR.NS
2018-09-26,1415.059814453125,1448.662817962566,1403.8588132833113,1444.6216938904718,980726,HINDUNILVR.NS
2018-09-27,1423.2738037109375,1427.5785234758748,1408.426965618794,1414.4008755668667,1572603,HINDUNILVR.NS
2018-09-28,1412.9951171875,1429.5989730731176,1405.6595821511444,1423.2736384671884,1735076,HINDUNILVR.NS
2018-10-01,1442.776611328125,1451.6495383920765,1407.021200010278,1411.3259192511932,1721675,HINDUNILVR.NS
2018-10-03,1422.1754150390625,1442.5569045468858,1411.457639529916,1442.512936165637,1213562,HINDUNILVR.NS
2018-10-04,1382.7305908203125,1408.075686798586,1372.3202701293972,1405.6158162242034,1544573,HINDUNILVR.NS
2018-10-05,1369.20166015625,1383.5213073141986,1342.8902240648404,1370.036201672948,1638027,HINDUNILVR.NS
2018-10-08,1369.9041748046875,1379.611750562821,1350.3573326161975,1362.5686397459879,1998863,HINDUNILVR.NS
2018-10-09,1328.701904296875,1379.2601785796437,1311.1756793185466,1373.1106109044479,1562134,HINDUNILVR.NS
2018-10-10,1342.0556640625,1355.7164286012128,1309.4629683691358,1328.7462176902027,2294071,HINDUNILVR.NS
2018-10-11,1340.69384765625,1352.9051559010131,1297.7346949591913,1308.9796638263049,1823960,HINDUNILVR.NS
2018-10-12,1378.90869140625,1385.848938919191,1352.9926573662397,1366.5217270927426,1728063,HINDUNILVR.NS
2018-10-15,1340.8695068359375,1399.4220973013207,1317.7646569546805,1361.4265496924606,3913322,HINDUNILVR.NS
2018-10-16,1358.351806640625,1368.3229786389359,1341.04520651768,1349.1274537625145,1374834,HINDUNILVR.NS
2018-10-17,1372.232177734375,1386.1126741567357,1358.21999064645,1368.8059683906322,1223188,HINDUNILVR.NS
2018-10-19,1386.639892578125,1393.0969181732175,1355.584592533182,1362.7443616257194,932433,HINDUNILVR.NS
2018-10-22,1392.3504638671875,1396.8308432371207,1376.2736886245018,1395.0738233085206,614209,HINDUNILVR.NS
2018-10-23,1363.4912109375,1389.80253718738,1359.4939483549117,1384.1361917364277,989355,HINDUNILVR.NS
2018-10-24,1393.2724609375,1397.7089779621497,1363.7985238920148,1372.2321958371324,690618,HINDUNILVR.NS
2018-10-25,1388.5015869140625,1406.3487208813515,1371.802968940547,1390.6661766403313,2397242,HINDUNILVR.NS
2018-10-26,1376.7506103515625,1395.5254863149642,1369.417321540352,1384.5697724176853,1049382,HINDUNILVR.NS
2018-10-29,1372.02392578125,1377.8109410961763,1344.7230228661927,1377.8109410961763,1478828,HINDUNILVR.NS
2018-10-30,1407.497314453125,1416.8184237241246,1362.7909340009678,1372.9073439345575,1366068,HINDUNILVR.NS
2018-10-31,1432.8104248046875,1434.8425725741413,1380.01988064748,1407.4533362750044,1478902,HINDUNILVR.NS
2018-11-01,1420.3966064453125,1435.2839561653955,1399.1037112144884,1435.2839561653955,1037308,HINDUNILVR.NS
2018-11-02,1447.609130859375,1456.2234855522258,1420.9267625412917,1423.0913521181837,1332970,HINDUNILVR.NS
2018-11-05,1449.0230712890625,1455.1635177952987,1422.4731412570923,1444.5612335126373,764645,HINDUNILVR.NS
2018-11-06,1441.866455078125,1461.3481957499378,1431.3967208325441,1457.8141009597323,656676,HINDUNILVR.NS
2018-11-07,1452.3802490234375,1455.119150614421,1444.0309941400199,1448.9787047321192,114827,HINDUNILVR.NS
2018-11-09,1477.7816162109375,1484.319712706355,1447.4768201210534,1457.8140035508843,1125863,HINDUNILVR.NS
2018-11-12,1461.6131591796875,1486.0425008485622,1457.1071024623725,1477.251484021651,805817,HINDUNILVR.NS
2018-11-13,1476.4564208984375,1483.0828485918826,1445.9307420351745,1452.6012812020347,673435,HINDUNILVR.NS
2018-11-14,1515.684814453125,1536.8893819534892,1473.761660598416,1477.2515358587145,1780843,HINDUNILVR.NS
2018-11-15,1507.33544921875,1527.0821796930393,1499.0303059830221,1517.672631980539,997169,HINDUNILVR.NS
2018-11-16,1492.35986328125,1517.89371983609,1487.2354905215334,1506.3195809118172,1071547,HINDUNILVR.NS
2018-11-19,1503.22705078125,1508.1747612924185,1481.669053712587,1496.0705313050955,910054,HINDUNILVR.NS
2018-11-20,1496.6890869140625,1510.737134742985,1488.7815932615483,1502.8737525624679,740827,HINDUNILVR.NS
2018-11-21,1493.11083984375,1507.29143842815,1483.1711981776791,1493.1992784957267,932133,HINDUNILVR.NS
2018-11-22,1479.9903564453125,1505.2591097607394,1469.2997424870935,1495.7171196199497,808599,HINDUNILVR.NS
2018-11-26,1540.8653564453125,1546.166498726661,1482.641122151431,1482.641122151431,2314140,HINDUNILVR.NS
2018-11-27,1531.4114990234375,1538.656349402649,1510.1627133026002,1536.3592096130456,1592918,HINDUNILVR.NS
2018-11-28,1530.439697265625,1544.3994147502829,1516.7892993550047,1529.3795119752515,1205956,HINDUNILVR.NS
2018-11-29,1562.511474609375,1572.6719959314037,1535.1222432195584,1542.5438629730056,1936534,HINDUNILVR.NS
2018-11-30,1549.7005615234375,1588.8407043652055,1539.319158103882,1564.6762450176504,2373749,HINDUNILVR.NS
2018-12-03,1612.9608154296875,1624.1816309241449,1544.4436184683725,1563.3951583433716,4310053,HINDUNILVR.NS
2018-12-04,1597.1014404296875,1633.590900017377,1591.2259869806524,1621.2657890669057,3155914,HINDUNILVR.NS
2018-12-05,1632.840087890625,1638.7597612449729,1579.7403364083743,1592.9931915795855,2847336,HINDUNILVR.NS
2018-12-06,1591.6678466796875,1631.8681725325466,1588.2663022163856,1625.6835070167222,2399579,HINDUNILVR.NS
2018-12-07,1611.8123779296875,1619.2781102802833,1583.3628492157352,1591.4913322134435,1774240,HINDUNILVR.NS
2018-12-10,1586.6318359375,1603.5954471132663,1581.5073555552324,1587.5153595998213,1216028,HINDUNILVR.NS
2018-12-11,1585.83642578125,1607.9245143127957,1563.924998817159,1573.5554269873116,2237806,HINDUNILVR.NS
2018-12-12,1624.8880615234375,1630.1450911057148,1586.7640005938424,1586.8082199100259,1449484,HINDUNILVR.NS
2018-12-13,1639.4222412109375,1649.9360856544774,1623.0770547895004,1632.7515949630101,1586900,HINDUNILVR.NS
2018-12-14,1643.839599609375,1648.52220918766,1619.2776045351065,1623.0325792011954,1573884,HINDUNILVR.NS
2018-12-17,1635.136962890625,1651.7472484874613,1630.1451412000597,1647.7713925804308,1179613,HINDUNILVR.NS
2018-12-18,1626.3463134765625,1633.54705347958,1619.499004537574,1633.54705347958,1521255,HINDUNILVR.NS
2018-12-19,1629.924560546875,1641.587030214916,1627.4506510526778,1634.4746213081094,1687085,HINDUNILVR.NS
2018-12-20,1620.6031494140625,1638.8479331681347,1608.8964618143698,1624.7998864781032,1500656,HINDUNILVR.NS
2018-12-21,1593.4349365234375,1627.9806903997037,1590.3426036829428,1619.4988847504635,1439522,HINDUNILVR.NS
2018-12-24,1576.7806396484375,1602.7120394438987,1570.5076427623628,1602.7120394438987,1023418,HINDUNILVR.NS
2018-12-26,1582.9208984375,1589.1497831088084,1538.435505673006,1555.0015735732895,2212019,HINDUNILVR.NS
2018-12-27,1603.507080078125,1610.6636000107885,1584.290440856932,1592.7280269302057,1516851,HINDUNILVR.NS
2018-12-28,1609.824462890625,1621.1777213036385,1604.2140008973606,1606.1578178236314,963189,HINDUNILVR.NS
2018-12-31,1607.7039794921875,1622.9447638595936,1600.2823585776557,1616.8484285422276,757071,HINDUNILVR.NS
2019-01-01,1591.3143310546875,1612.2539050420057,1588.8846411597794,1612.2539050420057,807345,HINDUNILVR.NS
2019-01-02,1576.736572265625,1598.1620246922323,1564.9857702851352,1583.6281011354067,1598707,HINDUNILVR.NS
2019-01-03,1580.09375,1593.3907164970612,1574.96926958292,1574.96926958292,1182624,HINDUNILVR.NS
2019-01-04,1574.1739501953125,1592.1095223616073,1565.7363645521552,1589.3706207803311,1454134,HINDUNILVR.NS
2019-01-07,1577.0455322265625,1593.8767012872795,1574.836723050721,1582.8326554080718,909032,HINDUNILVR.NS
2019-01-08,1564.587890625,1584.599723591752,1555.973534725909,1583.274438068815,1262707,HINDUNILVR.NS
2019-01-09,1577.0897216796875,1587.6920055229123,1566.8408688683053,1570.463294277672,1324628,HINDUNILVR.NS
2019-01-10,1578.1497802734375,1589.547256060635,1571.7884536188155,1577.0895951150003,1313981,HINDUNILVR.NS
2019-01-11,1563.30712890625,1586.2787491112529,1553.7209166603382,1585.9253179992309,1113837,HINDUNILVR.NS
2019-01-14,1558.4473876953125,1573.3347396263594,1555.0899546847465,1564.7203840394677,1018068,HINDUNILVR.NS
2019-01-15,1581.374755859375,1584.5113079030887,1561.5396934028936,1561.5396934028936,1614600,HINDUNILVR.NS
2019-01-16,1566.08984375,1585.7482443951467,1561.0095829091194,1581.50728785674,2054033,HINDUNILVR.NS
2019-01-17,1547.4915771484375,1572.0093569177034,1539.5398647908378,1569.9330980391749,1941204,HINDUNILVR.NS
2019-01-18,1540.95361328125,1562.8208241421974,1526.1104803171465,1546.1664245114334,3234056,HINDUNILVR.NS
2019-01-21,1543.4273681640625,1553.2344583614738,1533.8411588623226,1545.2827461173024,1628067,HINDUNILVR.NS
2019-01-22,1546.343017578125,1550.5839741525067,1538.4355242125655,1542.6322614645453,1776472,HINDUNILVR.NS
2019-01-23,1561.3629150390625,1576.2503744789572,1545.636259143882,1547.9333990103682,2321782,HINDUNILVR.NS
2019-01-24,1554.5596923828125,1576.2502387620298,1552.0857832922147,1561.0094574641591,1350870,HINDUNILVR.NS
2019-01-25,1552.1744384765625,1571.5677400406873,1546.1664343337752,1556.768718454921,1131790,HINDUNILVR.NS
2019-01-28,1539.981689453125,1565.206332269135,1537.4636686741621,1554.029736762083,1289774,HINDUNILVR.NS
2019-01-29,1552.0860595703125,1558.403275672727,1525.0502555911282,1541.7488752950999,1319822,HINDUNILVR.NS
2019-01-30,1531.45556640625,1555.6641339198004,1526.8170676397704,1555.0014912388747,1259978,HINDUNILVR.NS
2019-01-31,1557.873046875,1568.1661187763773,1533.1343851353147,1533.70869706753,1880257,HINDUNILVR.NS
2019-02-01,1589.7242431640625,1619.057186985282,1556.2827846983346,1557.8731705057564,2342251,HINDUNILVR.NS
2019-02-04,1592.639892578125,1610.6637986756732,1585.6600333722092,1590.2544215903406,1116390,HINDUNILVR.NS
2019-02-05,1609.2939453125,1621.2215133731765,1594.7158065716728,1594.7600258904743,1278708,HINDUNILVR.NS
2019-02-06,1616.80419921875,1622.5471034376287,1608.0131812860427,1615.4348021546894,859789,HINDUNILVR.NS
2019-02-07,1624.843994140625,1630.1009160135297,1615.390227640082,1620.3821571646686,927434,HINDUNILVR.NS
2019-02-08,1605.6275634765625,1631.8681725967908,1600.0613213712984,1624.888314229684,1222765,HINDUNILVR.NS
2019-02-11,1594.5833740234375,1603.9487022465642,1586.5874426155242,1600.1053963073564,797453,HINDUNILVR.NS
2019-02-12,1585.483154296875,1600.9448178244288,1580.6237743310724,1599.177770564137,990035,HINDUNILVR.NS
2019-02-14,1577.1337890625,1589.0171379178055,1570.0213811954075,1586.8083289965964,1341658,HINDUNILVR.NS
2019-02-15,1566.3109130859375,1581.5074781147243,1543.9577195561344,1581.5074781147243,1177218,HINDUNILVR.NS
2019-02-18,1547.8450927734375,1568.3427981638924,1532.9135216263871,1568.3427981638924,1513430,HINDUNILVR.NS
2019-02-19,1535.52001953125,1554.6483298078017,1528.893591573,1546.1665235916453,1598381,HINDUNILVR.NS
2019-02-20,1531.58837890625,1542.5882061533189,1521.4278560580112,1539.7167540440341,1430235,HINDUNILVR.NS
2019-02-21,1550.31884765625,1553.2345187332403,1534.1062108542078,1534.680522775676,1225418,HINDUNILVR.NS
2019-02-22,1562.5557861328125,1566.4874232138377,1547.8892073383188,1555.001615824227,1360163,HINDUNILVR.NS
2019-02-25,1563.969482421875,1568.961412843963,1554.1181717016864,1565.6039796790153,1490746,HINDUNILVR.NS
2019-02-26,1565.824951171875,1577.885071816053,1556.7688328197735,1558.0057876285132,2190515,HINDUNILVR.NS
2019-02-27,1534.23876953125,1571.788523464494,1527.2147998774803,1571.788523464494,1491740,HINDUNILVR.NS
2019-02-28,1530.837158203125,1552.0417242027124,1526.3753209665786,1545.282747219944,1895136,HINDUNILVR.NS
2019-03-01,1532.604248046875,1545.28279025011,1529.4235846287675,1532.913459739246,761115,HINDUNILVR.NS
2019-03-05,1523.7249755859375,1537.154600749876,1517.4519787869738,1537.154600749876,1406843,HINDUNILVR.NS
2019-03-06,1501.8135986328125,1528.495970703126,1500.1789935386014,1525.0502067710229,2193045,HINDUNILVR.NS
2019-03-07,1506.76123046875,1519.6606539844963,1501.8135196773414,1507.600534782183,1566441,HINDUNILVR.NS
2019-03-08,1503.40380859375,1517.8936179019818,1497.660904917171,1507.2913341913743,1419614,HINDUNILVR.NS
2019-03-11,1515.19873046875,1524.9617092335538,1504.6406667582517,1509.7209273770773,1427771,HINDUNILVR.NS
2019-03-12,1532.737060546875,1536.4478171945755,1518.6006804001738,1518.6890112056865,1861116,HINDUNILVR.NS
2019-03-13,1544.0458984375,1551.025756794387,1538.3029947524167,1545.282853109304,1744331,HINDUNILVR.NS
2019-03-14,1534.9456787109375,1547.6683329762775,1528.6725745207673,1546.8290286504418,867427,HINDUNILVR.NS
2019-03-15,1500.57666015625,1543.0741281736825,1497.0866768614258,1541.7488426356003,3571762,HINDUNILVR.NS
2019-03-18,1499.8255615234375,1511.6646917281394,1490.4160134172791,1510.8253874314792,1621113,HINDUNILVR.NS
2019-03-19,1501.680908203125,1510.2952633025095,1491.5644982726465,1499.8696416824534,1456211,HINDUNILVR.NS
2019-03-20,1490.990234375,1516.5681984258279,1487.3677014790437,1506.4076774343353,2312268,HINDUNILVR.NS
2019-03-22,1482.5970458984375,1505.391893538555,1478.7536313715407,1490.99052137664,1636228,HINDUNILVR.NS
2019-03-25,1478.88623046875,1490.946351415045,1466.6494479105033,1479.0187806037245,2039945,HINDUNILVR.NS
2019-03-26,1487.6771240234375,1494.5244321222856,1479.018549351189,1484.231360312971,1452899,HINDUNILVR.NS
2019-03-27,1485.026611328125,1508.8817501555034,1479.9021309577363,1487.8538439001957,1520533,HINDUNILVR.NS
2019-03-28,1487.765380859375,1494.9219003010544,1478.4883832511237,1488.7372352288871,1852958,HINDUNILVR.NS
2019-04-01,1493.155029296875,1520.8534752817725,1489.6209345529771,1510.8255030163648,1283162,HINDUNILVR.NS
2019-04-02,1490.6368408203125,1499.3395265786098,1484.4079563934904,1495.9379823403312,1227869,HINDUNILVR.NS
2019-04-03,1476.1912841796875,1490.1508924445538,1474.2916868562145,1486.0867054269852,1233102,HINDUNILVR.NS
2019-04-04,1472.4365234375,1490.15110960982,1464.8823523638152,1473.71758971221,1212398,HINDUNILVR.NS
2019-04-05,1465.85400390625,1476.8097182714855,1457.813960603022,1475.4844328527556,1468074,HINDUNILVR.NS
2019-04-08,1470.978759765625,1484.099066300331,1463.9105695406495,1470.978759765625,1647502,HINDUNILVR.NS
2019-04-09,1484.7615966796875,1487.765598868187,1468.6372889501997,1474.4244123993974,1232434,HINDUNILVR.NS
2019-04-10,1496.8216552734375,1506.0986538590894,1479.9021553301561,1488.4722918351442,1720236,HINDUNILVR.NS
2019-04-11,1511.178955078125,1516.5684280671217,1500.2674589749893,1504.6408581405817,2026954,HINDUNILVR.NS
2019-04-12,1521.1185302734375,1523.8132127242825,1511.0021196587966,1516.480031060072,1437818,HINDUNILVR.NS
2019-04-15,1521.471923828125,1529.5560788335258,1513.5643225574995,1524.0782754191987,1035378,HINDUNILVR.NS
2019-04-16,1536.0501708984375,1539.098284520891,1516.259218459339,1524.9619053289653,1625738,HINDUNILVR.NS
2019-04-18,1537.2427978515625,1540.9535539867993,1527.83324954549,1536.0500625118082,1475552,HINDUNILVR.NS
2019-04-22,1537.198486328125,1541.7486543569423,1528.5841313825777,1537.331036436149,717781,HINDUNILVR.NS
2019-04-23,1541.041748046875,1544.3991807109585,1531.234658115048,1539.0980393584036,802947,HINDUNILVR.NS
2019-04-24,1548.4637451171875,1550.584223745706,1532.9137482614244,1541.395554923475,1169461,HINDUNILVR.NS
2019-04-25,1532.20654296875,1557.298634107545,1526.0218779342863,1551.467400074022,1704890,HINDUNILVR.NS
2019-04-26,1543.8248291015625,1546.8730500120425,1525.0941732786462,1535.5639056101347,772993,HINDUNILVR.NS
2019-04-30,1552.969482421875,1556.768677272253,1541.7045558411592,1546.1663934315793,1171594,HINDUNILVR.NS
2019-05-02,1522.7972412109375,1557.210444488765,1519.8815700038572,1551.90930255008,793819,HINDUNILVR.NS
2019-05-03,1496.29150390625,1525.8453265282556,1486.086762721787,1519.6606610472493,1442888,HINDUNILVR.NS
2019-05-06,1474.5126953125,1490.5044523955412,1463.1152182377098,1490.5044523955412,2373878,HINDUNILVR.NS
2019-05-07,1499.78125,1511.6204873288677,1477.69316089838,1483.259402492787,2212617,HINDUNILVR.NS
2019-05-08,1492.0064697265625,1499.7815216393435,1479.902237847364,1499.7815216393435,1243338,HINDUNILVR.NS
2019-05-09,1505.3035888671875,1513.4761835536272,1481.6693285577542,1484.4082306119947,1204995,HINDUNILVR.NS
2019-05-10,1490.90185546875,1509.9418321868632,1482.994362390667,1509.8976128660686,1000696,HINDUNILVR.NS
2019-05-13,1503.7569580078125,1517.0098101641681,1492.0060526217158,1494.9217232369087,1160287,HINDUNILVR.NS
2019-05-14,1500.6650390625,1510.8255618468502,1484.4965118387709,1501.9903246430674,1442817,HINDUNILVR.NS
2019-05-15,1476.412109375,1504.640644383378,1472.78957644515,1501.9900736651452,1235429,HINDUNILVR.NS
2019-05-16,1491.564453125,1501.9900744294864,1477.428075953899,1479.6368848868835,714690,HINDUNILVR.NS
2019-05-17,1534.50390625,1539.2748476404288,1488.9139999911747,1493.2432874121262,1502484,HINDUNILVR.NS
2019-05-20,1566.045654296875,1569.7122989788882,1532.780967629561,1555.0016087799718,1279236,HINDUNILVR.NS
2019-05-21,1577.310791015625,1588.0897377363992,1566.3992941605745,1566.3992941605745,1337466,HINDUNILVR.NS
2019-05-22,1562.3350830078125,1577.0898864234593,1543.82519582009,1577.0898864234593,1162653,HINDUNILVR.NS
2019-05-23,1549.5679931640625,1594.6719204182148,1541.7488301232381,1577.9290818784484,1551172,HINDUNILVR.NS
2019-05-24,1545.8131103515625,1554.8251171898908,1525.9338262476276,1549.700636368958,1603085,HINDUNILVR.NS
2019-05-27,1565.5596923828125,1569.0937869916302,1533.7970602268672,1545.2828677055245,1373845,HINDUNILVR.NS
2019-05-28,1569.9332275390625,1577.973271348994,1550.1422758016854,1568.2545109991402,2863139,HINDUNILVR.NS
2019-05-29,1573.423095703125,1580.9330468482663,1564.1903165537258,1568.2545038383414,899619,HINDUNILVR.NS
2019-05-30,1576.427001953125,1583.274309934146,1573.5555502191485,1579.7402154923288,1038433,HINDUNILVR.NS
2019-05-31,1580.181884765625,1592.683764691872,1558.5355575770548,1578.5914992191354,1329926,HINDUNILVR.NS
2019-06-03,1625.418212890625,1630.1009307919635,1583.2741831865576,1585.0412302660068,1415582,HINDUNILVR.NS
2019-06-04,1604.1256103515625,1630.5429905882281,1596.6156588912536,1617.7318969206424,842283,HINDUNILVR.NS
2019-06-06,1623.69580078125,1634.4306361073295,1601.033394615531,1609.912851603627,1626007,HINDUNILVR.NS
2019-06-07,1617.510986328125,1629.8803179182348,1603.5954882892513,1619.4989146193925,698970,HINDUNILVR.NS
2019-06-10,1636.7275390625,1647.7273652125627,1621.2658754006409,1625.506832002982,814577,HINDUNILVR.NS
2019-06-11,1625.5069580078125,1640.5268610150629,1618.7037607580255,1639.0248060031288,591026,HINDUNILVR.NS
2019-06-12,1631.95654296875,1637.3902350886165,1609.8243398321374,1623.9164991732778,709916,HINDUNILVR.NS
2019-06-13,1630.5428466796875,1633.3700791332367,1610.7077844788698,1631.9123514365033,697830,HINDUNILVR.NS
2019-06-14,1610.619384765625,1637.390194337523,1604.7881502817286,1628.3340769804693,632971,HINDUNILVR.NS
2019-06-17,1606.290283203125,1618.5270647046198,1594.4068248950205,1618.5270647046198,669276,HINDUNILVR.NS
2019-06-18,1598.8243408203125,1606.3785110049039,1584.157870118562,1599.619533658481,995083,HINDUNILVR.NS
2019-06-19,1600.6796875,1612.3863753793348,1592.109551589515,1605.1857442106298,600455,HINDUNILVR.NS
2019-06-20,1606.330810546875,1610.2463245254216,1594.2724961909032,1600.946815879115,603514,HINDUNILVR.NS
2019-06-21,1572.1580810546875,1612.5154408077667,1566.5071794646894,1610.735622440429,2512357,HINDUNILVR.NS
2019-06-24,1570.2005615234375,1581.90289159253,1563.3037638309188,1574.249692653587,762144,HINDUNILVR.NS
2019-06-25,1563.0809326171875,1574.8722292284913,1552.8915159792612,1574.8722292284913,941132,HINDUNILVR.NS
2019-06-26,1567.1298828125,1570.6895191164467,1554.1372320293908,1560.0106102046068,1075017,HINDUNILVR.NS
2019-06-27,1579.0546875,1590.757013585473,1566.4624523377834,1573.3592476825456,1235049,HINDUNILVR.NS
2019-06-28,1590.8013916015625,1593.5156576490565,1568.6871734972483,1581.5908546861351,1008229,HINDUNILVR.NS
2019-07-01,1584.216552734375,1600.8579224569824,1577.4978024424288,1600.8579224569824,553283,HINDUNILVR.NS
2019-07-02,1592.2255859375,1600.0568307866085,1575.1393717977182,1587.5981012921634,763979,HINDUNILVR.NS
2019-07-03,1588.220947265625,1599.0333660543026,1581.2797205032432,1595.6072372711242,815571,HINDUNILVR.NS
2019-07-04,1596.1412353515625,1600.6797508749817,1584.5279846267695,1584.5279846267695,646633,HINDUNILVR.NS
2019-07-05,1594.183349609375,1616.0750940245991,1589.3778182422543,1601.836546940682,1098940,HINDUNILVR.NS
2019-07-08,1560.5003662109375,1588.26549060075,1556.1842195610059,1588.26549060075,776755,HINDUNILVR.NS
2019-07-09,1548.664794921875,1562.6808676240842,1534.2927367421953,1559.121230112412,1462668,HINDUNILVR.NS
2019-07-10,1529.3980712890625,1561.7018216987558,1515.6044774093127,1547.5522423796795,648476,HINDUNILVR.NS
2019-07-11,1540.3438720703125,1550.800305279361,1519.9649294514847,1519.9649294514847,813618,HINDUNILVR.NS
2019-07-12,1524.5924072265625,1546.8846762742533,1520.1874001124654,1536.6952593251021,1107445,HINDUNILVR.NS
2019-07-15,1527.9298095703125,1534.826607008169,1514.6257082879556,1526.1945297966179,725180,HINDUNILVR.NS
2019-07-16,1549.5987548828125,1557.874844310425,1524.1918066973578,1533.7583294951955,1259786,HINDUNILVR.NS
2019-07-17,1566.863037109375,1571.1791835026836,1535.8497241633356,1548.4419606848585,1278232,HINDUNILVR.NS
2019-07-18,1547.6859130859375,1571.579958106612,1520.8551236716874,1571.579958106612,1006299,HINDUNILVR.NS
2019-07-19,1530.9998779296875,1567.975541665721,1520.988398981601,1555.5613512226932,983217,HINDUNILVR.NS
2019-07-22,1495.6705322265625,1534.8265418236847,1476.4040825913664,1532.6908463872296,1729722,HINDUNILVR.NS
2019-07-23,1506.927734375,1514.2250550533688,1483.745664704965,1497.7171958062338,1556691,HINDUNILVR.NS
2019-07-24,1538.341552734375,1541.3227268134024,1493.8015540410092,1499.4969946192743,2621818,HINDUNILVR.NS
2019-07-25,1545.460693359375,1557.2519891870536,1537.7629577531218,1539.542775991262,1297267,HINDUNILVR.NS
2019-07-26,1540.1217041015625,1550.222153929276,1530.021254273849,1540.5221198735642,771408,HINDUNILVR.NS
2019-07-29,1524.681640625,1548.2642369741907,1512.8458035329925,1538.6531731226728,688427,HINDUNILVR.NS
2019-07-30,1530.554931640625,1543.4140767735605,1517.2952621686868,1526.194354615424,747251,HINDUNILVR.NS
2019-07-31,1536.5616455078125,1560.0552686402038,1513.7799931433522,1529.7538188286128,1371879,HINDUNILVR.NS
2019-08-01,1540.6998291015625,1552.6245253810823,1521.7447198404266,1531.5337209622069,1072498,HINDUNILVR.NS
2019-08-02,1546.1728515625,1550.2219822822572,1518.1852478608098,1532.6017348978592,1051529,HINDUNILVR.NS
2019-08-05,1549.510009765625,1560.4113985503272,1519.698048599297,1537.6742814068514,1539739,HINDUNILVR.NS
2019-08-06,1552.090576171875,1566.2401538333725,1537.3626444496663,1540.8777422514115,1409075,HINDUNILVR.NS
2019-08-07,1581.5911865234375,1590.1788323599924,1548.442067548618,1552.0906736826341,2507314,HINDUNILVR.NS
2019-08-08,1604.595458984375,1608.0661270280032,1584.483530256425,1584.483530256425,1761732,HINDUNILVR.NS
2019-08-09,1638.6346435546875,1643.351206803091,1602.6378519620202,1606.286458756993,1730596,HINDUNILVR.NS
2019-08-13,1623.86181640625,1635.653113333162,1603.749890166646,1635.653113333162,1907934,HINDUNILVR.NS
2019-08-14,1636.587646484375,1650.0252544069588,1609.5788138941668,1624.9742873418456,1910376,HINDUNILVR.NS
2019-08-16,1627.332763671875,1644.1520722069006,1616.1199275256956,1635.653394414438,1468390,HINDUNILVR.NS
2019-08-19,1620.4356689453125,1641.8824587396784,1611.6255462208985,1628.667328968804,905742,HINDUNILVR.NS
2019-08-20,1640.4588623046875,1646.0652258420912,1613.4055972488952,1621.4147811293365,1231835,HINDUNILVR.NS
2019-08-21,1646.3321533203125,1651.4491316346864,1633.873423511402,1640.0138192149514,1933855,HINDUNILVR.NS
2019-08-22,1665.9991455078125,1673.0294505636093,1639.1239286375305,1646.7325878215636,2543055,HINDUNILVR.NS
2019-08-23,1655.231201171875,1670.6711048973666,1646.9105714299187,1668.3573625790177,1278546,HINDUNILVR.NS
2019-08-26,1669.9591064453125,1676.3218701438327,1646.3319743873196,1661.9053849558484,855849,HINDUNILVR.NS
2019-08-27,1656.4771728515625,1681.0386475102712,1639.168371995542,1676.5891010637115,2510386,HINDUNILVR.NS
2019-08-28,1626.8431396484375,1644.9083415584032,1612.9605765503602,1632.983535431675,2519453,HINDUNILVR.NS
2019-08-29,1631.1590576171875,1640.6811514283156,1614.3842905848378,1616.9650490432368,2837369,HINDUNILVR.NS
2019-08-30,1674.72021484375,1678.724806410267,1625.997684117792,1632.2714790597697,1766858,HINDUNILVR.NS
2019-09-03,1639.079345703125,1669.2918302018556,1632.9834890099603,1657.9009482428098,1195923,HINDUNILVR.NS
2019-09-04,1643.306396484375,1654.385831806632,1617.2321206833267,1643.66238191006,1147464,HINDUNILVR.NS
2019-09-05,1628.3115234375,1640.9481919033637,1617.9885973994208,1639.2129122404017,1059065,HINDUNILVR.NS
2019-09-06,1618.87841796875,1640.4141781546998,1614.4733020456017,1629.4238207514093,631575,HINDUNILVR.NS
2019-09-09,1632.13818359375,1653.4514677256632,1615.541353539632,1618.745005270711,1175372,HINDUNILVR.NS
2019-09-11,1623.4615478515625,1644.151938673947,1617.2321828727802,1629.4238965929383,1055039,HINDUNILVR.NS
2019-09-12,1606.6422119140625,1631.7376097837696,1600.5018162471972,1624.9743210827812,862635,HINDUNILVR.NS
2019-09-13,1606.775634765625,1624.084325632784,1596.1411544134055,1607.1760504618126,1299932,HINDUNILVR.NS
2019-09-16,1616.3424072265625,1623.8620978343492,1601.8368412669288,1602.7267506231883,945889,HINDUNILVR.NS
2019-09-17,1629.601806640625,1639.2128701789657,1612.5155921630217,1614.9628426478166,1424258,HINDUNILVR.NS
2019-09-18,1627.8221435546875,1640.9483064993394,1618.4336650680982,1636.9882533347445,751391,HINDUNILVR.NS
2019-09-19,1613.1829833984375,1640.6366618722984,1609.1783917971175,1628.5339178701645,644684,HINDUNILVR.NS
2019-09-20,1752.89892578125,1772.6994086337097,1610.9583857827174,1622.3047298891831,4539742,HINDUNILVR.NS
2019-09-23,1815.1923828125,1869.3877689374663,1765.5799423949013,1765.5799423949013,3783357,HINDUNILVR.NS
2019-09-24,1824.7142333984375,1840.243105125948,1787.916510557548,1819.8642718234362,1784798,HINDUNILVR.NS
2019-09-25,1825.64892578125,1835.393389146734,1790.364000371192,1816.3048781474683,1874109,HINDUNILVR.NS
2019-09-26,1810.4317626953125,1846.5620637586962,1794.9027779922599,1828.7638751923475,3907951,HINDUNILVR.NS
2019-09-27,1789.5184326171875,1819.5528681274404,1784.7129012092482,1802.956039815476,1458672,HINDUNILVR.NS
2019-09-30,1763.7554931640625,1795.7477940408166,1754.3670162953263,1786.848702052539,2169407,HINDUNILVR.NS
2019-10-01,1771.1865234375,1797.5278169940973,1764.6901420941826,1770.0295978947702,1080409,HINDUNILVR.NS
2019-10-03,1746.0465087890625,1766.7368991048409,1742.753779344855,1766.2474055587486,1423468,HINDUNILVR.NS
2019-10-04,1730.161376953125,1759.6174575911796,1725.6228618807045,1749.561440447304,1723988,HINDUNILVR.NS
2019-10-07,1726.468505859375,1746.8473410381998,1715.4336092928158,1729.9390650732873,880275,HINDUNILVR.NS
2019-10-09,1733.5433349609375,1746.624958358399,1727.5364471216221,1735.323153579994,1066739,HINDUNILVR.NS
2019-10-10,1752.0089111328125,1764.245163845486,1722.5083965028657,1733.5432934027779,1492290,HINDUNILVR.NS
2019-10-11,1783.95654296875,1794.85793093434,1758.0156674304549,1767.226206148552,1934337,HINDUNILVR.NS
2019-10-14,1792.4996337890625,1807.8060288129054,1785.3803600790898,1799.7524156073964,2135148,HINDUNILVR.NS
2019-10-15,1837.1285400390625,1848.6084995421722,1802.7781738845333,1824.313933944844,5761733,HINDUNILVR.NS
2019-10-16,1843.0020751953125,1851.0112585254708,1826.6278317366343,1837.929635872146,1661705,HINDUNILVR.NS
2019-10-17,1872.2359619140625,1875.9289989869299,1834.948628018503,1839.887668598424,2001245,HINDUNILVR.NS
2019-10-18,1874.905517578125,1883.048100863325,1860.5333518569214,1868.8095518964947,2202270,HINDUNILVR.NS
2019-10-22,1893.1483154296875,1912.4147616044113,1879.4881230844655,1886.6073962779674,1737401,HINDUNILVR.NS
2019-10-23,1908.2659912109375,1912.0229929622726,1876.7336456395392,1895.9213696917714,1535786,HINDUNILVR.NS
2019-10-24,1908.3558349609375,1923.2497514934994,1894.6694093299934,1915.1989385802708,973453,HINDUNILVR.NS
2019-10-25,1918.8660888671875,1929.063695052428,1904.7323997531641,1921.0576547657804,1612038,HINDUNILVR.NS
2019-10-27,1914.0806884765625,1921.4605999989049,1909.384381144163,1921.4605999989049,85187,HINDUNILVR.NS
2019-10-29,1932.3740234375,1935.7285289238832,1888.7206816962441,1909.8317902474623,1229516,HINDUNILVR.NS
2019-10-30,1940.6033935546875,1950.08554825632,1916.093231360109,1950.08554825632,1195298,HINDUNILVR.NS
2019-10-31,1945.926025390625,1956.5709002984659,1931.5687006744386,1936.667504467335,1752830,HINDUNILVR.NS
2019-11-01,1949.5042724609375,1953.932175517184,1920.0291795838348,1936.7571530731693,1609685,HINDUNILVR.NS
2019-11-04,1930.5400390625,1956.2133605122858,1923.0708051067331,1949.5043500412132,1523698,HINDUNILVR.NS
2019-11-05,1943.063720703125,1946.2841334100474,1917.1222109391856,1926.3807336773696,2167085,HINDUNILVR.NS
2019-11-06,1949.59375,1953.6639268594124,1927.7224186730925,1937.5623010885931,1093243,HINDUNILVR.NS
2019-11-07,1912.7388916015625,1959.0310640044063,1903.569910594236,1959.0310640044063,1970785,HINDUNILVR.NS
2019-11-08,1866.357421875,1918.911344261587,1863.3160907448653,1909.831902899802,1537851,HINDUNILVR.NS
2019-11-11,1861.840087890625,1878.5678449232355,1849.9427314069703,1861.7953174722988,1050170,HINDUNILVR.NS
2019-11-13,1870.4722900390625,1873.9608884454913,1853.878625614443,1864.2105463612656,868433,HINDUNILVR.NS
2019-11-14,1850.837158203125,1870.1144256403124,1844.0386067828117,1870.1144256403124,1291198,HINDUNILVR.NS
2019-11-15,1840.683837890625,1877.6281612545486,1834.2880027353867,1844.7540140767949,958290,HINDUNILVR.NS
2019-11-18,1839.34228515625,1856.4727564295192,1823.0617965981553,1842.562697570937,1200573,HINDUNILVR.NS
2019-11-19,1822.8380126953125,1842.7861793933216,1815.9053690450176,1842.7861793933216,1413218,HINDUNILVR.NS
2019-11-20,1812.7745361328125,1836.345612400201,1804.3212270520953,1828.4288930942357,989673,HINDUNILVR.NS
2019-11-21,1832.58837890625,1842.6966644360539,1804.2764437325936,1813.221790503702,1397175,HINDUNILVR.NS
2019-11-22,1814.429443359375,1836.6586088942142,1796.2256839888537,1833.796141522485,835864,HINDUNILVR.NS
2019-11-25,1844.888427734375,1848.9586046283396,1808.838741914695,1808.838741914695,862520,HINDUNILVR.NS
2019-11-26,1841.265625,1861.30311533552,1817.9629519069176,1841.8469852100616,3188224,HINDUNILVR.NS
2019-11-27,1872.484619140625,1878.4331870887722,1839.0291112480975,1845.0224496063104,1259986,HINDUNILVR.NS
2019-11-28,1867.028076171875,1877.0470398713985,1849.0032887018149,1876.6890949436909,1026831,HINDUNILVR.NS
2019-11-29,1820.6466064453125,1864.657672130652,1816.800063371242,1864.2104047590688,1298616,HINDUNILVR.NS
2019-12-02,1827.71337890625,1844.5306760814713,1815.2346626762005,1823.0618418302804,1600494,HINDUNILVR.NS
2019-12-03,1814.5185546875,1836.5689622638974,1807.0939834793726,1825.7450069091635,1199012,HINDUNILVR.NS
2019-12-04,1832.0068359375,1835.5849742889404,1808.7489366531372,1813.2216095924377,1046309,HINDUNILVR.NS
2019-12-05,1822.569580078125,1831.828101068184,1813.4901407319746,1831.828101068184,961085,HINDUNILVR.NS
2019-12-06,1812.3721923828125,1832.90172142604,1808.7492829299429,1828.4290476304664,657658,HINDUNILVR.NS
2019-12-09,1796.3597412109375,1817.739140732598,1781.197313696725,1815.9053010604675,964222,HINDUNILVR.NS
2019-12-10,1811.7457275390625,1826.2819155694758,1798.9091771791227,1802.3978841456465,1610623,HINDUNILVR.NS
2019-12-11,1798.4173583984375,1815.9055565749418,1787.2804443530708,1814.027055424609,967708,HINDUNILVR.NS
2019-12-12,1795.6441650390625,1819.9308033994457,1790.8584263483363,1798.0147037763018,955318,HINDUNILVR.NS
2019-12-13,1794.6153564453125,1810.5381167632809,1789.0692853392102,1805.573405818015,1212988,HINDUNILVR.NS
2019-12-16,1766.4822998046875,1798.909180861996,1760.5783929548575,1789.0692997135714,1683941,HINDUNILVR.NS
2019-12-17,1754.49560546875,1784.5519494375378,1744.3426585008046,1770.28416470415,2189167,HINDUNILVR.NS
2019-12-18,1725.15478515625,1759.1917619310927,1706.1905856937333,1753.2878552780542,3986106,HINDUNILVR.NS
2019-12-19,1745.3265380859375,1759.0129619431864,1726.4966491746109,1728.1515164419727,2035095,HINDUNILVR.NS
2019-12-20,1738.1705322265625,1753.19876040829,1727.7491800621494,1744.3428441296342,2169685,HINDUNILVR.NS
2019-12-23,1744.700439453125,1755.0770197695197,1739.3332314415975,1743.6717027450236,807062,HINDUNILVR.NS
2019-12-24,1741.1224365234375,1757.5818975479242,1735.7552280934615,1746.1318092188546,790621,HINDUNILVR.NS
2019-12-26,1739.8250732421875,1748.1442889237014,1734.0553685959294,1745.0581881493997,862164,HINDUNILVR.NS
2019-12-27,1744.253173828125,1748.3232410565126,1730.0300507444135,1741.5695698197314,937907,HINDUNILVR.NS
2019-12-30,1732.9371337890625,1748.1442218130214,1724.2154215400274,1744.2530181872905,1117498,HINDUNILVR.NS
2019-12-31,1720.1903076171875,1741.3013056738343,1717.5961350280436,1735.3973982201476,706593,HINDUNILVR.NS
2020-01-01,1732.3111572265625,1735.3078265289994,1715.717495435325,1726.45191146516,543035,HINDUNILVR.NS
2020-01-02,1733.6531982421875,1746.6686139550704,1726.4521494842757,1735.3974974090647,663275,HINDUNILVR.NS
2020-01-03,1724.1710205078125,1735.3974756913856,1716.388611589096,1733.5189744899167,1598825,HINDUNILVR.NS
2020-01-06,1713.4365234375,1725.9153485736872,1709.679521209307,1724.0815086788934,683129,HINDUNILVR.NS
2020-01-07,1718.1326904296875,1727.3464411739544,1715.7174905083607,1716.8356588415909,808935,HINDUNILVR.NS
2020-01-08,1725.87060546875,1731.8640538371142,1705.3857377667437,1708.561379821306,1889685,HINDUNILVR.NS
2020-01-09,1730.9693603515625,1741.9274100811538,1727.346451252308,1736.7838357182843,1544334,HINDUNILVR.NS
2020-01-10,1747.9207763671875,1751.0516477680499,1727.927947975192,1736.2023938203283,1003336,HINDUNILVR.NS
2020-01-13,1784.46240234375,1787.146006260109,1750.604288104911,1754.1824266600563,2040089,HINDUNILVR.NS
2020-01-14,1796.94140625,1802.4427074732478,1773.3256675788891,1785.0440506827563,1610737,HINDUNILVR.NS
2020-01-15,1808.4359130859375,1813.2216514021163,1786.6986784212681,1799.0432996968293,1559491,HINDUNILVR.NS
2020-01-16,1833.1251220703125,1838.0002922092515,1803.4712767363308,1808.7490529833703,2468958,HINDUNILVR.NS
2020-01-17,1843.0096435546875,1846.2298370155647,1824.895318263471,1838.268566590145,994719,HINDUNILVR.NS
2020-01-20,1845.2908935546875,1856.964396045184,1833.7960359238264,1843.1886497663631,829399,HINDUNILVR.NS
2020-01-21,1838.62646484375,1856.1594316514306,1835.7192271797176,1842.517777997125,750000,HINDUNILVR.NS
2020-01-22,1835.316650390625,1845.872202666829,1813.4005520308783,1845.4249353533648,983169,HINDUNILVR.NS
2020-01-23,1839.96826171875,1843.5018483528436,1820.3780399479554,1835.3614955593205,708017,HINDUNILVR.NS
2020-01-24,1854.9964599609375,1859.7375372842193,1833.8408028460851,1840.0577749849156,914993,HINDUNILVR.NS
2020-01-27,1843.94921875,1850.5686882719888,1839.8342717116195,1848.1087178102373,429312,HINDUNILVR.NS
2020-01-28,1843.2781982421875,1847.2140633689794,1827.2658968754552,1844.5304594028257,777052,HINDUNILVR.NS
2020-01-29,1855.44384765625,1865.8205376259614,1844.5753383109486,1844.5753383109486,873433,HINDUNILVR.NS
2020-01-30,1841.0418701171875,1858.8430224847564,1833.3040142769798,1856.0698776833408,952768,HINDUNILVR.NS
2020-01-31,1819.707275390625,1850.1214562254688,1807.004925896879,1846.3196836211134,1930834,HINDUNILVR.NS
2020-02-03,1949.146240234375,1963.9956028444715,1856.0698658273038,1856.0698658273038,4012542,HINDUNILVR.NS
2020-02-04,1928.2591552734375,1971.7334122046486,1914.3043261000994,1947.402111177531,1932121,HINDUNILVR.NS
2020-02-05,1932.463134765625,1953.6635610491119,1926.737982305964,1938.8141993728882,1514368,HINDUNILVR.NS
2020-02-06,1928.9744873046875,1964.621781487904,1908.9817683383308,1937.5621075482297,1302116,HINDUNILVR.NS
2020-02-07,1932.150146484375,1942.9293331019971,1915.7355660729418,1936.6675903157568,908152,HINDUNILVR.NS
2020-02-10,1931.568603515625,1958.6282751384076,1924.7700532055687,1932.2842748733524,1389847,HINDUNILVR.NS
2020-02-11,1925.6204833984375,1949.7729259275968,1921.1925792798875,1940.2462165091308,777506,HINDUNILVR.NS
2020-02-12,2021.9615478515625,2032.382789498913,1927.7222321171469,1929.60084229885,4753325,HINDUNILVR.NS
2020-02-13,2042.579833984375,2047.544543758743,1997.5401563836529,2018.0696779127034,2950407,HINDUNILVR.NS
2020-02-14,2017.22021484375,2055.2827042697772,2009.3482669918917,2033.2770666099364,1728651,HINDUNILVR.NS
2020-02-17,2015.02880859375,2047.5897819902132,2006.6200519792383,2010.9138619108778,1420851,HINDUNILVR.NS
2020-02-18,1998.747802734375,2024.2868064298714,1987.745203080027,2015.0285053749533,1194605,HINDUNILVR.NS
2020-02-19,2050.40771484375,2064.765041084567,2004.8759839810766,2012.8820262174606,1299800,HINDUNILVR.NS
2020-02-20,2011.137451171875,2048.439500994535,2005.9938771279571,2041.5068577179504,1555224,HINDUNILVR.NS
2020-02-24,1981.5284423828125,2023.4374802028028,1977.0112168866185,2000.895249565998,1409245,HINDUNILVR.NS
2020-02-25,1998.0325927734375,2039.270507269838,1991.0104087262125,2003.6679861041148,2237493,HINDUNILVR.NS
2020-02-26,2000.358642578125,2017.8020708859701,1970.0787711406447,2002.6845203760836,2896154,HINDUNILVR.NS
2020-02-27,2017.1312255859375,2021.3802659322891,1967.9765814681784,2005.5022730590802,2446802,HINDUNILVR.NS
2020-02-28,1945.38916015625,1994.2753896645286,1927.7221014538309,1960.0148885148956,3837330,HINDUNILVR.NS
2020-03-02,1931.702392578125,2005.5014853985963,1915.958717145079,1959.0304639616006,1707337,HINDUNILVR.NS
2020-03-03,1938.143310546875,1958.6730544028387,1915.8247158768586,1942.8396172133853,1753148,HINDUNILVR.NS
2020-03-04,1946.37353515625,1954.603211228584,1925.0387938801757,1949.19123227923,1515878,HINDUNILVR.NS
2020-03-05,1984.077880859375,2020.440627522733,1951.7405401761196,1954.5582370052905,2272645,HINDUNILVR.NS
2020-03-06,1958.047119140625,2012.703282296798,1931.5242499108272,1954.5585208082239,2479414,HINDUNILVR.NS
2020-03-09,1897.75537109375,1940.7825776350098,1889.2572914211644,1914.3042630877328,2485118,HINDUNILVR.NS
2020-03-11,1927.722412109375,1940.6483957418156,1848.1088182914007,1848.1088182914007,2861629,HINDUNILVR.NS
2020-03-12,1839.1185302734375,1899.097124200423,1817.3814030835917,1880.6696224494892,3655780,HINDUNILVR.NS
2020-03-13,1818.767822265625,1896.413474228526,1688.9708652791146,1762.2332755802813,3667035,HINDUNILVR.NS
2020-03-16,1737.096923828125,1824.135083020021,1729.940646359712,1789.0693671032486,2948679,HINDUNILVR.NS
2020-03-17,1792.6923828125,1867.7885302821228,1746.0870356722116,1749.30744808133,3732382,HINDUNILVR.NS
2020-03-18,1720.906005859375,1846.1408715966286,1707.9799131280975,1819.5284626274622,3910994,HINDUNILVR.NS
2020-03-19,1644.4229736328125,1698.7211793414247,1571.9656721443157,1694.5169104643658,5095006,HINDUNILVR.NS
2020-03-20,1835.316650390625,1859.6479485646298,1654.8890598176079,1654.8890598176079,4252245,HINDUNILVR.NS
2020-03-23,1672.511474609375,1775.6961389756923,1654.8891848063752,1744.3426542553684,3574673,HINDUNILVR.NS
2020-03-24,1813.9820556640625,1852.536476974179,1726.4518626039126,1766.7059215765428,5788124,HINDUNILVR.NS
2020-03-25,1867.922607421875,1913.3650153436838,1790.5454625422171,1798.0595761067232,3959038,HINDUNILVR.NS
2020-03-26,1963.4141845703125,2012.7031353757548,1842.7415372773576,1868.683044355534,3201540,HINDUNILVR.NS
2020-03-27,1914.796142578125,2028.4913628170539,1896.8606795995254,2002.8630330692465,2918646,HINDUNILVR.NS
2020-03-30,1953.976806640625,1979.6051364364175,1881.07223428655,1899.0970197263962,2809606,HINDUNILVR.NS
2020-03-31,2056.087890625,2069.05864303486,1954.558207968512,1999.1060771649627,2809269,HINDUNILVR.NS
2020-04-01,1949.7720947265625,2079.7032347938307,1930.4502799756424,2051.3465339618965,2774626,HINDUNILVR.NS
2020-04-03,1926.9171142578125,2016.3705763487515,1903.5249028856872,1998.3903431115762,4121436,HINDUNILVR.NS
2020-04-07,2187.047607421875,2200.5551675552288,1985.8668585254502,1985.8668585254502,8510114,HINDUNILVR.NS
2020-04-08,2201.315673828125,2338.581971756848,2162.4479686950917,2175.5082619005716,9791862,HINDUNILVR.NS
2020-04-09,2122.059814453125,2236.3366155054537,2097.683745344116,2236.291845094694,4770068,HINDUNILVR.NS
2020-04-13,2098.981201171875,2167.4578858583636,2070.8481245406983,2129.887423123716,3249551,HINDUNILVR.NS
2020-04-15,2225.19970703125,2251.1859822308343,2130.3342639443204,2170.0962853644746,29485531,HINDUNILVR.NS
2020-04-16,2179.17626953125,2259.7289519270676,2165.7582478028253,2205.9227721529974,5388243,HINDUNILVR.NS
2020-04-17,2133.465087890625,2235.263172240752,2105.779284831038,2235.263172240752,4540936,HINDUNILVR.NS
2020-04-20,2090.125,2164.7738735734956,2076.2149423818523,2164.7738735734956,2985268,HINDUNILVR.NS
2020-04-21,2072.99462890625,2127.2035191480886,2041.3281878452224,2042.2227225462939,3227335,HINDUNILVR.NS
2020-04-22,2134.493896484375,2146.8385190774006,2035.6478116973913,2073.4866733531235,2837815,HINDUNILVR.NS
2020-04-23,2073.083984375,2158.512040689051,2064.6306758841524,2137.043209782902,4095570,HINDUNILVR.NS
2020-04-24,2042.31201171875,2091.4218733993343,2039.538867130232,2067.269439446476,2169013,HINDUNILVR.NS
2020-04-27,2075.722900390625,2083.7289418893683,2042.4462548409642,2061.902383623529,2013715,HINDUNILVR.NS
2020-04-28,2048.439453125,2092.0032442439624,2027.9099278383435,2092.0032442439624,2164023,HINDUNILVR.NS
2020-04-29,1996.3778076171875,2050.0051189590786,1986.7615596360583,2048.4844536544683,3642151,HINDUNILVR.NS
2020-04-30,1963.5035400390625,2032.3827075028476,1932.194827555524,2032.3827075028476,8448047,HINDUNILVR.NS
2020-05-04,1863.00244140625,1932.1947817100313,1848.1085273207984,1905.3587430751697,8474573,HINDUNILVR.NS
2020-05-05,1826.1925048828125,1897.3080102162357,1818.678391914018,1879.5961803038008,4304136,HINDUNILVR.NS
2020-05-06,1798.1937255859375,1854.370552027204,1789.0695147392223,1833.7514821913794,5127656,HINDUNILVR.NS
2020-05-07,1781.957763671875,1795.3310127892403,1701.4048760962305,1744.4319702087562,185669922,HINDUNILVR.NS
2020-05-08,1869.0855712890625,1876.7338870046424,1821.2727330512162,1856.1148175418903,16100226,HINDUNILVR.NS
2020-05-11,1832.0068359375,1893.327225613757,1821.227650475339,1863.3155465126038,11158755,HINDUNILVR.NS
2020-05-12,1799.401123046875,1813.9819715476003,1775.6511856758862,1806.9598967583324,14881008,HINDUNILVR.NS
2020-05-13,1785.2677001953125,1856.1595780560058,1767.0639401485444,1856.1595780560058,8432979,HINDUNILVR.NS
2020-05-14,1794.4813232421875,1812.8192840263437,1771.7601207240562,1778.3349287269552,8510002,HINDUNILVR.NS
2020-05-15,1817.783935546875,1822.7486467926185,1794.4366017993793,1802.4874140706627,5491136,HINDUNILVR.NS
2020-05-18,1793.765380859375,1831.8725303078274,1778.871358974618,1826.192257835389,7675561,HINDUNILVR.NS
2020-05-19,1767.1978759765625,1811.2537051080358,1760.533527676567,1805.1708261383392,5963193,HINDUNILVR.NS
2020-05-20,1780.8843994140625,1798.0147608906298,1766.706046148753,1767.1980839160065,3926496,HINDUNILVR.NS
2020-05-21,1763.0384521484375,1792.1108297348444,1748.9941919197877,1788.1748552377665,4261625,HINDUNILVR.NS
2020-05-22,1778.2454833984375,1784.64142809603,1751.4988750605855,1766.7059643741861,5339946,HINDUNILVR.NS
2020-05-26,1769.2108154296875,1806.9601369893282,1766.706074531645,1793.4973457555832,4628932,HINDUNILVR.NS
2020-05-27,1787.36962890625,1793.6313713391705,1754.1824158509962,1780.1239202159522,4261645,HINDUNILVR.NS
2020-05-28,1797.969970703125,1802.4874146017949,1780.1240471749736,1789.069394145702,5500796,HINDUNILVR.NS
2020-05-29,1840.37109375,1849.8978011621348,1789.0694401954881,1797.1202526763677,8778345,HINDUNILVR.NS
2020-06-01,1886.1710205078125,1916.987694550913,1852.7600650261018,1856.1593402674496,6592547,HINDUNILVR.NS
2020-06-02,1885.1424560546875,1900.8863551056486,1869.5776386686143,1898.202750839617,3268728,HINDUNILVR.NS
2020-06-03,1896.8609619140625,1922.3552026188731,1865.1049778782458,1891.9410207254148,4895117,HINDUNILVR.NS
2020-06-04,1896.9503173828125,1907.5056518241092,1883.2191227775386,1891.940835850609,3264730,HINDUNILVR.NS
2020-06-05,1867.4305419921875,1903.5696529334648,1865.1046646458055,1899.9915144881013,2981853,HINDUNILVR.NS
2020-06-08,1888.9884033203125,1900.4384882553638,1858.9321760570335,1884.784134974842,4298456,HINDUNILVR.NS
2020-06-09,1884.337158203125,1918.597877485266,1874.0947805849075,1878.522683231219,3127904,HINDUNILVR.NS
2020-06-10,1896.0555419921875,1905.3586140654756,1874.9444390052756,1892.745589404208,2421659,HINDUNILVR.NS
2020-06-11,1884.6953125,1912.6942958602278,1874.6317958412167,1891.9411318512393,2566927,HINDUNILVR.NS
2020-06-12,1885.00830078125,1895.5190838085032,1847.214208619424,1847.4378423008548,2338438,HINDUNILVR.NS
2020-06-15,1864.478759765625,1906.8796181183247,1839.8790549762964,1891.806839128223,2830788,HINDUNILVR.NS
2020-06-16,1857.3671875,1896.4135392893131,1840.05785392364,1887.2893291466557,2806772,HINDUNILVR.NS
2020-06-17,1859.0670166015625,1877.628614385507,1844.7992296942905,1857.0543132274,2293301,HINDUNILVR.NS
2020-06-18,1847.5272216796875,1864.9706473069634,1837.4189364838935,1851.9103540957963,2326907,HINDUNILVR.NS
2020-06-19,1884.81396484375,1891.3436034747938,1852.6160915941196,1872.4301674400458,4673528,HINDUNILVR.NS
2020-06-22,1892.0640869140625,1908.3655349430753,1879.6352140187478,1900.349928883353,2487234,HINDUNILVR.NS
2020-06-23,1941.734375,1956.1896880804632,1892.7847327366715,1904.8532183656444,4308814,HINDUNILVR.NS
2020-06-24,1918.632568359375,1960.602241450749,1913.8591345413881,1956.18919539948,3023015,HINDUNILVR.NS
2020-06-25,1957.2252197265625,1972.3109358085792,1902.1511859832278,1904.2227014217872,8208033,HINDUNILVR.NS
2020-06-26,1940.1580810546875,1963.3495543253005,1925.657913191837,1963.3495543253005,3176048,HINDUNILVR.NS
2020-06-29,1966.0516357421875,1977.7148773435713,1927.3691997517603,1937.5915495820552,3295039,HINDUNILVR.NS
2020-06-30,1963.3944091796875,1981.3621259660486,1954.3880128073038,1975.8232801501222,2373109,HINDUNILVR.NS
2020-07-01,1954.7481689453125,1974.0219889958573,1945.4717566437623,1966.096316259312,1532931,HINDUNILVR.NS
2020-07-02,1937.9510498046875,1961.2775249699757,1931.8717331618705,1952.3612818469205,2588838,HINDUNILVR.NS
2020-07-03,1957.720458984375,1970.5996505858668,1942.0944922222147,1950.3352574696958,1946252,HINDUNILVR.NS
2020-07-06,1946.8228759765625,1963.3945586098982,1939.0772865537208,1963.3945586098982,2375516,HINDUNILVR.NS
2020-07-07,1940.1129150390625,1959.3416605201307,1937.8613157969112,1959.3416605201307,2014667,HINDUNILVR.NS
2020-07-08,1968.8433837890625,1976.0034251497727,1913.859288260377,1939.6176706342915,3349938,HINDUNILVR.NS
2020-07-09,1959.6568603515625,1999.3749367831524,1955.3337460771968,1966.0963458629337,3039571,HINDUNILVR.NS
2020-07-10,2002.8427734375,2010.227975607895,1952.0916342184898,1954.3883096187867,3179516,HINDUNILVR.NS
2020-07-13,2040.1739501953125,2048.955186709783,2012.9296010093913,2016.5321595794305,4556662,HINDUNILVR.NS
2020-07-14,2012.7044677734375,2044.4069396333948,2005.3643425427929,2039.7687333660886,2403256,HINDUNILVR.NS
2020-07-15,2049.090576171875,2063.3658051162924,2012.9750517134235,2014.9564153192603,2474512,HINDUNILVR.NS
2020-07-16,2060.52880859375,2063.6359718581493,2015.6318276083514,2049.1806594128248,2495150,HINDUNILVR.NS
2020-07-17,2102.5888671875,2107.4973105367662,2054.3595578351983,2057.9621173403893,3088712,HINDUNILVR.NS
2020-07-20,2099.345947265625,2110.468934891313,2072.0116658298093,2102.5883379572865,2816219,HINDUNILVR.NS
2020-07-21,2087.6826171875,2116.5030847241696,2078.676221082291,2114.7018055031276,3037810,HINDUNILVR.NS
2020-07-22,2025.0885009765625,2098.4906414389106,2018.5588627145744,2098.4906414389106,6950011,HINDUNILVR.NS
2020-07-23,1991.629638671875,2041.8851567671388,1986.4058845661452,2035.445671026498,3936886,HINDUNILVR.NS
2020-07-24,1989.783203125,1999.4200033085456,1952.6318179283885,1981.407210485946,4203314,HINDUNILVR.NS
2020-07-27,2000.7708740234375,2013.785072283959,1967.6723686800383,1997.393475519009,2209409,HINDUNILVR.NS
2020-07-28,2019.7296142578125,2021.8459856347438,1991.359463552651,2009.2821057275776,1567837,HINDUNILVR.NS
2020-07-29,2009.597412109375,2037.4270909627614,1994.916940982482,2012.929735031985,2404978,HINDUNILVR.NS
2020-07-30,1985.900146484375,2024.2957378948831,1980.925446939898,2018.1904248175704,2044966,HINDUNILVR.NS
2020-07-31,1998.833984375,2009.7331418823103,1969.9808182948047,1987.6183876046068,1715659,HINDUNILVR.NS
2020-08-03,1993.9495849609375,2010.7279302373472,1979.5230036412245,1998.7434294431841,1683773,HINDUNILVR.NS
2020-08-04,1987.8896484375,2006.9742691743243,1967.3577542924124,1998.8338531044105,1981720,HINDUNILVR.NS
2020-08-05,1984.949951171875,1998.8337498132435,1972.7393276979972,1991.6883621836187,1715477,HINDUNILVR.NS
2020-08-06,2008.37646484375,2016.109905010059,1982.6890155765661,1989.879672957438,1824483,HINDUNILVR.NS
2020-08-07,1999.421875,2021.3557735310258,1994.4019076664606,2010.6827395657785,1777905,HINDUNILVR.NS
2020-08-10,1995.9847412109375,2014.074554204806,1988.7940847104576,2006.1602610199884,1476289,HINDUNILVR.NS
2020-08-11,1999.51220703125,2019.727661791695,1995.3064137539093,1998.0651544560944,1665204,HINDUNILVR.NS
2020-08-12,1985.447509765625,1998.0651101407166,1980.834519131633,1989.924694308669,1170430,HINDUNILVR.NS
2020-08-13,1988.6583251953125,2005.2558173350787,1981.6937911941404,1989.8794759301638,1453227,HINDUNILVR.NS
2020-08-14,1966.2723388671875,2004.3514874958082,1958.2677282813738,1993.4975985743508,1341664,HINDUNILVR.NS
2020-08-17,1986.306640625,1993.1806367408528,1961.2973428608275,1972.69401283221,1559579,HINDUNILVR.NS
2020-08-18,2002.859130859375,2005.075088977264,1979.9302025870404,1993.497563500154,1339001,HINDUNILVR.NS
2020-08-19,1984.0909423828125,2009.3261452772435,1980.834687444143,1995.3065390419083,1585107,HINDUNILVR.NS
2020-08-20,1976.945068359375,1987.8894929933988,1968.307138929386,1977.2164597050676,1768939,HINDUNILVR.NS
2020-08-21,1991.7340087890625,1997.748784275306,1978.528354789931,1988.9752676865717,1374411,HINDUNILVR.NS
2020-08-24,1984.814208984375,2000.4166728144237,1981.9198830471519,1995.3063889325879,1665474,HINDUNILVR.NS
2020-08-25,1970.9755859375,1987.9798328279066,1967.2670860897326,1984.8141156778772,1774886,HINDUNILVR.NS
2020-08-26,1974.3223876953125,1977.2167138346015,1953.6999551156173,1973.6892883559258,2148146,HINDUNILVR.NS
2020-08-27,1963.87548828125,1979.025707937536,1958.2224212453225,1973.6893009847927,2172203,HINDUNILVR.NS
2020-08-28,1946.418701171875,1973.9603985884123,1940.1325350248408,1970.8852185636958,1939520,HINDUNILVR.NS
2020-08-31,1915.1236572265625,1960.4837818901362,1900.0184844170797,1946.4641746840014,3534275,HINDUNILVR.NS
2020-09-01,1955.1920166015625,1967.1765170481342,1910.058024003633,1944.6095207491696,1738003,HINDUNILVR.NS
2020-09-02,1937.1021728515625,1976.3119280367362,1932.48940336224,1963.6490598479425,1667810,HINDUNILVR.NS
2020-09-03,1934.8411865234375,1948.6799383547334,1924.8014722785977,1947.3684710084208,1590711,HINDUNILVR.NS
2020-09-04,1921.7261962890625,1936.4241710731665,1912.0934580674252,1912.99794882337,1590491,HINDUNILVR.NS
2020-09-07,1956.051513671875,1966.3626184662244,1902.822152069144,1922.94706847249,2362992,HINDUNILVR.NS
2020-09-08,1937.6453857421875,1963.966155936273,1927.6054496913434,1948.2731524745814,1804209,HINDUNILVR.NS
2020-09-09,1928.60009765625,1939.4087162502542,1908.475181641312,1919.3290689302673,2009898,HINDUNILVR.NS
2020-09-10,1930.0927734375,1938.8665105996906,1915.8923124567036,1937.4192370327673,2137794,HINDUNILVR.NS
2020-09-11,1953.021728515625,1961.8405136739102,1921.590673720711,1922.0429191134435,1934110,HINDUNILVR.NS
2020-09-14,1920.685546875,1962.4729631604491,1912.9973777445844,1960.030883013009,2096908,HINDUNILVR.NS
2020-09-15,1921.5450439453125,1932.8964453344827,1907.5707081003388,1932.8059079437705,1224058,HINDUNILVR.NS
2020-09-16,1938.7760009765625,1952.7503394642185,1910.9176405861378,1922.0429214253302,2087841,HINDUNILVR.NS
2020-09-17,1924.9371337890625,1940.1778909691513,1919.5554580923465,1931.0877149379949,1741644,HINDUNILVR.NS
2020-09-18,1898.254638671875,1924.3492843936388,1890.3856135360957,1917.520335261494,4475166,HINDUNILVR.NS
2020-09-21,1843.1710205078125,1898.5258020141541,1828.9704515969954,1898.254410664912,3483963,HINDUNILVR.NS
2020-09-22,1833.2215576171875,1858.502025245089,1809.0264345242047,1845.658303132272,2345687,HINDUNILVR.NS
2020-09-23,1856.512451171875,1863.250862797504,1832.362482965437,1840.638595045107,2410295,HINDUNILVR.NS
2020-09-24,1864.064697265625,1882.2450477086509,1840.6837463940349,1848.7788935687086,3798089,HINDUNILVR.NS
2020-09-25,1880.4815673828125,1909.380003133004,1873.0647872813227,1883.1497709724842,2528873,HINDUNILVR.NS
2020-09-28,1866.2357177734375,1892.5112169461831,1863.2508542791818,1884.0541405162794,1523704,HINDUNILVR.NS
2020-09-29,1839.0106201171875,1871.6175570849234,1831.3677171476133,1867.773471248214,2298844,HINDUNILVR.NS
2020-09-30,1870.7127685546875,1896.7168744876972,1839.7339640953628,1844.2111486044641,2417367,HINDUNILVR.NS
2020-10-01,1894.9078369140625,1907.480168123376,1872.2955715570927,1890.3853838426685,2131531,HINDUNILVR.NS
2020-10-05,1909.425048828125,1920.5050593949654,1883.3304050007268,1899.4303828869226,1646110,HINDUNILVR.NS
2020-10-06,1913.811767578125,1935.6100815925183,1906.7116481370651,1916.6157770535265,1679499,HINDUNILVR.NS
2020-10-07,1935.0220947265625,1944.6548314929353,1911.1886785788706,1920.2335847718612,2428544,HINDUNILVR.NS
2020-10-08,1954.4237060546875,1958.2225231359052,1941.2633211456982,1941.9416892253066,1617365,HINDUNILVR.NS
2020-10-09,1935.29345703125,1959.9860975496033,1918.5153310389544,1944.6550241978382,2001026,HINDUNILVR.NS
2020-10-12,1934.1629638671875,1942.4844555649183,1920.5052858071897,1940.3135452347944,1741166,HINDUNILVR.NS
2020-10-13,1933.9820556640625,1947.594685462557,1924.756294282745,1933.7559329791138,1679160,HINDUNILVR.NS
2020-10-14,1952.0264892578125,1958.2223387974952,1927.4696554168418,1928.9169288462765,2123033,HINDUNILVR.NS
2020-10-15,1946.961181640625,1971.5180117953491,1936.559540293862,1953.699592087646,2344437,HINDUNILVR.NS
2020-10-16,1945.1524658203125,1964.4632092431175,1939.273276431197,1964.4632092431175,1640399,HINDUNILVR.NS
2020-10-19,1969.799560546875,1976.3118483310311,1946.5541976166664,1947.8656647473201,1605969,HINDUNILVR.NS
2020-10-20,1965.548583984375,1997.5674624520477,1928.8714464974362,1973.6889992717051,5855290,HINDUNILVR.NS
2020-10-21,1956.548828125,1986.939801780128,1931.9919957220227,1980.834489995894,3954242,HINDUNILVR.NS
2020-10-22,1971.20166015625,1978.3470475044412,1947.5490986798884,1953.6996788705421,2632958,HINDUNILVR.NS
2020-10-23,1939.092041015625,1979.8391612617377,1935.6096642717803,1979.8391612617377,2805684,HINDUNILVR.NS
2020-10-26,1959.805419921875,1964.5539965710452,1937.6906642631852,1944.6551991840458,1646050,HINDUNILVR.NS
2020-10-27,1968.8048095703125,1979.9300890456598,1946.8709106852702,1950.986387424161,2334808,HINDUNILVR.NS
2020-10-28,1970.3067626953125,1988.1494046835435,1951.872262663277,1988.1494046835435,1555483,HINDUNILVR.NS
2020-10-29,1931.844970703125,1966.3469886869973,1926.2917722507807,1949.9607637812724,1934367,HINDUNILVR.NS
2020-10-30,1885.599365234375,1929.9331627778965,1882.5951795399483,1928.2944958307182,2414313,HINDUNILVR.NS
2020-11-02,1886.2364501953125,1900.483272706306,1871.6709177613718,1886.2364501953125,1486077,HINDUNILVR.NS
2020-11-03,1871.3978271484375,1904.261399614468,1859.8364798738073,1904.261399614468,2227402,HINDUNILVR.NS
2020-11-04,1875.3577880859375,1898.0708698720605,1866.1632072014334,1866.2087689389562,1479878,HINDUNILVR.NS
2020-11-05,1913.865478515625,1922.650226111822,1876.4957409866022,1899.891582336824,2083827,HINDUNILVR.NS
2020-11-06,1906.400390625,1933.5287373890017,1898.9811619469137,1916.2777305360753,2127821,HINDUNILVR.NS
2020-11-09,1941.35791015625,1946.0005402172126,1919.0544388614192,1929.933026328217,2194404,HINDUNILVR.NS
2020-11-10,1945.0450439453125,1951.96353909632,1904.8987028130218,1948.1401309533412,2471703,HINDUNILVR.NS
2020-11-11,1940.08349609375,1946.865750571748,1915.9139912447085,1945.045058846628,2759942,HINDUNILVR.NS
2020-11-12,1995.5689697265625,2006.4019950456864,1932.891577123754,1938.126065087235,3010512,HINDUNILVR.NS
2020-11-13,1989.4241943359375,2019.5109438841703,1982.9606505428214,2007.312399608365,2799165,HINDUNILVR.NS
2020-11-14,1991.563232421875,2000.0294918355119,1986.3743064110545,2000.0294918355119,258276,HINDUNILVR.NS
2020-11-17,1982.3692626953125,2021.2865487807774,1977.2712369036208,2021.2865487807774,2733542,HINDUNILVR.NS
2020-11-18,1940.9483642578125,1975.4503810911199,1935.3040425099243,1975.4503810911199,3315051,HINDUNILVR.NS
2020-11-19,1939.719482421875,1954.876652412063,1924.9263618824614,1935.2133147695822,2704650,HINDUNILVR.NS
2020-11-20,1930.1607666015625,1949.9607886148083,1912.181436267696,1943.588367736982,2827038,HINDUNILVR.NS
2020-11-23,1938.489990234375,1948.139743284298,1907.1741879348617,1948.139743284298,3244576,HINDUNILVR.NS
2020-11-24,1963.9345703125,1967.257243530418,1932.1178072901407,1940.8572157366273,1989749,HINDUNILVR.NS
2020-11-25,1944.3619384765625,1976.360500704011,1937.215635881223,1968.1673894620321,1786536,HINDUNILVR.NS
2020-11-26,1961.06689453125,1968.1676362819135,1932.2545386179975,1948.1400285121622,1630887,HINDUNILVR.NS
2020-11-27,1946.5013427734375,1973.1745191319042,1935.3951684772449,1972.7193462324506,5687861,HINDUNILVR.NS
2020-12-01,1941.813232421875,1965.4366624459067,1938.6725837341255,1965.4366624459067,2226742,HINDUNILVR.NS
2020-12-02,1947.5029296875,1957.1524623873408,1931.8450254509917,1952.6918566042189,1634682,HINDUNILVR.NS
2020-12-03,1936.98828125,1963.0695995904068,1930.024224761902,1959.974512762895,3469163,HINDUNILVR.NS
2020-12-04,1988.376953125,1998.5727801024402,1942.3135959181704,1949.0500649249543,3712143,HINDUNILVR.NS
2020-12-07,2053.876220703125,2057.017090953707,1990.9259087844746,1992.9741864684092,4147649,HINDUNILVR.NS
2020-12-08,2057.38134765625,2073.949595474511,2039.310896033629,2056.9261747917244,2768211,HINDUNILVR.NS
2020-12-09,2086.694580078125,2090.153938538379,2042.133198007935,2057.381490024711,2123890,HINDUNILVR.NS
2020-12-10,2139.722412109375,2146.5044444107366,2071.082422206445,2084.692048553287,3041370,HINDUNILVR.NS
2020-12-11,2161.843505859375,2171.174549520838,2123.836571921222,2154.105567213284,2611218,HINDUNILVR.NS
2020-12-14,2158.2021484375,2177.0006989397907,2144.9110118228778,2167.4876304719187,1575632,HINDUNILVR.NS
2020-12-15,2112.0478515625,2152.011943921522,2100.4409424266287,2149.3264682189956,2207176,HINDUNILVR.NS
2020-12-16,2133.804443359375,2143.7726828490595,2096.525836910372,2109.361798282186,1748634,HINDUNILVR.NS
2020-12-17,2107.723388671875,2132.029573777275,2102.898512137278,2132.029573777275,1912868,HINDUNILVR.NS
2020-12-18,2124.246337890625,2133.759406939671,2104.7194651578693,2113.8229230521506,2229891,HINDUNILVR.NS
2020-12-21,2099.2119140625,2139.3126921683047,2062.0244204032692,2132.9402713831228,2003069,HINDUNILVR.NS
2020-12-22,2103.808837890625,2124.109590729224,2076.4984678617548,2102.898492222996,1764488,HINDUNILVR.NS
2020-12-23,2157.838134765625,2164.1649932698856,2096.753846114628,2112.002137408417,1559556,HINDUNILVR.NS
2020-12-24,2186.87890625,2193.934088484754,2148.4623454996395,2168.899570877563,2489444,HINDUNILVR.NS
2020-12-28,2174.724853515625,2200.669707154904,2163.0270440858335,2189.3815088584142,1532477,HINDUNILVR.NS
2020-12-29,2170.537353515625,2187.5607740987107,2143.135858330709,2180.2780083089524,1749013,HINDUNILVR.NS
2020-12-30,2190.83837890625,2198.166485087767,2162.981707409859,2175.726549120187,1924886,HINDUNILVR.NS
2020-12-31,2180.642333984375,2200.305893009041,2172.9955178372284,2181.1886303887723,1709836,HINDUNILVR.NS
2021-01-01,2173.49609375,2188.4712372582994,2168.443630261759,2180.642174713243,830096,HINDUNILVR.NS
2021-01-04,2208.953857421875,2212.14006739549,2185.466893737326,2189.381424726812,1614486,HINDUNILVR.NS
2021-01-05,2230.847900390625,2236.6740244941043,2189.381605572649,2189.381605572649,2356303,HINDUNILVR.NS
2021-01-06,2200.5791015625,2230.347366865695,2186.2867159477605,2226.5239586872644,1641627,HINDUNILVR.NS
2021-01-07,2156.47265625,2214.598100045808,2152.9677361506615,2213.960902460215,2403881,HINDUNILVR.NS
2021-01-08,2176.819091796875,2184.8301802415776,2149.144665081449,2175.726721157238,2797948,HINDUNILVR.NS
2021-01-11,2211.321044921875,2223.0188549588847,2186.741708619308,2207.5885382860847,2787672,HINDUNILVR.NS
2021-01-12,2162.890380859375,2214.962335617503,2159.340121331494,2211.958150188783,2036708,HINDUNILVR.NS
2021-01-13,2159.659423828125,2183.0097098469037,2152.604242322156,2168.353050333527,1702740,HINDUNILVR.NS
2021-01-14,2183.510009765625,2190.292041670276,2140.359484570807,2153.8782088910525,2120413,HINDUNILVR.NS
2021-01-15,2140.359130859375,2191.20202537613,2132.757877874318,2178.0020131750694,2042957,HINDUNILVR.NS
2021-01-18,2123.472412109375,2161.615807021529,2112.5936034825086,2161.615807021529,1733797,HINDUNILVR.NS
2021-01-19,2151.283203125,2168.5344307476266,2114.960501110496,2132.029481803844,1495269,HINDUNILVR.NS
2021-01-20,2144.729736328125,2161.115965260834,2135.9449858290714,2145.6856441330237,1380562,HINDUNILVR.NS
2021-01-21,2155.380126953125,2184.738778764539,2139.3126126146562,2162.981603222308,1521133,HINDUNILVR.NS
2021-01-22,2193.341796875,2204.8575826314677,2145.68510415457,2147.5057958000134,2548089,HINDUNILVR.NS
2021-01-25,2184.4658203125,2214.2796445764307,2171.174683037396,2203.036785304192,2124424,HINDUNILVR.NS
2021-01-27,2176.909912109375,2207.588520500492,2125.65740015202,2207.588520500492,2460297,HINDUNILVR.NS
2021-01-28,2094.15966796875,2195.3447504490805,2084.6921592904087,2155.608017642157,3867335,HINDUNILVR.NS
2021-01-29,2060.931640625,2114.0959654178846,2049.18826943015,2107.541520512564,4472694,HINDUNILVR.NS
2021-02-01,2047.003662109375,2080.140160447049,2026.611782764935,2072.538684088878,2717591,HINDUNILVR.NS
2021-02-02,2030.4805908203125,2071.036537578086,2007.3123364218372,2067.4407163918872,4215607,HINDUNILVR.NS
2021-02-03,2032.6658935546875,2054.6506577259784,2018.7831188403227,2031.4368377117949,2353429,HINDUNILVR.NS
2021-02-04,2044.272705078125,2056.4712504204726,2026.6118624490578,2038.264333639415,2908003,HINDUNILVR.NS
2021-02-05,2066.075439453125,2080.140238188647,2040.0850213482527,2044.2727011007091,4036942,HINDUNILVR.NS
2021-02-08,2036.1248779296875,2083.508422044189,2030.344315356696,2082.871224424259,2780672,HINDUNILVR.NS
2021-02-09,2017.5533447265625,2052.5560870125814,2012.318857763369,2045.5464706601629,3131481,HINDUNILVR.NS
2021-02-10,2035.0780029296875,2040.0849047485708,2014.3676363152163,2020.9676432582896,2055520,HINDUNILVR.NS
2021-02-11,2060.112548828125,2064.664277835699,2033.7580823247483,2040.9952869963129,1824480,HINDUNILVR.NS
2021-02-12,2040.5859375,2068.5335127397393,2031.8920895302442,2064.664542587184,1222094,HINDUNILVR.NS
2021-02-15,2016.5982666015625,2058.974914238881,2014.595549999179,2049.1886954578185,2449407,HINDUNILVR.NS
2021-02-16,1999.210693359375,2029.2065459158157,1993.7030562869836,2027.3402923950994,2396356,HINDUNILVR.NS
2021-02-17,1969.8970947265625,2004.1717458300025,1966.3468351751158,1999.1192824280345,2447956,HINDUNILVR.NS
2021-02-18,1954.3759765625,1974.130436042084,1951.0530810292792,1969.988318186915,3205806,HINDUNILVR.NS
2021-02-19,1985.5550537109375,1997.2984240947792,1957.2432141311647,1959.8831277050938,3364030,HINDUNILVR.NS
2021-02-22,1973.2657470703125,2007.3125928508111,1967.8036719877252,2007.3125928508111,2678023,HINDUNILVR.NS
2021-02-23,1983.8709716796875,1995.7965898815476,1975.6322982083552,1989.1054597316129,2062144,HINDUNILVR.NS
2021-02-24,1983.5068359375,1992.2915831238927,1962.295736478213,1992.2915831238927,924143,HINDUNILVR.NS
2021-02-25,1969.3509521484375,1989.1054099385422,1966.3467668042338,1981.8226441355635,2099460,HINDUNILVR.NS
2021-02-26,1940.90283203125,1986.7386102929042,1929.9331205512228,1964.5262613912919,3413194,HINDUNILVR.NS
2021-03-01,1951.2353515625,1960.8851071933896,1937.2161133275454,1943.7705594860643,1229276,HINDUNILVR.NS
2021-03-02,1982.6875,1988.1040128118484,1948.6406575377684,1968.1675296044125,2095135,HINDUNILVR.NS
2021-03-03,1996.84326171875,2007.312237105012,1978.6363480035118,2007.312237105012,2031893,HINDUNILVR.NS
2021-03-04,1999.9384765625,2005.9468473752631,1979.091647920954,1989.1054511073066,2290915,HINDUNILVR.NS
2021-03-05,2003.7620849609375,2011.8185113592417,1980.2295588248996,1988.7413803427967,2129837,HINDUNILVR.NS
2021-03-08,1979.5926513671875,2017.4175666265214,1974.5401873501803,2011.864367931719,1440724,HINDUNILVR.NS
2021-03-09,2001.395263671875,2007.3125114380189,1968.2132033414398,1980.9124829429156,1711842,HINDUNILVR.NS
2021-03-10,2028.114013671875,2036.352465499052,1996.5703978178844,2012.319424874256,2696085,HINDUNILVR.NS
2021-03-12,2007.0849609375,2039.0835278374036,2002.7608182617078,2035.5332680150811,2038930,HINDUNILVR.NS
2021-03-15,2012.6378173828125,2018.6459654652244,1987.557749674464,2008.3136754417994,1632022,HINDUNILVR.NS
2021-03-16,2042.86181640625,2046.0024653954156,2015.7790251512938,2022.1970083697597,2633605,HINDUNILVR.NS
2021-03-17,2026.702880859375,2059.202181178154,2020.2848985763123,2051.9194148433066,3703365,HINDUNILVR.NS
2021-03-18,2016.5982666015625,2048.187226030414,2007.3127825342024,2037.3541983272312,2597091,HINDUNILVR.NS
2021-03-19,2104.764892578125,2116.781411781241,1995.022670215499,2006.4931153312407,5382214,HINDUNILVR.NS
2021-03-22,2142.225830078125,2145.230015862086,2095.6161665667396,2102.990056922607,2471516,HINDUNILVR.NS
2021-03-23,2127.751708984375,2160.205454353983,2124.201226301769,2151.1475562801425,1970612,HINDUNILVR.NS
2021-03-24,2110.72802734375,2140.1320212021783,2107.9514279841633,2127.751450696632,1762743,HINDUNILVR.NS
2021-03-25,2036.4891357421875,2113.822967738471,2031.02706089015,2110.7278808899414,2495833,HINDUNILVR.NS
2021-03-26,2110.09033203125,2116.553875778666,2047.1855738487836,2052.8296730670504,1929236,HINDUNILVR.NS
2021-03-30,2183.691650390625,2190.2916564209877,2116.5536580127996,2116.5536580127996,3327203,HINDUNILVR.NS
2021-03-31,2213.505615234375,2219.969158738723,2168.1247922518164,2172.0848850294956,2709756,HINDUNILVR.NS
2021-04-01,2184.0107421875,2227.4341932819198,2177.5927597162336,2227.4341932819198,1532653,HINDUNILVR.NS
2021-04-05,2160.432861328125,2200.488081222891,2136.1266700697392,2184.830176078148,2545447,HINDUNILVR.NS
2021-04-06,2192.385498046875,2194.8433868790967,2164.2103443123992,2168.7165108801987,3683538,HINDUNILVR.NS
2021-04-07,2189.609130859375,2216.691917115717,2173.314030718697,2200.3056934984343,1713970,HINDUNILVR.NS
2021-04-08,2193.842529296875,2220.333684295838,2180.824760528319,2190.2922691331637,1814515,HINDUNILVR.NS
2021-04-09,2254.01611328125,2260.388533633822,2206.678133519285,2206.678133519285,2604858,HINDUNILVR.NS
2021-04-12,2241.271484375,2265.168062955359,2219.0591345193616,2222.609394436053,2261945,HINDUNILVR.NS
2021-04-13,2234.3525390625,2281.2353455896014,2229.254736170206,2248.5540217852545,1811781,HINDUNILVR.NS
2021-04-15,2240.042236328125,2273.13339406133,2204.0382388256185,2273.13339406133,3352379,HINDUNILVR.NS
2021-04-16,2238.44873046875,2256.7012043910813,2221.2432873488306,2248.462532174011,1225517,HINDUNILVR.NS
2021-04-19,2218.19384765625,2239.17736131143,2197.6201673839746,2221.2435947713334,1746316,HINDUNILVR.NS
2021-04-20,2182.508544921875,2235.8093372118306,2170.082413361539,2235.8093372118306,1589508,HINDUNILVR.NS
2021-04-22,2138.76611328125,2175.7262378545383,2122.9261868940516,2175.7262378545383,1721265,HINDUNILVR.NS
2021-04-23,2100.8505859375,2139.3126971955908,2093.7954057658976,2130.2092389096524,1949756,HINDUNILVR.NS
2021-04-26,2149.00732421875,2157.337120091096,2103.808752555273,2115.6432457544156,1946867,HINDUNILVR.NS
2021-04-27,2166.486572265625,2172.49472128081,2141.998136541135,2151.1471564135163,1668456,HINDUNILVR.NS
2021-04-28,2190.792724609375,2225.795476091709,2154.1513062401764,2166.622999222195,1951215,HINDUNILVR.NS
2021-04-29,2191.748779296875,2229.3914472196752,2170.400991098794,2214.8714752173346,3151150,HINDUNILVR.NS
2021-04-30,2142.726318359375,2223.8835534230484,2121.333193141554,2193.933267019052,4010778,HINDUNILVR.NS
2021-05-03,2192.112548828125,2198.4849690282067,2130.209038313045,2132.9400755416514,1692239,HINDUNILVR.NS
2021-05-04,2191.79443359375,2201.398628237297,2159.5227127035787,2193.205514328526,1453111,HINDUNILVR.NS
2021-05-05,2179.95947265625,2215.7816686489637,2156.290481947592,2215.7816686489637,1256857,HINDUNILVR.NS
2021-05-06,2175.726806640625,2199.8965359096496,2163.9378711137065,2184.830266082636,1377740,HINDUNILVR.NS
2021-05-07,2195.02587890625,2206.6783502889502,2182.2354752059505,2192.841137757421,1169518,HINDUNILVR.NS
2021-05-10,2214.7802734375,2227.570676756349,2199.3955178633396,2205.7679386518507,988495,HINDUNILVR.NS
2021-05-11,2186.74169921875,2208.4988745809787,2179.595395904991,2207.5885287959086,1019077,HINDUNILVR.NS
2021-05-12,2120.14990234375,2174.816214556524,2116.5996424641457,2174.816214556524,2053932,HINDUNILVR.NS
2021-05-14,2163.755859375,2168.8081015937273,2117.4646789332896,2120.104593286362,1388970,HINDUNILVR.NS
2021-05-17,2163.20947265625,2180.27845850046,2154.333600017261,2171.1749993835483,811243,HINDUNILVR.NS
2021-05-18,2161.38818359375,2192.4310595055586,2154.7426158242365,2186.7413991296667,1153722,HINDUNILVR.NS
2021-05-19,2148.188720703125,2166.6232250337694,2133.8507728904015,2148.416307176343,1323590,HINDUNILVR.NS
2021-05-20,2133.98681640625,2150.236576300835,2130.208970594392,2148.4158848729767,856235,HINDUNILVR.NS
2021-05-21,2150.464599609375,2154.0148597140073,2130.2094033594826,2130.2094033594826,771492,HINDUNILVR.NS
2021-05-24,2127.068603515625,2148.370607136598,2116.781651137886,2143.8644397074386,1194864,HINDUNILVR.NS
2021-05-25,2133.89599609375,2157.337399116217,2128.3883598651796,2143.8642375887503,1098457,HINDUNILVR.NS
2021-05-26,2142.9541015625,2157.701659680122,2134.9885754840498,2144.5472067781902,811095,HINDUNILVR.NS
2021-05-27,2117.827880859375,2142.043162330645,2114.641671310647,2142.043162330645,3755182,HINDUNILVR.NS
2021-05-28,2113.5498046875,2139.3126353423136,2111.4106254035937,2124.15546663542,1215325,HINDUNILVR.NS
2021-05-31,2130.254638671875,2134.760805730296,2112.1386247089176,2116.5538905428307,1178704,HINDUNILVR.NS
2021-06-01,2146.86865234375,2151.147233368017,2121.652116868588,2136.58169983696,1141451,HINDUNILVR.NS
2021-06-02,2147.32373046875,2160.842232329019,2139.312642929853,2144.7747177628653,1113091,HINDUNILVR.NS
2021-06-03,2151.37451171875,2158.4752527486835,2134.760702414247,2156.608999581813,868532,HINDUNILVR.NS
2021-06-04,2132.075439453125,2157.5195602810663,2124.7015495233586,2157.5195602810663,1283795,HINDUNILVR.NS
2021-06-07,2129.572265625,2142.954306264613,2122.016350001195,2142.954306264613,1128300,HINDUNILVR.NS
2021-06-08,2147.50537109375,2150.236408021805,2125.793538614773,2129.5716063833274,1106664,HINDUNILVR.NS
2021-06-09,2144.774658203125,2159.294628947189,2135.307150989771,2150.236732884457,1072858,HINDUNILVR.NS
2021-06-10,2165.53076171875,2184.78448762787,2144.0920724088155,2152.0575986304807,1944339,HINDUNILVR.NS
2021-06-11,2154.33349609375,2174.40666692871,2148.416247953201,2167.5335111765135,1128097,HINDUNILVR.NS
2021-06-14,2168.17919921875,2177.8069927785837,2142.5050830591936,2162.4940372664264,1761632,HINDUNILVR.NS
2021-06-15,2193.2568359375,2196.0535250734706,2163.9608848323137,2163.9608848323137,1215463,HINDUNILVR.NS
2021-06-16,2207.8818359375,2217.9224266227293,2185.6462212139104,2186.8841697221,2153668,HINDUNILVR.NS
2021-06-17,2216.867919921875,2224.386722529719,2188.167884540964,2198.8043923299633,1555777,HINDUNILVR.NS
2021-06-18,2276.652099609375,2289.3058155765816,2205.2231321899267,2218.9771226193857,3937751,HINDUNILVR.NS
2021-06-21,2305.48974609375,2318.922720151847,2262.0728946676973,2268.445531945834,2506277,HINDUNILVR.NS
2021-06-22,2283.3916015625,2323.4615148220328,2275.505890986896,2308.928266190942,1945883,HINDUNILVR.NS
2021-06-23,2274.45166015625,2305.1689069271565,2254.004015294853,2287.7471848779855,1035668,HINDUNILVR.NS
2021-06-24,2283.2998046875,2296.733002654792,2268.583214383539,2283.162354330843,759681,HINDUNILVR.NS
2021-06-25,2245.246826171875,2283.116185717041,2241.9001118680876,2281.328211995011,1112942,HINDUNILVR.NS
2021-06-28,2255.837890625,2260.2392125655915,2234.8402203445676,2246.577004232633,694906,HINDUNILVR.NS
2021-06-29,2285.50048828125,2290.03926006062,2241.9002966359226,2251.0696230025314,1354397,HINDUNILVR.NS
2021-06-30,2266.015625,2296.9162094731064,2258.405039493917,2285.500443144233,1447245,HINDUNILVR.NS
2021-07-01,2272.159423828125,2277.6610204959898,2258.405432158463,2277.6610204959898,735043,HINDUNILVR.NS
2021-07-02,2280.686767578125,2285.638114653202,2248.3189982391996,2272.1592486283594,860231,HINDUNILVR.NS
2021-07-05,2291.46044921875,2304.6182976574223,2278.6233928724373,2291.4145578168423,761700,HINDUNILVR.NS
2021-07-06,2267.1162109375,2290.452104514578,2263.906946331522,2283.162533967391,461782,HINDUNILVR.NS
2021-07-07,2275.505859375,2283.895927579089,2242.6798490445535,2253.8204913841223,623145,HINDUNILVR.NS
2021-07-08,2244.23828125,2264.594138849585,2235.8941055984956,2257.671253406038,1114426,HINDUNILVR.NS
2021-07-09,2247.814453125,2259.780468729693,2235.8943289239505,2237.3156192738693,538094,HINDUNILVR.NS
2021-07-12,2241.120849609375,2255.5625388639905,2228.146342140702,2249.2357931156967,543898,HINDUNILVR.NS
2021-07-13,2234.289794921875,2251.5740653165067,2228.1463907975403,2251.069707575293,994396,HINDUNILVR.NS
2021-07-14,2214.25537109375,2238.554091495043,2208.891224404336,2237.132800812667,1377829,HINDUNILVR.NS
2021-07-15,2211.962646484375,2223.561755375425,2201.555370992328,2223.561755375425,693792,HINDUNILVR.NS
2021-07-16,2216.5927734375,2228.146213719504,2206.13983136178,2218.976887737119,545405,HINDUNILVR.NS
2021-07-19,2208.56982421875,2216.226301689772,2199.2630470016206,2200.684337436786,463873,HINDUNILVR.NS
2021-07-20,2232.63916015625,2255.654258599167,2203.389098948698,2203.389098948698,1061476,HINDUNILVR.NS
2021-07-22,2180.603515625,2299.667321979012,2178.173733397585,2246.485222826387,3546044,HINDUNILVR.NS
2021-07-23,2162.218994140625,2193.0736885918695,2159.1012887816864,2184.1335951607957,1517589,HINDUNILVR.NS
2021-07-26,2153.599853515625,2163.961238114295,2143.7887180979756,2161.439673112255,1311535,HINDUNILVR.NS
2021-07-27,2147.8232421875,2163.4569907702407,2138.287230873618,2153.5999634409563,1656945,HINDUNILVR.NS
2021-07-28,2165.24462890625,2171.70904873767,2148.4649408194014,2154.791686439639,912373,HINDUNILVR.NS
2021-07-29,2140.808349609375,2174.413839254891,2136.4529198371747,2165.24451341868,1012663,HINDUNILVR.NS
2021-07-30,2139.47900390625,2160.7976880873966,2125.449889543974,2145.6224079089297,1708251,HINDUNILVR.NS
2021-08-02,2139.0205078125,2157.909185884155,2131.5017049350254,2147.4562433301667,1229936,HINDUNILVR.NS
2021-08-03,2188.5810546875,2194.2201016351596,2132.8773893409325,2136.4533375720525,1733476,HINDUNILVR.NS
2021-08-04,2179.64111328125,2195.824888138593,2170.884360008576,2188.5812083472697,1588974,HINDUNILVR.NS
2021-08-05,2161.85205078125,2192.385952609774,2158.459444769305,2192.385952609774,921757,HINDUNILVR.NS
2021-08-06,2174.505859375,2182.9874866991486,2161.6688018033155,2161.85214356795,1432661,HINDUNILVR.NS
2021-08-09,2186.426025390625,2196.0538187504912,2177.5777143707664,2181.7954704787753,921476,HINDUNILVR.NS
2021-08-10,2183.950439453125,2195.136974081098,2163.1361110791827,2195.136974081098,1061370,HINDUNILVR.NS
2021-08-11,2191.88134765625,2196.0534354895062,2165.9780033754237,2191.468772784935,1300594,HINDUNILVR.NS
2021-08-12,2193.577880859375,2213.016807004406,2179.9613423472815,2196.0535540814385,1226064,HINDUNILVR.NS
2021-08-13,2204.764892578125,2209.487006900315,2189.6355015498284,2201.555627814547,1033159,HINDUNILVR.NS
2021-08-16,2224.845458984375,2234.4275849826727,2193.89897972999,2204.3062556308605,1146309,HINDUNILVR.NS
2021-08-17,2277.477294921875,2280.8240094533026,2229.1090990343637,2230.89707287801,1921902,HINDUNILVR.NS
2021-08-18,2279.54052734375,2292.331693420935,2250.15279026199,2278.5777032604096,1545643,HINDUNILVR.NS
2021-08-20,2401.8134765625,2411.533052936035,2270.3254140949134,2283.162472171379,5779927,HINDUNILVR.NS
2021-08-23,2415.33740234375,2450.8228654653135,2378.9811220709657,2406.9475603917076,2163220,HINDUNILVR.NS
2021-08-24,2414.283447265625,2437.2067614250022,2393.1939982389977,2415.200379832,1482854,HINDUNILVR.NS
2021-08-25,2425.287353515625,2444.9555180943307,2402.959949393669,2413.3672266363424,1746570,HINDUNILVR.NS
2021-08-26,2444.908935546875,2473.7007528019117,2412.449611841663,2412.449611841663,2117291,HINDUNILVR.NS
2021-08-27,2455.499755859375,2466.5488391115123,2430.880248417264,2447.2932533786716,1176229,HINDUNILVR.NS
2021-08-30,2464.43994140625,2480.9906212010574,2449.6774594419235,2468.0161132066914,1168190,HINDUNILVR.NS
2021-08-31,2497.816650390625,2510.0575685640406,2453.3910785585317,2464.6235050004275,2535891,HINDUNILVR.NS
2021-09-01,2505.88525390625,2544.4882096216547,2489.472248332538,2516.9802289770964,1775792,HINDUNILVR.NS
2021-09-02,2568.37451171875,2576.581015019392,2503.363845742332,2519.731184794765,1946183,HINDUNILVR.NS
2021-09-03,2536.877685546875,2575.4347507982197,2527.066550315939,2569.428796771917,1561823,HINDUNILVR.NS
2021-09-06,2549.623291015625,2590.3350155206563,2544.7635026745766,2558.2423693106657,1444978,HINDUNILVR.NS
2021-09-07,2546.963623046875,2575.3885334772267,2539.9032868411127,2556.9583226435225,1219915,HINDUNILVR.NS
2021-09-08,2568.236572265625,2576.5807489327076,2535.4105624530403,2557.2333804552363,946711,HINDUNILVR.NS
2021-09-09,2577.17626953125,2589.096392160528,2550.906242665531,2550.906242665531,879454,HINDUNILVR.NS
2021-09-13,2554.895751953125,2587.9968911354485,2544.488475311687,2565.1194629493493,1341412,HINDUNILVR.NS
2021-09-14,2533.072509765625,2571.079325927795,2522.527783571556,2569.245460502739,1755061,HINDUNILVR.NS
2021-09-15,2544.90087890625,2553.6576311748436,2520.6939445858234,2543.571371231245,1362350,HINDUNILVR.NS
2021-09-16,2538.298828125,2564.93576658699,2523.3986724464917,2523.3986724464917,1259196,HINDUNILVR.NS
2021-09-17,2496.119873046875,2551.8235307886684,2474.8011892197687,2539.995189306219,3095032,HINDUNILVR.NS
2021-09-20,2567.732177734375,2575.6635548150107,2484.93312299439,2494.0565571722427,2671330,HINDUNILVR.NS
2021-09-21,2578.827392578125,2621.78578020403,2564.339810779536,2576.5809521784026,2277437,HINDUNILVR.NS
2021-09-22,2553.199462890625,2603.9974520837495,2543.571668184088,2592.9942581334217,1580594,HINDUNILVR.NS
2021-09-23,2551.181640625,2583.6409654118183,2542.5166722494127,2566.4943704101884,1054473,HINDUNILVR.NS
2021-09-24,2518.4931640625,2549.072959797082,2504.50994009239,2539.9954154197135,1635284,HINDUNILVR.NS
2021-09-27,2484.4287109375,2535.318466780656,2479.8440482489273,2535.318466780656,1465932,HINDUNILVR.NS
2021-09-28,2497.58740234375,2525.645410646024,2484.796011179194,2498.6417854796455,1078052,HINDUNILVR.NS
2021-09-29,2462.239501953125,2516.475983329204,2454.6289155303275,2489.4264678237337,1503894,HINDUNILVR.NS
2021-09-30,2477.36865234375,2480.577916584812,2459.167449889525,2462.2392637787443,1620199,HINDUNILVR.NS
2021-10-01,2479.431884765625,2486.721454877842,2457.4713916157807,2481.219858738732,956111,HINDUNILVR.NS
2021-10-04,2463.064453125,2497.7245522566104,2457.104390867413,2475.7181685362875,1025005,HINDUNILVR.NS
2021-10-05,2483.649169921875,2489.4258895447765,2462.8807379786435,2463.0640797097485,562784,HINDUNILVR.NS
2021-10-06,2462.927001953125,2506.8938779743175,2453.7117840011974,2470.2624631907966,862471,HINDUNILVR.NS
2021-10-07,2447.659912109375,2479.6151043199557,2444.542430661737,2473.884275290835,1082816,HINDUNILVR.NS
2021-10-08,2420.748291015625,2456.050201009896,2407.315092246942,2448.6688477844427,1579941,HINDUNILVR.NS
2021-10-11,2425.378662109375,2444.0839987798045,2416.576019052401,2422.7194230860855,1086252,HINDUNILVR.NS
2021-10-12,2453.849365234375,2464.7609987237042,2406.9483469886904,2406.9483469886904,1174337,HINDUNILVR.NS
2021-10-13,2426.89111328125,2469.849490785099,2423.085932920796,2464.806361995811,1660007,HINDUNILVR.NS
2021-10-14,2429.458984375,2454.399508060635,2402.363579385024,2426.891528144012,2158809,HINDUNILVR.NS
2021-10-18,2433.539306640625,2456.3708405837406,2423.4989386743273,2450.777685611991,1758177,HINDUNILVR.NS
2021-10-19,2335.244140625,2505.0600242932765,2311.128766922109,2448.118416627324,5431133,HINDUNILVR.NS
2021-10-20,2272.7548828125,2369.3538210597335,2264.8235054247452,2355.599832160393,4864654,HINDUNILVR.NS
2021-10-21,2242.588134765625,2296.91639684673,2226.312579458627,2295.449214993159,3254632,HINDUNILVR.NS
2021-10-22,2250.24462890625,2290.727118072295,2228.146461289173,2254.737509592624,1845622,HINDUNILVR.NS
2021-10-25,2251.849365234375,2258.909702579586,2209.807909446135,2250.2447329349848,1560381,HINDUNILVR.NS
2021-10-26,2248.158447265625,2277.726552095182,2229.891567791982,2277.726552095182,1595060,HINDUNILVR.NS
2021-10-27,2211.025390625,2265.08771171756,2205.9972174927416,2264.9032432622957,3083879,HINDUNILVR.NS
2021-10-28,2204.61328125,2228.923024362674,2184.6397854680513,2214.161944731133,2015791,HINDUNILVR.NS
2021-10-29,2207.84228515625,2216.007097487519,2189.252640440417,2214.161962518753,2453400,HINDUNILVR.NS
2021-11-01,2220.71240234375,2224.2179787858063,2184.8705635346764,2207.704110013082,1941114,HINDUNILVR.NS
2021-11-02,2231.59912109375,2239.994578016907,2216.007815649345,2228.001196833126,1350154,HINDUNILVR.NS
2021-11-03,2224.633056640625,2245.529118781317,2201.4303506947417,2245.529118781317,1591607,HINDUNILVR.NS
2021-11-04,2235.242919921875,2241.839187931794,2232.613512261293,2240.916620364744,245719,HINDUNILVR.NS
2021-11-08,2243.591796875,2259.3677911050045,2214.2543307768506,2259.3677911050045,2555533,HINDUNILVR.NS
2021-11-09,2242.900146484375,2256.7848340096716,2229.3384477158515,2250.880491422469,1696949,HINDUNILVR.NS
2021-11-10,2214.300537109375,2232.6135940809363,2210.471971660299,2224.3566591004865,1794509,HINDUNILVR.NS
2021-11-11,2192.205078125,2220.5740317221494,2182.9794021584476,2216.6531194363647,1282647,HINDUNILVR.NS
2021-11-12,2218.72900390625,2226.709349145272,2192.2051842187666,2203.0915274333993,1651974,HINDUNILVR.NS
2021-11-15,2236.99609375,2241.839574311785,2217.9451603014845,2217.9451603014845,1007999,HINDUNILVR.NS
2021-11-16,2220.29736328125,2246.1292576965247,2214.2547253123867,2246.1292576965247,1245209,HINDUNILVR.NS
2021-11-17,2205.99755859375,2223.4342224184347,2202.3534614030305,2217.852643057335,956809,HINDUNILVR.NS
2021-11-18,2213.60888671875,2220.0209125311844,2186.4854859745815,2204.936840286603,1236943,HINDUNILVR.NS
2021-11-22,2203.598876953125,2223.2955599902784,2193.0814712146957,2222.834276192178,1629290,HINDUNILVR.NS
2021-11-23,2208.8115234375,2214.1624610990734,2155.5794126491605,2202.9071803024035,1932539,HINDUNILVR.NS
2021-11-24,2190.867431640625,2219.697669450403,2183.7175326638003,2219.697669450403,999070,HINDUNILVR.NS
2021-11-25,2167.1572265625,2202.1686180698252,2159.7305131551993,2202.1686180698252,1363272,HINDUNILVR.NS
2021-11-26,2154.28759765625,2181.8722775827873,2145.1540436781247,2162.498358838923,2450902,HINDUNILVR.NS
2021-11-29,2149.029052734375,2160.884137456397,2107.7903226960016,2153.641891110843,1724612,HINDUNILVR.NS
2021-11-30,2138.096435546875,2178.18194989089,2123.7504653319897,2142.201816029922,3931035,HINDUNILVR.NS
2021-12-01,2163.28271484375,2174.261179127797,2143.3551647008185,2158.808171914308,1263139,HINDUNILVR.NS
2021-12-02,2198.75537109375,2203.0913936974166,2163.4209875294982,2174.4917985531033,1673117,HINDUNILVR.NS
2021-12-03,2162.175537109375,2204.8442900196555,2156.8707732340426,2198.7554788001476,1890178,HINDUNILVR.NS
2021-12-06,2127.90234375,2180.903811665437,2122.828221534251,2162.498631584652,1079171,HINDUNILVR.NS
2021-12-07,2141.8330078125,2160.330307809702,2132.976268850808,2147.645003442618,895313,HINDUNILVR.NS
2021-12-08,2159.361572265625,2162.913321985202,2138.742098625674,2138.742098625674,839769,HINDUNILVR.NS
2021-12-09,2158.57763671875,2166.7424504311375,2141.786950709996,2159.7308462692995,716666,HINDUNILVR.NS
2021-12-10,2152.165771484375,2165.266186534611,2140.356860997144,2165.266186534611,724539,HINDUNILVR.NS
2021-12-13,2125.918701171875,2169.8789564319695,2122.8280096726025,2169.8789564319695,1804894,HINDUNILVR.NS
2021-12-14,2138.78857421875,2144.9235588423635,2125.5958121085027,2126.518379735286,1219031,HINDUNILVR.NS
2021-12-15,2141.233154296875,2144.785129532136,2122.366692557421,2136.6664898774125,755122,HINDUNILVR.NS
2021-12-16,2130.669921875,2145.246535342089,2125.549626528378,2141.2332760940308,926493,HINDUNILVR.NS
2021-12-17,2057.55615234375,2130.1621690337374,2053.635240496441,2124.672937494746,2439222,HINDUNILVR.NS
2021-12-20,2093.398193359375,2098.2416731716976,2030.7095458851932,2053.6354404246763,2175705,HINDUNILVR.NS
2021-12-21,2096.85791015625,2124.3964185364493,2078.3142108560264,2112.6798547820667,1591415,HINDUNILVR.NS
2021-12-22,2101.285888671875,2137.9579487583514,2093.3057694645254,2121.90536349423,1661605,HINDUNILVR.NS
2021-12-23,2122.504638671875,2126.5178970318975,2098.4719376384023,2120.9363191095877,1423081,HINDUNILVR.NS
2021-12-24,2119.091796875,2133.8990532515572,2106.4988380819586,2131.1313501993504,895503,HINDUNILVR.NS
2021-12-27,2123.197509765625,2129.3788944037124,2101.8401546369005,2119.0921279773133,584302,HINDUNILVR.NS
2021-12-28,2130.301025390625,2138.88072424466,2119.8297925930797,2131.1312461712605,783710,HINDUNILVR.NS
2021-12-29,2128.22509765625,2142.0636112628677,2121.029025533564,2135.6515864361554,1410236,HINDUNILVR.NS
2021-12-30,2145.52294921875,2149.5821558993616,2118.8144413846076,2129.285672023917,963711,HINDUNILVR.NS
2021-12-31,2177.39794921875,2186.8083194384603,2149.5826246636298,2158.808301164332,1123597,HINDUNILVR.NS
2022-01-03,2178.459228515625,2193.8660645778978,2170.8018713001657,2193.8660645778978,879278,HINDUNILVR.NS
2022-01-04,2215.3154296875,2221.6351077854724,2172.969667320708,2185.5164514267585,1484275,HINDUNILVR.NS
2022-01-05,2228.7392578125,2232.613997388813,2206.782099898364,2217.6684446023073,1202512,HINDUNILVR.NS
2022-01-06,2206.22802734375,2225.23300964332,2184.363220679326,2212.3170634845283,1198901,HINDUNILVR.NS
2022-01-07,2229.061279296875,2234.3660421940463,2203.091095381724,2203.091095381724,1026186,HINDUNILVR.NS
2022-01-10,2220.66650390625,2237.2265481535815,2216.00749223295,2237.2265481535815,919447,HINDUNILVR.NS
2022-01-11,2217.52978515625,2231.045537244075,2206.78196143357,2229.984449236247,1321335,HINDUNILVR.NS
2022-01-12,2226.293701171875,2228.9231086751847,2212.7781772174794,2220.804469523497,1487554,HINDUNILVR.NS
2022-01-13,2227.262939453125,2234.3666658335314,2217.160867989616,2230.768741828312,1586299,HINDUNILVR.NS
2022-01-14,2180.6728515625,2233.536016707784,2177.99749578815,2232.613449166806,1596037,HINDUNILVR.NS
2022-01-17,2204.521240234375,2208.811089064635,2163.420812585561,2180.9495952888133,912205,HINDUNILVR.NS
2022-01-18,2186.02392578125,2222.1885306139893,2174.8607677391096,2222.1885306139893,1667579,HINDUNILVR.NS
2022-01-19,2131.038818359375,2185.1937169025064,2126.564500621768,2180.949815829665,2145255,HINDUNILVR.NS
2022-01-20,2086.66357421875,2145.477262424906,2069.3192571985483,2144.969805165682,2829711,HINDUNILVR.NS
2022-01-21,2145.338623046875,2153.595783317832,2075.777115579289,2089.4311612090123,4596050,HINDUNILVR.NS
2022-01-24,2107.697998046875,2163.3748167460417,2091.183903108086,2157.7932378009095,2231103,HINDUNILVR.NS
2022-01-25,2147.04541015625,2152.9959260266146,2067.3816091725157,2106.6830783507557,1843543,HINDUNILVR.NS
2022-01-27,2117.61572265625,2145.5233937674066,2098.841381086976,2131.131248488314,2620474,HINDUNILVR.NS
2022-01-28,2106.7294921875,2139.1576563755766,2101.6553698957737,2116.923910202673,1967721,HINDUNILVR.NS
2022-01-31,2097.68798828125,2132.8379023904786,2095.1509274927844,2112.6797111221827,1639875,HINDUNILVR.NS
2022-02-01,2127.1181640625,2140.35710088012,2101.9781938043175,2124.9502650718982,1270508,HINDUNILVR.NS
2022-02-02,2147.644775390625,2152.349959696187,2118.7224196465886,2144.1391991085875,1246111,HINDUNILVR.NS
2022-02-03,2120.19873046875,2151.381561728838,2112.679894301866,2148.660032239758,1448039,HINDUNILVR.NS
2022-02-04,2127.99462890625,2133.668329852112,2106.2219422991557,2127.4409982224497,1014561,HINDUNILVR.NS
2022-02-07,2082.788818359375,2137.3124313751655,2063.783834660051,2117.523400314476,1207402,HINDUNILVR.NS
2022-02-08,2089.01611328125,2092.3833950526905,2072.59436433985,2092.3833950526905,1190660,HINDUNILVR.NS
2022-02-09,2101.285888671875,2103.777001244082,2080.9434543977854,2091.9680915652184,1049611,HINDUNILVR.NS
2022-02-10,2106.35986328125,2108.0667032229794,2081.173951129736,2103.453865797984,1195100,HINDUNILVR.NS
2022-02-11,2083.15771484375,2102.5316351323763,2074.8546061486245,2102.5316351323763,2100036,HINDUNILVR.NS
2022-02-14,2055.988037109375,2063.091762468393,2036.1066606004442,2048.1000392084215,1661501,HINDUNILVR.NS
2022-02-15,2112.772216796875,2125.7341117924484,2050.452728424556,2073.8858561014426,1533070,HINDUNILVR.NS
2022-02-16,2109.451171875,2125.3654656492595,2098.841642692161,2112.7725058876135,995668,HINDUNILVR.NS
2022-02-17,2128.870849609375,2133.89879783849,2099.763797613663,2105.299203055527,869374,HINDUNILVR.NS
2022-02-18,2133.484130859375,2147.5532892813053,2116.370453764461,2116.370453764461,890713,HINDUNILVR.NS
2022-02-21,2117.1083984375,2125.64214964408,2107.836548025262,2120.0605700238766,737919,HINDUNILVR.NS
2022-02-22,2094.182373046875,2103.454222892399,2075.869540502473,2103.454222892399,902667,HINDUNILVR.NS
2022-02-23,2085.371826171875,2097.872662877861,2077.852989918128,2094.2285657072484,1324411,HINDUNILVR.NS
2022-02-24,2003.26318359375,2068.3965458271337,1993.0228184416958,2029.6487068776512,2997629,HINDUNILVR.NS
2022-02-25,2002.617431640625,2025.9584368206404,1994.7294336631348,2025.03586922646,2193728,HINDUNILVR.NS
2022-02-28,2003.9095458984375,2011.1053943247093,1955.8436749248785,1996.4366568572816,2334036,HINDUNILVR.NS
2022-03-02,1982.6903076171875,1987.9488983895264,1958.6573743067265,1964.1004335693444,2034688,HINDUNILVR.NS
2022-03-03,1929.0888671875,2000.0803995338827,1925.029659809193,1990.8085500317177,2372998,HINDUNILVR.NS
2022-03-04,1863.125244140625,1917.0492746170337,1822.3016283677987,1914.327745279424,6320118,HINDUNILVR.NS
2022-03-07,1793.425048828125,1826.8220599408928,1777.7875747307444,1826.2223685415197,2976453,HINDUNILVR.NS
2022-03-08,1798.084228515625,1806.3873368053328,1754.3084415243552,1775.5274960424974,3211938,HINDUNILVR.NS
2022-03-09,1843.19775390625,1851.6392696187959,1799.9293127421327,1811.922691043336,2879079,HINDUNILVR.NS
2022-03-10,1939.1910400390625,1950.3080253443052,1890.3411276870772,1893.0164837957482,4879791,HINDUNILVR.NS
2022-03-11,1932.2255859375,1946.8021997783435,1909.715025489989,1937.3920548449164,2481643,HINDUNILVR.NS
2022-03-14,1899.8433837890625,1932.7789999825723,1887.6654246669948,1932.7789999825723,1730325,HINDUNILVR.NS
2022-03-15,1880.3773193359375,1919.6787909056195,1868.1994715317196,1886.650824336971,2391023,HINDUNILVR.NS
2022-03-16,1911.6982421875,1918.9404874871664,1874.7034188925782,1900.4891366459435,2808685,HINDUNILVR.NS
2022-03-17,1939.2833251953125,1952.7988508350625,1921.108787992415,1935.6392281162618,2995889,HINDUNILVR.NS
2022-03-21,1892.370361328125,1947.4475945865643,1887.5730555011685,1943.3883877874932,1674982,HINDUNILVR.NS
2022-03-22,1839.138427734375,1894.7231231299086,1816.5355225527887,1894.7231231299086,5356303,HINDUNILVR.NS
2022-03-23,1825.3463134765625,1860.4038850316479,1822.3017951100555,1856.206157074513,3212162,HINDUNILVR.NS
2022-03-24,1813.67578125,1837.1550830970928,1800.2523767798564,1817.4582861238923,3054664,HINDUNILVR.NS
2022-03-25,1801.7745361328125,1823.9161586966566,1794.3939952781977,1821.9787892459435,2233647,HINDUNILVR.NS
2022-03-28,1822.163330078125,1827.4220332167306,1781.7549348653629,1808.186407756052,1794533,HINDUNILVR.NS
2022-03-29,1833.1881103515625,1840.3840705149553,1821.1947307944522,1826.683963313727,1249125,HINDUNILVR.NS
2022-03-30,1859.8040771484375,1862.6640142306164,1840.5685649040033,1845.1352295498923,1476829,HINDUNILVR.NS
2022-03-31,1890.01806640625,1894.9538932724129,1861.7414589209975,1863.0330761138428,2540524,HINDUNILVR.NS
2022-04-01,1917.23388671875,1924.3378378681969,1880.5619349631133,1895.7841886888157,1714996,HINDUNILVR.NS
2022-04-04,1963.6390380859375,1967.329308626722,1909.8994733357633,1917.095545937541,1693019,HINDUNILVR.NS
2022-04-05,1974.110107421875,1990.9007919452536,1962.3011976216658,1978.4461299011105,1277652,HINDUNILVR.NS
2022-04-06,1976.186279296875,1996.8055332148851,1957.0429986261718,1969.6821316602986,1736115,HINDUNILVR.NS
2022-04-07,1997.1741943359375,2006.5843379078497,1969.7739842862306,1974.2483015761618,1824732,HINDUNILVR.NS
2022-04-08,2014.0113525390625,2023.6521394302897,1995.9751099418427,2009.0755255191257,1693462,HINDUNILVR.NS
2022-04-11,1995.56005859375,2024.2058300091462,1973.2799140545533,2018.5780770854776,1380107,HINDUNILVR.NS
2022-04-12,1967.1446533203125,1997.3587405034477,1960.4560386003818,1975.1247725123635,1370233,HINDUNILVR.NS
2022-04-13,1985.5037841796875,1997.3588680173782,1965.714754068055,1972.172727313377,1071601,HINDUNILVR.NS
2022-04-18,2009.029296875,2013.8727769023644,1969.7280512232717,1981.6752569101895,1828131,HINDUNILVR.NS
2022-04-19,1949.4317626953125,2035.9686597410443,1938.3609500729056,2016.4562173522966,1775996,HINDUNILVR.NS
2022-04-20,1997.3128662109375,2000.7263216009515,1930.6573509157095,1950.6770246491712,1511804,HINDUNILVR.NS
2022-04-21,2027.7576904296875,2033.1086282933215,2000.126832054417,2015.8104834127773,2244813,HINDUNILVR.NS
2022-04-22,1962.255126953125,2019.5004920232318,1955.843327130768,2013.0425187732717,3520828,HINDUNILVR.NS
2022-04-25,1938.0838623046875,1994.5911271225677,1888.4958544032822,1937.39193661304,2437310,HINDUNILVR.NS
2022-04-26,1981.9984130859375,1990.8549278851706,1956.7660963366463,1976.32448657574,1447088,HINDUNILVR.NS
2022-04-27,1979.0001220703125,1985.7346862910852,1940.621214517324,1981.491009886952,2214481,HINDUNILVR.NS
2022-04-28,2068.25830078125,2075.777136759909,1997.358889371201,2057.325784433154,5865359,HINDUNILVR.NS
2022-04-29,2061.800537109375,2112.6800562293024,2050.4529092273547,2070.6108785522424,2678692,HINDUNILVR.NS
2022-05-02,2057.786865234375,2077.622067028833,2035.0916140169286,2048.099906218477,1543544,HINDUNILVR.NS
2022-05-04,2003.401611328125,2076.561263202784,1982.2746792589307,2068.3502768534363,1608395,HINDUNILVR.NS
2022-05-05,1998.8349609375,2031.4475889658502,1986.8415826854189,2009.3521410025294,1101451,HINDUNILVR.NS
2022-05-06,1982.782470703125,2001.9719240546792,1943.1120593048065,1960.4563772424856,1585602,HINDUNILVR.NS
2022-05-09,1952.7525634765625,1973.7409757642536,1946.7558742515077,1957.2271063005157,1341414,HINDUNILVR.NS
2022-05-10,2011.5665283203125,2027.7114631131299,1954.9209614845863,1968.759477021287,2162232,HINDUNILVR.NS
2022-05-11,1995.974853515625,2020.1460777829693,1952.152895788797,2015.8100554340838,1858636,HINDUNILVR.NS
2022-05-12,1973.1878662109375,1997.2208001404192,1945.8797718586989,1997.2208001404192,1531515,HINDUNILVR.NS
2022-05-13,2024.2056884765625,2046.254964318595,1987.3489321719185,2001.9717189230619,2057239,HINDUNILVR.NS
2022-05-16,2045.5631103515625,2049.8991332347023,2004.0937397666978,2029.6488184793945,1396818,HINDUNILVR.NS
2022-05-17,2071.164306640625,2100.6864704769278,2049.2994990966104,2064.613986444951,2055096,HINDUNILVR.NS
2022-05-18,2113.971435546875,2123.75074278888,2062.953624390855,2062.953624390855,2137455,HINDUNILVR.NS
2022-05-19,2089.20068359375,2106.9601114235707,2071.57955082135,2071.718071115021,1734602,HINDUNILVR.NS
2022-05-20,2145.846435546875,2166.189099694755,2105.945379941339,2112.6801696341518,2599505,HINDUNILVR.NS
2022-05-23,2195.526611328125,2203.091621261757,2127.7640602356446,2130.2087744947225,2363306,HINDUNILVR.NS
2022-05-24,2130.808349609375,2195.7110759185252,2123.796970391049,2195.7110759185252,3078655,HINDUNILVR.NS
2022-05-25,2120.706298828125,2149.5365390709167,2109.4510180845896,2149.5365390709167,1884260,HINDUNILVR.NS
2022-05-26,2103.638427734375,2118.2150396923926,2083.1574737044525,2112.817929570817,2299127,HINDUNILVR.NS
2022-05-27,2150.13623046875,2154.103091129157,2103.915501640559,2119.1378676905783,1011303,HINDUNILVR.NS
2022-05-30,2167.065185546875,2181.872441029013,2150.5051416653823,2160.837854055566,939562,HINDUNILVR.NS
2022-05-31,2171.0322265625,2184.54775194411,2125.5034249495284,2177.2595579252097,3123979,HINDUNILVR.NS
2022-06-01,2129.701171875,2226.8937604870093,2123.7506557885217,2186.4852537874876,2197599,HINDUNILVR.NS
2022-06-02,2107.882568359375,2128.317351291562,2082.373438220442,2117.2927131483425,1460335,HINDUNILVR.NS
2022-06-03,2114.478759765625,2144.923490479133,2089.753903108621,2107.1443924137075,1845303,HINDUNILVR.NS
2022-06-06,2103.91552734375,2123.7045584032867,2073.5631417313366,2096.258170795974,2131405,HINDUNILVR.NS
2022-06-07,2040.3509521484375,2084.8648466565323,2036.1532237848762,2075.77746410804,2034730,HINDUNILVR.NS
2022-06-08,2026.92724609375,2047.1313869921405,2016.7328287875355,2043.4872899196664,1506843,HINDUNILVR.NS
2022-06-09,2027.5267333984375,2037.352213305358,2002.6635820680556,2026.880981137173,1497867,HINDUNILVR.NS
2022-06-10,2029.5562744140625,2037.8134342213623,1995.3291532608412,1995.5136217246213,1641981,HINDUNILVR.NS
2022-06-13,2026.78857421875,2045.3322721937498,1989.0556512628436,2000.126461937776,1519441,HINDUNILVR.NS
2022-06-14,2002.8941650390625,2042.5183965410713,1992.745921918183,2021.207221128956,1592475,HINDUNILVR.NS
2022-06-15,1997.822021484375,2009.3161906182797,1983.3493889916244,2009.1300934645649,1432377,HINDUNILVR.NS
2022-06-16,1997.96142578125,2014.062805111816,1987.1187109042944,1996.379259225899,1353485,HINDUNILVR.NS
2022-06-17,1964.22314453125,2010.7122119955238,1954.4972394276388,2010.340017697,3252189,HINDUNILVR.NS
2022-06-20,2043.752685546875,2050.267676864812,1962.0826158113082,1964.7352388806999,2022000,HINDUNILVR.NS
2022-06-21,2052.22216796875,2077.351419005102,2021.6481549845803,2042.9150379552864,1606187,HINDUNILVR.NS
2022-06-22,2050.22119140625,2070.743230960725,2034.5851678017711,2037.516822816739,1741378,HINDUNILVR.NS
2022-06-23,2096.5244140625,2100.945301275085,2040.2162716706243,2055.014519029117,1585753,HINDUNILVR.NS
2022-06-24,2144.26953125,2158.1372909061834,2103.457903649479,2108.0648874286912,1930048,HINDUNILVR.NS
2022-06-27,2159.85888671875,2170.2830533947563,2138.824910673951,2155.391646400277,1450391,HINDUNILVR.NS
2022-06-28,2157.066650390625,2162.9767681643098,2120.024458946331,2159.8587890758627,1404108,HINDUNILVR.NS
2022-06-29,2078.701171875,2140.5470132378377,2070.8366914580347,2137.103420139715,1682914,HINDUNILVR.NS
2022-06-30,2076.04833984375,2093.17336676102,2060.039895765843,2070.743094395346,2387212,HINDUNILVR.NS
2022-07-01,2124.212890625,2134.124893111263,2050.919242420677,2071.7671225755216,1235612,HINDUNILVR.NS
2022-07-04,2210.62939453125,2213.5146956198773,2118.302713618169,2118.302713618169,2410245,HINDUNILVR.NS
2022-07-05,2235.107177734375,2244.879663833151,2207.2789510668454,2219.2850573839755,2463079,HINDUNILVR.NS
2022-07-06,2325.29345703125,2335.2522687193914,2233.7113812883754,2233.7113812883754,4770394,HINDUNILVR.NS
2022-07-07,2301.6064453125,2355.6343751823315,2294.672679578048,2331.435839522616,3333262,HINDUNILVR.NS
2022-07-08,2323.8505859375,2330.318995121599,2282.8526374119147,2304.863906518729,1346970,HINDUNILVR.NS
2022-07-11,2318.033447265625,2350.0498774787784,2308.167800454404,2314.682790213751,1587197,HINDUNILVR.NS
2022-07-12,2279.828125,2318.0339399396685,2275.0813977051125,2303.5147259287196,1116476,HINDUNILVR.NS
2022-07-13,2324.68798828125,2344.791476447474,2290.856485771257,2293.276430037033,2528792,HINDUNILVR.NS
2022-07-14,2324.734619140625,2348.095375511219,2297.1854276896474,2329.341602336783,1663307,HINDUNILVR.NS
2022-07-15,2390.5361328125,2395.5618916859257,2328.690304780577,2354.703685425589,2996964,HINDUNILVR.NS
2022-07-18,2376.57568359375,2424.5074038620396,2357.542647883643,2402.170291504002,1566888,HINDUNILVR.NS
2022-07-19,2390.024169921875,2396.585741377214,2347.955991867715,2373.2713375549665,1473121,HINDUNILVR.NS
2022-07-20,2424.0419921875,2436.6066176029467,2359.9159578089752,2396.585958872264,4012897,HINDUNILVR.NS
2022-07-21,2426.78759765625,2447.68205933035,2412.1288677174807,2435.6759523656815,1990695,HINDUNILVR.NS
2022-07-22,2457.640625,2460.060342254695,2430.13801279636,2435.675709219891,1905780,HINDUNILVR.NS
2022-07-25,2441.818603515625,2470.1121865027353,2431.022242330499,2462.20112637264,1253821,HINDUNILVR.NS
2022-07-26,2370.618896484375,2443.1213398317363,2362.2424804620946,2443.1213398317363,1685576,HINDUNILVR.NS
2022-07-27,2403.054443359375,2411.0120851479155,2350.050382165021,2359.6833528392845,1404133,HINDUNILVR.NS
2022-07-28,2438.561279296875,2443.1216822137303,2405.893161341902,2443.1216822137303,1442054,HINDUNILVR.NS
2022-07-29,2454.662109375,2461.7356182986064,2416.130686239388,2457.082053802768,1463059,HINDUNILVR.NS
2022-08-01,2413.3388671875,2455.22095319731,2401.239597895777,2454.75559668609,1559918,HINDUNILVR.NS
2022-08-02,2452.661376953125,2456.2447128108165,2418.923031477534,2419.853744456171,1359934,HINDUNILVR.NS
2022-08-03,2444.3779296875,2479.419179681581,2417.8989657522525,2434.0469255488947,1767904,HINDUNILVR.NS
2022-08-04,2445.86669921875,2460.2927478659035,2433.814013697219,2451.4975572001813,1189384,HINDUNILVR.NS
2022-08-05,2462.10791015625,2473.5091436229527,2445.4948205825285,2455.2207253193606,1176666,HINDUNILVR.NS
2022-08-08,2466.715087890625,2473.8349508660503,2444.0987184027517,2462.107877139054,1024511,HINDUNILVR.NS
2022-08-10,2459.688232421875,2491.239310571789,2448.891871300013,2466.715160647105,1098949,HINDUNILVR.NS
2022-08-11,2432.60400390625,2482.9090762737474,2425.996079350291,2472.0197819408418,810674,HINDUNILVR.NS
2022-08-12,2415.153564453125,2444.1454096642437,2405.986178077577,2443.0283723257335,1473527,HINDUNILVR.NS
2022-08-16,2461.2705078125,2464.853843722323,2411.0585873295126,2427.2529025034546,1584117,HINDUNILVR.NS
2022-08-17,2498.638427734375,2507.34068469778,2461.270393720594,2467.320027889315,1711381,HINDUNILVR.NS
2022-08-18,2496.218994140625,2526.885943852163,2480.024450651735,2498.964552207388,1465489,HINDUNILVR.NS
2022-08-19,2452.010009765625,2511.947836813186,2444.5177245784657,2502.6872877942105,1324508,HINDUNILVR.NS
2022-08-22,2444.703857421875,2482.0255406158353,2438.561287791541,2464.5280903001526,1410895,HINDUNILVR.NS
2022-08-23,2413.10595703125,2447.4957544605686,2406.125610033763,2421.7616327531014,1305045,HINDUNILVR.NS
2022-08-24,2408.917724609375,2429.1607306985293,2383.8350567622633,2397.5164912947935,1242489,HINDUNILVR.NS
2022-08-25,2395.841064453125,2446.285657403186,2387.6973267048506,2420.9703123620866,1106593,HINDUNILVR.NS
2022-08-26,2393.374755859375,2433.534925806054,2384.486402396111,2419.760329714929,1048791,HINDUNILVR.NS
2022-08-29,2397.330322265625,2427.206069883653,2373.3178841108324,2373.3178841108324,1450034,HINDUNILVR.NS
2022-08-30,2475.556640625,2482.211146547152,2406.451212191882,2409.336285663628,2227943,HINDUNILVR.NS
2022-09-01,2425.43798828125,2471.0429235942897,2414.2694326943833,2466.3893587664284,1702269,HINDUNILVR.NS
2022-09-02,2423.204345703125,2441.260086178749,2405.8929938132164,2433.8143825228476,937600,HINDUNILVR.NS
2022-09-05,2420.412353515625,2440.7017154276723,2406.91701482145,2417.0616957774732,1274074,HINDUNILVR.NS
2022-09-06,2394.8173828125,2438.4677256372224,2385.4170919115268,2411.663149467696,1250776,HINDUNILVR.NS
2022-09-07,2386.906494140625,2416.968340289085,2383.3697395276185,2393.607581856152,1344964,HINDUNILVR.NS
2022-09-08,2398.587158203125,2416.131190906864,2385.417658819065,2401.2397814097494,1004533,HINDUNILVR.NS
2022-09-09,2409.3369140625,2463.5975322811782,2404.450670373616,2417.992591184927,1785443,HINDUNILVR.NS
2022-09-12,2401.611083984375,2424.5067084744733,2395.6546132872527,2411.476730002825,1595709,HINDUNILVR.NS
2022-09-13,2407.382080078125,2428.229958165931,2400.3085711421754,2417.9921162572205,1342130,HINDUNILVR.NS
2022-09-14,2393.235107421875,2425.437865287615,2370.246543782957,2373.3179418585637,1610054,HINDUNILVR.NS
2022-09-15,2382.997314453125,2418.7368275905487,2374.2487037299434,2401.239378919347,1199906,HINDUNILVR.NS
2022-09-16,2352.98193359375,2386.2085688174784,2344.140160268356,2377.971668040198,2516820,HINDUNILVR.NS
2022-09-19,2400.54150390625,2408.685242651691,2334.274783788315,2355.6346016813873,1166725,HINDUNILVR.NS
2022-09-20,2404.54345703125,2439.8639675924364,2400.867186370175,2418.5507321967084,1253333,HINDUNILVR.NS
2022-09-21,2441.818603515625,2463.364517568242,2401.239427723081,2403.1008536360446,1960049,HINDUNILVR.NS
2022-09-22,2506.17724609375,2514.0883060108595,2438.514461424145,2441.353181309957,2620240,HINDUNILVR.NS
2022-09-23,2496.218994140625,2535.0296830818893,2488.7267086043034,2510.9706597246945,1789791,HINDUNILVR.NS
2022-09-26,2476.208251953125,2539.9155045237885,2459.920776200407,2483.6073740643938,2678551,HINDUNILVR.NS
2022-09-27,2493.612548828125,2525.722144026248,2469.5535293622083,2490.5877318891717,1898501,HINDUNILVR.NS
2022-09-28,2514.87939453125,2521.0685443686107,2468.297168875616,2484.9568387403497,1526197,HINDUNILVR.NS
2022-09-29,2513.436767578125,2538.0540783385327,2504.6415761179574,2523.25583411824,2019666,HINDUNILVR.NS
2022-09-30,2509.620849609375,2526.7924578252405,2483.0489498545553,2519.439916524358,1340054,HINDUNILVR.NS
2022-10-03,2440.794921875,2544.5694247497618,2436.187937820151,2534.3315814168254,1683197,HINDUNILVR.NS
2022-10-04,2483.095703125,2491.0533447206753,2451.6375582772425,2466.3894502184908,1327939,HINDUNILVR.NS
2022-10-06,2432.8837890625,2505.758662619022,2424.5539531332897,2495.520819589302,1752351,HINDUNILVR.NS
2022-10-07,2419.574462890625,2431.9529908377535,2396.585897974441,2430.929115680719,1025923,HINDUNILVR.NS
2022-10-10,2425.06591796875,2429.8124180009304,2365.872479442097,2391.93244381046,1043728,HINDUNILVR.NS
2022-10-11,2373.9228515625,2429.6726925816597,2368.6644143812155,2429.160755023565,1129783,HINDUNILVR.NS
2022-10-12,2411.803466796875,2424.135415291199,2377.227339023146,2385.836435141825,882873,HINDUNILVR.NS
2022-10-13,2388.581787109375,2426.5083424119284,2385.3242915619167,2404.031714024407,753331,HINDUNILVR.NS
2022-10-14,2397.330322265625,2443.0281891110585,2392.1182391596076,2410.5463999400217,1001536,HINDUNILVR.NS
2022-10-17,2411.05859375,2429.114334956377,2390.070970275546,2395.283053935558,778918,HINDUNILVR.NS
2022-10-18,2421.947998046875,2458.943841229645,2417.0617546076414,2438.4681544366654,1123374,HINDUNILVR.NS
2022-10-19,2404.031494140625,2436.1410901715394,2399.750123779902,2434.0935671739553,1241979,HINDUNILVR.NS
2022-10-20,2420.691650390625,2429.161230628747,2390.2107958683678,2390.2107958683678,1428125,HINDUNILVR.NS
2022-10-21,2470.01904296875,2481.978795439789,2425.437982906568,2425.437982906568,2458302,HINDUNILVR.NS
2022-10-24,2394.8173828125,2457.0819830848345,2373.317824570579,2429.253759090583,719908,HINDUNILVR.NS
2022-10-25,2331.80810546875,2406.823659209532,2326.7823464902667,2406.823659209532,2923789,HINDUNILVR.NS
2022-10-27,2344.4658203125,2354.703662322598,2315.613720102223,2321.1979975622767,1846329,HINDUNILVR.NS
2022-10-28,2349.35205078125,2374.1554588131044,2337.950817693374,2351.0739605456774,1164951,HINDUNILVR.NS
2022-10-31,2373.96923828125,2393.7934675751053,2365.9186629602423,2368.664220442707,1324443,HINDUNILVR.NS
2022-11-01,2390.928466796875,2413.4623429904373,2386.993290598174,2407.0440918840513,1280132,HINDUNILVR.NS
2022-11-02,2359.540283203125,2402.359198201214,2343.705563094823,2402.359198201214,1338284,HINDUNILVR.NS
2022-11-03,2385.822265625,2388.3051119623005,2350.170980365437,2357.104375655982,730444,HINDUNILVR.NS
2022-11-04,2361.46142578125,2385.494299236469,2356.6828500214174,2384.5104479036286,889055,HINDUNILVR.NS
2022-11-07,2373.12646484375,2391.1160066043662,2358.3224877050116,2371.5336825328113,1283685,HINDUNILVR.NS
2022-11-09,2350.6396484375,2384.4636859554566,2335.507643528628,2351.7639519873646,1436444,HINDUNILVR.NS
2022-11-10,2355.13671875,2377.9983927279977,2343.377855100694,2346.141834275377,1459152,HINDUNILVR.NS
2022-11-11,2345.251953125,2386.2438513881834,2337.709398094688,2384.5572818240403,1162847,HINDUNILVR.NS
2022-11-14,2302.8544921875,2355.2772254587667,2300.3714172362206,2348.7654157270244,2137131,HINDUNILVR.NS
2022-11-15,2302.573486328125,2313.348499590698,2290.065009867017,2302.854619380513,1558333,HINDUNILVR.NS
2022-11-16,2321.640869140625,2326.4661100882686,2275.0272207407493,2308.2423274687603,1330395,HINDUNILVR.NS
2022-11-17,2304.916015625,2340.520409362297,2299.528508677909,2323.6082765871915,960476,HINDUNILVR.NS
2022-11-18,2327.12158203125,2331.6659179626067,2294.4687464064905,2314.285308458912,1075675,HINDUNILVR.NS
2022-11-21,2343.70556640625,2353.6374081154167,2314.332083932797,2327.12146322156,1354881,HINDUNILVR.NS
2022-11-22,2357.104248046875,2364.881042072989,2339.583186234649,2347.922017585297,921265,HINDUNILVR.NS
2022-11-23,2349.280517578125,2365.817726224053,2344.267703371319,2362.0698961627077,734152,HINDUNILVR.NS
2022-11-24,2388.445068359375,2398.611148515925,2352.840684123592,2358.3219768806966,999929,HINDUNILVR.NS
2022-11-25,2377.4833984375,2394.3017443103663,2359.4469617390005,2393.927052709918,783480,HINDUNILVR.NS
2022-11-28,2366.005615234375,2382.215029721405,2362.8200504505535,2367.692184899111,830905,HINDUNILVR.NS
2022-11-29,2468.133544921875,2473.521050861577,2367.8790865656842,2367.8790865656842,2542932,HINDUNILVR.NS
2022-11-30,2515.122314453125,2527.911694647924,2457.6398721502983,2467.946406116617,3698270,HINDUNILVR.NS
2022-12-01,2494.9775390625,2513.857142464212,2479.986218048923,2511.046269774166,1675569,HINDUNILVR.NS
2022-12-02,2450.23779296875,2492.3070956779898,2442.7887974088367,2492.3070956779898,2101890,HINDUNILVR.NS
2022-12-05,2454.6884765625,2459.5137167355674,2422.175864621739,2436.089776576181,1640511,HINDUNILVR.NS
2022-12-06,2487.200927734375,2492.260407447323,2439.6972215426445,2442.4612008071144,1484562,HINDUNILVR.NS
2022-12-07,2536.67236328125,2548.3374401729443,2488.7937362807015,2492.3542210697833,2368561,HINDUNILVR.NS
2022-12-08,2534.891845703125,2540.138899664637,2516.4338270786425,2525.1475783453566,1314703,HINDUNILVR.NS
2022-12-09,2550.633056640625,2568.7632793355483,2540.3265221110823,2552.9285572177723,1883397,HINDUNILVR.NS
2022-12-12,2545.947998046875,2552.272461746136,2519.1509196139464,2531.846740641604,1163204,HINDUNILVR.NS
2022-12-13,2539.43603515625,2548.524477432509,2527.724066050402,2545.713604847105,1265839,HINDUNILVR.NS
2022-12-14,2515.403076171875,2548.524618131547,2502.9417233548033,2548.524618131547,886858,HINDUNILVR.NS
2022-12-15,2495.3525390625,2514.0916926459977,2481.485519660825,2500.1311147260653,990722,HINDUNILVR.NS
2022-12-16,2502.894775390625,2518.2607878724857,2486.0295393132346,2499.8027696932227,1793864,HINDUNILVR.NS
2022-12-19,2546.74462890625,2548.5247569057906,2502.8949660154867,2502.8949660154867,1546941,HINDUNILVR.NS
2022-12-20,2505.93994140625,2535.4541051770434,2485.9826992018316,2535.4072115481604,827567,HINDUNILVR.NS
2022-12-21,2498.116455078125,2525.241333452075,2483.0315740758383,2518.4952840830792,779092,HINDUNILVR.NS
2022-12-22,2478.58056640625,2519.0101902531287,2475.4416673419255,2507.7667004695923,852567,HINDUNILVR.NS
2022-12-23,2455.859619140625,2482.516016701331,2443.6322768985397,2466.0723653240034,1189702,HINDUNILVR.NS
2022-12-26,2452.439697265625,2471.553770123414,2442.414296397516,2455.7190489630993,605144,HINDUNILVR.NS
2022-12-27,2429.765380859375,2468.7895747593143,2412.900143471746,2459.5137856958872,870960,HINDUNILVR.NS
2022-12-28,2420.7236328125,2438.994305151716,2415.570366255285,2429.5309423377967,822651,HINDUNILVR.NS
2022-12-29,2406.154052734375,2420.442656385594,2379.3100797727616,2417.5848899054668,1345863,HINDUNILVR.NS
2022-12-30,2399.59521484375,2423.39384546772,2394.113921595018,2417.303621302198,696432,HINDUNILVR.NS
2023-01-02,2397.112060546875,2417.397328382743,2378.0451120029907,2411.6349023060693,681703,HINDUNILVR.NS
2023-01-03,2381.793212890625,2400.4854720460166,2375.1876157832367,2389.2888740055228,821843,HINDUNILVR.NS
2023-01-04,2376.218505859375,2397.1124794941134,2367.7389929552132,2389.71060519071,1672649,HINDUNILVR.NS
2023-01-05,2420.8173828125,2428.547283259781,2377.5299860576115,2377.5768796889943,2008493,HINDUNILVR.NS
2023-01-06,2414.0244140625,2447.2395159383605,2412.572084001759,2417.3506593630577,991782,HINDUNILVR.NS
2023-01-09,2458.623779296875,2463.683259131931,2407.981172315986,2426.1113944322215,1267078,HINDUNILVR.NS
2023-01-10,2477.17529296875,2486.076389632311,2450.2377635921844,2458.623487856922,1413088,HINDUNILVR.NS
2023-01-11,2429.765380859375,2480.923359101618,2424.9401405510166,2477.3159807161624,1471687,HINDUNILVR.NS
2023-01-12,2426.766845703125,2438.5257082092103,2410.55743502238,2423.065909286707,1703829,HINDUNILVR.NS
2023-01-13,2458.57666015625,2472.865263078271,2404.842052094002,2426.9074485857586,1348015,HINDUNILVR.NS
2023-01-16,2433.373046875,2462.2780560091146,2421.0988089367256,2462.2780560091146,930068,HINDUNILVR.NS
2023-01-17,2499.381591796875,2506.3618810053003,2437.7766221983334,2441.1964263492746,1892865,HINDUNILVR.NS
2023-01-18,2516.85595703125,2523.6957946135826,2492.3077088071764,2499.8033710893033,2038075,HINDUNILVR.NS
2023-01-19,2482.703125,2510.3902647563878,2447.2391922770157,2501.7703015431557,1649842,HINDUNILVR.NS
2023-01-20,2388.070556640625,2440.7744188519187,2376.1712415001334,2389.2417535786535,4569549,HINDUNILVR.NS
2023-01-23,2432.716796875,2439.8377666491706,2391.115967929602,2398.611629271074,1388360,HINDUNILVR.NS
2023-01-24,2436.55810546875,2445.459202181672,2418.100087508677,2439.8374568893,1462462,HINDUNILVR.NS
2023-01-25,2457.031005859375,2475.442132338579,2430.4681647563493,2436.5583895331097,1591810,HINDUNILVR.NS
2023-01-27,2447.473876953125,2479.705357929131,2415.664209926572,2469.3519299648224,1581382,HINDUNILVR.NS
2023-01-30,2406.24755859375,2445.4593254849115,2370.6900635765246,2445.4593254849115,2744039,HINDUNILVR.NS
2023-01-31,2414.3056640625,2426.9076989109026,2380.996773311189,2406.1072844911223,2366794,HINDUNILVR.NS
2023-02-01,2411.963134765625,2438.9006661337953,2386.29058767451,2436.277139068055,2014615,HINDUNILVR.NS
2023-02-02,2468.742919921875,2473.3339208407515,2401.4224222425783,2407.512646879557,1980667,HINDUNILVR.NS
2023-02-03,2481.766357421875,2489.9178425109067,2465.275812730749,2473.567978704578,1638238,HINDUNILVR.NS
2023-02-06,2471.319580078125,2478.2529751629318,2435.855641655891,2465.1355681110294,1697446,HINDUNILVR.NS
2023-02-07,2437.2138671875,2478.7680249023792,2431.6859092922364,2478.252652513981,1495745,HINDUNILVR.NS
2023-02-08,2419.97412109375,2443.1169279305927,2415.8047055476436,2429.249909780567,1061956,HINDUNILVR.NS
2023-02-09,2423.6279296875,2435.9957229896086,2404.2329551058538,2423.9090626885595,1102484,HINDUNILVR.NS
2023-02-10,2415.00830078125,2423.58137162955,2394.2547806952557,2422.0354830337656,1523011,HINDUNILVR.NS
2023-02-13,2418.287353515625,2427.4226893144537,2389.241670462938,2398.6112456412243,1146525,HINDUNILVR.NS
2023-02-14,2416.975830078125,2437.9635880682663,2408.168291703254,2422.035309437536,1944364,HINDUNILVR.NS
2023-02-15,2387.78955078125,2409.6676022484476,2377.0614320074883,2389.2418808116263,2009134,HINDUNILVR.NS
2023-02-16,2367.78564453125,2400.3915860402444,2363.8035747277663,2398.6114580984527,1982857,HINDUNILVR.NS
2023-02-17,2356.9169921875,2385.7284402136443,2348.859064817002,2365.8180899516747,1395341,HINDUNILVR.NS
2023-02-20,2353.122314453125,2382.683374941272,2350.0772019998967,2359.2594329933636,632091,HINDUNILVR.NS
2023-02-21,2357.52587890625,2383.573347098075,2353.9187292349884,2368.6289184613074,862797,HINDUNILVR.NS
2023-02-22,2336.819091796875,2364.4593403317426,2326.231425421773,2357.5257170089444,885515,HINDUNILVR.NS
2023-02-23,2333.63330078125,2357.2914796321907,2323.748581330186,2334.898285011658,757215,HINDUNILVR.NS
2023-02-24,2327.58984375,2352.9345906153176,2316.1121140396817,2335.0855039689836,732783,HINDUNILVR.NS
2023-02-27,2312.552001953125,2330.2137456869955,2301.1680576627505,2330.2137456869955,853991,HINDUNILVR.NS
2023-02-28,2305.5244140625,2318.360914996789,2282.10047622532,2314.0508189349907,1780454,HINDUNILVR.NS
2023-03-01,2310.771484375,2314.2850750760263,2293.672009630005,2303.041584832742,967339,HINDUNILVR.NS
2023-03-02,2300.55908203125,2314.2854202507797,2289.924521090245,2310.7718290257026,827174,HINDUNILVR.NS
2023-03-03,2315.222412109375,2332.930820645566,2300.840020315843,2310.5376237400724,1176008,HINDUNILVR.NS
2023-03-06,2328.199462890625,2341.316870862725,2319.532604051916,2325.482148275311,1214503,HINDUNILVR.NS
2023-03-08,2328.43359375,2343.7058207487166,2311.6619142323125,2330.213721820577,1448340,HINDUNILVR.NS
2023-03-09,2306.22705078125,2334.85114755765,2302.010742119405,2328.1988866963707,1038910,HINDUNILVR.NS
2023-03-10,2310.021728515625,2314.753409447736,2290.9547814170396,2295.545781480248,772024,HINDUNILVR.NS
2023-03-13,2300.324951171875,2331.6192469936127,2290.861586859306,2310.537698648282,1314549,HINDUNILVR.NS
2023-03-14,2288.471923828125,2316.159065199627,2285.9421841912585,2306.789489693156,1250763,HINDUNILVR.NS
2023-03-15,2254.4140625,2304.447513268379,2242.1398248632777,2297.326543093733,1738040,HINDUNILVR.NS
2023-03-16,2304.306640625,2313.6293224916835,2255.9595395760243,2272.0751636758823,1628035,HINDUNILVR.NS
2023-03-17,2293.110107421875,2326.653237719197,2285.98936638772,2315.831330893253,2127178,HINDUNILVR.NS
2023-03-20,2352.8876953125,2357.9940680831646,2272.122002260381,2293.109759358822,1561128,HINDUNILVR.NS
2023-03-21,2307.351806640625,2364.178191841623,2303.7444284912676,2356.4482918782055,1595161,HINDUNILVR.NS
2023-03-22,2320.23486328125,2324.9663157926652,2299.6684625659,2316.7212725553104,1063244,HINDUNILVR.NS
2023-03-23,2328.43359375,2342.4410651457583,2310.5376107798725,2318.9702297973176,1578627,HINDUNILVR.NS
2023-03-24,2324.404541015625,2340.42637928558,2314.285352832304,2316.3466138744157,1449326,HINDUNILVR.NS
2023-03-27,2341.45703125,2347.0787768232294,2308.663515406163,2328.3396249124653,1387736,HINDUNILVR.NS
2023-03-28,2326.2783203125,2355.0428722060337,2316.065345463075,2351.5761749174585,1412387,HINDUNILVR.NS
2023-03-29,2371.299072265625,2379.6847964657045,2323.7015836712835,2328.33947772613,2613254,HINDUNILVR.NS
2023-03-31,2398.939453125,2406.5286723419163,2357.90066500037,2397.4871231129973,2146167,HINDUNILVR.NS
2023-04-03,2376.218505859375,2407.981280274505,2356.495500595955,2407.981280274505,918048,HINDUNILVR.NS
2023-04-05,2419.927490234375,2425.361890623062,2344.268156254537,2354.1062120661572,1489612,HINDUNILVR.NS
2023-04-06,2403.53076171875,2422.0356764615412,2392.053029789677,2412.6660993765836,797414,HINDUNILVR.NS
2023-04-10,2372.51708984375,2406.997175193752,2365.8179345190356,2403.530477831666,853322,HINDUNILVR.NS
2023-04-11,2387.134033203125,2393.9269766790244,2373.313906821123,2379.872610866819,913184,HINDUNILVR.NS
2023-04-12,2369.5185546875,2394.863300072336,2359.867846969413,2394.863300072336,1109809,HINDUNILVR.NS
2023-04-13,2376.31201171875,2400.8135921916587,2365.8181314992144,2365.8181314992144,1261711,HINDUNILVR.NS
2023-04-17,2390.975341796875,2416.413649123673,2381.1839518825154,2410.7919035266423,1566977,HINDUNILVR.NS
2023-04-18,2380.856201171875,2398.611502284606,2370.5027737422083,2398.611502284606,1474786,HINDUNILVR.NS
2023-04-19,2372.00244140625,2387.3684577191,2351.998301016237,2387.3684577191,1320243,HINDUNILVR.NS
2023-04-20,2335.46044921875,2372.751176207683,2323.654692747772,2359.0717334113074,1401364,HINDUNILVR.NS
2023-04-21,2340.473388671875,2351.2952956149684,2328.948763469482,2334.8985362313215,1206288,HINDUNILVR.NS
2023-04-24,2342.159912109375,2346.985152561744,2319.0639972751146,2344.268066845747,1735797,HINDUNILVR.NS
2023-04-25,2333.4462890625,2342.1600415375806,2321.828104928687,2333.8212093971197,1701098,HINDUNILVR.NS
2023-04-26,2352.513427734375,2359.25947739244,2325.7163461418977,2333.0246619170675,1245903,HINDUNILVR.NS
2023-04-27,2313.3017578125,2363.0074114843746,2302.1051586110657,2355.46485595556,2743893,HINDUNILVR.NS
2023-04-28,2302.38623046875,2312.2242864405675,2266.5007043645164,2282.4758790972137,3761927,HINDUNILVR.NS
2023-05-02,2297.138916015625,2321.7809467940324,2295.5461338359078,2315.971855388902,1760370,HINDUNILVR.NS
2023-05-03,2329.2763671875,2333.0241972231997,2298.028742765095,2302.057705803351,1258140,HINDUNILVR.NS
2023-05-04,2348.71875,2351.1549315566235,2323.795583303255,2330.166941509511,1150227,HINDUNILVR.NS
2023-05-05,2343.0966796875,2361.1331131910424,2337.4280405507902,2342.3939614990504,1354871,HINDUNILVR.NS
2023-05-08,2357.66650390625,2367.551452542733,2339.7236282415865,2347.781555269767,972810,HINDUNILVR.NS
2023-05-09,2357.197998046875,2365.817962298237,2342.440915707787,2365.817962298237,1651327,HINDUNILVR.NS
2023-05-10,2363.6630859375,2375.187711114094,2347.8754863302474,2362.0703036365408,2025658,HINDUNILVR.NS
2023-05-11,2428.968505859375,2435.1525167938507,2364.506013539371,2377.0142587826963,1749356,HINDUNILVR.NS
2023-05-12,2458.014404296875,2473.5679915007713,2423.3469741129625,2430.4679431640157,2170011,HINDUNILVR.NS
2023-05-15,2494.415283203125,2502.3794225240854,2457.6865923198716,2471.647168570969,1561055,HINDUNILVR.NS
2023-05-16,2507.204345703125,2509.546739325087,2483.499505248375,2501.6763882550463,1477905,HINDUNILVR.NS
2023-05-17,2493.94677734375,2505.4245074169953,2480.1735470057365,2503.5505923029964,839404,HINDUNILVR.NS
2023-05-18,2461.9033203125,2500.9275181261632,2456.562707020694,2497.4608202875834,1434067,HINDUNILVR.NS
2023-05-19,2474.926513671875,2482.0005890356556,2436.698599279995,2462.933411093132,1174757,HINDUNILVR.NS
2023-05-22,2471.787841796875,2488.043918287293,2457.6865847047507,2468.88318184788,768232,HINDUNILVR.NS
2023-05-23,2462.60595703125,2482.7505474861255,2459.513950885963,2466.072654754992,703864,HINDUNILVR.NS
2023-05-24,2450.097412109375,2471.694332141238,2443.5856020562355,2454.8290940902366,628872,HINDUNILVR.NS
2023-05-25,2433.512939453125,2460.590920510954,2417.8657944863357,2445.4591479344135,1072231,HINDUNILVR.NS
2023-05-26,2485.139892578125,2489.2155213980545,2438.99472500857,2439.6036560249395,947073,HINDUNILVR.NS
2023-05-29,2483.218994140625,2510.6250063809107,2478.299966302625,2501.677014754281,698267,HINDUNILVR.NS
2023-05-30,2489.074462890625,2496.9917079219636,2483.733850953765,2488.0906117774016,948051,HINDUNILVR.NS
2023-05-31,2499.381591796875,2511.0466695679274,2471.694445641863,2489.0750569590964,3388305,HINDUNILVR.NS
2023-06-01,2527.81787109375,2559.065499215518,2487.154001892024,2498.8659721401505,1541080,HINDUNILVR.NS
2023-06-02,2545.432861328125,2565.577451272608,2521.962025898736,2539.155290676707,1509260,HINDUNILVR.NS
2023-06-05,2525.8505859375,2550.3988316606133,2514.934891601561,2545.1986707322853,1000190,HINDUNILVR.NS
2023-06-06,2521.4931640625,2537.187202681926,2501.817055942623,2529.7853296984927,655372,HINDUNILVR.NS
2023-06-07,2544.96435546875,2555.08354396702,2510.4376028778556,2520.416110477185,1428490,HINDUNILVR.NS
2023-06-08,2510.952880859375,2549.977306813379,2506.2680922994305,2536.3445263540516,923536,HINDUNILVR.NS
2023-06-09,2470.007568359375,2519.4320815390515,2454.9226883162682,2519.4320815390515,1413808,HINDUNILVR.NS
2023-06-12,2476.800537109375,2489.49635841686,2467.00937587941,2478.252867148135,775484,HINDUNILVR.NS
2023-06-13,2507.204345703125,2526.974239372232,2461.855696681698,2463.823398823897,1787924,HINDUNILVR.NS
2023-06-14,2528.6142578125,2531.753157191345,2484.811491141732,2502.613685082793,1536248,HINDUNILVR.NS
2023-06-15,2520.134521484375,2546.1819855222075,2509.3126166975953,2542.8557406744076,1830192,HINDUNILVR.NS
2023-06-16,2544.448486328125,2552.272172777472,2514.044261884673,2520.1344854981285,1748145,HINDUNILVR.NS
2023-06-19,2534.625,2561.215681534716,2526.831966831268,2552.3364390198453,1068263,HINDUNILVR.NS
2023-06-20,2527.870849609375,2531.932488012985,2501.4217702752153,2522.108636507365,1129279,HINDUNILVR.NS
2023-06-21,2528.343505859375,2556.917961609869,2520.644795113001,2537.175471993452,1201840,HINDUNILVR.NS
2023-06-22,2507.32568359375,2529.6656181838885,2501.9884986425827,2520.833422303501,830052,HINDUNILVR.NS
2023-06-23,2495.281982421875,2513.1822966173913,2481.9156119396744,2504.4446537175895,991214,HINDUNILVR.NS
2023-06-26,2505.200439453125,2526.0761834675086,2495.8013848354094,2495.8013848354094,758700,HINDUNILVR.NS
2023-06-27,2504.4921875,2514.17444143718,2489.9923296006514,2505.2006451051598,687747,HINDUNILVR.NS
2023-06-28,2513.84375,2538.7343195838625,2495.660004697041,2506.0034396679093,1397573,HINDUNILVR.NS
2023-06-30,2529.807373046875,2537.128101107674,2504.4920076017515,2518.283176287608,1160181,HINDUNILVR.NS
2023-07-03,2551.43896484375,2555.973139106291,2512.143095391975,2538.167147813337,980665,HINDUNILVR.NS
2023-07-04,2550.447021484375,2556.7758624141525,2526.831771285446,2551.438908116266,721907,HINDUNILVR.NS
2023-07-05,2603.203857421875,2606.5570388098804,2546.7634034896237,2550.4000140334656,1717547,HINDUNILVR.NS
2023-07-06,2604.384033203125,2611.8463591249933,2584.1219664655214,2607.028756414448,1265020,HINDUNILVR.NS
2023-07-07,2548.65283203125,2616.2395062641617,2541.9460074716203,2600.606392198823,1178930,HINDUNILVR.NS
2023-07-10,2509.40380859375,2561.1684840987655,2504.161176830301,2559.7986150680663,1518183,HINDUNILVR.NS
2023-07-11,2535.8056640625,2566.2693379928464,2499.4381773549544,2509.9234410943345,2476367,HINDUNILVR.NS
2023-07-12,2525.55615234375,2555.1224881670137,2496.1316463752605,2555.1224881670137,2395826,HINDUNILVR.NS
2023-07-13,2507.656494140625,2538.5924762454397,2504.350358648507,2536.230950893927,1495067,HINDUNILVR.NS
2023-07-14,2528.62646484375,2537.694813263287,2504.2084342499597,2507.939597697386,1419016,HINDUNILVR.NS
2023-07-17,2533.16064453125,2553.4697599614165,2522.1087534206954,2522.1087534206954,912701,HINDUNILVR.NS
2023-07-18,2534.199951171875,2551.486361639526,2529.0045957679067,2536.797628873859,1215904,HINDUNILVR.NS
2023-07-19,2523.6201171875,2547.51856520983,2513.5126058978612,2534.152426227333,1166542,HINDUNILVR.NS
2023-07-20,2553.51708984375,2565.8442969854914,2510.962361431316,2521.211472609234,1430764,HINDUNILVR.NS
2023-07-21,2459.7646484375,2528.107279975843,2448.4293274769584,2503.2167121195757,5198952,HINDUNILVR.NS
2023-07-24,2437.330078125,2461.606510252722,2432.3708753693927,2459.7645667813194,1777469,HINDUNILVR.NS
2023-07-25,2425.900146484375,2443.328385961522,2420.3743162018372,2437.2827434233677,1653775,HINDUNILVR.NS
2023-07-26,2440.211181640625,2454.852637375737,2429.8204711189323,2436.6216173368666,1300033,HINDUNILVR.NS
2023-07-27,2427.506103515625,2439.9276327827215,2411.589332750402,2419.1462127590203,2276136,HINDUNILVR.NS
2023-07-28,2441.439208984375,2450.082298629333,2423.1136357825694,2427.6478101117627,966450,HINDUNILVR.NS
2023-07-31,2418.95751953125,2439.8332637607236,2412.5341249153757,2432.418213062982,2003252,HINDUNILVR.NS
2023-08-01,2409.794921875,2431.2375250527625,2404.032708009508,2427.6479605439827,1758897,HINDUNILVR.NS
2023-08-02,2426.65576171875,2430.906506628262,2395.530909004859,2397.420128964642,2082908,HINDUNILVR.NS
2023-08-03,2409.983642578125,2419.193590473485,2396.664548759299,2416.2652071007064,1475310,HINDUNILVR.NS
2023-08-04,2404.97705078125,2417.2097041108245,2394.6336174444336,2409.983529885594,1359318,HINDUNILVR.NS
2023-08-07,2426.89208984375,2431.426264198894,2398.128759998035,2399.3095225583493,803823,HINDUNILVR.NS
2023-08-08,2423.727783203125,2442.005849255998,2413.9982535880167,2426.8920884923928,1002061,HINDUNILVR.NS
2023-08-09,2410.833740234375,2426.655958681791,2400.254153724417,2423.727805877062,1212549,HINDUNILVR.NS
2023-08-10,2396.192138671875,2410.0778595355646,2387.596326050389,2407.8581644082124,1313334,HINDUNILVR.NS
2023-08-11,2363.2255859375,2396.1451094353415,2360.5806315433233,2394.586595022939,1472199,HINDUNILVR.NS
2023-08-14,2392.791748046875,2399.3094649763125,2350.2842968957198,2363.225408122646,1060479,HINDUNILVR.NS
2023-08-16,2411.211669921875,2413.525918386328,2384.5734824149445,2393.6418310067957,1155882,HINDUNILVR.NS
2023-08-17,2402.379638671875,2418.8157621774308,2392.697385139432,2411.211835360745,1532873,HINDUNILVR.NS
2023-08-18,2413.24267578125,2425.522607197301,2391.8473490611345,2391.8473490611345,1970819,HINDUNILVR.NS
2023-08-21,2420.79931640625,2432.276235843633,2398.412105169986,2413.2424362847983,977004,HINDUNILVR.NS
2023-08-22,2423.680419921875,2432.3707859266988,2411.5893656197522,2431.048424154237,960025,HINDUNILVR.NS
2023-08-23,2431.4736328125,2440.400151982646,2420.563340218901,2432.3709662687493,1136112,HINDUNILVR.NS
2023-08-24,2438.27490234375,2448.1933087261655,2424.7669313374904,2441.8171903374696,1143934,HINDUNILVR.NS
2023-08-25,2421.554931640625,2437.754900358477,2410.172335393052,2424.813789909451,802955,HINDUNILVR.NS
2023-08-28,2414.139892578125,2425.7586424798965,2398.364950645038,2422.9248122900835,619841,HINDUNILVR.NS
2023-08-29,2386.226806640625,2417.1627886442957,2382.40132007785,2417.1627886442957,958564,HINDUNILVR.NS
2023-08-30,2391.705078125,2395.5307944842025,2380.4170355284664,2386.2262943800138,1227377,HINDUNILVR.NS
2023-08-31,2366.295166015625,2399.1203612876757,2353.1179035335426,2391.7996342845563,3235414,HINDUNILVR.NS
2023-09-01,2366.059326171875,2375.221997637154,2361.5251517569636,2366.295478687051,813413,HINDUNILVR.NS
2023-09-04,2362.847412109375,2374.7495906101017,2353.968170167213,2374.7495906101017,1143301,HINDUNILVR.NS
2023-09-05,2368.1845703125,2383.6760822203914,2363.508796889263,2370.9711237168385,844088,HINDUNILVR.NS
2023-09-06,2383.7236328125,2386.1797113664225,2368.5625942948077,2374.2302550029017,1094146,HINDUNILVR.NS
2023-09-07,2368.5625,2382.1650235285183,2361.5252010244863,2370.971301828584,1894798,HINDUNILVR.NS
2023-09-08,2374.560791015625,2381.409213881592,2362.989317897267,2365.303566397401,1018234,HINDUNILVR.NS
2023-09-11,2395.767333984375,2398.270458468714,2370.073985732606,2374.560883647412,1121083,HINDUNILVR.NS
2023-09-12,2360.439208984375,2407.8113166309895,2350.190096421303,2407.8113166309895,3946716,HINDUNILVR.NS
2023-09-13,2367.712646484375,2370.026895256559,2353.968522510699,2355.8577428337417,1231305,HINDUNILVR.NS
2023-09-14,2362.28125,2374.750058599411,2355.007797535154,2371.9162279805573,2081195,HINDUNILVR.NS
2023-09-15,2332.903564453125,2352.079195989755,2329.408553136842,2337.721168306451,3750697,HINDUNILVR.NS
2023-09-18,2350.8037109375,2354.865580279929,2325.629945327959,2334.462141550995,1499641,HINDUNILVR.NS
2023-09-20,2330.21142578125,2342.6329558606117,2309.571603660966,2313.9639482061284,1795159,HINDUNILVR.NS
2023-09-21,2336.351318359375,2345.466712934621,2307.587758348168,2329.4083423668044,2223720,HINDUNILVR.NS
2023-09-22,2344.947265625,2352.0791179092685,2321.851595108828,2331.2976959839657,1176741,HINDUNILVR.NS
2023-09-25,2338.713134765625,2361.2419484979387,2323.7409716241323,2344.9474233920378,1122778,HINDUNILVR.NS
2023-09-26,2341.64111328125,2351.13449071523,2324.921560977445,2336.9653395056166,1263548,HINDUNILVR.NS
2023-09-27,2363.178466796875,2366.0595739072196,2332.242484069745,2338.854755186994,1086791,HINDUNILVR.NS
2023-09-28,2324.0712890625,2362.4695930397675,2317.3171892403825,2361.5249830465486,1612346,HINDUNILVR.NS
2023-09-29,2329.030517578125,2335.831663481838,2314.7668142739085,2328.9832409544006,1249567,HINDUNILVR.NS
2023-10-03,2332.14794921875,2360.5808074944816,2325.441355403221,2352.0793159909003,1585626,HINDUNILVR.NS
2023-10-04,2368.9404296875,2371.963135754009,2328.6053956574083,2330.4002931408627,1587335,HINDUNILVR.NS
2023-10-05,2379.992431640625,2384.951634682424,2357.1329132667297,2378.5282398571253,1909928,HINDUNILVR.NS
2023-10-06,2360.9580078125,2380.417064955631,2355.857206348946,2380.3697883347777,1083342,HINDUNILVR.NS
2023-10-09,2372.19921875,2377.111144791341,2343.5774886657327,2347.355928792562,1468771,HINDUNILVR.NS
2023-10-10,2376.82763671875,2381.220211590912,2364.689536585054,2373.049196717411,1092373,HINDUNILVR.NS
2023-10-11,2414.80126953125,2421.9331222114447,2376.875264659182,2378.8590382001694,1697398,HINDUNILVR.NS
2023-10-12,2415.367919921875,2425.33360216398,2398.553814754688,2413.478699804611,1625010,HINDUNILVR.NS
2023-10-13,2427.12841796875,2433.976841314084,2401.8600973497582,2411.6369043036275,1531977,HINDUNILVR.NS
2023-10-16,2416.59619140625,2438.983405824161,2411.211959678051,2418.201982536736,954899,HINDUNILVR.NS
2023-10-17,2414.564697265625,2427.647637676827,2405.4020266243865,2416.595747084089,1253538,HINDUNILVR.NS
2023-10-18,2407.1025390625,2428.8285700243123,2398.8844778222215,2427.695084097668,1084689,HINDUNILVR.NS
2023-10-19,2406.9609375,2412.911796263609,2385.1403533078123,2385.1403533078123,1272343,HINDUNILVR.NS
2023-10-20,2356.94384765625,2402.663115815191,2347.40342381898,2380.4175013752265,3608160,HINDUNILVR.NS
2023-10-23,2345.939208984375,2370.924100278848,2342.963779383942,2355.8576151427546,922707,HINDUNILVR.NS
2023-10-25,2340.08251953125,2352.079021024989,2328.463769809878,2337.9571469218904,1435836,HINDUNILVR.NS
2023-10-26,2339.232177734375,2352.0789663438077,2319.63151968151,2324.685275571129,2650560,HINDUNILVR.NS
2023-10-27,2344.569580078125,2356.8022349334974,2327.377722123193,2330.6365808936484,1784812,HINDUNILVR.NS
2023-10-30,2341.59375,2353.9682338455405,2326.007684246207,2334.131422886168,875135,HINDUNILVR.NS
2023-10-31,2346.41162109375,2353.968502321105,2331.108982731899,2333.3759548530197,920414,HINDUNILVR.NS
2023-11-01,2335.312255859375,2355.8102483452603,2330.1641770787037,2347.3560343050044,1267131,HINDUNILVR.NS
2023-11-02,2366.28466796875,2375.0387708224666,2343.923525695381,2355.056473471797,1595123,HINDUNILVR.NS
2023-11-03,2387.646728515625,2390.739227018236,2365.3332088586044,2375.990388005785,1125583,HINDUNILVR.NS
2023-11-06,2376.37109375,2395.734986484967,2370.3765897293997,2393.1182567807336,1338677,HINDUNILVR.NS
2023-11-07,2375.46728515625,2383.7932436780143,2364.810104710214,2375.0391394655244,1473411,HINDUNILVR.NS
2023-11-08,2397.257568359375,2402.6336656182066,2376.6566294251475,2376.942137312586,745022,HINDUNILVR.NS
2023-11-09,2356.67431640625,2399.779037894486,2353.2012953376957,2397.923585100202,1823094,HINDUNILVR.NS
2023-11-10,2366.046875,2367.9975743738846,2345.874315737013,2356.959640581963,771062,HINDUNILVR.NS
2023-11-13,2358.053955078125,2366.6654209997896,2351.250550859455,2357.150040381176,760809,HINDUNILVR.NS
2023-11-15,2365.904052734375,2381.7473002380734,2356.008150196764,2380.6528921237327,1457029,HINDUNILVR.NS
2023-11-16,2370.471435546875,2384.363983366674,2355.3896975279267,2360.004517474422,1420578,HINDUNILVR.NS
2023-11-17,2406.249267578125,2410.7214495801054,2345.54109856521,2345.54109856521,1756043,HINDUNILVR.NS
2023-11-20,2384.982666015625,2411.67335664948,2378.8452916250544,2411.6257332818254,944231,HINDUNILVR.NS
2023-11-21,2383.841064453125,2395.021638251079,2376.9424125352384,2383.6031799042325,1088806,HINDUNILVR.NS
2023-11-22,2399.68359375,2401.9198009778015,2382.6511564418797,2386.219423948532,816610,HINDUNILVR.NS
2023-11-23,2397.780517578125,2405.250183815159,2384.744493416554,2384.744493416554,1023670,HINDUNILVR.NS
2023-11-24,2393.30859375,2397.6857619539287,2385.934173440823,2393.2135793250236,735137,HINDUNILVR.NS
2023-11-28,2388.8837890625,2409.05634834171,2378.8450166305024,2409.05634834171,1880641,HINDUNILVR.NS
2023-11-29,2402.681396484375,2406.1067943595876,2386.5528716771605,2390.2637774525856,1265214,HINDUNILVR.NS
2023-11-30,2422.187744140625,2430.7039632772917,2394.212385917684,2394.212385917684,3095684,HINDUNILVR.NS
2023-12-01,2439.410400390625,2456.8235929635157,2418.80969477302,2424.0431539867304,1345599,HINDUNILVR.NS
2023-12-04,2476.187744140625,2481.991987399678,2450.210706499218,2452.1137827761104,2188039,HINDUNILVR.NS
2023-12-05,2439.02978515625,2509.205712847764,2432.416642500019,2509.205712847764,3108717,HINDUNILVR.NS
2023-12-06,2443.216552734375,2458.488784721016,2438.791993776988,2445.4527600494966,1573754,HINDUNILVR.NS
2023-12-07,2396.210693359375,2435.747145781318,2377.51306360873,2427.468811211775,3925967,HINDUNILVR.NS
2023-12-08,2400.064453125,2411.1497784060275,2386.742920518536,2396.924331120229,1605805,HINDUNILVR.NS
2023-12-11,2382.318359375,2407.3438587936876,2377.8937999697705,2400.064684982732,2012243,HINDUNILVR.NS
2023-12-12,2381.4619140625,2395.9728696870943,2375.990570138473,2378.8451843597045,1677929,HINDUNILVR.NS
2023-12-13,2390.168212890625,2394.735641759348,2376.9895509561466,2386.3146698320634,1513205,HINDUNILVR.NS
2023-12-14,2394.402587890625,2402.443037020629,2379.9866487163035,2399.1602775899255,2166569,HINDUNILVR.NS
2023-12-15,2400.635498046875,2409.2945881078767,2385.506134433826,2397.8761303443325,2543337,HINDUNILVR.NS
2023-12-18,2412.624755859375,2421.188598416162,2393.118225591137,2398.0185536861045,1969036,HINDUNILVR.NS
2023-12-19,2436.603515625,2442.5506286265395,2412.149033424489,2412.196656790322,1656220,HINDUNILVR.NS
2023-12-20,2433.55859375,2448.2598103471983,2423.5674440982407,2448.2598103471983,1468642,HINDUNILVR.NS
2023-12-21,2429.466796875,2454.9680619649803,2413.1003895903837,2419.047502143593,1945695,HINDUNILVR.NS
2023-12-22,2450.781494140625,2454.7302841239025,2423.3771518428653,2435.17613073748,1174984,HINDUNILVR.NS
2023-12-26,2459.488037109375,2466.053556897237,2442.6458596590815,2450.781556654719,893776,HINDUNILVR.NS
2023-12-27,2481.896728515625,2485.4173728192854,2455.82444670473,2460.67738365646,1073278,HINDUNILVR.NS
2023-12-28,2506.160888671875,2512.060377946143,2480.516985442159,2487.177751595804,1635216,HINDUNILVR.NS
2023-12-29,2534.849609375,2537.8470934613206,2494.218983225006,2506.160831590294,1305681,HINDUNILVR.NS
2024-01-01,2526.095703125,2540.0356429919357,2510.157440378096,2534.754792526063,526353,HINDUNILVR.NS
2024-01-02,2487.13037109375,2525.334533481902,2480.6598654508516,2519.672928160282,1310629,HINDUNILVR.NS
2024-01-03,2480.2314453125,2501.2129048853863,2469.7645272072045,2473.0472868784123,1008270,HINDUNILVR.NS
2024-01-04,2466.909912109375,2495.884198026478,2462.6279910681556,2480.231444237614,1376844,HINDUNILVR.NS
2024-01-05,2493.0771484375,2502.4496582207557,2469.2410754095913,2469.2410754095913,1150738,HINDUNILVR.NS
2024-01-08,2453.302978515625,2498.738920423555,2442.1224064230973,2497.739759008787,1189828,HINDUNILVR.NS
2024-01-09,2454.730224609375,2463.531951357175,2446.9276592515216,2457.3945775462025,1017205,HINDUNILVR.NS
2024-01-10,2452.494140625,2468.5752734716893,2440.695161423241,2454.968232542675,881278,HINDUNILVR.NS
2024-01-11,2413.290771484375,2463.5320273096354,2409.1517203256853,2454.9681848045034,2399600,HINDUNILVR.NS
2024-01-12,2420.712646484375,2431.179564374048,2390.1207930304627,2410.7214975896873,2979841,HINDUNILVR.NS
2024-01-15,2448.497802734375,2453.778885673361,2408.342941207669,2422.616012767572,1391204,HINDUNILVR.NS
2024-01-16,2444.596435546875,2459.3452749500357,2432.464325715243,2448.4976020680647,1599406,HINDUNILVR.NS
2024-01-17,2438.696533203125,2446.737214774277,2416.668522457147,2425.470248545435,3047652,HINDUNILVR.NS
2024-01-18,2424.51904296875,2445.452880859375,2414.5755164325237,2445.452880859375,1273095,HINDUNILVR.NS
2024-01-19,2441.07568359375,2449.2113805931954,2409.2944048265504,2440.6951612875596,1323064,HINDUNILVR.NS
2024-01-23,2260.42626953125,2360.29014178768,2250.8156422669326,2332.219769208468,4369332,HINDUNILVR.NS
2024-01-24,2323.322998046875,2327.3670351269743,2252.4334068780736,2272.273069947619,1551469,HINDUNILVR.NS
2024-01-25,2310.61962890625,2348.395638707272,2302.912078659475,2335.835384346178,2364765,HINDUNILVR.NS
2024-01-29,2325.939453125,2330.3166209593796,2293.206638020459,2293.206638020459,1587091,HINDUNILVR.NS
2024-01-30,2339.498779296875,2373.6591324226742,2328.698962527643,2335.074220580043,1793711,HINDUNILVR.NS
2024-01-31,2361.28955078125,2365.4286023626296,2323.418285818121,2331.268475582839,1445004,HINDUNILVR.NS
2024-02-01,2353.724609375,2389.8354318488737,2348.7290346210502,2355.151916447557,1727534,HINDUNILVR.NS
2024-02-02,2333.742431640625,2366.380002548617,2323.656034880075,2356.959868303827,1956115,HINDUNILVR.NS
2024-02-05,2302.246337890625,2345.3034351378046,2295.8234559808247,2344.5897815922713,1315445,HINDUNILVR.NS
2024-02-06,2308.764404296875,2323.0374748228087,2300.8665921440406,2307.4321116623337,1557511,HINDUNILVR.NS
2024-02-07,2307.907958984375,2321.6576375957156,2294.6816727718942,2321.6576375957156,1149076,HINDUNILVR.NS
2024-02-08,2299.9150390625,2323.465605276218,2282.739731180173,2323.465605276218,1758661,HINDUNILVR.NS
2024-02-09,2306.670654296875,2310.7623139893262,2289.4955799550644,2299.9148741619647,886474,HINDUNILVR.NS
2024-02-12,2270.03662109375,2312.0947881032084,2266.563600188382,2306.623444399983,1292460,HINDUNILVR.NS
2024-02-13,2277.98193359375,2284.5950761204376,2264.7556485403748,2274.1757816579207,957865,HINDUNILVR.NS
2024-02-14,2272.22509765625,2277.98194895984,2255.145037190819,2269.4181070464574,1397975,HINDUNILVR.NS
2024-02-15,2236.92333984375,2269.1327637686886,2233.021940876607,2253.575255883098,2553695,HINDUNILVR.NS
2024-02-16,2260.140869140625,2266.563751307428,2243.3463146207005,2255.0976707552395,2363302,HINDUNILVR.NS
2024-02-19,2271.4638671875,2278.8859101258126,2258.760974142025,2273.700074434181,576683,HINDUNILVR.NS
2024-02-20,2287.5927734375,2291.731824668169,2253.432417243069,2255.240478966608,1032995,HINDUNILVR.NS
2024-02-21,2290.447265625,2305.386366108225,2278.077271339296,2287.592651559068,1127778,HINDUNILVR.NS
2024-02-22,2272.3681640625,2303.0076435378983,2251.101195216598,2303.0076435378983,2258516,HINDUNILVR.NS
2024-02-23,2278.077392578125,2288.9248336823293,2268.4191417555935,2272.796309813276,1210775,HINDUNILVR.NS
2024-02-26,2287.7353515625,2289.923935534392,2264.6605539019442,2275.2227191568054,831596,HINDUNILVR.NS
2024-02-27,2288.734619140625,2292.2076402527696,2273.3671395694214,2287.5451965256293,1120424,HINDUNILVR.NS
2024-02-28,2304.197021484375,2307.4797813093674,2284.6428680098106,2294.2534952803453,629152,HINDUNILVR.NS
2024-02-29,2295.39501953125,2311.095395544037,2281.0743270698945,2307.4795049095815,2848084,HINDUNILVR.NS
2024-03-01,2292.921142578125,2320.610992152407,2287.4974222733213,2299.8197932900557,2326244,HINDUNILVR.NS
2024-03-04,2304.625244140625,2310.239225924015,2287.878080904484,2299.106276780367,1501261,HINDUNILVR.NS
2024-03-05,2283.548828125,2302.722228133959,2275.222869655507,2288.449156471972,1587199,HINDUNILVR.NS
2024-03-06,2284.452392578125,2292.1123196573326,2260.188174473341,2287.4972676039697,1354111,HINDUNILVR.NS
2024-03-07,2302.293701171875,2308.4310745083208,2286.545701584293,2288.401154131255,1820704,HINDUNILVR.NS
2024-03-11,2274.033203125,2296.0612151038335,2268.038467208084,2292.25506306885,2040761,HINDUNILVR.NS
2024-03-12,2262.900146484375,2269.4182751248295,2246.3911005141035,2264.6605848205845,1012157,HINDUNILVR.NS
2024-03-13,2200.527099609375,2259.902984034686,2192.201141247142,2259.902984034686,2322669,HINDUNILVR.NS
2024-03-14,2221.4609375,2228.216718613334,2190.2980647766744,2193.152679071941,2292515,HINDUNILVR.NS
2024-03-15,2214.89501953125,2223.6967462831662,2203.6668243480685,2217.131226818886,2751403,HINDUNILVR.NS
2024-03-18,2188.48974609375,2212.3258191228897,2185.682755494743,2208.3294060404837,2487402,HINDUNILVR.NS
2024-03-19,2157.08935546875,2192.248643531876,2137.9635781031657,2172.599473723718,4220638,HINDUNILVR.NS
2024-03-20,2133.30078125,2155.661926436658,2131.445328430375,2140.9607093608674,2995013,HINDUNILVR.NS
2024-03-21,2133.681396484375,2149.6670495560147,2125.735961002828,2125.735961002828,3504486,HINDUNILVR.NS
2024-03-22,2147.193115234375,2156.185102851086,2123.880434290045,2130.541200274139,3507809,HINDUNILVR.NS
2024-03-26,2131.445068359375,2149.666927694263,2123.8327645438058,2123.928011265131,3027027,HINDUNILVR.NS
2024-03-27,2131.159912109375,2153.330797091852,2127.6392674756435,2140.9608013507145,2168861,HINDUNILVR.NS
2024-03-28,2154.615234375,2177.023769167726,2131.540437113006,2136.20288054334,3186360,HINDUNILVR.NS
2024-04-01,2175.12060546875,2183.779694129453,2152.378940357657,2159.991244302335,1427873,HINDUNILVR.NS
2024-04-02,2175.882080078125,2186.6345068390233,2166.699830533969,2186.6345068390233,1221495,HINDUNILVR.NS
2024-04-03,2155.423828125,2171.267075188301,2151.4750383541527,2171.267075188301,1175309,HINDUNILVR.NS
2024-04-04,2155.18603515625,2171.409805184411,2140.2469344044857,2159.991348715431,1890255,HINDUNILVR.NS
2024-04-05,2157.08935546875,2169.9827438199663,2148.6683822548757,2155.1862791751128,1153449,HINDUNILVR.NS
2024-04-08,2158.991943359375,2178.0227019906465,2157.326751979139,2166.651870170275,1127294,HINDUNILVR.NS
2024-04-09,2154.424560546875,2164.3683179899913,2146.431734675745,2160.942688440038,1189343,HINDUNILVR.NS
2024-04-10,2151.332275390625,2166.556884127424,2148.287400105084,2166.556884127424,2308993,HINDUNILVR.NS
2024-04-12,2124.118408203125,2155.0910177947553,2120.597763925149,2151.3322566982424,3388551,HINDUNILVR.NS
2024-04-15,2087.721923828125,2119.7887068675727,2083.8681485983543,2119.741083507388,4909564,HINDUNILVR.NS
2024-04-16,2113.17578125,2123.1193075676006,2066.7883005804556,2077.2075959305644,2821129,HINDUNILVR.NS
2024-04-18,2107.466552734375,2129.256681498311,2101.995208860857,2107.704437250615,3392171,HINDUNILVR.NS
2024-04-19,2123.45263671875,2135.013732362547,2089.577785523411,2112.4147012121916,2337694,HINDUNILVR.NS
2024-04-22,2132.872314453125,2144.3383932099023,2121.02571344006,2140.9603870263354,1804108,HINDUNILVR.NS
2024-04-23,2153.092529296875,2163.3215624158415,2139.7233744330624,2143.8150341424634,1991778,HINDUNILVR.NS
2024-04-24,2150.7138671875,2158.4214182791357,2136.8213188005566,2156.232834312824,1404398,HINDUNILVR.NS
2024-04-25,2122.739013671875,2131.3028571784907,2107.752287535297,2129.590042015343,4951866,HINDUNILVR.NS
2024-04-26,2114.936279296875,2145.7186328739513,2111.0827354487733,2136.203250909987,2307512,HINDUNILVR.NS
2024-04-29,2118.218994140625,2125.7360519827253,2112.414518980148,2125.7360519827253,1395292,HINDUNILVR.NS
2024-04-30,2122.35791015625,2131.683029125793,2117.172074458158,2123.8804638974716,2119102,HINDUNILVR.NS
2024-05-02,2118.4091796875,2134.4900796001903,2098.188996387385,2098.188996387385,2140383,HINDUNILVR.NS
2024-05-03,2109.607421875,2127.305889730108,2097.1898042040793,2123.832868867289,2595307,HINDUNILVR.NS
2024-05-06,2146.860107421875,2151.9033055615523,2104.8021719664616,2117.1721666480007,1619256,HINDUNILVR.NS
2024-05-07,2264.08935546875,2273.7952286210457,2149.524276674114,2156.1850424716877,8277810,HINDUNILVR.NS
2024-05-08,2227.598388671875,2257.286331905682,2212.326155203166,2251.7197409141054,1813439,HINDUNILVR.NS
2024-05-09,2212.9443359375,2247.6280831254676,2207.0448465882805,2227.1700153936445,1558987,HINDUNILVR.NS
2024-05-10,2248.05615234375,2256.096601996175,2208.519701911903,2208.519701911903,2610266,HINDUNILVR.NS
2024-05-13,2246.248291015625,2266.230590832508,2234.1161804125177,2258.951417394285,1170617,HINDUNILVR.NS
2024-05-14,2235.733642578125,2257.3335074106412,2233.0216665184257,2246.2005599454214,689430,HINDUNILVR.NS
2024-05-15,2210.70849609375,2241.633484090581,2205.3321664872997,2235.6863710142675,812282,HINDUNILVR.NS
2024-05-16,2229.59619140625,2234.306490394986,2189.822088503335,2223.7443255783614,1880021,HINDUNILVR.NS
2024-05-17,2207.9013671875,2237.922206273115,2202.905792515625,2237.922206273115,1264582,HINDUNILVR.NS
2024-05-21,2198.71875,2212.135528356664,2190.2025315947476,2195.1981059581112,1663959,HINDUNILVR.NS
2024-05-22,2252.1953125,2258.9513255632746,2198.718920673421,2199.0044285495906,1914851,HINDUNILVR.NS
2024-05-23,2267.039306640625,2271.130966541499,2240.872011390838,2252.195220775294,1614718,HINDUNILVR.NS
2024-05-24,2254.2412109375,2267.7530044687405,2250.101927593456,2263.23319883726,974100,HINDUNILVR.NS
2024-05-27,2268.942626953125,2283.6438443145053,2248.008788499374,2254.2414095917443,1116934,HINDUNILVR.NS
2024-05-28,2279.83740234375,2292.255019584135,2263.2807342292895,2274.175797760931,1631747,HINDUNILVR.NS
2024-05-29,2258.380126953125,2278.9334400458533,2254.5739750699586,2265.8021695871143,1592495,HINDUNILVR.NS
2024-05-30,2237.446533203125,2257.476456113005,2220.9374870126303,2253.242158147563,1837380,HINDUNILVR.NS
2024-05-31,2216.1796875,2262.2340350676586,2205.284623556336,2238.9689767771592,5529186,HINDUNILVR.NS
2024-06-03,2241.728271484375,2271.7493417150577,2230.6905701180376,2265.6119681036826,1207445,HINDUNILVR.NS
2024-06-04,2375.324462890625,2388.408110980156,2228.597343141122,2258.951313785197,7826048,HINDUNILVR.NS
2024-06-05,2476.615478515625,2591.9418352796642,2402.633400538643,2410.7690967329754,11061076,HINDUNILVR.NS
2024-06-06,2426.04150390625,2473.998928676966,2395.9728086186924,2473.998928676966,4102547,HINDUNILVR.NS
2024-06-07,2452.874755859375,2470.668470382015,2402.6335019120306,2431.4651503967925,3974253,HINDUNILVR.NS
2024-06-10,2441.028076171875,2467.9564154482496,2422.6157231372044,2454.0164768149452,1449122,HINDUNILVR.NS
2024-06-11,2432.46435546875,2451.8280151494614,2427.6590419168024,2441.6466046084306,1402423,HINDUNILVR.NS
2024-06-12,2406.154052734375,2443.54954195271,2395.0211047877615,2443.54954195271,1754677,HINDUNILVR.NS
2024-06-13,2366.855712890625,2384.364152841729,2327.8902752131453,2367.3791052932656,3123098,HINDUNILVR.NS
2024-06-14,2382.56494140625,2412.013628887546,2373.5812878627453,2376.0794838583147,1729552,HINDUNILVR.NS
2024-06-18,2388.810302734375,2400.0998034109475,2376.223616661745,2382.709074497223,1820933,HINDUNILVR.NS
2024-06-19,2360.70654296875,2397.2172668730286,2355.4220960878674,2397.2172668730286,986976,HINDUNILVR.NS
2024-06-20,2384.9189453125,2392.4132989465716,2350.76215431065,2360.706616671376,2163310,HINDUNILVR.NS
2024-06-21,2345.621826171875,2380.88345103012,2331.4499008681246,2378.0010255446114,3646215,HINDUNILVR.NS
2024-06-24,2346.486328125,2371.1312053845827,2331.9301740701367,2339.568554263009,1945519,HINDUNILVR.NS
2024-06-25,2336.87841796875,2350.8101414046546,2332.7468944491416,2343.7483395788545,833789,HINDUNILVR.NS
2024-06-26,2349.753662109375,2370.3148728114843,2337.070800628534,2341.4906141230595,1738656,HINDUNILVR.NS
2024-06-27,2365.654541015625,2385.8796067402795,2340.5294927122213,2353.93272429665,3402726,HINDUNILVR.NS
2024-06-28,2376.127685546875,2392.893748211309,2366.327485028409,2366.471512485225,2129791,HINDUNILVR.NS
2024-07-01,2406.921630859375,2424.1200103499796,2354.077159765737,2364.597966641717,3312865,HINDUNILVR.NS
2024-07-02,2387.75341796875,2416.4336487420296,2382.180915701153,2416.4336487420296,1305210,HINDUNILVR.NS
2024-07-03,2411.9658203125,2421.093501473132,2377.3286254147783,2389.1944701801613,1406405,HINDUNILVR.NS
2024-07-04,2398.129638671875,2437.426842313378,2395.1991261867634,2416.4811726317103,1977010,HINDUNILVR.NS
2024-07-05,2447.179443359375,2453.9051033921646,2398.130118634334,2398.130118634334,1754286,HINDUNILVR.NS
2024-07-08,2485.755615234375,2493.2980557831365,2436.8505564470056,2459.6697583062924,2818809,HINDUNILVR.NS
2024-07-09,2488.637939453125,2511.553315058721,2467.356125887833,2485.755514072415,1479529,HINDUNILVR.NS
2024-07-10,2508.142578125,2523.0831976684753,2472.160345621092,2479.846813854659,1764036,HINDUNILVR.NS
2024-07-11,2506.60546875,2514.4840519117424,2488.542221172962,2514.4359645699687,1432671,HINDUNILVR.NS
2024-07-12,2519.47998046875,2536.053926378974,2499.062800724271,2499.062800724271,1912642,HINDUNILVR.NS
2024-07-15,2517.606689453125,2526.2058790576393,2511.2171718547897,2525.004868370629,920101,HINDUNILVR.NS
2024-07-16,2583.085693359375,2618.203292695142,2521.6901209853186,2523.035159123248,3298003,HINDUNILVR.NS
2024-07-18,2631.077880859375,2643.376276472366,2550.9465464495743,2594.1829285927874,5569762,HINDUNILVR.NS
2024-07-19,2620.125,2635.4979372937296,2609.5080182670367,2631.654702970297,1668862,HINDUNILVR.NS
2024-07-22,2628.099853515625,2642.175605907076,2599.6117373158368,2599.659824661106,1911629,HINDUNILVR.NS
2024-07-23,2657.932861328125,2701.121159308212,2624.9289933695,2638.380313247674,3906259,HINDUNILVR.NS
2024-07-24,2610.564697265625,2649.3812655791385,2570.258828910882,2640.3016724627655,3611927,HINDUNILVR.NS
2024-07-25,2601.100830078125,2618.0592415362944,2565.358799338894,2610.5648880170047,2166670,HINDUNILVR.NS
2024-07-26,2604.800048828125,2620.1248981828116,2581.9327585778365,2617.2424725522474,2135309,HINDUNILVR.NS
2024-07-29,2605.328369140625,2613.3990665465953,2587.2651227956057,2604.943905005056,957011,HINDUNILVR.NS
2024-07-30,2585.919921875,2646.403005047723,2580.15507083308,2609.1716754019894,1560399,HINDUNILVR.NS
2024-07-31,2599.611328125,2603.4545619829696,2570.210729854959,2598.9868964520315,1751085,HINDUNILVR.NS
2024-08-01,2609.123779296875,2618.155286095555,2589.571230917644,2607.63447908741,1886392,HINDUNILVR.NS
2024-08-02,2587.025146484375,2651.3512329439095,2576.0717881089126,2605.7128261438243,1738872,HINDUNILVR.NS
2024-08-05,2609.4599609375,2634.5371590152968,2561.70782083409,2571.0757046052054,3118731,HINDUNILVR.NS
2024-08-06,2642.271240234375,2663.120736017322,2602.493630934585,2613.495074992731,2296031,HINDUNILVR.NS
2024-08-07,2636.5068359375,2672.8254472458775,2628.291875648209,2672.6811852151554,1713875,HINDUNILVR.NS
2024-08-08,2626.081787109375,2651.1108958474742,2613.783391199029,2646.066651142138,1464161,HINDUNILVR.NS
2024-08-09,2639.533203125,2649.909982385296,2612.0542193230376,2647.988365284219,1284031,HINDUNILVR.NS
2024-08-12,2640.974365234375,2655.098203741582,2615.7050539259953,2630.693760855518,1297178,HINDUNILVR.NS
2024-08-13,2633.960205078125,2649.573342474069,2623.103257193001,2634.5367839801565,1051237,HINDUNILVR.NS
2024-08-14,2615.368896484375,2635.0654712777045,2600.524451664369,2633.5761711471446,946995,HINDUNILVR.NS
2024-08-16,2640.5419921875,2645.682411553872,2604.4635856599443,2630.5975302627953,1727926,HINDUNILVR.NS
2024-08-19,2635.0654296875,2651.591289168054,2629.7809828751347,2642.271493522543,1130327,HINDUNILVR.NS
2024-08-20,2643.232177734375,2648.2283348439128,2627.8592422758707,2635.0653057720447,1097889,HINDUNILVR.NS
2024-08-21,2681.80859375,2685.555887581203,2635.449584394862,2641.742926879829,1417729,HINDUNILVR.NS
2024-08-22,2683.345947265625,2699.8718060680067,2673.065343530661,2693.0980594265625,1552947,HINDUNILVR.NS
2024-08-23,2705.252685546875,2710.4409579614417,2662.736906606856,2689.495284360127,2111401,HINDUNILVR.NS
2024-08-26,2710.5849609375,2723.84416591014,2693.7229584562397,2705.252661115509,1152244,HINDUNILVR.NS
2024-08-27,2658.4609375,2713.419371206562,2651.39913578788,2698.9110690675607,1357212,HINDUNILVR.NS
2024-08-28,2656.010986328125,2672.728959867446,2638.139854967571,2651.8313756571047,1723549,HINDUNILVR.NS
2024-08-29,2676.091552734375,2699.871560249024,2637.419015261057,2661.3911375381203,2129934,HINDUNILVR.NS
2024-08-30,2669.126220703125,2705.925236031188,2651.9278410437555,2686.1324855620223,4029712,HINDUNILVR.NS
2024-09-02,2679.7431640625,2698.815073255556,2670.086991109642,2684.499119525131,957950,HINDUNILVR.NS
2024-09-03,2684.787109375,2717.118220016506,2666.243459302135,2671.0475015711477,2022116,HINDUNILVR.NS
2024-09-04,2729.897216796875,2732.3954127863854,2663.0248497469543,2671.0476947453803,1640986,HINDUNILVR.NS
2024-09-05,2727.206787109375,2743.1082143909866,2712.9867746702093,2728.744174508565,1945173,HINDUNILVR.NS
2024-09-06,2727.687255859375,2754.109489722698,2717.262624333097,2717.262624333097,1672730,HINDUNILVR.NS
2024-09-09,2807.29052734375,2823.0476940661742,2731.7708798965596,2741.2830254850464,3342754,HINDUNILVR.NS
2024-09-10,2784.999755859375,2822.471289295926,2774.334687129243,2819.0122846882073,1536584,HINDUNILVR.NS
2024-09-11,2790.33203125,2834.3851966953944,2784.5193272333395,2797.4902425402506,1913665,HINDUNILVR.NS
2024-09-12,2840.5341796875,2847.2598392446016,2780.7719373945893,2796.913567246111,2454564,HINDUNILVR.NS
2024-09-13,2818.003173828125,2840.534085684311,2804.119538259187,2840.534085684311,1902001,HINDUNILVR.NS
2024-09-16,2754.734130859375,2795.9527214811214,2697.3736760288116,2795.9527214811214,1489057,HINDUNILVR.NS
2024-09-17,2760.88330078125,2799.6998714212546,2748.008560355651,2754.734220040867,1098661,HINDUNILVR.NS
2024-09-18,2763.141357421875,2780.1476218120856,2749.5457757201657,2761.363767778583,464796,HINDUNILVR.NS
2024-09-19,2797.63427734375,2819.3005569204092,2760.7393230916587,2763.5255740396533,1713010,HINDUNILVR.NS
2024-09-20,2860.903564453125,2872.193064647857,2781.924915858446,2810.172827301893,3641632,HINDUNILVR.NS
2024-09-23,2909.85693359375,2916.054102151715,2853.5534557825476,2863.209629130844,1300470,HINDUNILVR.NS
2024-09-24,2834.91357421875,2901.64167780885,2830.6380232967213,2901.64167780885,1929308,HINDUNILVR.NS
2024-09-25,2833.376220703125,2844.3295785071546,2791.244908103834,2834.913608154621,1055354,HINDUNILVR.NS
2024-09-26,2869.0703125,2875.555769777395,2825.929870755823,2835.4420155060993,1902889,HINDUNILVR.NS
2024-09-27,2849.998046875,2911.2495851769913,2837.0271328816375,2869.070188316413,2977081,HINDUNILVR.NS
2024-09-30,2842.35986328125,2880.4077395503314,2827.2752165821803,2848.0285396637546,1627702,HINDUNILVR.NS
2024-10-01,2809.163818359375,2846.587262073405,2778.0815699262566,2846.587262073405,1184642,HINDUNILVR.NS
2024-10-03,2779.955322265625,2808.5393746775317,2748.9692486426334,2794.7516790969526,1233447,HINDUNILVR.NS
2024-10-04,2737.103515625,2799.7962771500656,2706.6459297372667,2777.6976792178584,2456486,HINDUNILVR.NS
2024-10-07,2722.35498046875,2754.109751462268,2714.3323694403375,2733.5004540047285,1280975,HINDUNILVR.NS
2024-10-08,2708.327392578125,2772.893685109007,2689.01504543291,2732.5397229556534,1761488,HINDUNILVR.NS
2024-10-09,2660.430908203125,2715.1010579197173,2652.5042373063156,2712.746889207585,1476282,HINDUNILVR.NS
2024-10-10,2646.7392578125,2678.1576503885535,2626.081874049611,2661.4396754977797,2065078,HINDUNILVR.NS
2024-10-11,2674.122314453125,2680.65585951984,2629.781093616551,2656.4435309289793,679307,HINDUNILVR.NS
2024-10-14,2679.791259765625,2694.7797326210543,2656.6356795435354,2682.1932811757006,874010,HINDUNILVR.NS
2024-10-15,2672.44091796875,2689.591444565931,2656.8758662364426,2683.6344784180606,1082666,HINDUNILVR.NS
2024-10-16,2672.24853515625,2687.9097600026075,2647.603891932884,2679.8388281777197,1170797,HINDUNILVR.NS
2024-10-17,2631.318115234375,2672.969257705141,2616.713872890363,2670.5191491058513,1368242,HINDUNILVR.NS
2024-10-18,2610.613037109375,2632.615459345749,2587.889773879245,2631.318273958351,1137277,HINDUNILVR.NS
2024-10-21,2587.985595703125,2630.6934835378315,2575.398911430661,2608.594889629369,792345,HINDUNILVR.NS
2024-10-22,2576.60009765625,2603.7910250164714,2568.961717025015,2579.8669872871565,1272253,HINDUNILVR.NS
2024-10-23,2555.078125,2587.5054123069553,2518.2791120453326,2518.2791120453326,1431962,HINDUNILVR.NS
2024-10-24,2406.921630859375,2543.2602724519998,2356.479181179084,2543.2602724519998,9216267,HINDUNILVR.NS
2024-10-25,2428.9716796875,2440.453292950492,2402.1171322956857,2404.230863823927,2761166,HINDUNILVR.NS
2024-10-28,2474.850830078125,2488.110035625909,2421.333838161093,2444.297069791252,852829,HINDUNILVR.NS
2024-10-29,2447.8037109375,2484.3625217211766,2436.6103856054533,2484.3625217211766,1695654,HINDUNILVR.NS
2024-10-30,2454.817626953125,2462.840471746598,2434.1121568907006,2456.7873312900288,1200637,HINDUNILVR.NS
2024-10-31,2429.1640625,2463.03256173984,2425.176801099299,2454.8176022437847,1901355,HINDUNILVR.NS
2024-11-01,2438.051513671875,2446.170298398986,2412.9264657934314,2444.248681442397,118532,HINDUNILVR.NS
2024-11-04,2425.849365234375,2447.179267173946,2405.384097122094,2447.179267173946,1097260,HINDUNILVR.NS
2024-11-05,2422.534912109375,2431.0860150133867,2408.7472145592574,2421.2377266411363,702046,HINDUNILVR.NS
2024-11-06,2430.650634765625,2451.4513228337587,2425.1103499635406,2444.744462450784,1219166,HINDUNILVR.NS
2024-11-07,2406.15673828125,2439.5930367343426,2397.0201443149404,2430.650792943567,1322446,HINDUNILVR.NS
2024-11-08,2437.45458984375,2444.793147696757,2398.1863642528074,2414.3698717211782,1700877,HINDUNILVR.NS
2024-11-11,2421.27099609375,2444.452769822316,2405.719186544309,2438.7181349716725,1175577,HINDUNILVR.NS
2024-11-12,2392.548828125,2427.005760537496,2387.202893306927,2425.11043110781,1624222,HINDUNILVR.NS
2024-11-13,2395.902099609375,2403.5323013697825,2381.7596248219456,2393.1320758129814,1262017,HINDUNILVR.NS
2024-11-14,2322.27392578125,2395.6590274804553,2316.9279912203806,2391.479431181601,2443393,HINDUNILVR.NS
2024-11-18,2355.02978515625,2357.0710550111958,2309.20064286303,2333.8890447659433,1374215,HINDUNILVR.NS
2024-11-19,2342.831787109375,2371.845491684891,2337.728849202436,2363.7779423907036,1133370,HINDUNILVR.NS
2024-11-21,2316.053466796875,2356.828323206402,2309.5411934961326,2356.828323206402,1291829,HINDUNILVR.NS
2024-11-22,2376.75390625,2383.4121196689493,2311.242003100475,2323.9749048547187,1696471,HINDUNILVR.NS
2024-11-25,2402.22021484375,2435.5108110459455,2388.7583205124147,2400.8108793992014,4368045,HINDUNILVR.NS
2024-11-26,2409.7529296875,2425.061742768364,2391.4795053433168,2416.6054934792924,982442,HINDUNILVR.NS
2024-11-27,2417.237060546875,2423.1176358895655,2389.1466999635395,2405.816200610109,948232,HINDUNILVR.NS
2024-11-28,2393.22900390625,2468.023439226603,2384.48111118336,2416.3623676782477,2540530,HINDUNILVR.NS
2024-11-29,2426.228271484375,2437.2604325704724,2386.3283453708796,2386.3283453708796,1795164,HINDUNILVR.NS
2024-12-02,2409.704345703125,2420.736506211275,2391.62550835502,2415.390571345119,1006993,HINDUNILVR.NS
2024-12-03,2413.30078125,2421.659736640615,2396.922686625458,2410.530520207273,1641588,HINDUNILVR.NS
2024-12-04,2395.464599609375,2423.1662596170304,2387.7373419097,2411.599696499456,1321495,HINDUNILVR.NS
2024-12-05,2424.7216796875,2444.550142583365,2381.4195611129917,2396.5340239678508,2071795,HINDUNILVR.NS
2024-12-06,2414.22412109375,2425.8879784428123,2405.670578244081,2425.110340492518,1308086,HINDUNILVR.NS
2024-12-09,2333.500244140625,2407.56568396696,2316.5391006147215,2395.9504745627996,3385021,HINDUNILVR.NS
2024-12-10,2330.196044921875,2345.4075655839893,2321.3995041053026,2341.2279687941573,2063838,HINDUNILVR.NS
2024-12-11,2334.083984375,2341.8598900595666,2318.191882211443,2337.63164642286,1718225,HINDUNILVR.NS
2024-12-12,2279.263671875,2332.723022634481,2272.508401375754,2318.240493440362,3231056,HINDUNILVR.NS
2024-12-13,2323.14892578125,2327.474225501901,2268.0856558037367,2279.2635193052206,2260902,HINDUNILVR.NS
2024-12-16,2299.869384765625,2325.9673583202207,2296.8077173885004,2323.343038096719,1247552,HINDUNILVR.NS
2024-12-17,2297.05078125,2313.3315812440496,2287.428194383181,2287.428194383181,2131569,HINDUNILVR.NS
2024-12-18,2293.1142578125,2316.2476218485995,2284.220661696739,2284.220661696739,988403,HINDUNILVR.NS
2024-12-19,2293.74609375,2320.086827512877,2270.5640838465265,2281.2559523920368,1655915,HINDUNILVR.NS
2024-12-20,2268.523193359375,2307.0140214802755,2259.532302397213,2286.2135686615097,2069691,HINDUNILVR.NS
2024-12-23,2273.3828125,2285.8729541778853,2250.395389459062,2271.536130079183,1066199,HINDUNILVR.NS
2024-12-24,2270.126953125,2290.9274044487324,2265.801653352284,2265.801653352284,683646,HINDUNILVR.NS
2024-12-26,2267.4052734375,2276.25046019758,2259.5807216577036,2266.919279380392,1033769,HINDUNILVR.NS
2024-12-27,2275.667236328125,2279.9438892300855,2263.031390488396,2277.368215575781,556816,HINDUNILVR.NS
2024-12-30,2277.854248046875,2293.0657677973463,2259.87246712566,2275.910271731068,924180,HINDUNILVR.NS
2024-12-31,2261.67041015625,2286.747511129924,2258.1711583776264,2274.451957647109,1878762,HINDUNILVR.NS
2025-01-01,2257.0537109375,2271.681942318693,2255.255437992742,2259.872381567988,559893,HINDUNILVR.NS
2025-01-02,2303.612060546875,2312.991651864243,2250.638703036409,2264.7325320988266,1650744,HINDUNILVR.NS
2025-01-03,2338.846435546875,2346.9626313452286,2298.5575750577605,2315.130020118565,1274239,HINDUNILVR.NS
2025-01-06,2309.63818359375,2351.190676808784,2295.4957086180993,2350.2673355310308,900419,HINDUNILVR.NS
2025-01-07,2323.829345703125,2334.958562700219,2308.714882320198,2310.5615649077026,922768,HINDUNILVR.NS
2025-01-08,2333.74365234375,2341.519557890918,2301.668041961683,2324.0237704097904,953351,HINDUNILVR.NS
2025-01-09,2367.1796875,2404.358231754575,2319.5522713307405,2337.679991498679,2425267,HINDUNILVR.NS
2025-01-10,2373.6435546875,2387.2027410371884,2346.184891237052,2367.1796915296013,1651911,HINDUNILVR.NS
2025-01-13,2382.343017578125,2391.5769052431565,2341.5681610860565,2349.344066488188,2595013,HINDUNILVR.NS
2025-01-14,2301.619140625,2398.8665960829653,2297.8771288752246,2395.950631825166,2052741,HINDUNILVR.NS
2025-01-15,2306.52783203125,2318.0943958552334,2284.2693987793928,2307.40252642736,1215150,HINDUNILVR.NS
2025-01-16,2279.312255859375,2313.3318417677237,2260.8931275207856,2310.3672303924936,2762596,HINDUNILVR.NS
2025-01-17,2288.060302734375,2312.651652513846,2277.36843216085,2284.1723497985477,1333005,HINDUNILVR.NS
2025-01-20,2279.506591796875,2301.6679693677006,2270.224057382351,2290.441458627697,1382273,HINDUNILVR.NS
2025-01-21,2274.93798828125,2310.7071953095374,2267.1134371654116,2287.5738326938354,1842885,HINDUNILVR.NS
2025-01-22,2277.3193359375,2295.835755601157,2266.8704644841923,2276.93063564134,2658047,HINDUNILVR.NS
2025-01-23,2256.664794921875,2275.7158571987056,2190.7155426543577,2250.152521908459,3408925,HINDUNILVR.NS
2025-01-24,2301.76513671875,2314.1093382473864,2257.9283780654696,2267.5025558634734,1688664,HINDUNILVR.NS
2025-01-27,2325.82177734375,2342.199634147266,2295.0095652975047,2298.7518143345746,2477358,HINDUNILVR.NS
2025-01-28,2321.933837890625,2339.575326759144,2312.7970074864847,2333.7433982337784,1892156,HINDUNILVR.NS
2025-01-29,2317.1708984375,2328.8834020727195,2297.779784014987,2318.3372366543103,699576,HINDUNILVR.NS
2025-01-30,2341.276611328125,2357.071419811397,2317.2199030228335,2317.2199030228335,1419960,HINDUNILVR.NS
2025-01-31,2399.64453125,2409.5587634942135,2334.229677503571,2334.229677503571,2116148,HINDUNILVR.NS
2025-02-01,2435.85107421875,2529.1132944774954,2366.936968510051,2405.6707931713304,2970999,HINDUNILVR.NS
2025-02-03,2373.54638671875,2449.410108368866,2348.809336060859,2434.830286295242,2528480,HINDUNILVR.NS
2025-02-04,2369.755615234375,2381.370825473779,2335.5416818552712,2381.370825473779,1992474,HINDUNILVR.NS
2025-02-05,2324.072265625,2384.28688281628,2320.1356662382636,2384.28688281628,1357416,HINDUNILVR.NS
2025-02-06,2306.236083984375,2341.470652098705,2294.1835266397707,2332.7714061901434,1132113,HINDUNILVR.NS
2025-02-07,2297.634033203125,2315.226874422086,2270.6613649765723,2313.3315451962494,855602,HINDUNILVR.NS
2025-02-10,2295.301025390625,2330.827234409639,2286.1644330705235,2304.4862645712956,1326354,HINDUNILVR.NS
2025-02-11,2250.3955078125,2311.3391158277254,2232.2193773239997,2304.5838458151115,1389260,HINDUNILVR.NS
2025-02-12,2267.162109375,2274.354725969566,2240.5297319283436,2260.5525432249356,1341909,HINDUNILVR.NS
2025-02-13,2256.470458984375,2279.8954679957756,2248.5488505922667,2264.8296518793604,1334967,HINDUNILVR.NS
2025-02-14,2253.40869140625,2299.7238291391645,2248.597160502172,2256.9563530266864,1135380,HINDUNILVR.NS
2025-02-17,2264.14892578125,2270.564141993552,2235.572571312144,2253.4086473996276,1409168,HINDUNILVR.NS
2025-02-18,2231.684814453125,2273.042958104678,2223.908909176285,2264.149124063214,1035705,HINDUNILVR.NS
2025-02-19,2187.36181640625,2241.1128031202393,2185.0291400031115,2234.3575336219537,1521343,HINDUNILVR.NS
2025-02-20,2185.077880859375,2191.2985097365113,2164.1314899859503,2187.3619104978293,2206196,HINDUNILVR.NS
2025-02-21,2178.857177734375,2190.4239792926655,2164.034358200554,2185.078044378828,1781509,HINDUNILVR.NS
2025-02-24,2178.662841796875,2187.9453763046404,2156.647404610398,2167.533624682074,1627949,HINDUNILVR.NS
2025-02-25,2196.0126953125,2206.024219899787,2175.2606550849946,2180.169242301758,1988040,HINDUNILVR.NS
2025-02-27,2182.064453125,2206.072509704585,2170.546537494994,2206.072509704585,1699658,HINDUNILVR.NS
2025-02-28,2128.89697265625,2186.584562304575,2124.620319863376,2182.1619689131203,3683249,HINDUNILVR.NS
2025-03-03,2115.87255859375,2137.4020017993853,2098.0364806202697,2137.4020017993853,1306470,HINDUNILVR.NS
2025-03-04,2096.918701171875,2118.934137542599,2076.166659537152,2118.8854906754163,1800330,HINDUNILVR.NS
2025-03-05,2109.651611328125,2130.500709473983,2089.7745013224167,2091.7184776027166,1145673,HINDUNILVR.NS
2025-03-06,2156.792724609375,2167.338889327485,2103.139034482918,2114.0738994802296,1856868,HINDUNILVR.NS
2025-03-07,2142.79638671875,2164.3258279458114,2127.876274648227,2164.3258279458114,1738356,HINDUNILVR.NS
2025-03-10,2184.786376953125,2203.642852252801,2133.173710965246,2146.149847764431,1242387,HINDUNILVR.NS
2025-03-11,2154.84912109375,2199.074582727622,2149.3088359977787,2177.2534958213787,1325891,HINDUNILVR.NS
2025-03-12,2131.47265625,2167.4848636040488,2123.794045012546,2155.237955656902,1526212,HINDUNILVR.NS
2025-03-13,2113.879638671875,2148.0449233865756,2103.8194675285085,2123.793869228055,1845629,HINDUNILVR.NS
2025-03-17,2110.42919921875,2133.951264191827,2096.0923744917604,2100.4663210186386,1111886,HINDUNILVR.NS
2025-03-18,2110.42919921875,2110.42919921875,2110.42919921875,2110.42919921875,0,HINDUNILVR.NS
2025-03-19,2138.422607421875,2150.8641033799995,2132.007390619496,2145.177877700536,1341405,HINDUNILVR.NS
2025-03-20,2179.5859375,2185.9038599093537,2127.1472289627195,2142.164397075367,1426689,HINDUNILVR.NS
2025-03-21,2183.27978515625,2192.027678706935,2163.451321362083,2182.1134468098517,2152415,HINDUNILVR.NS
2025-03-24,2192.99951171875,2202.525042593678,2178.225340005486,2187.2162299631173,1454404,HINDUNILVR.NS
2025-03-25,2207.676513671875,2227.7966189216772,2180.5094950332496,2187.7021117094087,2229340,HINDUNILVR.NS
2025-03-26,2183.03662109375,2216.035569558241,2175.1150130163032,2208.3569585052783,1416907,HINDUNILVR.NS
2025-03-27,2181.773193359375,2197.5680014294758,2138.3740156444046,2181.3358461347175,3752627,HINDUNILVR.NS
2025-03-28,2195.575439453125,2231.684702856062,2177.5450125337175,2184.057285417061,2280152,HINDUNILVR.NS
2025-04-01,2171.27587890625,2220.652688338022,2157.8137477663568,2195.7212865784686,2495962,HINDUNILVR.NS
2025-04-02,2175.212158203125,2180.8497368615344,2128.7026682002793,2180.8497368615344,1351493,HINDUNILVR.NS
2025-04-03,2181.676025390625,2189.791983972201,2158.3969569161945,2163.110957010432,1310088,HINDUNILVR.NS
2025-04-04,2181.676025390625,2203.5457585235163,2159.7576453904135,2167.5335505043304,1120226,HINDUNILVR.NS
2025-04-07,2186.39013671875,2198.248582462212,2089.7746056836772,2089.7746056836772,3435185,HINDUNILVR.NS
2025-04-08,2225.123779296875,2241.598930289759,2189.2575129830993,2204.760675866648,2774874,HINDUNILVR.NS
2025-04-09,2284.17236328125,2288.206019555254,2225.367074779754,2229.69237498603,2989089,HINDUNILVR.NS
2025-04-11,2299.869384765625,2327.765631098383,2278.6802355299874,2327.522634090619,3836083,HINDUNILVR.NS
2025-04-15,2295.349853515625,2332.7713946379417,2279.506400333353,2332.7713946379417,3042779,HINDUNILVR.NS
2025-04-16,2300.30712890625,2309.443722111737,2285.14401964844,2285.14401964844,1131979,HINDUNILVR.NS
2025-04-17,2308.4716796875,2313.2343263375133,2277.4653549947234,2291.0731880539342,1962402,HINDUNILVR.NS
2025-04-21,2285.143798828125,2305.9442472059845,2283.005472678344,2301.764888627587,1478430,HINDUNILVR.NS
2025-04-22,2331.508056640625,2338.603617987649,2289.1295133424655,2303.612042656163,2352346,HINDUNILVR.NS
2025-04-23,2355.90478515625,2369.706968604088,2326.35620477454,2342.49130202455,2226066,HINDUNILVR.NS
2025-04-24,2260.1640625,2417.723197131752,2252.193807236699,2355.904893997615,7065430,HINDUNILVR.NS
2025-04-25,2266.870849609375,2276.2990877598427,2230.1296479129974,2266.5792056868227,2859858,HINDUNILVR.NS
2025-04-28,2253.65185546875,2283.2002007794895,2250.1526031522,2279.3122481174555,1555660,HINDUNILVR.NS
2025-04-29,2256.664794921875,2267.1623141907044,2247.8198453161813,2262.7883676038414,1896387,HINDUNILVR.NS
2025-04-30,2276.493408203125,2286.601989452575,2251.1244240476785,2255.012376420818,2083807,HINDUNILVR.NS
2025-05-02,2253.65185546875,2279.3122481174555,2245.2926623246576,2268.7176720341317,1424284,HINDUNILVR.NS
2025-05-05,2282.8115234375,2288.934859100469,2254.1378722660597,2258.997813142575,2074103,HINDUNILVR.NS
2025-05-06,2315.08154296875,2323.1490924917193,2274.646738914956,2274.646738914956,1888125,HINDUNILVR.NS
2025-05-07,2304.3896484375,2320.038515916267,2289.3238314916816,2302.640022235044,1610400,HINDUNILVR.NS
2025-05-08,2288.9345703125,2305.4583672078948,2275.424031301092,2295.544136531012,2323073,HINDUNILVR.NS
2025-05-09,2267.551025390625,2277.0765565746965,2237.8083308384716,2264.73235471963,1805685,HINDUNILVR.NS
2025-05-12,2315.76171875,2320.135665333158,2280.381445753612,2293.891985834208,1274873,HINDUNILVR.NS
2025-05-13,2293.89208984375,2330.827640442929,2286.893822453739,2309.0552002736067,1929665,HINDUNILVR.NS
2025-05-14,2284.657958984375,2303.611726353103,2272.994102142081,2303.611726353103,1568111,HINDUNILVR.NS
2025-05-15,2289.226318359375,2303.514495923454,2274.4521467468458,2285.727303591603,3236681,HINDUNILVR.NS
2025-05-16,2314.692626953125,2320.135855846509,2283.2003038891703,2293.8921741926106,1473000,HINDUNILVR.NS
2025-05-19,2315.9560546875,2337.6314373045693,2308.4717935959884,2308.4717935959884,936655,HINDUNILVR.NS
2025-05-20,2275.521484375,2327.5228488343587,2272.9942203403725,2327.5228488343587,1617408,HINDUNILVR.NS
2025-05-21,2297.6826171875,2309.1521244400974,2279.3121366782702,2280.284124796257,1570754,HINDUNILVR.NS
2025-05-22,2265.412841796875,2296.9054017400363,2248.305991922015,2289.0322024287943,2423653,HINDUNILVR.NS
2025-05-23,2293.1142578125,2298.2658421573706,2264.3435526876015,2271.438875913527,844118,HINDUNILVR.NS
2025-05-26,2327.037109375,2330.147424241296,2297.8774625625742,2301.6681217274645,892618,HINDUNILVR.NS
2025-05-27,2313.526123046875,2342.0054230052847,2294.183653984274,2327.0369005720772,1865258,HINDUNILVR.NS
2025-05-28,2295.8359375,2321.107628598645,2286.1160563082135,2321.107628598645,897517,HINDUNILVR.NS
2025-05-29,2300.404296875,2309.4438340900037,2289.518077103958,2302.6399170703785,1111275,HINDUNILVR.NS
2025-05-30,2282.519775390625,2308.374517293052,2277.8541849016656,2293.891989062484,3288892,HINDUNILVR.NS
2025-06-02,2305.167236328125,2317.2197947019963,2277.9515675984035,2282.1309268833143,1178205,HINDUNILVR.NS
2025-06-03,2286.407958984375,2312.8459913579845,2276.979720621593,2298.8494557783715,1643913,HINDUNILVR.NS
2025-06-04,2298.26611328125,2301.279371640828,2276.493672385733,2293.406172250839,3287896,HINDUNILVR.NS
2025-06-05,2309.832763671875,2313.332016264262,2283.1030870133595,2298.2661985112804,1787978,HINDUNILVR.NS
2025-06-06,2322.857177734375,2329.369450456811,2303.7090598811487,2306.8193742991416,997488,HINDUNILVR.NS
2025-06-09,2326.162109375,2331.79968838711,2311.67958013692,2326.939747394223,1293622,HINDUNILVR.NS
2025-06-10,2328.105712890625,2332.9656531051187,2311.776266309573,2326.356086953054,1778782,HINDUNILVR.NS
2025-06-11,2309.832763671875,2335.5904520882627,2304.875766018113,2328.106190084242,1977707,HINDUNILVR.NS
2025-06-12,2267.356689453125,2321.107681120332,2258.997733820115,2320.038399244325,3339584,HINDUNILVR.NS
2025-06-13,2254.04052734375,2259.7751625270976,2237.5167287388153,2240.4326931985097,1740682,HINDUNILVR.NS
2025-06-16,2262.205078125,2271.1475587596,2248.3058377118327,2255.0124608859933,1105297,HINDUNILVR.NS
2025-06-17,2263.37158203125,2267.745528476323,2248.3057664982202,2255.012389459953,1119284,HINDUNILVR.NS
2025-06-18,2232.9482421875,2266.09289301594,2221.4787354933574,2262.496584614853,2056563,HINDUNILVR.NS
2025-06-19,2229.93505859375,2243.154191716161,2226.144399912506,2235.6699307829094,1214549,HINDUNILVR.NS
2025-06-20,2241.59912109375,2248.2086882601934,2228.1856365828094,2230.712900802916,2685864,HINDUNILVR.NS
2025-06-23,2234.62548828125,2245.3314785900775,2218.517104573964,2242.777637332428,842856,HINDUNILVR.NS
2025-06-24,2222.839111328125,2260.0647671143856,2220.0888759075924,2254.171508269237,2440747,HINDUNILVR.NS
2025-06-25,2238.1611328125,2249.751254907696,2230.9909542436453,2238.455843673713,1047270,HINDUNILVR.NS
2025-06-26,2240.22412109375,2250.2426129211913,2231.187839049338,2248.179876457905,1874722,HINDUNILVR.NS
2025-06-27,2265.859375,2269.395425704689,2238.7505321874146,2240.223846681488,1050745,HINDUNILVR.NS
2025-06-30,2253.7783203125,2275.7797201777867,2247.295640814318,2268.8059358629935,1403754,HINDUNILVR.NS
2025-07-01,2254.662353515625,2261.636138264844,2245.9207831543013,2259.082297140465,759914,HINDUNILVR.NS
2025-07-02,2266.05615234375,2267.9222549022306,2246.9030627072866,2254.171318752975,1128034,HINDUNILVR.NS
2025-07-03,2272.243896484375,2285.503727857006,2263.011220929018,2268.9044793168537,1060039,HINDUNILVR.NS
2025-07-04,2297.683349609375,2299.7458462360423,2269.199266444391,2276.762233670115,1242346,HINDUNILVR.NS
2025-07-07,2367.51806640625,2372.723825559003,2299.3528119827433,2299.3528119827433,2701583,HINDUNILVR.NS
2025-07-08,2350.133056640625,2375.474114379278,2343.552299734942,2362.607071634493,1471046,HINDUNILVR.NS
2025-07-09,2380.286865234375,2396.29693113012,2354.45494224249,2356.3210447333263,1741690,HINDUNILVR.NS
2025-07-10,2365.5537109375,2390.6983748083844,2354.946038170592,2380.2868562218573,1053695,HINDUNILVR.NS
2025-07-11,2474.77587890625,2484.9907647872415,2417.218289383953,2455.5244711336377,7242235,HINDUNILVR.NS
2025-07-14,2471.828857421875,2487.445894661949,2445.7019852747294,2455.5240816011337,2427712,HINDUNILVR.NS
2025-07-15,2481.94580078125,2484.8924301255456,2465.3465513939755,2475.8561480958347,1700294,HINDUNILVR.NS
2025-07-16,2472.811279296875,2487.8388961282812,2462.890865236824,2481.356455874828,1284379,HINDUNILVR.NS
2025-07-17,2465.14990234375,2480.472229470397,2461.613851577524,2468.2929253596812,807474,HINDUNILVR.NS
2025-07-18,2445.309326171875,2470.1590393490687,2437.353331809416,2470.1590393490687,771112,HINDUNILVR.NS
2025-07-21,2421.048828125,2449.2384410834075,2411.717835071157,2446.5862827986753,1169960,HINDUNILVR.NS
2025-07-22,2435.585205078125,2440.7909641482383,2408.967467617087,2426.057819495432,861632,HINDUNILVR.NS
2025-07-23,2406.806640625,2442.755612873297,2398.5561747634065,2436.8623544586453,1320795,HINDUNILVR.NS
2025-07-24,2394.430908203125,2422.1291744035116,2377.9297369143965,2412.2087602925917,693984,HINDUNILVR.NS
2025-07-25,2372.42919921875,2385.3945590187477,2362.6071022777146,2382.9390347834888,769388,HINDUNILVR.NS
2025-07-28,2398.163330078125,2404.7440871927433,2369.384537540986,2372.429243771511,987995,HINDUNILVR.NS
2025-07-29,2409.949951171875,2413.7804732980653,2386.4749941452433,2401.3064573670335,732282,HINDUNILVR.NS
2025-07-30,2394.037841796875,2409.262092241855,2355.829980147422,2398.5561023639793,1224146,HINDUNILVR.NS
2025-07-31,2476.34716796875,2503.652646914568,2377.0459063535795,2377.0459063535795,5505507,HINDUNILVR.NS
2025-08-01,2508.268798828125,2678.976888284892,2491.767628330378,2504.6346709904583,4259653,HINDUNILVR.NS
2025-08-04,2498.44677734375,2537.2440606709806,2489.9999177635377,2501.688117328015,1293028,HINDUNILVR.NS
2025-08-05,2489.60693359375,2507.5814194600316,2472.516580355361,2492.357168773925,756361,HINDUNILVR.NS
2025-08-06,2490.4912109375,2517.501979853343,2481.651322928679,2493.535917373264,885487,HINDUNILVR.NS
2025-08-07,2472.712890625,2498.741447368421,2450.613172635303,2490.5890589949863,847151,HINDUNILVR.NS
2025-08-08,2454.1494140625,2484.892387860569,2442.362896885792,2471.2397680498043,839794,HINDUNILVR.NS
2025-08-11,2473.596923828125,2479.5884991865532,2434.4068509541976,2445.800579905625,992436,HINDUNILVR.NS
2025-08-12,2439.612548828125,2491.47326996814,2435.9784208260676,2473.2040732697083,1406211,HINDUNILVR.NS
2025-08-13,2450.71142578125,2456.9974717047967,2429.397284258838,2440.7910122672074,969803,HINDUNILVR.NS
2025-08-14,2436.469482421875,2464.3641420365734,2429.200986749531,2454.44372812859,1104362,HINDUNILVR.NS
2025-08-18,2522.412841796875,2550.798606380226,2476.445379598451,2493.830443434499,3089136,HINDUNILVR.NS
2025-08-19,2558.4599609375,2568.47845225644,2512.8852854397333,2526.439827717028,1400717,HINDUNILVR.NS
2025-08-20,2622.303466796875,2632.3219576313877,2542.449771391361,2552.762973091036,3156954,HINDUNILVR.NS
2025-08-21,2600.891357421875,2619.651659128844,2580.559664029887,2619.651659128844,2235686,HINDUNILVR.NS
2025-08-22,2583.11328125,2611.20457553655,2572.4072910777595,2599.9091636055095,1223445,HINDUNILVR.NS
2025-08-25,2584.782958984375,2595.980052850747,2568.674577169291,2595.980052850747,667598,HINDUNILVR.NS
2025-08-26,2644.697998046875,2656.877302702266,2577.9077368329176,2577.9077368329176,4348648,HINDUNILVR.NS
2025-08-28,2607.17724609375,2699.1121669118434,2599.7125964973993,2699.1121669118434,3198743,HINDUNILVR.NS
2025-08-29,2612.4814453125,2674.5570512791683,2594.4086426961376,2617.392493882605,1972773,HINDUNILVR.NS
2025-09-01,2602.364501953125,2625.7411398904956,2592.346011350618,2612.4813094408382,1096729,HINDUNILVR.NS
2025-09-02,2629.37548828125,2644.5014224406004,2598.043093323752,2601.8736154116664,1525106,HINDUNILVR.NS
2025-09-03,2617.294189453125,2639.099197248745,2611.00814317238,2633.304255827349,1010692,HINDUNILVR.NS
2025-09-04,2619.16064453125,2701.0768426775303,2608.2580202655204,2701.0768426775303,2494678,HINDUNILVR.NS
2025-09-05,2586.551025390625,2625.348310000531,2577.1219557941918,2620.1427902324845,944879,HINDUNILVR.NS
2025-09-08,2577.219970703125,2597.5519036054347,2572.210845043877,2583.2115458729263,903410,HINDUNILVR.NS
2025-09-09,2594.998291015625,2599.123524215233,2564.844498121878,2590.087242016731,1610956,HINDUNILVR.NS
2025-09-10,2596.471435546875,2605.704111140776,2572.407297029418,2594.9981209437656,1031486,HINDUNILVR.NS
2025-09-11,2575.353759765625,2610.418597093595,2567.4960823902916,2596.765978572866,1212707,HINDUNILVR.NS
2025-09-12,2534.59228515625,2582.131141611505,2523.296872918584,2578.300619467218,1368380,HINDUNILVR.NS
2025-09-15,2535.083251953125,2547.262556392294,2522.7073137348634,2534.5921470999765,752745,HINDUNILVR.NS
2025-09-16,2534.985107421875,2543.9233122758214,2526.8329581431617,2542.1552867248165,1040928,HINDUNILVR.NS
2025-09-17,2523.984130859375,2545.0035615909655,2520.8411078875088,2540.9764060412954,970247,HINDUNILVR.NS
2025-09-18,2540.780029296875,2563.468928857849,2525.162751622593,2525.162751622593,1550153,HINDUNILVR.NS
2025-09-19,2514.064208984375,2558.3617254823207,2509.3495541555926,2553.745387548905,2214708,HINDUNILVR.NS
2025-09-22,2526.439697265625,2541.1728425025335,2514.6531810760985,2523.2966742412086,1174161,HINDUNILVR.NS
2025-09-23,2477.3291015625,2529.484529270965,2473.4002630096147,2523.1982437079832,1430474,HINDUNILVR.NS
2025-09-24,2504.143798828125,2530.1723576313984,2465.3465130647555,2477.3294242524616,1882881,HINDUNILVR.NS
2025-09-25,2493.142822265625,2521.8232963129217,2486.758459490149,2500.7057886709636,1624258,HINDUNILVR.NS
2025-09-26,2467.1142578125,2500.1163583210514,2454.9347142199126,2489.901473834488,885612,HINDUNILVR.NS
2025-09-29,2453.461669921875,2472.6147602913434,2399.538449877524,2450.6133575294402,2403556,HINDUNILVR.NS
2025-09-30,2469.66796875,2481.3564080346573,2447.273779473271,2453.461508732884,1678088,HINDUNILVR.NS
2025-10-01,2491.080322265625,2504.6348647874647,2453.4616408468078,2470.650311487506,1483899,HINDUNILVR.NS
2025-10-03,2499.625244140625,2503.2596116860273,2463.676514803471,2491.080068139014,1242611,HINDUNILVR.NS
2025-10-06,2496.58056640625,2504.2418497280028,2475.3647417917477,2490.0978867192407,818923,HINDUNILVR.NS
2025-10-07,2472.418212890625,2513.8674143383946,2463.676642465363,2494.812642046405,1291750,HINDUNILVR.NS
2025-10-08,2455.62255859375,2480.0794841222178,2441.8716228402013,2466.328548368669,1225128,HINDUNILVR.NS
2025-10-09,2472.811279296875,2478.1151158494545,2453.854583800399,2456.506502076689,1259173,HINDUNILVR.NS
2025-10-10,2483.909912109375,2489.8031700666565,2461.908511654435,2465.3462454628498,1018875,HINDUNILVR.NS
2025-10-13,2448.452392578125,2486.5621769669815,2441.183896906515,2474.3826327864285,1114750,HINDUNILVR.NS
2025-10-14,2457.783447265625,2464.560598461446,2438.139252730148,2448.648848847169,1461017,HINDUNILVR.NS
2025-10-15,2474.186279296875,2486.75861164498,2458.07813584284,2458.07813584284,881070,HINDUNILVR.NS
2025-10-16,2515.93017578125,2522.8056437611326,2462.498063399367,2473.0076593520143,1446646,HINDUNILVR.NS
2025-10-17,2557.37939453125,2568.478412302955,2514.4568778185712,2519.85903126701,2050690,HINDUNILVR.NS
2025-10-20,2548.244873046875,2578.00587635619,2539.6016191065405,2562.585231279587,1011485,HINDUNILVR.NS
2025-10-21,2545.5927734375,2560.3259186012747,2539.11033344381,2547.8519036554026,82020,HINDUNILVR.NS
2025-10-23,2555.31689453125,2619.7497080594576,2549.914741090149,2554.727472782394,3386744,HINDUNILVR.NS
2025-10-24,2471.632568359375,2538.0300447047853,2430.478074931111,2538.0300447047853,3110800,HINDUNILVR.NS
2025-10-27,2467.1142578125,2480.0793772907623,2461.4173938576832,2471.6322783442465,2127832,HINDUNILVR.NS
2025-10-28,2452.676025390625,2481.0617908155573,2437.7462455795494,2474.186322669988,2294976,HINDUNILVR.NS
2025-10-29,2443.836181640625,2468.8825303347708,2439.8090257355866,2467.900320582059,1870143,HINDUNILVR.NS
2025-10-30,2425.665283203125,2452.5777343086565,2411.22660810764,2446.684475836149,1195631,HINDUNILVR.NS
2025-10-31,2421.63818359375,2435.389120349099,2409.2622445950133,2425.075917782587,1401937,HINDUNILVR.NS
2025-11-03,2416.23583984375,2430.8706683206365,2396.8863568906377,2412.405317967791,1049185,HINDUNILVR.NS
2025-11-04,2402.1904296875,2419.4774178690022,2397.86880254078,2416.236077610307,1251588,HINDUNILVR.NS
2025-11-06,2392.662841796875,2420.066396652233,2389.3234247182095,2420.066396652233,1329256,HINDUNILVR.NS
2025-11-07,2389.693115234375,2400.582354781839,2376.4281382767645,2392.662907838229,817896,HINDUNILVR.NS
2025-11-10,2384.54541015625,2404.8389919884094,2379.7936938785956,2380.7836246996762,780558,HINDUNILVR.NS
2025-11-11,2403.05712890625,2409.194651815599,2378.9029129343594,2397.8104470854564,1422399,HINDUNILVR.NS
2025-11-12,2400.08740234375,2410.283738675327,2391.870927758796,2406.126077343887,1680827,HINDUNILVR.NS
2025-11-13,2383.357666015625,2406.5219517661053,2380.7837490734196,2404.542090020514,1256059,HINDUNILVR.NS
2025-11-14,2403.255126953125,2405.729954130381,2367.91464319838,2380.882834280137,975973,HINDUNILVR.NS
2025-11-17,2400.582275390625,2413.847251909541,2391.672897873711,2406.9177360630524,920038,HINDUNILVR.NS
2025-11-18,2379.793701171875,2398.503297074712,2377.7147497683018,2391.474933232895,1229034,HINDUNILVR.NS
2025-11-19,2417.015380859375,2426.023607035294,2386.7233986621463,2387.7133295616327,1465143,HINDUNILVR.NS
2025-11-20,2403.947998046875,2434.239978963932,2400.5823298037967,2420.480036715518,1396929,HINDUNILVR.NS
2025-11-21,2409.19482421875,2418.5991679296735,2388.703302574577,2411.6696515110984,1840712,HINDUNILVR.NS
2025-11-24,2399.790283203125,2420.281803162537,2388.703106181435,2417.312010655888,4092327,HINDUNILVR.NS
2025-11-25,2389.792236328125,2399.7903932161203,2381.7736995196474,2397.612593614541,1240672,HINDUNILVR.NS
2025-11-26,2400.7802734375,2403.2551005876053,2384.7434418412868,2387.713234421413,1242683,HINDUNILVR.NS
2025-11-27,2427.013427734375,2434.932874570679,2400.5823222546774,2401.6713428676044,1872248,HINDUNILVR.NS
2025-11-28,2441.763671875,2445.129340285854,2422.5588672698223,2425.3307221458876,973225,HINDUNILVR.NS
2025-12-01,2439.6845703125,2462.9479451967945,2434.042012825968,2441.7635217623283,1924828,HINDUNILVR.NS
2025-12-02,2452.850830078125,2459.3842290026473,2435.2300117380223,2446.119251627908,2179406,HINDUNILVR.NS
2025-12-03,2423.350830078125,2459.879183417393,2378.903029581739,2453.2466947597763,3535932,HINDUNILVR.NS
2025-12-04,2437.40771484375,2457.9983250655837,2398.8004113086886,2415.431298091029,2587753,HINDUNILVR.NS
2025-12-05,2315.052490234375,2397.6126302941066,2263.674931718664,2397.6126302941066,4008271,HINDUNILVR.NS
2025-12-08,2290.699951171875,2331.3862051452247,2278.8207811571547,2326.4365509724244,1898154,HINDUNILVR.NS
2025-12-09,2283.275634765625,2306.934886746879,2274.960311827886,2294.659840185007,1471488,HINDUNILVR.NS
2025-12-10,2278.52392578125,2293.570827267341,2271.891437024881,2283.2756424827394,2857290,HINDUNILVR.NS
2025-12-11,2282.384765625,2289.710157566845,2268.9216087951613,2273.1783599753567,1108032,HINDUNILVR.NS
2025-12-12,2237.837890625,2285.750449542293,2222.097844295659,2283.6714979780418,3203114,HINDUNILVR.NS
2025-12-15,2270.406494140625,2275.8511140306505,2229.32436224316,2237.83786456232,1274115,HINDUNILVR.NS
2025-12-16,2258.13134765625,2279.513708903146,2253.0826036728013,2270.3073037063286,1256042,HINDUNILVR.NS
2025-12-17,2252.686767578125,2263.179889712154,2245.460223944765,2258.230235399214,808100,HINDUNILVR.NS
2025-12-18,2242.6884765625,2255.35964054673,2232.5912296171614,2247.1431656574155,1057295,HINDUNILVR.NS
2025-12-19,2257.04248046875,2261.7941971851546,2240.906558258753,2240.906558258753,1237214,HINDUNILVR.NS
2025-12-22,2266.44677734375,2271.8913972500136,2257.0424338692947,2257.0424338692947,790773,HINDUNILVR.NS
2025-12-23,2279.414794921875,2286.7401862916095,2257.7351650294536,2266.2486667249427,1128801,HINDUNILVR.NS
2025-12-24,2259.22021484375,2281.790687332576,2255.161643229268,2279.414949884213,519380,HINDUNILVR.NS
2025-12-26,2262.387939453125,2266.9417181800486,2252.092754960529,2259.3192987304974,533626,HINDUNILVR.NS
2025-12-29,2270.20849609375,2275.554026080165,2257.0423672814736,2265.8526552878384,1086695,HINDUNILVR.NS
2025-12-30,2267.1396484375,2274.8611576222947,2260.0121944524367,2270.208530832208,1556717,HINDUNILVR.NS
2025-12-31,2292.580810546875,2302.0842435941418,2263.773967171593,2266.941697626568,1324220,HINDUNILVR.NS
2026-01-01,2299.609375,2302.5791675634955,2276.8409653465346,2298.6194441455013,758866,HINDUNILVR.NS
2026-01-02,2324.357666015625,2333.959947048983,2298.61946358104,2302.5791870325143,973413,HINDUNILVR.NS
2026-01-05,2360.09423828125,2369.8944570321323,2312.8743433478985,2317.923087360375,1344113,HINDUNILVR.NS
2026-01-06,2400.285400390625,2403.65131045372,2343.958428959233,2374.646286801663,1584720,HINDUNILVR.NS
2026-01-07,2375.239990234375,2397.5134344101753,2358.0152900780245,2391.672939054789,892690,HINDUNILVR.NS
2026-01-08,2362.66796875,2393.7519432044614,2344.255399502143,2364.944858096775,1163828,HINDUNILVR.NS
2026-01-09,2348.7099609375,2361.9749372567057,2337.2266667489866,2358.0152139754705,1189464,HINDUNILVR.NS
2026-01-12,2381.9716796875,2389.5940992696505,2337.226851410769,2338.216782309291,1057665,HINDUNILVR.NS
2026-01-13,2365.439697265625,2397.8103867825116,2341.1863921461404,2390.782022961365,1519683,HINDUNILVR.NS
2026-01-14,2329.80224609375,2374.7450098298477,2317.428110518576,2374.7450098298477,1027639,HINDUNILVR.NS
2026-01-15,2329.80224609375,2329.80224609375,2329.80224609375,2329.80224609375,0,HINDUNILVR.NS
2026-01-16,2336.6328125,2349.0069488178538,2325.2486070875743,2346.1362458650515,1367606,HINDUNILVR.NS
2026-01-19,2389.593994140625,2400.978198972787,2329.30730174585,2329.30730174585,1505238,HINDUNILVR.NS
2026-01-20,2355.14453125,2414.441291216623,2344.6511677927724,2398.602397957309,1460806,HINDUNILVR.NS
2026-01-21,2344.15625,2376.329002586571,2336.2368032094596,2355.1445790948096,1020245,HINDUNILVR.NS
2026-01-22,2366.52880859375,2377.8139237153,2341.879385191128,2345.04711560399,1745964,HINDUNILVR.NS
2026-01-23,2385.238525390625,2409.7888602718917,2352.8678330006896,2375.8341817545133,1378097,HINDUNILVR.NS
2026-01-27,2376.724853515625,2397.216615218734,2356.5303610828705,2387.713182496065,2060117,HINDUNILVR.NS
2026-01-28,2354.451416015625,2395.8305735138733,2317.0322235644744,2378.902901138909,1797593,HINDUNILVR.NS
2026-01-29,2328.911376953125,2350.7887033771153,2288.720088416137,2346.6310422104034,1478536,HINDUNILVR.NS
2026-01-30,2349.10595703125,2360.985127484,2316.4382382861886,2317.428169157251,2090462,HINDUNILVR.NS
2026-02-02,2333.56396484375,2336.236729715009,2279.810673107486,2332.3760961990047,1375089,HINDUNILVR.NS
2026-02-03,2344.750244140625,2375.734885556113,2319.704945981085,2365.934667080886,1553270,HINDUNILVR.NS
2026-02-04,2347.1259765625,2369.3994200347297,2333.0690072409366,2336.830792697157,1232755,HINDUNILVR.NS
2026-02-05,2330.693115234375,2398.6024687612185,2327.921502178045,2338.7116518565326,1962066,HINDUNILVR.NS
2026-02-06,2399.790283203125,2404.5419995502302,2313.963328097432,2330.693062545289,1421995,HINDUNILVR.NS
2026-02-09,2410.481689453125,2414.441412967627,2377.813970458483,2400.58238066687,958484,HINDUNILVR.NS
2026-02-10,2428.89453125,2433.3492202602692,2405.6311553074825,2410.4817200012817,792532,HINDUNILVR.NS
2026-02-11,2438.1005859375,2445.723246803812,2422.360782146142,2435.2298831546827,1137856,HINDUNILVR.NS
2026-02-12,2385.436279296875,2454.6325895142136,2326.436546675471,2450.078811010715,4656164,HINDUNILVR.NS
2026-02-13,2281.988525390625,2375.834017414984,2277.13796094467,2375.834017414984,2791519,HINDUNILVR.NS
2026-02-16,2295.649658203125,2303.5691050619544,2265.0608913838323,2284.8595085309053,2036833,HINDUNILVR.NS
2026-02-17,2289.01708984375,2302.579093779329,2280.206560511637,2286.047297375419,1233244,HINDUNILVR.NS
2026-02-18,2300.1044921875,2305.4500224815533,2282.7807010907572,2289.3143418344703,830787,HINDUNILVR.NS
2026-02-19,2256.349365234375,2313.864200838222,2252.686669538672,2312.4783943638467,940180,HINDUNILVR.NS
2026-02-20,2291.195068359375,2307.7268660551376,2255.359618111006,2261.992106805432,1716316,HINDUNILVR.NS
2026-02-23,2321.78369140625,2326.3374699352266,2297.4315377942003,2301.589198978469,1300035,HINDUNILVR.NS
2026-02-24,2334.85107421875,2348.116051360412,2306.835981930553,2307.627974972371,1544803,HINDUNILVR.NS
2026-02-25,2350.98681640625,2356.0355607092815,2325.3477025655893,2345.0472309590837,1158620,HINDUNILVR.NS
2026-02-26,2359.30224609375,2363.261969498705,2331.485092501007,2354.0555642457175,1470677,HINDUNILVR.NS
2026-02-27,2314.557373046875,2354.946357613014,2307.1328918130507,2345.443166643118,3053227,HINDUNILVR.NS
2026-03-02,2297.233642578125,2330.29723651677,2267.139599527044,2279.810762828429,2273224,HINDUNILVR.NS
2026-03-04,2238.53076171875,2288.3243336403816,2229.4234459004774,2269.812432719107,2648737,HINDUNILVR.NS
2026-03-05,2232.294189453125,2254.86466241023,2205.961930722778,2252.5877729936083,1751288,HINDUNILVR.NS
2026-03-06,2203.2890625,2227.344430687897,2197.15153951635,2222.4938661562232,1674258,HINDUNILVR.NS
2026-03-09,2172.50244140625,2177.8479715726257,2148.545920373073,2176.8580406764563,1512817,HINDUNILVR.NS
2026-03-10,2168.146484375,2201.606195210621,2153.0995838952795,2201.606195210621,1084986,HINDUNILVR.NS
2026-03-11,2139.636474609375,2172.8982483412015,2134.290944612132,2168.1465318534633,1313256,HINDUNILVR.NS
2026-03-12,2115.383056640625,2143.2992989000727,2088.061111223958,2143.2992989000727,1791973,HINDUNILVR.NS
2026-03-13,2138.250732421875,2169.8294312879443,2098.950524241146,2114.492390950521,2298875,HINDUNILVR.NS
2026-03-16,2153.79248046875,2164.681719709848,2132.3110295750503,2147.7540473535414,1981511,HINDUNILVR.NS
2026-03-17,2136.46875,2162.8010077496438,2123.8966763186418,2150.921837339099,1705956,HINDUNILVR.NS
2026-03-18,2113.79931640625,2153.099521402979,2108.2556071724653,2143.2002132585976,2441148,HINDUNILVR.NS
2026-03-19,2056.383544921875,2112.1167039586576,2049.256090646583,2090.734099450428,2098905,HINDUNILVR.NS
2026-03-20,2061.72900390625,2078.656918696704,2048.166999131025,2078.5578289353593,2429744,HINDUNILVR.NS
2026-03-23,2031.5361328125,2075.8850852106953,2012.8265355843985,2041.534531517212,2599535,HINDUNILVR.NS
2026-03-24,2064.005859375,2093.7037854091727,2045.1971728866906,2049.1568963579134,1702418,HINDUNILVR.NS
2026-03-25,2113.304443359375,2133.0039707547157,2064.9957691670343,2076.874939459462,2069217,HINDUNILVR.NS
2026-03-27,2053.512451171875,2105.5829103672913,2048.6618866972776,2101.920214571949,2789151,HINDUNILVR.NS
2026-03-30,2034.505859375,2061.4319304866403,2025.5964816164349,2043.2172992976207,2482193,HINDUNILVR.NS
2026-04-01,2043.91015625,2098.5542902611737,2031.338082923151,2098.5542902611737,2028470,HINDUNILVR.NS
2026-04-02,2044.5042724609375,2049.0578094497764,2002.13518292342,2034.3079361718803,1431905,HINDUNILVR.NS
2026-04-06,2063.807861328125,2071.727308039528,2021.3398041699922,2044.5042099690797,1661298,HINDUNILVR.NS
2026-04-07,2089.34814453125,2098.1584324058085,2030.1502314824131,2043.9101735971367,2709707,HINDUNILVR.NS
2026-04-08,2123.995849609375,2170.720540058606,2108.552830795398,2108.552830795398,3794437,HINDUNILVR.NS
2026-04-09,2111.720458984375,2141.1213571449207,2093.7037656964103,2123.896656880212,2506245,HINDUNILVR.NS
2026-04-10,2133.59814453125,2148.1500806118274,2100.039341580484,2111.7205746871014,2144484,HINDUNILVR.NS
2026-04-13,2105.781005859375,2119.145073286812,2092.2190005842986,2109.5427916939393,1994541,HINDUNILVR.NS
2026-04-15,2135.875,2146.1701846556675,2119.342960674532,2119.342960674532,1552971,HINDUNILVR.NS
2026-04-16,2117.561279296875,2141.9134343634555,2107.6619703228953,2136.270876584757,1845734,HINDUNILVR.NS
2026-04-17,2218.237060546875,2222.3947217120526,2111.522468334881,2120.4318458384037,4882697,HINDUNILVR.NS
2026-04-20,2209.03076171875,2230.710151347242,2200.814287067127,2218.2371672517165,1460822,HINDUNILVR.NS
2026-04-21,2287.43310546875,2312.1813760556415,2204.773881708532,2216.1580861785023,3217281,HINDUNILVR.NS
2026-04-22,2344.9482421875,2383.753483110979,2287.136135627566,2287.136135627566,5558325,HINDUNILVR.NS
2026-04-23,2342.572265625,2375.8340388417187,2312.478464472606,2312.478464472606,2063531,HINDUNILVR.NS
2026-04-24,2303.8662109375,2364.5490228916565,2275.8511183860137,2364.5490228916565,1676706,HINDUNILVR.NS
2026-04-27,2304.856201171875,2339.0088177903613,2301.5893808110277,2311.3896002112174,1099681,HINDUNILVR.NS
2026-04-28,2266.44677734375,2310.8945777237636,2258.131454523486,2297.62960044326,1629120,HINDUNILVR.NS
2026-04-29,2291.095947265625,2326.0405558989446,2267.9316611922086,2281.7906936045574,1778765,HINDUNILVR.NS
2026-04-30,2228.2353515625,2344.948348918507,2189.331260792845,2288.720225829817,4434979,HINDUNILVR.NS
2026-05-01,2228.2353515625,2228.2353515625,2228.2353515625,2228.2353515625,0,HINDUNILVR.NS
2026-05-04,2286.04736328125,2341.978456380622,2245.955163802939,2245.955163802939,2554255,HINDUNILVR.NS
2026-05-05,2303.965087890625,2311.884535117792,2265.0609967330465,2278.3259741656116,1741424,HINDUNILVR.NS
2026-05-06,2293.768798828125,2315.84406275992,2265.258742886433,2306.5388097283676,1196175,HINDUNILVR.NS
2026-05-07,2249.32080078125,2304.4599000972157,2245.262229356629,2286.7402347777156,1859012,HINDUNILVR.NS
2026-05-08,2264.664794921875,2274.16822791307,2233.2840347907604,2249.3208664913536,1104526,HINDUNILVR.NS
2026-05-11,2283.968505859375,2293.7689667003274,2236.4518230397666,2254.1717310173203,1903862,HINDUNILVR.NS
2026-05-12,2239.2236328125,2283.770522059433,2233.2840475795756,2262.289070470158,983506,HINDUNILVR.NS
2026-05-13,2244.47021484375,2272.683243444049,2227.3443631814885,2242.193325602698,1308559,HINDUNILVR.NS
2026-05-14,2226.057373046875,2262.882750990242,2222.3946773716366,2245.1630860930386,1380764,HINDUNILVR.NS
2026-05-15,2249.32080078125,2275.7519058077983,2223.582599004531,2226.0574260984463,1038522,HINDUNILVR.NS
2026-05-18,2231.502197265625,2242.193499373944,2202.299235574,2240.312727327763,1118204,HINDUNILVR.NS
2026-05-19,2210.41650390625,2259.022205437637,2207.0508356806363,2219.424971337065,1145022,HINDUNILVR.NS
2026-05-20,2187.05419921875,2204.4768365637315,2178.83772511289,2202.4969749325523,1071994,HINDUNILVR.NS
2026-05-21,2157.059326171875,2206.5558687641624,2154.0895336163376,2201.6062145049336,1581812,HINDUNILVR.NS
2026-05-22,2181.411865234375,2202.101324725408,2153.4956200308816,2158.0493989217307,1382889,HINDUNILVR.NS
2026-05-25,2174.383056640625,2215.56427562462,2170.8192089984664,2192.696776899151,780722,HINDUNILVR.NS
2026-05-26,2187.153076171875,2197.6464396286196,2167.9485147687737,2177.451947396857,2302703,HINDUNILVR.NS
2026-05-27,2176.263916015625,2192.3009893676626,2164.9788008323703,2182.8966461541704,616538,HINDUNILVR.NS
2026-05-28,2176.263916015625,2176.263916015625,2176.263916015625,2176.263916015625,0,HINDUNILVR.NS
2026-05-29,2131.816162109375,2185.569457533162,2096.77270543257,2112.017544397656,17701621,HINDUNILVR.NS
2026-06-01,2063.31298828125,2145.6751894306544,2059.3532647482753,2136.7658114814612,1470488,HINDUNILVR.NS
2026-06-02,2072.6181640625,2075.88498419097,2044.9001003727778,2058.066228961863,2148903,HINDUNILVR.NS
2026-06-03,2069.549560546875,2078.4589383211337,2051.334687643431,2070.9353670832684,1544973,HINDUNILVR.NS
2026-06-04,2058.462158203125,2089.64498066566,2052.621662732285,2067.9655912455964,2142735,HINDUNILVR.NS
2026-06-05,2100.138427734375,2106.07801320051,2056.284440039605,2065.688783694319,1822999,HINDUNILVR.NS
2026-06-08,2088.853271484375,2103.603145099428,2070.440460223743,2084.101554867211,1601497,HINDUNILVR.NS
2026-06-09,2111.32470703125,2117.0663546833757,2088.8533235633454,2098.3565153522595,1460636,HINDUNILVR.NS
2026-06-10,2147.655029296875,2182.6984855334144,2112.017517863509,2113.403324412981,2325534,HINDUNILVR.NS
2026-06-11,2118.254150390625,2143.2003602893956,2113.7994614200466,2142.2104294070446,1178896,HINDUNILVR.NS
2026-06-12,2146.962158203125,2157.455280606382,2123.40175473256,2129.539277901612,1156153,HINDUNILVR.NS
2026-06-15,2134.39013671875,2188.7372471319904,2128.351461480678,2177.848007096508,1439449,HINDUNILVR.NS
2026-06-16,2177.748779296875,2186.7572467009,2138.3497248298445,2139.2405659215233,1337309,HINDUNILVR.NS
2026-06-17,2175.47216796875,2202.2003013528906,2161.0190806510564,2178.9369260000276,1511401,HINDUNILVR.NS
2026-06-18,2196.16162109375,2199.2305034441215,2174.68016968817,2186.460250293131,1120482,HINDUNILVR.NS
2026-06-19,2172.50244140625,2188.34133574496,2157.950263886682,2187.3514048487905,1508994,HINDUNILVR.NS
2026-06-22,2162.89990234375,2185.9653403900866,2160.524164883483,2181.5106513903265,765860,HINDUNILVR.NS
2026-06-23,2160.10009765625,2179.699951171875,2156.0,2160.10009765625,710082,HINDUNILVR.NS
2026-06-24,2157.800048828125,2166.0,2140.0,2160.0,942271,HINDUNILVR.NS
2026-06-25,2174.199951171875,2200.89990234375,2161.0,2161.0,1898262,HINDUNILVR.NS
2026-06-26,2174.199951171875,2174.199951171875,2174.199951171875,2174.199951171875,0,HINDUNILVR.NS
2026-06-29,2151.300048828125,2189.89990234375,2143.0,2172.0,1423514,HINDUNILVR.NS
2026-06-30,2118.199951171875,2151.300048828125,2114.199951171875,2151.0,2364422,HINDUNILVR.NS
2026-07-01,2182.0,2190.0,2120.199951171875,2133.5,2497576,HINDUNILVR.NS
2026-07-02,2210.60009765625,2216.0,2179.199951171875,2186.0,2585362,HINDUNILVR.NS
2026-07-03,2201.199951171875,2239.300048828125,2190.0,2224.89990234375,1536616,HINDUNILVR.NS
2026-07-06,2202.0,2221.39990234375,2190.300048828125,2202.10009765625,2131061,HINDUNILVR.NS
2026-07-07,2208.800048828125,2219.39990234375,2193.699951171875,2200.0,2552492,HINDUNILVR.NS
2026-07-08,2135.800048828125,2199.0,2130.0,2199.0,1326689,HINDUNILVR.NS
2026-07-09,2144.5,2166.800048828125,2137.10009765625,2139.0,2201039,HINDUNILVR.NS
2026-07-10,2150.60009765625,2178.0,2145.0,2151.5,1665179,HINDUNILVR.NS
2026-07-13,2130.60009765625,2143.0,2120.0,2143.0,1833988,HINDUNILVR.NS
2026-07-14,2120.199951171875,2145.0,2116.10009765625,2125.0,2681897,HINDUNILVR.NS
2026-07-15,2102.60009765625,2128.5,2091.0,2121.0,2029614,HINDUNILVR.NS
2026-07-16,2098.39990234375,2123.0,2096.0,2104.89990234375,2143092,HINDUNILVR.NS
2026-07-17,2143.800048828125,2154.5,2092.10009765625,2100.0,1059832,HINDUNILVR.NS
2026-07-20,2139.699951171875,2153.800048828125,2128.39990234375,2153.800048828125,689849,HINDUNILVR.NS
2026-07-21,2142.5,2147.699951171875,2127.5,2139.699951171875,1032417,HINDUNILVR.NS
2026-07-22,2154.60009765625,2159.89990234375,2130.0,2139.699951171875,819175,HINDUNILVR.NS
2026-07-23,2161.800048828125,2166.0,2139.89990234375,2150.0,833281,HINDUNILVR.NS
2026-07-24,2145.0,2163.0,2139.0,2148.0,1603494,HINDUNILVR.NS
2026-07-27,2174.60009765625,2181.300048828125,2152.39990234375,2155.0,698681,HINDUNILVR.NS
2026-07-28,2022.699951171875,2213.0,2016.0,2174.60009765625,9947304,HINDUNILVR.NS
2026-07-29,2117.800048828125,2123.0,2047.0,2050.5,5183374,HINDUNILVR.NS
2026-07-30,2107.89990234375,2132.60009765625,2088.0,2120.0,2602039,HINDUNILVR.NS
2026-07-31,2101.300048828125,2119.60009765625,2091.10009765625,2119.60009765625,1759019,HINDUNILVR.NS
2026-08-03,2138.0,2138.0,2105.300048828125,2107.0,740649,HINDUNILVR.NS
2026-08-04,2096.5,2119.10009765625,2070.199951171875,2119.10009765625,1657094,HINDUNILVR.NS
2026-08-05,2085.300048828125,2097.800048828125,2074.199951171875,2085.300048828125,1150148,HINDUNILVR.NS
2026-08-06,2079.5,2094.0,2075.199951171875,2081.0,1160270,HINDUNILVR.NS
2026-08-07,2096.0,2099.39990234375,2077.199951171875,2083.10009765625,1054665,HINDUNILVR.NS
2026-08-10,2087.199951171875,2097.0,2076.0,2096.0,1118008,HINDUNILVR.NS
2026-08-11,2064.89990234375,2086.5,2063.800048828125,2086.0,956661,HINDUNILVR.NS
2026-08-12,2063.0,2072.10009765625,2050.10009765625,2065.0,995523,HINDUNILVR.NS
2026-08-13,2092.0,2092.0,2052.89990234375,2063.0,1186057,HINDUNILVR.NS
2026-08-14,2077.0,2090.89990234375,2066.39990234375,2089.0,1148419,HINDUNILVR.NS
2026-08-17,2055.0,2076.0,2055.0,2070.89990234375,1024288,HINDUNILVR.NS
2026-08-18,2035.0,2060.0,2034.9000244140625,2055.0,1234596,HINDUNILVR.NS
2026-08-19,2020.699951171875,2041.699951171875,2008.300048828125,2035.0,1449442,HINDUNILVR.NS
2026-08-20,2028.0,2043.5999755859375,2018.199951171875,2022.9000244140625,1401471,HINDUNILVR.NS
2026-08-21,2015.0,2034.699951171875,2012.0,2028.0,857550,HINDUNILVR.NS
2026-08-24,2030.0,2030.0,2006.199951171875,2019.9000244140625,891171,HINDUNILVR.NS
2026-08-25,2024.199951171875,2029.199951171875,2012.0,2024.0,1019583,HINDUNILVR.NS
2026-08-26,2021.0,2051.89990234375,2021.0,2030.300048828125,765343,HINDUNILVR.NS
2026-08-27,2009.0,2028.0,2004.300048828125,2020.0,989046,HINDUNILVR.NS
2026-08-28,2010.4000244140625,2018.0,1997.5,2018.0,933212,HINDUNILVR.NS
2026-08-31,1967.4000244140625,2008.5999755859375,1967.4000244140625,2001.0999755859375,1800025,HINDUNILVR.NS
2026-09-01,1994.800048828125,2003.0,1980.0,1987.0,922778,HINDUNILVR.NS
2026-09-02,,,,,1496859,HINDUNILVR.NS
