Date,Close,High,Low,Open,Volume,ticker
2010-01-04,185.35867309570312,186.0705993390344,184.04809282447968,184.04809282447968,11031470,SBIN.NS
2010-01-05,185.42745971679688,186.87961803797157,184.46069559427488,186.717819971754,11613740,SBIN.NS
2010-01-06,186.5398406982422,187.28412168755136,184.85711363112523,185.82791438481541,14527930,SBIN.NS
2010-01-07,185.49623107910156,186.87963118303233,184.54161378018952,186.55603502783552,8576510,SBIN.NS
2010-01-08,184.9420928955078,186.3861659440693,184.460735212654,185.58524867933014,10453820,SBIN.NS
2010-01-11,183.41709899902344,187.09806387065697,183.09753946586838,185.82792366571275,14145340,SBIN.NS
2010-01-12,178.23948669433594,183.64361898406057,177.67317491005295,183.40091569713957,22917720,SBIN.NS
2010-01-13,176.0308837890625,177.57608181443197,174.59086005848386,177.57608181443197,21719690,SBIN.NS
2010-01-14,174.53018188476562,177.89967238802663,173.57555236770366,177.00977690672525,20723990,SBIN.NS
2010-01-15,173.39759826660156,176.23314432169076,172.86769014390916,175.3917869494461,20611920,SBIN.NS
2010-01-18,174.453369140625,176.60935624329113,173.35312480200196,175.9581148927947,19222170,SBIN.NS
2010-01-19,175.80435180664062,176.92886491903383,174.50185713593487,175.53737946917175,12277070,SBIN.NS
2010-01-20,174.73245239257812,176.8965371302702,174.1418838653723,176.6861885233517,16830720,SBIN.NS
2010-01-21,171.84027099609375,174.84976210691875,170.8856413658591,174.66368259304812,19265470,SBIN.NS
2010-01-22,168.86715698242188,170.41639151867165,166.09227166542001,169.90267931537417,27193180,SBIN.NS
2010-01-25,169.2110137939453,172.8838807527988,166.2945500673509,166.2945500673509,15378040,SBIN.NS
2010-01-27,160.80140686035156,167.3341006125596,159.46250849856605,166.65454136769694,38068910,SBIN.NS
2010-01-28,162.06346130371094,169.89056479343145,161.07244041572343,169.89056479343145,27952460,SBIN.NS
2010-01-29,166.37950134277344,167.25322575637108,158.16407975884798,160.99154029778902,46487190,SBIN.NS
2010-02-01,163.5196533203125,173.77376391948303,163.05447928624054,173.77376391948303,22047160,SBIN.NS
2010-02-02,160.0490264892578,165.45720661424173,159.7092345518353,164.24370277727363,24086260,SBIN.NS
2010-02-03,161.70346069335938,163.08684837240372,160.46568757236125,160.6922073367007,30450710,SBIN.NS
2010-02-04,157.5856475830078,161.5335851371542,156.94654081226832,161.47696136110525,35357120,SBIN.NS
2010-02-05,154.32479858398438,156.94323067915522,151.50307214855556,156.94323067915522,26878830,SBIN.NS
2010-02-08,157.47586059570312,158.39068512534033,153.1741578225738,154.5036983387299,18885130,SBIN.NS
2010-02-09,158.59396362304688,159.2201136017199,156.5366261012217,157.0245374315307,13836980,SBIN.NS
2010-02-10,155.4673309326172,160.1959598547428,154.0971288958059,160.1959598547428,19731930,SBIN.NS
2010-02-11,155.93896484375,157.75641684339882,155.39820732805293,156.44720072275578,12427940,SBIN.NS
2010-02-15,154.09713745117188,156.53666997018777,153.38967699125055,156.53666997018777,13325010,SBIN.NS
2010-02-16,156.17881774902344,156.5366177176741,154.09708601298308,155.64211779604744,8070150,SBIN.NS
2010-02-17,159.1265869140625,159.58603404195063,156.71958922176196,157.3497966222545,13468360,SBIN.NS
2010-02-18,157.95155334472656,159.38274083634093,156.72364775730333,159.21196815445222,13103230,SBIN.NS
2010-02-19,154.93466186523438,157.26847662346256,153.69457151089577,156.53662205501686,15863020,SBIN.NS
2010-02-22,155.83323669433594,157.34981691602454,155.32907070891847,156.1300508934197,11528650,SBIN.NS
2010-02-23,155.4713592529297,157.30913535730323,155.04037630629296,155.71531490772972,10625770,SBIN.NS
2010-02-24,156.231689453125,156.94321959377032,154.50368768298634,154.99159902838352,8173590,SBIN.NS
2010-02-25,155.61367797851562,156.94321839280258,154.78016380384878,156.53662974411657,21615960,SBIN.NS
2010-02-26,160.5456085205078,165.23764560430297,155.72347248255087,156.53664988454855,43215190,SBIN.NS
2010-03-02,161.5498809814453,163.52997835204707,160.53747909987962,161.8670196677251,19347350,SBIN.NS
2010-03-03,164.4569854736328,164.74159009044314,161.74910351219052,161.74910351219052,15843680,SBIN.NS
2010-03-04,165.29454040527344,166.27035060785283,163.61125756914154,164.50575749289763,14301070,SBIN.NS
2010-03-05,166.4736785888672,167.433221966524,164.3512850751235,166.29477856793073,12685070,SBIN.NS
2010-03-08,167.9983673095703,171.78370669401397,165.32707686895228,167.5145258175947,38664790,SBIN.NS
2010-03-09,166.26222229003906,168.97823126657906,165.28234223664998,165.28234223664998,14305280,SBIN.NS
2010-03-10,165.66453552246094,166.7175985423818,164.7822327716625,166.7175985423818,12767630,SBIN.NS
2010-03-11,166.35577392578125,166.92906551553438,164.12360580184503,165.88819937485022,11979800,SBIN.NS
2010-03-12,166.5305938720703,167.7300354973268,165.77841470542384,166.05082218520866,12033430,SBIN.NS
2010-03-15,163.8633575439453,166.27443773169347,163.53809157867434,165.84751219316144,8997490,SBIN.NS
2010-03-16,163.9243927001953,164.66844465722886,162.44033382803585,164.02197003013964,12857170,SBIN.NS
2010-03-17,164.85543823242188,166.0508099117411,163.9080920933662,164.26589210732593,10777370,SBIN.NS
2010-03-18,165.0465545654297,166.7420349713056,163.4893252421725,165.0750187535043,14269070,SBIN.NS
2010-03-19,167.3884735107422,167.99022914802137,165.34333320508895,165.88816047847268,12889130,SBIN.NS
2010-03-22,165.96542358398438,167.01035940217392,163.4486388243641,164.6806019490297,11151560,SBIN.NS
2010-03-23,166.5834503173828,167.24212201625934,164.14798801131158,166.05082012097762,13650500,SBIN.NS
2010-03-25,166.66476440429688,167.64464459499857,164.68467955248835,166.26630303792186,13646480,SBIN.NS
2010-03-26,168.55946350097656,168.97824932382352,166.29883154742,167.09574184555476,13422710,SBIN.NS
2010-03-29,170.36471557617188,171.17382302558173,168.57165812629046,168.73429110597723,11231550,SBIN.NS
2010-03-30,169.34825134277344,172.552172055814,168.7342984789203,170.3647230203573,11929880,SBIN.NS
2010-03-31,168.99452209472656,170.67779274966125,168.60013058537518,169.5474767344225,9997220,SBIN.NS
2010-04-01,170.9786376953125,171.41776034235303,168.7586673604732,169.14086164626417,7681450,SBIN.NS
2010-04-05,173.8776397705078,174.1988482895071,171.17382763508925,171.987004963522,11075350,SBIN.NS
2010-04-06,172.6822509765625,174.65013842720109,171.7511719616945,174.3370696537245,12359300,SBIN.NS
2010-04-07,171.65362548828125,173.61338612695653,170.44199902511525,173.23119173159319,13004150,SBIN.NS
2010-04-08,170.433837890625,171.56415391134522,169.75484175158496,171.17383225742572,11497010,SBIN.NS
2010-04-09,171.26329040527344,172.80019517426396,170.24274881141622,170.76725170162558,12367190,SBIN.NS
2010-04-12,170.11668395996094,171.9869941797055,169.14087370864655,171.9869941797055,8614120,SBIN.NS
2010-04-13,170.27528381347656,171.74306305309008,167.75849878754272,170.52329696264468,17619090,SBIN.NS
2010-04-15,167.03067016601562,171.50314499074068,166.53870140956386,170.4948007451594,13016220,SBIN.NS
2010-04-16,166.5143280029297,167.09574682523922,164.68873643035766,166.70135531755412,9466180,SBIN.NS
2010-04-19,165.27423095703125,166.2866452224079,163.6112847207114,165.88411398586697,9250600,SBIN.NS
2010-04-20,170.63307189941406,171.30394072054534,164.34314470395861,166.0833437081053,24993280,SBIN.NS
2010-04-21,171.23887634277344,172.31226392041674,169.67757742468265,171.58040931784635,15633000,SBIN.NS
2010-04-22,180.77743530273438,182.87543412967193,169.31164334243405,169.31164334243405,65306760,SBIN.NS
2010-04-23,183.82687377929688,186.54288320980035,179.79352098355199,181.3385530191289,31784560,SBIN.NS
2010-04-26,183.09095764160156,185.32312564787367,182.2411887422956,184.10335954029722,12145600,SBIN.NS
2010-04-27,180.34646606445312,183.37148670473587,179.63900576261483,183.12753102572574,11094760,SBIN.NS
2010-04-28,181.5174560546875,183.11534663107014,177.47596347679456,179.2242898834282,18684250,SBIN.NS
2010-04-29,184.91651916503906,185.8110191878271,181.74513255352016,182.15172121695088,21393940,SBIN.NS
2010-04-30,187.0877227783203,188.56769913402152,185.4044396727707,185.4044396727707,19146310,SBIN.NS
2010-05-03,186.7990264892578,187.43737366819792,185.16454453069454,186.21760767903396,13160890,SBIN.NS
2010-05-04,185.4125518798828,188.32372810558374,184.84333025096942,187.43736782569712,13397620,SBIN.NS
2010-05-05,185.09542846679688,185.81102852097135,182.1923917162971,183.7780851017047,16717010,SBIN.NS
2010-05-06,187.97409057617188,188.65715661355222,183.96511954592063,185.40444701676685,17751300,SBIN.NS
2010-05-07,181.02548217773438,186.36398111490695,180.39120483058315,185.01411612959384,16085350,SBIN.NS
2010-05-10,187.66912841796875,189.07185183249692,182.32654753675598,182.96489470288586,14791690,SBIN.NS
2010-05-11,186.04275512695312,190.1980912592735,185.49792787304494,188.16920563745822,18377970,SBIN.NS
2010-05-12,188.9986572265625,190.2021560967527,185.56704819768888,186.21759248712422,20204040,SBIN.NS
2010-05-13,188.4741668701172,191.01534597476282,187.53494806568824,189.6329470234558,17762910,SBIN.NS
2010-05-14,180.8710174560547,189.78750623575675,179.8423483606394,188.25060117604326,33008880,SBIN.NS
2010-05-17,183.02586364746094,184.75386527147202,174.1297027131384,179.71216889715376,25703050,SBIN.NS
2010-05-18,185.40443420410156,186.86815590312267,181.44832196348784,182.79412947350545,18901340,SBIN.NS
2010-05-19,180.04965209960938,184.8352086022545,178.08583431772504,183.77807559728703,20415020,SBIN.NS
2010-05-20,184.387939453125,185.56704397131548,180.61479755005539,180.68798052382377,17039960,SBIN.NS
2010-05-21,184.68882751464844,185.40442752128786,179.74065050938225,180.68799662026646,15706440,SBIN.NS
2010-05-24,181.43614196777344,187.925306712777,180.76527307793847,185.56708475007179,15195470,SBIN.NS
2010-05-25,175.24781799316406,180.52534261119087,173.85729189726231,180.52534261119087,17355820,SBIN.NS
2010-05-26,176.75222778320312,177.76057215551043,174.96324011009793,176.60584940924005,16500270,SBIN.NS
2010-05-27,180.4765625,182.80224995258268,175.4267262717763,176.45946486298442,21781920,SBIN.NS
2010-05-28,182.10293579101562,183.68050181839055,179.1551679288841,182.47699041946652,13567960,SBIN.NS
2010-05-31,184.49368286132812,184.9571875029433,181.3385507432741,181.3385507432741,11989040,SBIN.NS
2010-06-01,179.6837158203125,185.07915504801937,179.06977540758368,183.0543391412477,14423360,SBIN.NS
2010-06-02,183.63577270507812,184.3473028868045,179.71219447032152,179.89109448008944,12342500,SBIN.NS
2010-06-03,185.998046875,187.5146270595809,184.18873476393406,184.18873476393406,12587190,SBIN.NS
2010-06-04,190.34446716308594,190.93402564760095,185.3230950347455,186.21759499578204,19478740,SBIN.NS
2010-06-07,185.95335388183594,188.65716639269687,181.57032796929525,183.0625016256308,14925200,SBIN.NS
2010-06-08,185.71340942382812,189.58819821283856,184.47737662874016,186.05494235245126,14018340,SBIN.NS
2010-06-09,186.4271697998047,189.4214845716777,185.23764800759722,187.45262177890152,18141760,SBIN.NS
2010-06-10,190.88583374023438,191.80054141550667,185.89394049661306,185.89394049661306,24496840,SBIN.NS
2010-06-11,191.95639038085938,215.7632844284834,190.8242875140966,215.7632844284834,15063270,SBIN.NS
2010-06-14,192.374755859375,193.60119219489698,190.81607414521517,192.374755859375,10187660,SBIN.NS
2010-06-15,193.9498748779297,194.7825413450143,190.3238783528175,192.77676387762446,15305340,SBIN.NS
2010-06-16,193.7447967529297,198.28139538038272,192.40760334489622,198.28139538038272,14141550,SBIN.NS
2010-06-17,192.8546905517578,193.76938562153035,190.6150946229029,193.52327466566769,10331080,SBIN.NS
2010-06-18,194.63897705078125,195.24194329137268,191.9646029013566,192.77265952966314,15597620,SBIN.NS
2010-06-21,195.88592529296875,197.11236177565513,194.83586353512365,194.83586353512365,8879250,SBIN.NS
2010-06-22,193.15821838378906,196.39453799038355,192.79315150797257,194.83585614828647,8514510,SBIN.NS
2010-06-23,192.748046875,193.44125337679066,191.02118934057253,192.7849616421238,10849420,SBIN.NS
2010-06-24,193.40431213378906,194.09751854068395,191.80050404265916,192.78493525103494,12123400,SBIN.NS
2010-06-25,188.748779296875,193.19513721602573,187.4526065981396,192.79726137964897,13022720,SBIN.NS
2010-06-28,188.9825897216797,189.87267497819508,186.63224941497432,187.69872191517607,10718170,SBIN.NS
2010-06-29,187.95713806152344,191.05399785669775,187.1367765244999,189.09333428392048,14208420,SBIN.NS
2010-06-30,188.8472137451172,189.66757524055012,186.63224021099288,187.02601022383823,10610400,SBIN.NS
2010-07-01,185.5863037109375,188.60112250761733,184.90949539227944,187.95304236627894,14219900,SBIN.NS
2010-07-02,185.81597900390625,187.03421628911164,185.184297166242,185.8118731908798,8907340,SBIN.NS
2010-07-05,186.4271697998047,188.19094219676148,184.87258109453106,185.8200977217986,6192550,SBIN.NS
2010-07-06,189.7332305908203,190.24185077914353,186.08672977373354,186.46819491497595,10143910,SBIN.NS
2010-07-07,189.01950073242188,190.24183138526436,187.94482914459792,189.4214698656768,8912210,SBIN.NS
2010-07-08,193.34280395507812,194.167271317901,189.91369868707596,189.91369868707596,17562290,SBIN.NS
2010-07-09,194.33541870117188,195.12706447706893,193.61349663691814,194.0154782440998,9803290,SBIN.NS
2010-07-12,196.9442138671875,197.8712139562941,194.42980357890627,194.8399843758794,14948170,SBIN.NS
2010-07-13,199.2740020751953,199.93029373627445,196.07458492158028,196.96878841219024,17615470,SBIN.NS
2010-07-14,202.17811584472656,203.36763767311504,199.9221214220942,199.9221214220942,18159640,SBIN.NS
2010-07-15,200.15591430664062,202.87541486170986,199.67599728962446,202.6703244731553,8162390,SBIN.NS
2010-07-16,200.9065399169922,202.19861938096892,199.19198727040342,200.57840030191093,9528070,SBIN.NS
2010-07-19,201.4192352294922,202.05502284880416,199.01968805930161,200.0820546097414,7630370,SBIN.NS
2010-07-20,200.9065399169922,202.21092430359136,200.18872355599353,201.41926588913407,5076900,SBIN.NS
2010-07-21,199.901611328125,202.06325959389062,199.67600438206713,201.4438825927841,5055340,SBIN.NS
2010-07-22,203.14202880859375,204.0567364431786,198.34290873424413,199.1140505940414,11585880,SBIN.NS
2010-07-23,204.82786560058594,205.39802288580086,203.1215245938066,203.5317053684163,14843460,SBIN.NS
2010-07-26,197.71942138671875,205.2831552255205,197.059036404543,204.92629998494374,15780730,SBIN.NS
2010-07-27,199.7703399658203,200.73426727912286,196.93598934223542,198.52338691972417,23112370,SBIN.NS
2010-07-28,202.7359161376953,203.28555677180657,198.78587400652378,199.72928460641057,16576370,SBIN.NS
2010-07-29,202.87950134277344,203.67935883835884,199.84827201097156,201.97300536077393,15800230,SBIN.NS
2010-07-30,205.32827758789062,206.895171082027,201.0254854577321,201.80893220480027,26944870,SBIN.NS
2010-08-02,212.17422485351562,213.29401039675506,206.0748260028585,206.72701195559858,20585770,SBIN.NS
2010-08-03,213.33909606933594,214.66807764504597,211.57121810292867,213.20783522988435,16001370,SBIN.NS
2010-08-04,212.89610290527344,214.11432757966216,211.07898035458538,214.11022176694945,9779810,SBIN.NS
2010-08-05,217.04306030273438,218.43765991010923,212.47364048155413,213.29400202781497,22437960,SBIN.NS
2010-08-06,214.88136291503906,217.79774170536842,213.95024470772572,216.16523051848716,12794400,SBIN.NS
2010-08-09,217.4655303955078,217.8183048823354,214.6065824643627,215.3449028384336,8402850,SBIN.NS
2010-08-10,215.72637939453125,219.44672215570515,215.26697891360192,217.4040298374498,13309390,SBIN.NS
2010-08-11,213.2611541748047,217.14968444715905,212.52283388159256,215.34487925446763,9961780,SBIN.NS
2010-08-12,228.4214630126953,229.29104421870332,211.34974183058932,212.46542147775176,64002190,SBIN.NS
2010-08-13,233.8235321044922,236.23950273643095,228.3886371536485,228.3886371536485,40721170,SBIN.NS
2010-08-16,231.45684814453125,234.1804297979011,230.48469655584117,233.55697196747826,15501900,SBIN.NS
2010-08-17,231.2147674560547,234.29933443374148,230.6487160684378,231.7521031894656,12544710,SBIN.NS
2010-08-18,230.9071807861328,232.54790398778636,226.920210387681,231.9531368200971,15230490,SBIN.NS
2010-08-19,230.16883850097656,231.73573201405372,228.2779111990973,230.93587452209368,10875610,SBIN.NS
2010-08-20,228.6265411376953,232.46582682659823,228.06870134401444,229.7012126655449,9755310,SBIN.NS
2010-08-23,231.60861206054688,233.1877982172309,227.28118434319464,228.88089956941923,13250210,SBIN.NS
2010-08-24,233.45846557617188,234.20499754837297,229.41408937371048,229.41408937371048,19905960,SBIN.NS
2010-08-25,231.63323974609375,234.17226024112685,230.931821470959,232.65458606983995,9216230,SBIN.NS
2010-08-26,235.12791442871094,236.65790572265692,231.7521347079367,232.1623154773313,22642910,SBIN.NS
2010-08-27,229.24185180664062,235.0746108750279,228.47070988534068,234.75468286346074,12367930,SBIN.NS
2010-08-30,229.70120239257812,232.2032947616053,228.58552285511314,230.24674975818488,9183040,SBIN.NS
2010-08-31,226.94480895996094,228.88085001114183,224.91030350265717,228.88085001114183,13063890,SBIN.NS
2010-09-01,227.77334594726562,228.57730916112496,224.5534373498969,227.65029673990043,11380730,SBIN.NS
2010-09-02,226.345947265625,230.0950053754495,225.68145644525129,228.8767555144667,10757500,SBIN.NS
2010-09-03,227.51905822753906,228.79882018057558,225.71017211320077,226.55514346726264,6371210,SBIN.NS
2010-09-06,234.54954528808594,235.60781856902628,227.6503024859695,227.6503024859695,15331120,SBIN.NS
2010-09-07,232.7406768798828,234.82440235530802,232.01467388746585,234.709564749659,8915520,SBIN.NS
2010-09-08,237.5685272216797,238.39710049953243,230.45600573595925,231.75627194129635,24261960,SBIN.NS
2010-09-09,244.79994201660156,245.6736289084777,237.66278783842986,237.9048054664821,32230550,SBIN.NS
2010-09-13,258.29498291015625,259.7265100202388,245.3742865931724,245.3742865931724,49114260,SBIN.NS
2010-09-14,255.09548950195312,259.72644601577525,252.87642274455945,258.74610805210295,24448530,SBIN.NS
2010-09-15,251.0552978515625,256.3384293665812,249.66477871834115,254.8043569455796,18165620,SBIN.NS
2010-09-16,253.88552856445312,257.75763649453853,251.03066105343623,251.27675953048495,32196770,SBIN.NS
2010-09-17,253.7173614501953,257.5935755156018,252.67140528281956,257.5935755156018,13313900,SBIN.NS
2010-09-20,255.04220581054688,256.2563248414632,252.2611682315649,254.3120720383256,13964290,SBIN.NS
2010-09-21,254.20957946777344,256.69116858053786,253.13901346755117,255.54266721810865,9449940,SBIN.NS
2010-09-22,258.3071594238281,259.1439439754204,254.16434485859375,255.60816372751668,19799750,SBIN.NS
2010-09-23,257.54840087890625,259.6444185334416,256.4655176746198,259.07015546089514,13751230,SBIN.NS
2010-09-24,257.7084045410156,259.23426509703955,256.22763282894715,257.1915727283465,10802760,SBIN.NS
2010-09-27,260.92828369140625,262.5033637587463,258.0036929277206,258.0036929277206,12317840,SBIN.NS
2010-09-28,261.7527770996094,263.33196313755127,259.50907514478536,260.79294302895636,14599770,SBIN.NS
2010-09-29,262.1629638671875,264.5666173590268,261.38361032900445,261.6953517442777,14836720,SBIN.NS
2010-09-30,265.8341064453125,268.6438351305311,260.4648283384536,262.4336913251028,30806190,SBIN.NS
2010-10-01,268.4346008300781,269.7348668732751,264.2384595248784,265.74792176841333,16451380,SBIN.NS
2010-10-04,267.4091491699219,270.71520520917375,266.2237207237549,268.6684071512049,12102230,SBIN.NS
2010-10-05,266.45343017578125,268.6766280748103,265.5674506882839,267.02769329381834,9620340,SBIN.NS
2010-10-06,265.24749755859375,268.90632821591976,264.52968117903595,267.0276931954944,7865720,SBIN.NS
2010-10-07,264.148193359375,266.3631794402045,263.1719611642005,265.468988402736,8527160,SBIN.NS
2010-10-08,266.4041748046875,268.0859308334463,263.74621166272595,263.9923100886686,9432630,SBIN.NS
2010-10-11,267.8480529785156,268.5453653210777,266.21964727681,267.2737898645355,6559420,SBIN.NS
2010-10-12,265.2762145996094,267.91367407798106,262.6469667483903,267.0276945861957,7547160,SBIN.NS
2010-10-13,271.1786193847656,271.9497609813336,264.4024272838148,265.79294564484917,15432970,SBIN.NS
2010-10-14,267.5567932128906,272.7578821343469,266.46982924337516,271.9498380714204,6700620,SBIN.NS
2010-10-15,259.6977233886719,269.1605956810197,258.43435975077466,269.1605956810197,14198900,SBIN.NS
2010-10-18,259.8700256347656,263.28683850886375,257.00697182955116,261.2851543190936,17299680,SBIN.NS
2010-10-19,255.6738739013672,262.84382556287534,254.779682850311,261.26874546695046,11811670,SBIN.NS
2010-10-20,253.8486328125,257.0931775114777,252.34327603072228,254.72232006774254,12889050,SBIN.NS
2010-10-21,262.11376953125,263.29098654434785,254.8084497404088,254.9684012417631,12952060,SBIN.NS
2010-10-22,263.0242614746094,264.3204464739932,260.13659843169347,262.5156414250192,12025260,SBIN.NS
2010-10-25,265.7315368652344,266.8143951355318,263.17198767834793,263.2540288443194,9432490,SBIN.NS
2010-10-26,260.9405822753906,265.30491158718024,260.38274244814,265.30491158718024,14037350,SBIN.NS
2010-10-27,261.5230407714844,263.64777398054514,258.95941117047784,260.8257285129215,8411000,SBIN.NS
2010-10-28,261.5599670410156,265.4690018326717,259.6526414639545,262.3516129302622,19709480,SBIN.NS
2010-10-29,258.4631042480469,261.559964047969,255.79282343526992,260.891367391434,9741720,SBIN.NS
2010-11-01,262.3885498046875,263.9923456733947,259.9069610393878,262.1055240589805,8783170,SBIN.NS
2010-11-02,262.6674499511719,265.7971311369941,260.604253757229,262.4336439148996,12948750,SBIN.NS
2010-11-03,268.47149658203125,269.57077792259463,263.4262536278375,263.7462066108797,13392290,SBIN.NS
2010-11-04,281.66705322265625,282.9427094961215,269.5831178989862,270.55524438755737,19974730,SBIN.NS
2010-11-08,280.98614501953125,288.3570814428114,280.0099127836458,287.53671990243356,17527910,SBIN.NS
2010-11-09,268.4674072265625,274.65702073662544,267.5280772844932,273.1803800478426,39874860,SBIN.NS
2010-11-10,263.71337890625,270.05478178802014,263.2539785071909,268.34022939948795,23510530,SBIN.NS
2010-11-11,260.5427551269531,266.94567169578346,259.7346858960041,264.3205294784268,23159970,SBIN.NS
2010-11-12,248.3070068359375,260.4647699818657,246.27660716521024,260.0750932716541,27246230,SBIN.NS
2010-11-15,259.5213623046875,260.44016316758996,246.928808429199,248.73361372093294,38057580,SBIN.NS
2010-11-16,252.7205810546875,261.5312562285606,251.14550087382932,260.2104861293561,31881610,SBIN.NS
2010-11-18,251.44491577148438,255.21447801844118,243.23719462509095,254.96835453718123,43440440,SBIN.NS
2010-11-19,245.3660430908203,251.68691792854347,244.06167120775683,251.68691792854347,22096350,SBIN.NS
2010-11-22,249.37757873535156,250.2102576754496,244.51284104544743,246.2109953601453,22722140,SBIN.NS
2010-11-23,242.28558349609375,247.2569726160049,235.47248665403797,247.2569726160049,44970820,SBIN.NS
2010-11-24,233.8850555419922,244.14776030740794,230.8743179902229,242.46192352794827,34672020,SBIN.NS
2010-11-25,231.4978485107422,236.59228718214473,227.65035049414922,235.52582708590165,46879080,SBIN.NS
2010-11-26,234.8489990234375,238.70060253058554,229.02442697900014,232.25254769334228,40665000,SBIN.NS
2010-11-29,236.24359130859375,237.9909651860322,233.0646907202846,235.61600278834004,18550930,SBIN.NS
2010-11-30,245.4685821533203,246.10025152932656,234.23372480173657,235.64064184519196,31774970,SBIN.NS
2010-12-01,254.3244171142578,256.2399544679984,244.06168533868802,246.02644238630356,28775250,SBIN.NS
2010-12-02,254.24644470214844,260.3499111720806,253.2496834578392,256.2440229330078,20127970,SBIN.NS
2010-12-03,251.9125213623047,254.72224952729186,250.04617889377164,253.73780569851502,16717370,SBIN.NS
2010-12-06,242.19943237304688,253.49172122725668,240.77611708802536,252.64674982458374,31659450,SBIN.NS
2010-12-07,234.9925537109375,242.41681501969765,233.80301956214495,242.25273271108995,38866190,SBIN.NS
2010-12-08,230.11141967773438,234.62340829886642,229.04495965419156,233.80304673138787,34752920,SBIN.NS
2010-12-09,220.42294311523438,231.09585471015825,218.74939857183455,230.93177238877595,43130530,SBIN.NS
2010-12-10,224.15965270996094,225.15228302048504,217.8469655602559,220.18500061964042,52261980,SBIN.NS
2010-12-13,225.17698669433594,228.0605703107871,221.08749531927023,225.23031221181327,42073330,SBIN.NS
2010-12-14,229.10235595703125,230.11140965383578,224.82417357324658,225.5338033223081,24181790,SBIN.NS
2010-12-15,221.33763122558594,228.3065982482632,219.03652319824636,228.3065982482632,30594750,SBIN.NS
2010-12-16,226.66180419921875,227.97846845688377,219.6435921514643,222.23593763915147,45922940,SBIN.NS
2010-12-20,221.5345001220703,225.5993797488596,220.67721146342996,225.5993797488596,24810450,SBIN.NS
2010-12-21,225.08665466308594,226.82992260352898,222.25639787501316,222.25639787501316,19613340,SBIN.NS
2010-12-22,225.18511962890625,228.71676977897002,223.95868322643278,225.43532387089041,18938400,SBIN.NS
2010-12-23,225.29180908203125,227.06789899286787,224.37711389036573,226.00962549694898,11988360,SBIN.NS
2010-12-24,226.03829956054688,227.15808495040335,223.95868023978122,225.2712635925979,11545630,SBIN.NS
2010-12-27,225.69784545898438,227.35088585151172,225.23844503487828,226.78894024282042,10204450,SBIN.NS
2010-12-28,223.8356475830078,226.8299621485851,223.5485160415531,226.8299621485851,9764330,SBIN.NS
2010-12-29,226.0260009765625,226.68230522544212,224.06124411416226,224.36887968960505,9241550,SBIN.NS
2010-12-30,225.5707244873047,228.09745223680912,224.9267376266295,225.68148131472088,21062540,SBIN.NS
2010-12-31,230.677490234375,231.9531465687669,225.84965399925832,225.92758935603035,19624140,SBIN.NS
2011-01-03,231.5142059326172,233.96710377844227,230.9440737317642,232.3837870973486,11060070,SBIN.NS
2011-01-04,224.41810607910156,232.52328228776176,223.7248995603228,232.52328228776176,31035310,SBIN.NS
2011-01-05,220.9397735595703,224.4837413823528,220.02097265042977,224.36887875098668,25213120,SBIN.NS
2011-01-06,215.13160705566406,222.64612193458908,214.36867681488727,222.64612193458908,37167080,SBIN.NS
2011-01-07,213.37191772460938,216.73951057461645,210.59909194795296,214.76243642596233,44430600,SBIN.NS
2011-01-10,208.95431518554688,216.0832471978442,208.04371328032963,213.28170523621034,29547190,SBIN.NS
2011-01-11,214.3481903076172,215.64024484641683,207.96167204930467,208.88457887792586,34477870,SBIN.NS
2011-01-12,219.01187133789062,220.5951627401401,210.8082578106601,215.59095348144118,41769810,SBIN.NS
2011-01-13,210.07000732421875,219.3646935199575,209.59828937565936,219.3646935199575,28050330,SBIN.NS
2011-01-14,205.156005859375,212.30954663831608,204.38486404489575,210.56219766936672,26839080,SBIN.NS
2011-01-17,206.4193572998047,207.96164093052295,204.27001416844266,205.41851526511172,16030680,SBIN.NS
2011-01-18,209.5654296875,210.17660746223163,206.73107945710237,206.73107945710237,11847170,SBIN.NS
2011-01-19,205.2339630126953,210.49247128422985,204.0444412122999,210.16843746936632,22819750,SBIN.NS
2011-01-20,207.9657745361328,208.78203033471647,202.06326672700297,204.35208263529373,28013320,SBIN.NS
2011-01-21,213.0396728515625,213.8682459503447,206.8951609145652,207.4612123335725,29086400,SBIN.NS
2011-01-24,221.09153747558594,222.1046719450386,216.24730365709382,216.57544326100594,36693320,SBIN.NS
2011-01-25,219.688720703125,224.56575083353508,218.8724399741806,222.23592715875213,41470240,SBIN.NS
2011-01-27,217.68295288085938,222.47796737510637,216.7805501249053,220.59933232436313,29786890,SBIN.NS
2011-01-28,214.94703674316406,219.41799202801394,212.51056201529286,217.37119403115986,28302770,SBIN.NS
2011-01-31,216.77232360839844,218.6263486855174,210.91495527743288,211.65327565051967,26079810,SBIN.NS
2011-02-01,212.80587768554688,218.21616287555221,212.07984973380974,217.60910336611352,26786520,SBIN.NS
2011-02-02,211.14056396484375,216.05041605789955,210.0125667799903,215.3203072621369,21956200,SBIN.NS
2011-02-03,217.5393524169922,218.13411951614367,210.11098498601876,211.24308787037413,21769030,SBIN.NS
2011-02-04,217.0512237548828,221.0874131477964,215.75506366556755,217.23170427723758,29249880,SBIN.NS
2011-02-07,218.49917602539062,220.49675419557636,216.1283193677068,218.19154047513064,17458040,SBIN.NS
2011-02-08,216.42779541015625,220.26708154932402,215.2628709651361,218.54431724520052,25097770,SBIN.NS
2011-02-09,211.73533630371094,216.1652839855081,210.42275272213598,216.1652839855081,19473280,SBIN.NS
2011-02-10,204.60635375976562,212.0634363910826,203.14611136939956,211.49738498356677,28514130,SBIN.NS
2011-02-11,212.68692016601562,213.4580619413784,203.86392865658948,204.92629524533797,26488500,SBIN.NS
2011-02-14,221.3499755859375,222.06368618085992,214.11438017830082,214.11438017830082,26170250,SBIN.NS
2011-02-15,224.51651000976562,226.50179568468656,219.0447132950269,222.31794738728357,28975160,SBIN.NS
2011-02-16,225.68556213378906,227.48623662060143,223.441860386377,224.15146508090893,17009500,SBIN.NS
2011-02-17,228.10562133789062,228.71678667775527,224.7790613112983,225.7635051706362,16081310,SBIN.NS
2011-02-18,226.50592041015625,230.91125764859132,224.74622897432207,228.26969262370554,26082690,SBIN.NS
2011-02-21,229.0326690673828,229.6192246526489,225.14416279295668,226.53468182137658,18315610,SBIN.NS
2011-02-22,223.73716735839844,227.81436440344106,222.64607270715808,227.56824096907954,19700870,SBIN.NS
2011-02-23,214.74191284179688,223.21212923426438,214.06510467591704,222.31793831687403,31528330,SBIN.NS
2011-02-24,207.4407196044922,216.57544059439428,206.0953272166602,215.29567863008134,37517520,SBIN.NS
2011-02-25,211.8706817626953,214.9183218308874,207.86320769242965,209.19218936034147,31609310,SBIN.NS
2011-02-28,215.79202270507812,218.39255489236123,211.95271148590098,212.47364910025095,26445970,SBIN.NS
2011-03-01,221.93653869628906,222.97428314971773,217.18663780329095,217.9700971872768,18161160,SBIN.NS
2011-03-03,220.06198120117188,223.0686132291858,217.8552066748276,220.67725235084896,28700950,SBIN.NS
2011-03-04,221.87908935546875,223.79462661433936,220.927466928601,222.15390347190154,17552410,SBIN.NS
2011-03-07,215.2751922607422,220.21786580151047,214.19641477401694,220.21786580151047,15342560,SBIN.NS
2011-03-08,216.76004028320312,217.79778464815269,214.9511290061515,215.5910100276889,13918430,SBIN.NS
2011-03-09,215.53768920898438,218.6263625962622,214.7050352179048,218.1915719572448,15533520,SBIN.NS
2011-03-10,212.45314025878906,214.54505222507836,211.2431019492716,214.54505222507836,14394580,SBIN.NS
2011-03-11,210.43504333496094,212.88381040877596,209.5203232333785,211.48099924606507,13732700,SBIN.NS
2011-03-14,213.46214294433594,214.03230016823886,210.488332648205,211.03798584267187,12226670,SBIN.NS
2011-03-15,210.21762084960938,212.02242604766676,206.76799946193105,210.01253048780487,14295940,SBIN.NS
2011-03-16,216.89947509765625,218.10130172036895,211.3456366192485,211.3456366192485,18196070,SBIN.NS
2011-03-17,214.72964477539062,219.0365430946678,214.0077225752495,215.34491596385877,20404270,SBIN.NS
2011-03-18,212.49415588378906,216.73954213413012,211.6532902609661,216.24732017294505,11578130,SBIN.NS
2011-03-21,211.8665771484375,214.4835324369053,210.71805097591528,213.9830988842297,10688970,SBIN.NS
2011-03-22,214.97987365722656,215.92739039450427,212.88385557710487,212.9166770541723,11912100,SBIN.NS
2011-03-23,216.7928466796875,217.23171805679507,212.88381206351082,214.76244693326413,12688430,SBIN.NS
2011-03-24,217.45733642578125,218.6837728727566,215.9273451915197,217.23171698305768,8893740,SBIN.NS
2011-03-25,222.38768005371094,223.05627664848953,217.23170525760278,218.87242818261623,15233710,SBIN.NS
2011-03-28,225.53787231445312,226.4320883685179,221.60014718203718,221.90778274036487,15428240,SBIN.NS
2011-03-29,227.06784057617188,229.12284990386834,224.86925298115975,224.926684288086,15582890,SBIN.NS
2011-03-30,234.30345153808594,235.50119743304728,227.67494119404847,228.05230049915176,22426060,SBIN.NS
2011-03-31,226.8545379638672,236.96139646596308,226.25566512640629,236.23947442503575,48157790,SBIN.NS
2011-04-01,223.10142517089844,227.5683000365166,221.91602170040625,226.85458945895866,31112850,SBIN.NS
2011-04-04,226.6904754638672,227.56826825098307,223.655153026393,223.7125843381734,15845550,SBIN.NS
2011-04-05,229.39358520507812,230.00475051895177,224.94313406686487,228.42967045353123,17637000,SBIN.NS
2011-04-06,229.48382568359375,231.67009621961387,227.6626470805014,229.60279413077694,21141460,SBIN.NS
2011-04-07,230.75946044921875,232.57245209584443,227.65028379751968,229.208965418234,15238690,SBIN.NS
2011-04-08,227.9169464111328,231.74391482776664,226.55924911420834,230.11140343506042,12049980,SBIN.NS
2011-04-11,228.4050750732422,229.53715298894247,226.6248794839612,228.03590235945117,11324650,SBIN.NS
2011-04-13,231.2598876953125,232.15407867135576,226.33771899643202,227.06785270377938,15569850,SBIN.NS
2011-04-15,230.3698272705078,233.72099714293728,229.29104984532285,231.17787136833263,13672440,SBIN.NS
2011-04-18,225.7265625,233.31080039278814,225.3409916021759,230.68565867256603,10581700,SBIN.NS
2011-04-19,224.2334747314453,227.12934945229892,222.73633020791075,226.00956416026946,11032690,SBIN.NS
2011-04-20,229.30331420898438,229.86525972954314,223.42952395290402,225.76753376640946,19305390,SBIN.NS
2011-04-21,234.71775817871094,235.85396703996923,230.4600793447882,231.34197810529156,17996100,SBIN.NS
2011-04-25,239.44711303710938,242.83110414562893,235.60782731522326,235.60782731522326,12606890,SBIN.NS
2011-04-26,240.673583984375,241.97385010820375,236.7071426651505,239.91475951986513,14745840,SBIN.NS
2011-04-27,238.76211547851562,242.4004166016332,238.00326609614208,241.1862726111027,15225750,SBIN.NS
2011-04-28,234.27474975585938,240.53819290133538,233.40106273919227,240.2838828344174,18966690,SBIN.NS
2011-04-29,230.07858276367188,235.3576070932654,228.47068120925175,234.29114714129668,11658890,SBIN.NS
2011-05-02,220.89871215820312,231.25988097387625,220.0209444593525,230.52156069759195,20646010,SBIN.NS
2011-05-03,211.956787109375,223.76998716501257,211.24307664250648,219.8650836267139,51171950,SBIN.NS
2011-05-04,214.5901641845703,216.8954031829001,210.21764811928617,212.62951308981255,22676620,SBIN.NS
2011-05-05,213.4908905029297,216.81336993775105,212.22755168971935,214.52455410960061,17188540,SBIN.NS
2011-05-06,217.38760375976562,218.50330850999504,213.54010600536745,213.54010600536745,14598950,SBIN.NS
2011-05-09,215.2013397216797,218.61812733127428,213.4580715404982,217.97005977414446,10878290,SBIN.NS
2011-05-10,215.50900268554688,216.49342158588234,214.03644259554835,214.98395924367523,9979430,SBIN.NS
2011-05-11,219.4467315673828,220.5706229719812,214.2784634175458,216.36216388989553,22769520,SBIN.NS
2011-05-12,216.69436645507812,219.8404706450881,215.83299694573208,218.13410480721072,14504050,SBIN.NS
2011-05-13,217.36709594726562,219.85689626557163,214.5327577964539,216.93641113890956,18406430,SBIN.NS
2011-05-16,214.6311798095703,217.9864552865229,214.12255969339623,216.57543252772746,13822430,SBIN.NS
2011-05-17,198.09271240234375,215.49668037738607,196.96882103956702,215.18904478383263,80113800,SBIN.NS
2011-05-18,193.25669860839844,196.71862586978637,191.01711474612995,195.24607816891677,58824570,SBIN.NS
2011-05-19,190.5125732421875,195.1394122232592,189.7209272925552,193.966301129117,34026530,SBIN.NS
2011-05-20,192.85206604003906,196.0642632452988,192.01680878579907,192.149787462587,26997180,SBIN.NS
2011-05-23,186.9762420654297,192.31603555472427,186.02047193825865,192.31603555472427,24033650,SBIN.NS
2011-05-24,184.67823791503906,188.4846544772315,184.17126777668753,186.99699507407766,24855500,SBIN.NS
2011-05-25,181.00892639160156,185.31816604042078,179.93265636607026,184.33747681803823,34547150,SBIN.NS
2011-05-26,181.869140625,183.89702136999975,180.12798964739426,181.56994489735172,40873720,SBIN.NS
2011-05-27,185.72129821777344,186.35294076870179,182.9246617643698,183.14904907757503,26039190,SBIN.NS
2011-05-30,185.9415283203125,187.3294602818541,184.08818356706206,186.32383893152905,13539840,SBIN.NS
2011-05-31,190.9821319580078,191.50156812252345,186.8391086025692,187.16323626196507,20564070,SBIN.NS
2011-06-01,193.57931518554688,194.22757051239233,191.2356257765396,191.88388110338502,25424640,SBIN.NS
2011-06-02,193.99485778808594,195.29136839944374,190.65384089467003,191.81738548857717,19906680,SBIN.NS
2011-06-03,192.19139099121094,195.80667195923223,191.23563347079264,194.03642935925038,15729010,SBIN.NS
2011-06-06,192.5778350830078,192.9726116339949,188.8586798167813,191.40183720627527,13405530,SBIN.NS
2011-06-07,192.82298278808594,194.20260808503687,191.57633617358587,192.26614882206133,12526900,SBIN.NS
2011-06-08,190.72865295410156,193.0640359177438,189.9972827772994,192.31604023286516,14453350,SBIN.NS
2011-06-09,188.12315368652344,191.92958343011594,187.4665919530357,190.7286536095617,19949120,SBIN.NS
2011-06-10,186.4069366455078,189.07060685440555,184.94420895210743,188.64259195640605,14751640,SBIN.NS
2011-06-13,184.4995574951172,186.33212971995837,183.6726192178196,186.07865097062356,17059570,SBIN.NS
2011-06-14,185.3555908203125,186.70612481123734,184.56605040808114,185.4179333035925,15920730,SBIN.NS
2011-06-15,181.38710021972656,185.8126935994312,180.82610665180988,185.62570419782327,20552870,SBIN.NS
2011-06-16,183.29444885253906,184.9317124086638,179.62930478944492,180.48118757864665,23779200,SBIN.NS
2011-06-17,183.9302520751953,184.6117583582864,181.91069050848844,184.50371158619978,12198680,SBIN.NS
2011-06-20,181.19595336914062,184.65331072155217,176.1969004035233,184.50371919853356,15482450,SBIN.NS
2011-06-21,178.56138610839844,183.66432662771177,177.95467552012735,181.8442202259932,16470300,SBIN.NS
2011-06-22,177.89646911621094,179.89941766063458,176.46282047970453,179.66669863251846,14625190,SBIN.NS
2011-06-23,179.6293487548828,180.33994662452827,177.52252511427514,177.56406986605012,9463560,SBIN.NS
2011-06-24,189.9972686767578,190.99458350103384,180.64741842127103,180.92584176431467,27608460,SBIN.NS
2011-06-27,193.3133544921875,193.62916303459787,187.99432093190455,189.0747506145828,22791310,SBIN.NS
2011-06-28,194.5683135986328,195.24150081226622,192.8022307088837,193.73721576816266,17301420,SBIN.NS
2011-06-29,197.76390075683594,198.33320078479917,194.90076242677014,195.4742220022958,18677540,SBIN.NS
2011-06-30,199.84994506835938,202.20611309557052,198.46617270298248,198.46617270298248,27865900,SBIN.NS
2011-07-01,201.15060424804688,201.91521272023547,198.13371510503228,201.00101272767242,18739400,SBIN.NS
2011-07-04,202.4637451171875,203.53585574988776,201.29189412033034,203.23666002051033,9574540,SBIN.NS
2011-07-05,205.555419921875,205.97927523354124,200.25301191200504,202.70474788004333,15940790,SBIN.NS
2011-07-06,203.10784912109375,205.8837256547986,202.5011512246568,205.2811746242745,10108580,SBIN.NS
2011-07-07,206.34913635253906,206.72728740271174,201.96094064204377,203.2865427505837,13821540,SBIN.NS
2011-07-08,205.9834442138672,209.02110579045322,204.27553156618512,206.21615059346405,14722650,SBIN.NS
2011-07-11,202.38064575195312,205.2645564892853,201.20880734694376,205.2645564892853,12102030,SBIN.NS
2011-07-12,199.47592163085938,201.5412000020598,198.1627856925657,199.79588969231057,13952420,SBIN.NS
2011-07-13,202.04820251464844,202.91669826199083,200.46080254855605,200.68520252299166,8140370,SBIN.NS
2011-07-14,205.04013061523438,206.88100908012817,200.54803562846047,201.37498650966396,15270140,SBIN.NS
2011-07-15,205.6884002685547,207.69133634008188,204.8656088764731,204.8656088764731,13043910,SBIN.NS
2011-07-18,205.8421630859375,206.43223545935047,203.90986311582563,205.56373972556182,6776210,SBIN.NS
2011-07-19,208.8258056640625,209.1873312082326,204.94873968288525,205.26454824983023,11027960,SBIN.NS
2011-07-20,205.39752197265625,210.15970909840294,204.49577522626797,209.76909209470077,9809450,SBIN.NS
2011-07-21,204.03453063964844,206.06657105434283,203.12031789410239,205.5305093680205,7842670,SBIN.NS
2011-07-22,207.64146423339844,208.35620882430655,204.45421138066445,205.28114960539318,12400210,SBIN.NS
2011-07-25,208.82994079589844,209.85218750499098,205.46815182874258,207.15111974502577,13838330,SBIN.NS
2011-07-26,203.2906951904297,210.24283358367524,201.87783131820234,209.27045057723262,25320140,SBIN.NS
2011-07-27,199.87486267089844,203.1867879329994,197.84283513090298,203.11199217407724,18543260,SBIN.NS
2011-07-28,195.85647583007812,199.04788777208086,194.89655905597218,197.4272498860282,19799270,SBIN.NS
2011-07-29,194.8758544921875,197.468888862375,194.03645008183952,195.97290993371854,11077080,SBIN.NS
2011-08-01,194.90074157714844,198.0506093580181,193.3673651132498,196.56293718622697,11195130,SBIN.NS
2011-08-02,189.24928283691406,194.35222274666594,188.53868509764297,194.17768663135044,13644640,SBIN.NS
2011-08-03,189.38226318359375,190.13025885816242,186.86819725780938,186.997016410146,12104420,SBIN.NS
2011-08-04,187.64114379882812,191.98363587334478,187.18405004913075,190.23001860550812,11950660,SBIN.NS
2011-08-05,185.73788452148438,186.49833339659244,181.2208701976789,183.25705718565484,20169060,SBIN.NS
2011-08-08,184.25439453125,188.26443920220703,181.17933496043278,181.91901155461488,15078220,SBIN.NS
2011-08-09,184.68655395507812,190.2382811666621,179.3093501796626,179.93267352907046,29536660,SBIN.NS
2011-08-10,188.83786010742188,190.06373428264166,187.33357530547943,189.07472599454616,14737300,SBIN.NS
2011-08-11,186.6936798095703,189.7645927623637,186.2490520529263,188.2436820215955,13660260,SBIN.NS
2011-08-12,182.5921630859375,189.3240595629258,178.68600641230304,189.31574046969487,22806370,SBIN.NS
2011-08-16,182.58804321289062,186.78923664176216,179.9617710356689,181.17932630880603,27203690,SBIN.NS
2011-08-17,180.3690185546875,185.6174038769338,179.7789461412044,183.257088859906,18874550,SBIN.NS
2011-08-18,172.73536682128906,181.59487257251706,172.041407247449,181.51175771840084,22263180,SBIN.NS
2011-08-19,169.33619689941406,175.27854180387877,168.40951817679144,170.37506927303008,28269740,SBIN.NS
2011-08-22,171.36822509765625,172.44449527799057,166.8013338462903,170.0259975215476,20180230,SBIN.NS
2011-08-23,171.51368713378906,173.0345979683682,169.30297613131256,172.76033411148848,17086370,SBIN.NS
2011-08-24,165.36769104003906,172.9514585206407,164.3994549942745,171.7712884762276,31650290,SBIN.NS
2011-08-25,162.8743896484375,167.00909342241465,162.19288339366116,166.2195530815862,36511880,SBIN.NS
2011-08-26,156.8988037109375,163.92573724343674,155.13272085786045,163.22760544236291,31415580,SBIN.NS
2011-08-29,161.1166229248047,162.0640739266525,158.87680822621465,159.9863293891313,21877780,SBIN.NS
2011-08-30,164.04209899902344,164.8731968556499,159.79102889702227,164.11689476254855,29507680,SBIN.NS
2011-09-02,165.67520141601562,167.96488004385705,162.903484514863,165.4715865014834,29550280,SBIN.NS
2011-09-05,166.763916015625,167.54930946711585,163.0613740619076,163.96312068974396,26481160,SBIN.NS
2011-09-06,164.53244018554688,165.96608903030278,160.58472545067613,165.68350612709452,32404740,SBIN.NS
2011-09-07,168.52586364746094,169.7642040253831,164.82748070329023,164.83994666394008,25046770,SBIN.NS
2011-09-08,168.2017364501953,169.54396406439534,167.14209174741163,169.26970024779965,24303920,SBIN.NS
2011-09-09,162.28846740722656,170.2046687064634,161.23296967347974,168.71284970987827,36514780,SBIN.NS
2011-09-12,154.86679077148438,160.48502109541275,154.20606941528925,160.48502109541275,34519740,SBIN.NS
2011-09-13,152.3277587890625,157.86287301611804,151.09357808548316,156.24638175602155,40065080,SBIN.NS
2011-09-14,151.82078552246094,154.0522809742831,150.30403464998543,152.75577050047886,42356430,SBIN.NS
2011-09-15,157.74652099609375,158.30751457995814,152.09090622603316,153.57025938135826,37918130,SBIN.NS
2011-09-16,161.6984100341797,162.80793134239346,156.25471609668722,159.030592800305,57707590,SBIN.NS
2011-09-19,159.31729125976562,160.609642189987,158.3282828958874,160.2772081584603,16373720,SBIN.NS
2011-09-20,165.44667053222656,166.21127910382242,158.07482329106213,159.2383679986151,23820310,SBIN.NS
2011-09-21,167.0174102783203,168.21418039197349,165.44663603000862,165.8040019772037,32603240,SBIN.NS
2011-09-22,161.0293731689453,164.05040938559623,160.40189021389946,163.0821859390563,27418300,SBIN.NS
2011-09-23,162.08486938476562,164.71530144557943,157.07750940877187,158.82282014148856,37517600,SBIN.NS
2011-09-26,162.17625427246094,163.8052114362295,159.7203589086392,162.23443720188436,24401740,SBIN.NS
2011-09-27,165.99517822265625,166.78471868281608,164.3579143628224,164.9770909150848,17630570,SBIN.NS
2011-09-28,163.67225646972656,167.27507130439787,162.97829685218872,167.05067132939087,22320190,SBIN.NS
2011-09-29,162.25936889648438,163.0447496718036,158.87679498418768,162.56272413903514,25805020,SBIN.NS
2011-09-30,158.82693481445312,161.12077276182504,158.3532156828516,160.79248559384837,23917760,SBIN.NS
2011-10-03,154.71719360351562,156.6619597150272,153.83623182726924,156.42509376154172,20078410,SBIN.NS
2011-10-04,148.53378295898438,155.64797728985548,145.44209847963654,153.75307553561578,50595240,SBIN.NS
2011-10-05,142.8158416748047,150.61154302956118,142.117722572406,149.60590912036747,62754520,SBIN.NS
2011-10-07,145.63327026367188,147.75673182923433,144.8229574824318,146.52255103540887,29985040,SBIN.NS
2011-10-10,145.94493103027344,146.6763011794897,143.13166943830524,146.2690586770313,32689920,SBIN.NS
2011-10-11,146.65135192871094,150.09625558119384,145.73299248501434,147.66943904222583,39354610,SBIN.NS
2011-10-12,155.58566284179688,156.2463840611209,146.04466379145063,147.95617855760003,53725530,SBIN.NS
2011-10-13,156.85723876953125,160.73015743713682,155.8308325121229,156.32949624877995,41069620,SBIN.NS
2011-10-14,156.67857360839844,158.44880344358538,155.35711836045277,155.50256302364565,23597460,SBIN.NS
2011-10-17,157.21876525878906,160.65120314256308,156.50818020890614,158.24101197565255,24612620,SBIN.NS
2011-10-18,155.1285400390625,156.71178014161097,152.75575965853503,155.40696334819097,18018620,SBIN.NS
2011-10-19,159.43365478515625,159.86166965225632,156.7491997142702,156.90711032803364,15555360,SBIN.NS
2011-10-20,160.82159423828125,161.23298361776767,156.80323053576194,157.2437113836991,21594800,SBIN.NS
2011-10-21,161.91860961914062,163.5101688433653,160.91298848670792,161.34930971400846,21746120,SBIN.NS
2011-10-24,158.63580322265625,165.30535844269926,156.72427561804506,164.14182651722126,25165530,SBIN.NS
2011-10-25,152.90538024902344,162.89518004550433,151.84157600610715,159.5541631080236,66183590,SBIN.NS
2011-10-28,158.72303771972656,160.33120976575813,157.0982401685981,159.9863097946519,28314390,SBIN.NS
2011-10-31,158.43218994140625,159.71623462005977,156.0801814634764,159.47936868514535,29915310,SBIN.NS
2011-11-01,158.02493286132812,159.6538901052581,156.74504784802627,157.28525633746528,20925820,SBIN.NS
2011-11-02,158.68983459472656,159.969719777133,156.66195369556135,156.82817073876967,16533380,SBIN.NS
2011-11-03,160.79666137695312,161.23298267497546,158.1953210519887,158.32414020403516,28629820,SBIN.NS
2011-11-04,163.40631103515625,164.63217277517373,162.31756218122027,163.26917278598074,25322200,SBIN.NS
2011-11-08,165.99517822265625,166.55201228785418,162.8951866399837,164.30805051840878,24294080,SBIN.NS
2011-11-09,154.7545623779297,167.67397574032435,153.93593056407943,167.29998427869967,94152450,SBIN.NS
2011-11-11,149.4604949951172,154.99145045212785,148.04347156740118,154.73379945309523,54231820,SBIN.NS
2011-11-14,145.69976806640625,151.84158092407165,144.64427020252054,151.7584787445707,28123030,SBIN.NS
2011-11-15,143.75083923339844,146.5807264503266,142.80754772160472,145.02657750025276,34040170,SBIN.NS
2011-11-16,146.76773071289062,147.93542221642346,142.7909243249059,143.61371578910703,31890660,SBIN.NS
2011-11-17,146.06129455566406,149.49789244549174,145.15124135199085,146.58073073668544,28578790,SBIN.NS
2011-11-18,143.50152587890625,146.77190705403956,141.5609192142846,145.45045163944616,35137650,SBIN.NS
2011-11-21,138.97618103027344,143.31867229223718,137.5092938582637,143.19815955528836,28185380,SBIN.NS
2011-11-22,140.4139862060547,142.03462455786362,138.40273083079083,139.7407989431146,28518380,SBIN.NS
2011-11-23,137.5633087158203,139.12576392580428,135.24039193204672,139.12576392580428,29181030,SBIN.NS
2011-11-24,137.45526123046875,138.66035047431384,135.38582319436466,137.62979734402637,31828920,SBIN.NS
2011-11-25,140.50540161132812,141.19937390148743,135.8844995575619,137.0480314842128,41738460,SBIN.NS
2011-11-28,147.9021759033203,148.5961354920345,142.21331022334397,143.03194209590472,25489820,SBIN.NS
2011-11-29,146.3729705810547,149.34830283874874,145.20527894643024,148.60031973753652,30152190,SBIN.NS
2011-11-30,146.47683715820312,149.18206472992432,143.61371164678803,145.41719246741988,80068770,SBIN.NS
2011-12-01,151.60470581054688,153.97749925735098,150.42870795530712,150.9273717283301,24461390,SBIN.NS
2011-12-02,156.81568908691406,157.82546988787695,149.74719811708144,151.63379370667334,32783180,SBIN.NS
2011-12-05,158.82693481445312,159.32143899910494,155.4152820402839,156.63699676924185,29149520,SBIN.NS
2011-12-07,161.6817626953125,162.88270512026517,159.07211607404497,159.1302990080015,33426470,SBIN.NS
2011-12-08,155.24075317382812,160.7176973382068,154.58419148878292,160.40187611470486,32063030,SBIN.NS
2011-12-09,155.0454559326172,156.65364095196952,151.25981124920946,152.11168148719747,37919700,SBIN.NS
2011-12-12,147.33290100097656,157.6302052814842,146.52258801522723,156.4708326382744,41127410,SBIN.NS
2011-12-13,148.5878143310547,150.25415669695653,145.16368297636566,146.10698703914574,31436850,SBIN.NS
2011-12-14,148.3634033203125,152.91781510138557,147.19155253623333,148.2678225208016,43558460,SBIN.NS
2011-12-15,144.3450469970703,147.2663676789018,143.49317690034627,145.9823105321829,44368240,SBIN.NS
2011-12-16,139.54965209960938,148.1265758742018,138.39026697273428,145.60835023968863,50521620,SBIN.NS
2011-12-19,135.31103515625,138.37778816627986,132.71385444742344,138.37778816627986,41792820,SBIN.NS
2011-12-20,131.1887969970703,137.0480265291685,130.57378004005002,135.63516276030472,33988040,SBIN.NS
2011-12-21,134.92869567871094,135.88445281241982,132.5891539880925,134.21395126063163,29947570,SBIN.NS
2011-12-22,138.884765625,139.54548691015947,131.9908103120562,133.80675712976984,34376160,SBIN.NS
2011-12-23,136.91920471191406,140.60512147187387,136.13382387551496,139.20888323758828,26774370,SBIN.NS
2011-12-26,138.43177795410156,139.20885220452465,136.48285300871476,136.56180829762286,16405640,SBIN.NS
2011-12-27,136.6033935546875,138.71021682571362,135.75151070642028,138.3777827805409,15426610,SBIN.NS
2011-12-28,133.8233642578125,135.8844831424121,133.18341543468833,135.3941385098116,17801920,SBIN.NS
2011-12-29,135.37335205078125,136.05069874411404,132.1445418667518,132.97563961434145,36163040,SBIN.NS
2011-12-30,134.5588836669922,137.12697273710447,133.43689660295894,136.12549840075968,20779220,SBIN.NS
2012-01-02,135.27365112304688,135.9676234593639,133.9231170162103,135.3858447757961,14464990,SBIN.NS
2012-01-03,141.75621032714844,142.1177358718099,136.5493826751303,136.63248485326156,21341020,SBIN.NS
2012-01-04,140.9583740234375,142.44188701052556,139.22554177931715,142.28397636003896,22241630,SBIN.NS
2012-01-05,140.65916442871094,142.8283305228473,139.62861111665475,140.95421332315743,21344840,SBIN.NS
2012-01-06,139.02191162109375,141.91828863218228,137.80019655760998,139.20891374202353,21137420,SBIN.NS
2012-01-09,136.07147216796875,138.10349939276344,135.0616788529706,138.10349939276344,26127920,SBIN.NS
2012-01-10,141.5027313232422,142.01386112395423,137.04804583792966,137.1103883289432,28087310,SBIN.NS
2012-01-11,143.52642822265625,144.08740904381466,140.72977980260825,141.7852774679902,24529370,SBIN.NS
2012-01-12,146.63890075683594,147.63621560022145,142.97375634288653,143.83810517362124,25162480,SBIN.NS
2012-01-13,147.61129760742188,149.58931465520448,147.10432738431572,147.67362741322438,20468290,SBIN.NS
2012-01-16,150.96060180664062,152.49813778809357,145.30913430812853,145.9573895686811,21265790,SBIN.NS
2012-01-17,153.2544403076172,155.6147678679349,152.51061685364925,152.7557892005576,22716470,SBIN.NS
2012-01-18,155.02882385253906,155.4983961164327,151.25979246378537,153.75308574615545,21712160,SBIN.NS
2012-01-19,156.60379028320312,158.94333318569218,155.83918164386435,156.24642422982103,17022890,SBIN.NS
2012-01-20,160.63873291015625,161.56539879247327,157.50549081728963,157.7423567214652,26377250,SBIN.NS
2012-01-23,161.2745361328125,163.48525939986573,159.65389790378717,160.55979149314666,16830570,SBIN.NS
2012-01-24,169.6104278564453,171.0399169800223,160.1275996243285,160.5680804108504,51131380,SBIN.NS
2012-01-25,171.03994750976562,173.3628645798206,169.5356623648484,170.81138798214093,33818960,SBIN.NS
2012-01-27,169.59381103515625,172.03724053851877,167.7072155228624,171.57182781055366,21060520,SBIN.NS
2012-01-30,164.9936981201172,171.10227248358908,163.73874491279545,167.46621933427176,20774550,SBIN.NS
2012-01-31,171.33912658691406,172.28657757770912,167.21687589268092,167.86929071342274,29751020,SBIN.NS
2012-02-01,172.67303466796875,173.56646227058272,169.75172639540273,170.4581646011232,27568480,SBIN.NS
2012-02-02,172.25332641601562,175.6442069805687,164.74851425500233,174.11499006367595,55330560,SBIN.NS
2012-02-03,174.79234313964844,175.99327291642467,169.25306896952716,172.03725178848111,24481860,SBIN.NS
2012-02-06,179.73736572265625,181.7984847217052,177.18590206377905,177.18590206377905,31648070,SBIN.NS
2012-02-07,178.9436798095703,181.86914785379412,178.30373090080795,181.33724572589406,21732080,SBIN.NS
2012-02-08,180.99234008789062,181.84422304426272,178.2871250470222,179.6418060004801,24978160,SBIN.NS
2012-02-09,181.5117645263672,182.1766453395959,179.31766671979517,179.87450075492953,18499690,SBIN.NS
2012-02-10,180.5061492919922,183.58951530301755,178.69850887964378,181.84421737645994,22965380,SBIN.NS
2012-02-13,176.9614715576172,181.2208470594803,174.19807437808305,180.6806259722689,56126600,SBIN.NS
2012-02-14,182.85398864746094,184.32918222379644,176.89917827254928,176.89917827254928,36543090,SBIN.NS
2012-02-15,187.05104064941406,187.62450019805834,184.71149815998254,185.0854896581928,26676630,SBIN.NS
2012-02-16,195.33709716796875,197.58936536605376,185.2641820378783,186.35293093490756,42827580,SBIN.NS
2012-02-17,200.88047790527344,205.40995798740434,197.55192744592188,197.55192744592188,50345570,SBIN.NS
2012-02-21,203.8225860595703,205.69671575005464,200.71012870156846,201.12567762227565,27876680,SBIN.NS
2012-02-22,187.41256713867188,205.20637533718312,185.90828204345777,204.11763917132305,63344440,SBIN.NS
2012-02-23,187.8696746826172,193.07234274559863,186.74768749366345,187.35854493092992,44543300,SBIN.NS
2012-02-24,183.30694580078125,191.40184369159405,182.42598407983053,189.49031603736384,36297520,SBIN.NS
2012-02-27,176.42959594726562,184.50370786734914,175.45305351571264,184.0798525632806,29408220,SBIN.NS
2012-02-28,185.43870544433594,187.41256281321122,177.07786320774744,177.77182280208592,44586320,SBIN.NS
2012-02-29,186.7933807373047,190.07205479961388,184.75303421875628,188.24364226754068,35696060,SBIN.NS
2012-03-01,184.39984130859375,185.97892220098367,181.71539871891198,185.6547945364806,22623660,SBIN.NS
2012-03-02,186.72276306152344,189.6565376244202,181.6780054194004,185.03563534455608,31101180,SBIN.NS
2012-03-05,180.85105895996094,185.72545281612403,179.90776738805224,185.72545281612403,19686120,SBIN.NS
2012-03-06,178.50733947753906,188.0774298939318,175.76887381795748,178.7691373069295,44398420,SBIN.NS
2012-03-07,177.98377990722656,179.83297791277246,175.0292327914241,177.43941176621473,35286120,SBIN.NS
2012-03-09,185.03561401367188,186.41523940769545,181.85250791222782,182.0104185235559,22974790,SBIN.NS
2012-03-12,192.05007934570312,193.19283880999205,189.57755834125962,191.59713257073412,36567100,SBIN.NS
2012-03-13,193.43801879882812,195.3079889053689,192.52380611856742,194.5849378556013,18007900,SBIN.NS
2012-03-14,195.7069091796875,197.33586647076123,193.82863269030074,196.9992728714924,22802380,SBIN.NS
2012-03-15,191.09429931640625,196.80394947476927,189.98895047013502,195.97285172587374,27417960,SBIN.NS
2012-03-16,185.1602783203125,195.71937767841007,184.08816770902072,191.1524992012405,40578470,SBIN.NS
2012-03-19,179.31349182128906,185.91655658225918,178.68600898744813,185.33479071721365,22683990,SBIN.NS
2012-03-20,181.7901611328125,183.07836514108345,177.69700230655982,179.5171083508307,26379790,SBIN.NS
2012-03-21,185.5717010498047,186.08281815149186,180.87599021972272,181.50347320383054,23060820,SBIN.NS
2012-03-22,179.56700134277344,187.46243100135115,178.6943460547265,185.08549061792797,30745480,SBIN.NS
2012-03-23,180.07810974121094,183.24043063186838,176.79111657758685,180.84687770576295,30728320,SBIN.NS
2012-03-26,175.98080444335938,179.43401488281825,175.36164062342365,179.40908296265616,20093020,SBIN.NS
2012-03-27,176.95318603515625,180.50613680992146,174.3393925327564,179.1015794708705,38470940,SBIN.NS
2012-03-28,172.8060302734375,176.3091048151108,171.4928940933632,176.1927516184737,24367160,SBIN.NS
2012-03-29,171.31837463378906,172.8642173576101,170.13821704400826,170.3750830078591,25090990,SBIN.NS
2012-03-30,174.22718811035156,175.3533347947921,171.84610095611455,171.84610095611455,25032100,SBIN.NS
2012-04-02,177.05706787109375,177.76766561333787,174.5305361655301,174.5305361655301,20297730,SBIN.NS
2012-04-03,180.56015014648438,181.44527130091032,178.0128334514413,178.021139863788,21628480,SBIN.NS
2012-04-04,179.7290802001953,181.09622711328933,177.57238013784024,178.68604827889075,15237090,SBIN.NS
2012-04-09,174.56793212890625,178.59460189792347,173.70359601535534,178.51980614110138,13896030,SBIN.NS
2012-04-10,178.78575134277344,179.26778957956685,174.1191453990154,175.36163252874286,19318620,SBIN.NS
2012-04-11,179.39662170410156,181.13777270314773,175.9517302687792,176.62075794657258,25933200,SBIN.NS
2012-04-12,185.13121032714844,185.66725932327134,180.7679465040579,180.7679465040579,33620420,SBIN.NS
2012-04-13,183.86375427246094,189.78948537155392,182.45089061386156,186.9969963849436,27182620,SBIN.NS
2012-04-16,188.251953125,188.9002083773011,182.9246260061199,183.838825952971,20681450,SBIN.NS
2012-04-17,191.5098876953125,195.28307935529352,184.59515959254242,190.90318976430243,55740650,SBIN.NS
2012-04-18,190.4668731689453,194.4602926883902,189.0955539573379,193.06820110087665,18500350,SBIN.NS
2012-04-19,188.5802764892578,191.0527979258785,187.34193599705605,190.90319370272718,19747410,SBIN.NS
2012-04-20,187.8655242919922,190.10533923165613,186.0163390634961,188.24367536030744,19024070,SBIN.NS
2012-04-23,182.27639770507812,189.44876396609953,181.34555943265585,188.24367454615333,21607120,SBIN.NS
2012-04-24,182.06861877441406,184.13804438073856,180.77209542829067,182.43014432339618,17626560,SBIN.NS
2012-04-25,180.49368286132812,183.42329778707781,177.08202964810374,181.94394458965945,24860580,SBIN.NS
2012-04-26,179.7124481201172,181.84421618207787,177.60561197969022,181.84421618207787,19133070,SBIN.NS
2012-04-27,176.64984130859375,180.2401772382842,174.6136542189698,178.85224542320915,25322120,SBIN.NS
2012-04-30,177.697021484375,180.3357595786802,176.7745024040815,177.10694913842605,17221600,SBIN.NS
2012-05-02,177.90480041503906,180.25680880834088,176.63738129010918,178.27048549124805,13934080,SBIN.NS
2012-05-03,173.2091064453125,176.84100000185026,172.49436178505655,176.27585954941603,22939970,SBIN.NS
2012-05-04,165.9079132080078,171.95414517277536,165.05604295920799,171.8128600558867,24320340,SBIN.NS
2012-05-07,168.56324768066406,169.54393691489295,155.9139392159215,161.73162332574626,38693170,SBIN.NS
2012-05-08,162.50872802734375,170.28364519261345,159.80765990042397,169.2115345005784,30371610,SBIN.NS
2012-05-09,156.50401306152344,162.47960782861537,155.9180876342691,160.9005271985512,34001410,SBIN.NS
2012-05-10,153.18382263183594,160.62630639054206,152.28207576473423,157.07751454806697,41622790,SBIN.NS
2012-05-11,154.0522918701172,156.64531300112526,151.34291755198817,152.8388834773874,36830270,SBIN.NS
2012-05-14,152.90122985839844,157.54290418316845,150.71959803308158,154.66731276460735,29719730,SBIN.NS
2012-05-15,154.61740112304688,155.5565455250148,151.67532102388742,151.7584358614495,26559600,SBIN.NS
2012-05-16,151.89974975585938,153.32091990434725,149.78875422414066,152.4233327508857,28987000,SBIN.NS
2012-05-17,153.615966796875,154.75040717291483,151.47587982563795,152.5230711654236,28710190,SBIN.NS
2012-05-18,161.2786865234375,162.6458460318311,151.26396761785173,151.26396761785173,88722070,SBIN.NS
2012-05-21,167.00909423828125,168.71284720199972,162.89516281572386,162.89516281572386,38849830,SBIN.NS
2012-05-22,161.12908935546875,169.5439547570116,160.4933000323918,169.12840584829343,41395000,SBIN.NS
2012-05-23,162.47959899902344,164.05037313170106,159.6123144941731,160.66781211522934,34534760,SBIN.NS
2012-05-24,166.38507080078125,167.04936572952607,162.93659954661487,165.69537654994798,32104050,SBIN.NS
2012-05-25,169.83352661132812,170.77286248209117,165.37803105563125,166.06772529618652,29159720,SBIN.NS
2012-05-28,177.82211303710938,178.30446772770017,170.6840125541798,170.85748204724354,35316050,SBIN.NS
2012-05-29,179.41726684570312,181.9348597777064,178.10981525241118,178.98144964793914,48415290,SBIN.NS
2012-05-30,177.55978393554688,179.23535157115322,176.1888532221223,177.83903444754682,32384070,SBIN.NS
2012-05-31,173.9927978515625,176.77696070548987,172.423011594691,176.0195652107766,40737620,SBIN.NS
2012-06-01,171.6402587890625,176.06191003163943,170.68822972931613,174.32286356788802,26260160,SBIN.NS
2012-06-04,173.1296844482422,173.8193658477849,167.05361598157006,168.5895584487174,29318990,SBIN.NS
2012-06-05,176.2523193359375,178.55835059280514,174.41174003322666,174.66560413517203,32970970,SBIN.NS
2012-06-06,182.6414794921875,183.46657649104307,177.37359322422736,177.7120872729926,33459450,SBIN.NS
2012-06-07,183.4623565673828,185.243705214724,182.4976342431745,184.73596409882146,35579490,SBIN.NS
2012-06-08,184.43553161621094,185.46371986535604,180.37776098173407,182.07449240033688,29803650,SBIN.NS
2012-06-11,183.19577026367188,187.689345245395,182.40876579239617,186.17456695044058,28149690,SBIN.NS
2012-06-12,186.6949920654297,187.17734667179417,180.47082923179042,182.3664292470203,38566440,SBIN.NS
2012-06-13,188.37904357910156,189.89805727952196,184.98982891906226,187.0208190742373,31091980,SBIN.NS
2012-06-14,181.9644775390625,187.75704633913006,181.4440432646007,187.1900617083901,33236270,SBIN.NS
2012-06-15,184.74440002441406,185.31562001070066,181.68944420788915,183.50464979534394,28244050,SBIN.NS
2012-06-18,176.69235229492188,188.87409605555797,176.15498945533696,187.52856481416833,53583960,SBIN.NS
2012-06-19,177.76712036132812,179.09150078707202,173.9886254564851,176.69238159124225,37168690,SBIN.NS
2012-06-20,179.15492248535156,179.98847722647375,177.42434698986818,178.8714237425923,25115340,SBIN.NS
2012-06-21,184.3424530029297,184.90520228480807,176.4427216310411,177.7290223059755,34033180,SBIN.NS
2012-06-22,182.6033935546875,184.86287417936248,180.1238930972087,181.68944415941675,35627920,SBIN.NS
2012-06-25,178.98147583007812,186.17458478778812,177.8475064581511,182.8826801460038,43573040,SBIN.NS
2012-06-26,178.8206787109375,180.403158479548,177.3820595655897,178.81222087876472,26383570,SBIN.NS
2012-06-27,178.8460693359375,180.96168957388335,177.991363408387,180.09005506886734,19443200,SBIN.NS
2012-06-28,177.5682373046875,179.78118069653422,175.5160831150982,179.2353470659026,27841960,SBIN.NS
2012-06-29,182.7049560546875,183.63583411158578,179.99696477014842,180.25084177773167,25872690,SBIN.NS
2012-07-02,184.6470947265625,185.94607563629023,182.78957410640334,183.61889355854666,23629020,SBIN.NS
2012-07-03,185.10403442382812,186.5130314919324,184.2408579525948,185.75141354907356,23044680,SBIN.NS
2012-07-04,188.2732696533203,188.70486443924855,185.33678777598843,185.33678777598843,33471910,SBIN.NS
2012-07-05,189.00526428222656,189.52993392039733,187.19852941553987,187.8586018354063,18782280,SBIN.NS
2012-07-06,188.09132385253906,189.195684281421,186.65694011069172,189.195684281421,21904250,SBIN.NS
2012-07-09,186.97427368164062,187.78242917194808,185.54833493113478,186.005316089892,21137340,SBIN.NS
2012-07-10,188.62869262695312,189.11951806485732,187.19007346770067,187.34240483732935,17667680,SBIN.NS
2012-07-11,187.7570343017578,190.6215919646385,187.02926052589405,187.44392668271016,24675290,SBIN.NS
2012-07-12,187.96861267089844,189.45378213022096,185.66681694265264,185.74298908079467,19749170,SBIN.NS
2012-07-13,184.35092163085938,189.00952163564304,183.7331641225194,188.0278707232662,17027690,SBIN.NS
2012-07-16,186.1280517578125,187.52012063904158,184.33399693571235,184.9052170078691,18541930,SBIN.NS
2012-07-17,186.09840393066406,188.15055794796163,184.65978488884474,187.44393517439815,13473830,SBIN.NS
2012-07-18,184.94749450683594,186.39457128939677,182.97997057954686,185.75142748744963,20777200,SBIN.NS
2012-07-19,182.6287841796875,187.63857093735112,182.28181939044077,187.372000743484,20951570,SBIN.NS
2012-07-20,180.42010498046875,183.93204258920198,180.00121627368577,182.0279842307743,19267410,SBIN.NS
2012-07-23,177.13243103027344,179.72618363867517,176.59083273858838,178.72760412145226,15895700,SBIN.NS
2012-07-24,177.2889862060547,178.9645539159722,176.05345823395183,177.2889862060547,16448600,SBIN.NS
2012-07-25,175.2029571533203,177.26780433198093,174.41171734218136,176.55272374151724,17127660,SBIN.NS
2012-07-26,170.72207641601562,176.34116262765087,170.01121828131835,175.5964602545012,24636420,SBIN.NS
2012-07-27,164.25672912597656,174.94483174989264,163.45278325864112,173.5654563983608,42134890,SBIN.NS
2012-07-30,171.93646240234375,172.63461451083595,164.25676338348688,165.12416253150423,34443090,SBIN.NS
2012-07-31,169.6811981201172,173.0534972403528,166.55855354704073,172.46536153850846,48379270,SBIN.NS
2012-08-01,172.0760955810547,173.0408179547559,169.69390497471966,170.09587801072934,19820020,SBIN.NS
2012-08-02,170.21009826660156,171.79259091356718,169.04228472879407,171.78835554121233,21311770,SBIN.NS
2012-08-03,169.70236206054688,170.4682155410064,167.1339960350813,168.49222058982986,20063360,SBIN.NS
2012-08-06,170.7940216064453,172.3934300121076,170.16357089882436,172.19456119046106,16064040,SBIN.NS
2012-08-07,174.43289184570312,175.33414814977698,170.20165129153204,171.04366402974122,25271900,SBIN.NS
2012-08-08,174.39479064941406,176.77698085265897,173.75164681334687,175.42721424989023,22909420,SBIN.NS
2012-08-09,166.60508728027344,176.0619119598693,166.1481190081875,174.94063585976522,42898490,SBIN.NS
2012-08-10,159.75045776367188,168.7418425795536,158.75612671420876,166.1184815809045,108902910,SBIN.NS
2012-08-13,161.34140014648438,161.71798667830674,157.27518498838313,160.11010784289357,53428630,SBIN.NS
2012-08-14,161.66299438476562,163.32163328089652,160.62210001795276,161.71800257236794,36635290,SBIN.NS
2012-08-16,160.31747436523438,162.79697505160496,159.94088776999786,162.31038498617167,27216820,SBIN.NS
2012-08-17,160.53749084472656,162.24268018051382,159.29350515519513,160.36400844174068,28632600,SBIN.NS
2012-08-21,162.0649871826172,162.30617101725568,159.86897208348293,161.0241055182862,19716500,SBIN.NS
2012-08-22,161.81533813476562,163.57977122254232,160.53327269426677,160.7871497237434,25303710,SBIN.NS
2012-08-23,161.7899169921875,163.31740130127858,160.79557303927768,161.97609257965652,21831520,SBIN.NS
2012-08-24,160.26669311523438,161.12141196755067,159.3950585979354,160.78714034968277,18012150,SBIN.NS
2012-08-27,156.0904541015625,160.73636065957947,155.5573265975231,159.96203644354958,20736720,SBIN.NS
2012-08-28,156.0650634765625,157.35982195710042,154.88032137434496,155.9000518218024,24599940,SBIN.NS
2012-08-29,154.85494995117188,157.13134657409586,154.39796872986574,156.47127406573964,18804350,SBIN.NS
2012-08-30,155.68426513671875,156.30202263870692,153.60672448638996,154.1864023731242,21627450,SBIN.NS
2012-08-31,155.48538208007812,157.8125641591584,154.74915042713044,155.62500732322607,27903670,SBIN.NS
2012-09-03,156.61512756347656,157.82525603631967,155.9211979876241,156.55588400385597,15997080,SBIN.NS
2012-09-04,158.67149353027344,159.24271348952627,156.64050357817362,157.40212158203124,17181080,SBIN.NS
2012-09-05,154.88455200195312,157.9945163251824,154.6179946994373,157.41483844771594,19033670,SBIN.NS
2012-09-06,156.89016723632812,157.82103238161517,154.60952245056882,154.60952245056882,19561570,SBIN.NS
2012-09-07,160.11434936523438,160.9563619667422,159.31887420416075,159.7716199690066,24267990,SBIN.NS
2012-09-10,157.4994659423828,161.21025912188443,157.09325756712136,160.70250510916807,19432850,SBIN.NS
2012-09-11,157.2074737548828,158.40490883469693,156.13273532166048,156.1411931519612,18557340,SBIN.NS
2012-09-12,157.3513641357422,158.84075605187553,156.1370002527077,158.24838500072707,19625090,SBIN.NS
2012-09-13,158.0452880859375,159.51776440595668,156.89439017106207,156.89439017106207,16407420,SBIN.NS
2012-09-14,166.83778381347656,167.13397577107003,161.71799387319652,162.39498192589116,37985040,SBIN.NS
2012-09-17,175.9814910888672,176.76849547128003,169.75734113484918,169.75734113484918,53902050,SBIN.NS
2012-09-18,181.89678955078125,182.5272402029474,174.37786751758998,176.01959076673808,44354080,SBIN.NS
2012-09-20,179.68809509277344,182.78113084972372,177.71210010759876,178.47371822868573,31870400,SBIN.NS
2012-09-21,187.29161071777344,189.77111112206563,180.68240309131946,180.7501044798191,42035570,SBIN.NS
2012-09-24,186.02645874023438,190.6427429988054,184.83324599503084,187.4439266825674,29149940,SBIN.NS
2012-09-25,185.87835693359375,189.98266465355775,183.80505203996287,187.29160237238307,30847570,SBIN.NS
2012-09-26,188.62869262695312,189.5595706837923,183.75854368758007,185.15908323260558,28369700,SBIN.NS
2012-09-27,190.17308044433594,191.6667075966129,188.7302261042829,189.55954550028525,27464560,SBIN.NS
2012-09-28,189.61036682128906,192.77533969105366,188.3579231193773,192.04756573330982,22346820,SBIN.NS
2012-10-01,192.1110076904297,192.83454618449463,189.57649881860294,189.76267442953628,15900770,SBIN.NS
2012-10-03,194.37472534179688,194.83592900009518,190.66391921286277,193.0249586088147,25948710,SBIN.NS
2012-10-04,198.50442504882812,198.7836755614944,194.99672302282897,195.48331310276996,24480430,SBIN.NS
2012-10-05,197.97549438476562,199.9303251970189,170.1212342580307,198.8682798258785,39747760,SBIN.NS
2012-10-08,192.0517578125,198.0643462135957,191.36206362914245,198.0643462135957,18144560,SBIN.NS
2012-10-09,193.1603546142578,195.14480734332037,191.02357052013787,194.1208415115253,19485380,SBIN.NS
2012-10-10,188.16748046875,191.5778590577772,187.74013398658784,191.08281118247476,21841000,SBIN.NS
2012-10-11,191.8571014404297,193.25764076871533,185.4467757831721,188.4594164278556,29460140,SBIN.NS
2012-10-12,190.55389404296875,194.16737658175,189.99113189757384,192.07290763798093,17758970,SBIN.NS
2012-10-15,191.62863159179688,192.0686712478271,188.78100246729755,190.23655003778404,14254380,SBIN.NS
2012-10-16,188.61602783203125,193.367716184668,188.19713909972006,192.13642348831985,15137550,SBIN.NS
2012-10-17,187.41854858398438,190.90508626755488,186.35228073554717,190.08422466143736,21075700,SBIN.NS
2012-10-18,192.792236328125,193.25766242394948,186.76694145088246,188.57368929595407,24274450,SBIN.NS
2012-10-19,191.06167602539062,192.93189016864702,189.0518366152372,192.0983352020324,19700000,SBIN.NS
2012-10-22,189.63995361328125,191.2435972482079,188.31133800599187,188.45943399401818,13785660,SBIN.NS
2012-10-23,189.11105346679688,191.92482566092218,188.7598532936229,189.55956390194007,14004630,SBIN.NS
2012-10-25,186.11956787109375,190.43543820852554,185.75145202537038,189.54263977688672,28767350,SBIN.NS
2012-10-29,183.4412078857422,186.55117229738144,182.52302299745955,183.877025149365,21364870,SBIN.NS
2012-10-30,175.5372314453125,186.15764733559857,174.79676438202372,183.55120172329558,45981440,SBIN.NS
2012-10-31,178.57948303222656,178.9476117671513,174.11976526955866,175.342586942316,25377620,SBIN.NS
2012-11-01,179.02378845214844,179.79387732355485,177.58093388958633,178.72759645153943,14382330,SBIN.NS
2012-11-02,182.150634765625,182.70492613650995,179.83614611984405,181.09706020630787,17604300,SBIN.NS
2012-11-05,181.4990692138672,182.26492272316975,180.09852961976878,181.34250246626485,12145950,SBIN.NS
2012-11-06,183.9023895263672,184.27050534701834,180.33122186848428,180.33122186848428,15070250,SBIN.NS
2012-11-07,187.61318969726562,188.68792833400624,183.1703874443608,183.49620120704824,28982660,SBIN.NS
2012-11-08,189.7541961669922,191.83597204644443,184.67248541995073,185.2436925221127,27559100,SBIN.NS
2012-11-09,182.37069702148438,192.04330639947167,181.77409057421983,189.27184909634434,62456180,SBIN.NS
2012-11-12,185.35369873046875,185.74297849274484,179.74730572068427,183.22115015118544,31728480,SBIN.NS
2012-11-15,182.25643920898438,184.65132275068794,180.96168071972957,182.11257858936946,17207000,SBIN.NS
2012-11-16,178.42718505859375,183.63160580712557,177.80519217679856,182.25645261856732,18348140,SBIN.NS
2012-11-19,177.19586181640625,179.7430635560124,176.3919288279282,179.7430635560124,18300990,SBIN.NS
2012-11-20,174.8771209716797,179.303006725141,173.73469406997762,178.55830445128387,18897210,SBIN.NS
2012-11-21,174.41172790527344,175.5456971908486,172.7192318088136,175.25797595350335,23015420,SBIN.NS
2012-11-22,177.58091735839844,178.9433771914688,174.97023652674417,174.97023652674417,18180930,SBIN.NS
2012-11-23,176.8235321044922,178.68105282108607,175.62186139148895,178.55834323505465,13757250,SBIN.NS
2012-11-26,177.02662658691406,178.52871166765306,176.01958937015536,177.4158934476671,13539140,SBIN.NS
2012-11-27,178.994140625,179.662670846303,177.28895146512582,177.85593606109657,15647840,SBIN.NS
2012-11-29,180.40737915039062,181.26632036024472,178.19021350603657,180.0942715201415,20991170,SBIN.NS
2012-11-30,183.66119384765625,185.07442639226775,181.57096035205169,181.85868155959002,21590680,SBIN.NS
2012-12-03,186.5172882080078,187.02080679778865,183.93200678273203,184.48206281410828,18628530,SBIN.NS
2012-12-04,189.521484375,190.3381106475913,186.37767595523607,186.85157279917047,22339070,SBIN.NS
2012-12-05,192.25064086914062,193.19844754007786,189.9996306933782,190.23657913293215,23558250,SBIN.NS
2012-12-06,195.24636840820312,196.15608255991816,189.55957997590815,193.02920245305583,23499050,SBIN.NS
2012-12-07,196.00794982910156,197.98817988397852,194.64126762762018,196.02487840398953,25831160,SBIN.NS
2012-12-10,196.35069274902344,196.9049841721366,194.7301334634593,196.53264588798555,13614690,SBIN.NS
2012-12-11,195.38174438476562,197.89932446306824,193.17303656550416,197.1503996239324,20557710,SBIN.NS
2012-12-12,194.20547485351562,196.1560704629933,193.48615882662855,195.4833047947198,18423190,SBIN.NS
2012-12-13,191.47207641601562,196.75266882134855,190.83739038755968,194.84861073598066,18254110,SBIN.NS
2012-12-14,196.35069274902344,196.92191274819078,190.73160638200807,191.77250074945792,20181840,SBIN.NS
2012-12-17,198.3859100341797,198.7836476223701,195.64831018361556,196.22375261852622,18967760,SBIN.NS
2012-12-18,200.78929138183594,201.57629592096,192.85993786156396,198.86830456894836,41036170,SBIN.NS
2012-12-19,200.75540161132812,203.78920625485353,199.9472332532545,201.8301401450624,21278390,SBIN.NS
2012-12-20,201.51283264160156,202.99800221739324,198.237856564442,200.4296360860366,18314370,SBIN.NS
2012-12-21,197.5523681640625,201.12352280108323,196.9642196130845,199.29985941620092,15685940,SBIN.NS
2012-12-24,197.28579711914062,199.629894743332,196.75265675586095,198.02202873493104,10549750,SBIN.NS
2012-12-26,200.6327362060547,201.4070475349383,196.58343595383067,197.7427917172341,15353080,SBIN.NS
2012-12-27,202.1136474609375,202.88795870202003,199.94301926739166,200.63271345581325,19723060,SBIN.NS
2012-12-28,201.36473083496094,202.8752867776797,200.4846385012012,202.5917879853664,11036230,SBIN.NS
2012-12-31,201.8724822998047,202.82027601842915,200.4465563493924,200.56079519174486,10006870,SBIN.NS
2013-01-01,205.33786010742188,205.9810039718299,202.892203778492,203.51419660690303,17202300,SBIN.NS
2013-01-02,207.37733459472656,208.51553939166,206.32799515087206,207.33079714449457,14660120,SBIN.NS
2013-01-03,209.15867614746094,210.07262561288113,206.1629507475747,208.17702528689253,20103090,SBIN.NS
2013-01-04,210.43650817871094,210.96541322789318,207.3857874705896,208.17702735813089,13705950,SBIN.NS
2013-01-07,208.82017517089844,211.47739367138246,208.32512726669083,210.7157755513456,10264490,SBIN.NS
2013-01-08,210.99923706054688,211.56198626240857,208.4308714482687,208.85399542079352,16123870,SBIN.NS
2013-01-09,213.491455078125,214.94700274389658,211.05425658423394,211.05425658423394,22474110,SBIN.NS
2013-01-10,214.87083435058594,215.93710218980536,213.4660595612589,214.94275819998893,21504650,SBIN.NS
2013-01-11,210.8046112060547,215.79324694210138,210.14453877783765,215.70861697429095,14156720,SBIN.NS
2013-01-14,211.54086303710938,213.25027481366385,209.46332250938184,210.80039598785237,17721580,SBIN.NS
2013-01-15,210.7030487060547,213.0344659664747,209.04017456474156,211.9851138481485,12219330,SBIN.NS
2013-01-16,205.8413848876953,211.01196110417536,205.13052669629008,209.86952104629472,14390080,SBIN.NS
2013-01-17,209.0105743408203,210.07684223113455,205.04590430787428,205.2574663195595,14091240,SBIN.NS
2013-01-18,210.88925170898438,213.05564470086605,209.70873203647167,210.29264527046118,16073730,SBIN.NS
2013-01-21,211.5155029296875,212.52676276809058,210.72425005197792,211.13891629970362,11849060,SBIN.NS
2013-01-22,208.55360412597656,212.3236277757416,207.70312071488837,210.71576166706498,12954000,SBIN.NS
2013-01-23,209.90335083007812,210.88923699337388,207.51270278310474,209.10788854694113,15042750,SBIN.NS
2013-01-24,208.10508728027344,210.2376360202234,206.5310653624305,209.86952017788218,17650270,SBIN.NS
2013-01-25,212.72137451171875,213.66071039161463,207.16153137277232,208.1516400711403,12460930,SBIN.NS
2013-01-28,210.84690856933594,214.42231135064617,210.12337018208774,213.67760901685395,18349860,SBIN.NS
2013-01-29,208.38433837890625,214.5238718614899,207.75812311177484,210.76229323567495,46331240,SBIN.NS
2013-01-30,206.15447998046875,210.46187928883583,205.35054694669668,209.61563127166102,23715290,SBIN.NS
2013-01-31,206.3152618408203,207.89350607264652,204.4662120550124,206.1460148259415,25528120,SBIN.NS
2013-02-01,204.14462280273438,207.5084635372366,203.18413603715325,205.7228798631266,14516810,SBIN.NS
2013-02-04,199.0883026123047,205.57480085403174,198.4451587719003,204.5804568575987,18596650,SBIN.NS
2013-02-05,200.68771362304688,201.45780242354266,197.01500029983316,198.86828553747293,22375350,SBIN.NS
2013-02-06,198.75827026367188,202.07556098489655,198.1912856342689,201.8301547383001,13866580,SBIN.NS
2013-02-07,196.88807678222656,200.0530362631858,196.34224316784398,197.51429208262394,13760530,SBIN.NS
2013-02-08,193.46502685546875,198.26747481116072,192.6145433265168,196.32957221528858,17646650,SBIN.NS
2013-02-11,194.15895080566406,195.64412050658848,192.72033146966132,193.7823770768954,14811360,SBIN.NS
2013-02-12,194.33241271972656,195.28020645747193,192.84302071573794,194.72169252642695,13296820,SBIN.NS
2013-02-13,190.80355834960938,196.6045854051134,189.77113464427944,194.80630820948755,27599120,SBIN.NS
2013-02-14,187.5074005126953,192.01366859011816,184.0589424493492,190.40580253380952,60922460,SBIN.NS
2013-02-15,189.00526428222656,190.21117028830867,186.61038084595427,186.7669346629749,21127420,SBIN.NS
2013-02-18,191.48052978515625,191.996741557967,189.13641931720713,189.13641931720713,18380120,SBIN.NS
2013-02-19,192.39450073242188,192.9445568038358,189.30568757981584,192.00098557264116,13692360,SBIN.NS
2013-02-20,190.57931518554688,193.54964152811917,190.1181114957066,193.36770127586254,16094270,SBIN.NS
2013-02-21,187.06736755371094,189.80921604638317,186.18727521127857,189.50880158643497,19310510,SBIN.NS
2013-02-22,185.8360595703125,188.32825312993978,185.33254099462144,187.10543152663234,18284310,SBIN.NS
2013-02-25,187.9432373046875,189.47494429863124,186.2634343107982,187.02082997535535,16887440,SBIN.NS
2013-02-26,186.03916931152344,187.5285741524596,185.21408520553354,186.85157312591775,16446360,SBIN.NS
2013-02-27,187.30856323242188,188.93759351076503,185.92071677692562,187.22816862480624,14100300,SBIN.NS
2013-02-28,176.09573364257812,189.28027831495803,173.5654605243478,189.05178775182478,58729590,SBIN.NS
2013-03-01,176.66696166992188,178.46947402634535,174.8348404474224,176.61195348436422,21676800,SBIN.NS
2013-03-04,177.66978454589844,178.43987340959492,175.72341134942033,176.64583158447445,18279980,SBIN.NS
2013-03-05,180.1281280517578,181.0124557291339,176.1380715289489,178.7275885388197,19059400,SBIN.NS
2013-03-06,183.51736450195312,184.05472739985854,180.80090240426574,181.1817243815582,21540750,SBIN.NS
2013-03-07,183.31004333496094,183.80509125990415,181.53291709680988,182.9800070807582,11774640,SBIN.NS
2013-03-08,186.97850036621094,187.77821095574717,184.152035034176,184.24935820658018,19462340,SBIN.NS
2013-03-11,186.57229614257812,187.95168450392487,185.63719572540924,186.97003373250362,14154810,SBIN.NS
2013-03-12,186.75425720214844,188.54407655654043,184.74441799349387,186.76695040695742,21840370,SBIN.NS
2013-03-13,184.4270477294922,187.7020232138613,183.73735357369017,185.92067486750932,21052580,SBIN.NS
2013-03-14,190.83316040039062,191.37898106617362,183.22962156290953,184.397435028553,33666130,SBIN.NS
2013-03-15,191.4213104248047,192.4198898597938,189.34800524046997,191.5905574558833,22161680,SBIN.NS
2013-03-18,190.3888702392578,191.1843454203411,188.99680158508173,189.36491739675503,11219240,SBIN.NS
2013-03-19,186.4749755859375,192.07291078938454,183.648510347385,191.7598031595046,40393960,SBIN.NS
2013-03-20,179.43846130371094,186.99122901474013,178.58375527668667,186.13228761467627,23048180,SBIN.NS
2013-03-21,179.35806274414062,182.7049626722693,176.04075877361623,179.91235422586803,32310360,SBIN.NS
2013-03-22,176.35386657714844,180.2508352446938,175.68110092470528,179.6796152265151,20894740,SBIN.NS
2013-03-25,174.17901611328125,179.83196024992057,173.72627027159592,179.81926704467338,22640640,SBIN.NS
2013-03-26,173.50624084472656,174.99563280008223,171.54295203597226,173.4808544356317,16268370,SBIN.NS
2013-03-28,175.40606689453125,176.01960192208847,171.87299146497384,173.38353448510838,18801120,SBIN.NS
2013-04-01,176.91659545898438,177.5385882226035,174.87291232864675,176.44269867007822,11155370,SBIN.NS
2013-04-02,181.13516235351562,181.77408376348006,175.65147860384243,176.2057700436996,15282510,SBIN.NS
2013-04-03,178.1013641357422,182.53147304105386,176.91660915901292,180.7797334399259,23043560,SBIN.NS
2013-04-04,174.97024536132812,177.4582167397504,174.11130409141765,176.90392528990634,15062340,SBIN.NS
2013-04-05,174.04782104492188,176.3580744220324,172.80383547738865,174.97022824697265,16152430,SBIN.NS
2013-04-08,172.10147094726562,175.29182988096247,171.67834689976763,174.10708771305653,10811270,SBIN.NS
2013-04-09,168.25527954101562,174.83486640853124,167.5571274259518,173.07889123285477,18252900,SBIN.NS
2013-04-10,171.2086944580078,171.67413351741047,167.22709541099346,169.16499796940582,18994350,SBIN.NS
2013-04-11,172.8334503173828,173.48082948162255,169.9265906796648,172.19452898405117,18848870,SBIN.NS
2013-04-12,176.17190551757812,177.45820611559643,170.9420989843794,172.63459501392774,20632180,SBIN.NS
2013-04-15,181.63021850585938,182.654171389316,174.54711372600818,174.58097087827463,18089020,SBIN.NS
2013-04-16,184.74440002441406,185.6625847920267,181.09707318655185,181.77407417353152,14838250,SBIN.NS
2013-04-17,189.99537658691406,192.08561026116035,185.75144321849908,185.75144321849908,24644810,SBIN.NS
2013-04-18,194.60740661621094,195.6990737022362,189.13641672150715,190.69350984960258,21382190,SBIN.NS
2013-04-22,196.930419921875,199.71457075632932,195.17867998874448,195.17867998874448,14450260,SBIN.NS
2013-04-23,193.5792236328125,198.30128886702119,191.75979565774483,198.02202548668032,18770200,SBIN.NS
2013-04-25,197.5608367919922,198.27591741542287,194.12929429143088,195.39866634541858,20535590,SBIN.NS
2013-04-26,193.6173095703125,197.56082834854726,192.70336018097572,196.75265995918852,11550470,SBIN.NS
2013-04-29,192.3987274169922,195.4367678189773,191.42978266857372,194.80630422264568,13964420,SBIN.NS
2013-04-30,191.6159210205078,194.00234648618576,188.31979448532675,193.11378353805634,14814500,SBIN.NS
2013-05-02,194.5904998779297,196.9092111018525,191.68786256329466,192.52141734832256,20143690,SBIN.NS
2013-05-03,187.3423614501953,194.07848740297547,186.68228913102132,193.36764227659086,36583570,SBIN.NS
2013-05-06,188.38328552246094,188.92911914938276,184.73595836530032,186.64423900421085,19604120,SBIN.NS
2013-05-07,190.9812774658203,191.59057717057695,187.74438085475202,187.86709045281717,12903980,SBIN.NS
2013-05-08,190.80355834960938,192.3521939076043,188.8444919504569,191.25206880538306,14795230,SBIN.NS
2013-05-09,193.87118530273438,196.90497713142034,189.8980447710716,191.2520467271481,22585460,SBIN.NS
2013-05-10,194.09544372558594,196.58341493634856,193.26188892079261,193.78233609454432,18603240,SBIN.NS
2013-05-13,192.7499542236328,196.22379943472072,191.9375502780679,195.06020817122644,12807580,SBIN.NS
2013-05-14,194.04888916015625,196.21105948934647,191.7936439482714,192.37332175542005,19822490,SBIN.NS
2013-05-15,201.63973999023438,202.49022337476973,195.08131789411118,195.49174869663545,27233960,SBIN.NS
2013-05-16,204.73699951171875,206.4083444090323,200.73001487769633,201.00927825589835,22683930,SBIN.NS
2013-05-17,205.2024688720703,206.0402591307784,202.08404672262745,204.83011764597782,16893270,SBIN.NS
2013-05-20,204.0980987548828,209.19251563778428,203.31109426550927,205.63827640590532,18149490,SBIN.NS
2013-05-21,199.77377319335938,205.55363571747722,199.1983178340347,204.7920176763309,19350270,SBIN.NS
2013-05-22,199.96841430664062,203.28570507179236,198.4917026971353,201.40703339117638,15125760,SBIN.NS
2013-05-23,184.27896118164062,199.29140546021654,182.19719831751053,199.29140546021654,63821860,SBIN.NS
2013-05-24,182.04486083984375,186.00530809029158,180.03079943346637,185.49755413855848,34747060,SBIN.NS
2013-05-27,182.96726989746094,184.76131136983867,181.67249869002165,182.28179823021006,22382280,SBIN.NS
2013-05-28,183.76107788085938,186.52206435949893,183.1312309260655,184.24424886894354,21430960,SBIN.NS
2013-05-29,181.73348999023438,184.5807495669269,181.02166193063883,184.2226895732741,16838910,SBIN.NS
2013-05-30,180.2020263671875,182.90694185402378,179.38236019391954,181.1899466674791,24345150,SBIN.NS
2013-05-31,176.59542846679688,180.24078846370918,176.18990719789528,179.6282014679949,20767490,SBIN.NS
2013-06-03,178.58856201171875,179.63256693196348,176.01739429322248,176.7119493767977,21804450,SBIN.NS
2013-06-04,174.99493408203125,179.80939689206016,174.37371052613958,178.60146951417136,18890680,SBIN.NS
2013-06-05,175.30123901367188,176.39269198291544,173.59718579942063,174.80512642136515,19682800,SBIN.NS
2013-06-06,176.7723388671875,178.3426446386548,173.1226467661217,174.56785469277256,24860940,SBIN.NS
2013-06-07,174.64547729492188,179.0328668364458,173.8560128556329,175.58163084923723,18938650,SBIN.NS
2013-06-10,173.55836486816406,176.61702157267797,172.6567309311851,176.0130578308526,14601870,SBIN.NS
2013-06-11,172.3461151123047,174.80512627619592,171.00875839449404,172.99322192749483,27831190,SBIN.NS
2013-06-12,173.0837860107422,175.06393097437154,170.02944811554508,175.06393097437154,31892330,SBIN.NS
2013-06-13,174.1839141845703,175.65068709612504,171.28487493443103,171.6947013785325,21107870,SBIN.NS
2013-06-14,176.51783752441406,177.65242063769443,175.2322469927449,175.66796988018996,18141370,SBIN.NS
2013-06-17,178.23910522460938,178.94660183966408,171.88882973030238,177.09588580168978,25618850,SBIN.NS
2013-06-18,176.32363891601562,179.03285851340897,175.77575996806792,177.99749039846358,15409980,SBIN.NS
2013-06-19,176.51345825195312,177.06133720086999,175.03804914061672,176.35814579345566,15403450,SBIN.NS
2013-06-20,172.35040283203125,174.27014481101784,171.4703340329933,173.33830958240463,26521840,SBIN.NS
2013-06-21,171.621337890625,173.32537773202728,169.65413446350817,172.04410586623484,26461690,SBIN.NS
2013-06-24,168.11402893066406,171.44879061930993,166.5221451940982,171.09934084492758,21810540,SBIN.NS
2013-06-25,164.60671997070312,168.20463235809126,164.0415810602579,168.0752162585321,30781170,SBIN.NS
2013-06-26,163.93804931640625,166.1511567921557,163.25211765314614,165.14165854691169,20557680,SBIN.NS
2013-06-27,165.01222229003906,166.52213804955576,164.01999719995348,165.78874512876513,19891950,SBIN.NS
2013-06-28,168.57565307617188,168.88194663290017,166.52216312112125,167.21241306247984,15660360,SBIN.NS
2013-07-01,173.90780639648438,174.37373070001797,168.6791851673304,169.36943510544745,15135150,SBIN.NS
2013-07-02,171.69039916992188,175.0639729735514,171.03465578366584,173.52386863152566,16265170,SBIN.NS
2013-07-03,163.82586669921875,170.4910718087129,163.31249426646676,170.4910718087129,25313640,SBIN.NS
2013-07-04,163.9293975830078,165.95700407142135,161.56961435730994,164.10196992149315,28494530,SBIN.NS
2013-07-05,163.4548797607422,166.32371744644394,162.91992915482717,165.75426026857747,17580390,SBIN.NS
2013-07-08,161.6214141845703,162.3720539223221,159.6283140151704,162.12183189945642,15419820,SBIN.NS
2013-07-09,163.47213745117188,165.01225499078748,162.25989161153225,162.81208895782567,22886230,SBIN.NS
2013-07-10,161.88885498046875,165.98719768230634,160.9440780833378,164.54198999120584,19184670,SBIN.NS
2013-07-11,164.9130096435547,166.34959414203323,163.9337260720969,164.88282133131463,15679190,SBIN.NS
2013-07-12,163.36424255371094,165.65499925039342,162.32025110246707,165.3141991960806,14990890,SBIN.NS
2013-07-15,164.99497985839844,165.41344279687112,161.172741879819,163.2175952258495,23207480,SBIN.NS
2013-07-16,157.69129943847656,160.48248731161533,155.08993061431644,160.48248731161533,30413700,SBIN.NS
2013-07-17,155.88369750976562,158.67056684088004,154.45143143708106,158.41173467809875,24112260,SBIN.NS
2013-07-18,157.39791870117188,157.97168083594823,154.52908169645173,156.42725867334346,20494950,SBIN.NS
2013-07-19,156.2805938720703,157.8077562788877,155.1891410451907,157.8077562788877,14077470,SBIN.NS
2013-07-22,157.436767578125,158.30819997448688,155.8233188760516,155.90959188134474,9686870,SBIN.NS
2013-07-23,160.56443786621094,161.3237139800316,158.12700513565457,158.58429284090926,14172240,SBIN.NS
2013-07-24,155.41346740722656,157.63519789599462,154.12787728842883,157.03123424352663,26278990,SBIN.NS
2013-07-25,155.14602661132812,156.68614407596058,154.3651853979162,154.7879534479092,29959130,SBIN.NS
2013-07-26,152.307373046875,157.307363430487,151.13827038783606,156.25473526187628,26165140,SBIN.NS
2013-07-29,150.13311767578125,152.71722699303868,149.5118940042706,152.47995973139402,16545080,SBIN.NS
2013-07-30,148.68789672851562,153.06233210615835,148.26081042848966,150.4954828820596,27908980,SBIN.NS
2013-07-31,147.4022979736328,148.38589978424375,145.81473244868556,148.21334060377933,30356230,SBIN.NS
2013-08-01,145.22802734375,148.66200371729954,143.65770853465955,148.2262809289292,23616550,SBIN.NS
2013-08-02,145.0037078857422,147.449777690357,143.65772767882274,145.64219141497819,25310950,SBIN.NS
2013-08-05,145.1460723876953,146.15986259167937,142.8466786641663,145.64218500855566,17653750,SBIN.NS
2013-08-06,141.62149047851562,144.64132244219277,140.90103906010958,143.6577205577834,25454280,SBIN.NS
2013-08-07,148.06663513183594,149.1796528146109,141.15554061616967,141.93206335620624,30640510,SBIN.NS
2013-08-08,143.58436584472656,148.23490621361907,142.36349680130692,147.3893570098445,22000410,SBIN.NS
2013-08-12,138.51104736328125,144.0632212274748,135.89241886232844,143.58435538165546,54399680,SBIN.NS
2013-08-13,139.770751953125,140.37903393111796,135.89242937223025,137.59216430396108,40050290,SBIN.NS
2013-08-14,140.15472412109375,141.7897511896932,138.73971760447017,140.1202043815485,22630340,SBIN.NS
2013-08-16,135.51278686523438,139.25737497089165,133.99424768150703,138.98990627269058,33161930,SBIN.NS
2013-08-19,132.05294799804688,135.2884824320136,131.23328190785998,135.2884824320136,27358320,SBIN.NS
2013-08-20,134.08480834960938,134.74053833639425,128.43772600332073,129.42132756620717,24469990,SBIN.NS
2013-08-21,133.56283569335938,142.44113450128646,131.4058131956159,141.5006758519712,32616310,SBIN.NS
2013-08-22,135.00808715820312,135.62499263280571,130.48264353868302,132.24278183996603,39523490,SBIN.NS
2013-08-23,134.52056884765625,136.90623546315464,133.0537960226589,135.16335740899822,22294020,SBIN.NS
2013-08-26,134.36093139648438,136.74227940132022,133.31692675561683,135.55591707395348,17001610,SBIN.NS
2013-08-27,131.14697265625,133.06672801557733,129.55077068341012,133.0451498905589,23246040,SBIN.NS
2013-08-28,129.23585510253906,130.45672410028095,125.34027281697904,129.421355886275,25272130,SBIN.NS
2013-08-29,128.36871337890625,131.54385713250798,127.04861675045429,130.54299559976462,20084810,SBIN.NS
2013-08-30,131.05641174316406,131.66469383047124,126.85884009754766,128.24796348516412,21562390,SBIN.NS
2013-09-02,130.83204650878906,132.8725946664324,130.31436897427656,131.14697655388133,13421710,SBIN.NS
2013-09-03,127.3204345703125,132.40669820563213,126.06504567480498,131.5740773685645,21050700,SBIN.NS
2013-09-04,128.9209442138672,130.4136003871601,125.59913681861018,127.35063837520933,23858020,SBIN.NS
2013-09-05,141.34107971191406,141.88895876981312,132.29884371746394,132.5274876102558,41009330,SBIN.NS
2013-09-06,141.03045654296875,142.19093578240293,137.78198095728473,141.32812672203085,24826830,SBIN.NS
2013-09-10,140.9398956298828,146.25479058063706,139.8613840721562,143.23065312526018,21510870,SBIN.NS
2013-09-11,145.81906127929688,146.48341483052369,138.24790326166033,140.02528796361085,28928540,SBIN.NS
2013-09-12,143.08827209472656,147.34192822321373,142.01839713109263,146.67756146438006,19021980,SBIN.NS
2013-09-13,143.3212127685547,145.46961205679355,140.72846734324838,141.32812595636054,17630960,SBIN.NS
2013-09-16,142.04856872558594,147.10894873997626,141.09516837461564,146.41869884007676,22536660,SBIN.NS
2013-09-17,140.95281982421875,143.2263171674144,140.39630424288245,142.5360672226797,16469200,SBIN.NS
2013-09-18,144.40403747558594,144.79661716253707,141.23321166976595,141.93208487484037,13959810,SBIN.NS
2013-09-19,155.97430419921875,156.8586913942926,150.40056498551047,150.47389638374733,33437450,SBIN.NS
2013-09-20,150.78021240234375,159.145139998236,146.02182061878588,156.4963228384104,50467260,SBIN.NS
2013-09-23,142.7646942138672,147.8854637443752,141.78972895409032,147.4670008346188,24899540,SBIN.NS
2013-09-24,141.9277801513672,142.72156295168102,137.72590400408373,139.77507563766056,27959960,SBIN.NS
2013-09-25,146.0433807373047,146.86736500174484,141.51795125320095,141.52225634618307,31710460,SBIN.NS
2013-09-26,144.61544799804688,146.47048247928862,143.59732631391273,145.40491260939137,16402440,SBIN.NS
2013-09-27,141.5611114501953,145.69396171626488,140.40925537795746,144.99939346578137,16454000,SBIN.NS
2013-09-30,139.33505249023438,140.4653303549934,137.76041528042398,139.24014295839996,16838130,SBIN.NS
2013-10-01,141.7897491455078,142.22115372564204,139.2573932011645,139.97784464277478,12547570,SBIN.NS
2013-10-03,143.2435760498047,143.65772074762364,140.2237440821369,141.75954328674558,17636560,SBIN.NS
2013-10-04,142.4196014404297,144.77938510810247,140.63789835177533,142.36351673645967,20201430,SBIN.NS
2013-10-07,140.9010467529297,141.93211004193842,139.77940535180616,141.60855659959358,11363520,SBIN.NS
2013-10-08,138.7008514404297,144.9087547421634,137.83372426731617,144.542058319949,26710340,SBIN.NS
2013-10-09,138.8260040283203,139.5852803865585,135.79323002000794,137.26432138138222,34175100,SBIN.NS
2013-10-10,140.89239501953125,141.46185212304917,138.73969076303655,138.93381489008542,17336910,SBIN.NS
2013-10-11,142.60508728027344,144.2530558242741,140.72416975791026,142.36350178502352,15976780,SBIN.NS
2013-10-14,142.9846954345703,144.00280364190075,141.8155930329882,142.0399186128866,10581410,SBIN.NS
2013-10-15,140.0166473388672,146.11671345696377,139.00716236080078,143.57141630423823,23221460,SBIN.NS
2013-10-17,139.88723754882812,141.05202188422308,138.04945003233775,140.26255738463612,19848640,SBIN.NS
2013-10-18,143.62318420410156,144.25303105389037,140.37901411280845,140.55157327043855,16838070,SBIN.NS
2013-10-21,144.2228546142578,146.24614301480557,143.39887034072493,143.8389114092945,14555250,SBIN.NS
2013-10-22,144.5421142578125,145.9786990308825,143.22633541848114,144.08914466799004,13665340,SBIN.NS
2013-10-23,148.10549926757812,149.68875980440694,145.38333753200786,145.98730128629668,32879400,SBIN.NS
2013-10-24,148.25650024414062,150.5515757803015,147.3376063779251,148.230617022452,21267920,SBIN.NS
2013-10-25,148.48512268066406,150.10288962945066,146.67753668998614,147.97175024901543,14223140,SBIN.NS
2013-10-28,144.5550079345703,150.0338501183025,144.20988961537992,148.83454618579896,13060010,SBIN.NS
2013-10-29,150.16757202148438,150.56015164717684,141.9838291546185,144.17537111283374,30146060,SBIN.NS
2013-10-30,148.4937286376953,151.72495706406826,147.95016795905937,150.82331013798833,14466420,SBIN.NS
2013-10-31,155.02523803710938,155.59900033417262,147.1693643428593,148.22629766174902,33459510,SBIN.NS
2013-11-01,162.121826171875,163.0709214571064,154.38242741774047,154.70167574027585,34197760,SBIN.NS
2013-11-05,161.85867309570312,164.61534130592554,158.77413321671722,161.54374303673703,21888850,SBIN.NS
2013-11-06,156.12962341308594,162.66971801880447,155.6507575130616,160.65505296277314,23159300,SBIN.NS
2013-11-07,151.21591186523438,157.72149958250174,150.73274089570796,156.23746693871553,31283760,SBIN.NS
2013-11-08,150.49977111816406,152.54463744912317,149.2659605383187,150.90529241101052,17637190,SBIN.NS
2013-11-11,147.0528564453125,151.2461089011789,146.2676970601758,149.24008051872707,18516020,SBIN.NS
2013-11-12,144.34364318847656,148.14431612552636,144.00282991619662,147.09600625499044,24334250,SBIN.NS
2013-11-13,146.4230194091797,149.89582075898005,142.5921449114319,143.06237428951994,60408150,SBIN.NS
2013-11-14,148.67063903808594,150.2021331426182,147.1693595782183,148.66632077950206,18331450,SBIN.NS
2013-11-18,152.51014709472656,152.71722603907773,149.4471850144171,150.59040455365886,18948610,SBIN.NS
2013-11-19,157.32461547851562,157.89407267080028,152.11325406402491,152.19952707879906,28702840,SBIN.NS
2013-11-20,154.9346160888672,158.29956587143167,153.75255882439066,156.9449494426683,23355560,SBIN.NS
2013-11-21,152.10891723632812,154.32202451743743,151.42298563339492,153.79139222139275,23675930,SBIN.NS
2013-11-22,149.95193481445312,153.6576990323152,149.6974076608174,152.510161128609,17754460,SBIN.NS
2013-11-25,155.87937927246094,156.30647867194696,150.13308144581362,150.25817926936764,22735900,SBIN.NS
2013-11-26,154.032958984375,156.98808220313657,153.6662757214075,155.30560742247695,16048660,SBIN.NS
2013-11-27,152.1736297607422,155.19346147196217,151.58692591910744,154.09770344442293,13691010,SBIN.NS
2013-11-28,152.1649932861328,154.49889317293773,151.91908956544043,153.32115416758498,18432410,SBIN.NS
2013-11-29,156.98379516601562,157.63520703069494,151.94067533618212,151.94067533618212,23401810,SBIN.NS
2013-12-02,157.2167510986328,159.92166595152497,156.37552015694578,157.63521402305057,17459790,SBIN.NS
2013-12-03,156.47042846679688,157.8767982836349,155.75860045918802,156.59552630152905,14806910,SBIN.NS
2013-12-04,156.8026123046875,158.30390487813958,155.04679262660298,155.9096017265456,15426920,SBIN.NS
2013-12-05,160.13304138183594,162.43673988915032,159.29179731979278,160.48247798227334,23662450,SBIN.NS
2013-12-06,160.4436492919922,161.09507430040236,159.19257887416288,159.792224283582,14500680,SBIN.NS
2013-12-09,163.14425659179688,166.00445756128894,162.64382575810055,164.88281631776488,18775040,SBIN.NS
2013-12-10,159.04159545898438,163.8129285030306,158.43763175064083,163.480751754797,18864240,SBIN.NS
2013-12-11,155.00796508789062,159.0113987150397,153.7094332022363,158.7568716148556,20710400,SBIN.NS
2013-12-12,153.32118225097656,155.13308671948965,152.85095284736184,154.44283677122644,15817310,SBIN.NS
2013-12-13,150.43939208984375,152.71720754009613,150.13740364492344,151.68183927460356,16462210,SBIN.NS
2013-12-16,149.44715881347656,152.01832605263445,149.03731925549573,149.2745864740608,13021320,SBIN.NS
2013-12-17,148.25650024414062,151.42300829647252,147.76901095996635,151.0088635840314,17632770,SBIN.NS
2013-12-18,152.14773559570312,153.48509217610987,147.9717432037643,147.9717432037643,23581260,SBIN.NS
2013-12-19,149.35653686523438,153.44193769520228,147.75602997864448,152.91562371873457,18373200,SBIN.NS
2013-12-20,151.09510803222656,151.68182499888658,148.40746642015785,148.83455266269013,15023660,SBIN.NS
2013-12-23,151.72067260742188,152.95880160323333,150.56019327365473,150.56019327365473,13320010,SBIN.NS
2013-12-24,151.78970336914062,152.88977977663052,151.16416146500845,151.78106685171184,13339310,SBIN.NS
2013-12-26,151.28924560546875,152.86386940203948,150.73273011250586,151.25042078020445,16332130,SBIN.NS
2013-12-27,152.725830078125,153.70080854869497,151.4229931105716,151.4229931105716,10695570,SBIN.NS
2013-12-30,152.25128173828125,154.33064141990522,151.43160265699197,153.64902810356102,10861570,SBIN.NS
2013-12-31,152.4152374267578,152.97607129686043,150.9657243138139,151.80696853625614,10753080,SBIN.NS
2014-01-01,152.29010009765625,153.13996745210486,151.96222847906085,152.88974548041259,5904780,SBIN.NS
2014-01-02,150.3531036376953,155.82332314135985,149.4557879986414,152.3634503484938,19451900,SBIN.NS
2014-01-03,148.37295532226562,149.7836565467746,147.62663391888572,149.00712050148184,13759590,SBIN.NS
2014-01-06,145.65512084960938,148.7482841116569,145.12448851163884,148.56710157263817,13907830,SBIN.NS
2014-01-07,143.34710693359375,146.85010986076318,142.79490962239595,146.06495040041904,17352910,SBIN.NS
2014-01-08,142.98040771484375,144.77505223358983,142.44978854099244,143.5930079723486,14248790,SBIN.NS
2014-01-09,141.4834442138672,143.4635896820157,140.63789491236898,142.6223586393091,14791100,SBIN.NS
2014-01-10,138.75267028808594,142.88121566865672,138.0494786497459,141.46189077997022,20473070,SBIN.NS
2014-01-13,141.60855102539062,141.94072780690334,138.92521405588587,138.92521405588587,15564850,SBIN.NS
2014-01-14,140.4221649169922,142.27719900303,140.0641049743514,141.06927166776174,10197000,SBIN.NS
2014-01-15,141.5611114501953,143.05376767657415,140.81045849536812,140.81045849536812,13624980,SBIN.NS
2014-01-16,141.17282104492188,142.51449604444318,140.84926763169796,141.8587527011059,7241970,SBIN.NS
2014-01-17,139.90879821777344,141.88894337608676,139.51621852643507,141.0304525979657,11207380,SBIN.NS
2014-01-20,141.66029357910156,142.00973017091866,139.48601121246813,139.9087923620809,9468650,SBIN.NS
2014-01-21,143.1831512451172,144.32206544712963,142.03561369263636,142.69998031047695,12351890,SBIN.NS
2014-01-22,142.0917205810547,143.04943924947656,141.09085882271023,142.70862595413755,9821920,SBIN.NS
2014-01-23,143.07962036132812,143.48514165111305,141.1685015551546,141.4143921184074,9241310,SBIN.NS
2014-01-24,139.8786163330078,143.6491013019386,139.60252424876185,142.27722473645866,16616560,SBIN.NS
2014-01-27,137.57492065429688,138.39458673945,136.58700046020758,137.8682726148067,15688040,SBIN.NS
2014-01-28,137.73023986816406,140.46534351306465,136.17286238155174,138.312625558761,18296910,SBIN.NS
2014-01-29,135.7759552001953,139.93036984878722,135.46102514740272,139.17110681318664,17594550,SBIN.NS
2014-01-30,130.85362243652344,134.42565134288856,130.28848356738922,134.1668059972694,20955320,SBIN.NS
2014-01-31,131.47914123535156,132.7862963090365,130.54300086783678,132.05291657775626,13174950,SBIN.NS
2014-02-03,128.41619873046875,131.92350667774042,128.12715188796943,131.57838830246018,14150230,SBIN.NS
2014-02-04,130.7500762939453,131.31953342076557,126.5568238276326,127.17804739045087,18002040,SBIN.NS
2014-02-05,131.2936553955078,132.00116515658593,129.51627080703386,131.05206990768156,13227190,SBIN.NS
2014-02-06,129.83981323242188,132.69139066550488,128.85621149645692,131.32816402749674,16116300,SBIN.NS
2014-02-07,131.802734375,132.41533472638397,129.72337411844117,131.1513223532053,18203400,SBIN.NS
2014-02-10,130.63792419433594,132.2556911974397,130.05120718185776,132.0399889303592,10494640,SBIN.NS
2014-02-11,131.12112426757812,131.79411443700118,130.6724597661546,130.7112846029954,7118720,SBIN.NS
2014-02-12,132.22549438476562,132.87260120883462,130.97872891765678,131.75958326422165,15539930,SBIN.NS
2014-02-13,129.4687957763672,132.5102053442581,129.0805343666463,132.26861988196865,13251910,SBIN.NS
2014-02-14,127.27297973632812,130.69833329698014,125.54736134468173,129.61982180220113,45823350,SBIN.NS
2014-02-17,127.1435546875,128.11853322319445,126.25054407288195,126.83294287221645,16601150,SBIN.NS
2014-02-18,129.5033416748047,130.26692304038644,126.92785581053236,127.43691005425353,13981720,SBIN.NS
2014-02-19,130.11590576171875,130.71556433997398,129.24879166363266,129.41272748115338,9753850,SBIN.NS
2014-02-20,127.74749755859375,129.51194037165865,127.38080110302114,129.1625037822856,10363320,SBIN.NS
2014-02-21,129.6025390625,129.85274786693392,128.127129955081,128.127129955081,9430050,SBIN.NS
2014-02-24,130.3273162841797,130.92265666551813,128.4895287009909,129.48607215134544,10295950,SBIN.NS
2014-02-25,129.93905639648438,131.23327005316082,129.34371600794566,130.88813851212714,9445490,SBIN.NS
2014-02-26,131.18148803710938,132.42393523115283,129.8786510528837,130.28417237775682,31769610,SBIN.NS
2014-02-28,132.29019165039062,132.8208239424244,130.97441314820878,131.94075504711162,13109410,SBIN.NS
2014-03-03,131.00462341308594,134.4774247193261,130.72419992769682,132.0097902058547,16179310,SBIN.NS
2014-03-04,133.76559448242188,134.1538558935551,130.71556155314755,130.97440688237648,17249460,SBIN.NS
2014-03-05,136.03048706054688,136.49639818585356,132.8726025671078,134.59822078226503,25001030,SBIN.NS
2014-03-06,136.0994873046875,136.62580128613334,134.77075416084475,136.62580128613334,22604310,SBIN.NS
2014-03-07,142.33328247070312,143.61024926034443,136.52226337214213,136.6689393212049,51525570,SBIN.NS
2014-03-10,146.00022888183594,147.62663235187,141.5006828875222,141.84580123815257,44180640,SBIN.NS
2014-03-11,145.79566955566406,149.9132665006702,145.03395941644993,147.11887260250097,25625230,SBIN.NS
2014-03-12,143.21022033691406,145.7260398201364,142.54862539184649,144.44636560129325,17206710,SBIN.NS
2014-03-13,143.81954956054688,147.64115666140367,143.01865426734847,143.63673332808114,29306490,SBIN.NS
2014-03-14,143.99801635742188,145.27334672301686,142.2439074383538,142.41802322125596,17043720,SBIN.NS
2014-03-18,148.10256958007812,148.77286493186975,144.072030576772,144.072030576772,29193580,SBIN.NS
2014-03-19,148.7598114013672,149.68692359622554,147.68906827976514,148.85992666030248,17798490,SBIN.NS
2014-03-20,146.06988525390625,148.51171720128318,145.59545025363718,148.51171720128318,14052620,SBIN.NS
2014-03-21,148.17652893066406,149.01658304373169,147.03178550913773,147.81526660953097,16902930,SBIN.NS
2014-03-24,150.2179412841797,151.4628001795807,148.94262407868388,148.94262407868388,16494770,SBIN.NS
2014-03-25,151.7674560546875,152.1417890344048,150.4355527199494,150.8447008850696,16789650,SBIN.NS
2014-03-26,153.86544799804688,154.43128450202744,151.60643229576135,152.70329011340996,20279380,SBIN.NS
2014-03-27,159.9155731201172,161.37806324622673,154.95357914132637,154.95357914132637,48585150,SBIN.NS
2014-03-28,165.5696563720703,166.7883871454222,161.61310503024862,161.61310503024862,33298740,SBIN.NS
2014-03-31,166.94073486328125,168.77754481586175,164.11152603907527,166.7056891801367,25924470,SBIN.NS
2014-04-01,164.8471221923828,168.32051161826686,162.5706924531989,167.83737617725905,22272160,SBIN.NS
2014-04-02,168.4380340576172,168.8819974132059,164.33785188407336,167.14094589348215,19202730,SBIN.NS
2014-04-03,165.06912231445312,168.70792760289618,163.9722644264656,168.35970926158717,20425470,SBIN.NS
2014-04-04,165.64364624023438,166.47064308400908,162.80138006752537,165.31284218945675,20800500,SBIN.NS
2014-04-07,167.3498992919922,167.63717442523773,165.2606292183438,166.24432770947215,22630300,SBIN.NS
2014-04-09,172.79937744140625,173.4087428664296,168.01584225101044,168.01584225101044,26631730,SBIN.NS
2014-04-10,176.54696655273438,177.5872511892985,173.25203671778817,173.66988535424048,28796540,SBIN.NS
2014-04-11,173.59591674804688,176.6906432341482,172.74716196425584,175.4109690966948,20895560,SBIN.NS
2014-04-15,170.97561645507812,174.518662790762,169.5479546930362,173.66989483357077,16863520,SBIN.NS
2014-04-16,170.57081604003906,173.63941396781186,169.761220192602,171.14536621781133,19376260,SBIN.NS
2014-04-17,175.61117553710938,176.0203237481817,170.86245544392878,171.24548894222377,21513800,SBIN.NS
2014-04-21,180.38168334960938,180.96493412727284,176.0203399499668,176.0203399499668,18872420,SBIN.NS
2014-04-22,178.33154296875,180.808189709212,177.60466142983037,180.54702933611344,18364100,SBIN.NS
2014-04-23,179.78097534179688,180.89524720029783,177.66124733975144,178.02250966881292,23265390,SBIN.NS
2014-04-24,179.78097534179688,179.78097534179688,179.78097534179688,179.78097534179688,0,SBIN.NS
2014-04-25,181.5263671875,183.81585404056923,177.839690298227,179.32829509726918,22655730,SBIN.NS
2014-04-28,183.3501434326172,184.464415416372,180.3250741866838,181.06937004136435,16889200,SBIN.NS
2014-04-29,179.83323669433594,184.97804779905118,179.32833009329667,184.52972750514476,16514320,SBIN.NS
2014-04-30,180.9474639892578,183.48939731925134,178.79726454913356,180.19445451237328,22114870,SBIN.NS
2014-05-02,178.3011016845703,183.2282676436869,177.5959646249404,182.37515607441628,15446470,SBIN.NS
2014-05-05,177.9833526611328,180.18578185550354,177.1519989345603,178.84952157484236,13172760,SBIN.NS
2014-05-06,178.6492919921875,179.65474815116744,177.64819271248658,179.31088676733896,9841880,SBIN.NS
2014-05-07,180.70375061035156,181.50463276767218,177.93547160621503,178.60578020430884,19519520,SBIN.NS
2014-05-08,182.09225463867188,183.15864087781918,180.30767391791352,181.63522057917658,19363440,SBIN.NS
2014-05-09,189.18701171875,190.2272963975751,181.0693615096277,181.0693615096277,27635400,SBIN.NS
2014-05-12,195.23284912109375,197.1567039393422,190.47107134132284,190.47107134132284,26436870,SBIN.NS
2014-05-13,198.140380859375,202.3101936597052,196.77364895682888,198.47988539517155,32756640,SBIN.NS
2014-05-14,198.70187377929688,201.6007263317689,197.36997034750834,198.65398795231374,28870930,SBIN.NS
2014-05-15,198.4145965576172,200.48209534237023,197.81393162747653,199.3504091403978,21093980,SBIN.NS
2014-05-16,210.42349243164062,218.24081021034058,200.30798712695264,204.57355813218587,79653680,SBIN.NS
2014-05-19,223.55970764160156,225.88402299917348,213.1917431463561,213.1917431463561,36044700,SBIN.NS
2014-05-20,219.951416015625,227.64251802365808,218.5368114581166,227.2681982705163,23419880,SBIN.NS
2014-05-21,214.0884246826172,220.24304907010296,213.45294450537864,220.0689465496066,23542300,SBIN.NS
2014-05-22,218.64559936523438,220.93944327238262,215.1069232650073,215.45512826003872,20116860,SBIN.NS
2014-05-23,239.69927978515625,241.74502068952233,217.3920565843495,219.37249742842167,89947940,SBIN.NS
2014-05-26,235.20738220214844,246.7853654133633,228.86124129912145,246.70702127460257,43472930,SBIN.NS
2014-05-27,228.89169311523438,235.04195985679422,227.7904918215124,234.7982137018185,21141040,SBIN.NS
2014-05-28,227.22463989257812,230.3324234448063,225.47925793981753,229.55766927977552,22103120,SBIN.NS
2014-05-29,227.77186584472656,231.37480264629943,225.8938048768299,227.898838766027,38177620,SBIN.NS
2014-05-30,222.5885772705078,229.39603046415886,221.60357523130102,227.90321690815725,23614930,SBIN.NS
2014-06-02,231.5586395263672,232.17154032254004,221.22706074442507,223.1795497769624,22338560,SBIN.NS
2014-06-03,231.6024169921875,235.35418338483473,229.51423091451716,233.43671068063668,31312470,SBIN.NS
2014-06-04,234.88137817382812,235.8488518330203,229.59738697095733,229.59738697095733,19581210,SBIN.NS
2014-06-05,236.2165985107422,238.41422904385163,233.86134736515064,235.04335499938853,21508380,SBIN.NS
2014-06-06,239.88519287109375,241.18976466617602,237.7444489115984,239.46491575809912,23003760,SBIN.NS
2014-06-09,237.0878143310547,241.78517124289687,236.14657943585243,241.2160642755173,16762200,SBIN.NS
2014-06-10,233.40609741210938,238.01153823131844,232.11902686894112,237.62629080888078,15604840,SBIN.NS
2014-06-11,236.16842651367188,239.3554677900853,233.24845051072296,234.91200397351702,20880260,SBIN.NS
2014-06-12,236.51429748535156,237.27602806040025,233.78256298729218,236.14655166297206,17608610,SBIN.NS
2014-06-13,228.33660888671875,237.27604195251178,226.41913615179917,237.10091979448018,18537170,SBIN.NS
2014-06-16,225.95071411132812,228.95386946814705,223.00884082304367,228.59926980321526,17379420,SBIN.NS
2014-06-17,232.31163024902344,233.97956600614646,223.5735846081955,224.5016733028739,22808210,SBIN.NS
2014-06-18,231.28286743164062,235.02587002936076,228.2271806097188,231.14715710138054,25021300,SBIN.NS
2014-06-19,228.12208557128906,233.6293216796217,227.242146220847,231.7600250375236,21446630,SBIN.NS
2014-06-20,226.16522216796875,229.72436501556774,224.80811893205973,228.25781710837927,15397210,SBIN.NS
2014-06-23,227.66241455078125,229.79439457938423,224.7555844300683,226.24401590636015,17948990,SBIN.NS
2014-06-24,233.17845153808594,234.10654023795647,227.66242392501024,227.66242392501024,17354830,SBIN.NS
2014-06-25,235.6912841796875,236.7769667386961,231.77754177307042,233.24847170202844,23118070,SBIN.NS
2014-06-26,232.24595642089844,237.93707888398927,231.09897849285122,236.40047154377262,17973090,SBIN.NS
2014-06-27,231.05519104003906,233.76504203414666,230.09645469879868,232.50423734649112,10927310,SBIN.NS
2014-06-30,235.19659423828125,237.0090043739892,231.63306939442415,232.02269882976094,15140470,SBIN.NS
2014-07-01,234.66688537597656,237.18849497011297,234.3429334122658,236.31293756769847,9828620,SBIN.NS
2014-07-02,236.59750366210938,238.93960901819392,235.73068366693815,236.40487996539258,16497960,SBIN.NS
2014-07-03,236.06777954101562,238.19537758886545,234.4086079038464,236.40049562485538,14368590,SBIN.NS
2014-07-04,236.234130859375,237.68755929379256,232.90264149343975,236.48804997716653,15306300,SBIN.NS
2014-07-07,235.06089782714844,237.6043910224531,234.21160607464284,236.14658046008242,13937420,SBIN.NS
2014-07-08,225.4735107421875,236.13781917450189,224.14267323899097,234.91201755431507,17690110,SBIN.NS
2014-07-09,226.09080505371094,228.94948594512573,222.87312907769146,226.76935666500464,18223190,SBIN.NS
2014-07-10,222.89064025878906,232.1934370715082,219.32711544340216,226.16959824841925,37386490,SBIN.NS
2014-07-11,212.3445281982422,222.71550545426624,211.18441745122908,221.64732448269157,22975720,SBIN.NS
2014-07-14,211.1012420654297,213.71478117734162,207.1918818719501,211.88486960081215,16142970,SBIN.NS
2014-07-15,220.43031311035156,221.06509753159338,212.5108985013358,212.5108985013358,20244400,SBIN.NS
2014-07-16,225.32907104492188,226.45416544414385,222.03696686415998,222.2164577237979,21653240,SBIN.NS
2014-07-17,227.84188842773438,229.64991626834367,221.78740262346778,223.87998389546905,16169410,SBIN.NS
2014-07-18,224.361572265625,226.3315763147866,222.18581170359764,226.0338900204112,13962750,SBIN.NS
2014-07-21,220.92063903808594,226.06892057958427,219.99253701602208,224.23024478335057,12814270,SBIN.NS
2014-07-22,221.0081787109375,223.1795571394702,219.19139993077593,221.34089477012805,10256470,SBIN.NS
2014-07-23,222.4221954345703,225.27652069981173,220.37776332023225,222.56665650648793,15629540,SBIN.NS
2014-07-24,223.88876342773438,225.1014054806388,221.5291300876,223.17955079122078,12997790,SBIN.NS
2014-07-25,218.93746948242188,224.75556471525525,217.4096263022956,222.6104386889017,13895680,SBIN.NS
2014-07-28,217.983154296875,221.6911405803794,216.70046585687695,219.34465305983468,12536680,SBIN.NS
2014-07-30,216.21885681152344,219.47593079904198,212.78667404875037,218.1013128853535,24264520,SBIN.NS
2014-07-31,213.57034301757812,217.31334558577524,213.11066736327334,215.12445206988318,18349440,SBIN.NS
2014-08-01,213.39080810546875,217.57597057530492,211.0092913828913,211.44706999571886,20333530,SBIN.NS
2014-08-04,215.5096893310547,216.17510811901138,213.71479406044625,214.77422435069016,13946260,SBIN.NS
2014-08-05,216.6041259765625,217.48843406473932,213.77169749736922,216.83614813316032,17961890,SBIN.NS
2014-08-06,212.43209838867188,215.7986174102936,211.981186895578,214.9493257266108,12928410,SBIN.NS
2014-08-07,213.2945098876953,214.4239729024925,210.59779185739248,211.4470834892712,15579810,SBIN.NS
2014-08-08,211.7053985595703,214.108799331832,209.25821724560285,211.18444084114648,32789900,SBIN.NS
2014-08-11,211.39892578125,213.63158607173605,210.57151777058448,212.7604108867028,12536370,SBIN.NS
2014-08-12,212.68600463867188,213.53967838622353,210.30886967510702,211.8848755536937,12331020,SBIN.NS
2014-08-13,207.41514587402344,213.31202469739887,205.9748504056418,212.32264069444477,20923880,SBIN.NS
2014-08-14,206.85043334960938,208.68910921225077,205.76473737662786,208.47021986479086,15800260,SBIN.NS
2014-08-18,211.9899444580078,212.69477508240632,206.10619790975144,206.19375899003097,16556210,SBIN.NS
2014-08-19,213.83299255371094,215.5622102506697,212.7035161254717,213.1281619615246,15948060,SBIN.NS
2014-08-20,211.4252166748047,214.36270784659874,210.8779933304346,214.07377231757795,16065950,SBIN.NS
2014-08-21,216.04815673828125,216.86680071749825,211.01807071120552,211.3595375410379,27963970,SBIN.NS
2014-08-22,221.0519561767578,223.17955403741246,217.11633032475544,217.11633032475544,26474960,SBIN.NS
2014-08-25,219.42779541015625,225.66612775190248,218.16260871121574,221.51599474072114,26784130,SBIN.NS
2014-08-26,218.53909301757812,219.67730674459017,215.84674380960618,218.87617774627714,14312180,SBIN.NS
2014-08-27,219.3271026611328,221.97565813771376,216.61286969939266,219.7692633708214,14200130,SBIN.NS
2014-08-28,215.4484100341797,220.96879287988102,214.77422711353367,219.94001029057108,14700480,SBIN.NS
2014-09-01,219.2702178955078,220.37342878277377,216.51658609952264,216.87556784410745,15193550,SBIN.NS
2014-09-02,220.8155517578125,221.8662178618576,219.2395459217727,220.39090592643436,16508080,SBIN.NS
2014-09-03,219.3271026611328,221.45470047776703,218.3114529913254,220.88997564097298,15715840,SBIN.NS
2014-09-04,217.67669677734375,219.67733518138,216.78800659578604,219.41467866264964,12428860,SBIN.NS
2014-09-05,220.26834106445312,221.51601297950853,217.67231668789827,218.10134460562065,16913550,SBIN.NS
2014-09-08,224.6592559814453,225.19335985631943,221.33213539794863,222.1464106760942,17875080,SBIN.NS
2014-09-09,224.78619384765625,226.76057986295206,223.44222352623638,224.75557285521418,12975200,SBIN.NS
2014-09-10,223.2627410888672,224.39659960828632,221.13076108970486,223.1795620722311,16289770,SBIN.NS
2014-09-11,227.91632080078125,228.42415900276583,224.4272377525257,224.4272377525257,15981320,SBIN.NS
2014-09-12,230.30662536621094,231.23471407015597,226.5504766486122,228.08270209454486,16374410,SBIN.NS
2014-09-15,229.6805877685547,231.48861579644006,227.16336043945253,228.85317967717202,17437540,SBIN.NS
2014-09-16,224.41409301757812,231.49734848157235,223.26711507380966,230.18401251054993,15687360,SBIN.NS
2014-09-17,224.34841918945312,226.59860793593796,222.12452281391066,226.1914769846687,13044950,SBIN.NS
2014-09-18,229.43106079101562,230.0964662229066,222.74178965649182,223.61734702677668,20121200,SBIN.NS
2014-09-19,224.84312438964844,230.43794887074856,223.70491048414334,229.92137322317987,15558510,SBIN.NS
2014-09-22,227.78060913085938,229.83379207552963,222.59292943773715,223.35467337623524,14346980,SBIN.NS
2014-09-23,223.80995178222656,229.8075246052483,223.19268228520465,228.51169018769653,19379150,SBIN.NS
2014-09-24,217.69418334960938,225.29840968311953,215.01061146134677,223.29775805658397,23106290,SBIN.NS
2014-09-25,208.1812744140625,218.88058627743882,206.83290861631872,218.45155836725763,28369080,SBIN.NS
2014-09-26,214.09564208984375,215.39584520655097,205.76034626551106,206.62277073497606,28118450,SBIN.NS
2014-09-29,214.4852752685547,216.96310405869056,212.4102087193362,214.59910199402043,13845560,SBIN.NS
2014-09-30,214.1350860595703,216.78802399118265,211.91116271627232,213.29016299003976,18632180,SBIN.NS
2014-10-01,212.17819213867188,214.86176414155537,211.2019409029452,214.07376788595303,10544750,SBIN.NS
2014-10-07,207.19189453125,212.18695090688053,206.57462498509983,210.54089878381345,13002440,SBIN.NS
2014-10-08,211.1187744140625,211.86737223729654,205.41013652426923,205.41013652426923,13589310,SBIN.NS
2014-10-09,217.0988311767578,218.75801614817672,212.4102251602622,212.4102251602622,17279230,SBIN.NS
2014-10-10,214.6166229248047,218.29397464670345,213.03624825037238,214.9318241192547,12525220,SBIN.NS
2014-10-13,217.6154022216797,218.39902979888532,212.86550087641245,213.37332574790105,13926640,SBIN.NS
2014-10-14,220.9512939453125,222.7418073062293,218.21955900874747,219.28774015393176,17315970,SBIN.NS
2014-10-15,220.9512939453125,220.9512939453125,220.9512939453125,220.9512939453125,0,SBIN.NS
2014-10-16,215.94744873046875,223.68737194113302,214.72167387265094,218.91120533737276,19073950,SBIN.NS
2014-10-17,220.8068084716797,221.9494043915363,216.70919315921424,217.83866961326825,14633000,SBIN.NS
2014-10-20,224.9700927734375,227.09769075014958,223.50790022226556,225.63114285687578,18824230,SBIN.NS
2014-10-21,226.2571563720703,228.2578080904041,224.98320548556993,225.89379259620893,15022310,SBIN.NS
2014-10-22,225.4779052734375,228.8356602895589,224.58922844153378,228.43291138287844,14511170,SBIN.NS
2014-10-27,227.4522705078125,229.3872446267686,225.9813406812727,226.9444590390861,13429580,SBIN.NS
2014-10-28,232.61367797851562,233.27472802369192,228.17024065585264,228.34533608616954,22963480,SBIN.NS
2014-10-29,231.4754638671875,234.56179804143895,230.35913364074193,234.38670261134493,17372970,SBIN.NS
2014-10-30,230.97201538085938,232.2897334514684,229.57114501412462,232.01393075204373,15544270,SBIN.NS
2014-10-31,236.6456298828125,237.25853069088834,231.67247074946647,232.1978104821188,20770240,SBIN.NS
2014-11-03,238.45362854003906,240.2091250147465,235.89698973959108,236.92578548944894,17780640,SBIN.NS
2014-11-05,243.57130432128906,245.13855947857928,238.50620178303305,239.28981600173307,26605100,SBIN.NS
2014-11-07,240.12159729003906,243.49249834802472,239.0271506296469,242.96715860705865,18163030,SBIN.NS
2014-11-10,239.85894775390625,242.44182591560087,239.28981409804223,241.56626856182848,12068890,SBIN.NS
2014-11-11,239.93333435058594,241.87269045408476,236.83823626363773,240.59438434990477,17405950,SBIN.NS
2014-11-12,240.43243408203125,242.6607125595005,239.51308283884487,241.0409261290299,16233230,SBIN.NS
2014-11-13,238.0902862548828,241.85081655319777,235.9626884636975,241.31233065304258,16859020,SBIN.NS
2014-11-14,244.0922393798828,245.76017492859006,238.1515800318919,239.02713731142094,50846690,SBIN.NS
2014-11-17,257.46636962890625,258.4032223240371,244.47310290053514,244.63069679694385,49164120,SBIN.NS
2014-11-18,257.91729736328125,260.8285092977254,256.02170836375603,258.89791724519455,32898390,SBIN.NS
2014-11-19,254.83091735839844,259.86537135690907,254.22242539960467,258.2018179883349,20735930,SBIN.NS
2014-11-20,260.1280822753906,261.57274649363717,255.00606666534503,258.07051725188137,18099509,SBIN.NS
2014-11-21,267.4827880859375,268.79612419765243,260.25943947150546,262.5796612582235,21009207,SBIN.NS
2014-11-24,270.4158935546875,271.2914509068348,267.964316936741,269.4965423029988,18631463,SBIN.NS
2014-11-25,266.56341552734375,271.3789804037328,263.54273232601776,271.33518650928806,26776620,SBIN.NS
2014-11-26,268.139404296875,270.328297393176,265.8191829587732,266.95739668089516,11131807,SBIN.NS
2014-11-27,267.78924560546875,270.1094674535549,266.03813074353326,268.7961313071032,15378080,SBIN.NS
2014-11-28,281.4040832519531,282.3672015313862,269.6716219276494,270.0218394692926,27760604,SBIN.NS
2014-12-01,279.828125,286.26347665020984,278.07701035884844,282.6298923939092,18449916,SBIN.NS
2014-12-02,279.0401306152344,282.62989427760937,272.7798743554824,279.2152260485832,23776383,SBIN.NS
2014-12-03,278.3834533691406,282.71744595891505,276.98255634945957,279.8718847426425,13699078,SBIN.NS
2014-12-04,280.44097900390625,281.05387977236154,274.96874614229483,280.04699426980244,13809486,SBIN.NS
2014-12-05,278.0332336425781,281.31657379763874,276.67613039977596,280.1783598985073,11391988,SBIN.NS
2014-12-08,273.9619140625,278.95260209343206,273.4365742613663,278.95260209343206,9814223,SBIN.NS
2014-12-09,268.402099609375,275.27523027005196,267.4827750638873,273.78679878117237,14926558,SBIN.NS
2014-12-10,276.63232421875,277.726770782806,265.5565036145938,265.73162575279747,15381613,SBIN.NS
2014-12-11,274.9687194824219,278.90872676077464,271.8167350356472,274.57473478651724,13151866,SBIN.NS
2014-12-12,272.6047668457031,277.46409910406106,270.5472018758092,274.6185379192831,11727933,SBIN.NS
2014-12-15,271.9043273925781,276.6761256913502,269.27765531322984,269.9343233330669,15117938,SBIN.NS
2014-12-16,258.8147277832031,272.2983040548012,256.53827359503777,269.7591933802611,20951938,SBIN.NS
2014-12-17,264.1994323730469,268.2707687375516,251.28496136226826,257.76408045759615,28290440,SBIN.NS
2014-12-18,268.8836669921875,273.69923240757385,266.60721254275416,272.12321314878625,18921827,SBIN.NS
2014-12-19,266.3007507324219,273.1738809660913,265.7316438243869,272.7798694882809,14130478,SBIN.NS
2014-12-22,269.40899658203125,270.2407599995597,265.60031691683406,268.18319496480825,11565161,SBIN.NS
2014-12-23,268.9712219238281,273.61166507555384,268.1394317740428,269.321439511147,12836868,SBIN.NS
2014-12-24,267.70166015625,271.37901171961477,267.04499214278417,267.92054949407196,14866629,SBIN.NS
2014-12-26,269.365234375,271.24767748021975,267.96433716185095,268.66479912837144,7373519,SBIN.NS
2014-12-29,269.2776794433594,271.59792803061464,268.79613354028334,270.98502713588823,7699059,SBIN.NS
2014-12-30,271.2038269042969,272.07938405330185,267.92048759552813,269.8467240112926,8113742,SBIN.NS
2014-12-31,273.04254150390625,274.00565985021154,271.42275520146836,271.46652237725556,6305857,SBIN.NS
2015-01-01,274.9250183105469,275.8005756937015,272.035689634093,273.56791505461354,6138488,SBIN.NS
2015-01-02,276.01947021484375,278.6899095955796,275.23147389920786,275.23147389920786,9935094,SBIN.NS
2015-01-05,273.83056640625,277.3765630530511,273.2614594619337,276.8950171893735,9136716,SBIN.NS
2015-01-06,262.5796203613281,272.38587248942787,261.52896766753076,271.42275414686475,15329257,SBIN.NS
2015-01-07,262.7984924316406,264.8998244012117,258.4207063617486,262.667164193521,15046745,SBIN.NS
2015-01-08,266.91363525390625,268.35829938459307,264.72474211047563,267.0449634985347,8939749,SBIN.NS
2015-01-09,265.468994140625,269.54033039643247,264.4183146527247,268.5334448071301,11953948,SBIN.NS
2015-01-12,268.8836669921875,269.4965411040301,263.6303229026751,266.300762126888,8536142,SBIN.NS
2015-01-13,267.1325378417969,272.0794312477788,266.3007477180076,269.80297692151885,9484804,SBIN.NS
2015-01-14,266.7823486328125,268.7961199510036,264.63722232961186,266.16944776907195,8855660,SBIN.NS
2015-01-15,280.44097900390625,283.4178950565325,274.92497896735676,280.0907614447405,30729523,SBIN.NS
2015-01-16,276.194580078125,280.4410119009522,274.1370149368197,280.1783553807388,21598514,SBIN.NS
2015-01-19,274.18072509765625,278.38341558630054,273.6116182756199,277.1576141605181,9975658,SBIN.NS
2015-01-20,278.5585632324219,280.0032275038803,274.92500560424185,274.92500560424185,13104643,SBIN.NS
2015-01-21,285.6068420410156,286.83261708911044,279.30281790811085,280.0908142447509,22617660,SBIN.NS
2015-01-22,284.24969482421875,286.832599753654,281.7543509757609,286.2196989067028,12232626,SBIN.NS
2015-01-23,286.7012634277344,291.16658451318426,284.24968682877847,287.4016986160705,17127278,SBIN.NS
2015-01-27,288.9776306152344,290.81630599931634,282.45474579060146,288.40852380394057,13734088,SBIN.NS
2015-01-28,292.96148681640625,294.1872617296352,287.35792527029577,289.2841353568302,19428852,SBIN.NS
2015-01-29,286.3072204589844,292.085903647088,284.64366702965265,291.3854418158679,14911660,SBIN.NS
2015-01-30,270.50347900390625,289.3717309545922,268.7961313254457,287.7957382666996,30252827,SBIN.NS
2015-02-02,269.23382568359375,273.08627182907327,267.13249385150345,270.984939996983,17639807,SBIN.NS
2015-02-03,262.92987060546875,273.1739026425195,261.83542388013814,273.1739026425195,23743882,SBIN.NS
2015-02-04,256.5821228027344,265.25016370282003,255.57523698986546,265.03127432089656,21477507,SBIN.NS
2015-02-05,254.612060546875,260.7409618489514,253.21119019659744,256.66962561369274,15722348,SBIN.NS
2015-02-06,254.1742706298828,258.15807233179896,250.14672847130456,254.78717142091236,15985714,SBIN.NS
2015-02-09,244.7183074951172,256.3632109026343,243.40497131893588,253.47388200299258,17088719,SBIN.NS
2015-02-10,251.54759216308594,254.61204259809688,241.39114924010238,242.96714163301024,22589681,SBIN.NS
2015-02-11,250.3656463623047,256.97609396894984,248.39564223477439,254.6120783279571,17366588,SBIN.NS
2015-02-12,248.9208984375,253.03602791859373,243.66755529732157,252.94846685561376,20957180,SBIN.NS
2015-02-13,268.7522888183594,269.6278460039935,249.84024826468453,252.1604694626381,70540056,SBIN.NS
2015-02-16,268.5334167480469,274.18074492572566,266.7823022644467,271.94808464708996,21372131,SBIN.NS
2015-02-18,267.65789794921875,269.58410812590336,264.4183250013127,268.62098967761585,13472484,SBIN.NS
2015-02-19,264.7247314453125,269.0587236627661,259.86537283073693,268.00807102818004,17762135,SBIN.NS
2015-02-20,264.68096923828125,268.35832069927756,260.0842932719804,264.3307516514933,15792502,SBIN.NS
2015-02-23,259.646484375,266.6947360678885,257.7640416853055,265.4689612969167,12440505,SBIN.NS
2015-02-24,259.3838806152344,261.79166347326606,255.75032273709206,259.9529875831545,15046698,SBIN.NS
2015-02-25,258.77093505859375,263.23628238635524,258.28938925810115,261.7916182649907,12845169,SBIN.NS
2015-02-26,253.3862762451172,260.040517042022,252.20426855094854,260.040517042022,18707345,SBIN.NS
2015-02-27,262.5796203613281,263.54273870389125,253.9991697891564,255.00605530733665,18316053,SBIN.NS
2015-03-02,264.4183349609375,267.8330034790376,259.77789142606963,267.8330034790376,15085595,SBIN.NS
2015-03-03,264.9436340332031,267.3951836900262,262.4045233058033,265.7316302286186,14387971,SBIN.NS
2015-03-04,257.28253173828125,275.8005642817953,255.6627453024896,274.925006934869,38674148,SBIN.NS
2015-03-05,257.23870849609375,259.38383443932725,253.69271233348547,258.07049856874835,16803823,SBIN.NS
2015-03-09,254.4807586669922,257.41388136667933,252.77343773067898,255.66276652745023,13199803,SBIN.NS
2015-03-10,251.81027221679688,256.7571653701471,249.6213790763864,254.56827222973666,14064427,SBIN.NS
2015-03-11,249.6652069091797,254.69966235528057,248.43943179671643,252.64209695941716,16329314,SBIN.NS
2015-03-12,251.1536102294922,253.43006449347087,250.49694227179953,252.29182400153772,9969794,SBIN.NS
2015-03-13,245.812744140625,254.83097482274286,245.15607607969724,253.9116502254007,13414248,SBIN.NS
2015-03-16,246.60073852539062,248.52697551021436,245.15607414671865,246.46941025821891,15132928,SBIN.NS
2015-03-17,247.8702850341797,248.65828128582595,244.71827330770546,248.570720209001,11350496,SBIN.NS
2015-03-18,251.54759216308594,252.55450439621367,246.90714933516716,248.74582494015118,12394230,SBIN.NS
2015-03-19,246.55694580078125,254.17427842642675,245.68138848381818,253.91162191929337,11046649,SBIN.NS
2015-03-20,243.6238250732422,247.25738261894614,242.354256267205,246.73204288127943,11482652,SBIN.NS
2015-03-23,240.5594024658203,245.15607894605893,239.50872286809465,244.6307391471961,13058026,SBIN.NS
2015-03-24,236.8820343017578,242.004050228585,235.52493107460006,239.727595736674,17585259,SBIN.NS
2015-03-25,232.37290954589844,238.23915433243047,232.02269195861797,238.06403217884565,15824629,SBIN.NS
2015-03-26,224.71177673339844,232.81068179560663,223.44222131455464,231.5849069139528,22253318,SBIN.NS
2015-03-27,230.7969207763672,231.9789285324609,224.14267963084845,227.51358074271218,19423101,SBIN.NS
2015-03-30,234.5618133544922,235.83138222502683,230.40291585983846,232.11026341402086,12303870,SBIN.NS
2015-03-31,233.8175811767578,237.58249383860482,232.8982566411304,235.43736762895418,19482636,SBIN.NS
2015-04-01,239.421142578125,240.47179525443272,230.4028868004669,233.46733719949995,12383589,SBIN.NS
2015-04-06,240.47181701660156,241.4349354302923,237.45116023898123,241.1722789174173,12925445,SBIN.NS
2015-04-07,238.19537353515625,241.96028628519167,236.66314812662677,241.0409350081396,12933524,SBIN.NS
2015-04-08,239.81512451171875,242.83580770059402,238.02024284405394,238.06401001843145,9913899,SBIN.NS
2015-04-09,245.90029907226562,246.732062563357,238.5893894995845,240.77828298123208,13471276,SBIN.NS
2015-04-10,250.19052124023438,251.5914183916819,245.19983348816842,246.03162368680967,16880558,SBIN.NS
2015-04-13,250.67208862304688,252.59832571157764,248.0892101633045,251.98542480525612,11985436,SBIN.NS
2015-04-15,253.91162109375,257.80786182952335,250.36562465953415,251.63516673306967,17289500,SBIN.NS
2015-04-16,256.0129699707031,257.6327564512481,250.8471868250895,254.13052696677917,15043998,SBIN.NS
2015-04-17,255.44386291503906,258.20186328890975,253.21120230759388,254.78719488697985,16819018,SBIN.NS
2015-04-20,251.85409545898438,256.8447836180936,249.4025452839195,254.78721826407863,13788536,SBIN.NS
2015-04-21,253.21115112304688,255.66270057761795,246.68823934158854,251.6351321423497,15487948,SBIN.NS
2015-04-22,248.52694702148438,256.75718036614,241.12847708683202,254.39316494847074,17741741,SBIN.NS
2015-04-23,243.0984649658203,251.63514814795798,241.87269016056763,249.5338160932553,13874710,SBIN.NS
2015-04-24,241.25979614257812,244.8058191339142,240.20914344579845,243.71137254150568,10049508,SBIN.NS
2015-04-27,233.8175811767578,242.13537605679818,232.98581772068778,242.13537605679818,12394191,SBIN.NS
2015-04-28,238.58938598632812,239.46494336609447,232.15403390106735,233.77382039761324,12693457,SBIN.NS
2015-04-29,238.06402587890625,239.37736183636974,236.00646086823573,238.37047627962542,8217676,SBIN.NS
2015-04-30,236.18157958984375,239.42115225919815,233.51114053637536,236.4880299861159,21635216,SBIN.NS
2015-05-04,242.66073608398438,243.40496524255337,237.84517022486912,239.90273552683317,8012690,SBIN.NS
2015-05-05,238.19537353515625,242.5293932358102,237.58249940367884,242.5293932358102,7102772,SBIN.NS
2015-05-06,232.37290954589844,239.55249032464906,230.49046663436295,237.67004741311356,16335660,SBIN.NS
2015-05-07,228.47671508789062,233.99271604093647,227.3384744316219,231.14715448010188,15962706,SBIN.NS
2015-05-08,229.35223388671875,234.64934459732294,227.90754303847493,231.1471155734823,14044596,SBIN.NS
2015-05-11,241.6975860595703,242.70449834748877,229.92135620759043,230.6217913714662,17198308,SBIN.NS
2015-05-12,234.1240234375,241.12848203978803,233.20469893390532,241.04092096328162,12792368,SBIN.NS
2015-05-13,240.16539001464844,240.77829089761735,234.6931561306117,236.31294270426497,9245732,SBIN.NS
2015-05-14,245.98785400390625,246.81961747419712,238.98339503779982,239.9027195891451,13101418,SBIN.NS
2015-05-15,251.67898559570312,252.46698191259446,246.90718707248053,246.90718707248053,18247889,SBIN.NS
2015-05-18,253.6927490234375,253.9116383668572,249.88406910395653,253.8240772855112,13266119,SBIN.NS
2015-05-19,252.55453491210938,255.09364594965336,250.58453082299744,253.21120294181338,14541041,SBIN.NS
2015-05-20,256.18804931640625,258.1142591790042,253.2549272693954,253.47381657559194,11807544,SBIN.NS
2015-05-21,254.1305389404297,258.07054729609524,252.55454628612014,257.41387923681765,12118415,SBIN.NS
2015-05-22,247.30116271972656,267.0449685597108,245.8127046660289,256.5382812721157,69490117,SBIN.NS
2015-05-25,243.0984649658203,248.92091533068557,241.78512909164527,245.3311519838499,20356833,SBIN.NS
2015-05-26,242.66073608398438,245.8565153556006,241.65385038469327,244.2805226714834,9675703,SBIN.NS
2015-05-27,245.812744140625,246.55697328698815,240.07785376314595,242.52940383598622,12176680,SBIN.NS
2015-05-28,246.123046875,248.0735734764854,244.79313130513208,248.0735734764854,13024987,SBIN.NS
2015-05-29,246.6106719970703,249.7138083297318,245.6797419201525,247.05397718745053,14809918,SBIN.NS
2015-06-01,246.6549835205078,250.02409166330446,246.07866520956827,247.0539419005455,11567692,SBIN.NS
2015-06-02,236.0600128173828,247.76328061374488,235.2620688897221,247.18696222307744,21653784,SBIN.NS
2015-06-03,228.2135009765625,236.99093811850705,226.12997475024255,236.72496583370906,25967877,SBIN.NS
2015-06-04,228.39083862304688,231.75994723418845,224.97738325871572,230.43003166812707,20210546,SBIN.NS
2015-06-05,228.56813049316406,232.2919046734039,226.6176040164859,227.85885305749923,13539638,SBIN.NS
2015-06-08,226.04132080078125,229.41044305670627,223.91346123314503,229.41044305670627,17384700,SBIN.NS
2015-06-09,228.39083862304688,229.011449652888,225.19903585305929,226.08564623043355,15275972,SBIN.NS
2015-06-10,231.0506591796875,232.77953310211365,229.18877206098222,229.6320772293787,10910978,SBIN.NS
2015-06-11,225.19903564453125,233.13420933756362,224.00210622474407,232.51357125109575,20857622,SBIN.NS
2015-06-12,225.15467834472656,226.52892698715914,223.24847165040347,225.24334478434128,11440479,SBIN.NS
2015-06-15,221.874267578125,226.61763894977744,220.6330183457721,226.08566726242506,13545280,SBIN.NS
2015-06-16,225.73101806640625,226.75061463671437,220.76599430905915,221.87425733269902,9896598,SBIN.NS
2015-06-17,226.17431640625,227.77020428893826,224.75573436763716,226.97226034759413,11241061,SBIN.NS
2015-06-18,228.83413696289062,231.1393292865112,226.2629588282984,227.371235295447,11598549,SBIN.NS
2015-06-19,230.65167236328125,233.26718366448313,228.8784517000122,230.43001978037262,12216399,SBIN.NS
2015-06-22,235.83836364746094,237.07961278153354,231.22797879838924,231.31664524879483,11051382,SBIN.NS
2015-06-23,237.38995361328125,240.44877056115203,236.06003790676425,238.85285547900907,16180083,SBIN.NS
2015-06-24,232.6022186279297,237.522894991448,230.96198415435717,237.34558916499643,8361760,SBIN.NS
2015-06-25,234.7744140625,235.83835732443808,229.67640445868227,231.62695808650167,16506503,SBIN.NS
2015-06-26,235.12905883789062,236.63628009084712,231.44960450260567,234.15378211115484,14588452,SBIN.NS
2015-06-29,230.20838928222656,231.22798584998,226.08565625605664,229.4104453186457,15040805,SBIN.NS
2015-06-30,232.95687866210938,233.4888503045574,228.39084059073386,229.8537423145646,14181965,SBIN.NS
2015-07-01,237.38995361328125,238.94152193755104,232.77956834114065,233.26722033451946,12072024,SBIN.NS
2015-07-02,237.47862243652344,240.49309265653775,235.92705409680383,237.5229421376336,8741783,SBIN.NS
2015-07-03,238.85281372070312,239.38478532174693,236.54762148764638,237.0352733957697,7238541,SBIN.NS
2015-07-06,240.0940704345703,240.71470849851482,232.29191022692774,233.355853463061,9458200,SBIN.NS
2015-07-07,241.9559326171875,243.50750055984085,239.3847682950872,239.7394069848256,12523410,SBIN.NS
2015-07-08,237.03529357910156,240.27141609663803,235.48372539397567,239.29613925454709,12669850,SBIN.NS
2015-07-09,237.38995361328125,240.5374099624897,236.72499576002275,236.72499576002275,6469504,SBIN.NS
2015-07-10,239.8724365234375,240.2714220323501,236.06002256868345,239.60646422229746,8788162,SBIN.NS
2015-07-13,242.66526794433594,243.24155927067045,237.522911588333,241.1580194995831,8423083,SBIN.NS
2015-07-14,237.7889404296875,242.57663158751117,236.8579831957856,242.57663158751117,10337307,SBIN.NS
2015-07-15,237.65589904785156,240.89204854673017,236.85795512564636,238.27653713023406,7483918,SBIN.NS
2015-07-16,241.33535766601562,241.82298255497818,237.7002496753804,239.1631513994697,8354120,SBIN.NS
2015-07-17,240.36007690429688,242.93124156784475,239.8281052704453,241.5126595633076,5571891,SBIN.NS
2015-07-20,237.1239471435547,241.1580133827761,235.97133746291968,241.1580133827761,6418930,SBIN.NS
2015-07-21,234.3311004638672,239.20745730108666,233.62182301951532,236.724959188655,5638653,SBIN.NS
2015-07-22,238.09921264648438,238.85283689966366,232.20325888432112,233.79917384232465,11322177,SBIN.NS
2015-07-23,239.42910766601562,241.15800862425326,236.94660957658706,238.05487248386765,6376216,SBIN.NS
2015-07-24,233.40017700195312,239.69511596216392,232.38058050056424,238.23221428128417,7796401,SBIN.NS
2015-07-27,229.1444549560547,233.53315993844635,228.78978917157005,233.35585410340457,6788558,SBIN.NS
2015-07-28,229.80941772460938,233.9764702111148,229.05579350195592,230.7403477861688,10788886,SBIN.NS
2015-07-29,224.84439086914062,231.13932978511417,223.691794704844,230.51869171530805,9997136,SBIN.NS
2015-07-30,227.68153381347656,230.0753926523936,224.84439684360603,224.84439684360603,10536937,SBIN.NS
2015-07-31,239.42910766601562,242.70957669444607,228.34647859320987,228.74546406271082,20534806,SBIN.NS
2015-08-03,249.1818389892578,250.91074007057537,239.2961385639953,239.38480501432986,21901780,SBIN.NS
2015-08-04,255.87574768066406,257.07267704242787,245.05909078819104,250.46741923442755,28858887,SBIN.NS
2015-08-05,253.03858947753906,258.7128903285007,252.01899298245388,256.31905860837037,10169558,SBIN.NS
2015-08-06,256.2746887207031,257.82625669925795,250.02409711569018,253.21589951158546,15372143,SBIN.NS
2015-08-07,249.40350341796875,255.78710934406405,248.42825358962907,255.78710934406405,13845614,SBIN.NS
2015-08-10,250.6890411376953,253.57052436916305,248.3395294527071,250.06840315726967,14694901,SBIN.NS
2015-08-11,238.3208465576172,256.62937156984776,237.16826394822547,253.3932222104016,39233644,SBIN.NS
2015-08-12,227.28257751464844,237.123958195625,226.1299813088925,237.123958195625,29724325,SBIN.NS
2015-08-13,229.89804077148438,233.04552358181618,228.87844433435683,230.29702623075997,16360033,SBIN.NS
2015-08-14,238.05487060546875,238.85281448097453,229.85372515630456,232.2032370897603,14852873,SBIN.NS
2015-08-17,248.02923583984375,249.9354426073338,240.09406269072048,241.15800589253797,27500063,SBIN.NS
2015-08-18,252.50662231445312,255.34378631865195,244.30547639970476,248.96018083780518,27728824,SBIN.NS
2015-08-19,246.4777069091797,253.52627086129857,244.30550046785393,251.70870319113519,15452575,SBIN.NS
2015-08-20,239.8724365234375,249.71381752365693,237.61159079213957,246.1673758700429,14577599,SBIN.NS
2015-08-21,237.16827392578125,238.40952303208343,227.1495875697409,231.84861170688524,19030056,SBIN.NS
2015-08-24,217.57415771484375,228.4794804139277,214.91432686977916,225.81963604026384,29561705,SBIN.NS
2015-08-25,224.62274169921875,225.90832402455163,212.78648789842842,221.65259156086296,23492839,SBIN.NS
2015-08-26,217.84017944335938,224.57842410727457,217.21955484950965,223.86913305918853,16325529,SBIN.NS
2015-08-27,221.16494750976562,223.4258065917113,219.9680316630416,222.672182388196,21076926,SBIN.NS
2015-08-28,220.72164916992188,226.8835885430759,219.39173361333036,225.6423394350307,16644381,SBIN.NS
2015-08-31,219.30308532714844,222.84952688632708,217.21954549969064,220.76598705886926,21645114,SBIN.NS
2015-09-01,211.9885711669922,217.08658142669282,210.74730837790372,217.08658142669282,19689080,SBIN.NS
2015-09-02,204.4080352783203,215.44633231464675,204.00906329456902,215.1360132558394,23655457,SBIN.NS
2015-09-03,205.91526794433594,208.7080853274042,204.807004930642,206.26990669727752,14680299,SBIN.NS
2015-09-04,199.62030029296875,205.60491971781778,198.60070387647124,205.60491971781778,20466346,SBIN.NS
2015-09-07,196.02957153320312,201.703872875174,195.1872808016124,201.3492341145264,15424783,SBIN.NS
2015-09-08,202.45748901367188,204.14204335193256,196.0738833498186,197.7141179912311,16189253,SBIN.NS
2015-09-09,205.38327026367188,207.9101150261761,203.1224248250728,207.42247665621568,18237115,SBIN.NS
2015-09-10,201.65951538085938,203.74305505259153,198.6893789141985,201.57086246566644,14195882,SBIN.NS
2015-09-11,204.0090789794922,206.84622983925524,202.14719154070264,204.71835654798113,13650937,SBIN.NS
2015-09-14,208.57508850097656,209.2400462751561,203.9203840817199,205.2946328540777,10671222,SBIN.NS
2015-09-15,206.49154663085938,211.41223681547496,206.26989404171994,208.53075315666229,13193410,SBIN.NS
2015-09-16,209.94935607910156,210.7916332961207,208.35345457240112,209.59470378394494,11272509,SBIN.NS
2015-09-18,214.5596923828125,218.50510550809886,212.34316663505618,212.78647178460744,16049395,SBIN.NS
2015-09-21,217.44119262695312,218.10615040257073,210.34830968703213,212.38751623797953,9602436,SBIN.NS
2015-09-22,210.9689483642578,220.27835784622783,209.4617133443258,219.8350526328007,13667322,SBIN.NS
2015-09-23,212.6534881591797,214.471028470896,207.1121737244356,208.35342274637838,13614082,SBIN.NS
2015-09-24,211.94422912597656,214.07208877794778,211.05761868288826,212.29886789177118,9299508,SBIN.NS
2015-09-28,212.2988739013672,216.0226351620271,211.58958282109813,213.6731228327756,8588230,SBIN.NS
2015-09-29,214.47105407714844,217.5741905310966,205.8709357533552,209.24005803764777,24488685,SBIN.NS
2015-09-30,210.25965881347656,217.57419488708214,208.9740763911086,217.08656997172304,17011911,SBIN.NS
2015-10-01,208.48643493652344,214.47105527396235,207.82147712125246,213.8504306854297,11590498,SBIN.NS
2015-10-05,212.7864990234375,213.98342849188484,210.34832038879395,211.10194465094247,18307463,SBIN.NS
2015-10-06,212.87513732910156,215.26898242087307,210.74726450306062,215.18031597989656,10087077,SBIN.NS
2015-10-07,215.9339599609375,216.5545845189359,211.944213265604,212.91947656285842,10608795,SBIN.NS
2015-10-08,215.71231079101562,217.39686512212378,213.76177063694274,214.95868654738246,9230511,SBIN.NS
2015-10-09,215.8452911376953,219.70205164553667,213.36277940440664,217.6628450957424,12171416,SBIN.NS
2015-10-12,216.820556640625,217.7958198762698,213.9390730982474,216.42158470201576,7566962,SBIN.NS
2015-10-13,216.15560913085938,219.43606476711224,214.6040409961424,216.33292849767835,10200698,SBIN.NS
2015-10-14,216.55458068847656,218.81543981489517,215.6236371036453,216.06694228417442,7895820,SBIN.NS
2015-10-15,220.72164916992188,221.56392631670974,217.66284609548148,218.106151281012,11582401,SBIN.NS
2015-10-16,227.68153381347656,227.99185285662526,220.18969236797957,221.51960793244427,11738832,SBIN.NS
2015-10-19,225.64231872558594,227.94751089021437,224.75570843589796,227.54852543697527,8969153,SBIN.NS
2015-10-20,225.95265197753906,227.94752525505024,224.48973679020406,225.6423329451528,8811740,SBIN.NS
2015-10-21,221.4752960205078,226.88361171928014,220.36703294347222,225.1990572536269,8606466,SBIN.NS
2015-10-23,224.6670684814453,225.95266437593102,223.42581934099132,224.3124297352016,7544810,SBIN.NS
2015-10-26,222.76083374023438,226.97223258706467,221.9628898964852,225.86396973263564,13085058,SBIN.NS
2015-10-27,220.58865356445312,223.60312328532697,219.9680290370497,221.7412497031167,6565348,SBIN.NS
2015-10-28,214.60403442382812,221.164945495404,213.8504102271768,219.8793632145871,12310403,SBIN.NS
2015-10-29,210.0823211669922,214.38238680541127,209.63901598895313,214.11640099286774,16114932,SBIN.NS
2015-10-30,210.17098999023438,213.14112659951624,208.4421024820553,211.6338916828627,8669606,SBIN.NS
2015-11-02,210.03799438476562,211.01327121780082,206.3142334807599,211.01327121780082,7611610,SBIN.NS
2015-11-03,209.19570922851562,212.52049803865924,208.35343210233265,212.21019253353936,8323201,SBIN.NS
2015-11-04,211.8998565673828,213.22977198516972,210.12663601033358,212.0771759173679,8418352,SBIN.NS
2015-11-05,207.37815856933594,211.89987683371314,206.66888110155958,211.01326647039215,8906564,SBIN.NS
2015-11-06,215.4463348388672,217.04223632117169,206.5802305245105,208.88542305768388,30821077,SBIN.NS
2015-11-09,218.19482421875,220.1453643873739,208.8854150457441,209.24005379327534,22806485,SBIN.NS
2015-11-10,213.85043334960938,219.21442916534107,212.8751699922228,217.13088924009438,11767845,SBIN.NS
2015-11-13,213.0081329345703,214.38238165922303,210.7472738751223,214.11639585306443,9082062,SBIN.NS
2015-11-16,220.14535522460938,221.07629880888297,211.98854261347978,212.34318134625045,14051479,SBIN.NS
2015-11-17,219.7463836669922,223.1154922202308,218.72677363337482,221.65259053414565,11273394,SBIN.NS
2015-11-18,213.673095703125,220.49999273563753,212.29884694620225,219.5247294616217,10397889,SBIN.NS
2015-11-19,216.2442626953125,217.21953950862817,214.02773678195913,215.4906520019327,7325199,SBIN.NS
2015-11-20,215.40199279785156,221.56393233847763,214.55971562817192,216.2886031930093,13718619,SBIN.NS
2015-11-23,215.18031311035156,217.441172039108,213.2741064121722,216.24424274488422,10552151,SBIN.NS
2015-11-24,214.02774047851562,216.33293287965722,213.3184629968728,215.0030173086757,6651669,SBIN.NS
2015-11-26,215.00302124023438,217.13088078127464,213.67310564493397,214.51538281623735,13629888,SBIN.NS
2015-11-27,221.3865966796875,222.09588764935754,215.26899081455838,215.44631017482587,15149912,SBIN.NS
2015-11-30,220.45567321777344,224.31243391591042,217.21955063003185,221.34228362850828,12865469,SBIN.NS
2015-12-01,221.82992553710938,223.3371605532628,221.0319815663815,222.40623043028077,9501537,SBIN.NS
2015-12-02,216.86488342285156,222.22886488112096,216.1112592611677,222.14021196884016,10881754,SBIN.NS
2015-12-03,213.76177978515625,216.7762498314951,213.14114166214395,216.46593076998897,7155630,SBIN.NS
2015-12-04,213.76177978515625,214.69270991247163,211.057615271722,212.7865029020811,11115170,SBIN.NS
2015-12-07,211.5895538330078,215.40198102961884,211.01326251908068,215.40198102961884,7531729,SBIN.NS
2015-12-08,209.19570922851562,212.74215062600214,208.6194179128642,211.10192959682482,8254434,SBIN.NS
2015-12-09,207.8214569091797,211.1905788846026,207.1121794647539,208.70806724331203,7408777,SBIN.NS
2015-12-10,205.64926147460938,209.9049937257727,204.45234565711337,209.24003598429718,11713559,SBIN.NS
2015-12-11,201.52655029296875,207.37817092229207,199.57601008319432,206.49156050615812,12872949,SBIN.NS
2015-12-14,200.32960510253906,201.88117320904252,198.600717632441,199.39866153291695,12464883,SBIN.NS
2015-12-15,200.72857666015625,201.39353441878563,198.60071724398225,201.26054827849987,10404430,SBIN.NS
2015-12-16,201.52655029296875,203.56575695579713,199.7089962341739,201.92552227450878,13030720,SBIN.NS
2015-12-17,204.7183380126953,206.04825362610458,202.59047844268093,203.92039405609023,14539096,SBIN.NS
2015-12-18,200.81724548339844,206.0039214735489,200.19662094038395,203.87604850358443,18871084,SBIN.NS
2015-12-21,204.31936645507812,204.80700488671914,200.81725803827655,201.17189679114207,9557098,SBIN.NS
2015-12-22,202.45748901367188,205.91526414109157,201.7038647668389,205.38329249290348,9155574,SBIN.NS
2015-12-23,203.6100616455078,204.80699103050281,202.94510388242176,204.14203326741676,7914311,SBIN.NS
2015-12-24,202.41314697265625,204.80699222804316,201.79252242920043,204.6740060860885,7257958,SBIN.NS
2015-12-28,202.9451141357422,203.87605775681644,202.14717019116483,203.07811381223908,8756879,SBIN.NS
2015-12-29,202.32447814941406,203.87604625413132,201.7038536132472,202.90078299118346,7263286,SBIN.NS
2015-12-30,200.19664001464844,203.65441531846383,199.35436280254999,203.0337907163177,11702877,SBIN.NS
2015-12-31,198.99969482421875,200.86158201250404,198.60072286347207,200.3296103791081,11558305,SBIN.NS
2016-01-01,201.9698486328125,202.94511194023409,199.04403165334602,199.4873368463379,6449426,SBIN.NS
2016-01-04,195.6748809814453,201.2161950867683,195.09858972593128,201.2161950867683,14092071,SBIN.NS
2016-01-05,193.0594024658203,197.53678741012772,192.39444470761427,197.53678741012772,15074848,SBIN.NS
2016-01-06,192.26145935058594,194.96561008875895,191.86247387115688,193.1923893929863,11921123,SBIN.NS
2016-01-07,185.7891845703125,189.8232639998877,185.30154621665412,189.73459756155017,14342279,SBIN.NS
2016-01-08,185.2572479248047,188.40471767880624,184.94694238931822,187.96141246073847,11745840,SBIN.NS
2016-01-11,181.13450622558594,183.97165678106774,179.67159095811806,183.3510322109,19287860,SBIN.NS
2016-01-12,176.79010009765625,181.75512351737598,176.08082263363954,181.62213737502293,20318816,SBIN.NS
2016-01-13,178.12001037597656,179.4499258746382,172.002404493573,178.5189958484551,23788247,SBIN.NS
2016-01-14,173.81996154785156,178.65198524197652,172.26839343780958,174.66223867329714,20256636,SBIN.NS
2016-01-15,163.40228271484375,175.3715218907698,160.4764659883419,175.3715218907698,29090426,SBIN.NS
2016-01-18,160.47650146484375,166.81576116651667,158.836266618541,163.93427702419214,35653244,SBIN.NS
2016-01-19,162.20535278320312,166.50541817890795,160.91977054517372,161.49606183265598,24501774,SBIN.NS
2016-01-20,153.9598846435547,160.1661572055182,152.0536777681061,160.1661572055182,28655794,SBIN.NS
2016-01-21,155.68878173828125,158.3929324632192,152.5413123129696,156.93003080780687,28697205,SBIN.NS
2016-01-22,163.66827392578125,164.3775513738192,158.08262608658154,159.50119451125758,21432409,SBIN.NS
2016-01-25,162.20535278320312,167.39202848494196,161.80638085120773,166.59407109235156,17534650,SBIN.NS
2016-01-27,163.49095153808594,165.08685295589478,160.52081482997045,163.49095153808594,16569813,SBIN.NS
2016-01-28,164.2445831298828,164.82087450135404,161.80640443294797,163.313639467151,20241030,SBIN.NS
2016-01-29,159.50120544433594,164.6878816923872,157.9053175482596,163.31363286756496,24259147,SBIN.NS
2016-02-01,153.16192626953125,161.3187381610889,152.58563499746768,161.3187381610889,22915269,SBIN.NS
2016-02-02,150.19178771972656,157.28467051222557,149.48251026335691,153.4722568341376,35957332,SBIN.NS
2016-02-03,147.22164916992188,148.77321725972828,144.7391375205116,148.77321725972828,24132003,SBIN.NS
2016-02-04,144.3844757080078,150.54641385928025,142.03495057343483,150.10310876165494,23811109,SBIN.NS
2016-02-05,149.1278533935547,150.1031301587949,143.80819146373514,145.13810694619002,22732245,SBIN.NS
2016-02-08,152.6299591064453,156.84135806932625,149.43817011489534,150.23611398063292,22289005,SBIN.NS
2016-02-09,148.10824584960938,152.85160259817772,147.26596881281674,148.95052288640198,19008384,SBIN.NS
2016-02-10,140.9710693359375,147.35466222278774,140.08445883696933,146.29073232974645,32294785,SBIN.NS
2016-02-11,136.75965881347656,148.50724700977196,134.94210472644264,141.41436357049926,72749830,SBIN.NS
2016-02-12,137.24729919433594,139.77413083810873,131.43999809067998,138.44421517445934,41187889,SBIN.NS
2016-02-15,148.8175506591797,150.7237574746246,140.08443341759227,140.9710437556783,35956266,SBIN.NS
2016-02-16,138.6658477783203,151.38871120301508,138.0008900424359,151.38871120301508,33816243,SBIN.NS
2016-02-17,140.92672729492188,141.7246848112687,134.0998295853862,137.42461874866024,32447698,SBIN.NS
2016-02-18,141.6803436279297,145.13811875213773,138.6658601719987,143.58655056306472,21024178,SBIN.NS
2016-02-19,146.02471923828125,146.55669084988156,139.28648882007752,139.99576626407787,24592575,SBIN.NS
2016-02-22,146.24636840820312,147.88660289852,145.13810551707004,147.1329787211096,15815058,SBIN.NS
2016-02-23,140.52774047851562,146.2907077536598,140.08443530350453,146.2907077536598,20200068,SBIN.NS
2016-02-24,138.5771942138672,142.47827416797975,137.69058390351435,138.3112084150414,19440950,SBIN.NS
2016-02-25,134.5874481201172,140.17309579362833,133.878157164519,139.72979063745444,22713124,SBIN.NS
2016-02-26,138.22254943847656,140.70506114727405,135.25241285552636,137.86791070661997,30051402,SBIN.NS
2016-02-29,140.7493896484375,145.31542742874208,135.65138025959646,140.26175126204575,66981910,SBIN.NS
2016-03-01,143.67523193359375,144.42884272938323,140.57209523320773,142.30098297484517,23588231,SBIN.NS
2016-03-02,160.60946655273438,162.42702055586864,152.94029209947635,152.94029209947635,53333757,SBIN.NS
2016-03-03,162.02804565429688,163.6682802556712,158.25995156931324,163.13630862046855,33507048,SBIN.NS
2016-03-04,167.0373992919922,168.32299523599852,158.2599614626473,162.60434715018133,38860711,SBIN.NS
2016-03-08,162.5600128173828,165.7518019549889,160.83111181483753,165.7518019549889,27928279,SBIN.NS
2016-03-09,162.6043243408203,163.13629593465578,158.43725861777457,159.58985471868502,29453018,SBIN.NS
2016-03-10,160.03317260742188,163.80126669928637,159.0578957839696,163.80126669928637,20472928,SBIN.NS
2016-03-11,159.6785430908203,161.93938885362718,157.41768379941198,159.58987663680372,21869157,SBIN.NS
2016-03-14,161.14141845703125,162.6043200082001,160.21047495692414,161.76204294756957,14369755,SBIN.NS
2016-03-15,164.28890991210938,165.08685386108854,161.05277383324704,161.05277383324704,22369600,SBIN.NS
2016-03-16,164.2002410888672,164.82086565450885,161.00845181045258,164.0229217170554,19237834,SBIN.NS
2016-03-17,165.21986389160156,167.83536203115338,164.02293436452774,166.68276573260118,21560986,SBIN.NS
2016-03-18,169.56422424316406,170.22918198529413,164.90952004825368,165.6631442341077,21144216,SBIN.NS
2016-03-21,174.48492431640625,174.92822950342529,171.11580218934157,171.11580218934157,20678069,SBIN.NS
2016-03-22,175.1055450439453,175.77050280993498,172.44571397998664,174.48492050140837,16728809,SBIN.NS
2016-03-23,174.3076171875,175.19422762379736,173.1550209145931,174.5735894955079,13362780,SBIN.NS
2016-03-28,166.94874572753906,175.77051675026857,166.3724408341478,173.5983239148128,19760603,SBIN.NS
2016-03-29,168.0126495361328,169.56421753976463,165.48580480449266,167.12603924834318,16804848,SBIN.NS
2016-03-30,175.14988708496094,175.81484488442655,168.89928106426402,170.45084926301712,20709407,SBIN.NS
2016-03-31,172.22406005859375,176.2138066236577,170.5395058092291,175.41586272208502,30132473,SBIN.NS
2016-04-01,173.46531677246094,174.8838988028343,170.22919427196038,171.73642922385653,21752206,SBIN.NS
2016-04-04,172.623046875,175.06122554139435,170.71683987453227,174.92823938921342,15732565,SBIN.NS
2016-04-05,163.44662475585938,172.49004769328047,162.51568117511005,171.91374284395926,36635637,SBIN.NS
2016-04-06,163.00332641601562,164.4662281552826,161.54041114814768,164.02292295809855,16350631,SBIN.NS
2016-04-07,161.31875610351562,164.5992118072166,160.47647894735738,162.9589907196665,19430601,SBIN.NS
2016-04-08,162.33836364746094,163.0919743424285,159.76718546539365,161.052767792127,15805231,SBIN.NS
2016-04-11,166.90440368652344,167.4806950208799,161.36308882309305,163.00332343410875,18990364,SBIN.NS
2016-04-12,166.5054168701172,168.6776093971064,165.17550142151975,167.12604137374274,14563344,SBIN.NS
2016-04-13,170.1405029296875,171.82507053537284,169.165239764016,169.83019745685522,17573045,SBIN.NS
2016-04-18,165.5745086669922,169.78590848583136,164.55491201702998,169.74157525570203,13985439,SBIN.NS
2016-04-20,166.06211853027344,167.2590343659332,163.22496816264285,166.99306208818663,20163005,SBIN.NS
2016-04-21,172.312744140625,175.01689515527397,168.45598332155916,168.89928854082643,31008152,SBIN.NS
2016-04-22,177.45506286621094,178.651992295512,169.83022168440664,171.64777567650796,34049763,SBIN.NS
2016-04-25,174.7065887451172,179.58294613266696,173.59832570249225,178.1643640266664,23835613,SBIN.NS
2016-04-26,178.1643524169922,178.56332438061875,172.49005141994598,173.73130053536212,21809451,SBIN.NS
2016-04-27,173.9086151123047,178.1200142837948,173.3323237950146,178.1200142837948,22801603,SBIN.NS
2016-04-28,170.2735137939453,175.7261618227167,169.5198896143461,174.4405795709885,24555479,SBIN.NS
2016-04-29,167.56936645507812,172.00241847769925,165.30850721782113,170.14053121675792,21021661,SBIN.NS
2016-05-02,164.90951538085938,167.08170790461853,164.46621023198608,166.32809726869365,14469844,SBIN.NS
2016-05-03,163.1806640625,167.87970238457982,162.82601174787743,165.79616231305496,16247931,SBIN.NS
2016-05-04,159.5455322265625,163.4909456389233,158.83624122995144,162.6930017231112,17826594,SBIN.NS
2016-05-05,159.90016174316406,161.98368768411166,158.25992739236398,159.8114953079754,17742028,SBIN.NS
2016-05-06,163.44662475585938,163.97858285300154,159.67853073788388,160.43214142431873,18336962,SBIN.NS
2016-05-09,167.30337524414062,167.9239998016155,164.0672527832068,165.35283512267637,13863696,SBIN.NS
2016-05-10,168.0126495361328,168.72194047208438,165.530138024602,166.32809540077227,13845979,SBIN.NS
2016-05-11,164.0229034423828,167.12603945345492,163.2249595938326,164.37754214649416,18128414,SBIN.NS
2016-05-12,167.1260528564453,168.01266321642646,164.3775553290636,165.8848037639119,17398341,SBIN.NS
2016-05-13,163.88992309570312,166.63840697108427,163.40228471388716,166.63840697108427,15546644,SBIN.NS
2016-05-16,156.7527313232422,164.02293435656975,155.28981595371164,164.02293435656975,30937008,SBIN.NS
2016-05-17,156.7970428466797,158.34861092986696,155.37846090203988,158.25994448510195,22183140,SBIN.NS
2016-05-18,159.5455322265625,159.98883740836933,153.87123131087512,156.84136791182067,25345278,SBIN.NS
2016-05-19,153.11758422851562,160.47645185348347,152.40829333780815,160.47645185348347,25480517,SBIN.NS
2016-05-20,151.92066955566406,154.890805733125,151.21137866018432,153.82687615420468,16720624,SBIN.NS
2016-05-23,149.30519104003906,153.11761859576745,149.12787165971247,152.7629798351143,16193112,SBIN.NS
2016-05-24,150.28042602539062,151.0783697786881,147.5319290465255,149.65980160298173,14816798,SBIN.NS
2016-05-25,155.2454833984375,155.8661079605123,152.00934738491756,152.05368060976593,18900887,SBIN.NS
2016-05-26,163.26930236816406,164.46623183880885,153.82690686810423,155.24548894230537,30700988,SBIN.NS
2016-05-27,173.6869659423828,179.44993334309672,160.91978203531846,163.13630795866996,85585820,SBIN.NS
2016-05-30,176.30247497558594,180.77984645745258,172.53438095673948,177.4993908408828,46075949,SBIN.NS
2016-05-31,181.7107696533203,182.37572734675422,173.95292989659134,176.25812197860182,39457647,SBIN.NS
2016-06-01,175.7705078125,184.68094483607953,174.30760609712758,182.59740503190594,41868032,SBIN.NS
2016-06-02,177.8096923828125,179.361260355562,173.37664103209963,175.41584735914736,23499884,SBIN.NS
2016-06-03,176.59707641601562,181.58238459483024,175.5191586090667,180.54939602051417,24568749,SBIN.NS
2016-06-06,178.66305541992188,181.9866125153698,177.04620610529733,177.36058738034347,23623536,SBIN.NS
2016-06-07,188.76841735839844,189.6666729988501,179.78586095388187,180.05534038727603,66063192,SBIN.NS
2016-06-08,189.262451171875,190.34035514488207,186.4329515294449,188.76840785324475,35163093,SBIN.NS
2016-06-09,188.58877563476562,191.14880978302105,187.10665925817173,188.63369115963383,27858182,SBIN.NS
2016-06-10,184.9957733154297,189.9810955862572,184.4119125467371,188.0498511609245,25598224,SBIN.NS
2016-06-13,181.2679901123047,181.9865973624674,179.83077561197928,180.99851068020703,21192525,SBIN.NS
2016-06-14,186.5677032470703,187.3761415882733,183.06451155407282,183.55855492264786,23918910,SBIN.NS
2016-06-15,194.06814575195312,195.4155292951887,187.33122803577535,188.40913212910496,48362742,SBIN.NS
2016-06-16,194.02322387695312,196.26886304219565,191.37337240322572,194.02322387695312,48122379,SBIN.NS
2016-06-17,191.732666015625,195.37060414440012,190.07090128460968,194.69691240597118,26486677,SBIN.NS
2016-06-20,193.9333953857422,194.65200266935673,186.74734996218464,186.83718101249667,32633757,SBIN.NS
2016-06-21,192.22669982910156,195.37059445247473,191.4631770809081,193.1249554357796,18960306,SBIN.NS
2016-06-22,191.23861694335938,193.34952314311855,189.9361490292985,192.22670361267072,16395548,SBIN.NS
2016-06-23,195.41552734375,195.81973966142533,191.10389730719373,191.3284612288238,20666649,SBIN.NS
2016-06-24,189.7565155029297,190.74460224960464,181.89677817440597,184.95084205382895,47224652,SBIN.NS
2016-06-27,195.05624389648438,196.58328974038045,189.12776376704335,189.35232771981677,29021651,SBIN.NS
2016-06-28,193.9333953857422,196.4035985000901,193.48426754676984,194.69691819451276,21784062,SBIN.NS
2016-06-29,195.1011505126953,196.53836522728676,194.1130773894221,195.72992681046833,18019568,SBIN.NS
2016-06-30,196.53834533691406,199.3229297184692,195.72990700191244,197.61624941062232,30600995,SBIN.NS
2016-07-01,197.25694274902344,198.5144951543618,196.62815284006098,198.33484676878393,15346865,SBIN.NS
2016-07-04,200.31100463867188,201.52365521653533,199.41274901248948,199.72714396417058,16534518,SBIN.NS
2016-07-05,200.7601318359375,202.24224813207482,199.00853611151342,200.53556793008073,15357018,SBIN.NS
2016-07-07,197.66116333007812,201.74822937821773,197.03238710104753,201.1194394428933,12917872,SBIN.NS
2016-07-08,196.08921813964844,198.37977287021505,194.47235517064297,197.75098292772282,16017389,SBIN.NS
2016-07-11,201.83804321289062,202.5117349550607,199.41275568233715,200.84997021481735,15831791,SBIN.NS
2016-07-12,203.63455200195312,204.083679824501,201.3439973657002,202.10752014654898,19374179,SBIN.NS
2016-07-13,204.53280639648438,205.25141364942593,201.16434774797082,203.9040301900205,18377333,SBIN.NS
2016-07-14,208.3953094482422,209.15883222830698,203.00577558320145,203.9040312273749,21208021,SBIN.NS
2016-07-15,207.9462127685547,210.5511490442603,207.3174364647253,209.2037653762135,15068302,SBIN.NS
2016-07-18,205.4759979248047,210.057107623351,204.98195453279757,208.75462585179736,11816985,SBIN.NS
2016-07-19,206.23953247070312,208.53007374355818,203.90406196131525,206.59882930001103,19767339,SBIN.NS
2016-07-20,207.6317901611328,209.06900469850572,205.88019436678644,207.1826623314905,18051608,SBIN.NS
2016-07-21,202.69137573242188,208.48513546251885,201.56855620430898,208.08090946736374,13306837,SBIN.NS
2016-07-22,200.7601318359375,202.9159398496451,199.5025794456569,202.4668120379316,12341622,SBIN.NS
2016-07-25,206.50897216796875,207.4970588832637,200.04153411286603,200.31101355397317,18427070,SBIN.NS
2016-07-26,203.63455200195312,208.57495804997987,202.9159447446178,206.59879837202786,14162638,SBIN.NS
2016-07-27,205.9251251220703,207.4970726420861,203.7244013353071,204.57774153348532,17626617,SBIN.NS
2016-07-28,207.49705505371094,211.2248105169637,205.97002319067826,206.73353226904786,26838284,SBIN.NS
2016-07-29,206.05984497070312,209.02409141944062,205.16158930177016,206.5988038545804,15577230,SBIN.NS
2016-08-01,204.17352294921875,208.97918271097933,202.37701155275627,207.31741789302808,16071228,SBIN.NS
2016-08-02,204.8472137451172,207.4072342490802,204.17352197465942,205.9700333625468,16145066,SBIN.NS
2016-08-03,203.5896453857422,207.0479352531828,202.82613627778235,205.25142388439164,14838944,SBIN.NS
2016-08-04,202.69137573242188,205.43105812227594,200.49065219857923,205.20649421665337,17810908,SBIN.NS
2016-08-05,209.0690155029297,210.10200408197315,203.8142141420354,204.21844017463832,21264296,SBIN.NS
2016-08-08,209.51812744140625,211.8984993982018,208.12582846205893,210.1469036463812,16972827,SBIN.NS
2016-08-09,211.22482299804688,213.7848572331464,208.97918374139618,210.41639834817036,19854185,SBIN.NS
2016-08-10,207.9462127685547,212.79678849100495,207.54200040939975,212.66205560671847,16279843,SBIN.NS
2016-08-11,204.0387725830078,208.03602133096874,203.0956150824088,207.94619028029553,16673286,SBIN.NS
2016-08-12,218.54559326171875,222.7224763773115,201.56855396175436,203.90402403676308,86616475,SBIN.NS
2016-08-16,221.6445770263672,222.67756551985931,217.9617234554685,220.29719357939837,27709873,SBIN.NS
2016-08-17,221.19546508789062,224.38427554919826,219.4438692223621,221.37511348578948,18294050,SBIN.NS
2016-08-18,223.126708984375,224.92322037299735,221.46494417367586,221.77932544290826,14314950,SBIN.NS
2016-08-19,232.19908142089844,233.54646487208356,227.70780325028147,229.05518670146657,39822529,SBIN.NS
2016-08-22,228.87554931640625,233.90577288549028,228.15694203331026,233.36681399659483,19769886,SBIN.NS
2016-08-23,228.83062744140625,229.77379861765408,225.46216874501656,228.96536030674443,17583721,SBIN.NS
2016-08-24,228.51622009277344,230.13309662694238,227.70779553198173,229.01026341605404,11560293,SBIN.NS
2016-08-25,224.6986541748047,229.54924309875915,223.30636882775175,228.96536867959094,21230706,SBIN.NS
2016-08-26,221.50985717773438,225.19269725870407,220.83616541467106,224.83340046758792,16531983,SBIN.NS
2016-08-29,223.7105712890625,224.4291785468369,219.39894144870942,220.83615596425827,11786129,SBIN.NS
2016-08-30,226.58499145507812,227.16885215470455,224.38426781748674,224.6986490764034,15323228,SBIN.NS
2016-08-31,226.8095703125,229.77381694299157,225.6418351300282,227.4832621055074,15601566,SBIN.NS
2016-09-01,226.36045837402344,228.92049285005743,225.5969354723865,226.31554284340442,12175873,SBIN.NS
2016-09-02,228.69590759277344,229.23485279109488,226.0460423024228,226.36043728116434,11380257,SBIN.NS
2016-09-06,233.6363067626953,234.8938592263225,229.95345300932527,231.03137078534158,16620963,SBIN.NS
2016-09-07,239.65460205078125,242.79849689918964,233.9057712390663,236.15141041650085,30862337,SBIN.NS
2016-09-08,241.04690551757812,243.96623633596434,239.74442387972502,240.73251056231152,14339143,SBIN.NS
2016-09-09,237.2293243408203,241.0918126983553,236.5556325985116,241.0918126983553,11455826,SBIN.NS
2016-09-12,227.03411865234375,232.4236526262866,226.18077851439486,231.30083304838186,18989750,SBIN.NS
2016-09-14,231.3457489013672,231.74997493897075,227.25869635488218,229.0552077885176,12754966,SBIN.NS
2016-09-15,229.95347595214844,232.06438248344602,228.33661283310084,232.06438248344602,7783662,SBIN.NS
2016-09-16,228.42642211914062,235.34298811248541,227.61798378352748,231.70506357425506,18013477,SBIN.NS
2016-09-19,229.63905334472656,232.0194253544532,229.23484104013252,229.95344830735172,11433295,SBIN.NS
2016-09-20,228.56114196777344,230.31273770237493,227.84253472359782,230.31273770237493,9914599,SBIN.NS
2016-09-21,225.596923828125,230.1780335889001,225.14779595770764,228.6060860424393,12817180,SBIN.NS
2016-09-22,231.66012573242188,232.15418278551186,229.14502088744567,231.66012573242188,20797370,SBIN.NS
2016-09-23,228.6510009765625,232.4685741588948,227.97730917268711,232.4685741588948,12730223,SBIN.NS
2016-09-26,226.04603576660156,228.56115440492982,225.14778008907675,228.1120265661674,8800173,SBIN.NS
2016-09-27,223.66566467285156,228.06711202927764,223.03688843711842,227.39342026821484,11345387,SBIN.NS
2016-09-28,227.93238830566406,229.77381526771748,222.8123334573967,224.56392936518625,17277539,SBIN.NS
2016-09-29,222.09371948242188,230.6271485424138,218.72526064295135,229.05520108399423,27870695,SBIN.NS
2016-09-30,225.6867218017578,226.80954131320937,220.79123147308772,221.73440260396558,14826293,SBIN.NS
2016-10-03,229.32467651367188,230.53731345085427,226.94429075171738,227.2586857204094,9314647,SBIN.NS
2016-10-04,233.32192993164062,235.34300535934491,227.97731098630382,229.77382247759653,21532806,SBIN.NS
2016-10-05,234.3100128173828,237.947937561399,233.14226392000998,235.34300142508954,20868556,SBIN.NS
2016-10-06,230.6720428466797,235.34298325026958,229.63905431874747,234.75912255296765,11081154,SBIN.NS
2016-10-07,232.37875366210938,233.4566440225834,229.27976062399773,231.07627197070877,11934100,SBIN.NS
2016-10-10,230.49240112304688,233.8159305206624,229.998344076889,232.9626041160767,9399844,SBIN.NS
2016-10-13,224.24952697753906,229.36959536305227,220.83616632892233,229.01028486415456,18050638,SBIN.NS
2016-10-14,226.4502410888672,227.75270896097322,223.75547430259567,225.4621544513839,12133951,SBIN.NS
2016-10-17,227.43833923339844,230.35768394845104,226.36043514065415,227.9323826069087,16865537,SBIN.NS
2016-10-18,230.7618865966797,231.48050761279413,227.97730211728188,228.96537517527682,20218355,SBIN.NS
2016-10-19,229.4145050048828,231.74997535532248,228.9204753247811,231.74997535532248,9546481,SBIN.NS
2016-10-20,233.7261505126953,234.3549130723799,229.3246892382516,229.68398604558413,14179531,SBIN.NS
2016-10-21,232.19908142089844,233.3219009635527,230.04327338151958,233.3219009635527,8833390,SBIN.NS
2016-10-24,236.1963348388672,237.94791691405302,232.91767977649297,232.91767977649297,14483254,SBIN.NS
2016-10-25,234.84896850585938,237.63353930241485,234.2201785380371,237.1395096224038,9079178,SBIN.NS
2016-10-26,232.42367553710938,237.90304109992252,230.67206585788065,233.90579204352366,15020687,SBIN.NS
2016-10-27,229.4145050048828,231.83980640968343,228.4264319383849,231.74997535532248,10938008,SBIN.NS
2016-10-28,231.74996948242188,232.4685630739212,228.1569466997487,229.8636270390008,11430184,SBIN.NS
2016-11-01,232.6033172607422,234.35489937382536,230.40257989901093,230.8517077350714,10000632,SBIN.NS
2016-11-02,225.507080078125,229.95344273347055,225.05795226028619,228.2467625082004,13716294,SBIN.NS
2016-11-03,220.65650939941406,227.07904594155346,219.93791579736003,225.59691579815464,12902390,SBIN.NS
2016-11-04,218.14138793945312,222.2284401417195,215.85083331322355,221.195451636897,12657669,SBIN.NS
2016-11-07,226.98919677734375,228.06710080071636,220.52175893081477,222.76739802379657,11224419,SBIN.NS
2016-11-08,226.9442901611328,228.24677185121556,223.35126747134615,227.88746135846057,9367228,SBIN.NS
2016-11-09,233.54647827148438,234.48963577639168,211.09008612999548,211.09008612999548,31761606,SBIN.NS
2016-11-10,252.67930603027344,255.284269372666,238.26231366159095,239.83426106557883,50227559,SBIN.NS
2016-11-11,245.22377014160156,259.416197155459,242.97813122089093,250.38873965923602,57937113,SBIN.NS
2016-11-15,249.8946990966797,254.6105406232474,243.15778263015434,247.15500328607607,48658808,SBIN.NS
2016-11-16,248.99652099609375,255.82324320828596,248.05333594993618,255.10464952676838,27532708,SBIN.NS
2016-11-17,249.2210235595703,253.48773759750165,247.55924524122742,249.7150531673494,19500760,SBIN.NS
2016-11-18,247.73890686035156,251.51159170090028,246.8855804074906,249.84981320178744,13389671,SBIN.NS
2016-11-21,231.16610717773438,249.35578489029757,229.81872364347043,248.9515588649831,26002028,SBIN.NS
2016-11-22,231.16610717773438,235.92685136709835,225.59691093774148,234.26507285898853,25631435,SBIN.NS
2016-11-23,232.33384704589844,233.8608928042781,228.83065506133426,233.36683568828923,16190033,SBIN.NS
2016-11-24,235.118408203125,236.2412277265401,228.65097048951253,231.57028754409882,28927720,SBIN.NS
2016-11-25,234.39984130859375,237.58863815240895,232.06437095198797,236.69038243160588,19303589,SBIN.NS
2016-11-28,227.75270080566406,231.52537143009485,222.76737968831628,227.66286976682125,22315183,SBIN.NS
2016-11-29,226.98919677734375,230.40257093993478,226.3604205725675,228.38149575625113,12656706,SBIN.NS
2016-11-30,232.06434631347656,233.68119547422384,226.9891938059967,228.15692886031997,16501691,SBIN.NS
2016-12-01,229.63905334472656,234.44472659460467,228.74079768727597,233.23207597452895,12986151,SBIN.NS
2016-12-02,228.2467803955078,234.80403608480066,227.25869363631045,228.11203381582035,21139754,SBIN.NS
2016-12-05,230.7618865966797,231.5703112537932,227.43834320834327,228.5162473199261,8406973,SBIN.NS
2016-12-06,232.73805236816406,233.68120986792985,230.2678492460663,232.19909347718877,10048459,SBIN.NS
2016-12-07,229.59414672851562,236.01666906254323,226.04602599070438,233.8608610122343,22193202,SBIN.NS
2016-12-08,233.45664978027344,233.99560868009652,231.79487126106412,232.1541954693384,9047721,SBIN.NS
2016-12-09,239.51986694335938,240.01392400532856,232.4685545096207,234.2650658347726,16004173,SBIN.NS
2016-12-12,236.82513427734375,241.94520326108392,235.6124834746062,241.54097718930763,14296268,SBIN.NS
2016-12-13,239.0707244873047,239.6096833343978,234.93874320970514,237.94790497777143,9084137,SBIN.NS
2016-12-14,236.15142822265625,239.16059042983122,235.61246929691617,238.93602649515532,8672531,SBIN.NS
2016-12-15,238.3970489501953,240.2833913366642,232.64821815400384,233.4566427731798,12274497,SBIN.NS
2016-12-16,237.8131866455078,239.250401188017,236.28614105423165,239.250401188017,11017555,SBIN.NS
2016-12-19,234.75914001464844,237.58864007556355,234.31001215061144,236.55565147079636,8371299,SBIN.NS
2016-12-20,228.6510009765625,236.1514281692648,227.48326577525287,235.20827060887515,12765309,SBIN.NS
2016-12-21,229.3695831298828,231.74995509308906,228.24676358001318,230.04327485980457,8778450,SBIN.NS
2016-12-22,224.38429260253906,228.38152801133086,223.0818244859164,228.38152801133086,12981595,SBIN.NS
2016-12-23,223.80039978027344,226.18078558360597,222.58776282201188,224.3393586770302,10557157,SBIN.NS
2016-12-26,219.3540496826172,223.03690371115437,218.81510446063524,222.76742424701595,8592983,SBIN.NS
2016-12-27,223.44110107421875,224.51900515221246,218.36596194942243,219.71334547348806,8756536,SBIN.NS
2016-12-28,222.54283142089844,226.8095456459207,222.0038725625889,223.89021486037916,11747088,SBIN.NS
2016-12-29,222.45301818847656,223.53093599140894,220.52177391976213,222.45301818847656,10658616,SBIN.NS
2016-12-30,224.74359130859375,226.6299339114344,222.09373952368549,222.54286740947654,10538497,SBIN.NS
2017-01-02,218.81507873535156,227.84253692545232,217.91682309802465,226.8095484250437,25988990,SBIN.NS
2017-01-03,219.9828338623047,221.33021752509453,216.5694728816067,219.17440914714894,15963085,SBIN.NS
2017-01-04,218.1863250732422,221.33022032620704,217.55754876390836,220.79127507804756,11225978,SBIN.NS
2017-01-05,220.38702392578125,220.88105355640107,218.9048939150423,220.07262897330213,11970913,SBIN.NS
2017-01-06,220.8810577392578,223.66565572274104,220.52176096358602,220.97088878632246,12354302,SBIN.NS
2017-01-09,221.91407775878906,223.08181293284613,220.97090651411625,221.33020331861326,8329253,SBIN.NS
2017-01-10,223.03689575195312,223.66567200830798,221.33020167751067,222.49793684290933,9352013,SBIN.NS
2017-01-11,226.49514770507812,227.43831884152598,223.66564800202747,224.2495086689132,13415303,SBIN.NS
2017-01-12,225.6867218017578,228.56113700981516,225.05794561660355,227.1688380743567,11282323,SBIN.NS
2017-01-13,225.37234497070312,226.8993905940503,223.75549570929033,226.3604317027167,9333736,SBIN.NS
2017-01-16,229.7288818359375,230.31274252426417,225.1926880750445,225.50708303417017,13234727,SBIN.NS
2017-01-17,229.95347595214844,232.33384824804125,228.5162612449294,231.25595777706985,9480201,SBIN.NS
2017-01-18,232.06434631347656,232.91767271008743,230.49239896896648,230.94152678168365,8048897,SBIN.NS
2017-01-19,232.10926818847656,235.34299420201432,230.40258783517814,231.03137779235635,13029151,SBIN.NS
2017-01-20,225.507080078125,233.99559309401985,224.83338835136678,232.1990818226646,15341756,SBIN.NS
2017-01-23,228.2916717529297,229.23484294233802,224.65374727510192,225.46217189099838,9339939,SBIN.NS
2017-01-24,228.9653778076172,230.85172030429462,228.15695314120947,229.1450399168585,13540202,SBIN.NS
2017-01-25,232.827880859375,234.44473010193954,228.3365887986379,229.54923943685512,16343545,SBIN.NS
2017-01-27,239.3402099609375,240.91215722399934,233.09732272260078,233.81591622068083,18039379,SBIN.NS
2017-01-30,237.09458923339844,240.6426825951285,236.60053217949056,238.8012694819282,11884795,SBIN.NS
2017-01-31,233.86087036132812,237.00476522238378,233.23208042408191,234.5794639359629,8899165,SBIN.NS
2017-02-01,243.15782165527344,244.23571201536134,234.9836895481487,235.34298633484468,27253142,SBIN.NS
2017-02-02,245.49327087402344,247.0203165230193,241.36131660043637,244.19081656172781,20139955,SBIN.NS
2017-02-03,249.3108367919922,250.20909241352715,244.32552905750762,245.22378467904258,15366890,SBIN.NS
2017-02-06,248.86172485351562,253.7572292681487,247.9185673557842,251.51159007108544,14725291,SBIN.NS
2017-02-07,249.62525939941406,251.51160189615305,248.18804476320395,249.58035757839684,10981984,SBIN.NS
2017-02-08,248.99652099609375,250.83793443785237,244.8645387958883,249.80494574094897,13622088,SBIN.NS
2017-02-09,247.78379821777344,251.78101895591064,243.29252048104595,250.43363563489237,16080181,SBIN.NS
2017-02-10,248.2329864501953,254.0267196941247,247.02033568341318,250.38879480636882,37580487,SBIN.NS
2017-02-13,244.01113891601562,249.93963161749232,242.708684686675,249.53540561480133,19853043,SBIN.NS
2017-02-14,242.70867919921875,245.22378396718105,240.822336916954,244.32552834825364,13306738,SBIN.NS
2017-02-15,241.5858612060547,244.77465770841422,239.87915358921146,243.38237245529075,12201568,SBIN.NS
2017-02-16,242.97816467285156,248.81682667053562,242.21464185217522,248.81682667053562,21794688,SBIN.NS
2017-02-17,241.9451904296875,245.80767916865312,240.463073932763,243.5620398058615,17830528,SBIN.NS
2017-02-20,242.21463012695312,243.92131037652544,240.73251378949786,242.43919403907017,9229363,SBIN.NS
2017-02-21,243.15782165527344,243.8764152286654,241.31638107800163,242.52903171911476,7754157,SBIN.NS
2017-02-22,244.59500122070312,246.750836699233,242.0798963792007,244.23570444514374,12617613,SBIN.NS
2017-02-23,242.9332733154297,245.22381446351466,242.16975046187156,244.05609297872417,13146194,SBIN.NS
2017-02-27,240.9570770263672,243.83150605844529,240.37321633901638,243.24761795850762,9645350,SBIN.NS
2017-02-28,241.81044006347656,243.65185324276462,240.73252228225223,241.54094691187655,7941592,SBIN.NS
2017-03-01,244.10096740722656,245.4932526684338,242.3493579640169,242.52902005501812,7656892,SBIN.NS
2017-03-02,240.10372924804688,246.7508431256545,239.38513567821295,245.223797524023,14220808,SBIN.NS
2017-03-03,238.08265686035156,241.5409467085652,237.36406328186547,239.1605746406686,10120034,SBIN.NS
2017-03-06,242.39431762695312,242.84344549826022,239.25042252780352,239.47498646345707,9515073,SBIN.NS
2017-03-07,240.5528564453125,243.337454493073,239.29530399513962,243.24762344393477,11599142,SBIN.NS
2017-03-08,242.43922424316406,242.7985210647967,238.93603226021284,240.55288166385483,9122987,SBIN.NS
2017-03-09,245.44834899902344,246.03220967149016,241.09180374470287,241.63076260105143,15594429,SBIN.NS
2017-03-10,244.37046813964844,247.51436329445968,242.07992692046494,246.57120571305242,9557026,SBIN.NS
2017-03-14,246.70591735839844,250.07437616288937,245.94239454686291,250.07437616288937,15734886,SBIN.NS
2017-03-15,249.1311798095703,251.9606792815523,244.90936780131653,244.90936780131653,20055974,SBIN.NS
2017-03-16,250.88279724121094,251.69124927291227,247.96346631865347,249.71507583722297,18005184,SBIN.NS
2017-03-17,246.25677490234375,251.06244799404942,245.67291422673532,251.01754617768967,14265642,SBIN.NS
2017-03-20,246.03219604492188,246.79571876474557,244.1458538584706,246.79571876474557,9678185,SBIN.NS
2017-03-21,244.63995361328125,248.86173909785384,242.6637800417183,246.4813668952367,11898233,SBIN.NS
2017-03-22,240.28341674804688,243.42731192045122,239.6546267485298,242.79852192093418,9887203,SBIN.NS
2017-03-23,241.18162536621094,241.9900499128544,239.56477627292398,241.63075316018896,7998170,SBIN.NS
2017-03-24,248.36769104003906,250.56842838137817,241.31637859671036,242.0799013934558,20133467,SBIN.NS
2017-03-27,251.01756286621094,252.230186114407,247.19997619389034,247.91856977893897,15966114,SBIN.NS
2017-03-28,253.39793395996094,254.11652754218542,250.1642080147748,252.09545225301758,18673371,SBIN.NS
2017-03-29,259.1018981933594,260.4043526644421,254.34112597423174,254.34112597423174,31008407,SBIN.NS
2017-03-30,261.4372863769531,263.86258750801863,259.46114046699785,259.5958733270379,19683170,SBIN.NS
2017-03-31,263.54815673828125,264.98537101273115,259.1467102955015,262.2906045278559,20185269,SBIN.NS
2017-04-03,263.3236389160156,265.61420727629604,262.4703124941201,264.80575525938116,10509610,SBIN.NS
2017-04-05,267.0963134765625,268.3538658591594,260.17973425340085,263.45836177635954,21936647,SBIN.NS
2017-04-06,263.0542297363281,267.2760157610036,261.79667703562893,265.38970041625123,18413111,SBIN.NS
2017-04-07,260.0001220703125,264.80576811195795,258.38324537059333,262.0211973855202,10765502,SBIN.NS
2017-04-10,259.9102783203125,260.8085339720761,257.3951460478222,260.3144769160539,10307875,SBIN.NS
2017-04-11,264.5362854003906,265.12014608259403,259.4162172985742,259.86534511759015,11682024,SBIN.NS
2017-04-12,260.6288757324219,265.3896472047518,259.6857182491519,264.0871655253909,13251421,SBIN.NS
2017-04-13,261.88641357421875,263.2787262249459,260.49412833607755,260.71869223981554,9944020,SBIN.NS
2017-04-17,260.4043273925781,262.9643616736265,259.1467748688002,261.48224522015295,8146800,SBIN.NS
2017-04-18,260.7636413574219,266.6921349740366,259.05696086194257,261.4373331908419,13457050,SBIN.NS
2017-04-19,255.14955139160156,262.0661320807929,254.1165626945384,261.8864699540898,18149995,SBIN.NS
2017-04-20,255.82322692871094,257.7095694883949,253.4877839061013,255.01480223530066,14514929,SBIN.NS
2017-04-21,253.4877471923828,257.79936320782775,250.83788214559544,257.79936320782775,12042308,SBIN.NS
2017-04-24,256.946044921875,258.56292171061557,252.32003331710894,254.4309398006206,10077853,SBIN.NS
2017-04-25,256.946044921875,259.4162482209101,256.00288735455206,258.2485267173113,11531902,SBIN.NS
2017-04-26,257.3052978515625,260.04496614994,254.52070033082563,257.8891584415761,13836891,SBIN.NS
2017-04-27,253.35299682617188,258.6527271269848,252.4547411701137,257.3053436428975,22622372,SBIN.NS
2017-04-28,260.26959228515625,261.1678479962353,253.7572383798331,254.20636623537263,14152004,SBIN.NS
2017-05-02,258.9670715332031,262.73975591652555,257.88918128981436,260.7186808710138,9754789,SBIN.NS
2017-05-03,260.3144836425781,263.3685748675616,256.7214609426801,259.95518685510586,13950914,SBIN.NS
2017-05-04,268.62335205078125,269.47670591788983,263.27874716429596,264.08717179953203,24534923,SBIN.NS
2017-05-05,265.8836669921875,273.87813663207044,262.42537732750833,270.3749451508393,34756331,SBIN.NS
2017-05-08,268.9377746582031,270.150425441957,263.9973678753909,265.97354155355214,11560550,SBIN.NS
2017-05-09,266.33282470703125,270.2851444478217,265.21000504131865,270.2851444478217,7843574,SBIN.NS
2017-05-10,264.49139404296875,267.81492358756543,263.1889123512806,266.781935045496,8699405,SBIN.NS
2017-05-11,267.7699890136719,268.93771028141407,264.4913616887794,265.7938158085558,11934889,SBIN.NS
2017-05-12,267.5903625488281,271.812175224999,265.88368223322703,269.4767049661085,13376269,SBIN.NS
2017-05-15,270.7342529296875,271.2732118131583,267.2310613060086,268.03948592492105,10383539,SBIN.NS
2017-05-16,276.213623046875,277.02204768059215,268.89284469904453,271.27321678099594,17533439,SBIN.NS
2017-05-17,276.3483581542969,277.3813467175531,274.41711389906334,276.66275312900655,14120513,SBIN.NS
2017-05-18,272.1265563964844,276.57290535538783,271.2732025756653,273.8332366255358,15471393,SBIN.NS
2017-05-19,276.6627502441406,283.22000576216465,271.27321614847557,273.4739535359073,55250969,SBIN.NS
2017-05-22,264.35662841796875,277.9202942969638,263.368569127103,277.51609569958794,35771221,SBIN.NS
2017-05-23,259.4611511230469,265.79384251828805,258.0239365942257,264.9854179122596,19846852,SBIN.NS
2017-05-24,254.34109497070312,260.8983780024289,252.9937114260101,260.53905379377335,16435958,SBIN.NS
2017-05-25,260.583984375,261.7068040013895,254.70039308516573,255.23935198835042,15018467,SBIN.NS
2017-05-26,261.445068359375,263.7563240523364,258.589952001546,263.30313449210905,12304394,SBIN.NS
2017-05-29,257.4116516113281,263.6203536699677,256.77717520865207,261.8529034485798,10619968,SBIN.NS
2017-05-30,261.8075866699219,262.623322259596,254.73781368492965,256.86780992387907,9643418,SBIN.NS
2017-05-31,261.30908203125,264.20950619952504,260.31208715511934,261.9435584619648,10697171,SBIN.NS
2017-06-01,260.53863525390625,264.1188154415725,257.95544976376107,260.99182472023034,12186700,SBIN.NS
2017-06-02,260.1761169433594,263.3031359909267,259.5416681517269,262.759302983459,12004368,SBIN.NS
2017-06-05,260.3573913574219,262.62333906288245,259.90420181632976,261.0824835589715,7917410,SBIN.NS
2017-06-06,260.4026794433594,265.5237429966321,259.76823073037775,264.6626718698449,12346121,SBIN.NS
2017-06-07,263.34844970703125,264.20952095960587,260.3121016974706,261.21848084312967,10864355,SBIN.NS
2017-06-08,261.5810241699219,264.6627077000839,260.81059637225735,264.6627077000839,8370299,SBIN.NS
2017-06-09,261.53564453125,262.30607219904795,259.0431023275159,261.309049785456,10804887,SBIN.NS
2017-06-12,258.272705078125,260.1307709492803,257.6835366043761,259.90417620106666,10326846,SBIN.NS
2017-06-13,257.27569580078125,260.13078424207123,256.5052680853873,258.68057224729904,9171049,SBIN.NS
2017-06-14,257.5928955078125,259.49626907728054,256.14268372972674,259.13372304788135,11566255,SBIN.NS
2017-06-15,257.4116516113281,259.04312284607573,255.00975264775778,257.2757002851814,11925641,SBIN.NS
2017-06-16,259.1791076660156,259.8135564224775,256.7318730983211,258.0461338218041,19246907,SBIN.NS
2017-06-19,261.8075866699219,262.71396569411377,258.5899245377451,259.7682338654902,14848661,SBIN.NS
2017-06-20,262.9405822753906,263.75631793277444,258.8618763279766,260.6746345268273,14927701,SBIN.NS
2017-06-21,263.6656799316406,265.07058416103797,261.26378080069776,261.26378080069776,10537576,SBIN.NS
2017-06-22,266.92864990234375,268.1975751337872,263.80163088513,263.9829177726914,26110402,SBIN.NS
2017-06-23,261.89825439453125,267.8803343806192,260.8558962916416,267.1552421582132,20648597,SBIN.NS
2017-06-27,253.46885681152344,262.3513867314983,250.88567138427337,262.1700998851867,25523129,SBIN.NS
2017-06-28,250.523193359375,252.38128722675668,248.12129412641497,251.61085941152507,17241351,SBIN.NS
2017-06-29,246.94297790527344,253.15165213533527,246.21785808463247,251.202942752006,30457363,SBIN.NS
2017-06-30,248.03062438964844,249.0276468883612,244.45044369673988,246.53510447182617,12235472,SBIN.NS
2017-07-03,249.11827087402344,249.70741168528423,247.033582601227,248.438486631686,8951033,SBIN.NS
2017-07-04,247.44143676757812,250.56845499971547,246.5803657585871,249.2541945460952,7856082,SBIN.NS
2017-07-05,249.1636199951172,249.798096457166,246.85236425286095,248.25724085533102,10048734,SBIN.NS
2017-07-06,254.69252014160156,256.23337563370217,248.8916995921835,249.29955357974362,16115817,SBIN.NS
2017-07-07,253.87681579589844,255.96147686167703,253.06108005974585,254.33000538937185,5914038,SBIN.NS
2017-07-10,258.8165588378906,260.1308196879694,256.6865899339999,257.5023256483088,2095795,SBIN.NS
2017-07-11,257.0037536621094,262.57800662480645,256.50525627770986,260.5839617662247,12400820,SBIN.NS
2017-07-12,260.71990966796875,261.3996939071485,256.6865397784639,258.0461082568234,7524835,SBIN.NS
2017-07-13,261.7169189453125,262.84989262040045,259.7228742129617,261.852870254225,8434324,SBIN.NS
2017-07-14,264.3001403808594,266.1128985073941,260.3573859235476,261.7622624074145,13750192,SBIN.NS
2017-07-17,265.5690612792969,266.56608376500384,262.5326859339366,265.3877744053525,10549310,SBIN.NS
2017-07-18,263.75628662109375,268.65072764485075,262.84990762926867,264.52671429624337,11913832,SBIN.NS
2017-07-19,265.8409423828125,266.47541872969873,264.1188278618957,264.209471291521,9006728,SBIN.NS
2017-07-20,263.71099853515625,266.70203836854995,262.8952352528727,265.56906454370477,6256500,SBIN.NS
2017-07-21,263.4390563964844,264.8439604725298,261.26375228251857,263.8016024720633,7266604,SBIN.NS
2017-07-24,266.9739685058594,268.56013202392967,263.48443089450205,263.57504668142303,11195781,SBIN.NS
2017-07-25,268.37884521484375,269.46648349061536,267.0645845135642,268.2882017767393,10846999,SBIN.NS
2017-07-26,268.1069030761719,271.5964678355876,267.6084056793236,268.514784699406,12527914,SBIN.NS
2017-07-27,270.418212890625,271.77778155507207,268.46950333701653,269.19459556052357,22286060,SBIN.NS
2017-07-28,271.0979919433594,272.59351191302767,267.9256651214289,269.19459031810214,15766196,SBIN.NS
2017-07-31,283.2434387207031,284.467055908075,270.1009431640625,271.36986823743285,41547584,SBIN.NS
2017-08-01,280.0711364746094,285.32812408857575,279.11944950224296,284.6030318868199,14888804,SBIN.NS
2017-08-02,278.8928527832031,282.6089848668582,276.71752087214406,280.9775135940581,17005571,SBIN.NS
2017-08-03,272.4122314453125,278.62093390368057,271.09799832729004,278.25838779045006,14459919,SBIN.NS
2017-08-04,276.67218017578125,277.62386702865143,269.738386597823,272.18559321684245,9615344,SBIN.NS
2017-08-07,282.065185546875,282.6089908757079,276.5815754235209,277.1707163034198,11420767,SBIN.NS
2017-08-08,275.22198486328125,282.6089683702815,273.0013728527312,281.8838762159167,13578680,SBIN.NS
2017-08-09,273.9983825683594,278.666256920399,272.0043652050408,274.40626421520557,15852734,SBIN.NS
2017-08-10,268.9226379394531,274.08898121235035,264.6626459304858,273.0013430993408,14519518,SBIN.NS
2017-08-11,253.9220733642578,274.6328392132641,251.47486664083095,266.92861765117584,67652562,SBIN.NS
2017-08-14,252.1546630859375,255.96143850434774,250.61380763483513,255.1003950020793,23773509,SBIN.NS
2017-08-16,256.5959167480469,257.32100892995595,248.52914866721048,252.92506496833636,21074533,SBIN.NS
2017-08-17,254.5565643310547,258.0461292413837,253.78613659856742,257.2303659596362,12134114,SBIN.NS
2017-08-18,252.60784912109375,253.46889261146475,250.16061465268547,251.97337272987883,12653217,SBIN.NS
2017-08-21,248.93698120117188,254.37525507846888,247.75869959195404,252.87973529431045,9247153,SBIN.NS
2017-08-22,248.25723266601562,251.06701343876512,245.81002566561725,250.16063432887788,11814388,SBIN.NS
2017-08-23,252.87977600097656,253.51425245299095,248.52916726300754,249.02766471780757,11317821,SBIN.NS
2017-08-24,254.0580291748047,255.10038718002667,251.5201789736817,253.51422388920167,14138226,SBIN.NS
2017-08-28,253.19703674316406,255.68957955981136,252.87979848894565,255.68957955981136,10505317,SBIN.NS
2017-08-29,251.0670166015625,254.55658175068695,250.2059453721242,252.3812773916534,10335964,SBIN.NS
2017-08-30,250.70445251464844,253.10635148184022,250.1606195487481,251.97337766142016,7648702,SBIN.NS
2017-08-31,251.74679565429688,253.33295908326184,248.52916090545168,250.93105999435676,14222467,SBIN.NS
2017-09-01,251.83741760253906,254.1486730518551,250.70444382140516,251.65613073336056,8255209,SBIN.NS
2017-09-04,251.74679565429688,253.42360252558743,250.52317833413917,252.83446164121372,7168751,SBIN.NS
2017-09-05,250.6591339111328,253.33296337228356,250.1153285689626,252.06403813972722,9565430,SBIN.NS
2017-09-06,248.574462890625,250.74976715228183,248.0306299100872,250.1153183920664,7306781,SBIN.NS
2017-09-07,248.52914428710938,250.9763511032929,247.53212180918578,249.6167825408043,16102724,SBIN.NS
2017-09-08,246.3538055419922,249.6167755324508,245.71935682693984,249.16358602434522,7077895,SBIN.NS
2017-09-11,245.5834197998047,247.8946753614635,244.31446697486084,247.07893973149532,14489224,SBIN.NS
2017-09-12,247.84938049316406,249.8433979533441,245.17555103505308,246.53511970992398,8375133,SBIN.NS
2017-09-13,247.8040008544922,250.70442457573705,246.98826532679539,249.20890483154446,10150073,SBIN.NS
2017-09-14,248.52914428710938,249.79806941333342,246.8070019795626,247.8040244574862,8015217,SBIN.NS
2017-09-15,246.08193969726562,248.80107715248403,244.63172752238316,245.40215533346102,18404860,SBIN.NS
2017-09-18,245.08489990234375,248.34787015176514,244.22385636490264,247.44149106362002,17538678,SBIN.NS
2017-09-19,242.7283172607422,245.4474546206183,241.50472757719442,245.13024405702924,14331316,SBIN.NS
2017-09-20,244.7676544189453,246.58041254139036,242.4110909881618,243.04553973472127,12355806,SBIN.NS
2017-09-21,243.36277770996094,245.99127145294185,242.32044732263157,244.4957515354263,8509419,SBIN.NS
2017-09-22,237.33535766601562,242.36575028462622,236.6555733845551,242.22979896043276,12860892,SBIN.NS
2017-09-25,234.5255889892578,237.29003414309759,230.5828344248757,237.0181314809311,13937050,SBIN.NS
2017-09-26,234.07240295410156,235.3413281640577,232.03304997579863,234.29899772946854,11728345,SBIN.NS
2017-09-27,226.9573211669922,235.56792261923408,226.14158550887882,235.56792261923408,17080769,SBIN.NS
2017-09-28,228.9060516357422,229.81243076411158,226.14159252816592,226.82137687444296,17776419,SBIN.NS
2017-09-29,230.08433532714844,231.57985527924032,229.35922929603677,230.85474924812868,10073641,SBIN.NS
2017-10-03,227.77305603027344,232.3955808465208,227.13859346689597,232.3955808465208,10547836,SBIN.NS
2017-10-04,229.49517822265625,230.80942511076805,227.81838523790913,228.09028789526207,14063896,SBIN.NS
2017-10-05,228.04498291015625,230.31093061860275,225.86966481189924,229.94837068710297,13476692,SBIN.NS
2017-10-06,232.7128143310547,233.7551446761936,228.4981574030192,228.5434652900064,11932139,SBIN.NS
2017-10-09,232.803466796875,234.38963014985674,230.44687571177482,232.75813124763644,8009211,SBIN.NS
2017-10-10,232.8941192626953,234.02709313017195,231.76113156497127,232.80347582119822,9742878,SBIN.NS
2017-10-11,228.18092346191406,234.2536740978882,227.00262794313193,233.07536474885947,14192548,SBIN.NS
2017-10-12,227.68243408203125,229.26859755529614,225.23521320361502,228.4075401501448,13404759,SBIN.NS
2017-10-13,228.49815368652344,231.44388546558682,226.77602527138487,227.59177467758084,15697555,SBIN.NS
2017-10-16,228.45285034179688,230.8547493765527,226.685413898274,230.76411976651784,12171830,SBIN.NS
2017-10-17,227.6370849609375,230.85473324261596,227.18389545169396,228.45283437572365,13505216,SBIN.NS
2017-10-18,220.92990112304688,224.60073916929466,219.8422489912598,222.9692540564904,20677891,SBIN.NS
2017-10-19,220.0235137939453,222.28946141283248,218.57330178575884,220.97521455992725,3458869,SBIN.NS
2017-10-23,222.92393493652344,223.87563574928038,219.6156567824488,221.1564984729733,8901335,SBIN.NS
2017-10-24,230.62814331054688,231.39857102446945,222.92392149230727,222.96924321022857,17197805,SBIN.NS
2017-10-25,294.4825744628906,297.3376631966708,253.65020562935342,253.65020562935342,262677081,SBIN.NS
2017-10-26,290.4944763183594,318.4109391094056,287.77533925453696,299.1050770204636,112804243,SBIN.NS
2017-10-27,281.92919921875,293.30427316611866,281.06815569683783,290.2678977434946,27580765,SBIN.NS
2017-10-30,282.7902526855469,292.17128102307936,281.52132759662044,282.7902526855469,28530254,SBIN.NS
2017-10-31,277.1706848144531,284.46705229964005,275.81111632583975,283.6966246239941,16455750,SBIN.NS
2017-11-01,289.9053649902344,291.35557710395926,280.4336921897926,280.4336921897926,34907283,SBIN.NS
2017-11-02,284.9202575683594,292.89638207890073,284.1951377379963,290.04129362685995,23110527,SBIN.NS
2017-11-03,294.5731506347656,296.83909794734075,283.33405749649097,285.9172429649245,26898400,SBIN.NS
2017-11-06,298.1986999511719,299.1050789783791,291.3555493599545,293.30425873635147,17143407,SBIN.NS
2017-11-07,287.5034484863281,300.64594483759197,285.96259302232727,298.1534024261454,21883541,SBIN.NS
2017-11-08,280.5696716308594,289.40686887291014,277.9411774704516,288.22858697150264,20242447,SBIN.NS
2017-11-09,284.33111572265625,288.22853452786086,279.3460310059794,283.83259065469264,21846178,SBIN.NS
2017-11-10,302.32269287109375,306.8092798144077,280.52428981553675,285.5093741256675,82984969,SBIN.NS
2017-11-13,300.0567626953125,312.5194741866076,298.87848103669614,305.22313415953727,38777555,SBIN.NS
2017-11-14,298.2893371582031,303.3650651366892,296.83912521285106,299.4223109185575,25647162,SBIN.NS
2017-11-15,294.5278625488281,300.14739566542664,292.080628222565,297.2923073917807,17389606,SBIN.NS
2017-11-16,302.186767578125,302.91188740923855,293.34957190378583,296.7484933169932,22506014,SBIN.NS
2017-11-17,305.9029541015625,314.24165309978855,304.5433854166667,312.7007975260417,26518142,SBIN.NS
2017-11-20,301.82421875,305.58568621433534,300.23805543825074,305.5403783267683,13507662,SBIN.NS
2017-11-21,299.6942138671875,303.9995141609925,299.10507304329155,303.63696808940205,14189920,SBIN.NS
2017-11-22,303.9089050292969,307.8516596965188,296.3859694678582,299.8755345793189,22861716,SBIN.NS
2017-11-23,303.5917053222656,305.1325332706423,300.60063755101146,304.0902027872265,13338423,SBIN.NS
2017-11-24,301.2803955078125,305.44974473661284,300.464659881861,304.5433656721125,11716981,SBIN.NS
2017-11-27,304.22613525390625,305.4497525543982,297.3376486552986,299.0144554996398,13114683,SBIN.NS
2017-11-28,300.9178771972656,305.17787025793154,300.1927849429166,304.5433937900038,16054996,SBIN.NS
2017-11-29,298.10809326171875,303.50106020254606,296.5672653218368,301.235112355223,11264624,SBIN.NS
2017-11-30,290.3584899902344,295.9327147669161,288.6816834709427,295.29823846432276,27276288,SBIN.NS
2017-12-01,283.47003173828125,292.12594010845885,282.11046324073556,291.4008479739646,16425620,SBIN.NS
2017-12-04,284.2404479980469,286.37044409071575,282.01980847708535,285.2374703882845,13887727,SBIN.NS
2017-12-05,289.2255554199219,290.6757674071145,279.889834768958,283.2434482605602,15130931,SBIN.NS
2017-12-06,283.15283203125,287.684727638858,282.3370963539797,287.0502788500903,18658202,SBIN.NS
2017-12-07,286.7783508300781,288.00196818609936,283.1981698674926,283.2434777597358,12278558,SBIN.NS
2017-12-08,283.7872619628906,288.9989410573558,282.8808829899402,286.9595883682173,16418832,SBIN.NS
2017-12-11,288.591064453125,289.40680001080904,285.60002485478634,286.37045252723465,14014369,SBIN.NS
2017-12-12,288.6364440917969,290.49451023817034,285.19218681248833,288.00196763862283,17658856,SBIN.NS
2017-12-13,283.9685363769531,289.08959997691596,282.0198270127909,286.55172212037394,17540585,SBIN.NS
2017-12-14,284.6030578613281,285.8719831604576,280.52435161809257,284.8749605466784,13894451,SBIN.NS
2017-12-15,283.01690673828125,289.45220462535866,282.3371223345864,288.5911333164792,16050711,SBIN.NS
2017-12-18,289.04425048828125,293.2135993182589,272.2762393989836,279.16472516236087,32119915,SBIN.NS
2017-12-19,289.8599853515625,292.0806249061236,288.5910603177381,289.54277483847477,14741481,SBIN.NS
2017-12-20,287.7753601074219,289.1349287378506,286.86898102046933,289.1349287378506,9895770,SBIN.NS
2017-12-21,287.0955810546875,288.40984181905696,285.8719637327737,286.95962972125153,9916409,SBIN.NS
2017-12-22,289.9053649902344,293.53088144429887,286.8689894278562,287.412822428065,13821639,SBIN.NS
2017-12-26,287.4581298828125,289.99600799309917,286.6877021053952,288.7723906596123,9329690,SBIN.NS
2017-12-27,285.37347412109375,290.31322377478836,283.7419750936062,286.8689941509188,14276027,SBIN.NS
2017-12-28,279.52728271484375,286.8689582689923,278.8474984535428,285.7812923867138,20353152,SBIN.NS
2017-12-29,280.8868713378906,282.79027293784037,280.11644358785213,280.9775147779824,11939569,SBIN.NS
2018-01-01,278.3490295410156,283.47006596805164,277.6239096584693,281.52135641835594,12182400,SBIN.NS
2018-01-02,274.85943603515625,280.0711153664082,273.13732144040625,280.0711153664082,14797364,SBIN.NS
2018-01-03,274.49688720703125,277.75985715725665,273.86241083930975,276.71749917307244,13857373,SBIN.NS
2018-01-04,279.6179504394531,281.1588059631229,274.76881675548685,275.9924340642252,24517099,SBIN.NS
2018-01-05,277.6692199707031,282.24642298489664,276.9894357016352,282.24642298489664,14580575,SBIN.NS
2018-01-08,277.1706848144531,280.52429815056286,276.44559268472267,278.439637532219,13557197,SBIN.NS
2018-01-09,275.8111267089844,280.5243087111392,274.90474768245406,278.7115506580786,15574755,SBIN.NS
2018-01-10,272.9107666015625,277.2160675483574,271.9137440081002,276.12840150812644,13064599,SBIN.NS
2018-01-11,273.9077453613281,274.6328374984474,271.91370049351224,272.72943606289437,12298455,SBIN.NS
2018-01-12,273.95306396484375,276.128368121796,272.4122085375688,276.128368121796,17594228,SBIN.NS
2018-01-15,274.27032470703125,276.67222382071395,273.3186100435375,275.4939420398116,18189668,SBIN.NS
2018-01-16,268.42413330078125,274.9500731159377,267.65370562447237,274.0890020082116,18040940,SBIN.NS
2018-01-17,278.3490295410156,279.52731131697254,265.2065324777487,268.2882159122088,26277307,SBIN.NS
2018-01-18,274.85943603515625,288.04723962656203,272.3668937462966,285.5093894511928,40000111,SBIN.NS
2018-01-19,280.2976989746094,280.97748320817755,274.17964087249584,275.4939014549241,18461642,SBIN.NS
2018-01-22,277.80517578125,279.84452862140597,275.58453606888287,279.4819825374769,12622645,SBIN.NS
2018-01-23,288.3191833496094,290.53979544131346,277.6692294377711,277.71453732639,35252217,SBIN.NS
2018-01-24,299.0144348144531,300.55529022114536,286.59705876828815,287.95662730578385,38070520,SBIN.NS
2018-01-25,283.8326416015625,301.5976794945747,282.65435970304816,301.5976794945747,42466150,SBIN.NS
2018-01-29,282.88092041015625,287.23152899163176,281.8838978759238,283.8326073934494,23600898,SBIN.NS
2018-01-30,284.1951599121094,288.9989858089151,281.88390423738366,282.8355912421542,25810404,SBIN.NS
2018-01-31,283.9232177734375,286.9595929130091,279.0287767740863,283.6966230266111,16409938,SBIN.NS
2018-02-01,277.3973388671875,287.68474816246703,276.44565178589414,287.2315585693754,19515991,SBIN.NS
2018-02-02,269.5118103027344,277.12538862828956,267.8350035638906,274.5422028587727,23274673,SBIN.NS
2018-02-05,270.146240234375,272.2762363403757,262.84990060924576,265.2517993413355,18940578,SBIN.NS
2018-02-06,264.43609619140625,269.466489013626,256.4146358133984,258.3180374106282,30577218,SBIN.NS
2018-02-07,265.3877868652344,270.0103257629074,262.84993647382294,268.8320440084296,21463818,SBIN.NS
2018-02-08,273.18267822265625,274.90479312563986,265.16121697977513,265.47845522360046,18932796,SBIN.NS
2018-02-09,268.6507568359375,272.45756007943953,267.3818316416017,269.1945898222228,15750824,SBIN.NS
2018-02-12,261.7169189453125,265.02519654447127,258.4539492289612,261.26372947527733,50839665,SBIN.NS
2018-02-14,250.3419189453125,261.6716577161812,249.25425295911108,261.6716577161812,45641149,SBIN.NS
2018-02-15,252.60784912109375,255.87079153164734,248.57445133514125,249.0729487421722,26058237,SBIN.NS
2018-02-16,246.21786499023438,254.873801569922,244.76765296877164,254.23932516662776,30338112,SBIN.NS
2018-02-19,243.36277770996094,246.53510442126395,232.6221803124505,246.08191489107782,43847791,SBIN.NS
2018-02-20,244.40512084960938,248.52916238577959,240.00917664533793,243.81597996172655,33458021,SBIN.NS
2018-02-21,247.71339416503906,248.43851403313752,242.36576306760088,246.71639929470757,23714454,SBIN.NS
2018-02-22,247.07896423339844,247.98534339224398,244.22387541513427,245.0849190197395,25584062,SBIN.NS
2018-02-23,250.20591735839844,251.24827535959082,246.98828290221795,247.84935403524838,15482147,SBIN.NS
2018-02-26,248.75575256347656,253.78614545380952,248.21191957683374,253.78614545380952,15306032,SBIN.NS
2018-02-27,242.54705810546875,250.06999373917398,241.05153808918948,247.44149982260802,20824909,SBIN.NS
2018-02-28,242.90960693359375,244.4504625193858,236.38366613088093,239.51068519478414,26810799,SBIN.NS
2018-03-01,237.60726928710938,244.72235056717994,236.79153365065096,241.3687369211357,22859175,SBIN.NS
2018-03-05,238.8308868408203,240.19045545661245,234.52558622414517,236.066441719574,18484565,SBIN.NS
2018-03-06,232.5315399169922,241.09683321378483,231.1266634192298,240.96088188504882,20778164,SBIN.NS
2018-03-07,223.55838012695312,231.44388867841448,223.0145610121861,231.17197220590785,31262500,SBIN.NS
2018-03-08,232.7581329345703,233.80049098819362,221.42840844712026,223.87562915769342,33133336,SBIN.NS
2018-03-09,229.54049682617188,233.3019643911259,228.09028479882386,232.93941829941232,21536191,SBIN.NS
2018-03-12,229.1779327392578,231.35323677922665,224.1022048723361,230.31090647470944,25332474,SBIN.NS
2018-03-13,230.85472106933594,237.83383637761926,226.2321966169514,227.77303810107958,37647221,SBIN.NS
2018-03-14,232.9847412109375,233.70986110161377,226.59477949342124,228.86072728835546,25471485,SBIN.NS
2018-03-15,229.9483642578125,234.57088915565058,228.90603387316926,232.93941791538236,18339890,SBIN.NS
2018-03-16,228.67942810058594,231.76111121746658,226.68539703494284,227.18389442866896,25728297,SBIN.NS
2018-03-19,224.73667907714844,229.85772892566564,223.05988615968872,229.2232525366439,18167594,SBIN.NS
2018-03-20,225.77902221679688,228.63411063313987,222.3801008496045,223.73966939648145,20556571,SBIN.NS
2018-03-21,224.78201293945312,230.49220393743224,223.9662772955621,228.18093450607793,19533972,SBIN.NS
2018-03-22,218.93585205078125,224.1928530608853,218.1201026457975,223.8756148761284,26828240,SBIN.NS
2018-03-23,212.81781005859375,217.21374028416284,210.59718408585812,215.53694728975913,27150262,SBIN.NS
2018-03-26,223.42242431640625,224.64604150297586,212.31928152583436,212.77247102749035,30373940,SBIN.NS
2018-03-27,230.53750610351562,231.57983643010456,224.78199387344787,226.59475188855632,31205051,SBIN.NS
2018-03-28,226.50411987304688,232.21432450476684,225.41646777520597,228.40752141695353,36673566,SBIN.NS
2018-04-02,223.10520935058594,228.40753260384562,221.97223547854304,228.22625955036824,14993188,SBIN.NS
2018-04-03,227.04795837402344,229.1326330133673,225.0086054544963,226.18690101849472,19883309,SBIN.NS
2018-04-04,224.14755249023438,229.3139105548677,222.51606735660087,228.1356149677853,18824449,SBIN.NS
2018-04-05,235.02407836914062,237.38066944897048,226.59476420491526,228.95135528474512,22880821,SBIN.NS
2018-04-06,235.38662719726562,236.9727903787553,230.99068370503892,235.3412916529286,24868860,SBIN.NS
2018-04-09,236.24769592285156,238.15109747664758,233.48325086029823,236.24769592285156,20208874,SBIN.NS
2018-04-10,238.6496124267578,240.19046800267137,234.2990036931719,236.65559494907083,21201141,SBIN.NS
2018-04-11,232.9847412109375,238.37770802707914,232.30495687245724,238.37770802707914,14885838,SBIN.NS
2018-04-12,230.0390167236328,233.3926166039311,228.6341263624917,233.3926166039311,18660913,SBIN.NS
2018-04-13,227.45582580566406,231.987721174696,226.32285196340607,230.22028474682295,25654020,SBIN.NS
2018-04-16,225.68836975097656,227.7730442054886,223.96625519260564,226.00560793131928,16408377,SBIN.NS
2018-04-17,224.91798400878906,228.86073890418834,223.5131073688235,227.86371629171427,15922452,SBIN.NS
2018-04-18,223.37710571289062,226.50411055184176,222.33477537665567,226.1415644775634,16142387,SBIN.NS
2018-04-19,223.10520935058594,225.18988404119435,222.24415197388282,223.9662805575365,13166927,SBIN.NS
2018-04-20,218.61862182617188,222.8332926631002,217.0777802232047,222.8332926631002,15546939,SBIN.NS
2018-04-23,219.75160217285156,221.92692023323264,216.8965136420197,219.2530909196238,12111837,SBIN.NS
2018-04-24,218.07481384277344,220.6126642219251,217.1684347558629,219.34373903234928,9486349,SBIN.NS
2018-04-25,214.9931182861328,218.21076683521454,214.58525045996694,217.25906602066257,13124853,SBIN.NS
2018-04-26,211.36756896972656,216.44329663613146,210.73310646898727,216.0807367569624,24495144,SBIN.NS
2018-04-27,219.88755798339844,222.7879681103589,211.41290852953708,211.41290852953708,31401889,SBIN.NS
2018-04-30,223.331787109375,226.32284066972971,221.60967248717648,221.881588961799,17263193,SBIN.NS
2018-05-02,218.43734741210938,223.24115906315527,217.3043736184781,222.87859915104536,12887066,SBIN.NS
2018-05-03,219.2530975341797,220.61266617659152,216.39800891721384,218.39204016003504,12939642,SBIN.NS
2018-05-04,219.2984161376953,221.06585258165742,217.8482179045521,220.70330648093343,12777310,SBIN.NS
2018-05-07,223.42242431640625,224.96326585598746,219.3890405177171,219.7515865869435,15122614,SBIN.NS
2018-05-08,226.6400909423828,228.95136035450165,221.70032773938198,224.78201106870898,23293920,SBIN.NS
2018-05-09,224.78201293945312,226.41349805748249,223.241171261966,226.41349805748249,11429823,SBIN.NS
2018-05-10,224.73667907714844,226.77603190694154,223.2411592007321,225.0085955538368,13160967,SBIN.NS
2018-05-11,226.91200256347656,228.04497638528292,223.01456985041332,224.41946015550258,11958589,SBIN.NS
2018-05-14,229.8577423095703,231.85177353764718,224.9179652144686,226.5494503393487,18673849,SBIN.NS
2018-05-15,224.78201293945312,233.34730635154543,222.87861133004435,229.31390836161953,18026861,SBIN.NS
2018-05-16,220.34075927734375,225.41647381331055,218.07481158354238,222.5160635312942,17222004,SBIN.NS
2018-05-17,219.9781951904297,222.96924885576368,218.5733048807769,221.3377637810136,11721064,SBIN.NS
2018-05-18,216.4886474609375,221.15649416217974,215.58226838650234,220.25011508774458,11873041,SBIN.NS
2018-05-21,221.56436157226562,222.7426571329144,217.80289395237423,220.7486259388726,18780730,SBIN.NS
2018-05-22,230.129638671875,235.3866538360447,218.43735428577267,220.83925327175396,68713602,SBIN.NS
2018-05-23,238.55899047851562,244.495762526642,230.4922081804149,230.80943256765778,71202072,SBIN.NS
2018-05-24,243.36277770996094,244.4504436466052,236.24769655393968,239.14812061132852,34679642,SBIN.NS
2018-05-25,241.9578857421875,243.27211869930338,237.96979600344304,242.7282857657935,22317308,SBIN.NS
2018-05-28,246.58042907714844,248.52916631785482,241.14215434512093,242.36577169192626,18959368,SBIN.NS
2018-05-29,239.55596923828125,245.58341198344266,238.19640067810826,245.1755303511935,16107543,SBIN.NS
2018-05-30,242.13916015625,242.90958788874215,235.61324752568453,236.1117449440945,19320209,SBIN.NS
2018-05-31,244.31448364257812,249.07297407927103,238.51366273756594,241.8672765857193,31935892,SBIN.NS
2018-06-01,241.73130798339844,244.54106095980086,239.82790641256577,244.0425635376634,16574717,SBIN.NS
2018-06-04,238.37770080566406,243.22683447202272,236.83684528758928,242.90959625824323,12933824,SBIN.NS
2018-06-05,238.87619018554688,240.41704565165887,236.4742912087789,236.4742912087789,14102731,SBIN.NS
2018-06-06,244.85830688476562,245.991280753065,237.6526096786784,238.37770189019207,18315171,SBIN.NS
2018-06-07,244.40512084960938,247.35085294951872,243.27214696502887,245.6740460682405,18773700,SBIN.NS
2018-06-08,247.44143676757812,248.2571722358131,242.00316343202695,243.77061333027652,14096549,SBIN.NS
2018-06-11,248.34786987304688,252.33593232431073,247.57744211688922,247.7133934478595,18219428,SBIN.NS
2018-06-12,256.36932373046875,257.7742002151751,248.3478634836605,248.3478634836605,31358021,SBIN.NS
2018-06-13,260.7652893066406,262.5327120310685,257.0944371980666,257.41167542875763,26748300,SBIN.NS
2018-06-14,256.1427307128906,259.7229114430773,254.96442132559972,259.7229114430773,18513730,SBIN.NS
2018-06-15,251.474853515625,256.9131272756126,250.7044258675286,256.2786509394178,16949917,SBIN.NS
2018-06-18,250.93106079101562,253.55955466383207,249.66213557591405,251.97339122983135,13542420,SBIN.NS
2018-06-19,247.07896423339844,250.79512431676457,244.49577809858923,250.16064784137396,20726975,SBIN.NS
2018-06-20,247.71339416503906,249.02765490937742,245.71937676388137,247.62277838445962,14002946,SBIN.NS
2018-06-21,243.4987335205078,249.0276514226826,243.00023609232161,249.0276514226826,12954943,SBIN.NS
2018-06-22,247.48675537109375,248.0759238030305,240.87020025701602,243.8159317747406,20784133,SBIN.NS
2018-06-25,243.3174591064453,247.5774239063076,242.18448533087144,246.3991422439078,10934401,SBIN.NS
2018-06-26,242.3657684326172,245.810025646214,240.5530102129858,242.2298170982439,16867009,SBIN.NS
2018-06-27,237.19940185546875,242.32043781351422,236.56492547390872,242.32043781351422,16277655,SBIN.NS
2018-06-28,232.93942260742188,237.47131798888924,231.76112704219094,236.02110593472082,21349738,SBIN.NS
2018-06-29,235.06939697265625,238.78555636982608,234.02706666455163,234.072374549929,16244724,SBIN.NS
2018-07-02,234.61624145507812,237.24473537894437,230.22029717765756,234.70688489945192,21896701,SBIN.NS
2018-07-03,233.3926239013672,236.47430738388806,232.3956013351263,235.29602558955514,16099030,SBIN.NS
2018-07-04,233.34730529785156,234.1630409380591,230.6734759466494,231.806449797075,14206935,SBIN.NS
2018-07-05,232.44093322753906,234.4802862198086,231.262623791264,233.75516633737118,11215032,SBIN.NS
2018-07-06,233.12069702148438,236.3836393932699,231.6251633274208,232.12367455877535,16174019,SBIN.NS
2018-07-09,237.06344604492188,237.83387382340885,233.80050336508714,234.02709814343652,13220744,SBIN.NS
2018-07-10,239.05747985839844,240.87023799950478,237.83386258105284,239.1481232975526,11487165,SBIN.NS
2018-07-11,234.84280395507812,238.06043833434558,233.75513809309064,238.06043833434558,12857179,SBIN.NS
2018-07-12,238.15110778808594,239.73727120817784,236.70089570047435,236.92749047477318,10642215,SBIN.NS
2018-07-13,233.61920166015625,237.83385873802735,232.75813049284665,237.56195608545255,11976239,SBIN.NS
2018-07-16,228.04498291015625,233.39261396999112,227.50114992803017,232.9394244283018,8965623,SBIN.NS
2018-07-17,234.7974853515625,235.5226051987085,227.00263370307667,227.2292284689672,16067598,SBIN.NS
2018-07-18,235.2506866455078,237.92451608090082,232.16900320741615,235.74921175168876,17641125,SBIN.NS
2018-07-19,235.83984375,238.8308835999575,232.2143274904181,235.11472390178727,9958284,SBIN.NS
2018-07-20,237.0181427001953,238.37771139637235,234.3443132001821,235.56793055884063,6120163,SBIN.NS
2018-07-23,241.4140625,242.4563928624502,236.20238302725573,237.4713081493905,17013119,SBIN.NS
2018-07-24,241.8672332763672,243.99722938444077,240.6889240210224,242.18447144744044,9320281,SBIN.NS
2018-07-25,246.399169921875,247.30554904414748,240.7796082995873,242.90960476902677,13099277,SBIN.NS
2018-07-26,260.7652893066406,262.30611724636015,248.5291709323863,249.34490662523734,53496546,SBIN.NS
2018-07-27,259.9041748046875,269.1945594315333,258.4086550066106,262.3967170216461,32175436,SBIN.NS
2018-07-30,269.5571594238281,271.5058691057679,262.124866831698,262.124866831698,40949610,SBIN.NS
2018-07-31,266.022216796875,274.08898376730576,264.48136154680276,269.1945430619144,36510328,SBIN.NS
2018-08-01,267.47247314453125,270.1009669552858,261.3544143292689,266.9286401621868,33885474,SBIN.NS
2018-08-02,266.3847961425781,268.65074375804835,263.3484208057494,265.5690605331075,15665209,SBIN.NS
2018-08-03,271.23394775390625,271.86842419296727,266.92864699590774,267.0192904387015,18254462,SBIN.NS
2018-08-06,279.6179504394531,282.201136388902,272.45756113047696,272.45756113047696,31576923,SBIN.NS
2018-08-07,275.5845642089844,282.518386701926,274.6781850763641,280.8415797744793,23928622,SBIN.NS
2018-08-08,279.79925537109375,281.79327290979796,274.67819103235,275.5845701846237,20498279,SBIN.NS
2018-08-09,287.6847229003906,289.90536277574057,281.1134743775943,283.6513524723507,46464355,SBIN.NS
2018-08-10,275.94708251953125,295.8420838849535,272.3668746011765,287.9112680687795,111510771,SBIN.NS
2018-08-13,266.6114196777344,274.45159374130077,263.84697435270976,268.2882266262477,58127432,SBIN.NS
2018-08-14,267.29119873046875,270.9620507871372,265.8863221493399,268.92269775359773,25294933,SBIN.NS
2018-08-16,265.29718017578125,270.46352457687374,263.0765402618277,266.02227240946223,31083900,SBIN.NS
2018-08-17,273.8171081542969,274.36094109974636,266.5207404288762,267.3818115642122,21931134,SBIN.NS
2018-08-20,278.8475036621094,279.7992182420031,275.1766796467143,275.62986916271336,20240462,SBIN.NS
2018-08-21,278.2583312988281,279.9351378501535,274.95005373893673,279.436612842738,14139592,SBIN.NS
2018-08-23,274.13433837890625,278.21304386052697,270.37284341746255,278.21304386052697,22721004,SBIN.NS
2018-08-24,272.3215637207031,277.080053158036,271.00730319286276,272.45751502967175,18869585,SBIN.NS
2018-08-27,279.1647644042969,281.2947608336365,274.9047715456177,275.53924798346185,28111768,SBIN.NS
2018-08-28,276.76287841796875,281.20413071177666,274.9954280148887,279.2100855216606,16890236,SBIN.NS
2018-08-29,280.7055969238281,282.79025763062594,277.1253886877048,278.07707560591837,24320824,SBIN.NS
2018-08-30,279.7085876464844,281.4307023542343,277.3519965230135,280.34303640171106,19935935,SBIN.NS
2018-08-31,280.61492919921875,281.5666160350564,276.0376988932379,279.07407391592017,18100140,SBIN.NS
2018-09-03,277.6692199707031,283.2434454449614,276.2643158850005,283.2434454449614,14708076,SBIN.NS
2018-09-04,268.6507568359375,278.6662623801655,267.78971329643934,278.0770938430679,42859084,SBIN.NS
2018-09-05,268.7867126464844,270.8714011852349,263.212486680284,268.74140475541174,22922686,SBIN.NS
2018-09-06,268.6960754394531,271.77775862004086,266.928625260627,270.1009518766277,18001336,SBIN.NS
2018-09-07,264.3454284667969,268.1975391971082,262.35141127328376,268.1975391971082,23716678,SBIN.NS
2018-09-10,258.1820983886719,265.79567748004195,257.2303837144408,263.43908623115476,23354395,SBIN.NS
2018-09-11,256.1427307128906,264.1641910144516,255.28165953219704,260.4480312953703,28361400,SBIN.NS
2018-09-12,258.58990478515625,259.8588574504891,253.78610738807814,257.41162320790784,22717796,SBIN.NS
2018-09-14,263.4390563964844,264.4813867364584,261.6716339053526,262.940559000125,15149585,SBIN.NS
2018-09-17,258.58990478515625,261.4903285052162,257.5022666355017,261.4903285052162,16089996,SBIN.NS
2018-09-18,248.16656494140625,260.0401356512747,246.89763984381943,258.318021043086,33901000,SBIN.NS
2018-09-19,246.08193969726562,256.3693486016079,245.17556054552617,249.61681285695025,40759431,SBIN.NS
2018-09-21,245.2661895751953,253.2876501286594,229.67645801749674,248.5291598617479,39308482,SBIN.NS
2018-09-24,239.60130310058594,247.44147621031604,238.01513979154544,247.16957356439198,24633374,SBIN.NS
2018-09-25,245.53807067871094,247.39616426368184,236.38363705606548,239.2840609806338,28948831,SBIN.NS
2018-09-26,239.14813232421875,248.34787470547963,238.15110977687874,248.34787470547963,23951904,SBIN.NS
2018-09-27,240.5076904296875,243.45342239093551,239.05747839358966,239.73726269233921,24829383,SBIN.NS
2018-09-28,240.64366149902344,247.8946946138716,237.92452408095536,241.4593971923446,33803139,SBIN.NS
2018-10-01,248.2119140625,249.43553134013848,239.37471812249117,240.64364328947056,17711738,SBIN.NS
2018-10-03,246.26321411132812,252.60786785196086,245.26619156284397,247.7587341038068,19714943,SBIN.NS
2018-10-04,245.94598388671875,247.169601251428,240.82494730456108,242.86430035891118,17754204,SBIN.NS
2018-10-05,234.1630401611328,245.62872995729902,232.0330437973009,245.62872995729902,36628643,SBIN.NS
2018-10-08,240.87022399902344,243.3627662981667,234.16302479888196,235.43194989180185,21100804,SBIN.NS
2018-10-09,238.33238220214844,243.04553666467476,235.65855294111913,242.9095853393074,16010883,SBIN.NS
2018-10-10,252.56253051757812,254.19402949280718,236.74623182922818,237.10877793689187,31772330,SBIN.NS
2018-10-11,237.60726928710938,246.08191918144206,236.20239278323623,242.90959241483046,46291120,SBIN.NS
2018-10-12,239.05747985839844,242.8189474690953,237.0181269496538,241.09683276714307,42967696,SBIN.NS
2018-10-15,238.55899047851562,240.8249382313112,236.65558883406834,239.6466288035605,21965859,SBIN.NS
2018-10-16,244.9942626953125,245.49278780277407,238.6949444687144,239.82791835772434,33597068,SBIN.NS
2018-10-17,236.70089721679688,249.25425332546953,235.65856678044392,248.1212794467174,21631573,SBIN.NS
2018-10-19,236.65557861328125,239.4653592374967,233.93644142736187,235.38665345861764,28474307,SBIN.NS
2018-10-22,235.9757843017578,241.0968202524654,235.16004871270138,241.0968202524654,19933462,SBIN.NS
2018-10-23,231.71578979492188,234.75216502913466,231.12664896690865,233.84578601357816,20206307,SBIN.NS
2018-10-24,231.7611083984375,237.29001202091317,229.13261482073142,235.88513562986964,25636533,SBIN.NS
2018-10-25,226.18690490722656,231.12666818673677,225.1445606545105,230.67347864127257,33066232,SBIN.NS
2018-10-26,224.87265014648438,228.86071247534207,224.23817374077106,228.40752294568793,20543437,SBIN.NS
2018-10-29,242.81893920898438,244.04255644470547,225.14454793443744,226.59475993008866,37768359,SBIN.NS
2018-10-30,247.5774383544922,252.970404905145,241.09683351211135,242.45640212214207,33401683,SBIN.NS
2018-10-31,255.05508422851562,256.2787015984856,243.45344231142104,249.25426326996833,28137370,SBIN.NS
2018-11-01,259.1337890625,261.9435699119943,252.7438272274612,256.5052951041328,29144808,SBIN.NS
2018-11-02,258.6352844238281,265.387792193199,256.68657487053304,260.9465400888184,27760214,SBIN.NS
2018-11-05,267.33648681640625,271.9136895258958,256.9584366019715,259.63226561317254,44619891,SBIN.NS
2018-11-06,259.6322937011719,270.37286347100735,257.3210104938639,268.3788461283917,40688243,SBIN.NS
2018-11-07,259.722900390625,261.8528966465722,259.1790951001644,261.8528966465722,3312160,SBIN.NS
2018-11-09,256.7319030761719,260.58401459629096,256.00681079540726,260.1308250056887,19201007,SBIN.NS
2018-11-12,251.92807006835938,257.1397496484059,250.9310475731213,257.1397496484059,24044907,SBIN.NS
2018-11-13,252.0186767578125,253.51422427698643,247.75871193794754,250.43251346456123,25633628,SBIN.NS
2018-11-14,257.04913330078125,260.76529335986083,251.9734045123187,254.1487089472322,52674807,SBIN.NS
2018-11-15,258.6805725097656,260.17609239381653,254.82846158938048,257.27569606182243,18445463,SBIN.NS
2018-11-16,263.6656799316406,264.48141560585765,256.1427443153678,259.1337843409954,24805910,SBIN.NS
2018-11-19,261.17315673828125,266.02229091222193,259.2697549168609,266.02229091222193,13799970,SBIN.NS
2018-11-20,256.91314697265625,261.53565789465233,256.05207583044523,259.1337589986069,12900924,SBIN.NS
2018-11-21,260.1761169433594,262.4420647573949,256.55060044090254,256.9131742195449,16167419,SBIN.NS
2018-11-22,256.2333679199219,260.1760946501136,255.23634543507717,259.17909982576236,12066797,SBIN.NS
2018-11-26,259.5869445800781,260.3573722755682,253.4235783371424,257.50228390803903,16846820,SBIN.NS
2018-11-27,262.30609130859375,263.30311379482083,257.45695786323415,257.9554829365944,21242956,SBIN.NS
2018-11-28,257.91015625,265.0705731131773,256.505279739652,262.3061003218067,19837609,SBIN.NS
2018-11-29,259.5869445800781,262.53267638128125,257.63823522830376,262.2154381936686,27919104,SBIN.NS
2018-11-30,258.00079345703125,263.6656625723731,256.68656041856815,261.7622610175195,17583510,SBIN.NS
2018-12-03,259.9494934082031,260.9465158681944,256.7318589323827,259.85887763406157,15772176,SBIN.NS
2018-12-04,256.097412109375,260.99188153962024,255.5082712069924,260.99188153962024,11897307,SBIN.NS
2018-12-05,253.9220733642578,256.68654593283185,251.11229290951542,256.0067616773535,14893748,SBIN.NS
2018-12-06,249.8433837890625,253.10635395586536,249.3448863674025,251.9733801243709,11083451,SBIN.NS
2018-12-07,249.6167449951172,251.38419492470157,246.6257056717318,251.06695677573913,10165275,SBIN.NS
2018-12-10,248.52914428710938,250.52316158246336,244.85829257209429,245.62872028960314,11947887,SBIN.NS
2018-12-11,254.91909790039062,256.73185592990455,243.22681414212454,243.22681414212454,30927239,SBIN.NS
2018-12-12,258.54461669921875,259.0884496459344,255.78017173911218,257.18504816267597,21765939,SBIN.NS
2018-12-13,261.9435729980469,266.4754687246567,258.9978407757505,262.84995214336885,24097152,SBIN.NS
2018-12-14,262.12481689453125,263.57500116077307,260.17607992334655,261.49034053268156,12156361,SBIN.NS
2018-12-17,262.396728515625,264.16417868381336,260.4026835905147,262.21544164589034,12728014,SBIN.NS
2018-12-18,265.34246826171875,266.47544208008645,260.1307886972273,260.901216425816,13606582,SBIN.NS
2018-12-19,272.5482177734375,273.72649958826133,267.1099429471806,267.1099429471806,26124125,SBIN.NS
2018-12-20,266.5207214355469,273.40920704585636,265.7049859057516,270.4181675497766,19222232,SBIN.NS
2018-12-21,264.572021484375,268.74137036788056,263.57499906389666,266.15818471588864,15777301,SBIN.NS
2018-12-24,265.6144104003906,267.3818608839924,262.9859162831221,266.0222920998365,12048877,SBIN.NS
2018-12-26,266.6114196777344,267.3818474822401,260.2667656696812,265.43313785472304,12684324,SBIN.NS
2018-12-27,264.7986755371094,269.73845320006666,264.2095345941277,268.92271745897676,15304564,SBIN.NS
2018-12-28,267.2005310058594,269.2852194025662,266.06755720128825,266.11289274976707,12876558,SBIN.NS
2018-12-31,268.1975402832031,270.3275364630405,267.8349942156864,269.3758495782475,9526067,SBIN.NS
2019-01-01,271.5511779785156,272.5482004989024,266.33949826701064,269.6477763778671,11837127,SBIN.NS
2019-01-02,266.3847961425781,274.1796614718943,265.659703969825,271.09797824695346,25559853,SBIN.NS
2019-01-03,263.846923828125,267.88029365030275,262.94054485768174,267.3817962807554,17548347,SBIN.NS
2019-01-04,269.7837219238281,271.00733918804684,264.2094962318249,264.75332920042143,19514041,SBIN.NS
2019-01-07,268.5600891113281,273.2732710189699,267.5630943305316,272.8653894010134,14579399,SBIN.NS
2019-01-08,276.717529296875,277.3520057336664,267.1552408169875,268.1069278116795,22949961,SBIN.NS
2019-01-09,276.717529296875,278.3490282798407,272.5935154392162,277.3520057336664,21109911,SBIN.NS
2019-01-10,276.9441223144531,278.7115726196538,275.0860562278534,276.53626831667253,16295468,SBIN.NS
2019-01-11,274.40625,277.53326870251254,272.77477881811944,276.808148885738,12702551,SBIN.NS
2019-01-14,272.2762756347656,275.17669981392356,271.50584786900544,272.8201086259196,10372933,SBIN.NS
2019-01-15,273.40924072265625,275.1766909719915,272.9107432987381,273.7264789290105,9444374,SBIN.NS
2019-01-16,274.7688293457031,277.9411563193871,273.81714231779637,274.6328780075016,12111480,SBIN.NS
2019-01-17,269.5571594238281,275.8565057148047,267.92568798325004,275.44862402441163,15974634,SBIN.NS
2019-01-18,267.33648681640625,271.77773821323103,266.70201047664943,270.7807158195379,9082501,SBIN.NS
2019-01-21,265.070556640625,268.9679753797401,264.1641776165989,268.19754767721935,10188647,SBIN.NS
2019-01-22,263.0765075683594,265.5690498450622,261.21844166265055,265.5690498450622,11297989,SBIN.NS
2019-01-23,259.81353759765625,265.5237419550451,258.7712072686027,263.25779443080165,10304608,SBIN.NS
2019-01-24,261.0824890136719,262.7592958828445,258.77123337001166,259.81356380420164,11532528,SBIN.NS
2019-01-25,258.6805725097656,263.75630066637177,256.6865552178622,262.48737554234356,11121223,SBIN.NS
2019-01-28,255.236328125,259.7682230574024,251.33888188683903,258.9071519560493,18905470,SBIN.NS
2019-01-29,254.3299560546875,259.2243971826816,250.65910446332268,254.69250212704034,17435611,SBIN.NS
2019-01-30,260.53863525390625,262.3060575762762,254.0126958746436,254.87376692485532,18908654,SBIN.NS
2019-01-31,266.158203125,267.20053350284735,261.03716701258105,262.8499251168351,25546487,SBIN.NS
2019-02-01,257.774169921875,274.36092143662125,255.59886595647123,269.1039068880306,60015958,SBIN.NS
2019-02-04,257.36639404296875,258.4993680831993,251.8374751945439,255.96148963678345,20642919,SBIN.NS
2019-02-05,258.00079345703125,260.13078977649855,256.50527354267973,257.59293947702287,13291133,SBIN.NS
2019-02-06,261.98883056640625,262.62330691045537,256.958438340342,259.08843445480284,12149759,SBIN.NS
2019-02-07,260.4933776855469,266.47548596377203,259.7682853865794,262.3061360934637,19733315,SBIN.NS
2019-02-08,259.22442626953125,261.0371844951923,255.7801967049734,258.8618801564981,19781908,SBIN.NS
2019-02-11,254.2393035888672,259.1790800882128,253.78611409940396,259.1790800882128,15420017,SBIN.NS
2019-02-12,249.6167449951172,255.78013814763816,248.93696081612148,254.37523424808697,15326106,SBIN.NS
2019-02-14,242.0938720703125,243.2268459870956,238.96685299579272,242.9096077582971,26372671,SBIN.NS
2019-02-15,238.33238220214844,243.6800130637136,236.83683464162735,243.6800130637136,23366091,SBIN.NS
2019-02-18,235.6132354736328,240.64362793116072,234.57087748037705,239.6466054848465,14781744,SBIN.NS
2019-02-19,238.2870330810547,242.45638200463463,235.93044215377105,236.47427508475835,19064306,SBIN.NS
2019-02-20,242.6376953125,243.1815006422624,239.5559842545403,239.73727113812436,15514595,SBIN.NS
2019-02-21,242.90960693359375,245.62874432464145,242.27513047815094,244.99426786919864,13760702,SBIN.NS
2019-02-22,245.5834197998047,246.44446331902338,242.5470443866788,242.8189470431702,12536918,SBIN.NS
2019-02-25,244.85830688476562,245.991280753065,242.81895392182673,245.9006373115021,20793897,SBIN.NS
2019-02-26,241.4140625,243.09086925376417,238.60428194781315,241.82191647113626,15274303,SBIN.NS
2019-02-27,242.5923614501953,247.16959251785642,241.59533890453184,242.90959966842846,20571652,SBIN.NS
2019-02-28,243.8612823486328,245.44744575124366,242.59235715864304,242.6376927093001,31636468,SBIN.NS
2019-03-01,247.39617919921875,248.89169913853513,244.8129933074027,245.22084729421942,20024726,SBIN.NS
2019-03-05,250.56849670410156,251.8374218281645,245.81000674349568,246.2631962635534,21533972,SBIN.NS
2019-03-06,252.0640411376953,256.0974116627387,250.56852110794898,251.3389212386848,22161376,SBIN.NS
2019-03-07,255.37234497070312,256.0521293849996,251.65618464044942,253.2876838310601,14899105,SBIN.NS
2019-03-08,254.8738250732422,257.63827038431964,253.4236129180474,255.4629659817755,19943319,SBIN.NS
2019-03-11,260.4480285644531,261.9435484821661,256.9584636494605,258.5899348941484,22931245,SBIN.NS
2019-03-12,260.0401306152344,262.75926762618593,258.99780029313473,262.1248189199258,20828136,SBIN.NS
2019-03-13,265.7049865722656,266.8379602721819,258.04610095712604,261.1277838888002,23725641,SBIN.NS
2019-03-14,264.572021484375,267.10989925109175,263.5296911786215,266.92861238900787,16164017,SBIN.NS
2019-03-15,270.4635009765625,273.09199466991663,265.11587015342957,265.2065135898542,37928480,SBIN.NS
2019-03-18,270.9620666503906,272.72948945329966,267.0646195840449,270.9167310951381,23782967,SBIN.NS
2019-03-19,274.67816162109375,277.89582386343113,271.14328883782326,272.04966789304615,27218691,SBIN.NS
2019-03-20,275.35797119140625,276.12839899117256,271.9590494222867,274.4515920529744,18820555,SBIN.NS
2019-03-22,270.146240234375,277.71451014608425,269.14924549838787,275.8111087819881,17865957,SBIN.NS
2019-03-25,266.4754638671875,267.7897246681458,264.84399249954595,266.4754638671875,16895511,SBIN.NS
2019-03-26,275.0860595703125,276.4456282337572,267.15524236688503,267.15524236688503,18303791,SBIN.NS
2019-03-27,279.88983154296875,281.74792513843755,275.8564614825225,276.6721970720122,35956450,SBIN.NS
2019-03-28,289.13494873046875,307.8516726381318,280.1164651274985,281.0681798309029,63244736,SBIN.NS
2019-04-01,292.5338134765625,296.9750649112657,290.99295815857784,291.6727423881903,22372357,SBIN.NS
2019-04-02,298.1986999511719,300.0114580055863,291.94469019554066,293.34956662351476,27897583,SBIN.NS
2019-04-03,290.4944763183594,301.3257166867823,289.58809729708526,300.01145604173774,30552104,SBIN.NS
2019-04-04,291.67279052734375,295.2529991250616,288.5004635989087,291.400887854819,27832294,SBIN.NS
2019-04-05,287.3674621582031,293.39490487303175,285.50939619951464,293.39490487303175,23117232,SBIN.NS
2019-04-08,283.5154113769531,289.36156846015984,281.9745832860723,288.4551892324068,17394139,SBIN.NS
2019-04-09,285.2828369140625,286.1439081691057,279.2554211102491,284.55774465965504,25556039,SBIN.NS
2019-04-10,281.7932434082031,287.3674690790084,280.97750778865736,285.3734517490625,19237974,SBIN.NS
2019-04-11,285.41876220703125,285.87195173980217,279.79922859696813,281.8838893835168,14897935,SBIN.NS
2019-04-12,285.7359924316406,286.7783227958033,282.06516838291753,285.1468515875916,14751964,SBIN.NS
2019-04-15,286.0532531738281,288.8630339520912,284.3764462851473,285.96260973056246,13864791,SBIN.NS
2019-04-16,286.1891784667969,289.49745639124245,285.2374915503443,286.9596061737071,14940726,SBIN.NS
2019-04-18,281.70263671875,286.2345325968541,279.21009398579275,286.2345325968541,15691168,SBIN.NS
2019-04-22,281.0227966308594,283.0621493717524,277.6692109421304,279.8898228859188,15665440,SBIN.NS
2019-04-23,276.67218017578125,284.3764014091773,276.0830393782668,281.02278816103205,17324274,SBIN.NS
2019-04-24,281.6573181152344,282.74498414882396,275.17671278804505,277.21606585565337,15228591,SBIN.NS
2019-04-25,277.5333251953125,282.79031354966463,276.80820523093746,281.8839343395695,30842477,SBIN.NS
2019-04-26,283.2434387207031,284.14981772460936,277.8958081297547,278.1677107667297,14987906,SBIN.NS
2019-04-30,280.93218994140625,282.7902558789781,276.44560270220614,282.7902558789781,18178758,SBIN.NS
2019-05-02,279.30072021484375,282.24645235398884,277.0347724155014,279.2100767707709,16640100,SBIN.NS
2019-05-03,280.9775085449219,282.60897978840455,279.88984260893756,280.0711294850995,12452689,SBIN.NS
2019-05-06,279.84454345703125,281.2494199794193,277.2613575237905,278.0770931709995,10639216,SBIN.NS
2019-05-07,276.8534851074219,284.0591817821808,275.3126296959552,281.61197500340137,15219845,SBIN.NS
2019-05-08,270.3275451660156,276.7175062507553,268.9679766236886,275.4939166910553,22103678,SBIN.NS
2019-05-09,271.2792663574219,272.8201219642758,268.3788696969566,269.7384384110643,12654440,SBIN.NS
2019-05-10,279.2100524902344,281.65728696490714,265.0705615803263,273.54518348450415,60739833,SBIN.NS
2019-05-13,278.167724609375,284.7843082634513,276.7175125988587,280.97750519340775,40101505,SBIN.NS
2019-05-14,285.1921691894531,287.0955707708615,276.5362601246477,279.02880257017216,30521436,SBIN.NS
2019-05-15,282.88092041015625,288.1379080844804,281.8838978759238,286.5970802229346,27932459,SBIN.NS
2019-05-16,286.1891784667969,287.4127956883022,280.56961742162065,283.2434466219288,18147559,SBIN.NS
2019-05-17,289.36151123046875,291.8087457255894,284.10452381342344,286.09854112380566,25838962,SBIN.NS
2019-05-20,312.4288635253906,313.42585833261364,300.01145971759513,300.9178387499745,53207071,SBIN.NS
2019-05-21,305.9482421875,315.01203283338054,304.7699604677331,313.516512908909,33457162,SBIN.NS
2019-05-22,309.1658935546875,310.5254621035995,302.3227152622013,307.17184861875273,32002499,SBIN.NS
2019-05-23,310.1629333496094,329.9219863000871,307.44379609988334,319.9518163844251,74413322,SBIN.NS
2019-05-24,322.0818176269531,323.57733760479226,311.34121979620767,312.6554805509573,35703403,SBIN.NS
2019-05-27,327.8373107910156,328.562402960939,320.85818109840665,321.80986802899275,31374994,SBIN.NS
2019-05-28,326.34173583984375,327.8372832630335,323.26005288569354,327.15749903812576,23501608,SBIN.NS
2019-05-29,316.0090637207031,325.39009282018054,314.64949508774976,324.4837137315449,28370210,SBIN.NS
2019-05-30,320.4503479003906,321.76460877507935,314.96676492771854,317.0061180819268,25712604,SBIN.NS
2019-05-31,319.4986267089844,324.39306822434224,312.3835453764159,321.1754335443786,32588069,SBIN.NS
2019-06-03,322.1724853515625,323.0788645168104,316.91546959682654,319.36270440719466,18380919,SBIN.NS
2019-06-04,319.4079284667969,323.758563914381,318.50154953944474,320.85814028265827,18130636,SBIN.NS
2019-06-06,305.3591003417969,316.8701254891006,304.45272128013494,316.3262925200047,41941144,SBIN.NS
2019-06-07,310.0269470214844,310.66142342893573,304.5433647618451,305.4497438236363,29739710,SBIN.NS
2019-06-10,312.0662841796875,314.7854212279932,308.3048167949631,313.6071395712577,20500542,SBIN.NS
2019-06-11,314.60418701171875,315.69182532114235,310.7520758872924,312.7460932848163,16281297,SBIN.NS
2019-06-12,311.79437255859375,314.46820164327835,310.253517211404,314.46820164327835,11564970,SBIN.NS
2019-06-13,314.0603332519531,314.9214043928872,307.9875826991901,310.88800665344854,15509948,SBIN.NS
2019-06-14,311.61309814453125,313.92438125764556,310.48012436177703,313.15395355327416,10347594,SBIN.NS
2019-06-17,306.2201843261719,311.56781548161183,305.4044486686463,311.56781548161183,13779496,SBIN.NS
2019-06-18,308.2142333984375,311.7944422736274,302.54936344433816,304.0902191360523,21957480,SBIN.NS
2019-06-19,307.1265563964844,312.882069079207,304.09018095027693,310.9786674815475,16416903,SBIN.NS
2019-06-20,312.83673095703125,313.83375346765547,304.1808218894856,309.07526334287513,20626861,SBIN.NS
2019-06-21,316.6888732910156,317.8671827965011,311.0240035353074,312.51952361871497,24749090,SBIN.NS
2019-06-24,320.13311767578125,321.53799425384784,316.91545518913523,317.232693414649,17919504,SBIN.NS
2019-06-25,323.16943359375,323.5773152233548,318.36563577648,319.6798964403239,15922634,SBIN.NS
2019-06-26,324.6196594238281,325.3900871678843,321.13009446109874,322.44435518098845,15835579,SBIN.NS
2019-06-27,328.24517822265625,329.0156059725973,323.803926263665,324.574354013606,29658120,SBIN.NS
2019-06-28,327.4294128417969,330.82833408236917,325.11815746240444,328.29048395360525,22708464,SBIN.NS
2019-07-01,327.70135498046875,329.0156157494512,324.93690976908607,328.8343288639035,12348793,SBIN.NS
2019-07-02,330.3751525878906,330.8283420976134,326.61368518929027,328.24515636009517,14482172,SBIN.NS
2019-07-03,331.8706970214844,332.3692221154036,329.0156084308364,331.0549613756556,12626285,SBIN.NS
2019-07-04,333.003662109375,336.17598882887734,331.91602383041334,332.8677107820665,19252646,SBIN.NS
2019-07-05,335.94940185546875,338.62323121669425,331.73474464818497,334.8617635512796,30019347,SBIN.NS
2019-07-08,322.0364685058594,333.95537525667555,320.4049972643262,333.54749361604536,27247892,SBIN.NS
2019-07-09,325.84326171875,326.29645123435324,319.4986085003042,320.40498753151076,16579914,SBIN.NS
2019-07-10,321.03948974609375,327.6560461420251,318.4109682157284,326.79497492890613,18681819,SBIN.NS
2019-07-11,329.1968994140625,329.9219916281682,323.5773379430111,324.93690658983047,20048321,SBIN.NS
2019-07-12,329.5594482421875,332.23325000671207,327.6560465888256,329.0156152468705,14661748,SBIN.NS
2019-07-15,326.34173583984375,330.82832278843114,324.12112396810636,330.0125872506401,15665939,SBIN.NS
2019-07-16,330.2392272949219,331.73474726277806,324.1664763218152,324.93690408116373,16251836,SBIN.NS
2019-07-17,337.53558349609375,338.57791396663265,329.0609330729806,329.96731220570933,17545177,SBIN.NS
2019-07-18,329.604736328125,338.80447816267355,328.607713840035,337.1276990469011,21691056,SBIN.NS
2019-07-19,322.6709289550781,331.7800269807647,321.9005012611487,330.9189835138373,22213173,SBIN.NS
2019-07-22,318.00311279296875,325.8885943673132,316.0544032599092,322.67095962624944,19682038,SBIN.NS
2019-07-23,310.1629333496094,319.9518163844251,309.07526738552116,318.32034509878736,27956145,SBIN.NS
2019-07-24,307.80633544921875,312.4288742044545,304.76996005486336,309.8456883417792,20823143,SBIN.NS
2019-07-25,309.34716796875,311.06931034373963,305.812295099945,309.7097417280074,19857643,SBIN.NS
2019-07-26,310.52545166015625,313.74308605350353,308.6220502235952,308.8939528600359,16139052,SBIN.NS
2019-07-29,311.61309814453125,314.1056404665906,305.2684449611075,311.749077126856,17060483,SBIN.NS
2019-07-30,296.88446044921875,314.24164218525283,295.343632589485,312.1569536778558,24437235,SBIN.NS
2019-07-31,301.09912109375,302.00550011250243,293.57615864180946,294.66382452850934,22741445,SBIN.NS
2019-08-01,287.4581298828125,300.46467567410747,282.2011420966039,299.83019923141194,40853304,SBIN.NS
2019-08-02,279.5726623535156,292.08068366990557,278.30370940389906,286.0079322470153,64472348,SBIN.NS
2019-08-05,272.1402893066406,274.49688019160243,264.3907600758438,270.5088182034701,48815899,SBIN.NS
2019-08-06,273.18267822265625,275.7658644073803,269.42121017286377,270.8260868320221,30442970,SBIN.NS
2019-08-07,262.75927734375,274.13435085654083,261.7622548707634,274.0890153083865,30820114,SBIN.NS
2019-08-08,266.7926940917969,267.8350245265525,258.86187695268575,262.84993946768265,32929233,SBIN.NS
2019-08-09,264.07354736328125,270.1009626418135,262.89523797693664,268.5601071598606,23377581,SBIN.NS
2019-08-13,256.8225402832031,264.25483279210727,256.0521124658084,263.6656918707455,24231272,SBIN.NS
2019-08-14,262.6233215332031,263.9828900657305,257.86483166935733,258.363329067087,18523649,SBIN.NS
2019-08-16,263.6656799316406,265.3877947239867,257.6835722198898,260.9918781294573,20047399,SBIN.NS
2019-08-19,259.9948425292969,265.0252353184527,259.22441478542316,264.662689221481,19831459,SBIN.NS
2019-08-20,257.1397705078125,260.49335669593995,254.37529756219163,260.4027132507482,23204417,SBIN.NS
2019-08-21,251.42953491210938,258.8618539490624,250.4325124568363,258.7712105148571,28226325,SBIN.NS
2019-08-22,243.4080810546875,252.24527672833906,242.27510725037322,252.24527672833906,27728925,SBIN.NS
2019-08-23,245.71934509277344,249.4808122983248,238.10576725227972,242.093829201063,35212444,SBIN.NS
2019-08-26,253.9674072265625,261.03715237245297,244.72233034917465,261.03715237245297,64066440,SBIN.NS
2019-08-27,258.9525146484375,261.03717547168725,256.14273396369197,257.4116591456916,45164811,SBIN.NS
2019-08-28,258.2273864746094,259.8135498161739,255.7801796296345,259.8135498161739,18979998,SBIN.NS
2019-08-29,248.80104064941406,257.6835439690577,247.71337476270594,256.6865491768165,27083514,SBIN.NS
2019-08-30,248.2119140625,251.92807378475635,241.86726056710904,250.1153156432161,45702652,SBIN.NS
2019-09-03,243.27210998535156,246.53507980904,241.95787707531122,246.53507980904,21241863,SBIN.NS
2019-09-04,249.3448944091797,250.02467873000052,242.2298129858227,244.45045283136866,27309675,SBIN.NS
2019-09-05,247.71339416503906,250.47786698507966,245.67404121309696,249.25424968181545,25085139,SBIN.NS
2019-09-06,248.3025360107422,251.06698087312688,246.62572934284862,249.29953077390277,16675146,SBIN.NS
2019-09-09,251.97335815429688,252.60783450881007,245.62870525113112,248.30253432451903,18616889,SBIN.NS
2019-09-11,258.54461669921875,259.0884496459344,252.42655828477626,252.42655828477626,20999669,SBIN.NS
2019-09-12,260.1761169433594,261.76228041318427,257.54762301117734,259.9042142698734,21964832,SBIN.NS
2019-09-13,264.3907775878906,265.11586975721735,255.59888981721468,258.31802694292975,27303181,SBIN.NS
2019-09-16,258.0461120605469,263.2577913044141,257.2303488331132,261.2184385568139,18267680,SBIN.NS
2019-09-17,248.3025360107422,259.63227341476414,247.44146490383986,258.31801281170095,21533362,SBIN.NS
2019-09-18,254.148681640625,256.4599648285419,248.71040730739983,251.24828525920108,25478758,SBIN.NS
2019-09-19,248.3931884765625,253.7408474496608,247.48680935034187,253.7408474496608,23387797,SBIN.NS
2019-09-20,273.4545593261719,278.84749785801284,243.2721215925753,248.80103910478,84481749,SBIN.NS
2019-09-23,284.37640380859375,286.41575650522907,272.27623894312586,278.75684309144657,54178171,SBIN.NS
2019-09-24,274.27032470703125,285.64537149361104,272.63882570982565,283.83261327037945,40096711,SBIN.NS
2019-09-25,254.01272583007812,269.6477642620811,252.60784938299395,269.1945747423129,73063465,SBIN.NS
2019-09-26,255.4629364013672,262.7592765647649,251.06699255202201,255.14569820719925,79005946,SBIN.NS
2019-09-27,254.8738250732422,259.2697417711036,253.78615904172204,256.2333937823943,37851718,SBIN.NS
2019-09-30,245.44744873046875,255.46295436196166,244.85830784873266,255.0550727035702,41094131,SBIN.NS
2019-10-01,231.9877166748047,249.7074299900578,222.56138002216076,247.21488758543833,79350077,SBIN.NS
2019-10-03,230.35623168945312,236.29303110613557,226.68540757463313,230.22028036306972,56207921,SBIN.NS
2019-10-04,226.5494384765625,236.11174012282606,225.2805133515711,234.29898204126886,60029186,SBIN.NS
2019-10-07,225.77902221679688,229.67644098698028,223.73966939648145,227.9543263597014,39160623,SBIN.NS
2019-10-09,236.51962280273438,237.4713097355689,221.4737251270844,226.6854046346398,60328507,SBIN.NS
2019-10-10,230.35623168945312,233.8457965892598,228.95135521600193,233.8457965892598,37577511,SBIN.NS
2019-10-11,230.71881103515625,236.9274997970875,227.95435191388853,232.21434490252142,43272106,SBIN.NS
2019-10-14,231.53451538085938,235.11470970496592,230.22026858216788,232.89409772635454,28265136,SBIN.NS
2019-10-15,234.25367736816406,235.56791039903277,230.94538552577347,232.44091926172982,23444973,SBIN.NS
2019-10-16,232.07833862304688,237.42599700668316,231.12665170961614,235.02407045856157,30892295,SBIN.NS
2019-10-17,240.5983428955078,241.0968403357635,231.67050323819353,232.39559545320083,37061013,SBIN.NS
2019-10-18,244.40512084960938,245.94597639683695,238.55899220147106,239.6466305343712,33203721,SBIN.NS
2019-10-22,245.175537109375,249.2542429023221,243.3627789791763,245.0848936707663,27574295,SBIN.NS
2019-10-23,249.66212463378906,251.79209330912795,243.49873039264529,245.4021319621234,31789622,SBIN.NS
2019-10-24,237.92449951171875,251.65613652286785,225.37114419585893,250.1606166294643,63943183,SBIN.NS
2019-10-25,255.19102478027344,257.54761597458383,238.87620096496357,240.9155539418773,105518180,SBIN.NS
2019-10-27,255.41757202148438,258.27268778621374,254.01269574081587,258.27268778621374,12183625,SBIN.NS
2019-10-29,254.3752899169922,258.31804455011934,252.47188826715544,256.64123767620373,51033578,SBIN.NS
2019-10-30,262.75927734375,263.75629981673666,253.10634612997836,256.5052675193693,51469048,SBIN.NS
2019-10-31,283.15283203125,288.04727375536754,265.3424878254496,265.8863208304617,128449327,SBIN.NS
2019-11-01,284.1951599121094,285.5094206905976,279.7085998975544,283.1528294639094,44894016,SBIN.NS
2019-11-04,284.87493896484375,289.1349317825781,283.1075163229713,286.4157944930868,31535656,SBIN.NS
2019-11-05,289.3162536621094,291.8541043750847,283.51540461445444,284.5124272733013,50080853,SBIN.NS
2019-11-06,287.8206481933594,289.0896009561751,284.6030137202731,289.0896009561751,32157080,SBIN.NS
2019-11-07,288.3644714355469,293.03231772297823,287.1408542614359,288.45511486705357,33926772,SBIN.NS
2019-11-08,286.415771484375,290.9476666027987,285.0562029488479,286.597058353309,25423362,SBIN.NS
2019-11-11,288.4551086425781,289.72403367481485,283.7872624558727,285.2374743472109,20491942,SBIN.NS
2019-11-13,278.0770568847656,288.7723453252511,277.0347266015401,286.46106235584745,32675829,SBIN.NS
2019-11-14,277.35198974609375,280.52431642619615,271.64181278610687,278.2130609091761,43617772,SBIN.NS
2019-11-15,291.763427734375,293.39492671613226,281.0228298313293,282.7902801464426,95199897,SBIN.NS
2019-11-18,294.663818359375,298.96911860831244,293.4402011775786,293.6667959275227,39009263,SBIN.NS
2019-11-19,299.4676513671875,300.7365765846617,291.9447158446299,295.29830194363353,41372145,SBIN.NS
2019-11-20,298.0174255371094,301.37103914213674,294.6638395925759,300.91784960959217,29972583,SBIN.NS
2019-11-21,300.3287048339844,301.68827341389334,295.97806878197963,298.4253032900131,34116162,SBIN.NS
2019-11-22,298.4706115722656,302.5493173173737,297.51892462927117,300.4193486677677,28974967,SBIN.NS
2019-11-25,304.6340026855469,305.9029278169853,297.6095650838235,298.1987059312242,27561300,SBIN.NS
2019-11-26,304.0901794433594,308.1688852779201,301.46168565985244,306.3561271292264,36464072,SBIN.NS
2019-11-27,311.38653564453125,313.1992938847218,302.7759340036262,304.4980764602037,33971305,SBIN.NS
2019-11-28,316.5981750488281,318.139030419902,312.2475668936075,314.3775630852124,42538227,SBIN.NS
2019-11-29,309.845703125,316.1903568712346,308.71272924174383,316.1903568712346,23081823,SBIN.NS
2019-12-02,306.8092956542969,312.11161840819045,304.7246349902667,311.7037367884708,20648850,SBIN.NS
2019-12-03,304.76995849609375,310.842709253745,302.1414647578916,309.0752590250348,26482178,SBIN.NS
2019-12-04,309.845703125,310.8427256743645,300.7819120589505,302.82126504881165,26789483,SBIN.NS
2019-12-05,304.7246398925781,312.3382181860548,303.7729253180855,310.88800621098954,30429507,SBIN.NS
2019-12-06,290.0412902832031,306.03887466828746,288.22853221893314,305.177831184055,47027528,SBIN.NS
2019-12-09,287.0502624511719,296.9750966685394,285.2828122009793,289.08961535808913,52435239,SBIN.NS
2019-12-10,284.05914306640625,292.4431479309122,283.0168128585925,287.5033994989291,52155809,SBIN.NS
2019-12-11,283.5154113769531,286.1892411630242,279.1648021479381,282.06522674094737,52557951,SBIN.NS
2019-12-12,291.7181091308594,292.7151316396822,284.19514625564506,284.6030279012298,37804216,SBIN.NS
2019-12-13,301.4163818359375,302.2321452171096,294.573230168529,294.7545170666777,40955226,SBIN.NS
2019-12-16,300.7818908691406,305.6763321678994,299.83017627795573,304.4980504765199,35027613,SBIN.NS
2019-12-17,301.7336120605469,304.31679815779796,299.6942589827954,302.0508502936297,26734601,SBIN.NS
2019-12-18,296.3406066894531,304.13544347642176,295.29824877586736,303.6369461216122,26449075,SBIN.NS
2019-12-19,297.4283142089844,298.74257504805604,294.1200358250241,296.7032219491152,27516289,SBIN.NS
2019-12-20,306.2201843261719,307.7157043083846,299.42234107930034,299.42234107930034,51839714,SBIN.NS
2019-12-23,301.2803955078125,307.12655153803723,299.4223294897844,304.27146301695996,30150335,SBIN.NS
2019-12-24,300.4193420410156,302.91188438582253,298.3799892134463,302.00550535134727,21747782,SBIN.NS
2019-12-26,298.9691162109375,302.2320861160655,297.3829529740481,301.8242045052401,24616942,SBIN.NS
2019-12-27,305.67633056640625,306.6733530403078,301.8242196548948,302.1867657379973,33477173,SBIN.NS
2019-12-30,303.0931701660156,306.2201891732715,301.37105538164815,306.12954572977947,22775554,SBIN.NS
2019-12-31,302.5040283203125,304.860619541199,301.41636232282787,303.0931692104103,23801635,SBIN.NS
2020-01-01,303.1384582519531,304.49802670996365,301.05377002004224,303.36505299495485,17379320,SBIN.NS
2020-01-02,307.534423828125,308.0329489395735,302.1414846696056,303.18381512373156,20324236,SBIN.NS
2020-01-03,302.45867919921875,306.3107898961737,300.9178238562402,306.3107898961737,21853208,SBIN.NS
2020-01-06,289.13494873046875,300.64597499490856,287.95666690015446,300.64597499490856,35645325,SBIN.NS
2020-01-07,288.591064453125,296.385929287588,285.8719274871838,294.07467393073466,50966826,SBIN.NS
2020-01-08,289.8599853515625,291.4008406743793,281.8838614299595,282.88088383528265,44527485,SBIN.NS
2020-01-09,299.2864074707031,300.37404585831734,294.5732248095517,296.29533966864665,40348407,SBIN.NS
2020-01-10,301.1444091796875,306.3107803110748,297.3829420312869,300.0114354807421,42377838,SBIN.NS
2020-01-13,299.784912109375,304.04490529576304,298.2440564477885,302.7306444279101,23615129,SBIN.NS
2020-01-14,297.2923583984375,300.64597228603304,295.9327896862495,298.92382978886457,26296117,SBIN.NS
2020-01-15,293.8934020996094,298.3799893870697,292.17128746520297,298.19870251587196,32625740,SBIN.NS
2020-01-16,293.0323486328125,296.29531888779803,292.17130509390313,293.6668250597939,26653623,SBIN.NS
2020-01-17,288.2285461425781,293.2136310601384,281.0681569749085,283.6966507629778,58396326,SBIN.NS
2020-01-20,284.6030578613281,291.35559370599475,284.05922483013063,290.9477120174724,30682902,SBIN.NS
2020-01-21,284.33111572265625,287.2768476006926,282.79026029148616,284.4217314982013,30591772,SBIN.NS
2020-01-22,286.5517272949219,287.3221550092219,284.331115248402,287.3221550092219,24994911,SBIN.NS
2020-01-23,292.9417419433594,294.39192640347363,284.73899433079845,286.415801230863,33293610,SBIN.NS
2020-01-24,293.7121276855469,296.65785967424205,291.08363390465615,293.21363025935,22706879,SBIN.NS
2020-01-27,286.5970458984375,291.8540329431549,286.23447217632616,290.85701052833156,23309355,SBIN.NS
2020-01-28,285.6000671386719,290.04131930848393,281.9292150948765,288.1832531708622,26488426,SBIN.NS
2020-01-29,286.82366943359375,289.7694014282234,286.00790613745477,288.09259460687383,23914114,SBIN.NS
2020-01-30,281.61199951171875,287.09558204297446,277.0347684266544,287.09558204297446,35802330,SBIN.NS
2020-01-31,288.6364440917969,291.58217625489846,279.7086041576822,284.33114323803306,92656638,SBIN.NS
2020-02-03,270.19158935546875,278.12240572062973,267.6990470692753,274.63284098786045,56060158,SBIN.NS
2020-02-04,277.57861328125,278.756895106082,269.2852496328646,274.5422376120334,51141567,SBIN.NS
2020-02-05,281.8839111328125,284.28581030972276,276.0830901978699,278.1677511452646,35014841,SBIN.NS
2020-02-06,291.80877685546875,293.21365346630193,281.0681784529655,282.06520104476476,57757656,SBIN.NS
2020-02-07,290.5397644042969,294.5731618382788,288.59105517346484,291.4008354800204,37126803,SBIN.NS
2020-02-10,288.6817321777344,292.57915109270243,286.8689740478899,289.86001389793574,24816396,SBIN.NS
2020-02-11,293.9841003417969,295.29833359126354,290.9930323723763,290.9930323723763,30188757,SBIN.NS
2020-02-12,290.2225646972656,299.0144243353265,289.361493589498,299.0144243353265,38930849,SBIN.NS
2020-02-13,296.7938537597656,299.9661806781791,291.8540764940379,291.8540764940379,62516057,SBIN.NS
2020-02-14,289.49749755859375,300.82723703459146,288.72706974212656,297.38300729808685,48205947,SBIN.NS
2020-02-17,284.7843322753906,291.0836506008557,282.47304890923783,290.90239137206646,36950692,SBIN.NS
2020-02-18,287.8206481933594,289.31619571232187,280.433664675075,285.8719388225962,38588583,SBIN.NS
2020-02-19,290.3584899902344,293.6667674869244,287.54870983094685,292.12591227233435,39846727,SBIN.NS
2020-02-20,296.97509765625,298.38000181531754,288.9083294408246,289.45216241657675,40150409,SBIN.NS
2020-02-24,292.7151184082031,300.28336117010906,291.71809594444824,295.2529686245857,45273936,SBIN.NS
2020-02-25,296.2046813964844,297.42829872424414,292.03535962855517,295.38894573147627,39050709,SBIN.NS
2020-02-26,297.4736022949219,299.8301655937063,293.8480862531093,294.43722707780535,43915281,SBIN.NS
2020-02-27,291.80877685546875,299.10511790998345,288.2285681678022,297.2923596196199,47010040,SBIN.NS
2020-02-28,274.6328430175781,285.19215306684856,272.91072841194267,282.7902541963181,59705346,SBIN.NS
2020-03-02,260.4933776855469,282.7903116350234,257.4570018201866,281.883932431065,66711413,SBIN.NS
2020-03-03,262.7139587402344,266.8379721269502,258.58991769302656,265.56904705876775,61949382,SBIN.NS
2020-03-04,258.58990478515625,265.56903380252464,249.34485604088488,264.4813679923795,73675736,SBIN.NS
2020-03-05,261.4903869628906,270.4635350908697,244.7223725475926,263.66569140899213,149245973,SBIN.NS
2020-03-06,245.175537109375,248.7104099311637,230.1749608159313,242.90958944662663,106043172,SBIN.NS
2020-03-09,229.7217559814453,238.15108349143495,227.6370815045291,235.70384911448122,101286241,SBIN.NS
2020-03-11,222.1535186767578,234.29899285146607,220.3407605115627,229.31390789717955,90845604,SBIN.NS
2020-03-12,192.6962127685547,210.18931929449525,189.0706961695621,210.18931929449525,99767083,SBIN.NS
2020-03-13,219.3437042236328,225.50708380257728,167.36286630630607,181.27578861457258,155701316,SBIN.NS
2020-03-16,202.4397735595703,209.73611410773495,199.94723108329745,206.5637873197513,75583409,SBIN.NS
2020-03-17,195.00743103027344,208.37652091777045,192.19766450460787,205.92930045017604,65403057,SBIN.NS
2020-03-18,195.05276489257812,202.25847542990286,181.36644980947472,200.3097660434789,101356399,SBIN.NS
2020-03-19,184.58409118652344,199.17679967550816,179.59900632547544,183.94962860662127,93533467,SBIN.NS
2020-03-20,190.2036590576172,195.50596847747818,181.27581941912624,186.3062261740565,77391650,SBIN.NS
2020-03-23,164.59844970703125,180.82263002697678,163.37483239279481,172.21202859712076,61750037,SBIN.NS
2020-03-24,166.04864501953125,173.97946198527268,157.3020924122696,173.07308290347368,67491360,SBIN.NS
2020-03-25,172.12136840820312,176.9705016421479,159.93057349390978,161.3354637249799,71567553,SBIN.NS
2020-03-26,174.70455932617188,182.18218637904306,167.77076522742632,173.6169072481672,107260359,SBIN.NS
2020-03-27,177.60496520996094,192.06170773208402,176.74390791182438,183.0885610163514,114740377,SBIN.NS
2020-03-30,169.40225219726562,176.74392861009164,168.81311130066445,172.21203300470467,60081554,SBIN.NS
2020-03-31,178.4207305908203,179.91625056721455,170.44459177947365,174.02478644284733,59543412,SBIN.NS
2020-04-01,169.08502197265625,176.290732970705,167.906726389836,175.83754342579317,52954239,SBIN.NS
2020-04-03,159.06954956054688,170.58056263164207,158.61635996065928,169.99142168388778,64448494,SBIN.NS
2020-04-07,168.9490509033203,169.76480035378538,160.97292625597441,167.13629278706046,72130500,SBIN.NS
2020-04-08,165.8673858642578,176.20010273025977,163.55611624600127,165.77674241638564,80435759,SBIN.NS
2020-04-09,170.17266845703125,172.21202134133654,166.41120089141134,170.39926322195407,62416005,SBIN.NS
2020-04-13,166.32057189941406,171.03374065312985,165.9580257761467,169.3116258222379,51847146,SBIN.NS
2020-04-15,165.2782440185547,173.97947558588402,163.28419881851727,169.49290154629642,72190004,SBIN.NS
2020-04-16,170.8524627685547,172.12138799441834,163.37483508770282,164.96099853515625,61165773,SBIN.NS
2020-04-17,175.1577606201172,179.46306133393637,168.858428657526,177.6503031386441,89851063,SBIN.NS
2020-04-20,174.47799682617188,178.87394149908675,172.2573705417068,175.83756563260957,81958510,SBIN.NS
2020-04-21,167.4535369873047,170.58054208380568,165.86737357876459,170.39926903173628,53042420,SBIN.NS
2020-04-22,171.03372192382812,171.7588279212071,164.37184428413505,168.13331176455893,61503413,SBIN.NS
2020-04-23,169.22097778320312,172.12138818136145,167.8160873907404,170.17267861875837,50955312,SBIN.NS
2020-04-24,162.921630859375,166.77374174200278,162.2418465859701,166.77374174200278,65137305,SBIN.NS
2020-04-27,163.96397399902344,166.32056519602526,163.60142789036817,166.32056519602526,42996571,SBIN.NS
2020-04-28,167.04566955566406,167.99737036907706,164.23588883611092,164.96099487634214,49590230,SBIN.NS
2020-04-29,172.3026580810547,173.84349965657947,166.32055098755103,167.68011952423402,57470466,SBIN.NS
2020-04-30,172.6652069091797,177.55964818710507,171.9401009120157,175.3843440258597,63063889,SBIN.NS
2020-05-04,162.10589599609375,166.3205529781555,161.33546828398735,165.36885222503773,58118177,SBIN.NS
2020-05-05,154.44699096679688,164.28120959756376,152.99679272504952,164.05461482570504,91050439,SBIN.NS
2020-05-06,155.0814666748047,157.07549789188764,150.95743908000415,155.126774564769,73156432,SBIN.NS
2020-05-07,154.76422119140625,156.39570623063,152.99678482818328,154.85486462757015,42942399,SBIN.NS
2020-05-08,151.04808044433594,157.52869969196897,150.5495829739589,156.30508230227474,55932236,SBIN.NS
2020-05-11,149.96043395996094,153.08743939400023,149.55256609121648,152.22638193103998,54591827,SBIN.NS
2020-05-12,151.274658203125,152.72487021800595,145.79107600430203,148.8274375294793,70752542,SBIN.NS
2020-05-13,157.8006134033203,161.83399779997566,154.53764297554966,161.83399779997566,81720683,SBIN.NS
2020-05-14,152.22634887695312,155.67059181116787,151.81848109677216,154.94548585182068,48136531,SBIN.NS
2020-05-15,150.82147216796875,152.49827898459358,149.2806305103997,152.22636249672914,35495540,SBIN.NS
2020-05-18,140.7606658935547,150.82146481186086,140.4887494189526,150.82146481186086,77349435,SBIN.NS
2020-05-19,138.4947052001953,143.07192162653516,138.13214532499552,142.75468346451598,71522334,SBIN.NS
2020-05-20,139.0385284423828,140.71533506869739,136.99917576022779,138.67598238654233,66168767,SBIN.NS
2020-05-21,137.72430419921875,141.53109372835922,137.31643636221222,139.26514593360326,61147471,SBIN.NS
2020-05-22,136.72727966308594,141.03257997546373,135.4583407465532,137.76960999608946,87064198,SBIN.NS
2020-05-26,137.2257843017578,138.85726937758884,136.13813219461943,138.1321633627476,48275988,SBIN.NS
2020-05-27,143.75172424316406,145.74575540627197,136.68196481919344,137.72429520460872,88195120,SBIN.NS
2020-05-28,143.38917541503906,147.1959649900803,142.02960672179233,144.52214932607802,76968678,SBIN.NS
2020-05-29,146.19894409179688,146.74276322573465,140.67002633349196,141.4857757797688,58363280,SBIN.NS
2020-06-01,154.1297607421875,155.3533641656965,148.05702385260543,148.64616470500826,92740893,SBIN.NS
2020-06-02,154.31103515625,155.2627359364789,151.5465762537744,153.99379695275806,70419104,SBIN.NS
2020-06-03,158.52569580078125,163.05759120766746,155.8972019968861,156.35039153757475,113168889,SBIN.NS
2020-06-04,157.75527954101562,161.0182358874516,155.44401015171908,158.52569345061647,83494674,SBIN.NS
2020-06-05,170.21798706054688,172.03074514675026,159.5227115858976,160.02122282565287,201321234,SBIN.NS
2020-06-08,169.31163024902344,179.00988451759804,168.405251086909,178.55669493654085,151741826,SBIN.NS
2020-06-09,167.18161010742188,173.11839554802384,166.18460146785864,170.12734196884114,96654191,SBIN.NS
2020-06-10,170.12733459472656,171.30563005427072,166.59246204633996,167.27224629258708,67333317,SBIN.NS
2020-06-11,160.56504821777344,172.57457100741954,159.8399560192001,170.39926675120515,91726802,SBIN.NS
2020-06-12,162.3778076171875,163.1482353718758,153.9031714668523,154.08444451788273,92758901,SBIN.NS
2020-06-15,157.43801879882812,161.1994996904941,155.89717736994166,161.1994996904941,63613412,SBIN.NS
2020-06-16,156.7129364013672,162.19653256647658,153.54060964158043,161.33547521201245,63925976,SBIN.NS
2020-06-17,156.7582550048828,159.70398693755428,153.40465526296774,154.9908186113293,73866905,SBIN.NS
2020-06-18,162.8309783935547,163.73735737449348,155.08144917072462,156.2597307817485,58261857,SBIN.NS
2020-06-19,167.2269287109375,167.6347965027198,162.6950336239202,163.42013960389224,76895151,SBIN.NS
2020-06-22,170.12733459472656,173.7981722905101,167.00032982803904,167.68011407428617,80023958,SBIN.NS
2020-06-23,174.43264770507812,175.0218023934899,170.26331231828377,171.8494756766858,65487085,SBIN.NS
2020-06-24,167.3175811767578,176.6532744957671,166.68310476612868,176.5626448872822,74668987,SBIN.NS
2020-06-25,167.90672302246094,169.31161334956198,163.510778992878,165.14226408789057,73620385,SBIN.NS
2020-06-26,167.3175811767578,170.94309744208087,166.5924751576438,170.39926447018362,49176958,SBIN.NS
2020-06-29,162.46844482421875,165.95800970121698,161.7886605362513,165.86736626405596,50966428,SBIN.NS
2020-06-30,161.7433319091797,165.7767157461272,160.65567986093765,164.14524458888724,43613239,SBIN.NS
2020-07-01,167.4988555908203,168.04267473690834,161.87930809976163,162.64972201428142,54012853,SBIN.NS
2020-07-02,168.08799743652344,170.39926685405067,166.77375053800705,168.26927048627618,52127276,SBIN.NS
2020-07-03,167.40821838378906,169.35694176299964,166.22992277802763,169.1756548773074,38048810,SBIN.NS
2020-07-06,170.44459533691406,172.07608050991686,168.7224667203148,169.13034838625128,43773740,SBIN.NS
2020-07-07,170.94309997558594,171.48691912529603,166.81907239661038,169.4928879158647,55124494,SBIN.NS
2020-07-08,173.93414306640625,178.9645498174568,170.7618162290182,171.2150057772165,143063102,SBIN.NS
2020-07-09,180.4600830078125,182.18219775298053,174.52329718065843,174.74989195398305,89539723,SBIN.NS
2020-07-10,177.2877655029297,183.54177604342107,176.56265942411594,179.46306990912282,111406477,SBIN.NS
2020-07-13,174.65924072265625,181.09453753015615,173.66223206264357,180.18815847728274,61949761,SBIN.NS
2020-07-14,168.63182067871094,174.29668959542224,167.3175738560832,174.29668959542224,62239932,SBIN.NS
2020-07-15,166.59246826171875,172.1666937568148,165.86736227261977,170.35393569919052,58527305,SBIN.NS
2020-07-16,168.8131103515625,169.44757296670002,164.6437608859483,167.6801364565856,46546803,SBIN.NS
2020-07-17,170.5805206298828,171.75881606551064,167.68011067081514,169.31159559474244,47035238,SBIN.NS
2020-07-20,172.8917999267578,175.1577475011583,171.0790418672374,172.21201565443766,45672856,SBIN.NS
2020-07-21,176.20008850097656,177.83157361918413,173.57159468793185,174.43265205218808,59281860,SBIN.NS
2020-07-22,174.02476501464844,178.33006519079208,172.30265047628927,177.37836449106908,62276152,SBIN.NS
2020-07-23,179.6896514892578,180.46007923455144,173.2543545292965,174.38732837223006,70801412,SBIN.NS
2020-07-24,173.97947692871094,177.92223180528651,172.80118125511663,177.3783987773973,65265493,SBIN.NS
2020-07-27,169.6288299560547,175.1124258543686,169.03968911857112,174.93115281439262,50697767,SBIN.NS
2020-07-28,171.71351623535156,172.66521704812297,168.35991636057136,170.39926931783265,51488617,SBIN.NS
2020-07-29,173.2996826171875,176.9705207692313,169.49289313109477,170.03672612778558,73763368,SBIN.NS
2020-07-30,169.08502197265625,175.38435388088132,168.6318324277444,174.47797479105765,48472816,SBIN.NS
2020-07-31,173.52626037597656,176.60795733791585,169.22096003685604,170.3992555272962,145892485,SBIN.NS
2020-08-03,174.25137329101562,176.3813696019642,172.25734213643958,174.02477852730817,72454278,SBIN.NS
2020-08-04,173.6622314453125,175.65626258849628,172.66520895859722,175.2483947822025,43866676,SBIN.NS
2020-08-05,173.52626037597656,178.42071537544027,173.11839258358282,174.70455586641668,68888892,SBIN.NS
2020-08-06,173.0730743408203,176.29072268806567,172.438611781,174.2966915728104,59740172,SBIN.NS
2020-08-07,172.80116271972656,174.11542342444415,171.80415404920433,173.52626873571805,44822338,SBIN.NS
2020-08-10,175.65626525878906,177.19710690057073,173.75286369348723,173.8888288511499,48784530,SBIN.NS
2020-08-11,176.7892303466797,178.37539362925392,175.61093485643244,176.74390862969975,43890305,SBIN.NS
2020-08-12,184.26687622070312,185.12793361098375,176.38138071299227,177.65030593759028,157818228,SBIN.NS
2020-08-13,182.9979248046875,187.89237997662775,181.9555944284786,186.26089491931432,70443118,SBIN.NS
2020-08-14,178.10348510742188,184.90132805045326,176.38137042728602,183.9949489913824,56169088,SBIN.NS
2020-08-17,175.0218048095703,180.05219760860393,173.57159275834172,179.87092455976216,54787889,SBIN.NS
2020-08-18,176.83456420898438,177.42370507944815,173.7528670358929,175.6562686378096,46294169,SBIN.NS
2020-08-19,178.60198974609375,181.54772157905566,177.55964556859018,178.01283508135356,59296062,SBIN.NS
2020-08-20,176.51731872558594,177.96753072731713,175.15775016030543,175.8375344429457,37504602,SBIN.NS
2020-08-21,179.82557678222656,182.63535703798593,179.14579257488913,180.36940968019454,68041871,SBIN.NS
2020-08-24,182.59007263183594,183.81368998715251,180.00690041430352,181.2758256618372,53850253,SBIN.NS
2020-08-25,188.4815216064453,188.9347111336694,183.72303157059247,184.90132710742444,105394375,SBIN.NS
2020-08-26,190.2036590576172,190.65684860616503,186.8500453341654,188.98004174443912,66749637,SBIN.NS
2020-08-27,195.46063232421875,196.23106003196244,190.79278585093806,190.79278585093806,80997993,SBIN.NS
2020-08-28,203.79934692382812,204.75103391816384,196.50299237568646,196.68426543031006,95974037,SBIN.NS
2020-08-31,192.15235900878906,209.87207224003572,190.65683910520616,209.87207224003572,119986476,SBIN.NS
2020-09-01,197.68128967285156,198.40638189756953,191.42726550780156,193.14939411712592,75048313,SBIN.NS
2020-09-02,196.0044708251953,198.4970132287527,192.4242763206804,197.81722893687342,47608088,SBIN.NS
2020-09-03,193.19468688964844,197.81722552684164,192.42427300361393,197.13744124668068,38594129,SBIN.NS
2020-09-04,187.25790405273438,192.42426150724486,186.6234276982936,190.33958707325058,54435758,SBIN.NS
2020-09-07,188.43618774414062,190.0223509872066,186.17024025404635,188.0736416778239,35687359,SBIN.NS
2020-09-08,184.94664001464844,188.98002384872794,183.90429585354613,188.43619090987056,34146789,SBIN.NS
2020-09-09,176.6079559326172,182.54472739407282,174.47795972337622,182.27282475480473,72715826,SBIN.NS
2020-09-10,179.59901428222656,182.590068097417,176.92519868616526,179.19114645066594,67789617,SBIN.NS
2020-09-11,183.7230224609375,184.76536662001774,178.55666487279913,179.96155510358358,48487971,SBIN.NS
2020-09-14,179.91622924804688,186.89534469464235,178.87389894319176,186.62342823199666,63605531,SBIN.NS
2020-09-15,181.4117889404297,182.18221678230515,178.64734348131518,181.18519414343677,51761038,SBIN.NS
2020-09-16,179.64431762695312,181.3211243332547,177.87688131749098,181.13985129668737,52404964,SBIN.NS
2020-09-17,177.1517791748047,179.46304847423428,176.7439113761398,178.55666944153612,41223296,SBIN.NS
2020-09-18,174.568603515625,178.73793867918147,171.94009607857686,177.65028662913397,55286316,SBIN.NS
2020-09-21,168.4052276611328,175.38434347254392,167.00033738923108,174.976475672378,57611375,SBIN.NS
2020-09-22,168.76779174804688,170.6711934588765,164.190574361717,168.72247002536085,51210889,SBIN.NS
2020-09-23,166.59246826171875,171.26031472800264,164.0546042149955,170.53520873890366,44320497,SBIN.NS
2020-09-24,159.83995056152344,164.7797136044356,159.06952283903627,164.14525103722386,46114798,SBIN.NS
2020-09-25,165.14227294921875,165.64078423142308,159.65867650546681,162.24186253036788,46550127,SBIN.NS
2020-09-28,169.719482421875,170.53521806029516,166.18460954839142,166.77375041722297,41921548,SBIN.NS
2020-09-29,167.72544860839844,171.2603214269355,166.093963526671,170.85245361406538,35688726,SBIN.NS
2020-09-30,168.0426788330078,169.31161786530487,165.32354154554653,167.72545444761911,37641083,SBIN.NS
2020-10-01,172.4839324951172,173.29966809153234,169.4022354892508,169.49287892451758,43588724,SBIN.NS
2020-10-05,171.0790557861328,175.6562730248709,169.53821407622775,174.02478787251655,41694686,SBIN.NS
2020-10-06,173.6622314453125,174.11542097013822,170.67117781541342,173.20904192048678,31098726,SBIN.NS
2020-10-07,172.8464813232422,175.06710722011243,171.39628314764678,174.52328809060666,34578053,SBIN.NS
2020-10-08,173.5715789794922,177.46901145630807,172.71052169316272,173.43562766121502,43351606,SBIN.NS
2020-10-09,179.73497009277344,180.18815962208944,172.7105323883755,174.02477925734252,64907230,SBIN.NS
2020-10-12,180.09751892089844,186.6687671958374,178.78327203196005,181.0038979933038,69122798,SBIN.NS
2020-10-13,177.37840270996094,181.2758359489123,176.83458350026345,180.05221852415767,34948525,SBIN.NS
2020-10-14,181.32113647460938,182.09155038916933,174.97648295818888,175.88286203196324,40548275,SBIN.NS
2020-10-15,174.7952117919922,183.54176441601447,174.0247840388878,182.18219579071067,49184123,SBIN.NS
2020-10-16,177.60496520996094,178.33007118795612,173.66222479315257,175.83752889689194,36893126,SBIN.NS
2020-10-19,184.9013214111328,185.44515435914647,177.69561091630706,177.8315622381873,60220779,SBIN.NS
2020-10-20,184.04025268554688,185.2185481129865,181.9102565732427,182.18217303038193,39316753,SBIN.NS
2020-10-21,184.67474365234375,187.8923922587163,180.23349154568706,185.53580104074686,54515523,SBIN.NS
2020-10-22,184.26687622070312,185.44517183225707,182.2728449405144,182.99793716585745,33721637,SBIN.NS
2020-10-23,183.8136749267578,186.35153904413846,182.68070110919922,184.9013270255647,32707020,SBIN.NS
2020-10-26,178.28477478027344,184.9013452946106,177.2877660204612,183.7230496418796,45470123,SBIN.NS
2020-10-27,176.4266815185547,179.05518913572118,174.2513772693971,178.7832726470147,37794381,SBIN.NS
2020-10-28,172.61988830566406,176.74391577308543,171.35096316041756,176.74391577308543,46458319,SBIN.NS
2020-10-29,171.03372192382812,172.84648000215222,168.4958578481251,171.6228765974314,44822673,SBIN.NS
2020-10-30,171.5322265625,174.02476882430648,168.7224461170925,171.62286999502774,41519686,SBIN.NS
2020-11-02,177.69561767578125,178.78326978293606,172.2573433097604,174.2060527588191,52600119,SBIN.NS
2020-11-03,185.58111572265625,186.53281651805264,179.1005108644401,179.4630569625687,69890201,SBIN.NS
2020-11-04,187.6204833984375,189.43324169214222,179.50839280015856,184.44815638445425,117577856,SBIN.NS
2020-11-05,198.17977905273438,200.30977540932147,194.64490619525694,195.77788003806984,138023646,SBIN.NS
2020-11-06,198.67828369140625,201.08019645630722,196.72957427878077,198.49701064864402,73147085,SBIN.NS
2020-11-09,198.95021057128906,201.8052991772291,196.7295845633082,201.66934784561192,60359458,SBIN.NS
2020-11-10,210.00804138183594,212.99909527299567,202.12254572714056,202.21318917212187,135294550,SBIN.NS
2020-11-11,212.27398681640625,216.94184757548425,206.42784426731131,210.95973986044658,107094861,SBIN.NS
2020-11-12,205.56675720214844,211.50354233837595,204.52441306801546,211.36757719205644,58859905,SBIN.NS
2020-11-13,207.96865844726562,209.05631047945562,199.494023109133,203.93527466984455,70676525,SBIN.NS
2020-11-14,208.14993286132812,211.09566462609467,206.4278182847938,210.2799290541039,7753219,SBIN.NS
2020-11-17,217.7122344970703,218.98117340374571,209.37355040708,210.143978094356,80501583,SBIN.NS
2020-11-18,228.4075469970703,229.31392615182057,215.62759538299204,216.98716411511745,104514060,SBIN.NS
2020-11-19,217.3043670654297,228.22623687272366,216.62458280975056,224.78199387790016,82284278,SBIN.NS
2020-11-20,220.0235137939453,222.42541273786705,212.0473754094131,218.89053998450171,84411129,SBIN.NS
2020-11-23,216.35267639160156,223.10519754563808,215.808857259944,220.7032985960955,57538324,SBIN.NS
2020-11-24,221.02053833007812,222.06286871234346,217.07778390451534,217.98416296048407,47636611,SBIN.NS
2020-11-25,220.2501220703125,226.50413235008654,218.9811968579735,222.4707481070295,74767232,SBIN.NS
2020-11-26,222.47071838378906,223.19582433549667,217.66690701275257,221.1564716258322,64248318,SBIN.NS
2020-11-27,221.38308715820312,223.19584529255894,219.38905597646112,222.47073927276722,54355703,SBIN.NS
2020-12-01,224.8273162841797,225.6430518613992,221.383073278788,222.06285753655297,37003272,SBIN.NS
2020-12-02,223.830322265625,227.3652091530571,221.24715005622048,225.0992613394139,56723083,SBIN.NS
2020-12-03,232.30494689941406,234.75218147707943,224.7820116073965,225.96030717622665,79266442,SBIN.NS
2020-12-04,238.8308868408203,239.6013145885347,229.81241778878183,232.93942283905434,79252024,SBIN.NS
2020-12-07,244.35980224609375,246.03660905386351,238.37769486565531,239.1027870558019,76053084,SBIN.NS
2020-12-08,246.44448852539062,248.07598761269088,240.41707263239874,245.58344491810428,65617502,SBIN.NS
2020-12-09,245.03961181640625,249.16362593657442,243.9972813128964,246.62577534885506,48495641,SBIN.NS
2020-12-10,244.31448364257812,245.62874444643452,240.6889671193835,243.81598618483721,38676657,SBIN.NS
2020-12-11,246.94297790527344,250.3872071567162,244.76764610384342,244.76764610384342,50255223,SBIN.NS
2020-12-14,248.52914428710938,250.29656682204862,246.8523375279415,248.3478574145803,31946501,SBIN.NS
2020-12-15,245.31146240234375,248.39314536452636,243.04551498007845,248.39314536452636,34890948,SBIN.NS
2020-12-16,244.1785125732422,248.03062356785134,243.36277695354136,247.26019583683075,24844177,SBIN.NS
2020-12-17,242.6376953125,246.6710656975439,241.73131621556948,244.72235617124227,25904699,SBIN.NS
2020-12-18,246.03659057617188,246.48978007610182,240.1904349628786,242.63766932669716,29816205,SBIN.NS
2020-12-21,230.85472106933594,243.8159431162881,227.54644335840646,243.31744574660362,55160758,SBIN.NS
2020-12-22,233.34730529785156,234.48027914827713,225.0086066945215,230.945392436801,51189571,SBIN.NS
2020-12-23,238.37770080566406,239.19343645502937,231.67050106794585,232.89411837224117,29056404,SBIN.NS
2020-12-24,241.8672332763672,243.67999121336752,239.87318848147044,240.1904266525437,28585509,SBIN.NS
2020-12-28,249.43548583984375,250.16057789999596,242.90954665651782,243.5893308355939,36870242,SBIN.NS
2020-12-29,251.8827362060547,253.69549433299352,248.98233979924885,250.4325241724048,45032526,SBIN.NS
2020-12-30,250.9763641357422,252.60786309174324,246.98830167745288,251.97338666543817,30971894,SBIN.NS
2020-12-31,249.20895385742188,251.2936148005863,247.07895736127804,249.25426174990528,29467966,SBIN.NS
2021-01-01,253.2423095703125,253.78614255073438,248.7104141676208,249.16360370788996,24531791,SBIN.NS
2021-01-04,254.73779296875,257.32097850972156,251.7467534963558,255.4629127254298,31450608,SBIN.NS
2021-01-05,255.37234497070312,256.0068214882459,251.0670436801589,252.01873079597448,27393072,SBIN.NS
2021-01-06,258.36334228515625,262.07950199628453,255.0550642188508,256.50527625983915,40765708,SBIN.NS
2021-01-07,260.7652893066406,264.4814216474617,260.13081284525856,261.9435711229259,30546600,SBIN.NS
2021-01-08,259.22442626953125,264.11886794671705,258.499334043465,262.9405861642355,32543357,SBIN.NS
2021-01-11,256.0520935058594,261.2184653947773,253.42359967099554,261.03717851216817,29703173,SBIN.NS
2021-01-12,265.11590576171875,266.33952316656456,251.88276442065836,253.78616619925214,44307145,SBIN.NS
2021-01-13,278.0770568847656,279.16472271277803,266.92860661984787,268.28817507461787,78042133,SBIN.NS
2021-01-14,278.4849853515625,280.2977435963245,275.3579663151498,277.98648789845123,40123498,SBIN.NS
2021-01-15,275.4032897949219,281.7932512633978,273.0920065378709,278.077091492439,35307601,SBIN.NS
2021-01-18,266.8833312988281,279.75389764473476,264.8439783678452,275.08605091258386,54969750,SBIN.NS
2021-01-19,270.644775390625,274.17964796451537,268.6507305230499,269.7837042749694,35803901,SBIN.NS
2021-01-20,274.2249450683594,276.1736819734336,269.05860155903315,270.8260239462404,33759304,SBIN.NS
2021-01-21,267.2458801269531,276.5815736865538,264.20950464439545,275.5392432655102,29995203,SBIN.NS
2021-01-22,257.1397705078125,270.1009810158513,255.96146104131157,267.8350331885371,44440810,SBIN.NS
2021-01-25,254.64723205566406,261.0371939688274,251.1123312589391,257.8648669587896,34034630,SBIN.NS
2021-01-27,249.8433837890625,258.1820822530594,247.1695821430319,253.96742513199874,39211107,SBIN.NS
2021-01-28,255.91612243652344,256.82250145867476,244.26914646978045,246.4444505908451,48717297,SBIN.NS
2021-01-29,255.68954467773438,263.43907476807465,252.97040743052804,258.86187146614174,42300984,SBIN.NS
2021-02-01,281.61199951171875,284.51239605681866,256.27869241563076,258.40868884844326,103414068,SBIN.NS
2021-02-02,301.9148864746094,305.81230557568534,285.5094190840311,285.5094190840311,121434166,SBIN.NS
2021-02-03,304.498046875,308.07822745522657,295.2982775714913,302.5040019403347,66420168,SBIN.NS
2021-02-04,321.855224609375,324.4837184727254,300.10212616427606,303.09316613627914,145203439,SBIN.NS
2021-02-05,356.297607421875,370.1198878309798,349.0918829640788,350.7686897261344,214955688,SBIN.NS
2021-02-08,359.8778076171875,369.62138286167783,357.7931467686107,360.7388788192706,79389205,SBIN.NS
2021-02-09,357.83843994140625,365.7239487861223,352.58145248525796,359.6058901633061,63869990,SBIN.NS
2021-02-10,355.52716064453125,360.6481964321056,351.67504991734387,357.15863177067274,54163507,SBIN.NS
2021-02-11,353.6238098144531,359.7872044560064,351.90169501037786,355.1193298374528,36392708,SBIN.NS
2021-02-12,356.3429260253906,361.9624873265371,349.4544395576771,354.39421655596686,53589755,SBIN.NS
2021-02-15,368.8509826660156,371.11693039670627,358.6542178779079,360.2856891798072,56608937,SBIN.NS
2021-02-16,364.6816101074219,376.82708363909694,362.8235164901756,373.42816225930954,80365431,SBIN.NS
2021-02-17,373.2015686035156,376.01134915120844,362.6875662388711,365.27075202724177,74161370,SBIN.NS
2021-02-18,376.3286437988281,387.65838346449016,374.9690750389487,385.256456526972,67154539,SBIN.NS
2021-02-19,362.14373779296875,376.14730515761215,358.019724186161,376.14730515761215,66155518,SBIN.NS
2021-02-22,353.0346374511719,363.4579964516558,349.5450726015199,363.0954503663463,52535049,SBIN.NS
2021-02-23,358.56353759765625,362.2796970262885,352.5814306711375,355.30056766860133,45462768,SBIN.NS
2021-02-24,368.21649169921875,372.0686026893029,358.20101418919745,359.8324854266827,39632090,SBIN.NS
2021-02-25,369.1228942871094,376.05668897918804,368.4884178429211,372.52181596562787,46988836,SBIN.NS
2021-02-26,353.6238098144531,363.4580288452325,350.76872110499994,362.098460158779,64450414,SBIN.NS
2021-03-01,357.97442626953125,360.46696872253716,354.39421786374334,358.11037759850547,29677890,SBIN.NS
2021-03-02,357.2945861816406,362.14369134111865,353.98628095030944,358.0196782632944,30534337,SBIN.NS
2021-03-03,367.1288146972656,370.61837949163214,358.9260955475602,359.3792850621404,46268223,SBIN.NS
2021-03-04,358.60888671875,365.72396821235327,357.5212483909954,361.37335958034487,43603653,SBIN.NS
2021-03-05,347.7322998046875,358.0197070455635,342.7019073901429,358.0197070455635,72179228,SBIN.NS
2021-03-08,353.1253356933594,356.56956552909054,349.9076729931787,352.08300516363795,39147858,SBIN.NS
2021-03-09,351.3125305175781,357.9290866164198,346.46339699612867,356.6148535707426,28054083,SBIN.NS
2021-03-10,351.4031982421875,356.2069965461691,349.59043999004416,354.48488173873204,22677399,SBIN.NS
2021-03-12,345.4210510253906,356.3882427303278,342.1580810121169,355.0286741965049,35336355,SBIN.NS
2021-03-15,347.9589538574219,349.8623556247856,334.7711481487174,346.6900285660116,42722585,SBIN.NS
2021-03-16,343.1097717285156,351.5391133280401,340.88915969492854,349.4997605046783,38196452,SBIN.NS
2021-03-17,333.68341064453125,344.1067687486498,331.7800092847245,342.7925358448598,33143064,SBIN.NS
2021-03-18,332.7317810058594,339.89217053298853,327.2935062773315,336.71984360801395,39405038,SBIN.NS
2021-03-19,336.4026184082031,337.9887819321032,323.80395366475295,329.8767050775978,60309145,SBIN.NS
2021-03-22,332.6411437988281,337.8981317374449,329.4688168143706,337.17303949091024,28461974,SBIN.NS
2021-03-23,337.8074951171875,342.56598530038633,332.6864311725875,334.1819787871313,41032380,SBIN.NS
2021-03-24,326.1604919433594,334.4991622304421,325.0728260682871,334.00066483965446,42318999,SBIN.NS
2021-03-25,321.9458312988281,327.0668671077367,312.88204131474504,326.29643942699124,57495003,SBIN.NS
2021-03-26,323.75860595703125,328.109214309087,321.35667935924687,326.2964562189816,40718848,SBIN.NS
2021-03-30,327.0215759277344,330.19390285254525,322.942869881549,326.3871271390696,39405124,SBIN.NS
2021-03-31,330.1938781738281,333.4115404105168,324.43839331166174,326.56836195930134,38651025,SBIN.NS
2021-04-01,335.94940185546875,337.0823757101415,329.10625083744304,333.27560015473773,31883453,SBIN.NS
2021-04-05,320.4503479003906,334.6352041902815,316.37164159197414,333.09434852068074,51743981,SBIN.NS
2021-04-06,317.73114013671875,323.5772956175346,316.5981664125677,322.3990140086141,44147709,SBIN.NS
2021-04-07,324.982177734375,329.1968621913512,315.05734433110416,318.36562213219446,48023602,SBIN.NS
2021-04-08,322.30841064453125,329.2875130565745,321.1301012286445,327.20285220919027,33370259,SBIN.NS
2021-04-09,319.95184326171875,330.37520359460757,318.3203718390305,321.22076855275367,46473100,SBIN.NS
2021-04-12,298.06280517578125,311.7944445109518,292.3525996247761,311.7944445109518,75501713,SBIN.NS
2021-04-13,309.0752258300781,310.2081995318013,299.5582467356036,300.9178151776714,49773360,SBIN.NS
2021-04-15,310.6160888671875,315.0120048109989,304.6339820409552,310.0722559447134,52992349,SBIN.NS
2021-04-16,308.0782165527344,313.1539444845829,306.9452428027902,310.88799698469444,37766793,SBIN.NS
2021-04-19,300.1474304199219,300.96316606963427,291.2195908424435,296.521914056316,53304377,SBIN.NS
2021-04-20,298.6518859863281,308.07822222739446,296.1140358039038,303.72761401166923,41296147,SBIN.NS
2021-04-22,305.1324768066406,306.0388557828436,293.03231194223235,295.479546242177,49105833,SBIN.NS
2021-04-23,304.9512634277344,308.07825476918185,300.6006270919663,300.6006270919663,44223940,SBIN.NS
2021-04-26,312.0662841796875,314.9214002088024,307.4890812125699,307.4890812125699,49234985,SBIN.NS
2021-04-27,319.99713134765625,321.71927377227814,310.34419942985795,311.79441152719977,46003023,SBIN.NS
2021-04-28,329.3781433105469,330.1938789285813,322.7162517190275,323.5773228861433,56696255,SBIN.NS
2021-04-29,325.7526550292969,335.3149714834763,322.21778194094685,330.82838370870775,63692926,SBIN.NS
2021-04-30,320.405029296875,328.562441641067,317.64058395554184,320.3597214036059,53832840,SBIN.NS
2021-05-03,317.7765197753906,319.49863454295576,309.4378209443977,316.87014067030424,43691860,SBIN.NS
2021-05-04,318.59222412109375,328.92493937130104,317.4139424645015,321.7645506770648,57749307,SBIN.NS
2021-05-05,322.1271057128906,323.985199343661,315.419906340057,323.12412819031704,40872501,SBIN.NS
2021-05-06,322.2630615234375,325.7073185242703,317.7311662543103,324.48370126950726,36294427,SBIN.NS
2021-05-07,324.71026611328125,328.10918725194085,319.9517765191578,324.0304818855493,38357618,SBIN.NS
2021-05-10,327.8373107910156,332.6411086528679,325.2087894389335,326.7496448756373,41739324,SBIN.NS
2021-05-11,330.5111083984375,332.0972717040139,321.5379615161324,323.4413630149227,41892770,SBIN.NS
2021-05-12,333.2755432128906,338.5325299361911,328.0185288291004,328.8342643329932,53436590,SBIN.NS
2021-05-14,326.704345703125,337.6262023942307,325.8885824145827,335.36025472715534,51722170,SBIN.NS
2021-05-17,347.2337951660156,349.1371965692474,329.6047128191782,330.28449705886874,106555796,SBIN.NS
2021-05-18,346.46337890625,355.79907170793757,344.46933400662135,353.48781628106605,70917710,SBIN.NS
2021-05-19,348.4120788574219,353.0346172469254,345.511682680443,346.23677480956485,48189573,SBIN.NS
2021-05-20,348.5480651855469,351.4937972043004,346.2368095888765,350.76870500234344,42898608,SBIN.NS
2021-05-21,363.6392822265625,366.53967856077395,342.61127741618657,353.4878259055893,192810772,SBIN.NS
2021-05-24,373.4735107421875,379.9541436724667,367.35545159355723,377.96009851538145,142964052,SBIN.NS
2021-05-25,373.74542236328125,376.60051095757547,370.25585734336846,376.2379648545769,56048127,SBIN.NS
2021-05-26,374.83306884765625,379.5462512709201,372.3405263019965,375.05966362453444,52357719,SBIN.NS
2021-05-27,385.3924255371094,388.9272986890278,373.4282096962352,374.9690653150057,73392997,SBIN.NS
2021-05-28,382.53729248046875,393.05129569321736,380.7245342596671,390.19620702755384,65137568,SBIN.NS
2021-05-31,384.6219482421875,386.11746811475876,378.8664358496929,381.5855729490926,38291043,SBIN.NS
2021-06-01,392.05426025390625,394.5921382759125,385.7549422399594,386.1627962299375,59299647,SBIN.NS
2021-06-02,396.31427001953125,396.94874646740857,388.9725936191458,390.4681136342902,38657806,SBIN.NS
2021-06-03,402.1686096191406,404.2725449742927,396.54291980030337,399.74453506974066,38909199,SBIN.NS
2021-06-04,396.6343994140625,404.22679015914537,394.94211147713594,400.20190798204277,36898769,SBIN.NS
2021-06-07,395.39947509765625,400.1104175694343,394.07308049836104,398.00651018696846,20201197,SBIN.NS
2021-06-08,390.780029296875,395.6281784678205,387.8528269834818,395.39949165945757,31113823,SBIN.NS
2021-06-09,385.52020263671875,395.44518701289496,382.5472743598681,391.0544118011243,27784834,SBIN.NS
2021-06-10,395.39947509765625,396.35994848620174,386.38920964239014,388.6760776302308,27397712,SBIN.NS
2021-06-11,392.97540283203125,398.3724057306271,388.99624692755265,397.77782563360597,26831924,SBIN.NS
2021-06-14,393.6614685058594,395.582443235397,381.17517463766893,390.597059760629,30106015,SBIN.NS
2021-06-15,392.8839111328125,395.9025656398954,391.5117903721624,392.6094981470298,16413658,SBIN.NS
2021-06-16,389.6365966796875,395.85686672355354,388.767575638383,391.5118173487716,19701175,SBIN.NS
2021-06-17,384.4225158691406,389.636586144243,381.0836941282875,385.1085762781873,23048331,SBIN.NS
2021-06-18,377.6991271972656,387.76134676758494,368.3229680521954,387.76134676758494,45748727,SBIN.NS
2021-06-21,383.96514892578125,385.1085829607002,366.35626478802953,371.70754165462415,33128978,SBIN.NS
2021-06-22,382.9589538574219,389.17925228423195,381.7240394118449,386.93811021944884,28442965,SBIN.NS
2021-06-23,383.1418762207031,388.53887920088465,379.6200938631363,385.2000574524912,27564829,SBIN.NS
2021-06-24,381.632568359375,386.7094044902972,380.80927349198566,384.51401664762466,19214547,SBIN.NS
2021-06-25,392.24359130859375,394.256046330923,383.3248060377666,385.1085742582798,29886797,SBIN.NS
2021-06-28,390.36834716796875,396.2227233583746,388.35589226695373,393.98160958519685,29370660,SBIN.NS
2021-06-29,385.5659484863281,392.38082635783167,384.6969274716719,391.0544317388026,22275961,SBIN.NS
2021-06-30,383.4620666503906,388.6761093385087,382.6387717749082,386.938095109136,18337773,SBIN.NS
2021-07-01,384.55975341796875,387.57843621103075,381.58682473872585,384.46827310620233,16161469,SBIN.NS
2021-07-02,388.2187194824219,389.1334667139619,383.2790900152796,384.46825024993365,16423811,SBIN.NS
2021-07-05,395.765380859375,397.457668806859,388.08150976135767,390.1396910152482,16483761,SBIN.NS
2021-07-06,393.1126403808594,399.28718447061107,391.69479327474636,394.8964087286917,20195278,SBIN.NS
2021-07-07,395.9483337402344,397.00028744406666,391.1001567984235,392.7467185189113,14473774,SBIN.NS
2021-07-08,388.2644958496094,398.2809618596144,386.1148341490934,395.9026133381047,21433043,SBIN.NS
2021-07-09,387.6241455078125,391.054447680448,385.1543167771667,388.76757956535766,16844494,SBIN.NS
2021-07-12,391.00872802734375,393.57000919275526,388.4016927493425,390.13970696271963,12886781,SBIN.NS
2021-07-13,392.5180358886719,394.98783662184604,391.78622136649943,393.34130279972993,12831125,SBIN.NS
2021-07-14,394.3017883300781,395.4452223849918,390.04821922897344,392.4265676463679,12767351,SBIN.NS
2021-07-15,394.8963928222656,396.0398268669029,393.02114423953844,395.8111400579754,11030732,SBIN.NS
2021-07-16,393.3413391113281,395.6282073619754,391.0087446620168,395.17083371184594,8713863,SBIN.NS
2021-07-19,391.4203186035156,392.8381935032809,383.1418676668262,387.3039562318398,14426686,SBIN.NS
2021-07-20,385.0171203613281,390.59708429152414,383.187625821321,390.59708429152414,14623321,SBIN.NS
2021-07-22,386.0690612792969,390.3226582758298,385.0171075370059,389.2706766176685,11799761,SBIN.NS
2021-07-23,392.3351135253906,393.2956149451495,383.7364944416952,386.84662969547367,17704661,SBIN.NS
2021-07-26,387.2124938964844,391.3288564591651,386.29774666033313,391.3288564591651,14037519,SBIN.NS
2021-07-27,393.29559326171875,396.31424803539767,387.8528359307758,387.9900424357847,24119619,SBIN.NS
2021-07-28,389.2249450683594,393.7986812031227,385.15430874207203,393.34130758964636,17636515,SBIN.NS
2021-07-29,403.9065856933594,405.78183406684616,389.2249053647492,389.6822789315703,35263606,SBIN.NS
2021-07-30,394.9878845214844,406.5137064216268,393.98168479476493,403.8609447572453,35196813,SBIN.NS
2021-08-02,397.82354736328125,399.4701090548665,394.9878254909973,397.6863408679497,16926025,SBIN.NS
2021-08-03,408.43463134765625,409.7152718650125,396.63439786165935,397.8693121846302,40922962,SBIN.NS
2021-08-04,417.9937438964844,427.5985894893642,403.86088850061356,410.4013253925912,129761158,SBIN.NS
2021-08-05,404.1810607910156,423.07058511627656,401.0251717465032,421.6984642996832,58595639,SBIN.NS
2021-08-06,398.5096435546875,408.8920306774342,397.00031613871687,405.87337584549294,38236066,SBIN.NS
2021-08-09,396.4514465332031,404.1353177330876,394.256058749789,400.5678090955559,22196404,SBIN.NS
2021-08-10,390.0939636230469,399.19568172390404,385.74891432261467,397.3661872816168,27794251,SBIN.NS
2021-08-11,391.5575256347656,395.9940551134782,387.0752699626527,393.15833322593943,23827946,SBIN.NS
2021-08-12,390.7342834472656,393.75296613100426,388.7675824369353,393.34131870089925,16847144,SBIN.NS
2021-08-13,394.4389953613281,395.39946873441653,388.76755167640727,391.1458999286601,20908992,SBIN.NS
2021-08-16,388.6304016113281,397.0003339442595,387.8528608119033,393.3413446913171,17608693,SBIN.NS
2021-08-17,385.5659484863281,389.545104427546,379.8487784316673,388.63035721880027,22957877,SBIN.NS
2021-08-18,383.91943359375,388.1730027408294,382.36435209591116,386.1605476160816,17668574,SBIN.NS
2021-08-20,372.0277099609375,381.7697623865227,370.60983500356787,379.6201008108056,25541790,SBIN.NS
2021-08-23,374.5889892578125,377.7906045506143,367.0423246390654,376.0525904034102,26559937,SBIN.NS
2021-08-24,381.9984436035156,383.0503973204456,373.3998253423619,374.5889855587402,19012313,SBIN.NS
2021-08-25,380.7635192871094,385.38298144784864,378.97975109347084,383.2790740691864,16410980,SBIN.NS
2021-08-26,375.7324523925781,380.3519150779214,375.04639191955454,379.162754757696,15897679,SBIN.NS
2021-08-27,377.2875061035156,379.02552025699,372.7594961495837,375.36653133773024,15090541,SBIN.NS
2021-08-30,386.6636962890625,387.2125223383699,378.2480099319661,379.07127692179955,20308691,SBIN.NS
2021-08-31,389.7280578613281,390.5970789222341,383.00468785192083,387.7156306445066,26262421,SBIN.NS
2021-09-01,393.24981689453125,395.67389139874035,388.9047676812977,391.0544291910187,18776721,SBIN.NS
2021-09-02,393.1126403808594,396.5429426529436,391.28314583574775,394.6219677974022,14372717,SBIN.NS
2021-09-03,394.6219787597656,397.27474034069536,391.6948041557947,394.484772248245,14233624,SBIN.NS
2021-09-06,394.3017883300781,396.863097362607,393.3870410861472,395.1708093781607,10694099,SBIN.NS
2021-09-07,392.5180358886719,394.89638423296043,388.85904702541853,394.3017762099861,14928735,SBIN.NS
2021-09-08,394.57623291015625,398.28094811606775,390.9172439005169,392.426571283819,22817464,SBIN.NS
2021-09-09,395.4451904296875,396.817311184705,393.341283105008,393.56996989751093,9662128,SBIN.NS
2021-09-13,395.9483337402344,396.81732683650046,392.24359080603887,393.4327789234805,9567921,SBIN.NS
2021-09-14,396.0855712890625,399.5158735808269,395.39951083070963,397.91506584467015,9981562,SBIN.NS
2021-09-15,406.0105895996094,407.06254339825074,394.6677288049449,396.085575935826,22181568,SBIN.NS
2021-09-16,424.16827392578125,426.36366155076513,405.00430954655894,406.92528418687044,42637448,SBIN.NS
2021-09-17,415.38671875,431.66920812179234,411.9564166703356,428.10169954211534,41529478,SBIN.NS
2021-09-20,400.1562194824219,414.83790255192383,398.5096575849526,411.0874330206504,18376916,SBIN.NS
2021-09-21,401.39105224609375,403.7236743094292,395.7653626606565,402.62596652481625,17279588,SBIN.NS
2021-09-22,401.43682861328125,405.05006343256156,398.9212737236087,401.4825548085636,14321143,SBIN.NS
2021-09-23,411.4532775878906,412.6881918856447,404.3639868190037,404.68415392077236,20516770,SBIN.NS
2021-09-24,403.1748352050781,413.37426107405764,402.4887747934983,412.64247446805365,10731274,SBIN.NS
2021-09-27,408.526123046875,412.1393578960577,404.5469669689246,406.97104157222344,11746892,SBIN.NS
2021-09-28,406.9710388183594,416.9417780856612,402.1228896445678,410.9044686740325,19241170,SBIN.NS
2021-09-29,420.78369140625,422.88759869693416,401.66548144509613,404.1810361219813,38635938,SBIN.NS
2021-09-30,414.3804931640625,425.26597956466856,412.91689202004414,420.73799754782823,26530369,SBIN.NS
2021-10-01,413.1455383300781,416.71304657677666,405.9647677303675,410.26409043527804,14777309,SBIN.NS
2021-10-04,423.6651611328125,424.8085951356085,413.0998421133248,415.11226920872434,16246765,SBIN.NS
2021-10-05,425.08306884765625,429.0164709544509,419.5945852107123,422.6132400446829,16487568,SBIN.NS
2021-10-06,418.22247314453125,430.8459746100699,414.97510350781965,425.35749085707533,19056690,SBIN.NS
2021-10-07,418.8627624511719,424.44272628944435,418.1309758135729,422.70471208824364,9984651,SBIN.NS
2021-10-08,418.9542236328125,424.442706911845,415.52392158341723,422.5217321810097,16521128,SBIN.NS
2021-10-11,429.2451477050781,434.45921820423183,419.5488212573886,420.7837356299114,20686981,SBIN.NS
2021-10-12,441.82293701171875,443.1035776227813,428.19320809908646,429.93122235094785,33763609,SBIN.NS
2021-10-13,440.63372802734375,444.70433623117833,437.2491522930377,444.70433623117833,17638983,SBIN.NS
2021-10-14,448.7749938964844,451.7936485708089,440.908162183073,440.908162183073,23431826,SBIN.NS
2021-10-18,455.4984130859375,458.2883810858803,449.78124266320947,451.8851502124249,20084248,SBIN.NS
2021-10-19,446.5796203613281,461.2155764185171,442.05161028978694,457.6937939090819,20645100,SBIN.NS
2021-10-20,457.2821350097656,464.2342195457429,441.91439270149596,447.12843516657637,34080545,SBIN.NS
2021-10-21,460.0721130371094,463.31945441403883,449.82693328352144,461.8558533184021,20808243,SBIN.NS
2021-10-22,460.0721130371094,465.33190941002294,457.3735976446583,461.5814403261629,24080485,SBIN.NS
2021-10-25,463.3194580078125,471.5064566355026,455.4069002903594,463.3194580078125,35619415,SBIN.NS
2021-10-26,468.8536682128906,474.0220122478447,464.3256863029112,464.3256863029112,21107457,SBIN.NS
2021-10-27,474.89105224609375,481.9345613326672,469.03664757410104,469.9056686189385,29463032,SBIN.NS
2021-10-28,458.6085205078125,476.17165023590735,455.178218461403,475.30262921780246,28140401,SBIN.NS
2021-10-29,459.3403015136719,468.94517504243936,446.7625274967812,458.7457214160472,31355893,SBIN.NS
2021-11-01,471.73516845703125,472.87860252065997,458.2883727024087,465.14897708418124,20679604,SBIN.NS
2021-11-02,477.2236633300781,480.24231816361515,468.39632981589745,470.91188481580207,26797820,SBIN.NS
2021-11-03,482.6663818359375,496.0673948008811,471.27776804319853,479.3275322272319,80775924,SBIN.NS
2021-11-04,485.2276611328125,490.21304451580113,483.0322455304038,486.18813452196457,9796046,SBIN.NS
2021-11-08,478.6414794921875,488.8866594503413,472.42120960636737,488.8866594503413,36802110,SBIN.NS
2021-11-09,484.03851318359375,486.64552042460116,477.68100884628535,481.3857239162526,25451967,SBIN.NS
2021-11-10,479.6934509277344,483.4438920909196,477.04066173209947,480.7453767019264,15805538,SBIN.NS
2021-11-11,466.1551818847656,478.27555445162017,463.86831386915736,478.27555445162017,23086898,SBIN.NS
2021-11-12,467.7559814453125,469.2653087264636,459.8434238306619,468.35056153596366,19836221,SBIN.NS
2021-11-15,463.36517333984375,471.9180929806941,462.40469996620203,468.71647784739696,13328183,SBIN.NS
2021-11-16,452.8913879394531,464.14276841718083,451.4277866952607,464.14276841718083,19553216,SBIN.NS
2021-11-17,455.68133544921875,462.3132529890859,449.1408982172135,451.7479334539905,20488483,SBIN.NS
2021-11-18,460.84967041015625,463.04508622396435,450.3300766465004,456.5503749258373,22471070,SBIN.NS
2021-11-22,444.93304443359375,462.86209561777235,436.79179971835237,462.86209561777235,28800269,SBIN.NS
2021-11-23,451.01611328125,453.16577486777436,439.078673024738,443.8810960109461,20000371,SBIN.NS
2021-11-24,451.1075744628906,457.3735983433686,447.35710537330124,453.5316489509367,13963769,SBIN.NS
2021-11-25,448.729248046875,453.2115318618765,444.8415722714062,448.22614823051543,12894211,SBIN.NS
2021-11-26,430.3885498046875,446.30514521322806,427.27841496419296,444.7958179437392,26305817,SBIN.NS
2021-11-29,425.4489440917969,437.0204910180489,415.56965721565007,429.93119995496176,22407465,SBIN.NS
2021-11-30,421.28680419921875,436.56309333018453,418.9542100476155,428.1016818827163,23026652,SBIN.NS
2021-12-01,434.7793273925781,436.56309557594625,424.44269533208814,424.85434273313274,17156956,SBIN.NS
2021-12-02,436.33441162109375,437.3863653112203,430.8002022626874,434.04754363565826,12962679,SBIN.NS
2021-12-03,432.8126220703125,440.4507665965415,429.9769002328308,435.19097031838965,16653993,SBIN.NS
2021-12-06,425.6318664550781,436.33441999875384,424.259745637472,432.81263765039085,14353300,SBIN.NS
2021-12-07,436.05999755859375,438.8042391343788,429.19939361913106,429.19939361913106,13644942,SBIN.NS
2021-12-08,449.64398193359375,450.4215226487684,439.30734958040273,439.9019296864058,20397660,SBIN.NS
2021-12-09,446.9912414550781,451.4277712337614,444.65864711657116,450.33006335924586,12560970,SBIN.NS
2021-12-10,452.5255126953125,453.6689468511872,443.1035985013814,446.85406811582493,13261408,SBIN.NS
2021-12-13,446.21368408203125,457.78525878227936,444.8873173585926,455.31543011455665,14047645,SBIN.NS
2021-12-14,446.89971923828125,448.5462808956485,440.7251758338574,444.5671251185129,11642447,SBIN.NS
2021-12-15,443.4694519042969,449.14089597295117,442.2802916556454,448.22614873064373,8639835,SBIN.NS
2021-12-16,440.130615234375,448.7292334393856,437.47785390417283,446.71680632358755,11107781,SBIN.NS
2021-12-17,427.9187316894531,440.359299271,426.7295714883093,439.1243849600465,12648603,SBIN.NS
2021-12-20,410.90447998046875,424.4427282496702,405.23303580733597,419.86899195387633,22336114,SBIN.NS
2021-12-21,407.97723388671875,419.1828866111858,406.60511314494727,418.08517885142146,16617447,SBIN.NS
2021-12-22,416.9875183105469,418.31388500613815,410.72149438321924,411.6362415867453,13102553,SBIN.NS
2021-12-23,422.4302673339844,425.3574696895943,418.72555215142324,421.69848070301714,14471377,SBIN.NS
2021-12-24,417.9937438964844,424.07680718880107,413.6486946997054,423.1620599894792,13221159,SBIN.NS
2021-12-27,418.9999084472656,421.24105006455295,412.13930502601886,415.0207807956359,8856482,SBIN.NS
2021-12-28,421.8814392089844,423.4364927709809,419.91471030583773,421.8814392089844,8832210,SBIN.NS
2021-12-29,415.6611633300781,422.7504548333301,412.9169214578515,421.69850103215094,11757303,SBIN.NS
2021-12-30,413.19134521484375,416.11851967398894,410.2641428398278,414.1518186638395,28879190,SBIN.NS
2021-12-31,421.1954040527344,422.0643972353255,414.47200583688556,415.523959645218,10005842,SBIN.NS
2022-01-03,430.6629638671875,431.7606716563902,420.87518572958294,422.61319979926327,13124509,SBIN.NS
2022-01-04,442.2803039550781,443.37801184272155,430.89168930529485,432.2180840098747,23296671,SBIN.NS
2022-01-05,450.4215393066406,452.7998877344807,438.30113827132374,440.81669320318196,24694169,SBIN.NS
2022-01-06,449.7812194824219,452.2510202282293,444.01829524379843,446.1222306004526,18190843,SBIN.NS
2022-01-07,449.36956787109375,459.1573742053209,447.72303405592913,451.3820229037345,22746330,SBIN.NS
2022-01-10,460.7124328613281,461.90162099966733,450.513006917338,451.2905476393541,15832274,SBIN.NS
2022-01-11,462.81640625,464.50866641736116,456.6875881915463,460.11789055653037,16107950,SBIN.NS
2022-01-12,466.7497863769531,469.72271495260253,465.14897868237273,466.42961925486287,14489616,SBIN.NS
2022-01-13,467.7559814453125,469.12807431519354,463.776825583464,466.5210671549638,10450974,SBIN.NS
2022-01-14,465.01177978515625,466.8412743231792,462.08457735797106,465.60635992683945,8724574,SBIN.NS
2022-01-17,470.1800842285156,474.6623680645578,464.2799533281715,464.691600755031,17422211,SBIN.NS
2022-01-18,463.5938720703125,473.3359521308501,461.9473382685742,470.1800631090042,12592506,SBIN.NS
2022-01-19,471.8265686035156,473.5188843293389,457.64798778452985,461.9473105540532,16079457,SBIN.NS
2022-01-20,467.80169677734375,474.89101525499143,464.6915619850271,472.00953933912194,17724642,SBIN.NS
2022-01-21,459.8434753417969,464.2342511816986,455.5441518984944,462.22179597081833,16947941,SBIN.NS
2022-01-24,452.0223388671875,463.5938857626072,446.39664897657883,459.56900352713996,20233933,SBIN.NS
2022-01-25,470.7746887207031,473.38169601825234,447.31139971579785,448.2261469544805,21791739,SBIN.NS
2022-01-27,483.8555603027344,485.59354654725604,460.3008190412504,460.6209582402638,35409230,SBIN.NS
2022-01-28,478.8244323730469,490.67041976372684,476.94921178187474,488.47500415393523,24715250,SBIN.NS
2022-01-31,492.4084167480469,494.78679301613647,482.1175105358289,483.9012787789612,28674232,SBIN.NS
2022-02-01,486.91986083984375,497.57668668347384,475.6684828916378,497.57668668347384,32245356,SBIN.NS
2022-02-02,493.7805480957031,497.8511844727147,486.0509227652862,490.89912779394075,21661864,SBIN.NS
2022-02-03,494.0549621582031,498.26283296266905,491.3565024646841,491.3565024646841,22717677,SBIN.NS
2022-02-04,485.0904541015625,499.8179182828877,482.34621235952267,495.9302424816646,25332894,SBIN.NS
2022-02-07,487.7889709472656,502.19624013136206,480.4709929489944,486.5540844927539,52289545,SBIN.NS
2022-02-08,486.0509033203125,491.8138553567655,474.75379771132225,489.8471265402949,26567546,SBIN.NS
2022-02-09,489.6184387207031,490.76187272051794,482.7578347218143,489.34402572709524,14856155,SBIN.NS
2022-02-10,494.4665832519531,497.5767460360815,488.8409215226681,491.3106942745925,18659370,SBIN.NS
2022-02-11,484.4501037597656,491.85958971603907,482.1632357174107,490.5331950851254,14607095,SBIN.NS
2022-02-14,458.6542663574219,471.6436605802897,457.0992127792638,471.0948345620402,26153332,SBIN.NS
2022-02-15,480.059326171875,481.93454679200465,454.7208451236285,459.20310088374214,23842951,SBIN.NS
2022-02-16,472.64990234375,482.9865348203373,470.18007366979805,481.6144139827795,19773807,SBIN.NS
2022-02-17,469.2196044921875,475.6685613206677,467.5730427227092,475.6685613206677,16408356,SBIN.NS
2022-02-18,471.3692626953125,476.4918809675494,466.61259358401526,466.61259358401526,15111223,SBIN.NS
2022-02-21,468.21337890625,473.3816952128393,461.6271876325928,467.9389379855899,16866932,SBIN.NS
2022-02-22,455.90997314453125,462.22172288483523,453.2572119975476,458.1968410153564,27108772,SBIN.NS
2022-02-23,456.1844787597656,462.2675425760223,454.8580840401576,460.11788088928967,13899433,SBIN.NS
2022-02-24,432.35528564453125,446.35093543284336,428.1017164806223,439.07868356986904,32356037,SBIN.NS
2022-02-25,441.7771911621094,449.9641622186997,438.4383414001046,439.0786756350873,21792287,SBIN.NS
2022-02-28,442.0058898925781,443.9268368175904,432.76693692708824,436.24296536992784,18069367,SBIN.NS
2022-03-02,433.8188781738281,438.8957141848437,427.18696068988453,437.24918032069553,22003848,SBIN.NS
2022-03-03,427.5528564453125,442.1888123555731,424.99157532736507,439.0786773078168,20358590,SBIN.NS
2022-03-04,422.5674743652344,430.7544449425451,418.6340447100843,421.05811917340276,20684268,SBIN.NS
2022-03-07,402.76318359375,415.2495052870526,396.49718756599424,409.34937464261577,33720472,SBIN.NS
2022-03-08,402.76318359375,404.4097453139011,388.7675625097468,400.65927618651557,42510207,SBIN.NS
2022-03-09,413.19134521484375,415.56966573918965,401.16239650902844,404.3182856972216,32331325,SBIN.NS
2022-03-10,428.7420349121094,436.0142585909613,422.293050235539,429.83971483102124,34553299,SBIN.NS
2022-03-11,430.25140380859375,434.3220125977183,422.6132581697538,426.63814075962455,22091309,SBIN.NS
2022-03-14,443.78961181640625,444.56715254291663,430.4342967123957,430.8459441310982,27750689,SBIN.NS
2022-03-15,444.4299621582031,448.68353133693876,439.67326523660074,447.3114104460001,27204899,SBIN.NS
2022-03-16,450.74169921875,452.15954626404897,447.6772904039518,450.97038602708017,16211288,SBIN.NS
2022-03-17,459.11163330078125,460.5752344651753,455.8185376598621,456.458871892994,22947673,SBIN.NS
2022-03-21,448.7749938964844,459.20310667199715,447.31139275419645,459.20310667199715,19064060,SBIN.NS
2022-03-22,451.6107177734375,453.53166462015184,436.56311470170846,448.7749957825625,26157969,SBIN.NS
2022-03-23,448.8207702636719,459.5690513524326,447.4944033894763,456.00154236146534,15800195,SBIN.NS
2022-03-24,445.5733642578125,452.6169009096352,442.28026877271157,443.65238956518124,18174877,SBIN.NS
2022-03-25,448.8664855957031,451.2448061069364,445.11601629710134,449.82695903940345,11541196,SBIN.NS
2022-03-28,455.08673095703125,456.092958457899,440.8624231959782,449.0951479771104,16738684,SBIN.NS
2022-03-29,452.7998962402344,458.6542731539036,449.7812414316479,457.37363256589333,14301429,SBIN.NS
2022-03-30,452.1595458984375,457.7395096003556,450.3300514332755,456.7332820613425,16461225,SBIN.NS
2022-03-31,451.47344970703125,455.13243834748005,450.2385633735741,452.1595100771154,10240982,SBIN.NS
2022-04-01,464.8745422363281,466.2923892422718,449.14087909358597,449.14087909358597,18527226,SBIN.NS
2022-04-04,468.7165222167969,471.0033903856303,462.8621173718863,465.880772188398,16257176,SBIN.NS
2022-04-05,465.9721984863281,472.37545653271536,464.4171450612942,470.54596220970984,13602384,SBIN.NS
2022-04-06,470.13433837890625,471.27777238808164,462.8620869142029,463.77683412154323,13738275,SBIN.NS
2022-04-07,471.049072265625,475.5770819802615,466.56678874371477,466.56678874371477,19620958,SBIN.NS
2022-04-08,472.1010437011719,475.21120675178236,468.67074143876727,475.21120675178236,13572638,SBIN.NS
2022-04-11,471.0033874511719,477.4980706774985,469.44830593970516,469.72271895190704,12370288,SBIN.NS
2022-04-12,469.12811279296875,472.64992326429416,461.35278895185803,469.036660399113,14460680,SBIN.NS
2022-04-13,473.5646667480469,476.4918691407067,469.9514039117203,470.4545037373942,15440525,SBIN.NS
2022-04-18,466.063720703125,471.09483054388494,461.03261086236506,468.35058881256134,14492183,SBIN.NS
2022-04-19,468.1676025390625,476.5375616935719,462.03881309118987,469.4939971361894,20362934,SBIN.NS
2022-04-20,465.8807373046875,469.90564731315845,463.7768299132433,468.35056590844295,11881305,SBIN.NS
2022-04-21,472.2839660644531,473.83904746379,468.53352489405654,469.6312326954554,10035638,SBIN.NS
2022-04-22,457.9224548339844,469.7226881547967,456.45885372783556,469.1738621663764,16760456,SBIN.NS
2022-04-25,452.5711669921875,456.64180310672134,448.2718440828117,452.7998537870294,14057444,SBIN.NS
2022-04-26,462.40472412109375,464.60011188686263,455.955767324922,456.45886713437346,12137213,SBIN.NS
2022-04-27,454.8580627441406,459.9348987336095,449.91843325679,457.373617641167,12367342,SBIN.NS
2022-04-28,464.2342529296875,466.52112117072045,454.17203266914254,456.59610742146305,12154792,SBIN.NS
2022-04-29,453.98907470703125,468.80799216221504,451.8851670792863,464.7831096175578,12894773,SBIN.NS
2022-05-02,449.1408996582031,452.7998886574553,440.2678401686684,450.65022703722053,18590895,SBIN.NS
2022-05-04,438.75848388671875,454.12625342075836,436.79178301235004,450.0556172608926,14645323,SBIN.NS
2022-05-05,439.07867431640625,451.88513565063477,437.8437599617173,443.65241050720215,14130385,SBIN.NS
2022-05-06,442.69189453125,444.65859532112023,430.84590776912756,430.84590776912756,16710020,SBIN.NS
2022-05-09,435.32818603515625,442.4632309305549,433.4072113357847,436.42589383933114,13544947,SBIN.NS
2022-05-10,434.6878662109375,441.41123557558666,433.13278485608896,436.33439995006216,10884328,SBIN.NS
2022-05-11,435.92279052734375,438.1639324546815,424.12255659347113,434.7336302694935,14771351,SBIN.NS
2022-05-12,423.2077941894531,432.6754334647198,417.4448978910489,432.6754334647198,18947096,SBIN.NS
2022-05-13,406.7423400878906,436.3344178232267,402.26008435589927,429.4280875753913,61403008,SBIN.NS
2022-05-16,416.2099609375,422.15581752232146,401.4367997753096,407.06248926854397,27940958,SBIN.NS
2022-05-17,427.4613952636719,429.61105696734813,417.2619686155286,419.2286696957922,16880698,SBIN.NS
2022-05-18,418.9542236328125,428.6505496756105,418.1309567241316,428.0102154600422,15644497,SBIN.NS
2022-05-19,409.3493957519531,411.6362638846456,406.5594277964166,410.76724282787416,14201420,SBIN.NS
2022-05-20,422.9790954589844,424.44269654749434,415.43243113459465,416.0727653345268,13596860,SBIN.NS
2022-05-23,421.60699462890625,431.2118405873068,420.32635408429354,423.61944971034774,13499415,SBIN.NS
2022-05-24,422.658935546875,427.0039847772349,420.9666755477461,422.9791026522859,17175179,SBIN.NS
2022-05-25,421.8692932128906,431.48468563956214,419.9647793082008,428.27954538016223,12728644,SBIN.NS
2022-05-26,435.6188049316406,436.7336436826211,420.3828359935606,424.4240910264561,17055257,SBIN.NS
2022-05-27,435.6653137207031,441.2858910982905,434.3182191335806,437.9414028849238,10977001,SBIN.NS
2022-05-30,440.9142761230469,443.05101746267394,437.66269595746616,439.42783380561843,9365470,SBIN.NS
2022-05-31,434.8756103515625,442.58648881837377,431.99563378932805,440.3568396046054,15441579,SBIN.NS
2022-06-01,435.0613708496094,438.4987665893312,431.71691141277614,434.78267534704867,9424008,SBIN.NS
2022-06-02,436.50140380859375,438.82396099779396,433.0640078279661,433.7607749847262,9370989,SBIN.NS
2022-06-03,431.5311279296875,441.7503796137059,430.6021050493222,439.66007813288394,11306291,SBIN.NS
2022-06-06,430.7879333496094,432.5530712027392,424.0989570780838,431.25244480314507,10661432,SBIN.NS
2022-06-07,430.50921630859375,432.8782417701939,427.81505550557466,429.0692421203595,7672515,SBIN.NS
2022-06-08,437.84844970703125,441.79679674597133,430.3233874434492,433.4820594042959,17168871,SBIN.NS
2022-06-09,433.8072509765625,437.47687439087713,429.6266479604756,435.66529676149,12635601,SBIN.NS
2022-06-10,429.0692138671875,431.20595510609974,426.0498895700351,429.2085616259813,8621104,SBIN.NS
2022-06-13,414.2048645019531,421.82283525019136,410.72102863648564,421.77639544593,13426836,SBIN.NS
2022-06-14,416.295166015625,417.3635366773815,411.88230725275895,413.41518936323826,11351101,SBIN.NS
2022-06-15,419.3144836425781,423.1234831307332,416.7596707159718,417.0848343951183,9920926,SBIN.NS
2022-06-16,410.2565002441406,425.2602137481273,408.9094057578501,422.84474864418956,10780703,SBIN.NS
2022-06-17,409.6991271972656,415.78421627194143,406.2152910816426,408.77010423309946,14326050,SBIN.NS
2022-06-20,403.84625244140625,411.97520254407925,400.1301609658986,410.16359660915805,12368534,SBIN.NS
2022-06-21,418.7570495605469,422.6589568704408,406.54040475559736,408.30554249996754,13801891,SBIN.NS
2022-06-22,415.8771057128906,419.17515409968314,413.0900369445457,416.8990365982563,11066447,SBIN.NS
2022-06-23,419.3609313964844,424.05251405247765,414.3442134067089,417.13128210675404,12229833,SBIN.NS
2022-06-24,422.0086669921875,427.67571254945517,421.0332042538962,423.44864119662316,10833364,SBIN.NS
2022-06-27,428.4653625488281,431.85629038223016,425.5389178027619,427.30408395166796,9509175,SBIN.NS
2022-06-28,431.2988586425781,432.69239291929085,425.49246582294194,426.32858071866406,13261290,SBIN.NS
2022-06-29,426.5144348144531,429.8589230482941,425.4925039164003,427.35054978503086,11800876,SBIN.NS
2022-06-30,432.831787109375,435.9904594718032,426.0499309091165,426.42153441913206,16926328,SBIN.NS
2022-07-01,433.71435546875,435.52593315014667,427.86149406727816,430.4627752517755,9405495,SBIN.NS
2022-07-04,439.8459167480469,440.4962157869446,433.71435975090793,433.71435975090793,9186358,SBIN.NS
2022-07-05,438.63818359375,445.9310194784432,437.5698128632224,441.4252524654903,12003244,SBIN.NS
2022-07-06,445.8845520019531,446.8600147059179,440.26394644847693,441.4252250729725,12059857,SBIN.NS
2022-07-07,452.201904296875,453.59543867067123,447.4174419504805,449.6470912782486,11497832,SBIN.NS
2022-07-08,453.8741149902344,455.12830154386137,450.71544288032334,454.29218662528615,9057231,SBIN.NS
2022-07-11,453.54901123046875,456.4289596669393,450.5761264780428,450.5761264780428,7704792,SBIN.NS
2022-07-12,450.5296630859375,456.475403927994,448.810965064402,450.57610288995386,7364457,SBIN.NS
2022-07-13,451.9696350097656,457.4973325339497,450.15802903756315,453.1309136197599,8208853,SBIN.NS
2022-07-14,445.3271179199219,454.1992749781504,442.95809259308453,452.0625337200882,9385630,SBIN.NS
2022-07-15,445.0948791503906,450.01868920290036,441.0071840415013,448.2999911595239,6945602,SBIN.NS
2022-07-18,455.49993896484375,456.61477784036623,447.8819678205412,450.1580570267316,9934786,SBIN.NS
2022-07-19,462.6069641113281,463.1643551697625,453.3631749213971,453.3631749213971,11724183,SBIN.NS
2022-07-20,472.5010681152344,474.3591139762054,464.88306874464126,465.4404881732386,19280117,SBIN.NS
2022-07-21,475.7061462402344,476.9603611286514,470.78233640092463,473.61584479592835,13814893,SBIN.NS
2022-07-22,477.2390441894531,483.27769264870454,474.916487089741,477.0067884794819,14699129,SBIN.NS
2022-07-25,481.0480041503906,482.16284287336737,473.01196243947317,476.9603377702131,10229778,SBIN.NS
2022-07-26,477.7035827636719,483.8351111742268,476.6816235598744,480.95516288809955,8862656,SBIN.NS
2022-07-27,490.7098693847656,492.33565933474154,475.8919439286603,478.7254522151504,15101546,SBIN.NS
2022-07-28,494.65826416015625,499.34981855668167,491.9640750160222,495.35503134884004,12160734,SBIN.NS
2022-07-29,490.8492126464844,498.885283185348,489.3627987297617,497.07367724099106,11921058,SBIN.NS
2022-08-01,495.86602783203125,497.02730658573626,489.0377314414716,491.4996083774877,8295631,SBIN.NS
2022-08-02,503.62322998046875,506.2245391456262,493.4039793269388,494.1472429187272,16845027,SBIN.NS
2022-08-03,502.4620361328125,507.61815882985996,496.7021392476007,503.4375555855905,24262125,SBIN.NS
2022-08-04,495.4014587402344,505.38845486111114,486.9938128814101,505.0633195290963,18072293,SBIN.NS
2022-08-05,493.3575744628906,504.36652928647766,491.45308895594076,497.53817729899976,21110734,SBIN.NS
2022-08-08,483.4635009765625,486.807960466485,477.3783561082888,486.807960466485,32566317,SBIN.NS
2022-08-10,478.1680908203125,486.34348087745,476.9603724089837,484.53187490892833,16904151,SBIN.NS
2022-08-11,487.5047607421875,488.6660393528168,480.49064927459784,483.0919020217961,13862195,SBIN.NS
2022-08-12,493.032470703125,494.0543732250272,487.876404882512,488.3873561434631,12154012,SBIN.NS
2022-08-16,488.61956787109375,495.95881419262287,487.7369848436232,495.4478629776831,10721167,SBIN.NS
2022-08-17,490.6634826660156,492.8931036739318,487.1331501731273,491.31375335391226,12054183,SBIN.NS
2022-08-18,494.5653381347656,496.8414556724269,488.8518810905393,489.45571197812444,9013662,SBIN.NS
2022-08-19,483.4170227050781,495.7730721102587,481.6983530946415,494.24016170944896,11087222,SBIN.NS
2022-08-22,475.0093994140625,482.9990304092793,473.80168097962803,482.16288711456264,9676954,SBIN.NS
2022-08-23,484.8570556640625,486.8079809982914,472.1758708824076,472.1758708824076,8597965,SBIN.NS
2022-08-24,482.44158935546875,485.87898548825365,475.9384289378439,482.16289382103946,11930650,SBIN.NS
2022-08-25,483.4635009765625,490.8027472747405,481.6983349272375,484.9034750151943,15473450,SBIN.NS
2022-08-26,486.6221618652344,491.91760349846345,485.13574797309,486.6221618652344,12855886,SBIN.NS
2022-08-29,478.30743408203125,480.3048560679867,472.6404168754124,475.0094140125052,9421339,SBIN.NS
2022-08-30,493.5434265136719,494.70470516429225,481.1874330116826,481.4196887418067,14835308,SBIN.NS
2022-09-01,495.4478454589844,502.5084527260373,485.18215491016,485.18215491016,16670228,SBIN.NS
2022-09-02,498.6065673828125,499.6749096222966,493.54338158639774,498.88526289297994,10017930,SBIN.NS
2022-09-05,500.65045166015625,502.4155611066096,498.23495815540304,498.88528551064644,7819994,SBIN.NS
2022-09-06,499.62847900390625,504.18071366483844,496.1910831071876,499.81429491511767,8657868,SBIN.NS
2022-09-07,495.0298156738281,499.30335491557975,493.8220972783756,496.46984649081065,8445359,SBIN.NS
2022-09-08,505.9923095703125,507.5251632256435,497.4917279520944,497.95623936941655,12240707,SBIN.NS
2022-09-09,514.0748291015625,517.4657855661197,509.1045789770801,510.6374895329618,18587927,SBIN.NS
2022-09-12,515.5147705078125,518.9521094794106,512.1238146322019,515.5147705078125,9677415,SBIN.NS
2022-09-13,518.394775390625,520.2528211805555,514.4464280870226,520.2528211805555,16707275,SBIN.NS
2022-09-14,531.1687622070312,534.0487100773495,510.26575013941743,510.9625172083379,21632641,SBIN.NS
2022-09-15,531.5404663085938,537.4397389468393,527.5921190475323,531.9120414407419,12749947,SBIN.NS
2022-09-16,521.9249877929688,533.2590770784519,520.5314536194188,528.7068427636351,14739280,SBIN.NS
2022-09-19,531.6333618164062,533.6307837600242,519.8347594839756,520.903158514852,11194003,SBIN.NS
2022-09-20,533.3056030273438,536.928815145089,532.1907641678022,536.928815145089,8484017,SBIN.NS
2022-09-21,529.2643432617188,536.3248944309445,525.2695562395763,534.1881531589202,9392526,SBIN.NS
2022-09-22,527.03466796875,533.2591325992832,522.1108580501693,526.5237167258603,11869435,SBIN.NS
2022-09-23,511.51995849609375,527.6849787662827,510.49805604238094,524.7120943058618,12563239,SBIN.NS
2022-09-26,504.73809814453125,510.0335396785257,495.16917422341385,507.0606552468925,16158750,SBIN.NS
2022-09-27,498.4207763671875,511.7987285538855,495.3550121961274,505.89939922928977,11066799,SBIN.NS
2022-09-28,487.59765625,501.48656022664454,483.4170531154082,495.0763361087725,12233485,SBIN.NS
2022-09-29,484.7176818847656,497.67756224749945,482.67382023242186,491.45309768479353,17310168,SBIN.NS
2022-09-30,492.93951416015625,498.7924036275781,479.5151789961069,486.8079858742602,17466950,SBIN.NS
2022-10-03,482.8596496582031,493.91504478951293,481.6983710394965,490.1524567024575,9351162,SBIN.NS
2022-10-04,494.8905029296875,497.7704511963268,490.3382681050698,495.16919845499825,8745887,SBIN.NS
2022-10-06,499.16400146484375,503.3446045871675,496.6556282508377,496.6556282508377,9507322,SBIN.NS
2022-10-07,492.56793212890625,497.5846215553129,489.17697600581823,497.4917419504565,11065307,SBIN.NS
2022-10-10,493.0788879394531,496.0053326593176,485.1357537466073,488.38733378954294,9649292,SBIN.NS
2022-10-11,489.9667053222656,495.81953831354355,488.20153911237713,493.0789093889518,10825440,SBIN.NS
2022-10-12,495.91241455078125,497.02725337559986,488.66604724404766,492.38213885807085,8522604,SBIN.NS
2022-10-13,484.43896484375,495.9123740845993,483.2776863091275,495.1691671630516,12972765,SBIN.NS
2022-10-14,489.7809143066406,496.8879059063708,488.66607541754723,492.56798317784336,8545479,SBIN.NS
2022-10-17,505.0632629394531,506.0387255292598,486.99375831635854,489.0376197968899,13485349,SBIN.NS
2022-10-18,522.5289306640625,523.5043933483238,507.94326009440294,508.26839542147115,20440781,SBIN.NS
2022-10-19,514.121337890625,523.4580074640971,512.4026113622147,523.039935784048,9540583,SBIN.NS
2022-10-20,515.979248046875,517.2798458498788,506.59608443161267,512.8205480767773,11225588,SBIN.NS
2022-10-21,521.04248046875,525.6411552498403,517.6980206478074,517.6980206478074,11767639,SBIN.NS
2022-10-24,530.007568359375,531.8656141730801,525.7340856690766,526.7559881853911,3692065,SBIN.NS
2022-10-25,537.4862060546875,544.5932541668578,527.6850254611185,531.8656286557928,19899324,SBIN.NS
2022-10-27,538.5081176757812,543.478367241986,536.6035754708655,542.5029045901114,13613533,SBIN.NS
2022-10-28,530.2398071289062,541.2952020481209,526.7559713396231,538.7868289392258,10043644,SBIN.NS
2022-10-31,533.0733032226562,536.4642593269455,528.0566138240613,534.1417021878584,9894639,SBIN.NS
2022-11-01,535.953369140625,544.1751996682159,533.8165709668451,535.4423611493793,12069579,SBIN.NS
2022-11-02,533.1197509765625,537.8578016328036,529.4501560045153,535.0242932214652,10241440,SBIN.NS
2022-11-03,543.3855590820312,546.2190678064255,527.6850481717524,528.6140711438858,17557998,SBIN.NS
2022-11-04,551.7931518554688,554.5802205002109,539.2049031506616,544.4074086062908,25759031,SBIN.NS
2022-11-07,570.5594482421875,578.5025828570365,564.5672390755263,569.4910492043815,44265903,SBIN.NS
2022-11-09,571.8600463867188,576.9232326353217,567.2149317922315,576.9232326353217,18939854,SBIN.NS
2022-11-10,562.755615234375,571.4419565687384,559.4575953177317,569.5839107900034,11618405,SBIN.NS
2022-11-11,558.6214599609375,575.5761279324214,556.0202071744174,573.4393865971748,15525267,SBIN.NS
2022-11-14,550.4925537109375,561.0834383305436,549.6564670534292,561.0834383305436,12957268,SBIN.NS
2022-11-15,558.203369140625,559.3646477289204,550.5854269638519,552.1182806785682,10286417,SBIN.NS
2022-11-16,557.1814575195312,560.6652932272399,553.6976218118226,557.36727343122,11555749,SBIN.NS
2022-11-17,556.5311279296875,559.9685238213378,553.8369956817869,556.5775677316582,8167131,SBIN.NS
2022-11-18,559.922119140625,562.7556276752249,554.7660533312614,558.342768853174,12933675,SBIN.NS
2022-11-21,555.6485595703125,559.3646510750879,553.0937466607794,559.3646510750879,7412419,SBIN.NS
2022-11-22,556.5775756835938,558.0640462892758,553.8370035945674,555.6950493243781,8048595,SBIN.NS
2022-11-23,564.5206909179688,566.3322398994152,558.3426670127318,558.8536181793718,12435924,SBIN.NS
2022-11-24,566.10009765625,567.911703703776,562.8020776073517,566.4717295081228,8960032,SBIN.NS
2022-11-25,564.2885131835938,570.1413459163525,563.2201142032641,567.2149011984452,9994513,SBIN.NS
2022-11-28,565.4032592773438,567.5400571020017,559.596866716974,562.6161908483663,7934274,SBIN.NS
2022-11-29,565.3568725585938,568.3761969734692,564.0097780174993,564.0097780174993,6942919,SBIN.NS
2022-11-30,559.6898803710938,568.0046470072868,555.9273488125881,565.3104578057068,15606230,SBIN.NS
2022-12-01,564.9388427734375,566.5181931557748,558.8537536885804,564.7065870320074,14209313,SBIN.NS
2022-12-02,564.4277954101562,566.3322808251035,561.3620314857226,564.3813556103872,7533838,SBIN.NS
2022-12-05,573.4857788085938,574.1361061270183,564.4278062604734,565.3103892852598,11585602,SBIN.NS
2022-12-06,565.728515625,575.8083915750034,564.6601165911579,571.1168371932469,12996244,SBIN.NS
2022-12-07,563.9633178710938,569.39813564367,561.594320910099,567.4935934113071,7613892,SBIN.NS
2022-12-08,568.2368774414062,570.2342426474543,564.0562744063031,566.471711256473,10020015,SBIN.NS
2022-12-09,572.7426147460938,574.1361490885416,565.8678226421276,570.7916893478897,11202267,SBIN.NS
2022-12-12,569.5374145507812,574.786416036808,567.6329291569044,571.1632044460752,9285187,SBIN.NS
2022-12-13,572.974853515625,573.5787410607065,569.0265063288533,569.955529196329,7455415,SBIN.NS
2022-12-14,581.1038208007812,582.2650994194879,573.6716376410591,574.6006605360243,14010673,SBIN.NS
2022-12-15,572.2316284179688,584.8663163337957,570.6987180540169,581.1502249817225,10622271,SBIN.NS
2022-12-16,560.52587890625,571.9064081089458,559.364600416179,568.5619487387619,9435071,SBIN.NS
2022-12-19,561.5479125976562,566.239466980178,560.2008180296101,561.1298409450822,8322012,SBIN.NS
2022-12-20,561.5479125976562,563.4523982337621,556.99567763062,560.2008180296101,6753785,SBIN.NS
2022-12-21,551.2821655273438,565.9142749810452,547.7518334395638,562.8949508080592,9217253,SBIN.NS
2022-12-22,551.2821655273438,556.484670651883,545.8473479941371,554.6266250069685,8740149,SBIN.NS
2022-12-23,533.2591552734375,548.7738493545831,530.9365979769505,548.1235219709549,13047046,SBIN.NS
2022-12-26,554.7195434570312,558.993082761458,530.1933732483348,533.2591374365397,13201587,SBIN.NS
2022-12-27,559.1788940429688,560.2936761363036,551.1892632547101,557.7853597232435,9638618,SBIN.NS
2022-12-28,558.3892211914062,563.9169189700275,556.0666638645115,558.2499017736284,7988631,SBIN.NS
2022-12-29,568.376220703125,574.1361742448994,554.7660687173757,557.413761402815,20130392,SBIN.NS
2022-12-30,570.1412963867188,576.505079803862,567.9580588128947,571.5812703676361,13052895,SBIN.NS
2023-01-02,568.7478637695312,575.2510244474183,567.8188408155474,571.3026768929869,6726084,SBIN.NS
2023-01-03,568.9336547851562,572.8355056585625,566.7039771120167,570.8845802218594,6818062,SBIN.NS
2023-01-04,562.24462890625,571.302601512438,561.1297901679545,568.4225967132537,7011191,SBIN.NS
2023-01-05,562.1517333984375,568.190382240807,559.2253452889701,563.9168995874302,8241475,SBIN.NS
2023-01-06,558.0176391601562,564.3349836708002,554.6266828234792,564.2885438654469,7972036,SBIN.NS
2023-01-09,564.5672607421875,565.7749792423224,557.506652266752,562.0588874246389,8878905,SBIN.NS
2023-01-10,552.9080200195312,565.7749649315789,548.6809203213877,565.2640136601837,10622660,SBIN.NS
2023-01-11,554.3479614257812,556.9492141378572,550.2137982871492,554.1157057067913,7419630,SBIN.NS
2023-01-12,552.67578125,555.4628501283095,548.2164256822556,555.4628501283095,8183715,SBIN.NS
2023-01-13,557.506591796875,560.1079011495518,551.5144397532472,555.462786881279,7877610,SBIN.NS
2023-01-16,560.2008056640625,563.0807539572319,557.9711280349228,560.2008056640625,5483191,SBIN.NS
2023-01-17,550.8640747070312,562.9878107767116,544.4537947743928,560.2007424065299,13461999,SBIN.NS
2023-01-18,549.4706420898438,554.766084312645,545.8938696651248,553.6048056104106,11538075,SBIN.NS
2023-01-19,547.9840698242188,549.7492358058721,545.8473287485155,549.0524687135959,7475688,SBIN.NS
2023-01-20,550.1673583984375,554.2550250301911,548.8667036910736,551.6537723185195,6750607,SBIN.NS
2023-01-23,557.831787109375,559.0395054856419,550.8641156658481,556.0201811934469,6604469,SBIN.NS
2023-01-24,552.1646728515625,561.687156454172,550.9569545645247,560.6652540658442,7609623,SBIN.NS
2023-01-25,528.3353271484375,553.5582645072653,527.1276087360154,553.5582645072653,25686294,SBIN.NS
2023-01-27,501.6258850097656,528.195915087018,494.472397926489,527.6849638745811,40163464,SBIN.NS
2023-01-30,500.0000915527344,515.0037760285352,487.92279492925314,497.9562300143039,40797825,SBIN.NS
2023-01-31,514.2141723632812,517.4657524956598,499.67494137585163,506.3174777560764,21911943,SBIN.NS
2023-02-01,489.9201965332031,524.8979308924825,463.9075840617413,521.553471182178,38218810,SBIN.NS
2023-02-02,490.6169128417969,494.8440118998063,466.8339520930055,483.2776668207723,39287056,SBIN.NS
2023-02-03,505.57427978515625,507.2000698803014,482.30226719240557,497.95628057015045,32317232,SBIN.NS
2023-02-06,506.6890869140625,519.1379591275065,498.46720063982644,519.1379591275065,25338586,SBIN.NS
2023-02-07,508.26837158203125,512.2632151446792,502.64779475723776,509.1045148167841,16195947,SBIN.NS
2023-02-08,510.7303771972656,515.1432362999251,506.7820295790967,510.96263293951085,15502847,SBIN.NS
2023-02-09,511.70574951171875,512.8205882180205,504.2735670737764,512.8205882180205,15061047,SBIN.NS
2023-02-10,513.7960815429688,517.6979888967993,507.710993148678,507.710993148678,13824475,SBIN.NS
2023-02-13,499.34979248046875,517.3728588344746,495.44788508698696,514.678669831032,18488732,SBIN.NS
2023-02-14,502.4620361328125,505.94587216970376,493.0789270880096,501.6259495057949,18559909,SBIN.NS
2023-02-15,503.76263427734375,505.9923117714112,498.69944846589567,501.6723328903008,12796579,SBIN.NS
2023-02-16,501.7652282714844,508.0361326298083,500.27881436406693,508.0361326298083,12767016,SBIN.NS
2023-02-17,493.3111877441406,501.3472589639467,490.2918631487198,500.27885988741946,14192008,SBIN.NS
2023-02-20,487.87640380859375,496.0517940749912,485.0893350789315,494.2401880600991,12570032,SBIN.NS
2023-02-21,486.2970275878906,491.4066533197849,485.3215649251401,489.68792700631445,10223218,SBIN.NS
2023-02-22,479.700927734375,484.8570499338609,476.12421242954093,483.7886509710897,14763050,SBIN.NS
2023-02-23,484.0209045410156,486.80797308923644,475.05583971454416,480.2583733415285,15535085,SBIN.NS
2023-02-24,484.0673522949219,490.05956111264493,480.86221207120434,486.99379699984996,12253035,SBIN.NS
2023-02-27,490.24542236328125,492.19634787828124,482.16291135259667,484.11383686759666,11048799,SBIN.NS
2023-02-28,485.6932067871094,490.9422093505489,484.0674165581049,489.82737042433325,15768010,SBIN.NS
2023-03-01,498.6065673828125,499.2568947085724,485.97182279236836,486.11119889897907,13510198,SBIN.NS
2023-03-02,495.86602783203125,501.5795419814855,494.70474907832624,497.90988977916487,10376913,SBIN.NS
2023-03-03,521.36767578125,524.2476241616192,503.29816858644995,503.53042431722355,27656538,SBIN.NS
2023-03-06,521.8321533203125,527.5921064096759,519.3237802504061,524.80503782157,16162268,SBIN.NS
2023-03-08,524.7120971679688,525.3624245070854,516.954779009873,520.2527988045408,12637578,SBIN.NS
2023-03-09,519.23095703125,525.5947416506116,518.394813682795,524.6657186870224,8993423,SBIN.NS
2023-03-10,508.5007019042969,515.5613105252938,506.3175205976238,513.8425840023452,11522371,SBIN.NS
2023-03-13,492.3821105957031,513.8890122586054,490.9421365185342,508.17549904877285,14373729,SBIN.NS
2023-03-14,488.1086120605469,494.9833469032127,483.09186615388154,490.19891340448197,14750800,SBIN.NS
2023-03-15,480.8157958984375,494.2401882932551,478.95775007778616,492.1963265499269,11282329,SBIN.NS
2023-03-16,487.2724914550781,491.7782296576636,477.79644691553125,481.6054746741917,20040008,SBIN.NS
2023-03-17,492.1963195800781,493.86854945437267,483.1847861369172,491.1279772701672,18787379,SBIN.NS
2023-03-20,482.34869384765625,489.2234291835881,478.4467863850695,489.2234291835881,14275315,SBIN.NS
2023-03-21,484.810546875,486.29701744237235,479.79385755563567,484.94992298236605,29485180,SBIN.NS
2023-03-22,484.5318603515625,489.5950462693423,483.1847658665671,485.1357478906121,11619538,SBIN.NS
2023-03-23,476.35650634765625,484.02094550390814,475.19522768761806,482.53453150028315,22097792,SBIN.NS
2023-03-24,469.481689453125,478.40031422764537,467.7165517590544,477.9822426165247,14416984,SBIN.NS
2023-03-27,473.9410095214844,477.65712933781117,465.9514072018612,471.0145931632608,15674218,SBIN.NS
2023-03-28,472.03656005859375,475.42748810904595,468.08821257551915,475.1487925684998,15833599,SBIN.NS
2023-03-29,479.8403015136719,481.2338357871869,470.36425711315877,472.87263014609675,24203789,SBIN.NS
2023-03-31,486.57574462890625,487.64414364678476,482.4880211813495,483.69579631566717,17356345,SBIN.NS
2023-04-03,489.36279296875,490.98858297861295,485.04281397560624,487.50474724319236,14210949,SBIN.NS
2023-04-05,485.8789978027344,490.15248064711744,482.20934584774216,489.59508956413197,13574801,SBIN.NS
2023-04-06,490.1989440917969,495.8195211611808,484.62480682568594,486.80798790702346,25125879,SBIN.NS
2023-04-10,488.9447326660156,492.75376051347615,487.17962320768146,491.6853615153094,17335453,SBIN.NS
2023-04-11,494.3330993652344,497.67761607710594,489.7344810288869,493.1718206534169,26414406,SBIN.NS
2023-04-12,490.7098693847656,496.09819044978934,488.6660078213281,495.35498352755394,21292441,SBIN.NS
2023-04-13,495.12274169921875,496.3304600695866,489.7344204831548,491.73178559870985,28597560,SBIN.NS
2023-04-17,505.388427734375,506.31745057947495,490.52406221277573,490.52406221277573,32476990,SBIN.NS
2023-04-18,507.107177734375,509.56911134552865,502.1369274061226,506.6426662381621,22283456,SBIN.NS
2023-04-19,501.9510803222656,508.6400567933102,500.0465946465739,505.3884765215721,21156372,SBIN.NS
2023-04-20,506.1316833496094,506.73557093822814,498.56018045565,502.7872234668011,25588577,SBIN.NS
2023-04-21,504.5988464355469,507.61817107367915,501.39370586368636,506.31751624064356,22599418,SBIN.NS
2023-04-24,515.236083984375,516.1186670908221,504.9239523489952,505.2026478818052,23335611,SBIN.NS
2023-04-25,521.9249877929688,527.5920607872357,515.6076442134857,515.6076442134857,38142390,SBIN.NS
2023-04-26,526.1520385742188,526.7559260736897,516.9547469026996,522.1108120871492,23143882,SBIN.NS
2023-04-27,524.6657104492188,527.1276439453,521.2747540041349,524.8979661864694,17845169,SBIN.NS
2023-04-28,537.25390625,539.251328071495,525.3624250345678,527.4991662626207,16183423,SBIN.NS
2023-05-02,534.4668579101562,539.6229236151588,532.4694927161221,538.8332768389454,13667511,SBIN.NS
2023-05-03,530.007568359375,534.1881714402115,528.6140339990961,530.1469444766262,9699527,SBIN.NS
2023-05-04,538.8333129882812,539.5765200104115,528.1495490238584,529.7288993852984,12533761,SBIN.NS
2023-05-05,535.5817260742188,546.4977456429474,534.2346314676785,539.0191223003028,18163461,SBIN.NS
2023-05-08,542.177734375,545.8938259243915,536.3713413290757,536.6500935577258,12990869,SBIN.NS
2023-05-09,532.7946166992188,544.8254742233607,531.4939619981551,543.4783797193426,18959065,SBIN.NS
2023-05-10,531.5869750976562,534.188228172492,523.2722078576629,534.188228172492,18561315,SBIN.NS
2023-05-11,532.7481689453125,538.8332573209989,531.4010744613989,531.5868903735,16016715,SBIN.NS
2023-05-12,537.1145629882812,539.5299996252273,530.9829783895638,533.9094229370257,11319335,SBIN.NS
2023-05-15,540.5984497070312,542.5493751212783,533.8630336631455,537.6720048826024,11410243,SBIN.NS
2023-05-16,544.68603515625,548.4950625102256,540.6912486119264,542.5492941398024,22178229,SBIN.NS
2023-05-17,544.68603515625,548.5879421053996,538.3686917020814,544.4073396676786,23739774,SBIN.NS
2023-05-18,533.4448852539062,551.7466451422207,530.843632841543,548.4021291522823,45656620,SBIN.NS
2023-05-19,534.3275146484375,544.6396455981572,529.450144687857,537.9042299383079,42293962,SBIN.NS
2023-05-22,536.1856079101562,539.1119961242575,532.7482117209831,536.5107432551475,21484049,SBIN.NS
2023-05-23,540.3197021484375,542.2706842826218,535.8604035179653,537.8113856521496,16120548,SBIN.NS
2023-05-24,541.3416137695312,543.7106106427419,537.2074508400949,538.647424884356,17616658,SBIN.NS
2023-05-25,539.9945068359375,541.5274171494668,536.046159904234,540.6912739415322,16479436,SBIN.NS
2023-05-26,544.4074096679688,546.0331997139054,539.3442236128685,539.9945509718547,9788076,SBIN.NS
2023-05-29,552.7686767578125,554.0693316196443,546.3119556634741,548.1235618270746,18432231,SBIN.NS
2023-05-30,550.7247924804688,553.2331657818045,549.5170739881399,552.7686543075964,15031640,SBIN.NS
2023-05-31,549.1620483398438,553.8500865520962,546.9364426475817,552.9030104609316,28797643,SBIN.NS
2023-06-01,551.9086303710938,555.3654814653645,550.251247096706,551.0088964611522,17820226,SBIN.NS
2023-06-02,556.1231079101562,557.7331488713374,552.1453766545729,553.7554176157541,11323908,SBIN.NS
2023-06-05,556.1231079101562,558.5854826943589,554.9866050078555,557.3542953022576,12920507,SBIN.NS
2023-06-06,554.3710327148438,557.7331994819402,552.1454267581223,556.8808077766311,11199940,SBIN.NS
2023-06-07,558.0172729492188,559.3431448615423,554.9866177418588,556.8807700208413,11113781,SBIN.NS
2023-06-08,557.3543090820312,562.5158856124281,555.3180722565269,558.7275810477244,15971917,SBIN.NS
2023-06-09,548.072998046875,557.9225556560352,546.2261879311128,556.8807949778836,18870272,SBIN.NS
2023-06-12,548.0256958007812,550.7248399943379,547.12596180128,549.3042256177404,8786066,SBIN.NS
2023-06-13,545.8947143554688,550.6300950913596,543.8584775170594,548.783285043374,12612098,SBIN.NS
2023-06-14,546.0367431640625,547.9308954655977,544.8055557290528,546.462938992896,8948696,SBIN.NS
2023-06-15,536.5186767578125,546.1788657290922,535.3348314869436,545.5159008164167,17934877,SBIN.NS
2023-06-16,541.0172119140625,544.284635958382,537.039480808149,538.6495217087493,12660226,SBIN.NS
2023-06-19,538.7442626953125,542.4378829249408,535.950434203992,541.0172686527673,17903691,SBIN.NS
2023-06-20,537.3710327148438,539.3125272688809,532.7776786865753,538.7442468937137,14549152,SBIN.NS
2023-06-21,536.3765258789062,539.3598387145792,535.7136188531458,537.3710020274224,14946871,SBIN.NS
2023-06-22,533.1565551757812,538.8863545906687,531.3570872845204,536.3765795536382,14979063,SBIN.NS
2023-06-23,525.2484130859375,532.3514842571589,524.4907637219954,532.256799763519,12215712,SBIN.NS
2023-06-26,527.5687255859375,528.9419974805809,525.1536931118749,526.5743072501397,8360264,SBIN.NS
2023-06-27,536.1398315429688,537.891957254253,526.2429311675141,528.7053062474946,10694768,SBIN.NS
2023-06-28,539.6439819335938,543.6217133483505,538.4601367390198,541.9643300759469,18028934,SBIN.NS
2023-06-30,542.5325317382812,543.6216923972897,540.0228147054731,543.6216923972897,8718232,SBIN.NS
2023-07-03,554.4657592773438,555.3180931535118,543.5270409961187,544.0952635802307,15421985,SBIN.NS
2023-07-04,558.0646362304688,564.4100581652275,551.4351030041416,557.0702178075081,24799250,SBIN.NS
2023-07-05,559.3431396484375,562.279110336461,557.0701916178066,558.5854903048938,13598114,SBIN.NS
2023-07-06,561.1426391601562,562.0897153443927,557.9225570117748,559.1538022952366,11323509,SBIN.NS
2023-07-07,562.1843872070312,563.9838550386189,554.5130934090871,558.7749361423764,11707209,SBIN.NS
2023-07-10,561.2373046875,568.0562645445196,559.0116988517439,563.1788570435173,11417363,SBIN.NS
2023-07-11,557.4016723632812,564.4100591944411,556.2651693899928,563.5103252653819,13221177,SBIN.NS
2023-07-12,558.0646362304688,563.0367861502142,557.0702178075081,557.8278671866714,16029716,SBIN.NS
2023-07-13,554.6551513671875,566.3515182969978,552.4768300528634,563.4156054545575,20024503,SBIN.NS
2023-07-14,553.4713134765625,560.0061040903931,549.9671202346848,555.6969192600167,12190152,SBIN.NS
2023-07-17,569.2874145507812,570.9447977082049,553.2818633134814,555.9336648043717,19378986,SBIN.NS
2023-07-18,561.0005493164062,572.0813521283934,557.5910982073067,571.1342759530944,25757209,SBIN.NS
2023-07-19,569.6190185546875,570.5187525475399,560.6691364872713,563.1789116560258,17556585,SBIN.NS
2023-07-20,577.7637939453125,578.4741010580569,567.0618450076182,569.5716199279582,34038351,SBIN.NS
2023-07-21,582.5465087890625,586.7136669141413,576.7693674749186,577.7164436119874,21040281,SBIN.NS
2023-07-24,584.9616088867188,588.9866825360349,581.7888690919402,582.4991762065254,11756364,SBIN.NS
2023-07-25,577.3375854492188,588.8919257906668,572.2234090326344,588.8919257906668,18503305,SBIN.NS
2023-07-26,582.5939331054688,583.7303782733334,576.9114760463759,579.610620027468,9999125,SBIN.NS
2023-07-27,583.9197387695312,588.3710078547313,580.6523147705581,583.7777120421456,17444742,SBIN.NS
2023-07-28,583.4462280273438,587.0925057464485,581.1258799888113,583.7777393499562,11930586,SBIN.NS
2023-07-31,587.3766479492188,588.1342973187537,581.9783022582515,584.0145391310097,8605483,SBIN.NS
2023-08-01,579.468505859375,587.9921910123245,578.2846606992431,587.3766262120196,13493453,SBIN.NS
2023-08-02,566.7777099609375,578.189965532909,562.6578941967817,577.5743429390312,14977497,SBIN.NS
2023-08-03,559.2484741210938,569.0506892838814,554.0395552258084,567.0145102168711,27774877,SBIN.NS
2023-08-04,542.958740234375,567.0144973448427,541.1593302489086,563.3208772718776,52725616,SBIN.NS
2023-08-07,537.8446044921875,546.46297490863,536.660759225921,546.46297490863,32736325,SBIN.NS
2023-08-08,542.769287109375,543.858447740975,538.3654179490715,540.7804504311654,25038671,SBIN.NS
2023-08-09,543.3849487304688,544.5687939346745,538.270714326323,544.5687939346745,15769111,SBIN.NS
2023-08-10,543.290283203125,547.0311879350622,539.9281164618493,543.3849677007904,27325801,SBIN.NS
2023-08-11,543.7637939453125,548.3570901449302,541.7275571034544,544.9949813777413,18221179,SBIN.NS
2023-08-14,531.1203002929688,542.6746410348028,529.0367211747788,542.6272987876729,28084093,SBIN.NS
2023-08-16,535.4295043945312,536.4239806444865,524.6802126897423,529.2261668704698,15725767,SBIN.NS
2023-08-17,541.86962890625,542.8167050327628,534.1509353531953,535.8083185745926,27910162,SBIN.NS
2023-08-18,542.6273193359375,544.805583030874,537.3710579967587,539.8334329901751,18253227,SBIN.NS
2023-08-21,541.4434204101562,545.0896402898765,540.543686550049,542.6272655405768,9380810,SBIN.NS
2023-08-22,538.4127197265625,544.0478336312132,537.4656437024172,542.2010238231434,14073413,SBIN.NS
2023-08-23,546.3682861328125,547.362704587704,536.0451323697911,540.7805133977928,18579297,SBIN.NS
2023-08-24,546.4155883789062,551.198311306055,545.0896586661597,547.5520913034119,24131644,SBIN.NS
2023-08-25,539.7860717773438,544.8529061378787,537.1816123237163,543.4322918904455,12271885,SBIN.NS
2023-08-28,542.5325317382812,544.3793417316292,539.0757385863141,542.485189493311,9711932,SBIN.NS
2023-08-29,544.4266967773438,545.799968743401,541.5854683530627,543.2902516515835,13144855,SBIN.NS
2023-08-30,537.3710327148438,547.1259055366658,536.1397874711188,546.1788293829949,15281416,SBIN.NS
2023-08-31,531.6411743164062,540.1175174300328,529.7944220656501,539.1704412789,27898476,SBIN.NS
2023-09-01,539.4072265625,540.9699253809107,532.3514974630689,532.9197778538285,18121168,SBIN.NS
2023-09-04,545.0896606445312,545.8473099953048,538.3654431746227,541.727551909577,12108655,SBIN.NS
2023-09-05,542.6746215820312,547.6467712562122,541.11192284817,545.1369963939355,14444729,SBIN.NS
2023-09-06,540.3069458007812,543.8584813779117,537.9392554160275,543.8584813779117,20609936,SBIN.NS
2023-09-07,548.4044799804688,550.2512901918436,537.9392991892722,537.9392991892722,12390597,SBIN.NS
2023-09-08,552.5715942382812,557.3543172604112,549.0200586567578,550.2512460973644,14032068,SBIN.NS
2023-09-11,560.3849487304688,560.9531712774162,554.3709807180713,555.9336794295848,10946134,SBIN.NS
2023-09-12,557.2122802734375,562.8000531872625,553.7081444445414,562.2318305676972,16093060,SBIN.NS
2023-09-13,564.8836059570312,566.3515624928049,552.5716154680572,557.2596541767706,19377172,SBIN.NS
2023-09-14,565.6885375976562,571.7498477020777,563.6997009285159,566.7776982242895,13178911,SBIN.NS
2023-09-15,567.1091918945312,568.9086597168509,563.6997408474365,567.6300722204844,11756389,SBIN.NS
2023-09-18,571.9866333007812,576.2011335888857,565.4517849614788,567.1091681687718,19305055,SBIN.NS
2023-09-20,569.2874145507812,574.6857598245198,567.6774314418052,569.0506455282922,21314600,SBIN.NS
2023-09-21,557.0228881835938,574.4963977678915,553.7081214953073,568.2457179919575,23453425,SBIN.NS
2023-09-22,566.49365234375,570.1398725930069,560.1008879915859,562.0897248902817,18784139,SBIN.NS
2023-09-25,562.6105346679688,569.6662630363052,559.2010838964593,569.6662630363052,9712784,SBIN.NS
2023-09-26,562.9420776367188,563.5103001956123,559.9587646901778,562.5632240608297,8327427,SBIN.NS
2023-09-27,558.5381469726562,562.8473317978076,557.0701905339704,562.0423402102848,9865347,SBIN.NS
2023-09-28,558.7276000976562,563.6997500083563,557.6857816238776,559.9587875621745,21960816,SBIN.NS
2023-09-29,566.8724365234375,568.2457085467473,560.006134211831,561.4740907312548,12189735,SBIN.NS
2023-10-03,571.03955078125,572.8863607525196,558.3960500586644,565.0255828135226,15322196,SBIN.NS
2023-10-04,555.223388671875,568.6718814595422,553.5186631759601,568.2456856343284,24914612,SBIN.NS
2023-10-05,560.8112182617188,562.8947397443638,556.0284370089705,558.7749812251063,13248028,SBIN.NS
2023-10-06,562.7999877929688,567.2512571455039,560.8584932959413,561.9949962079626,8216780,SBIN.NS
2023-10-09,554.13427734375,557.8278977513484,550.7721682985978,556.8808215242663,9189597,SBIN.NS
2023-10-10,560.337646484375,563.5103285736951,554.7498738857847,555.9337191138808,10373508,SBIN.NS
2023-10-11,557.2122802734375,565.4045128360046,556.5019730965079,565.3098283343924,14220119,SBIN.NS
2023-10-12,555.0339965820312,561.6161877464566,554.0395781309901,559.5326085412145,11983797,SBIN.NS
2023-10-13,545.657958984375,550.5353665815301,544.3793714706986,547.1732577358337,19064577,SBIN.NS
2023-10-16,545.1843872070312,548.1203000333988,541.2539982187257,545.5158407243849,11290293,SBIN.NS
2023-10-17,545.9420776367188,549.2568442795587,544.8529169035228,547.1259228663044,10765224,SBIN.NS
2023-10-18,542.3432006835938,548.593880385168,539.2178030278637,547.173266107088,11777454,SBIN.NS
2023-10-19,540.9699096679688,543.6217113329951,536.9921782679586,539.6439799329851,11441499,SBIN.NS
2023-10-20,533.298583984375,539.8334328727063,532.3515077863527,539.7387483748817,11110988,SBIN.NS
2023-10-23,523.685791015625,536.0451237387181,521.8389808834517,533.2985796647226,11875035,SBIN.NS
2023-10-25,526.7637939453125,531.1203213428745,524.3013611426065,529.0367421421059,12134624,SBIN.NS
2023-10-26,518.0506591796875,523.6384316419934,514.4517813350399,522.2651596499072,19424825,SBIN.NS
2023-10-27,531.4518432617188,532.7303730350249,520.8919203009132,520.8919203009132,10415296,SBIN.NS
2023-10-30,535.2874145507812,536.7080286776119,527.047841054176,533.2038356037756,8593704,SBIN.NS
2023-10-31,535.6189575195312,539.3599202393359,533.3460092199277,536.9922296324908,13039696,SBIN.NS
2023-11-01,536.4239501953125,539.5019476582157,534.0088597881594,536.2818656519717,13575575,SBIN.NS
2023-11-02,541.822265625,544.9950055470891,537.5604227664763,540.875189434217,11148516,SBIN.NS
2023-11-03,547.5520629882812,548.830592584147,543.1007938170342,545.5158262786344,11371371,SBIN.NS
2023-11-06,543.9531860351562,551.6718800975543,542.911425349224,551.1983420030499,16499138,SBIN.NS
2023-11-07,549.0673828125,550.4406547530965,542.2957654048678,544.3793444383654,17923281,SBIN.NS
2023-11-08,549.5882568359375,551.766520334941,548.3570694499737,551.1036132997641,15434808,SBIN.NS
2023-11-09,547.7415161132812,551.0562829280533,545.9894482045944,550.2512912521584,12434363,SBIN.NS
2023-11-10,548.8306274414062,550.2512416625661,544.9476383588791,547.2205864297704,6773038,SBIN.NS
2023-11-13,550.5826416015625,551.6718021870819,544.7581585446942,550.2511881041967,11282362,SBIN.NS
2023-11-15,553.7554321289062,556.8807718384401,551.7665375465191,556.1704647315032,11397676,SBIN.NS
2023-11-16,553.7080688476562,556.8807506828024,552.0506856611003,553.7554110919988,8622660,SBIN.NS
2023-11-17,533.251220703125,544.0952543037619,532.3514867895021,544.0952543037619,37173221,SBIN.NS
2023-11-20,533.9141845703125,536.8027552939175,530.9308715478544,534.1509536100332,12714585,SBIN.NS
2023-11-21,531.7832641601562,536.6607295090693,531.3097260798711,536.045106882722,14280013,SBIN.NS
2023-11-22,529.3682250976562,534.6244861641455,525.7693472920832,533.1565296940364,14909071,SBIN.NS
2023-11-23,530.3153076171875,533.6774164258742,528.7526088304325,532.0200331450485,6376210,SBIN.NS
2023-11-24,530.694091796875,532.6829863733514,529.6523311651066,532.2094483034675,6529851,SBIN.NS
2023-11-28,534.5771484375,535.2874555553268,531.4044086282419,533.7720990209981,8153314,SBIN.NS
2023-11-29,538.5075073242188,538.8863609283957,535.1927406049756,537.9392847228976,10299034,SBIN.NS
2023-11-30,534.8612670898438,540.0228437781268,533.8195064246602,539.5966479405728,19758998,SBIN.NS
2023-12-01,541.49072265625,543.8110705014656,536.565915716492,536.9921114929493,10614230,SBIN.NS
2023-12-04,563.2262573242188,564.457444887985,553.6134102666476,556.8808348894886,26077882,SBIN.NS
2023-12-05,576.05908203125,578.9476527969288,563.5576649909151,563.5576649909151,36430152,SBIN.NS
2023-12-06,576.24853515625,581.504796593788,572.554914792064,581.504796593788,21439069,SBIN.NS
2023-12-07,579.3265380859375,580.131529754782,572.9811158208171,577.7164969433031,10725706,SBIN.NS
2023-12-08,581.6468505859375,584.1565677433689,573.3125340795355,577.7164613742833,17722136,SBIN.NS
2023-12-11,581.7415771484375,587.0925809963234,580.6524163565841,582.4518843244429,11706255,SBIN.NS
2023-12-12,579.989501953125,585.2457634285711,578.474145313708,584.34602945594,14494836,SBIN.NS
2023-12-13,587.0451049804688,587.6607275753272,579.2791271049712,581.9309286579414,13977914,SBIN.NS
2023-12-14,590.64404296875,594.5270319230541,589.4601978235428,592.8696487197641,15813797,SBIN.NS
2023-12-15,613.9420776367188,615.5994608004121,587.0450934582335,594.763786742552,29813572,SBIN.NS
2023-12-18,614.1788940429688,620.9505117561671,608.4017525486585,612.4268262567273,16221796,SBIN.NS
2023-12-19,620.7137451171875,624.6914187883696,606.3655180156144,614.178896420345,19964008,SBIN.NS
2023-12-20,602.7666015625,625.4490859501609,600.398911288317,623.8390450027288,22542056,SBIN.NS
2023-12-21,609.6802978515625,614.6051056049055,594.2903097504551,598.6942371598262,19915516,SBIN.NS
2023-12-22,603.0507202148438,615.0312562708087,601.5354215427969,610.6273291849556,14998068,SBIN.NS
2023-12-26,604.2819213867188,607.3599188509928,602.0089733268344,605.0395707400135,10153089,SBIN.NS
2023-12-27,614.2261962890625,615.0785879054715,605.1816310480025,606.8390142316238,14417646,SBIN.NS
2023-12-28,616.9254150390625,618.7248250055344,612.2847188738049,615.8362543661124,16982092,SBIN.NS
2023-12-29,608.0702514648438,615.2206650823382,605.7025610083924,611.3376758557351,13221898,SBIN.NS
2024-01-01,607.4072875976562,612.6636066637731,604.2346055026524,608.2123370371694,8295548,SBIN.NS
2024-01-02,605.6078491210938,613.7053385549276,600.3041880555562,607.4072591036456,15164482,SBIN.NS
2024-01-03,609.3961181640625,613.7053027877732,602.1509629952877,605.5130715344494,14571772,SBIN.NS
2024-01-04,608.733154296875,612.1900051328654,604.8501654661197,608.4963852753671,13883388,SBIN.NS
2024-01-05,607.9755859375,617.2569212553799,603.9978542855673,610.8641568235059,15984585,SBIN.NS
2024-01-08,593.8167114257812,610.8640811317845,591.9699014799768,606.1287006578947,14739531,SBIN.NS
2024-01-09,592.3014526367188,600.777738011181,591.4490609721083,598.5521321607245,13400235,SBIN.NS
2024-01-10,588.8446044921875,592.2067133106882,585.4824956736869,591.73317522907,12742464,SBIN.NS
2024-01-11,587.3766479492188,593.9588388441286,585.7666069108683,592.8696781345247,15533860,SBIN.NS
2024-01-12,600.0673828125,602.8139265740106,588.2289317800174,590.786048764021,16620797,SBIN.NS
2024-01-15,606.223388671875,611.337622735401,602.4350842707261,605.0869435954805,16844018,SBIN.NS
2024-01-16,603.1928100585938,610.7694190953231,599.9253858505162,606.1287229383505,15025543,SBIN.NS
2024-01-17,592.8696899414062,603.0981011461799,590.0284613953612,590.9755375773763,30016308,SBIN.NS
2024-01-18,595.0479125976562,599.9253777209321,586.2874585176507,592.6802223057629,14695436,SBIN.NS
2024-01-19,594.527099609375,601.8669403452932,591.6385286871963,599.4992497853196,11675202,SBIN.NS
2024-01-23,573.0757446289062,601.2986596201333,568.8613020834159,593.816735051732,30954343,SBIN.NS
2024-01-24,585.5771484375,589.4127951297775,571.1815799753688,577.6690860249656,19221835,SBIN.NS
2024-01-25,580.3209228515625,590.7861029633766,574.1649277499139,585.7666108260978,22684904,SBIN.NS
2024-01-29,589.9810791015625,596.1844161117133,583.0200349532757,586.240116875537,19572140,SBIN.NS
2024-01-30,593.5799560546875,599.9727198414752,591.1649235184444,592.3487686641458,16966577,SBIN.NS
2024-01-31,606.602294921875,609.1594121757427,589.0813855447404,593.248543869928,23270745,SBIN.NS
2024-02-01,613.3739013671875,618.3933934805597,599.7359814695897,608.7332050368398,26587707,SBIN.NS
2024-02-02,615.2680053710938,625.5911000755175,612.4741193428779,617.4936110619957,27471811,SBIN.NS
2024-02-05,608.922607421875,620.1454364049642,604.9448761274464,612.8529386660016,28339525,SBIN.NS
2024-02-06,615.8363037109375,620.334915694985,603.950508871969,610.3432732703525,14079390,SBIN.NS
2024-02-07,639.5131225585938,642.0702395337361,620.3348319524308,620.3821741954093,41696232,SBIN.NS
2024-02-08,662.5271606445312,680.853120253775,642.5912176991574,644.3906856459379,74222434,SBIN.NS
2024-02-09,686.8670043945312,689.8029174512828,657.4603003588977,666.4101818840758,43235061,SBIN.NS
2024-02-12,670.4351806640625,687.57723460313,667.215098867638,687.57723460313,22873137,SBIN.NS
2024-02-13,675.6915283203125,680.0007134812453,664.9895787916939,671.0508318054963,23351472,SBIN.NS
2024-02-14,704.056396484375,708.8864614766698,668.209531384723,668.209531384723,36782182,SBIN.NS
2024-02-15,721.3878784179688,723.5661418914713,702.399014134815,708.1288129906382,33941282,SBIN.NS
2024-02-16,714.7584228515625,733.6052046316706,713.4798352929603,723.0453396380902,27365121,SBIN.NS
2024-02-19,719.0675659179688,724.5132537731262,710.3071115422806,718.5466855971592,13979584,SBIN.NS
2024-02-20,719.87255859375,723.092640626177,714.095417199918,718.878140197099,12528399,SBIN.NS
2024-02-21,730.6692504882812,736.3517073942173,719.3990211695317,720.3934973720231,21465311,SBIN.NS
2024-02-22,725.3656005859375,732.0898177041953,716.9366002614177,732.0898177041953,18799244,SBIN.NS
2024-02-23,718.8781127929688,729.7221458595922,715.0424660921377,725.3656188570327,14143636,SBIN.NS
2024-02-26,718.7361450195312,725.7918164039028,712.8642610698683,715.0425247498395,11355186,SBIN.NS
2024-02-27,710.1650390625,722.0034911226533,702.9199410846512,718.7361245980043,13969393,SBIN.NS
2024-02-28,703.2040405273438,716.6998756485756,701.7834263040562,710.1650270994766,11263318,SBIN.NS
2024-02-29,708.5076293945312,714.0007171898741,698.1371920199082,704.529955894372,19217113,SBIN.NS
2024-03-01,728.443603515625,731.1427472715305,712.1538830776034,712.2012253214909,17348526,SBIN.NS
2024-03-04,731.1901245117188,735.8781629797205,728.3015538370722,733.415788130336,9789141,SBIN.NS
2024-03-05,742.4603881835938,745.3016167439201,728.3962721270127,728.7751257237001,18088847,SBIN.NS
2024-03-06,742.4130249023438,748.4742776430227,731.9951871429561,742.1762558623576,26710525,SBIN.NS
2024-03-07,746.3433227539062,751.4102146649448,741.5605999220379,748.1901327438186,15497868,SBIN.NS
2024-03-11,732.7528076171875,750.8419384368862,729.7694947090195,748.1901368545919,16778340,SBIN.NS
2024-03-12,719.4937744140625,736.5884876385131,717.2681107424115,729.2486473566764,21529705,SBIN.NS
2024-03-13,707.70263671875,723.2820505868954,703.6775631743476,718.4993277010051,27950252,SBIN.NS
2024-03-14,701.8307495117188,711.0647417125944,695.2012166495516,710.2124078847078,19730882,SBIN.NS
2024-03-15,693.1651000976562,707.0397318687048,684.7360987203383,700.1260871078978,29792241,SBIN.NS
2024-03-18,692.2653198242188,698.8475105936745,683.8836612570906,688.6190419826069,18145126,SBIN.NS
2024-03-19,685.4937133789062,695.4853553107556,682.983996236656,691.3655971347375,15205043,SBIN.NS
2024-03-20,697.2848510742188,699.8419683708956,681.7054360495005,686.7723283939229,25405455,SBIN.NS
2024-03-21,704.90869140625,710.8752589513945,701.3571562240289,702.7304280554747,15161161,SBIN.NS
2024-03-22,707.1817626953125,709.170599460014,702.1622707327812,704.4825610232863,15535921,SBIN.NS
2024-03-26,700.8837280273438,708.270910802939,699.4157714829856,703.7249566183376,14678342,SBIN.NS
2024-03-27,694.490966796875,706.3767615612527,691.5550536950569,703.6776175097407,30088789,SBIN.NS
2024-03-28,712.53271484375,719.3516746513696,697.9004346418056,698.7054262433901,21705116,SBIN.NS
2024-04-01,718.1678466796875,721.1985019784711,712.2959628767208,718.8781538057333,9949971,SBIN.NS
2024-04-02,725.8391723632812,728.064778156646,713.4797825681824,718.0731365019557,15713063,SBIN.NS
2024-04-03,730.2431030273438,731.7110595976199,719.9200069807692,724.4186189959363,19136981,SBIN.NS
2024-04-04,719.1149291992188,734.2681480220336,717.9784262265191,733.9840367300943,15889530,SBIN.NS
2024-04-05,724.2764892578125,727.0703754749767,712.7694908570097,717.8363829672766,9939620,SBIN.NS
2024-04-08,727.6386108398438,729.2486518920224,721.4826157264696,725.507689454445,9797174,SBIN.NS
2024-04-09,723.755615234375,731.5689935781403,720.8196444464801,727.7806889266177,7465892,SBIN.NS
2024-04-10,737.8196411132812,739.3823398361972,723.2347035208019,725.933847345905,14530669,SBIN.NS
2024-04-12,725.744384765625,738.2458005175444,724.3237706530191,736.1148793486354,14408722,SBIN.NS
2024-04-15,717.41015625,722.9031861494083,709.1232402537129,719.5884197508934,11356572,SBIN.NS
2024-04-16,711.9171752929688,714.9478306266623,705.003530747474,711.4909794514435,13338991,SBIN.NS
2024-04-18,705.38232421875,719.7305514049899,702.7305224873335,712.2486264937273,14589648,SBIN.NS
2024-04-19,710.7332763671875,712.2012327726861,693.3070528688593,695.6274008930026,10886554,SBIN.NS
2024-04-22,725.5549926757812,728.3015365467629,710.7332860753157,714.2374792815871,17452186,SBIN.NS
2024-04-23,732.08984375,736.5411130931677,725.0341150661952,729.580068899774,12292429,SBIN.NS
2024-04-24,732.1845092773438,737.2987433357519,729.438023272222,737.2987433357519,7842615,SBIN.NS
2024-04-25,769.6887817382812,771.2988227188599,728.9171659384565,729.8642420676275,36732974,SBIN.NS
2024-04-26,758.8921508789062,773.6665743476738,756.6192026717495,772.7194981434557,14964358,SBIN.NS
2024-04-29,782.7584838867188,787.2570958630791,756.4297769334296,764.2904978785022,27302732,SBIN.NS
2024-04-30,782.521728515625,790.6665609037641,776.5078176272258,782.7584975711517,27449073,SBIN.NS
2024-05-02,786.12060546875,789.7668836015869,781.3378821149746,783.137350056369,19943724,SBIN.NS
2024-05-03,787.4464111328125,791.9450224719984,776.6023785542086,790.6190928500534,22667634,SBIN.NS
2024-05-06,765.048095703125,791.755654460013,760.5021417839598,790.8085783183144,35283557,SBIN.NS
2024-05-07,759.4603271484375,771.5355470964827,751.2207537405488,769.0257723774635,16725013,SBIN.NS
2024-05-08,767.8892822265625,778.4965459957647,757.1873339703332,760.1232467274178,27908322,SBIN.NS
2024-05-09,776.4130249023438,795.2125213733023,761.0230372925254,768.9311579165353,49290254,SBIN.NS
2024-05-10,774.0927124023438,788.0147441654584,772.4353290449478,783.2320208951047,20543142,SBIN.NS
2024-05-13,765.9951782226562,776.4603581145727,756.33498993591,776.4603581145727,15398505,SBIN.NS
2024-05-14,774.897705078125,778.875436405395,765.1428324503737,769.9728976160259,10912462,SBIN.NS
2024-05-15,776.8865356445312,781.6219162809175,774.7556143581575,777.5495004946132,9755062,SBIN.NS
2024-05-16,768.978515625,782.4270089369695,755.1511687191949,781.6219595013043,20536990,SBIN.NS
2024-05-17,774.566162109375,778.9227468345998,768.26814075298,771.3934803092677,12492509,SBIN.NS
2024-05-21,786.6888427734375,792.0397884444491,776.2236048637419,777.5495346221023,14037801,SBIN.NS
2024-05-22,788.422119140625,796.0295133266376,783.414724155801,795.9331822307055,19239277,SBIN.NS
2024-05-23,801.277587890625,804.5516696610887,791.5517324493296,794.1517316465437,17497488,SBIN.NS
2024-05-24,797.9072265625,810.0886726083256,796.3665167870256,799.2553916967729,12252075,SBIN.NS
2024-05-27,802.818359375,808.3072335281287,792.5146936444445,801.7590699633794,12295193,SBIN.NS
2024-05-28,800.3628540039062,809.5590944673188,792.8035957117308,804.7443027300019,13818893,SBIN.NS
2024-05-29,792.1776733398438,803.5405695871641,788.9517277526038,797.7146835951445,14518232,SBIN.NS
2024-05-30,795.2590942382812,805.0331445629747,788.9517290829909,790.9739767920537,17818705,SBIN.NS
2024-05-31,799.5924072265625,804.0701868667423,786.8332096505334,799.9294778988177,22267336,SBIN.NS
2024-06-03,872.1032104492188,878.2179721623354,825.0145259321062,831.5626306363492,64269020,SBIN.NS
2024-06-04,746.4852905273438,863.7736004371982,704.8373437950039,863.7736004371982,122381193,SBIN.NS
2024-06-05,760.4962768554688,765.5518076607758,716.4890731382206,761.4592351040986,74256082,SBIN.NS
2024-06-06,786.6887817382812,802.4812623286783,766.5147939369629,770.3666270723245,40555649,SBIN.NS
2024-06-07,799.207275390625,800.699849042878,780.4777241722821,789.5295559574165,25061284,SBIN.NS
2024-06-10,800.9887084960938,814.1331129043821,798.4850404060916,803.2516957835098,16725508,SBIN.NS
2024-06-11,804.5997924804688,808.4997618244676,798.3405635563713,805.0331354685376,14754408,SBIN.NS
2024-06-12,808.018310546875,814.2294035252687,802.144288248299,805.9961215652175,15071442,SBIN.NS
2024-06-13,812.6405639648438,814.5664806385139,805.1294419180801,813.6997946256373,12523972,SBIN.NS
2024-06-14,808.1145629882812,818.4182278630158,804.1663989581385,813.6997089993326,12903496,SBIN.NS
2024-06-18,813.6034545898438,819.958955574296,809.1256751864971,810.3775091653368,14929083,SBIN.NS
2024-06-19,821.0182495117188,828.7219161598205,809.8479563816961,815.4331029467074,32925140,SBIN.NS
2024-06-20,812.4960327148438,821.4996689454273,811.1478676397271,821.4033966290509,13985352,SBIN.NS
2024-06-21,805.322021484375,816.6367816070117,797.9072307555297,813.6034982004232,18990090,SBIN.NS
2024-06-24,801.8554077148438,805.0331584274583,790.6369197366024,800.699845971808,12715254,SBIN.NS
2024-06-25,811.0516357421875,814.5182621448073,803.3961054308986,805.996104620019,20917530,SBIN.NS
2024-06-26,814.0367431640625,817.3589609223837,805.0331069252793,808.7404727237647,16281760,SBIN.NS
2024-06-27,812.7367553710938,816.0108369000839,807.199745485568,812.6404830567203,20378887,SBIN.NS
2024-06-28,817.5034790039062,831.9959899913704,812.736823556385,815.5294261991826,23636388,SBIN.NS
2024-07-01,810.7627563476562,818.9960380974777,808.8368397383734,817.888612537416,10967797,SBIN.NS
2024-07-02,795.5480346679688,814.9516094316318,792.6591597257975,812.7368170641629,21142840,SBIN.NS
2024-07-03,808.8368530273438,812.5923552125606,794.440614381567,798.292447663417,23598009,SBIN.NS
2024-07-04,808.2108764648438,813.6034781228886,803.3960850421123,811.7738338725269,13372587,SBIN.NS
2024-07-05,827.9033813476562,829.3478187678616,805.996080474543,806.9590387546798,24873722,SBIN.NS
2024-07-08,824.5330810546875,832.9589665545163,821.8849456118841,827.903435254619,10359800,SBIN.NS
2024-07-09,829.39599609375,837.7256091400944,824.2923287105681,828.0478896992312,13585081,SBIN.NS
2024-07-10,817.5515747070312,828.3848552906051,812.2553041995063,828.2403880397673,17343236,SBIN.NS
2024-07-11,824.9664306640625,826.5071405152041,818.273858372934,822.7516382126789,8501366,SBIN.NS
2024-07-12,827.8552856445312,831.0330363694129,823.6182454951478,824.9664106629458,11446064,SBIN.NS
2024-07-15,848.7033081054688,854.4810581363205,827.8552953420664,827.8552953420664,25392820,SBIN.NS
2024-07-16,848.0773315429688,855.2031872360685,841.9143753130872,849.6180412132858,11893692,SBIN.NS
2024-07-18,860.4513549804688,861.7513839164689,844.9958864196212,848.0292284959793,19435183,SBIN.NS
2024-07-19,856.406982421875,865.6995539804449,850.5810961772029,861.8477205923227,14562742,SBIN.NS
2024-07-22,844.3218383789062,861.8476914572568,835.8478169663675,848.7996180509505,14614111,SBIN.NS
2024-07-23,831.899658203125,851.7365747034543,817.6478290405348,850.2921373240815,18279212,SBIN.NS
2024-07-24,820.4404296875,835.8477617004108,815.8182418384882,832.188532102206,19624845,SBIN.NS
2024-07-25,817.0701293945312,819.2367856009398,810.04054545749,816.1071710805719,9522375,SBIN.NS
2024-07-26,830.5033569335938,832.2366700338795,812.7367654134732,813.362711787555,12081506,SBIN.NS
2024-07-29,839.3143920898438,856.1661615632173,831.2255780072089,833.9699855260068,26582781,SBIN.NS
2024-07-30,840.469970703125,847.9328973347123,836.8107410128214,842.2996149354311,13528447,SBIN.NS
2024-07-31,840.0848388671875,842.5403707610664,835.8477988655185,841.4810813734941,11636874,SBIN.NS
2024-08-01,830.696044921875,848.7515140014297,827.6145664441017,845.2848286735671,11787203,SBIN.NS
2024-08-02,816.4441528320312,826.5070785961769,814.8071707781978,824.9663688604599,12609331,SBIN.NS
2024-08-05,781.5851440429688,800.555375930074,770.3666561037335,799.2554057076235,27676951,SBIN.NS
2024-08-06,768.15185546875,795.9331791962649,766.1778026885571,792.1776770526977,17900930,SBIN.NS
2024-08-07,778.6962280273438,780.6702807246692,770.8962307809461,779.0332399118962,17692355,SBIN.NS
2024-08-08,778.1184692382812,787.507312985182,773.06293798995,781.9221664085547,14769069,SBIN.NS
2024-08-09,793.7665405273438,799.2072786074854,779.5629051443975,785.7739981345145,15320885,SBIN.NS
2024-08-12,782.4998779296875,792.5146675912324,781.1517715969126,790.2035442003192,16120449,SBIN.NS
2024-08-13,768.0073852539062,789.6258109801142,765.5999894887229,783.3665819906377,17585172,SBIN.NS
2024-08-14,773.2554931640625,779.1777100523152,770.7518251641638,771.2814404594144,11788665,SBIN.NS
2024-08-16,782.0183715820312,784.7147017023967,773.255475013765,773.255475013765,11427335,SBIN.NS
2024-08-19,783.5591430664062,794.8257663935242,782.4998537223788,784.8109770417955,10151482,SBIN.NS
2024-08-20,789.9146728515625,792.5146719871843,783.2221009869668,787.6517443817361,10347493,SBIN.NS
2024-08-21,785.3406372070312,790.588771746324,781.1517920723019,789.9146891751129,14607257,SBIN.NS
2024-08-22,789.9146728515625,793.3813579571615,786.8331945713555,788.662838830503,7832917,SBIN.NS
2024-08-23,785.1480102539062,791.5517063269808,784.3295192254573,791.0702271868793,5537747,SBIN.NS
2024-08-26,784.859130859375,792.9480038850295,783.6554330147424,787.6998695275697,8523795,SBIN.NS
2024-08-27,785.677734375,789.0962247326166,781.0073511539267,787.5073199593448,12833290,SBIN.NS
2024-08-28,779.41845703125,786.9295198766698,776.625854503473,784.5702603306938,10371300,SBIN.NS
2024-08-29,784.3295288085938,785.7739662465469,777.0592054590912,779.5628735084862,18247268,SBIN.NS
2024-08-30,785.3887939453125,790.2999167148297,784.1850960274376,786.8814263829273,8911426,SBIN.NS
2024-09-02,791.6961669921875,794.8257813768107,782.9332114506573,787.0257841074723,11813750,SBIN.NS
2024-09-03,794.248046875,795.3554725033293,786.1592318819613,791.69624247498,10548350,SBIN.NS
2024-09-04,786.2554321289062,788.325815931437,783.5110245528155,785.2443376942574,10789570,SBIN.NS
2024-09-05,788.422119140625,791.6962009160937,784.2332739868236,788.0369123055189,8395074,SBIN.NS
2024-09-06,753.514892578125,782.7888492947188,748.2186217676717,781.4406841241514,40220096,SBIN.NS
2024-09-09,755.2000122070312,759.0037090727857,742.4408153160613,755.9222308989729,21322103,SBIN.NS
2024-09-10,753.6593017578125,759.5814597612606,748.7000432350214,758.8111049121503,12824701,SBIN.NS
2024-09-11,740.1297607421875,758.811176152104,737.0483410564517,751.1556455515445,20060665,SBIN.NS
2024-09-12,758.5703735351562,760.6407573153975,744.1259995547978,746.2926556518515,17578964,SBIN.NS
2024-09-13,761.5555419921875,765.5518424151477,756.0185318111974,761.7000092457633,12950936,SBIN.NS
2024-09-16,756.451904296875,765.5518722692779,755.344537482079,761.5555716904744,9553736,SBIN.NS
2024-09-17,753.9000854492188,758.3296701716079,751.637098153009,756.5000258703583,10665630,SBIN.NS
2024-09-18,763.3851928710938,765.3111094724715,753.0333911386886,754.7667043250664,18324412,SBIN.NS
2024-09-19,760.6889038085938,771.6665929182252,755.0074264560737,765.5999675189145,10645478,SBIN.NS
2024-09-20,752.7445068359375,765.4073730812867,750.625986843672,765.4073730812867,21372244,SBIN.NS
2024-09-23,772.1480712890625,775.1814133728537,755.4407686844768,756.8852061006995,17309545,SBIN.NS
2024-09-24,768.6814575195312,774.4592072785255,766.9962805064912,769.6444158126969,15180653,SBIN.NS
2024-09-25,763.72216796875,768.4406869245006,759.4851869144526,768.3444146087945,18465571,SBIN.NS
2024-09-26,772.1480712890625,773.2554968178902,762.277748944874,766.5147888755175,23198842,SBIN.NS
2024-09-27,772.9185180664062,778.0703215620741,768.8740813727312,772.1481043919451,15193681,SBIN.NS
2024-09-30,758.71484375,772.8702832866289,757.3185425049131,772.1962595176911,15484573,SBIN.NS
2024-10-01,767.4296264648438,770.7036494096986,758.811137952777,758.811137952777,13280535,SBIN.NS
2024-10-03,764.6851806640625,774.2184915699847,755.2482008550121,760.6408027275493,15944135,SBIN.NS
2024-10-04,767.1407470703125,779.8517495092212,756.1629990283715,762.6629675013947,20097454,SBIN.NS
2024-10-07,742.1038208007812,774.2184558775194,737.0482898388944,770.3666227637009,24267990,SBIN.NS
2024-10-08,752.5037841796875,755.3445229531092,743.6445559601656,743.6445559601656,8560960,SBIN.NS
2024-10-09,767.8629760742188,774.5554892758929,753.0815308248506,757.5593104537433,18758697,SBIN.NS
2024-10-10,767.5740356445312,774.6518143977434,765.5518467289336,769.4036799200226,10241015,SBIN.NS
2024-10-11,770.1258544921875,772.9665930626187,763.6258863548668,767.6703227285054,14322720,SBIN.NS
2024-10-14,775.325927734375,779.2740334022208,771.1370237082186,772.2925854662725,8967564,SBIN.NS
2024-10-15,774.8444213867188,777.5888290383062,771.9073515455158,775.6629124338771,6252104,SBIN.NS
2024-10-16,775.61474609375,779.0332361787332,772.3406644838936,773.0628831824524,6494240,SBIN.NS
2024-10-17,781.00732421875,789.1443336790275,776.1443965165297,779.5147505956958,18580553,SBIN.NS
2024-10-18,790.0110473632812,792.1295086964368,773.1592763766439,781.0554877623608,11704698,SBIN.NS
2024-10-21,783.7999267578125,795.8369056109815,779.0332713770955,794.1517285715379,10359618,SBIN.NS
2024-10-22,761.1222534179688,786.5924530851014,758.329650876446,783.8480454773676,16645356,SBIN.NS
2024-10-23,756.88525390625,763.2407554293255,750.9149004539081,760.7370872594624,13866198,SBIN.NS
2024-10-24,765.1184692382812,767.4777287162982,755.5852177848088,756.9333240763132,5607500,SBIN.NS
2024-10-25,752.0223388671875,771.0889025356221,743.4038498376525,768.4407670601641,9717125,SBIN.NS
2024-10-28,762.7111206054688,774.1703480481368,754.5259749390806,754.7667145175037,13757251,SBIN.NS
2024-10-29,801.8554077148438,803.925732845734,761.2185547092174,766.5148254883454,28274791,SBIN.NS
2024-10-30,791.9850463867188,802.1442444505282,790.6368812896834,797.3294530672716,15977682,SBIN.NS
2024-10-31,789.8184204101562,797.3294834998579,783.4147241162844,789.625816992613,13402324,SBIN.NS
2024-11-01,790.7813720703125,795.0183533490626,788.566579722976,791.9369337915391,1637141,SBIN.NS
2024-11-04,799.1109008789062,806.4775551912725,777.2036001259493,792.2257844782764,14498161,SBIN.NS
2024-11-05,817.7442016601562,819.8627216790217,795.6442968785319,799.1109232553587,26254561,SBIN.NS
2024-11-06,823.13671875,829.492278606691,814.8553011245552,817.7441759391488,15002433,SBIN.NS
2024-11-07,827.7589111328125,830.4552413269911,815.3367846280997,829.1070762299017,15283847,SBIN.NS
2024-11-08,811.9183349609375,831.5145133583849,803.2998462002181,827.7589523824207,26139105,SBIN.NS
2024-11-11,816.2515869140625,822.366348312754,810.8108492732305,814.662682286405,12621337,SBIN.NS
2024-11-12,796.07763671875,821.7886350304474,793.7665132938048,820.9219490525154,11350729,SBIN.NS
2024-11-13,778.6962280273438,800.9405405398265,774.8443949499054,792.8516675674828,13756706,SBIN.NS
2024-11-14,774.459228515625,787.6999054097373,771.3777501381329,778.6962686314655,9461484,SBIN.NS
2024-11-18,784.136962890625,786.4480864115857,769.6444516583641,780.9592121300385,9322451,SBIN.NS
2024-11-19,773.2554931640625,789.9146595309171,770.4628906628374,788.6628255309678,13677029,SBIN.NS
2024-11-21,751.8297119140625,768.9222221753172,733.3409003273077,768.9222221753172,29486577,SBIN.NS
2024-11-22,785.8221435546875,789.5777045997442,755.0074765981217,756.88525712065,20665405,SBIN.NS
2024-11-25,813.1701049804688,818.1293046973657,795.0665016573014,796.3664717835007,23434605,SBIN.NS
2024-11-26,808.3072509765625,815.3368350764866,804.5998261173272,812.7368358136894,8893744,SBIN.NS
2024-11-27,803.2034912109375,811.292364407334,801.2775746188726,807.4405312232043,8375108,SBIN.NS
2024-11-28,807.7775268554688,814.4700986330259,799.7368487551913,803.2034750413964,13505677,SBIN.NS
2024-11-29,807.8738403320312,812.7849039261208,800.7479257305017,809.9441653170932,10822949,SBIN.NS
2024-12-02,805.4183349609375,810.8108778597823,801.8553775432713,807.8738668385488,6651119,SBIN.NS
2024-12-03,822.3182373046875,824.8700414893754,805.8998103387524,806.9590409400479,12186182,SBIN.NS
2024-12-04,827.8552856445312,831.995994696608,818.8034538591721,822.3182752631592,10749716,SBIN.NS
2024-12-05,833.3922729492188,839.1700227524034,823.9070984244045,828.1441384564639,14716036,SBIN.NS
2024-12-06,831.658935546875,843.0218314074111,825.2552395250841,833.1996452731378,14520568,SBIN.NS
2024-12-09,826.266357421875,834.7403787055949,825.2071268017763,827.1811795615839,9630346,SBIN.NS
2024-12-10,835.3662719726562,836.7625731734661,826.2663048631648,829.8773982578593,7379849,SBIN.NS
2024-12-11,829.684814453125,837.6292201091063,829.0589268478445,835.3662917047014,7006973,SBIN.NS
2024-12-12,822.0775146484375,832.2848491458258,819.6219827317773,829.588577653526,8845103,SBIN.NS
2024-12-13,829.6366577148438,830.9366865999768,804.0701282655722,821.0181697348605,9379370,SBIN.NS
2024-12-16,829.0589599609375,834.3070944496669,826.025617806868,827.9515344064523,6432713,SBIN.NS
2024-12-17,819.044189453125,830.6478254844673,815.6738353243519,826.7478560331779,8791216,SBIN.NS
2024-12-18,807.103515625,820.4404644541135,805.9960900799213,819.4775061625006,8295338,SBIN.NS
2024-12-19,801.9515991210938,806.9589936527981,789.8183489792347,794.0553299104415,9453398,SBIN.NS
2024-12-20,781.9221801757812,805.0331805750654,779.9962634758409,803.9739498998235,10244198,SBIN.NS
2024-12-23,790.7332763671875,793.4776841679945,782.114787338898,787.025851437494,4933200,SBIN.NS
2024-12-24,781.9702758789062,795.5961593356999,779.2258682332135,793.7183788955526,10602771,SBIN.NS
2024-12-26,782.3555297851562,792.3702614447049,778.0703533367926,782.885145127243,8318714,SBIN.NS
2024-12-27,770.0296630859375,787.9888009322062,767.6704033888981,786.0628842447148,10649800,SBIN.NS
2024-12-30,759.1000366210938,778.0221912364731,755.9222859001974,772.292577441985,21515438,SBIN.NS
2024-12-31,765.503662109375,769.5962346158304,756.8851741350371,757.7999962148708,9086044,SBIN.NS
2025-01-01,763.8185424804688,769.0666770195652,760.2555849821816,766.0814709969738,7273098,SBIN.NS
2025-01-02,771.522216796875,772.6777785343264,757.848196914708,765.5518634653022,11398319,SBIN.NS
2025-01-03,764.0111083984375,779.5147129032193,762.8074105712243,771.5221710853858,13336514,SBIN.NS
2025-01-06,747.640869140625,768.0555386685415,744.5112545755807,767.8629940224499,11419367,SBIN.NS
2025-01-07,749.9037475585938,754.8148111917903,746.1481868219319,750.9629781385199,9669152,SBIN.NS
2025-01-08,742.5853271484375,754.911181809416,731.9445907621887,751.9741707073787,15641490,SBIN.NS
2025-01-09,732.2816772460938,742.7778878278531,699.3484904504,742.5853431803976,15351029,SBIN.NS
2025-01-10,715.71875,735.1223830791824,714.5631882955921,732.1853132713054,11779296,SBIN.NS
2025-01-13,702.4780883789062,716.3928477377098,695.7373801970662,714.0335881192036,10414733,SBIN.NS
2025-01-14,720.4373168945312,728.9594748276388,705.8003381418084,705.8003381418084,11960975,SBIN.NS
2025-01-15,725.7816772460938,730.7890721249498,722.2187198068513,725.252061939764,7792299,SBIN.NS
2025-01-16,737.9149169921875,747.929706597395,732.2334984141427,732.2334984141427,11816079,SBIN.NS
2025-01-17,735.7964477539062,739.5038726459838,731.2705905527847,737.9149678673344,5766573,SBIN.NS
2025-01-20,750.38525390625,755.9222641211501,739.4075057965499,740.5149313492541,9198929,SBIN.NS
2025-01-21,730.9334716796875,755.8259785163474,728.044596835733,755.7296474236301,13751780,SBIN.NS
2025-01-22,725.5408935546875,734.7371329395015,710.6631770764773,733.7741747049805,9908339,SBIN.NS
2025-01-23,718.2705688476562,727.6594116108213,715.5742387782767,722.2186740896237,10986405,SBIN.NS
2025-01-24,716.58544921875,725.7816893156935,711.6261904172143,722.1224594960153,10579213,SBIN.NS
2025-01-27,721.4483642578125,727.3705224901476,708.6410307266503,712.5891362148737,11433353,SBIN.NS
2025-01-28,724.5298461914062,731.6075661648166,717.7891381122306,728.9594308479976,14140860,SBIN.NS
2025-01-29,730.355712890625,732.6186413192878,722.0261003310969,725.1075785552505,9251973,SBIN.NS
2025-01-30,734.3519897460938,736.6631132188579,726.7927904600431,730.4520203133268,11085824,SBIN.NS
2025-01-31,744.2705078125,748.7482287285419,731.3668428360176,736.5668412651819,10083763,SBIN.NS
2025-02-01,737.6260375976562,749.9037555863902,724.2890890176571,746.1000586507049,9363077,SBIN.NS
2025-02-03,732.7631225585938,734.5445718854385,725.2520596511663,734.5445718854385,7862190,SBIN.NS
2025-02-04,750.3370971679688,752.3111498703669,737.2890243394788,738.5889944967314,12020807,SBIN.NS
2025-02-05,737.6741943359375,753.0333909836241,736.6630998752845,751.107474382643,13419162,SBIN.NS
2025-02-06,724.3853759765625,742.2963767183029,722.2668559769037,740.5149273858113,32745391,SBIN.NS
2025-02-07,709.8928833007812,731.75204885935,704.6447487163948,731.6557177630287,37240692,SBIN.NS
2025-02-10,709.5076293945312,716.3446682586824,706.2336065973515,712.5891075604651,12667049,SBIN.NS
2025-02-11,704.018798828125,712.7336185765542,699.6373502606822,710.1336193776868,13017060,SBIN.NS
2025-02-12,705.9928588867188,711.3372653768854,690.5855270091603,705.9928588867188,12697743,SBIN.NS
2025-02-13,700.6965942382812,710.1817094926294,699.2521568630419,707.1965624268578,12370571,SBIN.NS
2025-02-14,695.4003295898438,705.7521308643177,689.6707161993432,703.8743505061794,10417539,SBIN.NS
2025-02-17,700.7447509765625,701.7558454140641,685.1929512700127,692.4151383583221,9093600,SBIN.NS
2025-02-18,698.9151000976562,701.2743596122846,690.7780909672726,700.7447443190354,8562003,SBIN.NS
2025-02-19,700.3595581054688,707.6298814976512,695.3040270429543,695.3040270429543,6766606,SBIN.NS
2025-02-20,702.670654296875,704.4039674105562,696.5558340793757,698.0484664022894,7423268,SBIN.NS
2025-02-21,695.255859375,704.5965661934869,693.3299428670359,700.359526366243,6571602,SBIN.NS
2025-02-24,689.8633422851562,693.089229046088,684.1818648659195,684.1818648659195,6912148,SBIN.NS
2025-02-25,684.5670776367188,692.318880181649,683.7003916586949,692.318880181649,8599635,SBIN.NS
2025-02-27,677.8263549804688,691.1151674539011,675.1300247842662,689.4781266274379,12033139,SBIN.NS
2025-02-28,663.2857055664062,675.370821210472,657.3153519889653,674.9375369686069,15780609,SBIN.NS
2025-03-03,669.5448608398438,671.5671084335651,654.811611339565,664.5856611067829,10598479,SBIN.NS
2025-03-04,689.5262451171875,691.8373684334783,666.4633832092842,667.3300691464701,14386214,SBIN.NS
2025-03-05,703.2965698242188,704.2113919626877,690.4411000485206,690.970715357852,10409805,SBIN.NS
2025-03-06,704.93359375,709.4595093992308,700.0706662141035,708.7372906926826,10928847,SBIN.NS
2025-03-07,705.607666015625,707.6298548547695,701.0336142741386,704.9335834778076,7246729,SBIN.NS
2025-03-10,701.9003295898438,711.1447057760574,699.6854784765769,705.6076955415114,7400109,SBIN.NS
2025-03-11,702.8151245117188,706.8595613151393,695.930007610309,698.0485277239401,5538789,SBIN.NS
2025-03-12,696.2670288085938,709.7003096539208,692.4151953776362,703.5373526546633,5547762,SBIN.NS
2025-03-13,700.8892211914062,704.3559065637423,697.6633341842002,699.0114994024942,5908337,SBIN.NS
2025-03-17,696.36328125,704.1632195569075,695.5447314737941,701.9002911815586,5149563,SBIN.NS
2025-03-18,696.36328125,696.36328125,696.36328125,696.36328125,0,SBIN.NS
2025-03-19,717.5001831054688,721.5446195922909,711.7224334883822,712.2039126231394,7604850,SBIN.NS
2025-03-20,721.7853393554688,724.8186813309343,716.6335362646441,720.292765833536,6963197,SBIN.NS
2025-03-21,725.3001708984375,727.611235450561,719.3298179504133,722.1705565633118,9577327,SBIN.NS
2025-03-24,751.8778076171875,753.9481914133478,727.1297682523594,729.9223707530908,12095064,SBIN.NS
2025-03-25,744.2222900390625,756.8852150473521,740.7075275492936,754.8630261504609,15190143,SBIN.NS
2025-03-26,735.7001342773438,747.3037699282959,733.2446023903115,743.4038006048552,7711852,SBIN.NS
2025-03-27,743.6926879882812,747.063042059369,732.3297917320479,735.5075423870684,15648616,SBIN.NS
2025-03-28,742.9223022460938,749.7592824252198,738.5889900489357,743.5000536959915,7628185,SBIN.NS
2025-04-01,743.1149291992188,753.7556066211873,734.92978367858,738.3964100364205,7011125,SBIN.NS
2025-04-02,747.20751953125,748.2186140115384,735.9890316029483,743.6926981564776,5458436,SBIN.NS
2025-04-03,750.3370971679688,755.6333676630561,741.4297331535035,741.4778693122336,7956680,SBIN.NS
2025-04-04,739.0223388671875,753.9000559499343,736.6630793418844,750.2407674906192,8231194,SBIN.NS
2025-04-07,719.2335815429688,725.7816862623683,702.9595626780941,702.9595626780941,14923235,SBIN.NS
2025-04-08,740.1297607421875,745.3297593169144,730.0668930525142,731.8483424817248,12911288,SBIN.NS
2025-04-09,714.7077026367188,739.5038802710596,713.552140856178,738.5890580792018,11319387,SBIN.NS
2025-04-11,725.9260864257812,731.5594277102952,718.3668873275676,730.8853451496299,9360327,SBIN.NS
2025-04-15,735.2186279296875,742.1519391227857,729.0556715859763,741.4778565892068,7859090,SBIN.NS
2025-04-16,743.1630859375,746.0519609071307,732.3298048013849,735.2186797710156,12536694,SBIN.NS
2025-04-17,767.9110717773438,771.3295618258302,738.7334484219398,743.4037724463682,27034818,SBIN.NS
2025-04-21,786.4480590820312,793.8146548472636,771.7148087772562,773.2555185548143,16398507,SBIN.NS
2025-04-22,791.9369506835938,804.5516812424216,783.8480772367818,790.7332527762891,25117557,SBIN.NS
2025-04-23,783.3184204101562,800.2183263784495,780.0924749249118,795.4035350043313,12104382,SBIN.NS
2025-04-24,783.270263671875,788.6628063594819,781.1036076104479,782.644317299962,12713521,SBIN.NS
2025-04-25,769.066650390625,788.6628277912206,757.8481629690972,784.8109946884551,13131038,SBIN.NS
2025-04-28,787.0739135742188,792.322047867904,767.8629432267787,769.0666410567842,11317611,SBIN.NS
2025-04-29,782.4517211914062,798.2923962986351,779.0332311285836,789.6257719721119,11283059,SBIN.NS
2025-04-30,759.4370727539062,781.4406459920804,755.4407723731201,781.4406459920804,25635764,SBIN.NS
2025-05-02,767.1889038085938,773.6407362949234,759.7741130041347,761.0740832238849,14720184,SBIN.NS
2025-05-05,760.737060546875,769.4036852872824,753.0333941109573,753.0333941109573,23986447,SBIN.NS
2025-05-06,745.426025390625,769.5481787593242,742.5371503787388,764.5407836505257,18869468,SBIN.NS
2025-05-07,747.3519287109375,753.418613146944,736.229771868778,736.9519906088443,15586266,SBIN.NS
2025-05-08,740.514892578125,757.3666619150783,735.7001013389954,750.1444750563841,14491673,SBIN.NS
2025-05-09,750.38525390625,752.7445134918086,727.5149943229668,728.4779526212103,13578216,SBIN.NS
2025-05-12,771.95556640625,774.12222264216,763.6259533673605,769.4037033297868,15096824,SBIN.NS
2025-05-13,772.0518188476562,777.7332963407931,767.6703703271746,769.018476685771,13909596,SBIN.NS
2025-05-14,771.0407104492188,777.5888150314639,766.8036704860727,775.9036380329437,9281719,SBIN.NS
2025-05-15,777.8295288085938,779.4665695934455,765.0703319571993,774.6517783287684,17058854,SBIN.NS
2025-05-16,778.0751342773438,789.7644580739088,776.9946347468432,789.7644580739088,14733924,SBIN.NS
2025-05-19,780.9237670898438,787.2104729702169,778.0750903727592,778.0750903727592,10666184,SBIN.NS
2025-05-20,771.7393798828125,785.2459236919375,769.9220998339915,784.0180560729261,11324667,SBIN.NS
2025-05-21,773.1636352539062,776.9946060925355,765.3052827270537,773.0654298291093,8206040,SBIN.NS
2025-05-22,771.346435546875,774.2442151084329,766.4840678018166,774.0477442991881,7355826,SBIN.NS
2025-05-23,776.5034790039062,780.874699700136,772.2796264031289,773.9495383488706,5534158,SBIN.NS
2025-05-26,780.33447265625,783.4286631605596,775.2265312430146,777.9769427872259,4965466,SBIN.NS
2025-05-27,779.6468505859375,787.1613645883718,776.0614530866071,780.3344684569088,11995043,SBIN.NS
2025-05-28,782.4463500976562,784.7547771957036,778.6154390963333,780.4326591919574,6873519,SBIN.NS
2025-05-29,783.232177734375,786.2282227070898,777.3384131262393,784.8529869834019,14034127,SBIN.NS
2025-05-30,797.91748046875,800.0785394661832,778.5662748283969,783.8706869171444,22037314,SBIN.NS
2025-06-02,799.2435913085938,807.9859725290632,794.8723707211232,798.4577080916993,26891575,SBIN.NS
2025-06-03,795.4617309570312,803.9094959854718,790.8940994751483,801.7484370268255,14247597,SBIN.NS
2025-06-04,792.2201538085938,802.5342413659282,790.9922862422444,802.5342413659282,9607927,SBIN.NS
2025-06-05,791.72900390625,797.3280919793597,788.6347536685006,794.3812098308251,13595507,SBIN.NS
2025-06-06,798.6541748046875,801.9939985959651,788.88033690073,792.3675287830383,17163935,SBIN.NS
2025-06-09,805.5302734375,809.9014942207324,801.2573180380161,802.9272300169949,12793040,SBIN.NS
2025-06-10,802.5833740234375,807.4948444720902,800.1767415127031,806.4634476687678,6560513,SBIN.NS
2025-06-11,800.6187744140625,806.0704945433416,798.6541862626485,802.5342598525855,7197825,SBIN.NS
2025-06-12,791.679931640625,802.0431222706184,787.0140347260071,801.5519752269744,13448521,SBIN.NS
2025-06-13,778.3206787109375,782.2007522600275,772.3287088939938,772.3287088939938,11377117,SBIN.NS
2025-06-16,778.4680786132812,781.3167555010375,772.2305350251097,778.4680786132812,8085001,SBIN.NS
2025-06-17,778.2716064453125,784.7056208342702,776.5525917636725,779.9415184126576,7753156,SBIN.NS
2025-06-18,777.8787231445312,781.4149579289822,774.3915311197982,778.4680756237817,5710169,SBIN.NS
2025-06-19,771.1990356445312,779.2047561439027,767.8592718430074,778.320667516001,11824333,SBIN.NS
2025-06-20,782.053466796875,785.2950253156704,772.181363190149,773.5565989033221,11367669,SBIN.NS
2025-06-23,776.2088012695312,780.874698193188,774.5388893270122,776.0123304607985,5549253,SBIN.NS
2025-06-24,781.3167114257812,792.3675194893278,779.5976968381185,784.8529460243278,11402190,SBIN.NS
2025-06-25,785.8843383789062,789.567941046098,782.0042649119035,785.3440886452789,6528324,SBIN.NS
2025-06-26,782.9375,789.1259408358321,777.3875743106198,787.7998677833231,24704402,SBIN.NS
2025-06-27,791.1396484375,795.1179273319369,788.4383398116579,790.7467068374075,19375990,SBIN.NS
2025-06-30,805.824951171875,806.4634663267615,792.7604514670988,794.6759369772839,19652607,SBIN.NS
2025-07-01,805.7758178710938,810.2944065895595,798.8506566320394,805.4811416394373,11456405,SBIN.NS
2025-07-02,798.5068969726562,809.4594402026391,794.6759260051804,806.4634551919074,6661200,SBIN.NS
2025-07-03,792.8095092773438,800.0785092795976,791.5325389943724,799.0962152227779,7020403,SBIN.NS
2025-07-04,797.4754028320312,799.4399909377498,789.8626239223718,794.4303152499558,4319538,SBIN.NS
2025-07-07,792.56396484375,798.2613185459272,790.8941128494637,796.8369801203829,4461783,SBIN.NS
2025-07-08,798.2612915039062,799.1453201848503,791.0904969053553,793.5953947208753,5935770,SBIN.NS
2025-07-09,796.5913696289062,798.0648106998194,794.675884245825,795.6581782931005,4099112,SBIN.NS
2025-07-10,793.693603515625,801.0608089938022,792.613104027281,796.9351619351286,12178137,SBIN.NS
2025-07-11,794.3321533203125,798.1630643635436,790.3047115103832,793.2515938303184,6202372,SBIN.NS
2025-07-14,794.528564453125,801.0608442463658,793.6936384439774,795.4617558456557,6938635,SBIN.NS
2025-07-15,801.9940185546875,806.4634446553665,796.1493567517351,796.6405037947652,9297645,SBIN.NS
2025-07-16,816.9739990234375,819.4297342255312,800.8643521159136,801.5519699633943,16458920,SBIN.NS
2025-07-17,814.32177734375,827.5827471798666,811.7186740978348,823.5553655077234,23073718,SBIN.NS
2025-07-18,808.7717895507812,817.9071722636787,805.7267019494631,817.2686571434967,15387801,SBIN.NS
2025-07-21,809.6068115234375,812.7010019745913,803.4674733809013,808.4280466091758,8852594,SBIN.NS
2025-07-22,800.5697021484375,813.3886283330482,799.5874080353719,812.848378561757,7851163,SBIN.NS
2025-07-23,806.1196899414062,810.5891161764496,797.1316748019602,798.113968917551,15470390,SBIN.NS
2025-07-24,801.25732421875,807.3966624575928,796.29675091266,805.4811769361788,10118309,SBIN.NS
2025-07-25,792.269287109375,804.6953313423805,791.2378903047143,800.569684169264,6734439,SBIN.NS
2025-07-28,783.0357666015625,794.6268250025805,781.906104403612,792.269295178368,7734158,SBIN.NS
2025-07-29,785.0494384765625,785.8352617474154,779.057408633055,782.1025562450097,7833759,SBIN.NS
2025-07-30,787.4560546875,789.1750692870572,782.1025400865564,784.8038487430033,8743723,SBIN.NS
2025-07-31,782.4463500976562,789.5679822929258,778.5171737140591,781.0220116677076,11359112,SBIN.NS
2025-08-01,779.9415283203125,786.8175871342196,777.9769400877676,781.6114403088707,15468391,SBIN.NS
2025-08-04,781.6113891601562,783.0848302381428,772.62337460265,780.4326243068729,8820724,SBIN.NS
2025-08-05,786.4246215820312,789.8135481709712,782.2007690014489,783.8706809392065,7381537,SBIN.NS
2025-08-06,790.8941040039062,795.8546771264834,784.8529714185823,786.7684568691343,7409396,SBIN.NS
2025-08-07,790.8941040039062,792.3675451267196,779.3521485418682,786.915765008732,7091392,SBIN.NS
2025-08-08,790.0591430664062,793.4971724617818,776.0123492419096,790.7467609363763,15708181,SBIN.NS
2025-08-11,808.8700561523438,810.392599955305,793.6936009259229,793.6936009259229,15236297,SBIN.NS
2025-08-12,806.0704956054688,810.8837605645641,805.481143141057,810.3435108131079,7986728,SBIN.NS
2025-08-13,807.29833984375,810.3434873670307,806.1196349490305,808.0842230461906,4447508,SBIN.NS
2025-08-14,811.9151611328125,813.3394995419872,804.5970582342032,807.4457350525524,7087573,SBIN.NS
2025-08-18,812.9957275390625,823.1624473883827,810.5399923141568,821.1978592084581,6138124,SBIN.NS
2025-08-19,815.697021484375,816.2863739458684,811.1784327798614,812.8483446933888,5076681,SBIN.NS
2025-08-20,814.272705078125,817.1704846600775,812.7501612160911,814.0271315534591,4493888,SBIN.NS
2025-08-21,811.0802612304688,818.4965697939625,809.4594519619582,814.272717098252,4402511,SBIN.NS
2025-08-22,801.7975463867188,811.3749137095616,801.2572966311966,809.4103255407733,5097647,SBIN.NS
2025-08-25,801.9940185546875,805.9722976123364,799.7838568610522,802.9763126407477,5672898,SBIN.NS
2025-08-26,793.5462646484375,801.404617447895,792.4657651203016,800.4223233479629,6997817,SBIN.NS
2025-08-28,787.750732421875,796.6404816628535,786.4737621363677,792.9568789424643,7898436,SBIN.NS
2025-08-29,788.291015625,792.4166628378574,784.3618392231308,786.5228982350536,6861440,SBIN.NS
2025-09-01,791.7781372070312,793.9882989038185,788.4383732823478,788.8803576581267,5619805,SBIN.NS
2025-09-02,789.666259765625,796.1493769160325,788.4383921269514,792.0237296591938,5075460,SBIN.NS
2025-09-03,797.7701416015625,798.8997437933355,788.7821270069304,790.0590972888992,4261589,SBIN.NS
2025-09-04,795.06884765625,802.2886851199853,793.6936119705517,800.2258915459101,4471950,SBIN.NS
2025-09-05,792.318359375,798.1139182710025,789.4206398814698,797.1316242177459,5194842,SBIN.NS
2025-09-08,794.4794311523438,799.4400042107487,792.5148430140074,793.6936078879036,4614227,SBIN.NS
2025-09-09,794.528564453125,797.966593827573,791.3361086054234,797.6228148719179,4567272,SBIN.NS
2025-09-10,803.7130126953125,809.9996587129843,796.0511310104619,797.622777526262,7285853,SBIN.NS
2025-09-11,809.0665283203125,811.0802191569468,804.4988369492515,804.5970423736838,7425055,SBIN.NS
2025-09-12,808.96826171875,811.1784233553801,805.2846589910332,809.5085114612542,5078018,SBIN.NS
2025-09-15,810.1470336914062,813.1430186120108,806.561636356512,808.9682688172991,3852494,SBIN.NS
2025-09-16,816.82666015625,818.2509986153229,807.1019843806856,810.4908511172532,9467531,SBIN.NS
2025-09-17,841.973388671875,842.9556827448961,816.2863746805828,819.5279331306582,17243938,SBIN.NS
2025-09-18,839.222900390625,845.5587090248177,836.0304447176452,843.4468127830675,10400847,SBIN.NS
2025-09-19,847.081298828125,849.1441524246292,834.262372728141,836.9145788068039,15206426,SBIN.NS
2025-09-22,840.1069946289062,852.8277146939828,838.8791270541783,846.7374795324375,6594034,SBIN.NS
2025-09-23,855.1851806640625,858.7705779481222,836.1287119616596,839.4684757773939,14357863,SBIN.NS
2025-09-24,850.8631591796875,864.9099527819579,849.1441445091953,860.4896293435494,12840160,SBIN.NS
2025-09-25,845.902587890625,854.7432347874252,844.7238229801568,851.2069400560208,8678821,SBIN.NS
2025-09-26,841.7769165039062,849.0458566598143,837.8968429308584,846.7374895737396,6959545,SBIN.NS
2025-09-29,855.3325805664062,858.0338893192718,840.8437427101278,842.8574336077328,22641712,SBIN.NS
2025-09-30,857.0025024414062,862.0612811008727,852.2383400675699,854.5467671830805,12831593,SBIN.NS
2025-10-01,848.80029296875,860.9316608640574,847.5233226519999,856.8551164386336,10832384,SBIN.NS
2025-10-03,851.9436645507812,857.5427529354124,848.5056351862063,849.8317681995126,8019442,SBIN.NS
2025-10-06,858.5741577148438,859.8020253564342,847.5233489405293,852.6312903204407,7820352,SBIN.NS
2025-10-07,849.3897094726562,861.4719147583033,847.7197975329713,858.67240059065,9242580,SBIN.NS
2025-10-08,843.0538940429688,852.434790514772,842.0715999631051,851.4524964349083,7156112,SBIN.NS
2025-10-09,846.835693359375,850.4701934075276,842.906517081258,846.3445463246103,7020501,SBIN.NS
2025-10-10,865.0573120117188,868.1023997007326,846.0498854486992,846.8357087276893,13713015,SBIN.NS
2025-10-13,867.3165893554688,872.3753680081057,860.4896333556451,863.4365156616575,11923143,SBIN.NS
2025-10-14,861.4227905273438,868.4953197717444,856.6586283491738,867.3656576175208,7681973,SBIN.NS
2025-10-15,870.4107666015625,871.7860023052981,861.5210171041608,862.552413904726,8269225,SBIN.NS
2025-10-16,871.2457275390625,876.0589324550273,866.8254042739779,872.5718005367993,8493686,SBIN.NS
2025-10-17,873.4067993164062,878.9076221454748,867.3656667834078,871.7859901135612,8511854,SBIN.NS
2025-10-20,891.431884765625,897.4730173879747,875.273135028841,878.7602670499772,13546463,SBIN.NS
2025-10-21,891.775634765625,893.8875909678319,890.3513563479894,891.9230028558147,1783576,SBIN.NS
2025-10-23,895.41015625,901.7459650541837,888.7796712128369,895.8522005767054,13382769,SBIN.NS
2025-10-24,888.4849853515625,897.9149844315482,884.9978533977383,894.8207940870866,5313227,SBIN.NS
2025-10-27,906.411865234375,911.5689091709564,889.9584393414725,890.8916307113675,9150761,SBIN.NS
2025-10-28,913.779052734375,919.2798755091706,901.4512742261386,910.6848024520077,22066289,SBIN.NS
2025-10-29,923.11083984375,925.3701041834124,913.7790463044942,917.3644435934705,12314222,SBIN.NS
2025-10-30,917.8064575195312,928.1697081157838,916.5294871954993,922.8161933430813,13044473,SBIN.NS
2025-10-31,920.4095458984375,929.9378103922294,913.7790609093079,918.3467523280527,12078252,SBIN.NS
2025-11-03,932.8847045898438,936.5192046955284,920.9007047609928,922.1285723673408,11744735,SBIN.NS
2025-11-04,940.644775390625,942.314687296863,924.8298648800413,934.1616585246089,19154518,SBIN.NS
2025-11-06,943.739013671875,954.2004693430785,938.3854990793552,952.4814547462262,23088096,SBIN.NS
2025-11-07,938.92578125,947.7664280534589,927.2856202739019,941.7744580906816,13371323,SBIN.NS
2025-11-10,934.3090209960938,946.1456524515773,932.2952702055394,939.0731232147145,7343249,SBIN.NS
2025-11-11,936.4209594726562,938.041768729716,928.3170330963064,936.7156357136287,8648917,SBIN.NS
2025-11-12,940.2028198242188,944.5248778824666,934.5546287610688,940.7430695871906,7043323,SBIN.NS
2025-11-13,937.1085815429688,946.8824199346525,935.586037662384,937.3541550706268,8894441,SBIN.NS
2025-11-14,950.7133178710938,951.8920827784771,935.1439804142634,936.0771717973782,11032927,SBIN.NS
2025-11-17,956.1159057617188,958.7190090200476,951.3518035204058,953.8075386869531,7415026,SBIN.NS
2025-11-18,955.2318725585938,959.4066223219879,951.6955779628004,958.3260628811324,6594686,SBIN.NS
2025-11-19,965.3494873046875,967.0193991973044,951.6464731790688,955.2318704792619,8291226,SBIN.NS
2025-11-20,964.1707153320312,969.131288306733,962.0096564254319,968.5419358569656,6440857,SBIN.NS
2025-11-21,955.3792114257812,963.2375641743527,953.8566675716402,962.3535354628224,5377241,SBIN.NS
2025-11-24,953.4146118164062,960.3889357698928,950.9097738987026,958.2769795122267,9901946,SBIN.NS
2025-11-25,966.1844482421875,971.4397576251993,954.1513455736803,958.276992765206,9140201,SBIN.NS
2025-11-26,966.4791870117188,981.3118039098479,964.760172340205,969.1313331127609,13943490,SBIN.NS
2025-11-27,955.624755859375,971.0467846498851,951.7447422714566,969.2295646138847,11909168,SBIN.NS
2025-11-28,961.6658935546875,965.5950698307025,955.8212318532206,959.5048346119848,8117842,SBIN.NS
2025-12-01,955.870361328125,973.6499204475664,952.6779055144807,968.0017293926574,8808306,SBIN.NS
2025-12-02,950.1730346679688,963.0902255716678,947.8155648906452,958.7190050026365,13444314,SBIN.NS
2025-12-03,934.2107543945312,955.3300766986022,930.7727251822406,953.2672831530164,14051968,SBIN.NS
2025-12-04,931.31298828125,935.6842089047472,927.7276508811245,934.2107677926339,13622724,SBIN.NS
2025-12-05,954.2987060546875,956.0668234213827,929.9378246743456,932.049720989894,17347847,SBIN.NS
2025-12-08,939.466064453125,955.2809748623741,934.8492703729215,953.6601656790195,15386438,SBIN.NS
2025-12-09,942.3638305664062,946.9315221602762,933.6214489589805,937.8944043562335,9580294,SBIN.NS
2025-12-10,942.7567749023438,946.8824221676225,938.3364513940754,943.1005538600858,6989178,SBIN.NS
2025-12-11,946.1947631835938,949.3872189119578,941.479763637212,945.0651010209991,5979035,SBIN.NS
2025-12-12,946.0965576171875,949.8783658053579,941.0377191742843,948.8960717352387,5681930,SBIN.NS
2025-12-15,950.1239624023438,951.6956089709226,940.3010214625418,940.3010214625418,4416952,SBIN.NS
2025-12-16,944.1319580078125,951.8429423827886,941.0868104547513,948.9451629202439,4764786,SBIN.NS
2025-12-17,958.5716552734375,961.1747585707222,947.2261706250966,948.4540382267455,8013382,SBIN.NS
2025-12-18,960.2415771484375,964.072548087051,956.2632980687841,960.5854160531443,4926879,SBIN.NS
2025-12-19,962.94287109375,964.6127830145067,959.7504153454842,962.5990921488027,5376584,SBIN.NS
2025-12-22,957.0491333007812,965.595103994373,955.3301186192043,963.7287212154426,5959037,SBIN.NS
2025-12-23,954.691650390625,960.2415760284049,953.5128854913131,959.0137084154704,5123287,SBIN.NS
2025-12-24,951.7938842773438,959.9960160658125,950.3695458353262,955.9686342202896,4105643,SBIN.NS
2025-12-26,949.1907348632812,953.8075289200087,947.6681910665071,951.7938380949545,3286321,SBIN.NS
2025-12-29,947.962890625,951.7447588085237,944.4266559161334,949.7801706470483,5267233,SBIN.NS
2025-12-30,956.2141723632812,958.915481049936,942.5111581255383,945.9491873630989,15030644,SBIN.NS
2025-12-31,964.8092651367188,968.1981917309051,956.2632945810017,957.9823092348453,5807630,SBIN.NS
2026-01-01,967.3140869140625,970.1627637032144,962.9919690176538,965.7915430941249,4328348,SBIN.NS
2026-01-02,981.2626953125,991.6258859934536,966.528283930725,967.0685336904954,7357435,SBIN.NS
2026-01-05,987.7457885742188,997.5196265465391,982.2940684850213,982.2940684850213,11259060,SBIN.NS
2026-01-06,1000.8594360351562,1005.869111730934,987.1564219850369,990.1033041483112,9575742,SBIN.NS
2026-01-07,989.3175048828125,1004.5921658085748,986.2232545545625,1004.5921658085748,7896720,SBIN.NS
2026-01-08,980.3294677734375,993.6886429516878,978.2175115714958,988.7771726722618,6854268,SBIN.NS
2026-01-09,982.7852172851562,990.1524228120314,976.400305828531,978.3648939690311,7809460,SBIN.NS
2026-01-12,997.1758422851562,999.2386358361825,978.364886992222,990.1524157511643,7617922,SBIN.NS
2026-01-13,1010.2402954101562,1011.2717521544648,998.0107821164995,1004.6903698484319,11016895,SBIN.NS
2026-01-14,1010.14208984375,1012.1558406646648,1002.4311053230539,1011.762899052176,7370514,SBIN.NS
2026-01-15,1010.14208984375,1010.14208984375,1010.14208984375,1010.14208984375,0,SBIN.NS
2026-01-16,1023.8451538085938,1028.9038723255544,1010.1912422980266,1013.7274769567848,11051580,SBIN.NS
2026-01-19,1020.0142211914062,1025.1221025667041,1015.6921031536436,1016.6743972572739,5460164,SBIN.NS
2026-01-20,1018.0496215820312,1033.3733854452475,1014.758960353515,1021.3402828105476,8905718,SBIN.NS
2026-01-21,1010.4368286132812,1022.1751948968682,1003.9045490044088,1013.7274897970154,7408949,SBIN.NS
2026-01-22,1029.7879638671875,1036.8113904465058,1015.7412306174947,1016.6743620200224,12001641,SBIN.NS
2026-01-23,1011.271728515625,1034.3556387828587,1007.4407577235297,1033.27513930533,10917698,SBIN.NS
2026-01-27,1034.5030517578125,1036.3202718546306,1012.0084929651499,1015.7903012550574,14420630,SBIN.NS
2026-01-28,1044.6697998046875,1046.7325934811859,1025.6624325065334,1040.6424178822,12171257,SBIN.NS
2026-01-29,1047.3218994140625,1055.9661352757114,1041.5264602731938,1044.1786063237967,14800724,SBIN.NS
2026-01-30,1058.078125,1063.3333745088544,1041.6246986507867,1045.1609334664397,9480769,SBIN.NS
2026-02-02,1010.4859008789062,1013.0399614867208,972.4711668650343,1001.841784674364,14434549,SBIN.NS
2026-02-03,1045.3572998046875,1070.5041238871402,1021.8805674931078,1067.7536525315768,16129381,SBIN.NS
2026-02-04,1049.2864990234375,1054.8856472820669,1037.5972952790487,1045.3573226632539,7312276,SBIN.NS
2026-02-05,1054.49267578125,1061.8598812478167,1048.5989114079966,1049.2864692879657,9551567,SBIN.NS
2026-02-06,1047.5184326171875,1054.590902041245,1032.3910797785106,1051.0546673292163,7041557,SBIN.NS
2026-02-09,1125.708984375,1129.638160585733,1081.0146049779123,1100.1693390052355,40852966,SBIN.NS
2026-02-10,1123.8426513671875,1133.5673869003754,1117.9488867905825,1130.6205046120729,17280036,SBIN.NS
2026-02-11,1161.9556884765625,1166.474217252129,1122.5657199431428,1124.43198276359,29491859,SBIN.NS
2026-02-12,1171.2874755859375,1182.3873266556052,1153.9991238982925,1162.0538873261555,33214985,SBIN.NS
2026-02-13,1177.377685546875,1179.735215371205,1163.5273627037404,1167.9476861585035,18141390,SBIN.NS
2026-02-16,1186.70947265625,1190.8351798022472,1164.3132392267757,1172.859149893071,14972739,SBIN.NS
2026-02-17,1191.9156494140625,1203.8013836881914,1182.7802665926308,1184.7448547341048,20107196,SBIN.NS
2026-02-18,1197.3182373046875,1202.4261183830988,1192.5049724948722,1197.220031881822,10417264,SBIN.NS
2026-02-19,1184.3519287109375,1203.212047062667,1177.9670171671169,1201.2474588953376,9630899,SBIN.NS
2026-02-20,1194.5677490234375,1196.4341316671034,1180.5210163030872,1184.8430141192323,9958162,SBIN.NS
2026-02-23,1206.0606689453125,1209.302167328373,1195.5500507835413,1200.3633155560203,9733835,SBIN.NS
2026-02-24,1201.640380859375,1212.8384373028666,1198.1040262888578,1210.1862912839226,15788449,SBIN.NS
2026-02-25,1178.85107421875,1206.3553078239622,1176.2971336514831,1206.3553078239622,19581100,SBIN.NS
2026-02-26,1188.084716796875,1193.880275982552,1167.849482270177,1179.7352169268681,16196052,SBIN.NS
2026-02-27,1180.4227294921875,1190.3439954720204,1177.3776418736493,1185.6289359982593,10700355,SBIN.NS
2026-03-02,1168.831787109375,1176.1007875153553,1158.5176989399156,1164.0185219818375,16270835,SBIN.NS
2026-03-04,1153.704345703125,1161.7591088376892,1137.1035525068773,1151.3468160340765,13855065,SBIN.NS
2026-03-05,1148.79296875,1162.250350176651,1130.227585974388,1160.0893510848653,22100665,SBIN.NS
2026-03-06,1122.7620849609375,1148.5964661130286,1117.8506147730068,1147.8105829193835,20333328,SBIN.NS
2026-03-09,1079.050048828125,1095.2579011773867,1045.4556391950514,1095.2579011773867,24631198,SBIN.NS
2026-03-10,1092.5074462890625,1100.0711827783487,1084.9438297087236,1091.426946764578,17491459,SBIN.NS
2026-03-11,1071.781005859375,1096.1419460785291,1068.735918309216,1093.68621097212,8364878,SBIN.NS
2026-03-12,1065.9854736328125,1078.5588856550278,1051.545798810298,1056.0643275370824,14614140,SBIN.NS
2026-03-13,1028.4619140625,1062.1546493731119,1023.8451797948526,1058.4218838608822,15978675,SBIN.NS
2026-03-16,1047.8131103515625,1054.0016113922836,1017.754933672958,1030.1318158454478,15322269,SBIN.NS
2026-03-17,1045.8485107421875,1054.8856886705516,1028.4619526297915,1054.8856886705516,16427877,SBIN.NS
2026-03-18,1050.8582763671875,1056.3590993465684,1042.5087765154108,1048.5989519731277,10749915,SBIN.NS
2026-03-19,1030.3282470703125,1040.936950803617,1022.5681001383867,1030.917599515117,13431191,SBIN.NS
2026-03-20,1039.26708984375,1065.7890288095168,1035.3379137006734,1039.6600314398456,17748625,SBIN.NS
2026-03-23,1013.6292724609375,1027.086653225109,996.2426554714183,1020.6035363599531,16039603,SBIN.NS
2026-03-24,1012.5487670898438,1040.2494116751225,1001.9399432564919,1036.5166462758839,30416734,SBIN.NS
2026-03-25,1041.821044921875,1046.6343097462316,1024.5326936323975,1024.5326936323975,16205333,SBIN.NS
2026-03-27,1001.4487915039062,1036.6149667218629,995.0638801309044,1032.6857904923231,20445349,SBIN.NS
2026-03-30,962.058837890625,991.5276600442548,958.522543259506,987.2055421466002,21438137,SBIN.NS
2026-04-01,999.7789306640625,1012.745224874495,980.7715636649391,990.1524604010582,17424479,SBIN.NS
2026-04-02,1000.3683471679688,1007.833758433837,960.5854356508436,982.2941115339542,20777629,SBIN.NS
2026-04-06,1014.4642333984375,1017.3619530344956,987.2546747939996,1001.939983603395,23576634,SBIN.NS
2026-04-07,1012.1558227539062,1015.3973212044529,994.0815880797585,1006.8514108515341,15021291,SBIN.NS
2026-04-08,1042.656005859375,1058.7166100346876,1040.6914176944629,1054.9838445577764,28533742,SBIN.NS
2026-04-09,1022.5189819335938,1045.504687551959,1019.9159985301128,1041.329937682068,24772948,SBIN.NS
2026-04-10,1047.8131103515625,1050.5144192344412,1027.6270377357864,1030.4265520507975,17861336,SBIN.NS
2026-04-13,1044.7188720703125,1048.353312047308,1011.7628591320939,1023.5503875880017,17763348,SBIN.NS
2026-04-15,1052.528076171875,1068.7359280214653,1049.2864578383803,1056.9483994035816,16195810,SBIN.NS
2026-04-16,1048.255126953125,1064.9541259228224,1043.1962885775752,1058.9129934902317,20313165,SBIN.NS
2026-04-17,1061.1231689453125,1062.9895516597985,1041.2317140310404,1048.1077725199245,16823879,SBIN.NS
2026-04-20,1088.2344970703125,1101.102525826513,1056.8010858019393,1061.1723665018162,31179584,SBIN.NS
2026-04-21,1092.1636962890625,1095.012373226544,1086.3681369836245,1093.6863001427537,16963734,SBIN.NS
2026-04-22,1083.76513671875,1098.057444036852,1080.6217236295247,1090.3464592751195,12412659,SBIN.NS
2026-04-23,1074.875244140625,1082.3898174645885,1063.038553095583,1075.6119646643676,13669001,SBIN.NS
2026-04-24,1081.60400390625,1086.4172689530212,1070.749726103037,1072.0266364810311,13774745,SBIN.NS
2026-04-27,1092.1636962890625,1095.0615358962568,1083.8633589162316,1091.2796075968854,11624385,SBIN.NS
2026-04-28,1071.9775390625,1090.8375367592364,1069.8655828843748,1082.7827735553876,10727835,SBIN.NS
2026-04-29,1067.655517578125,1085.4350174109393,1065.0524141428152,1074.6297819435,10611104,SBIN.NS
2026-04-30,1049.5321044921875,1058.6183251016832,1044.1786495020647,1055.9661789414106,14269539,SBIN.NS
2026-05-01,1049.5321044921875,1049.5321044921875,1049.5321044921875,1049.5321044921875,0,SBIN.NS
2026-05-04,1049.4830322265625,1069.816471974203,1044.7679726198023,1044.7679726198023,11693211,SBIN.NS
2026-05-05,1041.133544921875,1049.581250235382,1030.8194568287804,1041.8211028311687,12194631,SBIN.NS
2026-05-06,1076.5943603515625,1081.6040364042549,1042.4104768585712,1053.019301365762,14384779,SBIN.NS
2026-05-07,1072.6651611328125,1088.381866790436,1066.8696019397742,1086.4172785832332,16105163,SBIN.NS
2026-05-08,1001.2523193359375,1075.6119913694504,993.0010852378409,1070.7005210892246,48065909,SBIN.NS
2026-05-11,956.3615112304688,989.1701581334676,953.9057759818752,989.1701581334676,46927396,SBIN.NS
2026-05-12,957.3438110351562,964.0234589147167,945.3598709141811,959.6031354409057,25787092,SBIN.NS
2026-05-13,952.9234619140625,963.8269621620207,944.1810805849492,960.6836091187947,17584580,SBIN.NS
2026-05-14,962.5499877929688,969.5242517416415,946.5385464115705,956.2632817330172,16487142,SBIN.NS
2026-05-15,963.2000122070312,972.5,957.0,971.2000122070312,26972493,SBIN.NS
2026-05-18,939.4000244140625,954.9000244140625,933.9000244140625,952.0,16554877,SBIN.NS
2026-05-19,948.7999877929688,956.5999755859375,939.5,942.0,17280869,SBIN.NS
2026-05-20,950.9000244140625,955.0,935.0,941.0999755859375,11928460,SBIN.NS
2026-05-21,950.9000244140625,960.9000244140625,946.5,957.0,11756520,SBIN.NS
2026-05-22,949.2000122070312,958.5999755859375,947.7000122070312,950.9000244140625,7807192,SBIN.NS
2026-05-25,969.5999755859375,972.5,957.5,959.9000244140625,10934747,SBIN.NS
2026-05-26,968.5,978.7999877929688,962.0999755859375,969.9000244140625,16269800,SBIN.NS
2026-05-27,967.7999877929688,975.9000244140625,966.5999755859375,969.7999877929688,8111259,SBIN.NS
2026-05-28,967.7999877929688,967.7999877929688,967.7999877929688,967.7999877929688,0,SBIN.NS
2026-05-29,964.4000244140625,973.7000122070312,960.2999877929688,967.7999877929688,22292535,SBIN.NS
2026-06-01,954.0999755859375,970.25,950.0999755859375,966.25,11118975,SBIN.NS
2026-06-02,956.6500244140625,961.2999877929688,939.9000244140625,950.9500122070312,15911760,SBIN.NS
2026-06-03,970.4500122070312,974.0,937.2000122070312,953.75,27947005,SBIN.NS
2026-06-04,979.25,985.7999877929688,961.0999755859375,969.9000244140625,18875883,SBIN.NS
2026-06-05,977.7000122070312,992.5999755859375,970.5999755859375,980.0,20955539,SBIN.NS
2026-06-08,981.9500122070312,988.6500244140625,965.1500244140625,966.0,12895416,SBIN.NS
2026-06-09,1002.7000122070312,1009.0,983.0,985.0,22142480,SBIN.NS
2026-06-10,1003.25,1012.4000244140625,999.5,1002.7000122070312,19122317,SBIN.NS
2026-06-11,1000.7000122070312,1009.4000244140625,993.0,998.0999755859375,13773978,SBIN.NS
2026-06-12,1017.1500244140625,1018.7000122070312,1004.3499755859375,1018.0,11081119,SBIN.NS
2026-06-15,1020.8499755859375,1034.0,1018.5,1034.0,12463437,SBIN.NS
2026-06-16,1015.2999877929688,1026.550048828125,1007.4000244140625,1023.7999877929688,9693677,SBIN.NS
2026-06-17,1026.5,1028.0999755859375,1013.4500122070312,1017.0,8190062,SBIN.NS
2026-06-18,1042.699951171875,1045.699951171875,1024.449951171875,1027.9000244140625,11048009,SBIN.NS
2026-06-19,1035.0999755859375,1042.0,1029.300048828125,1042.0,9099878,SBIN.NS
2026-06-22,1040.75,1043.0,1033.5999755859375,1038.0,6209440,SBIN.NS
2026-06-23,1024.199951171875,1045.5,1022.3499755859375,1041.0,10411004,SBIN.NS
2026-06-24,1034.5999755859375,1044.5,1020.5,1024.0,11724076,SBIN.NS
2026-06-25,1045.4000244140625,1055.4000244140625,1038.550048828125,1040.0,16002360,SBIN.NS
2026-06-26,1045.4000244140625,1045.4000244140625,1045.4000244140625,1045.4000244140625,0,SBIN.NS
2026-06-29,1036.0999755859375,1046.4000244140625,1030.8499755859375,1044.449951171875,16818246,SBIN.NS
2026-06-30,1026.9000244140625,1044.0,1025.050048828125,1040.0,11161643,SBIN.NS
2026-07-01,1047.4000244140625,1049.9000244140625,1025.5,1031.0,6295315,SBIN.NS
2026-07-02,1051.5999755859375,1059.800048828125,1045.0,1050.9000244140625,14682790,SBIN.NS
2026-07-03,1040.0,1057.0,1034.5,1055.0,10441493,SBIN.NS
2026-07-06,1037.699951171875,1048.4000244140625,1036.5,1041.9000244140625,8761017,SBIN.NS
2026-07-07,1038.0999755859375,1049.5999755859375,1035.5,1039.300048828125,11053574,SBIN.NS
2026-07-08,1016.9000244140625,1038.300048828125,1011.7000122070312,1029.5999755859375,14141694,SBIN.NS
2026-07-09,1022.0999755859375,1031.699951171875,1019.2999877929688,1019.7999877929688,7661699,SBIN.NS
2026-07-10,1036.0,1047.800048828125,1023.5,1029.5,8792150,SBIN.NS
2026-07-13,1037.0,1042.9000244140625,1022.0999755859375,1023.5,8381510,SBIN.NS
2026-07-14,1015.4000244140625,1033.699951171875,1011.4000244140625,1033.300048828125,11562326,SBIN.NS
2026-07-15,1030.0999755859375,1036.0,1013.7000122070312,1015.5,14275394,SBIN.NS
2026-07-16,1031.199951171875,1036.0,1027.300048828125,1030.0999755859375,7708316,SBIN.NS
2026-07-17,1044.300048828125,1048.0,1028.300048828125,1030.5999755859375,8452780,SBIN.NS
2026-07-20,1060.0,1065.0,1038.300048828125,1041.5999755859375,16540411,SBIN.NS
2026-07-21,1044.4000244140625,1067.0,1042.800048828125,1056.199951171875,10514887,SBIN.NS
2026-07-22,1025.0,1044.4000244140625,1019.2000122070312,1044.4000244140625,11227214,SBIN.NS
2026-07-23,1012.5999755859375,1023.0999755859375,1006.5,1022.0,8910230,SBIN.NS
2026-07-24,1015.0,1017.7999877929688,1000.7999877929688,1006.0,13797053,SBIN.NS
2026-07-27,1020.5999755859375,1023.7000122070312,1015.9000244140625,1020.2999877929688,6093002,SBIN.NS
2026-07-28,1013.2000122070312,1022.0,1008.2999877929688,1018.0,9873370,SBIN.NS
2026-07-29,1013.7000122070312,1020.2000122070312,1012.0,1020.0,4792964,SBIN.NS
2026-07-30,1025.300048828125,1028.300048828125,1007.5999755859375,1013.5,6847458,SBIN.NS
2026-07-31,1027.4000244140625,1034.300048828125,1023.5,1028.0999755859375,10921417,SBIN.NS
2026-08-03,1045.0,1051.5,1031.5999755859375,1035.0,10507450,SBIN.NS
2026-08-04,1042.699951171875,1047.5999755859375,1030.9000244140625,1047.5999755859375,8544184,SBIN.NS
2026-08-05,1055.0,1055.0,1040.300048828125,1043.0,8707119,SBIN.NS
2026-08-06,1085.0,1088.0999755859375,1052.5,1052.5,13822265,SBIN.NS
2026-08-07,1097.199951171875,1124.5,1075.699951171875,1080.0999755859375,29410622,SBIN.NS
2026-08-10,1071.0,1113.300048828125,1068.5999755859375,1108.0,16623448,SBIN.NS
2026-08-11,1066.0,1071.0,1060.4000244140625,1071.0,9456913,SBIN.NS
2026-08-12,1082.0,1085.5,1066.0,1066.0,17673922,SBIN.NS
2026-08-13,1083.0,1086.800048828125,1073.0,1083.0,9502483,SBIN.NS
2026-08-14,1067.699951171875,1082.0,1065.0999755859375,1082.0,6273501,SBIN.NS
2026-08-17,1061.199951171875,1068.800048828125,1052.4000244140625,1064.199951171875,7039473,SBIN.NS
2026-08-18,1053.0,1067.699951171875,1053.0,1059.5999755859375,5583771,SBIN.NS
2026-08-19,1048.5999755859375,1054.800048828125,1041.4000244140625,1053.199951171875,7182636,SBIN.NS
2026-08-20,1048.0,1052.9000244140625,1045.699951171875,1052.9000244140625,5879949,SBIN.NS
2026-08-21,1048.699951171875,1054.699951171875,1040.0999755859375,1052.699951171875,6534213,SBIN.NS
2026-08-24,1039.5,1047.9000244140625,1032.0999755859375,1047.9000244140625,8868193,SBIN.NS
2026-08-25,1048.0,1048.0,1031.300048828125,1036.0,9982723,SBIN.NS
2026-08-26,1052.0,1062.300048828125,1051.199951171875,1051.4000244140625,5858099,SBIN.NS
2026-08-27,1042.9000244140625,1054.4000244140625,1042.9000244140625,1052.0,4788716,SBIN.NS
2026-08-28,1047.5,1051.199951171875,1040.5,1046.0,4969272,SBIN.NS
2026-08-31,1060.0,1060.0,1034.5,1041.199951171875,5138732,SBIN.NS
2026-09-01,1034.5,1051.300048828125,1027.0999755859375,1051.300048828125,7605132,SBIN.NS
2026-09-02,,,,,13842818,SBIN.NS
