Date,Close,High,Low,Open,Volume,ticker
2010-01-04,217.58706665039062,220.74314587956877,206.73301448662482,220.74314587956877,76646086,RELIANCE.NS
2010-01-05,216.615966796875,232.63913094950198,215.54371422086302,232.63913094950198,21392825,RELIANCE.NS
2010-01-06,220.115966796875,221.43100084620053,216.60583755371474,218.47722852637645,23691760,RELIANCE.NS
2010-01-07,223.76771545410156,225.5784145650255,218.09285006451108,220.1159847302725,26197920,RELIANCE.NS
2010-01-08,223.1809844970703,225.3356182568051,221.73445115785432,224.16219894726856,15110149,RELIANCE.NS
2010-01-11,218.80093383789062,232.59865583200954,212.4280972672787,229.56394731292946,188649642,RELIANCE.NS
2010-01-12,219.3775177001953,230.08996782340017,217.8905229758642,221.5321515285901,32790509,RELIANCE.NS
2010-01-13,220.23733520507812,220.92519143305594,216.19107999513162,220.11595119516187,15360176,RELIANCE.NS
2010-01-14,226.93389892578125,227.56104967112483,219.7113339378135,219.7113339378135,24545629,RELIANCE.NS
2010-01-15,224.71856689453125,230.413662521503,223.56539170228308,227.7633637391501,18766617,RELIANCE.NS
2010-01-18,222.44256591796875,225.87175904750683,220.91509629970562,223.959906696027,14172193,RELIANCE.NS
2010-01-19,219.50904846191406,223.76771278205766,219.03360067941261,222.54373016663692,13064666,RELIANCE.NS
2010-01-20,217.99166870117188,221.9570013325239,216.8789549067991,221.53214378255336,19331024,RELIANCE.NS
2010-01-21,213.24745178222656,217.8905255405802,212.4786728266846,217.4858986405013,18611321,RELIANCE.NS
2010-01-22,213.20701599121094,216.6766843097122,208.28071226606977,210.60730709147816,39869565,RELIANCE.NS
2010-01-25,210.8197021484375,213.31825736730556,209.73733431560765,212.35727355196246,13393277,RELIANCE.NS
2010-01-27,207.8861846923828,212.42810529753038,206.35872854529455,209.19110346266322,24843485,RELIANCE.NS
2010-01-28,209.828369140625,211.70987540356165,207.37027529826705,210.4049567200463,33223459,RELIANCE.NS
2010-01-29,211.6593017578125,212.79224626358626,205.97432154914085,208.9685416752,23333042,RELIANCE.NS
2010-02-01,211.4974822998047,213.43968083617048,209.50469357821635,209.89920518812593,12132865,RELIANCE.NS
2010-02-02,207.83560180664062,213.71277350729287,207.1881933559365,212.83271235142206,17248998,RELIANCE.NS
2010-02-03,209.1809844970703,212.10439738148892,208.60438338419743,208.60438338419743,15052266,RELIANCE.NS
2010-02-04,206.18675231933594,210.00034173458994,205.14484578243213,210.00034173458994,11974603,RELIANCE.NS
2010-02-05,198.61013793945312,203.88037581594554,197.25465609446596,197.25465609446596,29882876,RELIANCE.NS
2010-02-08,201.16941833496094,203.19253947123454,197.2546754249401,199.2777965612137,25894932,RELIANCE.NS
2010-02-09,200.9468536376953,201.90783746189692,198.81246395673216,201.04800698653338,14292031,RELIANCE.NS
2010-02-10,199.2980499267578,202.29227062980908,198.67087203920335,202.29227062980908,18261247,RELIANCE.NS
2010-02-11,205.37750244140625,206.3182555824347,199.98586696372735,200.13761048994212,23450102,RELIANCE.NS
2010-02-15,204.33558654785156,207.77490846930593,203.85003696548532,207.77490846930593,13498617,RELIANCE.NS
2010-02-16,205.90350341796875,206.56101364944132,203.3240121530981,204.35580325699868,10068256,RELIANCE.NS
2010-02-17,208.89772033691406,209.95985742806053,206.77344615462113,207.37026437186964,15630122,RELIANCE.NS
2010-02-18,201.86737060546875,210.0711500641923,201.30089836233688,208.38183516428438,19834114,RELIANCE.NS
2010-02-19,198.9136199951172,201.30090658557444,197.68962394226673,201.30090658557444,17754534,RELIANCE.NS
2010-02-22,197.85150146484375,202.31248617566496,196.24310902442193,201.36161758382468,12692045,RELIANCE.NS
2010-02-23,197.3254852294922,198.87317210769348,196.24310379371275,197.05235766034085,12976934,RELIANCE.NS
2010-02-24,198.02342224121094,199.4193788395268,195.56532856953615,196.24306944826571,12487589,RELIANCE.NS
2010-02-25,194.84710693359375,199.27775811355508,194.04798207191502,198.2864284078384,18954063,RELIANCE.NS
2010-02-26,198.05377197265625,201.3008887626067,195.48440957931723,196.04076646130994,22579233,RELIANCE.NS
2010-03-02,198.9136199951172,202.11016039746102,198.1448275233129,199.27778556097817,18210596,RELIANCE.NS
2010-03-03,207.32984924316406,207.9772442752173,199.88474560150286,199.88474560150286,26623966,RELIANCE.NS
2010-03-04,205.14483642578125,210.40495905155822,203.9309692456665,210.40495905155822,20781218,RELIANCE.NS
2010-03-05,204.29510498046875,207.5725677132137,203.34423657976862,206.7633274928076,11774505,RELIANCE.NS
2010-03-08,203.1419677734375,207.77492663338424,202.71711016358518,206.60150716209654,11941298,RELIANCE.NS
2010-03-09,200.36021423339844,204.69981582049945,199.89489517609422,203.62756297261885,17459521,RELIANCE.NS
2010-03-10,204.0827178955078,206.13618505746572,200.14774427802084,201.30091955490334,24807175,RELIANCE.NS
2010-03-11,205.64051818847656,206.35873402475931,203.7286657437431,204.33559938354648,14583772,RELIANCE.NS
2010-03-12,206.6824188232422,208.9887827943557,205.1448473442067,205.3471675550738,22333253,RELIANCE.NS
2010-03-15,207.98731994628906,208.7763430420058,204.96275392124053,206.7633374701165,18131701,RELIANCE.NS
2010-03-16,216.05960083007812,216.83850864335875,208.17953870181327,208.78647231319852,33998717,RELIANCE.NS
2010-03-17,216.41363525390625,219.00322837705733,215.62461216316274,217.4454263694205,21599472,RELIANCE.NS
2010-03-18,217.8804168701172,218.82117005241193,215.2807082023876,217.28359858917761,15292424,RELIANCE.NS
2010-03-19,220.93531799316406,221.83559622920805,216.50466662573703,218.2546734377861,19737747,RELIANCE.NS
2010-03-22,217.27346801757812,222.34138564026307,214.85583555268704,214.85583555268704,20468483,RELIANCE.NS
2010-03-23,220.80384826660156,221.3197439092931,217.8804351229756,218.0827418435913,20005544,RELIANCE.NS
2010-03-25,220.81393432617188,221.93677699208226,217.97144424766174,221.73445679316953,22967888,RELIANCE.NS
2010-03-26,222.634765625,224.76916893342215,221.5625130556175,221.93679397289125,18075516,RELIANCE.NS
2010-03-29,221.18821716308594,224.55671818024814,220.72289825814366,223.292260817545,20249784,RELIANCE.NS
2010-03-30,220.1463165283203,223.69689366597427,219.10441000814632,221.73446464620105,18938795,RELIANCE.NS
2010-03-31,217.33416748046875,221.53215297728698,216.73734922090642,221.10729540968265,21647708,RELIANCE.NS
2010-04-01,220.93531799316406,222.2402230965405,217.89050790667503,218.0928145877818,12519976,RELIANCE.NS
2010-04-05,227.78359985351562,228.54229050675224,221.83562071112732,221.83562071112732,19912935,RELIANCE.NS
2010-04-06,227.23736572265625,229.22002538415973,226.63041861822538,228.20846488360164,12481837,RELIANCE.NS
2010-04-07,228.55239868164062,232.59866791384204,227.21714739167115,227.60153013886557,20218574,RELIANCE.NS
2010-04-08,223.86888122558594,229.9281428474076,222.8472053145424,229.22004234156057,14723428,RELIANCE.NS
2010-04-09,227.5408477783203,228.81543411988372,224.2026924015522,224.2026924015522,16826518,RELIANCE.NS
2010-04-12,228.0769805908203,231.64781580496154,227.12611198058735,231.64781580496154,12699784,RELIANCE.NS
2010-04-13,226.77206420898438,229.42236334549273,224.8298791275531,228.20849598145793,13971281,RELIANCE.NS
2010-04-15,220.66224670410156,229.6044473800714,219.92380011963172,227.6015567062042,24286918,RELIANCE.NS
2010-04-16,219.35728454589844,221.5321490191671,216.7069993445344,219.7315654327102,18193722,RELIANCE.NS
2010-04-19,214.81539916992188,218.45701453945674,212.63041914410414,218.45701453945674,16389189,RELIANCE.NS
2010-04-20,215.0986328125,218.44690351427928,213.3081643467893,216.4440129957452,16748550,RELIANCE.NS
2010-04-21,213.25758361816406,217.22291674166397,212.0538316647795,216.47435489282907,19187549,RELIANCE.NS
2010-04-22,217.63766479492188,221.309626271761,212.438233572833,212.5292715961633,25598349,RELIANCE.NS
2010-04-23,220.1564483642578,221.73448126536542,218.4974792715806,218.4974792715806,23235165,RELIANCE.NS
2010-04-26,216.72723388671875,222.09862523303522,215.15930296897054,218.4974579957688,16652152,RELIANCE.NS
2010-04-27,214.70413208007812,216.06974300416377,213.4396880247233,215.05818235783113,13970196,RELIANCE.NS
2010-04-28,205.8023223876953,213.22717930624222,204.7401719188179,213.22717930624222,40110291,RELIANCE.NS
2010-04-29,209.4035186767578,210.38473318002377,206.18674761738936,207.16796212065532,23447044,RELIANCE.NS
2010-04-30,209.1101837158203,211.86162248421945,208.38185255307417,210.40497366384787,15821019,RELIANCE.NS
2010-05-03,207.1173858642578,208.90785417975357,205.97432599900785,207.57258944438183,12535244,RELIANCE.NS
2010-05-04,206.5913543701172,210.20263664655604,205.04366775383718,207.20840324880683,17348783,RELIANCE.NS
2010-05-05,206.49021911621094,207.0769220443097,202.98010337737725,204.33558526139578,14976570,RELIANCE.NS
2010-05-06,203.90065002441406,207.02636990313465,203.12174213619252,206.31828287257818,23863448,RELIANCE.NS
2010-05-07,208.9483184814453,214.45122286093337,197.45697363558298,197.45697363558298,72063684,RELIANCE.NS
2010-05-10,219.9915008544922,220.52140291165625,211.9614214866551,214.20332527082877,38050844,RELIANCE.NS
2010-05-11,217.62730407714844,221.94805522057348,216.72035244695763,221.94805522057348,26325489,RELIANCE.NS
2010-05-12,220.71499633789062,222.0397444786176,216.86300663773017,219.3087133041002,15294301,RELIANCE.NS
2010-05-13,218.44256591796875,222.84483879427887,216.44523954302448,216.44523954302448,11947698,RELIANCE.NS
2010-05-14,212.70535278320312,218.27953553582824,210.9424000593148,217.60695752780126,18161695,RELIANCE.NS
2010-05-17,207.18209838867188,210.88123621673432,205.64334303594558,210.88123621673432,20611809,RELIANCE.NS
2010-05-18,208.00753784179688,210.62647774400844,205.39877449750725,207.8852558864463,15445191,RELIANCE.NS
2010-05-19,203.53395080566406,207.42670221521846,202.8104219662314,207.27383615328156,26097480,RELIANCE.NS
2010-05-20,203.79888916015625,206.45860346351876,202.53526807121787,204.01289619865796,18577281,RELIANCE.NS
2010-05-21,202.90213012695312,203.77851140898613,198.938047635574,201.75061442697188,19167407,RELIANCE.NS
2010-05-24,208.42535400390625,213.7855295198277,207.1617329479187,207.47764161317167,24726303,RELIANCE.NS
2010-05-25,200.88438415527344,208.90427265259268,200.29334117503822,208.90427265259268,25245934,RELIANCE.NS
2010-05-26,205.44972229003906,205.84713861276524,201.97476816653253,202.76962802203056,13726569,RELIANCE.NS
2010-05-27,208.34381103515625,209.4545659221292,204.1351516122352,206.05095652097185,27405100,RELIANCE.NS
2010-05-28,211.27865600585938,211.75760722541435,206.76427818461534,209.9131334812737,17535288,RELIANCE.NS
2010-05-31,213.102783203125,213.69382629848587,209.66858922080132,209.95392740736773,16548811,RELIANCE.NS
2010-06-01,205.95925903320312,212.98047171746697,204.64468720855686,212.63400618005969,19466130,RELIANCE.NS
2010-06-02,206.0611572265625,208.0890540229695,204.4918313564558,206.86620728951772,19728249,RELIANCE.NS
2010-06-03,210.08639526367188,211.55381961112877,207.86488521816014,207.86488521816014,17106958,RELIANCE.NS
2010-06-04,210.1678924560547,211.14617517878148,208.38455975763864,210.12711820467078,14088022,RELIANCE.NS
2010-06-07,205.38858032226562,206.8662083406487,203.80906428143805,206.8662083406487,13503377,RELIANCE.NS
2010-06-08,203.07534790039062,206.39743601011773,202.8103900783777,205.78599906855652,15226706,RELIANCE.NS
2010-06-09,205.2459259033203,206.86621626220483,203.80907208592654,203.84983273847465,15242486,RELIANCE.NS
2010-06-10,206.93751525878906,207.36551564908353,205.26627434382755,205.8471271574336,13962908,RELIANCE.NS
2010-06-11,213.2657928466797,214.17274447925647,208.08904086956557,208.9042810436841,23307069,RELIANCE.NS
2010-06-14,216.75096130371094,218.0757234164309,213.81611249108613,214.99821231021357,15892958,RELIANCE.NS
2010-06-15,217.28082275390625,218.05530226990845,214.0198893092148,217.09739983933747,18992836,RELIANCE.NS
2010-06-16,215.6198272705078,218.61581708502217,215.0389743236163,218.0757247937002,11833071,RELIANCE.NS
2010-06-17,218.3610076904297,219.50233296740114,215.69110379659267,216.71014713782185,21047804,RELIANCE.NS
2010-06-18,214.8860626220703,222.11110496770354,214.1115967257067,220.1545258907823,38277934,RELIANCE.NS
2010-06-21,217.18911743164062,218.42216787391774,216.24140513621975,216.24140513621975,11792906,RELIANCE.NS
2010-06-22,216.81207275390625,219.05397651582157,215.41597968455707,216.64903015486632,12908863,RELIANCE.NS
2010-06-23,215.77264404296875,217.56616701150566,214.81474158545785,215.9764608921332,11659191,RELIANCE.NS
2010-06-24,214.41732788085938,217.21970433001854,213.44923518787888,215.8338013499063,18805263,RELIANCE.NS
2010-06-25,216.63882446289062,217.66805800559715,212.57284110061224,213.99950455501246,20325423,RELIANCE.NS
2010-06-28,222.1824493408203,222.55948534723234,217.0872185178357,218.8909316713047,31472648,RELIANCE.NS
2010-06-29,217.5559844970703,222.35568711555644,216.89361032530303,222.35568711555644,14213976,RELIANCE.NS
2010-06-30,222.12130737304688,222.95691428583928,215.528081901178,216.03760362069457,26637611,RELIANCE.NS
2010-07-01,219.34951782226562,221.40798517714754,217.36238160868814,220.9290339090793,13310905,RELIANCE.NS
2010-07-02,217.8616943359375,220.91882461438126,217.11778528813716,219.2985480157102,10948784,RELIANCE.NS
2010-07-05,217.729248046875,218.71772116552188,216.58792246813596,218.07572722810934,6399512,RELIANCE.NS
2010-07-06,218.8705596923828,220.50102654329714,217.15855793465263,217.15855793465263,9255011,RELIANCE.NS
2010-07-07,214.72303771972656,219.05397925611263,214.2033258237621,218.8909366550331,13738578,RELIANCE.NS
2010-07-08,215.44656372070312,217.98398219271644,215.06951410549837,216.03760674709196,11977911,RELIANCE.NS
2010-07-09,215.5586700439453,217.26046810081303,214.72304945768613,216.84267141270766,12974909,RELIANCE.NS
2010-07-12,215.2733154296875,217.6578814438226,214.4173145825573,216.03760481570154,12563614,RELIANCE.NS
2010-07-13,218.9520721435547,219.65520694811323,215.4771315599642,215.4771315599642,15043285,RELIANCE.NS
2010-07-14,218.16741943359375,223.05884737976638,217.515235389782,220.11379500694707,15970199,RELIANCE.NS
2010-07-15,218.77886962890625,220.29724483838447,217.6884812957028,218.47315111225646,13877250,RELIANCE.NS
2010-07-16,216.63882446289062,218.8909182258069,216.03759131700645,218.2896850799227,8779539,RELIANCE.NS
2010-07-19,215.23255920410156,217.2400756476644,214.77398828407252,215.65036947390792,9808534,RELIANCE.NS
2010-07-20,214.60072326660156,217.240042996956,213.81605365770142,215.4261535195982,6845092,RELIANCE.NS
2010-07-21,215.71151733398438,216.64903952907622,215.1510447705102,215.81341896279352,9824712,RELIANCE.NS
2010-07-22,215.83380126953125,216.21085090460963,213.51038969126247,215.71151931383795,15879834,RELIANCE.NS
2010-07-23,216.12933349609375,218.2591320162333,215.38542437550407,216.84267212720914,13790021,RELIANCE.NS
2010-07-26,214.63134765625,217.54581607127182,214.0504947269673,216.75095610171138,9113728,RELIANCE.NS
2010-07-27,214.7128448486328,216.27198051685824,214.22370344654112,215.80321943964438,12133425,RELIANCE.NS
2010-07-28,208.1400146484375,218.81961857183086,207.47764043701125,216.64904579034607,52927114,RELIANCE.NS
2010-07-29,205.8777313232422,209.6176162134473,205.43954072866353,209.6176162134473,46281590,RELIANCE.NS
2010-07-30,205.7758331298828,207.95659612078381,205.28669168206687,206.85603126445412,19242072,RELIANCE.NS
2010-08-02,206.77452087402344,208.25214916112162,206.1325268992001,207.0700492524483,12676917,RELIANCE.NS
2010-08-03,209.46473693847656,210.1067307017585,206.6623609667343,207.71197478472695,20104173,RELIANCE.NS
2010-08-04,207.08023071289062,210.1271714303629,206.36690561585064,209.51574797503923,18318233,RELIANCE.NS
2010-08-05,205.2459259033203,208.6393454631206,204.83830577281492,207.87506962281918,18308022,RELIANCE.NS
2010-08-06,203.82945251464844,205.86753956317554,203.5033672940996,205.6229756477639,19955917,RELIANCE.NS
2010-08-09,202.5046844482422,205.03192646222664,202.17859923742392,203.8090661065867,22253619,RELIANCE.NS
2010-08-10,201.34298706054688,204.29821603681498,201.01688823112283,201.97479078784556,19989721,RELIANCE.NS
2010-08-11,200.39527893066406,202.76965504646276,199.7532850264439,201.7302311615255,21917268,RELIANCE.NS
2010-08-12,198.2246856689453,200.3952582916071,197.69478361757294,199.7328841286474,24910354,RELIANCE.NS
2010-08-13,199.54945373535156,202.54545681698977,197.7967049284667,197.7967049284667,30512197,RELIANCE.NS
2010-08-16,199.10107421875,202.1582182960267,198.7138480320827,199.73289152283365,14028775,RELIANCE.NS
2010-08-17,197.8272705078125,200.7417386101626,197.69478479041595,199.73288531358168,14788743,RELIANCE.NS
2010-08-18,196.59423828125,199.12146683854988,195.32042703665155,198.30624015862952,24859327,RELIANCE.NS
2010-08-19,199.16221618652344,200.73155568671007,196.41080418981565,196.41080418981565,20662946,RELIANCE.NS
2010-08-20,201.4958038330078,202.46389638158436,198.2042864468432,199.16218883396152,20996195,RELIANCE.NS
2010-08-23,199.10107421875,202.1887887844478,198.8361299857671,202.1887887844478,13543428,RELIANCE.NS
2010-08-24,198.1839141845703,199.93667644676438,197.1444904635101,199.10105596315813,19276160,RELIANCE.NS
2010-08-25,197.24644470214844,199.29473581010083,196.77768352592926,197.69482554918528,18620473,RELIANCE.NS
2010-08-26,194.93319702148438,198.30623628820484,194.64785884581534,197.69479928391746,27834839,RELIANCE.NS
2010-08-27,193.53707885742188,195.84010987183217,192.91545177014874,195.4325033949614,24315870,RELIANCE.NS
2010-08-30,193.20079040527344,196.63497021688966,192.599557245322,194.0466010569982,11908601,RELIANCE.NS
2010-08-31,187.34130859375,193.60843587893143,186.4853076678173,192.5282513607434,46605039,RELIANCE.NS
2010-09-01,190.8060760498047,192.35502181969957,187.70817090498932,188.53360141333175,27886811,RELIANCE.NS
2010-09-02,191.06080627441406,192.93585066862738,190.76529155023246,192.59957529283454,17699285,RELIANCE.NS
2010-09-03,188.66604614257812,191.90661311514884,188.36034126169085,191.58052790886907,14440305,RELIANCE.NS
2010-09-06,194.15870666503906,195.18794030512163,187.97310105684645,189.73605361947668,33928353,RELIANCE.NS
2010-09-07,196.12548828125,197.6336733704164,194.23006335452155,194.63768352011186,28379708,RELIANCE.NS
2010-09-08,195.57518005371094,196.614603856265,194.0262345125515,194.65803820321653,11632859,RELIANCE.NS
2010-09-09,195.36117553710938,197.12412812199779,194.6784210243333,196.257937073757,10114309,RELIANCE.NS
2010-09-13,202.28048706054688,202.89191039412646,196.74706575683405,198.10239813687008,27474309,RELIANCE.NS
2010-09-14,201.39393615722656,204.42049625048932,200.6194701508659,202.89193095909474,19472955,RELIANCE.NS
2010-09-15,206.64198303222656,207.62026573282878,201.56713301971394,201.56713301971394,33554695,RELIANCE.NS
2010-09-16,203.88040161132812,206.9375457633665,203.23840773376142,206.2751579546632,18540979,RELIANCE.NS
2010-09-17,209.3832550048828,210.20868543069705,204.82811602319248,204.82811602319248,31955142,RELIANCE.NS
2010-09-20,212.2467498779297,212.76646174864203,208.10942163135275,209.71952165887433,30419766,RELIANCE.NS
2010-09-21,210.9729461669922,213.69380116540552,208.91447893644485,212.36903923469683,21351925,RELIANCE.NS
2010-09-22,207.89544677734375,212.71552991786334,206.86621310615783,210.738583879344,25872625,RELIANCE.NS
2010-09-23,203.33009338378906,208.70045828779595,202.99380444060898,207.89542190354757,23030491,RELIANCE.NS
2010-09-24,204.14535522460938,205.64334997789973,202.19897970111407,203.80906624569968,22669074,RELIANCE.NS
2010-09-27,205.88790893554688,207.86485476940496,204.84847160396205,205.43952820575223,16465376,RELIANCE.NS
2010-09-28,203.50335693359375,206.25476886701924,202.3823982299533,205.5006832278669,19682506,RELIANCE.NS
2010-09-29,203.60525512695312,205.6433420373567,202.7900149207824,203.80905837598416,17790040,RELIANCE.NS
2010-09-30,201.21051025390625,204.21668997650224,199.3456560001875,204.21668997650224,28981699,RELIANCE.NS
2010-10-01,205.41917419433594,205.84716105007618,201.77098691711737,202.17860705141814,19104034,RELIANCE.NS
2010-10-04,207.44705200195312,209.06732862175238,206.85600898388387,206.85600898388387,21163057,RELIANCE.NS
2010-10-05,208.66990661621094,210.29019690260034,205.64334666978246,207.07001026020734,22938984,RELIANCE.NS
2010-10-06,212.97027587890625,213.38808615025712,209.3017221101357,209.92333563335356,28137687,RELIANCE.NS
2010-10-07,211.78819274902344,215.17142201216134,210.43286029021655,212.97027883631407,31547758,RELIANCE.NS
2010-10-08,213.92820739746094,214.97783510205485,210.0354559184637,213.3269741178574,20865341,RELIANCE.NS
2010-10-11,217.91265869140625,218.5342722268887,214.63133103644165,215.22237408354087,25796876,RELIANCE.NS
2010-10-12,215.1408233642578,217.9533895410844,213.21482843936806,217.66805141683255,13979878,RELIANCE.NS
2010-10-13,218.6973114013672,218.89093809644763,214.95742647931388,215.24275103308193,23967306,RELIANCE.NS
2010-10-14,215.83380126953125,220.41951065827018,214.85551841393684,219.09474865652072,24414709,RELIANCE.NS
2010-10-15,212.03277587890625,217.66809964250018,211.06468312127413,216.03763264202365,11601973,RELIANCE.NS
2010-10-18,213.4798126220703,217.04647862068154,210.58572461195206,212.42000842780647,22209315,RELIANCE.NS
2010-10-19,212.85818481445312,217.8107535069268,211.80857085372062,217.0566542624067,18579617,RELIANCE.NS
2010-10-20,213.88742065429688,216.93437454664033,211.55380536331327,211.83914352486195,18232837,RELIANCE.NS
2010-10-21,220.45004272460938,221.71366352827374,213.83643763655607,214.40710026868715,37273145,RELIANCE.NS
2010-10-22,220.48065185546875,222.92635899688804,218.9622767556943,221.22456096339113,19627279,RELIANCE.NS
2010-10-25,222.22320556640625,224.57720104415267,221.33663425082375,221.74425434115088,18019151,RELIANCE.NS
2010-10-26,223.95556640625,224.38356680643696,221.56081036057446,222.3352898666313,15444185,RELIANCE.NS
2010-10-27,222.7123260498047,226.228026890727,220.77614100625013,223.78232018334344,21946562,RELIANCE.NS
2010-10-28,220.5214080810547,224.3733984521001,219.01322317453742,224.06769356869887,36188021,RELIANCE.NS
2010-10-29,223.42567443847656,225.6573879959067,220.2156917002141,221.68311587899714,29722655,RELIANCE.NS
2010-11-01,222.80406188964844,229.26480164783237,221.9990118585647,228.46994177904025,30509287,RELIANCE.NS
2010-11-02,219.06417846679688,223.25245790022896,218.13684642480808,223.25245790022896,20360675,RELIANCE.NS
2010-11-03,217.11782836914062,221.11248156907212,216.57773606241727,220.5214384414339,19939993,RELIANCE.NS
2010-11-04,225.21922302246094,225.6166530003457,219.09475794973147,219.68580103234305,24311819,RELIANCE.NS
2010-11-08,226.60508728027344,228.0623212131143,224.30204271937936,227.02289751346868,22364112,RELIANCE.NS
2010-11-09,225.9325714111328,228.36807499042249,223.6295263568157,226.68665714076045,15410057,RELIANCE.NS
2010-11-10,224.6383514404297,227.63434086323366,224.0269280818015,225.55549328088372,11899060,RELIANCE.NS
2010-11-11,220.09341430664062,226.5949288275919,219.2985679806951,225.41282909422614,12690058,RELIANCE.NS
2010-11-12,216.4146728515625,221.62199590905897,215.42619980977958,220.14436782296715,19131902,RELIANCE.NS
2010-11-15,214.95741271972656,217.64768350816544,211.59456403041096,217.48464091644874,16084932,RELIANCE.NS
2010-11-16,210.0252227783203,215.83377831631952,209.22018638392836,215.83377831631952,19833309,RELIANCE.NS
2010-11-18,210.5245819091797,213.9587621516346,206.66240120619315,213.9587621516346,22776798,RELIANCE.NS
2010-11-19,203.0447998046875,211.14621092604273,201.17994549782622,211.14621092604273,24826481,RELIANCE.NS
2010-11-22,206.3057098388672,207.16171066844345,203.23838940541236,204.52239064977672,18956753,RELIANCE.NS
2010-11-23,202.9122772216797,204.82808199715228,198.71382185800127,204.75675086689859,33113827,RELIANCE.NS
2010-11-24,203.00399780273438,207.43684038736134,200.9658975296113,203.60523092092038,19703855,RELIANCE.NS
2010-11-25,199.63101196289062,204.42052538829867,198.3062633512021,204.21672209573927,29112802,RELIANCE.NS
2010-11-26,196.13565063476562,201.85249509638965,195.31022025661042,200.75193032886503,30639363,RELIANCE.NS
2010-11-29,203.48297119140625,204.3084016071607,196.14584973198924,197.5928936978058,23409097,RELIANCE.NS
2010-11-30,200.8741912841797,205.58218194931965,199.95704953876168,203.76827878149192,30483669,RELIANCE.NS
2010-12-01,201.52639770507812,203.27916009939582,200.35450179133505,200.75193173935116,18726828,RELIANCE.NS
2010-12-02,206.08155822753906,206.55031936356391,202.80023027536512,203.60528041908876,24834141,RELIANCE.NS
2010-12-03,205.01153564453125,208.70046963828847,203.40143557842202,206.66238275488362,19641270,RELIANCE.NS
2010-12-06,207.9158477783203,209.9233645054105,206.4586135119783,207.03946646471107,17790259,RELIANCE.NS
2010-12-07,210.076171875,211.90026525866276,207.8852326662611,207.8852326662611,22397973,RELIANCE.NS
2010-12-08,207.99734497070312,209.46476923087604,206.0815399417254,208.88391634549956,16997335,RELIANCE.NS
2010-12-09,200.6500244140625,210.70800036039302,199.4781149285806,208.81257574293764,31716183,RELIANCE.NS
2010-12-10,208.68006896972656,209.92330946621468,199.60037673539728,201.11876519263188,26529301,RELIANCE.NS
2010-12-13,212.31809997558594,213.18429103914448,205.8471560113771,208.71067343959712,16834458,RELIANCE.NS
2010-12-14,215.0695343017578,216.03762703426082,212.36905937213376,212.57287624504335,20081132,RELIANCE.NS
2010-12-15,214.79437255859375,216.85285345780758,211.1461990614173,214.81475288407984,21436026,RELIANCE.NS
2010-12-16,215.39559936523438,216.0376068090172,211.9716095501447,215.56884573174204,15530788,RELIANCE.NS
2010-12-20,215.37522888183594,217.66808356078147,212.89895127058435,212.9804725738315,15858100,RELIANCE.NS
2010-12-21,218.7176971435547,219.07436644962183,215.6809469731002,216.01723595339342,16089753,RELIANCE.NS
2010-12-22,215.23255920410156,219.09473965289203,213.66323335545644,218.64635889541864,15132141,RELIANCE.NS
2010-12-23,215.91534423828125,216.99552876394245,214.10144074102314,215.58924540590212,14589936,RELIANCE.NS
2010-12-24,215.97645568847656,216.95473844683121,213.9995098478441,214.61093317056012,9452996,RELIANCE.NS
2010-12-27,215.0695343017578,217.83115021174737,214.23391369338003,215.6911478738317,5782048,RELIANCE.NS
2010-12-28,213.57150268554688,215.9764488575231,212.41997360524394,215.28349065600906,8857349,RELIANCE.NS
2010-12-29,213.7141876220703,215.01856926534788,213.2454265319099,213.65304664574813,11184510,RELIANCE.NS
2010-12-30,214.24411010742188,215.17144221340314,213.23525669190818,214.4886876410441,14561753,RELIANCE.NS
2010-12-31,215.77264404296875,217.36236376736417,214.65169899014467,215.6401719342768,9973432,RELIANCE.NS
2011-01-03,215.1408233642578,217.36234657480045,214.52940007517174,217.05662812774648,10411256,RELIANCE.NS
2011-01-04,219.52272033691406,220.09338299371862,215.48730748770416,216.03758982123077,22021878,RELIANCE.NS
2011-01-05,219.25782775878906,222.15191597580602,218.07572791527522,220.1138151430279,25943243,RELIANCE.NS
2011-01-06,221.25511169433594,222.43719770503537,219.00301785073492,219.70615263890525,21763180,RELIANCE.NS
2011-01-07,217.13818359375,221.69332250716815,215.62999865395682,220.37875066446756,17875107,RELIANCE.NS
2011-01-10,210.62648010253906,218.16741844731646,208.12982212772127,217.13818476820938,18478415,RELIANCE.NS
2011-01-11,206.61143493652344,213.73456257434114,203.52373407973434,211.96141988547902,21147094,RELIANCE.NS
2011-01-12,210.08639526367188,211.07486832539578,204.4205011422308,208.01773766945004,23195000,RELIANCE.NS
2011-01-13,206.93751525878906,211.78816820876375,206.07132431664598,209.92331422427424,24336418,RELIANCE.NS
2011-01-14,204.1147918701172,209.88258750227897,203.40145323598568,206.67259085873587,19111808,RELIANCE.NS
2011-01-17,203.38104248046875,205.43952316424722,202.18876635426554,204.42046618152344,14046519,RELIANCE.NS
2011-01-18,202.75941467285156,205.43950863437124,201.77094185009028,204.79750128410927,14871527,RELIANCE.NS
2011-01-19,199.76345825195312,204.8281051219765,198.71384429253348,203.72754034948053,23491557,RELIANCE.NS
2011-01-20,197.66424560546875,199.24377546168773,194.54597375949768,199.24377546168773,41343304,RELIANCE.NS
2011-01-21,201.11878967285156,202.28049541513585,198.3062231751888,198.71384328275167,19528676,RELIANCE.NS
2011-01-24,198.02085876464844,202.97341316412403,196.49229376771342,202.81037058472455,22242712,RELIANCE.NS
2011-01-25,195.35098266601562,200.74174197396763,194.89241174124706,199.1418320160963,20325555,RELIANCE.NS
2011-01-27,192.13079833984375,197.16487444866587,191.58051598347663,196.8795499109318,28105152,RELIANCE.NS
2011-01-28,186.07763671875,192.78295279914525,183.8357333832769,192.599529910115,33855702,RELIANCE.NS
2011-01-31,187.36167907714844,189.30805458229932,184.05997111131146,185.23186703749212,25332450,RELIANCE.NS
2011-02-01,182.51101684570312,189.07365820807075,181.0945434761426,188.54375616539625,37898873,RELIANCE.NS
2011-02-02,187.76925659179688,189.11438497953293,184.9159300392902,185.46621230791325,28465716,RELIANCE.NS
2011-02-03,192.37538146972656,193.10910042161402,186.48530394856132,189.1348143747679,17047728,RELIANCE.NS
2011-02-04,187.50433349609375,193.08870570874402,186.1082404429312,193.08870570874402,20715343,RELIANCE.NS
2011-02-07,189.3488006591797,191.3359366623773,186.3630015734009,188.66603259750275,14586353,RELIANCE.NS
2011-02-08,186.53623962402344,190.70413843112897,185.72099943365498,190.70413843112897,19685333,RELIANCE.NS
2011-02-09,186.3426513671875,191.00986874654282,184.17207849278367,185.14017124593929,38228022,RELIANCE.NS
2011-02-10,183.35679626464844,187.66735693187795,180.39137770162947,185.97574934409968,28347803,RELIANCE.NS
2011-02-11,185.45608520507812,186.48531896921818,180.9926573658036,183.41798439957654,20012347,RELIANCE.NS
2011-02-14,186.44448852539062,187.14762317645435,182.2256398039478,184.6713462500697,30145949,RELIANCE.NS
2011-02-15,191.92701721191406,192.55883458738296,185.73122065990256,186.36303803537146,27266420,RELIANCE.NS
2011-02-16,192.4263153076172,193.7816476928967,191.19327847354504,191.23403912227317,11041551,RELIANCE.NS
2011-02-17,194.42367553710938,194.72938043467292,190.8162489056645,193.18043480527783,14091434,RELIANCE.NS
2011-02-18,190.673583984375,196.26813318772028,189.9500551934275,194.8516597001832,15747939,RELIANCE.NS
2011-02-21,194.91281127929688,195.84012971315073,190.39843304035793,190.78567283764053,25629860,RELIANCE.NS
2011-02-22,200.72134399414062,205.72484947084266,199.58000506142466,202.17857794156293,88922943,RELIANCE.NS
2011-02-23,202.92250061035156,204.27783312216417,200.75194144284407,201.0372660105788,31184499,RELIANCE.NS
2011-02-24,196.51271057128906,203.523746862339,195.32042067302552,202.99383117087243,32903650,RELIANCE.NS
2011-02-25,196.93052673339844,200.1914742591081,194.54596047081992,199.8755655884377,15101417,RELIANCE.NS
2011-02-28,196.5228729248047,202.64733694907957,195.6566819734727,197.73552937265165,22487428,RELIANCE.NS
2011-03-01,201.53660583496094,202.3212756383066,197.12414257289106,198.44890464937438,12622459,RELIANCE.NS
2011-03-03,199.20294189453125,200.75190079728992,197.30753112040668,198.75457480744174,19518684,RELIANCE.NS
2011-03-04,200.18130493164062,202.74929440285197,199.34568423516535,200.68063659562688,15419957,RELIANCE.NS
2011-03-07,199.1316680908203,200.40547940635213,196.4719672607419,198.53043480957984,11821324,RELIANCE.NS
2011-03-08,200.7417449951172,202.26012006952837,199.3252715488496,199.3252715488496,12057689,RELIANCE.NS
2011-03-09,202.5556182861328,204.70579674043265,197.3075355616063,201.5059908572101,32473255,RELIANCE.NS
2011-03-10,200.70094299316406,202.38236032618028,200.14045694380437,202.32121936189108,9853822,RELIANCE.NS
2011-03-11,202.1887969970703,202.76964990568848,198.13298958991555,199.48832211337412,15000438,RELIANCE.NS
2011-03-14,207.5489501953125,208.0380915823601,202.2295359105421,202.3721981802993,28811267,RELIANCE.NS
2011-03-15,211.40098571777344,213.91802432842965,201.54681112071418,203.3912852816288,56447390,RELIANCE.NS
2011-03-16,213.40847778320312,215.01857797835996,211.5741939991139,212.98047732658068,20605120,RELIANCE.NS
2011-03-17,210.09657287597656,213.7549501651613,209.5157199907503,211.81876481105795,12381790,RELIANCE.NS
2011-03-18,202.38241577148438,210.94239800747025,201.07803402756588,210.94239800747025,40501886,RELIANCE.NS
2011-03-21,201.83212280273438,203.80906883992876,199.9570783952873,203.61545574340883,15546778,RELIANCE.NS
2011-03-22,203.73773193359375,204.8077262257094,202.20916671556805,202.39258964392263,9793572,RELIANCE.NS
2011-03-23,206.50953674316406,207.2024814072659,202.95306114388262,203.77849152724357,11419987,RELIANCE.NS
2011-03-24,205.9083251953125,208.28270136371728,204.5937532622843,207.0496507403296,11233928,RELIANCE.NS
2011-03-25,209.2303924560547,209.91314695967543,205.84714961087707,208.68009646206355,15392440,RELIANCE.NS
2011-03-28,209.0469970703125,211.21757017044902,206.72357150010524,209.15908888169776,19079527,RELIANCE.NS
2011-03-29,208.4457550048828,210.3309898101042,207.8037610524924,207.88528236644348,18101992,RELIANCE.NS
2011-03-30,210.43283081054688,211.4518741513214,208.72082929083174,209.41378746977236,12257428,RELIANCE.NS
2011-03-31,213.8160858154297,214.9981854870786,210.8404767187292,210.8404767187292,31502965,RELIANCE.NS
2011-04-01,211.2277069091797,217.24006580490322,210.1271285879611,213.80588594407138,18772571,RELIANCE.NS
2011-04-04,214.13198852539062,214.97779920420433,209.71952581540768,211.9614159358477,13111730,RELIANCE.NS
2011-04-05,213.5205535888672,215.83377471960998,211.961404425474,214.50902648584307,10756797,RELIANCE.NS
2011-04-06,212.94989013671875,214.8656950756285,211.9614171802615,212.98046062372117,9083271,RELIANCE.NS
2011-04-07,212.34866333007812,213.50017891845758,210.9627603959526,212.99065718142856,10163661,RELIANCE.NS
2011-04-08,208.68006896972656,214.18291934448217,208.01769487870087,212.36901620887656,11995738,RELIANCE.NS
2011-04-11,204.8892364501953,207.77313396466525,204.55296109972542,206.4585758391463,11296579,RELIANCE.NS
2011-04-13,208.2521209716797,208.7004881533858,203.11612905323295,204.18612340144392,19116564,RELIANCE.NS
2011-04-15,208.07887268066406,208.87373261461806,204.8281154079832,207.6101115717981,14174275,RELIANCE.NS
2011-04-18,205.6739044189453,212.91931371180098,203.93133228831286,207.72218141107624,14793743,RELIANCE.NS
2011-04-19,206.18345642089844,207.36555620744622,203.5543262006008,204.7669828727654,12022958,RELIANCE.NS
2011-04-20,209.08770751953125,210.02522965421855,205.48029485694616,207.07000097901562,10315413,RELIANCE.NS
2011-04-21,212.0836944580078,212.8174133399546,209.923325670652,210.90160844323253,14934401,RELIANCE.NS
2011-04-25,205.7146453857422,208.0890209413299,204.85864464539733,206.66235757576226,18138998,RELIANCE.NS
2011-04-26,204.04344177246094,205.64333806149241,203.30972288008817,205.64333806149241,17652410,RELIANCE.NS
2011-04-27,200.9761199951172,205.66373096923942,199.75327323970853,204.82811040319507,24710243,RELIANCE.NS
2011-04-28,198.1839141845703,202.38238332132443,197.6947728096583,202.1785800838705,35712321,RELIANCE.NS
2011-04-29,200.4971466064453,201.36333756552432,197.9597283047507,198.71382748454295,14936357,RELIANCE.NS
2011-05-02,196.62478637695312,201.11878399071762,195.92165157491456,200.52772736868744,13609544,RELIANCE.NS
2011-05-03,192.37538146972656,197.16489416808477,191.79452856907974,196.69613306133004,22028515,RELIANCE.NS
2011-05-04,193.1396942138672,194.9943585384959,191.5805582592711,192.59960190038066,11668233,RELIANCE.NS
2011-05-05,195.3955535888672,198.19294500339387,194.09970012538645,194.3773879142061,19582976,RELIANCE.NS
2011-05-06,196.4445343017578,197.46269978135842,195.22067064339308,196.02286745242554,12916462,RELIANCE.NS
2011-05-09,197.3187713623047,198.70718293590483,195.6938088819423,197.46275051300753,8012908,RELIANCE.NS
2011-05-10,195.56008911132812,198.26492233954107,194.69618685565052,197.3187462939143,8143376,RELIANCE.NS
2011-05-11,196.52685546875,197.1336384677375,194.06885706752928,196.22861294700382,8197011,RELIANCE.NS
2011-05-12,194.48020935058594,196.38284557942796,193.5546017943598,195.71434360515067,9218985,RELIANCE.NS
2011-05-13,194.9944305419922,197.87409538876304,192.9272467799603,194.42878454184162,13906027,RELIANCE.NS
2011-05-16,194.37738037109375,195.69378850163912,193.66774145531912,195.4058302302225,7008149,RELIANCE.NS
2011-05-17,189.36883544921875,194.74763628574948,188.66949440237872,194.51109910525915,17384039,RELIANCE.NS
2011-05-18,185.50184631347656,190.02704246597912,184.78193685730074,189.2351297066394,24814804,RELIANCE.NS
2011-05-19,188.3095245361328,189.64651495039752,186.09836128427887,186.84912342441183,18072585,RELIANCE.NS
2011-05-20,189.893310546875,190.42810389380375,187.23991225901295,188.91628186353503,13873483,RELIANCE.NS
2011-05-23,187.05479431152344,189.64650115319628,185.80009151745253,189.02943398020062,14836682,RELIANCE.NS
2011-05-24,188.36093139648438,189.4202339306498,186.35545279225533,186.35545279225533,11107409,RELIANCE.NS
2011-05-25,186.35546875,188.02155437398557,185.32701879979547,188.02155437398557,13112272,RELIANCE.NS
2011-05-26,192.08389282226562,192.70095987292527,187.40443450580506,187.7129748964366,30001792,RELIANCE.NS
2011-05-27,194.46995544433594,196.0023461434596,192.13536774326252,192.13536774326252,15134521,RELIANCE.NS
2011-05-30,193.11239624023438,196.02291426032053,192.16622009155444,195.18986458514186,7564463,RELIANCE.NS
2011-05-31,195.78636169433594,196.6193975734081,192.79355638004813,194.3773818069638,14083332,RELIANCE.NS
2011-06-01,194.74761962890625,197.18506318565161,194.09969976367663,195.81722015407206,8042814,RELIANCE.NS
2011-06-02,195.62181091308594,196.37258677075255,192.6393033928514,192.6393033928514,9418728,RELIANCE.NS
2011-06-03,192.2382049560547,198.9025747330024,191.60056929951574,197.56558434164674,19110238,RELIANCE.NS
2011-06-06,192.8861541748047,193.5135056574927,190.91151423652917,192.2485047360647,6149800,RELIANCE.NS
2011-06-07,197.10276794433594,197.46272951341973,192.02222400376087,192.02222400376087,17612490,RELIANCE.NS
2011-06-08,195.24127197265625,196.62968342339894,194.16140097672516,196.48570428543647,14205061,RELIANCE.NS
2011-06-09,196.22860717773438,197.02050620141983,194.78877454395263,194.891616789807,9152117,RELIANCE.NS
2011-06-10,194.27450561523438,196.63994555474565,191.71366543901325,196.45482954102056,11068775,RELIANCE.NS
2011-06-13,190.38699340820312,194.01743461357722,189.44081726379463,194.01743461357722,12923374,RELIANCE.NS
2011-06-14,187.4558868408203,191.65197369158642,187.17821280054216,190.32526764066242,18967099,RELIANCE.NS
2011-06-15,185.23448181152344,189.00890261960848,184.8333832646602,187.5896382318049,20156715,RELIANCE.NS
2011-06-16,182.56045532226562,185.32699382852428,181.8508301698714,185.32699382852428,24969151,RELIANCE.NS
2011-06-17,178.69351196289062,183.74321771569353,177.9633182224168,183.33183496544277,22029696,RELIANCE.NS
2011-06-20,171.39149475097656,179.97906962808494,170.33219213311975,179.97906962808494,30300033,RELIANCE.NS
2011-06-21,174.55914306640625,175.86526716196343,172.22455523229956,172.75934868720478,17413744,RELIANCE.NS
2011-06-22,173.97288513183594,176.5131707733707,171.5765923529337,175.52585783540445,20107599,RELIANCE.NS
2011-06-23,179.053466796875,179.50598643193277,173.9934770104305,174.12718566735293,20713868,RELIANCE.NS
2011-06-24,179.2385711669922,180.94580734494434,175.9886601325886,179.80421724129704,31670322,RELIANCE.NS
2011-06-27,179.2694091796875,181.37774366863155,177.2742148808372,178.27181203026237,14349371,RELIANCE.NS
2011-06-28,179.17684936523438,180.78122942092864,177.30506576828836,180.78122942092864,10219645,RELIANCE.NS
2011-06-29,182.08740234375,182.65304847591494,179.38258238871953,180.12306035409296,12430639,RELIANCE.NS
2011-06-30,184.81277465820312,185.5326840564433,182.4473345258039,182.7970118664036,21744714,RELIANCE.NS
2011-07-01,177.29481506347656,186.5611630580838,176.21494393203773,186.5611630580838,28677893,RELIANCE.NS
2011-07-04,178.62149047851562,180.88408833543843,177.92213580882782,179.85563850882053,16499512,RELIANCE.NS
2011-07-05,174.0037384033203,178.80660820141156,173.60265367700492,178.80660820141156,33805768,RELIANCE.NS
2011-07-06,175.4333038330078,176.58517819752856,172.9238843394486,174.60026789714493,26877909,RELIANCE.NS
2011-07-07,179.0946044921875,179.95850686573286,175.91668280757688,176.48234265186545,20137982,RELIANCE.NS
2011-07-08,175.8343963623047,179.77336415513741,175.24818184048436,179.5676796669923,20937538,RELIANCE.NS
2011-07-11,175.515625,176.88345461594523,174.2197712405358,175.65960417418165,9598807,RELIANCE.NS
2011-07-12,174.37399291992188,176.35890312580355,173.95232599438438,174.32257179858883,13066390,RELIANCE.NS
2011-07-13,178.01470947265625,178.88889595389347,175.06305486846438,175.46413959529963,17029770,RELIANCE.NS
2011-07-14,178.4466552734375,180.57554445165408,176.75998770391263,177.57246881830122,13312532,RELIANCE.NS
2011-07-15,179.60879516601562,180.1847253948123,177.92212764174852,178.47750315478626,10206245,RELIANCE.NS
2011-07-18,178.45697021484375,179.75281005480983,177.75761543811203,179.3414273150749,6582763,RELIANCE.NS
2011-07-19,180.8944091796875,181.2954939833924,178.12787007304658,178.43641057573572,9822813,RELIANCE.NS
2011-07-20,180.2258758544922,182.40619998622935,178.70376951716167,182.24163867232465,11180149,RELIANCE.NS
2011-07-21,177.0685577392578,180.17447612641442,176.38977141634808,180.17447612641442,7886175,RELIANCE.NS
2011-07-22,179.63967895507812,180.39045483863288,177.40793348494842,178.12785669361247,15303807,RELIANCE.NS
2011-07-25,181.59373474121094,183.47580281249404,180.83268837117637,183.47580281249404,21905216,RELIANCE.NS
2011-07-26,179.25914001464844,183.0952655807528,178.827188856984,182.7044513209034,20462017,RELIANCE.NS
2011-07-27,177.0685577392578,179.97907584804787,176.71888035262577,179.97907584804787,13675826,RELIANCE.NS
2011-07-28,172.23480224609375,175.86522916592938,171.42232114850282,175.86522916592938,31299376,RELIANCE.NS
2011-07-29,170.30133056640625,174.2711509851841,169.3140175738542,172.7798972720712,21393442,RELIANCE.NS
2011-08-01,170.8978271484375,172.36851239441768,168.94376963656728,172.36851239441768,14242019,RELIANCE.NS
2011-08-02,172.2245330810547,172.55362825367905,168.35755495786776,170.21904071984332,16570663,RELIANCE.NS
2011-08-03,169.70481872558594,171.99826940262415,169.30373397699307,170.0544960831709,14085375,RELIANCE.NS
2011-08-04,167.09254455566406,171.06236469125247,166.6194565417056,170.31160264141295,13737415,RELIANCE.NS
2011-08-05,162.90676879882812,164.44945750774977,160.23280158253903,164.44945750774977,26222826,RELIANCE.NS
2011-08-08,160.57215881347656,163.8117854314224,157.76449705723644,159.7596914009892,22242669,RELIANCE.NS
2011-08-09,157.41482543945312,160.2327852525661,154.8848376344111,154.8848376344111,32649029,RELIANCE.NS
2011-08-10,158.94720458984375,162.4953577959011,157.3531087625724,161.5388975534172,17746463,RELIANCE.NS
2011-08-11,158.83409118652344,161.45663703600934,157.35312169553026,158.04217845422448,10890149,RELIANCE.NS
2011-08-12,156.5098114013672,161.05557653223167,155.9133125715795,161.05557653223167,17222470,RELIANCE.NS
2011-08-16,156.14984130859375,158.8546749437461,155.23451779648843,156.3246868691468,11286937,RELIANCE.NS
2011-08-17,155.2962188720703,159.28660766711008,154.47345348298364,156.4275109841098,13545843,RELIANCE.NS
2011-08-18,152.4576873779297,156.32466540111764,151.59378511091836,155.8515773720977,17126872,RELIANCE.NS
2011-08-19,150.678466796875,152.00517291368925,148.36444769327025,150.36992633952556,20399978,RELIANCE.NS
2011-08-22,155.70758056640625,156.29380877385958,149.24890963625205,150.35963324823774,15542731,RELIANCE.NS
2011-08-23,157.40451049804688,158.79292168526706,153.75350177640078,156.39662926239436,17536780,RELIANCE.NS
2011-08-24,156.59207153320312,158.27873934740148,155.50191622730853,157.14743341110022,12987792,RELIANCE.NS
2011-08-25,154.98768615722656,158.17587817056665,154.3191840962372,156.65377173618012,21214238,RELIANCE.NS
2011-08-26,147.97361755371094,155.52245701384925,146.45151134005965,154.47343879434666,19501819,RELIANCE.NS
2011-08-29,155.30648803710938,156.3040851391388,149.81454813379187,150.3801941349646,18316877,RELIANCE.NS
2011-08-30,160.97325134277344,163.79121094962562,157.14741037735448,157.35310857680804,34217075,RELIANCE.NS
2011-09-02,165.67327880859375,167.37023059948984,162.38223119186,163.87348478324466,34086257,RELIANCE.NS
2011-09-05,162.2588348388672,164.34658730504475,161.04525517333983,163.4209796520207,19981247,RELIANCE.NS
2011-09-06,168.9746551513672,169.7974207048925,159.71859073133925,161.09671822778097,31333473,RELIANCE.NS
2011-09-07,171.44290161132812,173.49980132698056,169.42713879154024,169.4888441353371,31438175,RELIANCE.NS
2011-09-08,175.3407440185547,176.6880186396775,167.53479781861316,171.4429130309095,35284258,RELIANCE.NS
2011-09-09,169.84881591796875,176.59545947392576,169.42714897939555,175.27903753528352,29564130,RELIANCE.NS
2011-09-12,165.84814453125,169.1700454978115,163.5752757625039,166.68119426192965,18579499,RELIANCE.NS
2011-09-13,166.66062927246094,169.6431371272478,163.88380593292482,167.26741232305915,25400442,RELIANCE.NS
2011-09-14,169.77684020996094,170.67158155248825,165.62188956304743,167.41139970931812,20539026,RELIANCE.NS
2011-09-15,172.01882934570312,172.4919173717707,167.339383934705,171.34005684334784,20407052,RELIANCE.NS
2011-09-16,169.82827758789062,174.8368331549009,168.87181707068575,174.8368331549009,26810791,RELIANCE.NS
2011-09-19,168.98492431640625,170.5481677442899,167.76106032135144,169.69454958838352,12796090,RELIANCE.NS
2011-09-20,175.20703125,175.64926659555695,167.905026532417,169.28315368710545,18437927,RELIANCE.NS
2011-09-21,172.28623962402344,175.02191191851935,171.19608439591147,175.02191191851935,17030216,RELIANCE.NS
2011-09-22,161.74461364746094,170.29105143460973,160.43847593241458,169.478570230602,27298045,RELIANCE.NS
2011-09-23,158.50497436523438,163.0301701373064,157.16798408118555,159.18376059634812,38513013,RELIANCE.NS
2011-09-26,156.16014099121094,158.52558169529624,153.76384760819903,158.21705490603026,27202137,RELIANCE.NS
2011-09-27,163.97637939453125,164.69628893597715,158.7929785198081,159.20436128518088,22046959,RELIANCE.NS
2011-09-28,163.97637939453125,165.84814969453402,162.31027988130194,164.50088864446417,25034598,RELIANCE.NS
2011-09-29,166.1360626220703,167.17479652638426,161.3537619888596,162.59819406795677,31511671,RELIANCE.NS
2011-09-30,166.269775390625,169.26256675888928,163.0095942161736,165.27217826787026,34944185,RELIANCE.NS
2011-10-03,162.1251220703125,164.53169895706017,161.28178830497743,162.7421891941797,21109422,RELIANCE.NS
2011-10-04,158.71066284179688,162.65991437850988,157.40452530918012,161.26121883748985,26251892,RELIANCE.NS
2011-10-05,157.76446533203125,160.006480596643,156.68458085613506,158.90604140784353,20734666,RELIANCE.NS
2011-10-07,165.14878845214844,166.19780682400528,161.44635774620008,161.81660356291633,19911027,RELIANCE.NS
2011-10-10,170.56874084472656,170.90813401741562,165.41620655432612,165.4264907798437,14846381,RELIANCE.NS
2011-10-11,170.10589599609375,173.06783461543407,169.1802884612243,171.7514266050194,15716423,RELIANCE.NS
2011-10-12,174.76480102539062,175.22760483171567,169.9105100362332,170.5995667684653,17269967,RELIANCE.NS
2011-10-13,174.1991424560547,176.48230865181816,173.2118295709578,174.83677802292,18353721,RELIANCE.NS
2011-10-14,178.31297302246094,178.88891708253797,173.0884356961012,173.19129167650544,17871109,RELIANCE.NS
2011-10-17,171.504638671875,178.71408696449072,170.95956097026098,178.33355687676513,22052401,RELIANCE.NS
2011-10-18,168.64549255371094,169.9824827203676,166.88684924883464,169.6945107490276,18299531,RELIANCE.NS
2011-10-19,173.39695739746094,173.80834008270347,169.50941093129765,169.7973829301492,11872557,RELIANCE.NS
2011-10-20,172.51251220703125,172.9650318546878,169.07748481336137,171.72061312158831,9971735,RELIANCE.NS
2011-10-21,171.9057159423828,174.6722547422449,170.94925559377674,172.77990249422396,10342733,RELIANCE.NS
2011-10-24,174.1168975830078,175.65957250580874,173.51010085427478,174.42542432920362,9081569,RELIANCE.NS
2011-10-25,180.17445373535156,181.20290358647568,173.2221261510615,175.8652403461657,22735907,RELIANCE.NS
2011-10-28,185.121337890625,185.94410342000631,181.85087168602112,185.0596325355127,24528852,RELIANCE.NS
2011-10-31,180.50360107421875,184.9773629986082,179.47515100405627,184.70997312028263,15872042,RELIANCE.NS
2011-11-01,177.01712036132812,180.69896875098223,176.40003944613605,179.05345168188512,16384499,RELIANCE.NS
2011-11-02,179.32086181640625,181.20292998657467,175.86526596860142,175.86526596860142,13751121,RELIANCE.NS
2011-11-03,182.22108459472656,182.93072356487758,177.51078607588528,178.48781488998344,16042287,RELIANCE.NS
2011-11-04,180.99722290039062,186.14977021846246,179.49568498784365,186.14977021846246,18251373,RELIANCE.NS
2011-11-08,181.76856994628906,182.0359597773518,178.64206965346386,180.80182540354156,10120202,RELIANCE.NS
2011-11-09,177.911865234375,183.6094903431109,177.13025044609574,183.07469694146508,11664515,RELIANCE.NS
2011-11-11,182.1079559326172,182.8175948942355,174.85737159981616,176.68801850879436,21739364,RELIANCE.NS
2011-11-14,180.32872009277344,184.29855415930814,179.56767378097598,183.35237808364172,15996247,RELIANCE.NS
2011-11-15,177.19195556640625,180.5961299669576,176.12236876448088,179.1562973549483,9897941,RELIANCE.NS
2011-11-16,174.4459991455078,176.70859735322236,172.2348357946437,176.70859735322236,13313254,RELIANCE.NS
2011-11-17,166.5989227294922,174.55914683325835,165.83786256727626,173.81865512242078,24227745,RELIANCE.NS
2011-11-18,166.2183837890625,167.01029658613757,161.87831720407647,164.61400347523795,21690327,RELIANCE.NS
2011-11-21,161.74461364746094,164.5522893448079,160.74701640079132,164.5522893448079,17715656,RELIANCE.NS
2011-11-22,163.56495666503906,165.46759290838324,161.79601532532732,162.10455575662283,19171804,RELIANCE.NS
2011-11-23,159.08091735839844,162.47480759374707,155.46077418164313,162.47480759374707,23710270,RELIANCE.NS
2011-11-24,159.0294952392578,160.0270924813344,154.91569557641176,159.41002527802885,27857321,RELIANCE.NS
2011-11-25,155.04937744140625,158.63866761965804,154.47344718476998,158.3198566856054,16185464,RELIANCE.NS
2011-11-28,161.22012329101562,161.63150605335971,156.84920375334875,157.35314454783332,11033484,RELIANCE.NS
2011-11-29,157.35313415527344,160.8498668083397,156.14983862509436,160.8498668083397,21013969,RELIANCE.NS
2011-11-30,160.07850646972656,161.11725429429532,154.90540444808738,155.64588231293126,19988986,RELIANCE.NS
2011-12-01,164.34658813476562,166.76344952306206,163.56497334935045,164.34658813476562,20626920,RELIANCE.NS
2011-12-02,167.03086853027344,167.63765155689453,161.78576256194688,163.9352205838151,19598467,RELIANCE.NS
2011-12-05,165.94068908691406,167.06169694918185,164.21288455552337,166.2697842505268,13827937,RELIANCE.NS
2011-12-07,166.56805419921875,168.56324871545905,165.21049534562854,165.9921238848309,15373615,RELIANCE.NS
2011-12-08,160.20193481445312,166.1360970251076,158.8135233369216,164.9636679892934,19435800,RELIANCE.NS
2011-12-09,155.44020080566406,158.36100288579726,154.82313361805177,158.36100288579726,22070197,RELIANCE.NS
2011-12-12,149.63973999023438,156.73606101066625,148.91981679816107,156.43780476298895,22298377,RELIANCE.NS
2011-12-13,152.6839599609375,153.44502008714778,148.30275644914633,148.89925524150678,22873371,RELIANCE.NS
2011-12-14,152.6016387939453,155.06992072949635,150.85326612973674,151.7994420159149,23206895,RELIANCE.NS
2011-12-15,154.298583984375,155.19333880321983,148.8169423543928,150.54474665707306,28922246,RELIANCE.NS
2011-12-16,148.4775848388672,173.72608484878813,147.28458728177603,154.06208376185322,25499308,RELIANCE.NS
2011-12-19,151.24412536621094,152.19030153434161,147.09945908544972,147.93250877775355,20623197,RELIANCE.NS
2011-12-20,146.74978637695312,152.56053795313247,145.87559983829476,152.56053795313247,24282464,RELIANCE.NS
2011-12-21,153.85638427734375,155.0390974942772,148.6524159155031,149.53688663751555,19963870,RELIANCE.NS
2011-12-22,155.20362854003906,156.38635536155377,150.77100490893605,152.4885250501375,19571514,RELIANCE.NS
2011-12-23,153.5272674560547,158.3301371048538,152.7045021202837,156.32465861319173,15360163,RELIANCE.NS
2011-12-26,156.53036499023438,157.31199354167615,153.35244339071755,153.66098386746717,10396517,RELIANCE.NS
2011-12-27,154.8950958251953,158.1141398408909,153.3112706429101,157.55877809708605,13449406,RELIANCE.NS
2011-12-28,152.01544189453125,156.01611456164872,151.2543819170011,155.8515669905525,12376536,RELIANCE.NS
2011-12-29,146.43096923828125,152.00518393972013,145.46422462981533,150.90473067602693,23840441,RELIANCE.NS
2011-12-30,142.5331268310547,148.21018333218683,141.72064566155464,146.6572242928818,29146195,RELIANCE.NS
2012-01-02,145.33050537109375,145.98870938962006,141.34011690573064,143.32502691516342,18808107,RELIANCE.NS
2012-01-03,149.0535125732422,149.51630264595613,146.11212844130762,146.50294267776087,20489219,RELIANCE.NS
2012-01-04,147.30516052246094,150.3493735945889,146.72923017511346,149.61917986775762,18541902,RELIANCE.NS
2012-01-05,143.8804168701172,149.11523856527032,142.76967934997458,147.06860908505055,28959200,RELIANCE.NS
2012-01-06,147.59310913085938,148.91981529905135,143.2941933935764,143.37646719056065,20575210,RELIANCE.NS
2012-01-09,145.2688446044922,146.9554989266223,144.48721593654813,146.9554989266223,18386646,RELIANCE.NS
2012-01-10,151.4292449951172,152.0051890741486,146.4515426350603,146.4515426350603,19720278,RELIANCE.NS
2012-01-11,153.90777587890625,154.88480442919777,150.4624516673066,151.7788732738836,21183286,RELIANCE.NS
2012-01-12,151.57322692871094,154.8745591315601,150.6887561540402,153.7535374610556,14225123,RELIANCE.NS
2012-01-13,150.52418518066406,154.46315242595486,149.76312521910594,152.6222215905305,20530513,RELIANCE.NS
2012-01-16,146.64695739746094,150.14369013778378,146.24585887739232,150.14369013778378,17794345,RELIANCE.NS
2012-01-17,152.63250732421875,153.1158795395589,147.2742760631592,147.2742760631592,22738488,RELIANCE.NS
2012-01-18,160.38705444335938,162.06343797051,155.9235774050151,156.73605860716827,40461227,RELIANCE.NS
2012-01-19,161.60064697265625,163.71925232458,160.87043950904263,162.28970380411837,23989114,RELIANCE.NS
2012-01-20,163.04046630859375,164.55228850779662,158.80324222264557,162.4953749467592,31725274,RELIANCE.NS
2012-01-23,158.70040893554688,160.38706304713807,155.33737120687738,155.35793965711846,28250482,RELIANCE.NS
2012-01-24,161.2097930908203,162.82445727173203,158.4638232034402,159.32772538493109,22291662,RELIANCE.NS
2012-01-25,162.69078063964844,163.52383024608335,161.01439720276352,162.22797682836307,16786908,RELIANCE.NS
2012-01-27,168.74835205078125,170.29104056357596,164.3465806308029,164.552278840125,24347771,RELIANCE.NS
2012-01-30,163.47239685058594,168.42954390665594,162.94788769054097,167.41137825888592,21126187,RELIANCE.NS
2012-01-31,168.069580078125,168.83064011302145,164.84023763770855,165.47788698498053,27405612,RELIANCE.NS
2012-02-01,170.96981811523438,171.54574840322755,167.8433315629249,168.43983029939616,16522676,RELIANCE.NS
2012-02-02,170.56874084472656,173.3352798926106,169.5197223807148,171.75146797107536,21445055,RELIANCE.NS
2012-02-03,172.43020629882812,172.77988362750293,167.77131575967326,170.72298401055556,19989261,RELIANCE.NS
2012-02-06,171.34007263183594,174.73396291756126,169.5094257017631,173.9934712734796,17430906,RELIANCE.NS
2012-02-07,173.7157745361328,175.39214414541254,171.5971558585814,173.19126541110631,21068816,RELIANCE.NS
2012-02-08,176.56460571289062,177.86044546377713,173.80835115756457,174.21973386901993,15957543,RELIANCE.NS
2012-02-09,175.62872314453125,176.87314183887898,173.31470385137084,176.22522192903708,18851741,RELIANCE.NS
2012-02-10,173.4484100341797,176.68803725485856,172.3685388708229,174.90881128032757,14952871,RELIANCE.NS
2012-02-13,174.6825408935547,176.64688273541122,172.9855888941334,173.0061573435515,15284147,RELIANCE.NS
2012-02-14,174.61053466796875,176.1532094190222,173.396955076219,174.19915198823335,13711512,RELIANCE.NS
2012-02-15,172.09080505371094,176.01950180987598,171.35032726810095,175.7006771666995,31421021,RELIANCE.NS
2012-02-16,167.11309814453125,170.92865458760647,165.51900244401935,170.92865458760647,27747347,RELIANCE.NS
2012-02-17,168.2958526611328,169.9825205114152,166.65033544213742,169.08776546042486,35922700,RELIANCE.NS
2012-02-21,173.5100555419922,174.57965584129929,167.6581683500823,168.15182474568414,36457910,RELIANCE.NS
2012-02-22,171.42233276367188,176.35889756196903,170.7435602528833,174.4254085384188,25146771,RELIANCE.NS
2012-02-23,172.69760131835938,174.81620617160485,170.02362096378482,171.13434450523346,19105924,RELIANCE.NS
2012-02-24,168.6558074951172,173.12958257028666,167.53479953543928,171.44291478778433,18746068,RELIANCE.NS
2012-02-27,160.7367401123047,169.81797175723193,157.42512351582127,169.0363431884096,27772012,RELIANCE.NS
2012-02-28,163.83236694335938,164.62427970195864,162.02228848405076,162.29997627997466,23140014,RELIANCE.NS
2012-02-29,168.82034301757812,170.29102812479104,165.40588480605564,165.59100082337844,27846970,RELIANCE.NS
2012-03-01,166.80459594726562,168.3987057435686,164.77854870126802,166.9794415027495,12960682,RELIANCE.NS
2012-03-02,167.45252990722656,168.25471318882006,165.73500940768557,167.8947653133776,12687228,RELIANCE.NS
2012-03-05,164.03807067871094,167.43196103865077,163.36956859334543,167.03086253355295,13074509,RELIANCE.NS
2012-03-06,159.72885131835938,166.40350533291016,159.20434213152942,163.93520903763078,35129404,RELIANCE.NS
2012-03-07,156.6948699951172,159.92421184118598,154.4734231043008,159.7288116217432,28202989,RELIANCE.NS
2012-03-09,159.16319274902344,160.35619017395598,158.21701669589515,159.47171946377878,17249418,RELIANCE.NS
2012-03-12,164.25405883789062,165.1693824312431,160.3767957142018,162.49540123461193,15041933,RELIANCE.NS
2012-03-13,168.6558074951172,169.06719021598622,165.23106453693697,165.26191721120662,16117008,RELIANCE.NS
2012-03-14,167.5347900390625,170.72299564712503,165.9304098761608,170.31161294957442,17623820,RELIANCE.NS
2012-03-15,163.86325073242188,168.91295702687256,163.1947622731902,168.2547390636255,20258209,RELIANCE.NS
2012-03-16,158.86492919921875,164.07918147472157,157.83647940293034,160.4384565637037,25168501,RELIANCE.NS
2012-03-19,155.3168182373047,161.05558119384813,154.49405268444002,160.6441984174158,15978638,RELIANCE.NS
2012-03-20,156.43775939941406,157.64104080470997,154.3294390194086,155.52243620296014,10455362,RELIANCE.NS
2012-03-21,157.98048400878906,159.10149199602964,155.31680107831465,156.32468259045174,14211666,RELIANCE.NS
2012-03-22,151.4600830078125,158.67981378679656,150.56532811165644,157.53822379867094,29243875,RELIANCE.NS
2012-03-23,153.0438995361328,154.1649073830161,151.82003572142617,152.992478417524,26956646,RELIANCE.NS
2012-03-26,150.17454528808594,153.01307392083652,149.53690957398396,153.01307392083652,23135333,RELIANCE.NS
2012-03-27,150.36993408203125,151.96404384137614,149.1460838750554,151.7994825147002,27194700,RELIANCE.NS
2012-03-28,149.26950073242188,151.36753759131284,148.19991385261892,150.15397155900774,18072694,RELIANCE.NS
2012-03-29,149.0535125732422,150.0922466421009,147.68566961095874,147.68566961095874,23976904,RELIANCE.NS
2012-03-30,154.39117431640625,154.88483078655463,149.55745185232706,150.05110832247547,17276879,RELIANCE.NS
2012-04-02,152.32398986816406,154.44260879499882,152.01546312926118,154.13406832548895,11220694,RELIANCE.NS
2012-04-03,154.82313537597656,156.9211720760443,153.08504652991587,153.08504652991587,17515593,RELIANCE.NS
2012-04-04,153.6507110595703,155.70761110911894,152.92051730883605,153.23932830353894,11813695,RELIANCE.NS
2012-04-09,152.653076171875,153.85637146715294,150.99727505991012,152.22112507079612,11411688,RELIANCE.NS
2012-04-10,152.75595092773438,153.65070598972292,151.82005896456087,153.44502148379814,8370104,RELIANCE.NS
2012-04-11,150.21568298339844,152.0051931592787,149.39291747461996,152.0051931592787,16304095,RELIANCE.NS
2012-04-12,152.88963317871094,153.36273496432327,150.83273336759336,150.83273336759336,11779103,RELIANCE.NS
2012-04-13,154.58657836914062,156.7360498367888,151.6966290433626,153.455286268656,14214624,RELIANCE.NS
2012-04-16,153.876953125,154.97739255308977,151.38808853590197,153.67125491460368,10518035,RELIANCE.NS
2012-04-17,153.5272674560547,155.2550581844473,152.2828352289662,155.2550581844473,13893966,RELIANCE.NS
2012-04-18,153.9798126220703,155.66646673719876,152.76623286347876,154.2677709260493,14998238,RELIANCE.NS
2012-04-19,152.55026245117188,155.06996623620597,151.90232881315774,155.06996623620597,18399192,RELIANCE.NS
2012-04-20,150.3287811279297,152.41654718311506,149.7425666489351,152.2211332030464,14922257,RELIANCE.NS
2012-04-23,151.44979858398438,153.3935717245766,148.9609341432235,149.30032724525552,22106609,RELIANCE.NS
2012-04-24,151.20297241210938,152.31369606351296,148.85810069089706,152.00516934401537,16664900,RELIANCE.NS
2012-04-25,151.44979858398438,152.8073435309017,149.75284680442974,150.99727902481015,13586437,RELIANCE.NS
2012-04-26,153.2495880126953,154.06206916914385,150.8944320658785,151.61435520641405,15180399,RELIANCE.NS
2012-04-27,152.6222381591797,153.6815407020883,151.49094604761208,152.47825902186176,12501799,RELIANCE.NS
2012-04-30,153.25987243652344,153.83580271133917,151.69662919613617,151.69662919613617,12147744,RELIANCE.NS
2012-05-02,152.94110107421875,154.55576585250688,152.2108935197599,153.8358425247134,12520177,RELIANCE.NS
2012-05-03,151.97433471679688,153.1261954009001,151.21327459045915,151.90233140975863,8299657,RELIANCE.NS
2012-05-04,149.42373657226562,152.21084346570075,148.5084132388318,150.8532848004751,16529947,RELIANCE.NS
2012-05-07,147.21258544921875,148.50842514805504,145.03226128526492,147.06859258109873,20084811,RELIANCE.NS
2012-05-08,145.70077514648438,147.87080153196086,143.7775701596483,147.68568548298057,16997816,RELIANCE.NS
2012-05-09,142.97535705566406,145.69047451866558,142.14230746782857,144.3946211298777,16058311,RELIANCE.NS
2012-05-10,142.77996826171875,145.71105465943265,142.0394766285287,143.41760391819403,14838445,RELIANCE.NS
2012-05-11,143.4073028564453,144.60030023244244,141.57665616823095,142.54340062935478,13310297,RELIANCE.NS
2012-05-14,140.13687133789062,144.559212480096,139.57122512781703,143.57189923653954,17853868,RELIANCE.NS
2012-05-15,140.20880126953125,141.5149387218361,138.6558424766609,139.6637237451783,16170682,RELIANCE.NS
2012-05-16,139.06724548339844,140.4453726952821,138.43988035633552,138.84097882412485,13569502,RELIANCE.NS
2012-05-17,140.92877197265625,141.89551667805412,139.41694955854794,139.92089036325072,15576334,RELIANCE.NS
2012-05-18,141.62808227539062,143.24274659842098,138.84097525125443,139.23178948495638,10341793,RELIANCE.NS
2012-05-21,143.05763244628906,144.1272191931557,141.10357498276525,141.20641722177052,10211280,RELIANCE.NS
2012-05-22,142.152587890625,144.92941062209047,141.66921565502645,144.92941062209047,12853294,RELIANCE.NS
2012-05-23,141.27841186523438,141.91606123118981,139.77687392998914,140.93903246432308,11301566,RELIANCE.NS
2012-05-24,143.01651000976562,143.98325461536564,141.1241576983267,142.74910643071127,10498664,RELIANCE.NS
2012-05-25,142.17318725585938,143.0165212283293,141.62810956066053,142.9548158738474,13496281,RELIANCE.NS
2012-05-28,144.32260131835938,144.60027530237645,142.3376916213069,142.3376916213069,11265492,RELIANCE.NS
2012-05-29,144.36376953125,145.99900231710964,143.47929881791484,144.43575909828328,15024360,RELIANCE.NS
2012-05-30,145.2688446044922,145.76250120250702,142.98567768969505,143.91128552729904,15403723,RELIANCE.NS
2012-05-31,147.0525665283203,151.9397301493587,142.2070971988301,145.26026847211622,39482174,RELIANCE.NS
2012-06-01,142.8115234375,147.85499013540155,141.31098754609096,147.41733209473884,17921568,RELIANCE.NS
2012-06-04,144.37454223632812,145.2602781847737,140.34185395021643,141.09211474409273,14269847,RELIANCE.NS
2012-06-05,146.4169464111328,147.1359608783646,144.86431032961787,145.0518720626291,13284608,RELIANCE.NS
2012-06-06,149.19920349121094,149.63686147009346,145.57289849818758,146.8129317570234,23252900,RELIANCE.NS
2012-06-07,150.31417846679688,152.53372860431193,149.27214098199568,150.27249808036575,27944820,RELIANCE.NS
2012-06-08,152.07521057128906,152.53370867413526,148.4489061295048,149.6368387236102,12717493,RELIANCE.NS
2012-06-11,150.5225830078125,153.47156778300715,149.65770106236494,152.7004527966433,9954345,RELIANCE.NS
2012-06-12,150.66847229003906,151.30411208089342,148.8865801619585,149.01162131845226,11961991,RELIANCE.NS
2012-06-13,149.2825469970703,150.8768633637067,148.46975171430972,150.52256620045077,9950023,RELIANCE.NS
2012-06-14,149.29296875,150.22038509492947,148.18841077748118,149.22002807981616,7479627,RELIANCE.NS
2012-06-15,151.4604034423828,152.096057102927,149.74104591903395,149.74104591903395,9936719,RELIANCE.NS
2012-06-18,149.8243865966797,153.07555339723254,148.38637184951287,152.21065774767405,10034412,RELIANCE.NS
2012-06-19,153.69036865234375,154.09676628314133,149.42842444466058,149.42842444466058,7804051,RELIANCE.NS
2012-06-20,153.6799774169922,154.83663604246615,152.76298102965632,153.8050185847164,10313366,RELIANCE.NS
2012-06-21,149.78274536132812,152.97139242944826,148.05295361017556,152.97139242944826,22609240,RELIANCE.NS
2012-06-22,148.177978515625,148.99075982866492,146.62534264173107,148.70941726676966,19130296,RELIANCE.NS
2012-06-25,149.26173400878906,150.66848891055895,148.3864179927528,148.8449161958188,11114641,RELIANCE.NS
2012-06-26,150.78309631347656,151.19991408865855,148.89700318458412,149.53264298793061,16084241,RELIANCE.NS
2012-06-27,150.57470703125,152.05440260584479,149.63687043630839,151.38748854472348,7708056,RELIANCE.NS
2012-06-28,150.03282165527344,151.6792384994766,149.3554876158656,150.97064417320473,11903391,RELIANCE.NS
2012-06-29,153.7737274169922,154.40938104931743,151.11653357632065,151.11653357632065,16771028,RELIANCE.NS
2012-07-02,153.6799774169922,154.3885579461086,152.16902157095382,153.28399980718638,6831968,RELIANCE.NS
2012-07-03,153.46112060546875,154.77408039313508,152.40864927953277,154.2113813538482,10294922,RELIANCE.NS
2012-07-04,153.02346801757812,154.2218068023977,151.8980559879279,154.2218068023977,9347118,RELIANCE.NS
2012-07-05,153.9508819580078,154.72198291120196,152.5649675668771,153.16934699765298,7805552,RELIANCE.NS
2012-07-06,153.1484832763672,153.80496308203186,152.03350544249005,153.80496308203186,9259557,RELIANCE.NS
2012-07-09,152.51287841796875,152.92968225496972,151.32494574648422,151.92932522214622,7798797,RELIANCE.NS
2012-07-10,154.15933227539062,154.63867071489094,152.3044991079311,152.43996038743813,5974354,RELIANCE.NS
2012-07-11,151.23117065429688,153.5132413090163,150.47047579872003,152.8567474166661,11937173,RELIANCE.NS
2012-07-12,150.3037567138672,152.09606895870073,149.44928097742226,150.44963806476855,10066480,RELIANCE.NS
2012-07-13,149.74105834960938,151.40831553296005,149.01162376738563,150.05367515799261,11373177,RELIANCE.NS
2012-07-16,150.12661743164062,150.91855868955614,149.02204545000308,150.05367675504422,7307313,RELIANCE.NS
2012-07-17,149.91818237304688,151.71049441633167,149.49094455286806,151.05401449908655,11396875,RELIANCE.NS
2012-07-18,149.17831420898438,150.43917333457102,148.42803966006747,149.63681223065421,8552746,RELIANCE.NS
2012-07-19,151.6792449951172,152.11690294196654,149.63685051782744,150.09534865681195,11681226,RELIANCE.NS
2012-07-20,150.60594177246094,151.8980614616444,149.4388493195088,150.53300110265334,12406980,RELIANCE.NS
2012-07-23,149.8452606201172,151.26243549871302,148.65734177953544,149.01162506517574,10221032,RELIANCE.NS
2012-07-24,150.99151611328125,151.48126066533868,149.70980246441468,150.26208150959764,8035118,RELIANCE.NS
2012-07-25,149.89735412597656,151.0019260540631,148.41765873643774,150.13703024947083,8748220,RELIANCE.NS
2012-07-26,148.0008544921875,150.24124492937202,147.27143378297228,150.24124492937202,14016845,RELIANCE.NS
2012-07-27,150.26206970214844,151.47082866605408,149.251292562879,149.84525194879834,13466410,RELIANCE.NS
2012-07-30,152.0543975830078,152.51289576787835,150.43922688284445,150.6789030283962,6963876,RELIANCE.NS
2012-07-31,154.9721221923828,155.49314100680382,150.26209875448396,152.47122910075925,13479810,RELIANCE.NS
2012-08-01,155.62860107421875,156.4934970295332,153.9300694574918,154.2739466024268,14431906,RELIANCE.NS
2012-08-02,154.12803649902344,155.8057136950573,153.5444972096208,154.65947530830178,7974567,RELIANCE.NS
2012-08-03,154.7532501220703,155.88908228040358,152.2523576138299,153.17977394780388,10943814,RELIANCE.NS
2012-08-06,163.8190155029297,164.51717589744817,155.89951937782988,155.89951937782988,37384710,RELIANCE.NS
2012-08-07,163.3396453857422,165.88221805943985,162.08919228234504,163.81898365524307,19670296,RELIANCE.NS
2012-08-08,164.80894470214844,166.517882224762,163.0895731712642,163.61059189625706,18370923,RELIANCE.NS
2012-08-09,162.5894012451172,165.97603005118182,161.85998056529377,164.41297381269314,12750067,RELIANCE.NS
2012-08-10,162.99581909179688,164.43383434798452,161.33898177819546,162.0684025482547,10678248,RELIANCE.NS
2012-08-13,164.25668334960938,164.64222695267043,162.45395085481437,162.45395085481437,6183560,RELIANCE.NS
2012-08-14,166.63253784179688,167.14313653379452,164.01700988449164,164.20458555241723,16508712,RELIANCE.NS
2012-08-16,170.09207153320312,171.27999022603134,166.53870772603926,167.15352117514402,21632112,RELIANCE.NS
2012-08-17,170.08164978027344,171.91562827834423,168.7374157584297,170.4567732088729,14330179,RELIANCE.NS
2012-08-21,169.6960906982422,171.70722470787396,169.2896930758588,170.0608079400744,11057384,RELIANCE.NS
2012-08-22,168.3518829345703,169.9566195719883,167.91422495854508,168.64365955592436,8748439,RELIANCE.NS
2012-08-23,165.58006286621094,169.10216706240928,164.21500229096435,168.9250114956581,16661033,RELIANCE.NS
2012-08-24,162.99581909179688,165.58007294894045,162.2872385176818,165.00695364846248,15117604,RELIANCE.NS
2012-08-27,164.08995056152344,165.934363475985,163.28758913813434,163.80860792766418,9154343,RELIANCE.NS
2012-08-28,164.6839141845703,165.45501526960274,162.2559620391894,163.98573986605493,8774153,RELIANCE.NS
2012-08-29,163.00621032714844,166.20527722223034,162.62065285843653,164.8506229896806,8842299,RELIANCE.NS
2012-08-30,163.26675415039062,165.02779242860464,160.18230779302235,162.50605918092793,27245709,RELIANCE.NS
2012-08-31,159.7237548828125,163.4751001321798,158.95265399151467,162.5581040084674,14781765,RELIANCE.NS
2012-09-03,159.025634765625,160.4636498798184,158.4004150370228,160.0572521870228,9790138,RELIANCE.NS
2012-09-04,162.4747772216797,162.79781412498008,158.8484862579683,159.21318963523012,8754970,RELIANCE.NS
2012-09-05,160.71371459960938,162.54770710873385,159.2652795471548,161.56819027936197,13179587,RELIANCE.NS
2012-09-06,160.09890747070312,161.43272140631794,159.2235916407056,159.70292993694142,5302686,RELIANCE.NS
2012-09-07,165.00692749023438,165.99686446467626,162.24553240532393,162.28721279060477,13821905,RELIANCE.NS
2012-09-10,165.06948852539062,167.42450043100789,164.4651088786788,166.72633989442926,8776096,RELIANCE.NS
2012-09-11,164.85061645507812,165.86139356335744,163.22503978766207,164.5379996716476,13658914,RELIANCE.NS
2012-09-12,166.330322265625,166.66377926149997,164.5275899454416,165.3716455754942,7772894,RELIANCE.NS
2012-09-13,166.5491485595703,168.4977622789047,165.53837136167044,166.33032653017432,11677889,RELIANCE.NS
2012-09-14,175.42735290527344,176.25055453465308,168.71661522590034,169.43561587839815,36312698,RELIANCE.NS
2012-09-17,182.09634399414062,183.7323545094682,176.75068238292954,176.75068238292954,42430663,RELIANCE.NS
2012-09-18,178.3137664794922,182.12763303656342,177.41762428211368,181.35653199528267,17296128,RELIANCE.NS
2012-09-20,173.4995574951172,176.7923914250129,172.61382147832444,175.20849503837826,15310116,RELIANCE.NS
2012-09-21,177.20919799804688,178.12619424606905,173.395331665776,173.60374749233213,35935601,RELIANCE.NS
2012-09-24,174.30191040039062,178.7722567417202,173.5516495849001,177.14668004814868,14905003,RELIANCE.NS
2012-09-25,175.01051330566406,176.06297086521835,173.03063934325235,174.6457960199537,13838236,RELIANCE.NS
2012-09-26,176.0525665283203,177.08418398743788,173.78091575158933,174.6458116535202,16657879,RELIANCE.NS
2012-09-27,172.94725036621094,176.72985633975227,171.78017184280895,176.14631707805128,30420370,RELIANCE.NS
2012-09-28,174.47906494140625,176.70902109533174,173.88509165553782,174.4373845581187,14117613,RELIANCE.NS
2012-10-01,173.70794677734375,175.54193925573256,172.82221082503028,175.0626009448814,8712229,RELIANCE.NS
2012-10-03,176.33392333984375,177.8657334177605,173.86429051530374,173.90597090795305,21902919,RELIANCE.NS
2012-10-04,177.75108337402344,179.0015367836555,176.95914206873428,177.26132488985306,12626615,RELIANCE.NS
2012-10-05,178.7722625732422,179.64757847987588,142.20711544294696,179.20992052655905,15714795,RELIANCE.NS
2012-10-08,170.7694091796875,178.09494563645816,170.11292919381293,178.09494563645816,20893020,RELIANCE.NS
2012-10-09,169.91493225097656,172.29078377586796,169.45643410013747,172.04070146377998,11601732,RELIANCE.NS
2012-10-10,170.06085205078125,171.37381220272007,168.26853957414966,169.01880053068425,9380939,RELIANCE.NS
2012-10-11,170.88404846191406,171.31128637231424,168.66451204175272,170.6860666090028,11857119,RELIANCE.NS
2012-10-12,170.66517639160156,172.22823229775122,170.0712170949459,170.64433620266658,10626525,RELIANCE.NS
2012-10-15,171.53009033203125,172.95768516220608,170.68603476621755,170.68603476621755,11181159,RELIANCE.NS
2012-10-16,169.32093811035156,175.05215686403386,168.81033958258044,174.83332097384152,22171959,RELIANCE.NS
2012-10-17,167.79959106445312,170.35258413605908,167.04931633091428,170.07124154499002,20915414,RELIANCE.NS
2012-10-18,169.081298828125,170.06081563944326,166.10105409972184,168.23724325973092,26601633,RELIANCE.NS
2012-10-19,167.309814453125,168.91455079338974,166.59080008564973,168.33101157074884,12648708,RELIANCE.NS
2012-10-22,169.9774627685547,170.25881929811732,164.99651730809353,165.72595191835993,14165351,RELIANCE.NS
2012-10-23,168.7999725341797,169.8107498131619,167.72667467035478,169.53981336683088,9493730,RELIANCE.NS
2012-10-25,168.89373779296875,170.6235294617045,168.22683770430572,168.83121721390765,18056661,RELIANCE.NS
2012-10-29,169.06045532226562,169.72735534021174,167.21604278749618,167.21604278749618,10986118,RELIANCE.NS
2012-10-30,167.40362548828125,169.18551767397346,166.54914973392496,168.8103802803522,9337388,RELIANCE.NS
2012-10-31,167.87254333496094,168.25810082433503,166.3094870961052,167.3827848787321,9422473,RELIANCE.NS
2012-11-01,168.20599365234375,168.5602908375731,164.37128692848063,165.68426079467577,18379112,RELIANCE.NS
2012-11-02,168.38314819335938,169.83158342208313,167.24732978873854,169.22720388002878,11547717,RELIANCE.NS
2012-11-05,168.00802612304688,168.5915794362422,167.11186986922553,167.48700730999013,5066549,RELIANCE.NS
2012-11-06,167.8621063232422,168.2685039650356,165.9447530782755,167.55990963780346,15450143,RELIANCE.NS
2012-11-07,166.90345764160156,167.8308741324347,166.30949817893665,167.143133793351,10418019,RELIANCE.NS
2012-11-08,166.0177001953125,166.3719973726883,164.5901053017798,165.26743936841098,12414461,RELIANCE.NS
2012-11-09,164.15243530273438,167.45570288898531,163.60015634114833,165.34036790011638,10595311,RELIANCE.NS
2012-11-12,163.9440460205078,164.5171652167726,162.34972958464152,163.77732448327026,12661154,RELIANCE.NS
2012-11-15,163.51678466796875,164.40252053126284,161.9433086504041,164.40252053126284,15252390,RELIANCE.NS
2012-11-16,161.54736328125,165.1945084057562,160.6824674350602,164.10035652119743,14357871,RELIANCE.NS
2012-11-19,161.37022399902344,162.1934255586348,158.6713354544428,161.56820583831953,20723808,RELIANCE.NS
2012-11-20,159.50497436523438,162.7040276234927,158.8484943407477,162.7040276234927,9434023,RELIANCE.NS
2012-11-21,160.72410583496094,161.2868187312249,158.61919121296404,159.74458918147613,8612899,RELIANCE.NS
2012-11-22,159.60916137695312,161.2451721146,158.68174499895238,161.10969695313153,10486909,RELIANCE.NS
2012-11-23,161.25559997558594,161.68282393675497,159.64042935238865,159.64042935238865,7469469,RELIANCE.NS
2012-11-26,161.2347412109375,162.4435141192505,160.68246219435034,161.4952575307675,4542818,RELIANCE.NS
2012-11-27,163.9752960205078,164.2253922226832,161.3076820320263,161.93290166944993,10808581,RELIANCE.NS
2012-11-29,166.37197875976562,167.55989739946534,163.11039168001486,163.80856586061788,19614256,RELIANCE.NS
2012-11-30,165.413330078125,168.39356118640293,164.6422151034745,165.90308853175125,18244916,RELIANCE.NS
2012-12-03,167.55992126464844,168.1851548701813,164.59011033040647,165.6842621840834,10320168,RELIANCE.NS
2012-12-04,171.8739776611328,172.08239351401173,167.9767500708263,168.00801036195634,15279225,RELIANCE.NS
2012-12-05,173.52040100097656,174.4582375176034,171.0195082606421,172.61382477410316,13516432,RELIANCE.NS
2012-12-06,175.8754119873047,176.28180969732935,171.31128412459398,174.21857476706373,11534903,RELIANCE.NS
2012-12-07,173.9372100830078,177.0841625663077,173.07231428569975,175.28143029924576,13188809,RELIANCE.NS
2012-12-10,172.62425231933594,174.6353866949674,171.15497690149024,173.93722628166998,8177837,RELIANCE.NS
2012-12-11,170.9048614501953,174.71872783208056,169.7482029853985,173.39533392146777,16253418,RELIANCE.NS
2012-12-12,173.52040100097656,173.97889916270552,170.75899193401844,171.93649067208852,10123422,RELIANCE.NS
2012-12-13,173.86424255371094,175.2709971536037,173.0618813045346,173.52037940921096,11603084,RELIANCE.NS
2012-12-14,174.9062957763672,176.47978595564388,172.66591943815743,173.91635881017893,8950431,RELIANCE.NS
2012-12-17,173.8434295654297,175.97961899375537,173.18694954756037,173.9163702438583,7246381,RELIANCE.NS
2012-12-18,173.2703094482422,174.94800069167866,172.14491116271523,173.9163693659318,7996183,RELIANCE.NS
2012-12-19,174.95840454101562,175.6982452617918,173.82257235209022,174.06224846975726,8718992,RELIANCE.NS
2012-12-20,174.6145477294922,175.46902351632545,172.8743358645034,175.46902351632545,9577572,RELIANCE.NS
2012-12-21,171.98858642578125,173.91634582100284,171.35293277900084,173.60374295735014,9402708,RELIANCE.NS
2012-12-24,171.0403594970703,172.42626025631114,169.97746784079231,172.06155685230692,5704037,RELIANCE.NS
2012-12-26,172.61383056640625,174.20814713336688,171.31127671360179,171.31127671360179,5823779,RELIANCE.NS
2012-12-27,170.41513061523438,173.39536198643745,169.87327163065314,173.04107866975806,16101867,RELIANCE.NS
2012-12-28,175.11471557617188,176.31305449414705,171.21748820061828,171.62388587492654,14550602,RELIANCE.NS
2012-12-31,174.96884155273438,177.10501706641207,174.3957083989074,175.12514300631707,9730755,RELIANCE.NS
2013-01-01,175.20846557617188,176.43807847893265,174.8750086358961,175.89621964599007,6831351,RELIANCE.NS
2013-01-02,176.71946716308594,178.39715848501672,175.59406882490487,175.89626556016296,13441898,RELIANCE.NS
2013-01-03,179.38706970214844,179.64757209843407,176.0212813580646,176.85490293818913,17266808,RELIANCE.NS
2013-01-04,179.61631774902344,180.18943695180974,177.88654004446863,179.62673784521937,13306377,RELIANCE.NS
2013-01-07,178.5221710205078,181.52324204899762,177.5218140110112,180.41868408268058,15307180,RELIANCE.NS
2013-01-08,177.2821502685547,178.83480028155952,176.70903105404147,178.20956667298947,13973797,RELIANCE.NS
2013-01-09,177.70938110351562,179.19949656710853,176.86533941575368,177.64686052753405,17071824,RELIANCE.NS
2013-01-10,177.15708923339844,179.01192183414295,176.52144951175362,178.7618256363752,9239813,RELIANCE.NS
2013-01-11,175.04176330566406,177.77189795978737,174.2810684897837,177.6676970019984,8050294,RELIANCE.NS
2013-01-14,176.63609313964844,177.77191149001632,174.8542009777954,175.2710187526857,7060887,RELIANCE.NS
2013-01-15,176.55270385742188,177.5218005061489,174.64577084463582,176.34428804762587,10387846,RELIANCE.NS
2013-01-16,179.51211547851562,181.50240948547108,176.3234686817324,176.3234686817324,19551254,RELIANCE.NS
2013-01-17,185.48300170898438,186.22285637431438,179.1786625571893,179.66842099795343,22117537,RELIANCE.NS
2013-01-18,187.6087646484375,188.18188384087685,184.57641932609465,186.52503292759488,22754714,RELIANCE.NS
2013-01-21,191.72482299804688,199.02951932753982,191.3288454188825,195.50742932509937,43957346,RELIANCE.NS
2013-01-22,191.74566650390625,193.96521665766855,190.80782997831784,191.7352464072222,18664413,RELIANCE.NS
2013-01-23,192.37086486816406,193.56921758987556,190.94327004484396,192.17288305313846,11701950,RELIANCE.NS
2013-01-24,190.8077850341797,193.47541262901728,189.02589327287808,192.7772384916148,13438049,RELIANCE.NS
2013-01-25,190.1096954345703,191.18299336297017,188.62999976822937,190.95373729274112,14088477,RELIANCE.NS
2013-01-28,187.05650329589844,190.30767118293718,186.52506439782667,189.9325337513533,13400981,RELIANCE.NS
2013-01-29,183.99288940429688,187.9838976745404,183.41977018268133,186.52504242315024,15439403,RELIANCE.NS
2013-01-30,187.4420166015625,188.27565205017535,184.96196435834847,184.96196435834847,17641932,RELIANCE.NS
2013-01-31,184.78482055664062,187.15025172354788,184.04496597452888,186.86889524155944,16733589,RELIANCE.NS
2013-02-01,186.31666564941406,187.5254248350849,184.14921571674415,185.7643865463047,8152817,RELIANCE.NS
2013-02-04,184.79525756835938,187.77548853597239,184.25339865715802,186.74387119426103,13697044,RELIANCE.NS
2013-02-05,182.30479431152344,184.6285315166935,181.94007701610678,184.23256784328228,9708430,RELIANCE.NS
2013-02-06,182.4923858642578,184.00334186409233,181.48160849824447,183.49274313190017,9876509,RELIANCE.NS
2013-02-07,181.9192352294922,183.81574845463493,180.97097861692083,181.6482988064669,8542570,RELIANCE.NS
2013-02-08,179.9706268310547,182.14848272804102,178.60555240310046,181.30444096835427,9584217,RELIANCE.NS
2013-02-11,180.9813690185547,182.3568632771257,179.35579248315753,180.27277474352906,8329895,RELIANCE.NS
2013-02-12,182.45065307617188,183.47185024729762,180.31447787551267,181.02305827326958,9728703,RELIANCE.NS
2013-02-13,183.19053649902344,185.06619569836155,181.83588215060254,184.23257402488196,10533233,RELIANCE.NS
2013-02-14,178.40756225585938,184.11792811503406,177.35510469546435,183.39892755144157,12284945,RELIANCE.NS
2013-02-15,176.2713623046875,178.68889408370333,173.83299033412885,178.16787538312315,14390520,RELIANCE.NS
2013-02-18,176.62564086914062,178.10533604885538,175.7294849031709,176.7298418158792,5310071,RELIANCE.NS
2013-02-19,176.81321716308594,178.18871150956159,173.8642466549948,176.93827222150014,9677020,RELIANCE.NS
2013-02-20,182.3152313232422,183.15927314372925,178.52220448782305,178.80356103599397,14873246,RELIANCE.NS
2013-02-21,179.0640411376953,182.73202634388812,177.9073826204301,181.10643566750215,16214530,RELIANCE.NS
2013-02-22,179.77261352539062,181.73163313290368,178.81393695575156,178.91813790636246,9725304,RELIANCE.NS
2013-02-25,178.0532684326172,180.26238455917112,177.3551080486244,180.06440272383313,9878487,RELIANCE.NS
2013-02-26,171.62387084960938,177.08415395353325,170.6339339476842,177.08415395353325,13474915,RELIANCE.NS
2013-02-27,173.24945068359375,175.26058481115786,172.38455491242078,172.97852819412435,17709146,RELIANCE.NS
2013-02-28,169.61277770996094,174.96886115147487,167.92466617413032,174.4791026300447,27667849,RELIANCE.NS
2013-03-01,168.89373779296875,170.58184907566377,167.87254051094814,170.06083033814326,13906688,RELIANCE.NS
2013-03-04,169.35226440429688,170.5297772438155,167.7475275360829,168.58116322097933,14948007,RELIANCE.NS
2013-03-05,172.21786499023438,173.90596254741715,170.7069090932951,170.7069090932951,13159371,RELIANCE.NS
2013-03-06,174.07269287109375,174.72917291634815,172.2908005756729,173.37451852441467,10778102,RELIANCE.NS
2013-03-07,174.33314514160156,175.37518240109117,171.73847208723228,173.23900741033833,10529882,RELIANCE.NS
2013-03-08,177.41761779785156,178.12619823518622,175.0626065506921,175.68782622034158,10131948,RELIANCE.NS
2013-03-11,176.00045776367188,179.35582632832444,175.0730413214162,177.58435421848566,10569010,RELIANCE.NS
2013-03-12,176.69859313964844,178.08450755834278,175.8024371148079,177.25087210565255,8552523,RELIANCE.NS
2013-03-13,176.10464477539062,178.52217660935955,175.10428773457664,175.5211054869176,9401899,RELIANCE.NS
2013-03-14,179.2412109375,179.94980542367102,174.07270322290185,175.89627601617966,14790357,RELIANCE.NS
2013-03-15,175.8232879638672,181.18979043085764,174.70830986891104,180.22069367976212,12793329,RELIANCE.NS
2013-03-18,173.87466430664062,175.7920175059283,173.14524371752546,174.02055955407155,8023328,RELIANCE.NS
2013-03-19,171.93649291992188,174.85420347379235,169.20635801903592,174.35402491918632,17970333,RELIANCE.NS
2013-03-20,171.45716857910156,172.93686417047547,169.50855468493953,172.8535033898932,20179135,RELIANCE.NS
2013-03-21,169.35226440429688,173.56210930980876,167.71626724130033,171.93651833305938,16660114,RELIANCE.NS
2013-03-22,168.93540954589844,171.10285906930997,167.63286972466665,168.45607121891433,11876985,RELIANCE.NS
2013-03-25,168.65406799316406,171.59261854903204,167.19521281127192,171.0194993547192,14058667,RELIANCE.NS
2013-03-26,163.25633239746094,167.76835994304233,162.55815802237228,167.24734114217665,19465627,RELIANCE.NS
2013-03-28,161.0784149169922,163.79814310712092,159.30694316906076,163.60014739571187,26513604,RELIANCE.NS
2013-04-01,162.29762268066406,164.80893529596293,161.2660053858157,162.76654089759606,8326610,RELIANCE.NS
2013-04-02,165.4550018310547,165.99686073955675,162.20383446803143,162.59981203132432,11110756,RELIANCE.NS
2013-04-03,161.83914184570312,166.51789050709286,160.6824693673193,166.26780818442288,9321547,RELIANCE.NS
2013-04-04,159.96343994140625,162.13087532854126,159.2652657591206,160.9950571604762,11915658,RELIANCE.NS
2013-04-05,162.5789794921875,163.05831784673512,159.99472598106573,160.26564849206443,12989770,RELIANCE.NS
2013-04-08,164.51715087890625,165.5487681246784,162.14129962027573,162.16213981061418,8878601,RELIANCE.NS
2013-04-09,161.9224853515625,165.809292331307,160.70329242253305,165.0798578106206,13081885,RELIANCE.NS
2013-04-10,162.43309020996094,163.38134677618444,160.8075134872967,162.57897155491509,12190258,RELIANCE.NS
2013-04-11,160.70330810546875,163.62101864893134,159.254872930421,163.3917765218933,11428531,RELIANCE.NS
2013-04-12,161.5890350341797,162.64149256388382,159.4320194942921,159.84883725013754,11349794,RELIANCE.NS
2013-04-15,165.3924560546875,166.71584979205147,161.10967200763386,161.10967200763386,16184406,RELIANCE.NS
2013-04-16,167.75790405273438,168.81036152769235,163.68352148309228,166.1010532116335,17774606,RELIANCE.NS
2013-04-17,161.2451934814453,168.727032161543,160.3073568830583,167.9454970255496,32105722,RELIANCE.NS
2013-04-18,162.89157104492188,163.64183179413914,161.02631839882602,161.82869353485867,13793320,RELIANCE.NS
2013-04-22,164.590087890625,165.62170511349169,162.20381658980867,163.8085668582762,12790893,RELIANCE.NS
2013-04-23,167.49740600585938,167.935063978827,163.81901449040976,164.9548328535807,12356228,RELIANCE.NS
2013-04-25,170.82150268554688,172.2699377634914,168.31018999311283,168.31018999311283,25921526,RELIANCE.NS
2013-04-26,165.14236450195312,171.9364610736113,164.57966547124667,169.43556876379986,20852076,RELIANCE.NS
2013-04-29,165.1945037841797,166.49704365333855,164.3191878658256,165.2882846514295,20968563,RELIANCE.NS
2013-04-30,164.26705932617188,166.02809704643363,161.96414886366628,165.40287745954836,17548959,RELIANCE.NS
2013-05-02,167.33067321777344,168.18514891292725,163.2667244858141,164.1003460769784,27236264,RELIANCE.NS
2013-05-03,166.83050537109375,170.03999252523383,165.66342672159456,167.35152411590713,12917135,RELIANCE.NS
2013-05-06,171.2279510498047,171.9261115995681,167.18484131418697,167.18484131418697,9358282,RELIANCE.NS
2013-05-07,172.5929718017578,174.20812838879797,170.8214998655128,171.20705732260276,16529868,RELIANCE.NS
2013-05-08,172.90557861328125,173.58291268056774,171.32168227761395,172.99937338974408,11858396,RELIANCE.NS
2013-05-09,170.4984588623047,173.3223882314244,169.85239902550614,172.64506810794256,8182539,RELIANCE.NS
2013-05-10,171.46890258789062,173.06137335766218,170.67795417836402,171.8380193549112,9081731,RELIANCE.NS
2013-05-13,169.3701934814453,174.11593912687206,168.48431908365572,171.55322803044692,9087230,RELIANCE.NS
2013-05-14,168.34722900390625,170.635735588525,167.80937969154584,168.85344094964694,8828077,RELIANCE.NS
2013-05-15,172.7449951171875,173.1246576963066,169.15932739842148,169.15932739842148,11255447,RELIANCE.NS
2013-05-16,177.31141662597656,177.9758154559371,172.006729536499,172.11220151317175,15197535,RELIANCE.NS
2013-05-17,176.22518920898438,178.1656710183449,173.65194587738856,177.31143381143943,12484982,RELIANCE.NS
2013-05-20,175.3076629638672,180.33814551911618,174.8014509713882,176.62592893421242,13237846,RELIANCE.NS
2013-05-21,174.76983642578125,177.17434722402822,174.07380012515915,175.29714006681692,10594235,RELIANCE.NS
2013-05-22,172.69224548339844,175.90879602959126,171.58489525355935,175.0862102997839,12579289,RELIANCE.NS
2013-05-23,165.4575958251953,172.11218561926313,164.5400840477053,171.19467384177315,12798137,RELIANCE.NS
2013-05-24,165.8794708251953,167.61956851006678,164.35028895188626,167.34537795503567,7975390,RELIANCE.NS
2013-05-27,174.70655822753906,175.65570757862076,168.94838737495377,169.31750414033618,18956469,RELIANCE.NS
2013-05-28,177.89146423339844,178.62969773362033,174.2636137152478,175.06512195894692,21734556,RELIANCE.NS
2013-05-29,178.84060668945312,179.24136079593998,175.79278884984058,177.2797875040334,25752389,RELIANCE.NS
2013-05-30,176.49937438964844,178.43985613988494,175.06511873756898,178.22894033217528,18225094,RELIANCE.NS
2013-05-31,170.06626892089844,176.27792285014064,169.18040839814296,175.92989766773414,17159386,RELIANCE.NS
2013-06-03,166.18531799316406,169.86589757802977,165.62636291550928,169.51787239831563,14165128,RELIANCE.NS
2013-06-04,164.56121826171875,168.69529522588783,164.33975664141266,166.75481328103524,14752690,RELIANCE.NS
2013-06-05,169.15931701660156,169.64443748241695,164.62448608843977,164.62448608843977,12748842,RELIANCE.NS
2013-06-06,167.0500946044922,169.56006335452773,166.22750879621964,168.73747754625515,17113393,RELIANCE.NS
2013-06-07,165.27833557128906,169.1592988817504,164.7299404182664,167.51409934285624,9420701,RELIANCE.NS
2013-06-10,166.49114990234375,167.78832445417575,164.94087636273653,166.41732936424265,11361378,RELIANCE.NS
2013-06-11,165.70018005371094,166.94461140897107,163.52767695716307,165.25724280256674,13242164,RELIANCE.NS
2013-06-12,166.79698181152344,168.21015998039366,164.98304952314865,165.16234204177883,12774566,RELIANCE.NS
2013-06-13,166.5860595703125,167.23992677209503,164.6350319156225,165.1518038343784,9726275,RELIANCE.NS
2013-06-14,171.8274383544922,172.92422855991896,167.91483803336163,167.93592961116502,17575615,RELIANCE.NS
2013-06-17,174.12652587890625,174.62219213715363,171.07869371238277,172.0067514826963,11089648,RELIANCE.NS
2013-06-18,173.67303466796875,176.64703207845977,172.41804335454458,173.73630941119276,15658352,RELIANCE.NS
2013-06-19,175.42367553710938,175.75060911874917,171.88019141028477,173.37773588387606,17331546,RELIANCE.NS
2013-06-20,168.31561279296875,172.51294993068518,167.682851301217,172.51294993068518,17422410,RELIANCE.NS
2013-06-21,167.22935485839844,170.92047969132358,165.27832750847605,168.7163533968883,20486223,RELIANCE.NS
2013-06-24,167.18719482421875,167.9254142609748,164.20265154509963,166.62823975146065,16311628,RELIANCE.NS
2013-06-25,169.5389404296875,172.9347831883884,167.68283924863866,168.6741716157204,19232377,RELIANCE.NS
2013-06-26,169.49676513671875,171.78527195067832,168.96946156038828,170.73066479801741,16661304,RELIANCE.NS
2013-06-27,175.06509399414062,176.53100089001447,171.77470930013942,172.21764651355258,25751492,RELIANCE.NS
2013-06-28,181.94113159179688,184.1347118339101,178.43981730716985,183.39647850792946,48133694,RELIANCE.NS
2013-07-01,186.81344604492188,187.29856646425628,180.47524322360658,181.81460079172749,20497553,RELIANCE.NS
2013-07-02,183.89218139648438,188.1000784043483,183.23832832431614,186.26505459040564,17779689,RELIANCE.NS
2013-07-03,179.46286010742188,182.09939268432035,178.97773957757485,181.4982684381648,12816463,RELIANCE.NS
2013-07-04,181.7407684326172,183.62852103713786,178.7245882130355,179.9373821425197,13233510,RELIANCE.NS
2013-07-05,185.68504333496094,186.61310113851584,182.7321372617692,182.7321372617692,12756629,RELIANCE.NS
2013-07-08,182.85865783691406,184.22965274258786,181.0025566032019,183.50197917070415,14253091,RELIANCE.NS
2013-07-09,184.51441955566406,185.9908724900497,182.87976568128286,183.3121571789034,12922258,RELIANCE.NS
2013-07-10,180.54904174804688,185.5795233657954,176.96336122972167,184.3983528835879,22237458,RELIANCE.NS
2013-07-11,183.51254272460938,184.19803320388925,181.23458152113787,182.44737561828555,11368001,RELIANCE.NS
2013-07-12,187.7098846435547,188.98596759607744,183.41762098124477,184.3984077054678,14371976,RELIANCE.NS
2013-07-15,189.16522216796875,189.80852941862997,186.87671540701513,186.87671540701513,12913233,RELIANCE.NS
2013-07-16,189.95619201660156,190.76823193413742,186.2545070528467,187.08765263040934,12974694,RELIANCE.NS
2013-07-17,192.98292541503906,193.60514113386043,190.46241108845226,190.46241108845226,23132227,RELIANCE.NS
2013-07-18,193.468017578125,194.037504261247,191.77008923788398,193.62620441237416,12303560,RELIANCE.NS
2013-07-19,194.8284912109375,195.71435167449633,192.58216748162585,193.84770455500916,14298611,RELIANCE.NS
2013-07-22,191.7384796142578,192.9934709203647,189.60817361882866,192.9934709203647,16958736,RELIANCE.NS
2013-07-23,191.84393310546875,195.1026665273321,191.3588127105174,192.3712366582571,12430954,RELIANCE.NS
2013-07-24,191.80174255371094,193.39421313687194,188.80665376392483,191.51700622838564,13788582,RELIANCE.NS
2013-07-25,187.8785858154297,192.4028702017658,185.07333547590682,191.08460430608852,15831296,RELIANCE.NS
2013-07-26,187.75205993652344,190.61005366124257,186.760727462843,188.18445142991519,9565406,RELIANCE.NS
2013-07-29,186.81344604492188,189.5448901311102,186.1490471957693,187.09819645445953,9151355,RELIANCE.NS
2013-07-30,180.8338165283203,188.14226028389666,180.10614292971417,187.0981989016467,11393034,RELIANCE.NS
2013-07-31,183.93438720703125,185.5479354221459,177.72273345262457,181.10803082303744,15795755,RELIANCE.NS
2013-08-01,179.28353881835938,186.21231988250452,178.1972943017853,184.5882260025799,11071339,RELIANCE.NS
2013-08-02,180.8338165283203,183.913271724434,179.28354314013623,181.39275748489064,12821918,RELIANCE.NS
2013-08-05,181.71969604492188,184.11366086862708,180.49635619694126,181.39276246218,12559130,RELIANCE.NS
2013-08-06,177.3957977294922,182.27863955874435,175.09675906730288,181.06584548426764,12415511,RELIANCE.NS
2013-08-07,184.01869201660156,186.00135632291935,175.2759810199771,178.22888590512375,18794821,RELIANCE.NS
2013-08-08,182.58445739746094,184.01872696375747,180.79161691963392,182.9430283089914,11367214,RELIANCE.NS
2013-08-12,178.36605834960938,184.1031380087368,177.26926785001993,183.29108388586047,8728866,RELIANCE.NS
2013-08-13,179.8952178955078,181.38221658300296,176.11972636942042,177.8070950747331,11537003,RELIANCE.NS
2013-08-14,182.4473876953125,183.08016334250212,178.74571633444663,180.54910299322881,11260259,RELIANCE.NS
2013-08-16,174.3690948486328,182.86924254509984,172.3547922603088,182.44739678589744,27321905,RELIANCE.NS
2013-08-19,173.00863647460938,175.90881359893388,170.32993505030393,173.58868316333695,16150138,RELIANCE.NS
2013-08-20,174.08432006835938,175.23383930076756,169.8026027486501,171.07867145695803,11418893,RELIANCE.NS
2013-08-21,165.27833557128906,176.05644257374937,164.56119370053358,175.69787163837162,15711357,RELIANCE.NS
2013-08-22,170.0240936279297,170.56194307300527,163.29569562883307,165.03579346176502,22293762,RELIANCE.NS
2013-08-23,172.8504180908203,173.94720836003788,170.5302739983787,171.62707834742204,14332191,RELIANCE.NS
2013-08-26,173.50428771972656,175.3709489617783,170.50919873195545,173.48319613867864,9916035,RELIANCE.NS
2013-08-27,169.42295837402344,173.9894125032429,168.7374678930408,171.69037379236642,13094883,RELIANCE.NS
2013-08-28,171.226318359375,172.65004213427216,161.12315667612845,167.7039262240742,25813146,RELIANCE.NS
2013-08-29,178.28164672851562,180.00066666317247,171.3739577823849,172.11219117562376,30837833,RELIANCE.NS
2013-08-30,180.09561157226562,181.39277202152246,174.70655750728005,177.9758371876808,21443760,RELIANCE.NS
2013-09-02,187.034912109375,187.72040250330292,179.9584761925648,179.9584761925648,21052445,RELIANCE.NS
2013-09-03,175.27601623535156,188.07897050138743,174.7065295341991,187.34073709186816,17326878,RELIANCE.NS
2013-09-04,179.1464080810547,182.35241204665948,175.6978369165696,175.85602373334578,13323596,RELIANCE.NS
2013-09-05,181.9306182861328,183.44926847913038,179.51557587602798,182.02554448306577,14254145,RELIANCE.NS
2013-09-06,183.0801544189453,184.24021958253593,177.49071626023408,183.50200013656763,15048312,RELIANCE.NS
2013-09-10,187.7942352294922,188.4691939576468,182.71102358719995,184.11365591434674,18493766,RELIANCE.NS
2013-09-11,187.2458038330078,188.3320481661681,184.37726499294405,187.50946261514056,14860857,RELIANCE.NS
2013-09-12,184.64097595214844,190.04057585935146,183.74455555133412,187.2985857015462,17979275,RELIANCE.NS
2013-09-13,184.13473510742188,186.39160444315638,182.87974392656105,183.0801280054312,9825959,RELIANCE.NS
2013-09-16,181.76185607910156,187.23527548697737,180.1272165330387,186.86615878953572,12050423,RELIANCE.NS
2013-09-17,181.00254821777344,182.23643371983852,179.83192337139135,180.6228857248975,10930099,RELIANCE.NS
2013-09-18,183.9132843017578,184.55660570316763,180.71782519571582,181.49824187815534,13704245,RELIANCE.NS
2013-09-19,187.84695434570312,188.9753960703183,185.72719432067393,187.30910499726028,18935509,RELIANCE.NS
2013-09-20,186.01194763183594,190.04055195336147,183.60743717065043,186.87671647082217,18362492,RELIANCE.NS
2013-09-23,184.41949462890625,185.82211285128682,182.4473615099992,183.93437421159507,8875005,RELIANCE.NS
2013-09-24,184.4722137451172,186.57088215166965,183.11176467521196,183.92380453754134,12352943,RELIANCE.NS
2013-09-25,179.08316040039062,184.53548838677278,177.63834501616105,184.00818483805932,17472523,RELIANCE.NS
2013-09-26,176.8052215576172,179.31519014184806,176.17246003616947,178.57697071346362,19874983,RELIANCE.NS
2013-09-27,177.15321350097656,180.23266828486712,176.54154367564962,177.59615070685462,12006474,RELIANCE.NS
2013-09-30,173.46209716796875,178.1234771792566,172.76606094321127,175.49749097169422,15922812,RELIANCE.NS
2013-10-01,173.26173400878906,175.0440289212085,172.47077156225126,174.28470384614607,9108666,RELIANCE.NS
2013-10-03,178.64024353027344,179.0515434427165,173.6730353688713,173.6730353688713,9108321,RELIANCE.NS
2013-10-04,180.2115936279297,181.3294754963886,176.75247604566968,177.2903254004877,9909849,RELIANCE.NS
2013-10-07,178.02854919433594,179.78973821925265,176.3306208244002,178.77731430270197,11265723,RELIANCE.NS
2013-10-08,178.21839904785156,180.27488454432438,177.0055908833757,179.22027731945767,12119312,RELIANCE.NS
2013-10-09,181.58255004882812,183.0062735968687,176.6469807142167,177.16373838011384,11954619,RELIANCE.NS
2013-10-10,181.3927459716797,181.98333834097275,178.87223189211633,181.18183018252196,9371240,RELIANCE.NS
2013-10-11,182.09934997558594,183.08013659764256,180.19050568106428,182.44736104289058,9773103,RELIANCE.NS
2013-10-14,183.5652618408203,184.55659427886377,182.06771739355952,182.44736584060252,12156983,RELIANCE.NS
2013-10-15,183.03793334960938,189.54486805282232,182.23642524412952,189.26011767645255,23041721,RELIANCE.NS
2013-10-17,185.68504333496094,187.29859165985997,182.3735662740711,183.5020081942051,17613513,RELIANCE.NS
2013-10-18,191.0213623046875,191.51702856418365,185.9486960081017,185.9486960081017,22177371,RELIANCE.NS
2013-10-21,192.61376953125,193.09888987511226,189.01755714558968,191.0213132511307,15143599,RELIANCE.NS
2013-10-22,190.71548461914062,192.1392083850425,189.30230664232337,191.39044328020793,10246173,RELIANCE.NS
2013-10-23,189.14414978027344,191.77012207762,187.224759543397,190.92644473732366,8945093,RELIANCE.NS
2013-10-24,186.5603790283203,192.14980355777166,185.89596598557955,188.15283582884732,11717100,RELIANCE.NS
2013-10-25,187.08766174316406,188.3110016140182,185.47411353977245,186.475991807737,9945744,RELIANCE.NS
2013-10-28,187.8785858154297,190.85259694259716,187.266915959127,187.2985533268758,15374364,RELIANCE.NS
2013-10-29,189.1547088623047,190.66279928584362,186.43382425696785,187.53061473230008,14450634,RELIANCE.NS
2013-10-30,189.43943786621094,190.44131610464916,188.7117501756506,189.09141270638526,9614780,RELIANCE.NS
2013-10-31,192.93017578125,193.6262119588991,188.9859379216454,189.82961515034796,19779731,RELIANCE.NS
2013-11-01,191.56976318359375,195.42963546311958,190.53624746981654,191.9599715440594,11890914,RELIANCE.NS
2013-11-05,191.87557983398438,194.40663982680462,190.53622226784518,190.53622226784518,10955587,RELIANCE.NS
2013-11-06,189.53436279296875,194.02699648422407,188.76449188914702,191.93887354374993,9619806,RELIANCE.NS
2013-11-07,186.8556365966797,191.0529878969031,186.05414244595994,189.61871816214034,9792601,RELIANCE.NS
2013-11-08,184.7569580078125,187.29856375763862,183.7445340238168,186.87671808433606,8755784,RELIANCE.NS
2013-11-11,182.21534729003906,186.05412732462256,181.43493070373276,184.34565309831854,8901228,RELIANCE.NS
2013-11-12,179.83193969726562,183.83945261522075,179.32572768741684,182.44736606817992,12169801,RELIANCE.NS
2013-11-13,178.10238647460938,181.68805367642318,177.61726604896137,179.26245154818326,8391536,RELIANCE.NS
2013-11-14,179.63156127929688,182.23644173813392,179.3679024565855,179.54719496157358,8031378,RELIANCE.NS
2013-11-18,184.5038604736328,185.13662194855004,180.58071398545866,180.99201387209408,12073167,RELIANCE.NS
2013-11-19,185.26316833496094,186.64470903065958,184.55658634241144,184.55658634241144,8434885,RELIANCE.NS
2013-11-20,181.9200439453125,186.24394420887276,180.75997898087024,184.52493834047831,13090661,RELIANCE.NS
2013-11-21,178.7772979736328,181.39272383919817,177.9019693957793,181.37163226285585,11465699,RELIANCE.NS
2013-11-22,177.96530151367188,180.64401705189945,176.98451473783038,179.49449761090796,7482129,RELIANCE.NS
2013-11-25,179.64210510253906,180.7283495909879,178.02855705426575,178.72459324768977,10078405,RELIANCE.NS
2013-11-26,177.43795776367188,180.71779676025506,176.65755528385418,179.38898508295418,13965988,RELIANCE.NS
2013-11-27,176.741943359375,179.1780913611404,176.17245659321884,178.12348415272865,11421820,RELIANCE.NS
2013-11-28,178.85116577148438,180.63346076286794,177.82819588880497,177.82819588880497,12546701,RELIANCE.NS
2013-11-29,179.95848083496094,180.65453111611833,178.98824002108933,179.483920297571,9884161,RELIANCE.NS
2013-12-02,180.4014434814453,182.0150058550463,179.76868192934717,179.91632300621018,7221751,RELIANCE.NS
2013-12-03,181.7935028076172,182.5528278197508,179.42062974448206,180.3381416008827,9184625,RELIANCE.NS
2013-12-04,180.55963134765625,182.9746877576547,179.95849313289648,181.58260118003406,8761077,RELIANCE.NS
2013-12-05,183.71287536621094,184.97841223947205,183.09065975810756,183.92379113850882,12534404,RELIANCE.NS
2013-12-06,182.80593872070312,184.48277569885317,181.64587362725894,183.5336264115527,7301066,RELIANCE.NS
2013-12-09,185.3896942138672,187.2985382335248,184.80966177205494,186.05410704270201,12704841,RELIANCE.NS
2013-12-10,186.59197998046875,187.4462171087697,185.29480560341273,185.29480560341273,8718563,RELIANCE.NS
2013-12-11,186.1595916748047,186.65525788063786,184.02928579266137,186.1385000949746,4977570,RELIANCE.NS
2013-12-12,183.54415893554688,185.61119000566072,183.08013011574317,185.1893443440368,5690033,RELIANCE.NS
2013-12-13,182.3840789794922,183.1012208247929,180.89708042124226,182.86919937608064,8926111,RELIANCE.NS
2013-12-16,178.23947143554688,181.86732158800484,177.84926314361044,181.39274697993636,10046119,RELIANCE.NS
2013-12-17,177.00558471679688,179.89521573377198,176.4888269130186,179.00935527002838,10089421,RELIANCE.NS
2013-12-18,181.3822021484375,182.2048018947212,177.00557275753985,177.00557275753985,12009855,RELIANCE.NS
2013-12-19,180.1377716064453,182.32080637673468,177.95472275633,182.32080637673468,13450539,RELIANCE.NS
2013-12-20,188.80667114257812,189.40780937769327,181.83570630781497,183.92382920503914,20508621,RELIANCE.NS
2013-12-23,189.03868103027344,191.7279279179116,187.72041502191854,189.61871356840507,16191974,RELIANCE.NS
2013-12-24,189.41836547851562,190.88427271864626,188.79613562793747,189.09143186616922,7306775,RELIANCE.NS
2013-12-26,187.20364379882812,189.8296157572309,186.05412459515705,188.66955076416514,14619868,RELIANCE.NS
2013-12-27,185.36865234375,188.54303406206606,184.95736648587206,187.42515203228012,7744563,RELIANCE.NS
2013-12-30,187.10873413085938,187.6887666349456,184.73586108702864,185.82210556847704,10315527,RELIANCE.NS
2013-12-31,188.81719970703125,189.4605210466445,187.10873951421405,187.29856373125165,5706010,RELIANCE.NS
2014-01-01,187.46730041503906,189.46051090656061,187.2141873927095,189.2917641983991,5849398,RELIANCE.NS
2014-01-02,184.5565643310547,188.98592221291577,183.5230488999362,187.23526500521035,6023632,RELIANCE.NS
2014-01-03,182.2891845703125,184.20857476400727,180.3381570050619,183.83945801602894,12833897,RELIANCE.NS
2014-01-06,180.32760620117188,182.07826369789814,179.28354480920208,181.83569644288679,13315857,RELIANCE.NS
2014-01-07,177.61729431152344,181.38224054456893,177.18490276770584,180.25381266181864,17311470,RELIANCE.NS
2014-01-08,179.08316040039062,180.83380367657514,178.102373828608,178.102373828608,12726430,RELIANCE.NS
2014-01-09,179.43118286132812,180.08505000398497,178.23948042620043,179.3784539110859,8309185,RELIANCE.NS
2014-01-10,181.00254821777344,184.83076827481096,178.86168260061135,178.93550312537118,14839980,RELIANCE.NS
2014-01-13,185.695556640625,186.24395177772922,183.08013042986047,183.1328593776757,12058586,RELIANCE.NS
2014-01-14,185.9276123046875,186.57091966623864,184.01876772321293,185.29483665481158,12075547,RELIANCE.NS
2014-01-15,186.76072692871094,188.7750292420352,185.8221234105886,186.60254007054218,12660424,RELIANCE.NS
2014-01-16,186.90835571289062,188.4164457875328,186.04357285055733,187.44620503462838,18038361,RELIANCE.NS
2014-01-17,186.61306762695312,189.1757648780194,185.66391841102845,187.5411252638495,15463211,RELIANCE.NS
2014-01-20,183.44924926757812,187.50949093494944,182.67937846091385,187.06655368834925,16576057,RELIANCE.NS
2014-01-21,182.0360565185547,184.2612742818221,181.8145808732164,184.06090429397665,9806364,RELIANCE.NS
2014-01-22,184.01869201660156,184.63036175199642,181.0025124084647,182.1309397947691,8517726,RELIANCE.NS
2014-01-23,182.61610412597656,183.77616915355065,181.51931383665277,181.51931383665277,13767334,RELIANCE.NS
2014-01-24,183.00631713867188,184.4827699753522,181.62477641181164,181.81460063145178,11879019,RELIANCE.NS
2014-01-27,177.83871459960938,181.5614908798808,177.24813631600662,180.54906694232594,12345838,RELIANCE.NS
2014-01-28,178.19728088378906,180.54906224751926,177.74379787356935,178.6507638940088,11573795,RELIANCE.NS
2014-01-29,176.45716857910156,179.81082805001748,176.1197033300812,179.24134136247048,12374165,RELIANCE.NS
2014-01-30,174.010498046875,175.87715927071363,173.41991970346768,175.36040146025385,14102043,RELIANCE.NS
2014-01-31,175.3076629638672,175.7927833766523,174.2530558195215,174.43233424691934,11038353,RELIANCE.NS
2014-02-03,173.14572143554688,175.02291428631455,172.8398794471398,174.2636033300119,8227762,RELIANCE.NS
2014-02-04,173.28282165527344,174.35852042066492,171.5110725735745,171.79582299021425,12362252,RELIANCE.NS
2014-02-05,172.37586975097656,173.2722901560125,170.1928346693863,172.97699392476525,11298451,RELIANCE.NS
2014-02-06,172.08055114746094,173.8206485534867,170.4564433393803,172.95586570500544,10826505,RELIANCE.NS
2014-02-07,171.7852783203125,173.75739742966755,170.9732243059333,173.39882647892296,8459052,RELIANCE.NS
2014-02-10,173.36720275878906,174.137073672503,171.08924147092964,171.95402450500688,10345205,RELIANCE.NS
2014-02-11,169.8447723388672,174.01047155972316,169.3174688182503,173.58864000708954,12609169,RELIANCE.NS
2014-02-12,172.51295471191406,173.3566461108506,170.29828238948951,170.42483187538187,9828890,RELIANCE.NS
2014-02-13,170.2982940673828,172.72389644578627,169.80262780048793,172.72389644578627,8657303,RELIANCE.NS
2014-02-14,173.38829040527344,173.79959033067283,170.4248386800086,171.2474385308074,9218744,RELIANCE.NS
2014-02-17,171.331787109375,173.37772665368772,170.2244510186616,172.46021477972764,9058505,RELIANCE.NS
2014-02-18,171.51107788085938,172.50241035490822,170.23500906118656,170.23500906118656,5741275,RELIANCE.NS
2014-02-19,171.3212432861328,172.95588296641765,170.84666865897574,171.47943013524304,6130140,RELIANCE.NS
2014-02-20,169.886962890625,171.62707444029868,169.39129671487544,171.12086247527415,8041497,RELIANCE.NS
2014-02-21,171.16307067871094,172.1122200119994,169.91862512268676,170.23501292705876,6256274,RELIANCE.NS
2014-02-24,171.3423309326172,171.89072607676988,169.85533234563798,170.43536485888643,6800627,RELIANCE.NS
2014-02-25,170.962646484375,172.11217965348226,170.3298851038345,171.7536087699188,7039336,RELIANCE.NS
2014-02-26,170.99427795410156,172.2914521153204,170.4775202631751,171.0575526819917,13608048,RELIANCE.NS
2014-02-28,168.72689819335938,171.97508577444725,167.2820828207904,170.9942992105802,18949872,RELIANCE.NS
2014-03-03,169.45458984375,170.17173175194083,168.13632380181156,168.75855359622545,11635479,RELIANCE.NS
2014-03-04,171.46890258789062,171.82747356384857,169.28586751861067,169.37023384711188,8997053,RELIANCE.NS
2014-03-05,170.21388244628906,172.53401221537058,169.82367419536467,172.01725450354886,11827655,RELIANCE.NS
2014-03-06,173.47267150878906,173.88397146922256,170.69905786351612,170.7096036553265,10172590,RELIANCE.NS
2014-03-07,183.3754119873047,184.34565278384483,174.01048336673387,174.01048336673387,33597187,RELIANCE.NS
2014-03-10,186.76072692871094,190.5995073255569,182.1099065801048,182.46847753844781,32869474,RELIANCE.NS
2014-03-11,184.5038604736328,187.25638204140984,183.94491952814286,186.66580372616534,12780183,RELIANCE.NS
2014-03-12,183.78671264648438,186.22286043780636,183.0063101379907,184.34565357386958,9431389,RELIANCE.NS
2014-03-13,185.51629638671875,188.72230120682198,184.49332653926638,184.5566012828415,17221827,RELIANCE.NS
2014-03-14,186.90835571289062,187.70984976105612,183.30158321675782,184.345644493062,16540547,RELIANCE.NS
2014-03-18,189.08087158203125,191.68575225028593,187.6149644542602,187.6149644542602,19034847,RELIANCE.NS
2014-03-19,190.46240234375,191.91776360422836,188.82774857332214,189.82962678366275,16376397,RELIANCE.NS
2014-03-20,191.0951690673828,191.41155685610767,189.43943775133607,190.16711136162832,29711945,RELIANCE.NS
2014-03-21,186.8345184326172,192.6454170777254,186.06466176265388,191.30605964718788,22050970,RELIANCE.NS
2014-03-24,190.9686279296875,191.67520999026618,187.95244729408327,187.9840846663557,28815466,RELIANCE.NS
2014-03-25,185.46356201171875,186.1385066699487,184.02929229313165,185.40028726999347,31299573,RELIANCE.NS
2014-03-26,187.97352600097656,190.4518570583768,185.85375180477254,185.8748433848429,13811011,RELIANCE.NS
2014-03-27,189.9878387451172,190.86316752619632,188.16336064862188,188.7433932125257,55407935,RELIANCE.NS
2014-03-28,193.2360382080078,194.0375465023383,189.82964907684544,189.82964907684544,18667646,RELIANCE.NS
2014-03-31,196.31549072265625,198.2243210114644,192.61380567899167,193.25711296881292,18751896,RELIANCE.NS
2014-04-01,198.81491088867188,199.32112289776276,196.0096462183726,197.42282434371523,15640608,RELIANCE.NS
2014-04-02,202.10528564453125,202.90679387367186,197.86576526994642,199.32112658296896,26780181,RELIANCE.NS
2014-04-03,200.93466186523438,203.1071508651381,198.35087298675032,201.80999057095326,26550895,RELIANCE.NS
2014-04-04,199.16290283203125,201.0612012037147,198.59341613649127,200.79755647421717,12513877,RELIANCE.NS
2014-04-07,199.14183044433594,201.419791525841,197.07479924658088,199.11019307374747,12905249,RELIANCE.NS
2014-04-09,202.9384307861328,203.89812586892396,199.77460919792736,200.37573332851062,13438946,RELIANCE.NS
2014-04-10,204.39378356933594,205.41675335163757,202.94896811023932,203.47627168627645,10649501,RELIANCE.NS
2014-04-11,201.1666717529297,204.81562767737043,200.50227291296662,202.97005813546318,11691621,RELIANCE.NS
2014-04-15,200.18589782714844,201.21942753679744,197.54937980003416,200.37573613619003,9264526,RELIANCE.NS
2014-04-16,198.5406951904297,202.2740173491446,197.86575057589505,199.6374854689832,12381278,RELIANCE.NS
2014-04-17,202.29510498046875,202.86459168784134,199.06799486558987,199.32110789099193,7845800,RELIANCE.NS
2014-04-21,202.40057373046875,204.5836085724578,201.66234027329014,204.5836085724578,11817203,RELIANCE.NS
2014-04-22,204.1195526123047,208.5489105273571,201.66231347790784,202.48491314550276,19331824,RELIANCE.NS
2014-04-23,203.99301147460938,207.12519528471503,203.38134163314456,204.38321974720463,15288495,RELIANCE.NS
2014-04-24,203.99301147460938,203.99301147460938,203.99301147460938,203.99301147460938,0,RELIANCE.NS
2014-04-25,200.006591796875,204.3832209739932,199.53201720948084,204.17230519285144,13252156,RELIANCE.NS
2014-04-28,199.32110595703125,201.6412359216061,198.55123517872156,200.33352988916494,16610579,RELIANCE.NS
2014-04-29,198.3297576904297,200.74481364472737,197.84463734188006,199.54255152189162,8396497,RELIANCE.NS
2014-04-30,197.38064575195312,202.48494912178958,195.96746759389794,199.0891060422477,14391181,RELIANCE.NS
2014-05-02,195.7565155029297,199.8273168683974,195.3135923548063,198.26649782124818,9070553,RELIANCE.NS
2014-05-05,199.71131896972656,202.16855850640556,195.10268189460223,195.10268189460223,15199246,RELIANCE.NS
2014-05-06,203.1915283203125,203.96138503794086,199.85896026090708,199.93278078781964,12392211,RELIANCE.NS
2014-05-07,202.66421508789062,204.88944713232422,201.86272098416393,202.50602824106815,10571569,RELIANCE.NS
2014-05-08,202.5482177734375,204.61524895626198,200.53391554121296,203.13879609998355,11949181,RELIANCE.NS
2014-05-09,210.4156036376953,210.7108998425061,201.599069612004,201.599069612004,18452114,RELIANCE.NS
2014-05-12,216.9752960205078,221.2570141008858,209.67741116288494,209.84614382739414,30847764,RELIANCE.NS
2014-05-13,224.29425048828125,225.43323803012473,218.19861500474744,219.3586800464381,26863271,RELIANCE.NS
2014-05-14,220.51878356933594,225.2645162394284,219.59072580135918,224.42083887930863,19375695,RELIANCE.NS
2014-05-15,222.18504333496094,223.57712987757893,219.20050023639453,220.5187662477855,20864719,RELIANCE.NS
2014-05-16,229.8834991455078,243.94169511522884,226.2305021440019,232.19458700615678,52633579,RELIANCE.NS
2014-05-19,238.57403564453125,239.57514970933124,231.51297373668254,232.38628963629645,23797958,RELIANCE.NS
2014-05-20,230.01132202148438,240.48042119567216,229.12737041903955,240.24612453975456,22509088,RELIANCE.NS
2014-05-21,229.7024383544922,234.9316550414237,228.71197421750685,230.01128389518985,21991587,RELIANCE.NS
2014-05-22,234.47372436523438,237.15757123620807,231.04437395371576,231.32128420627842,18745180,RELIANCE.NS
2014-05-23,240.1502227783203,241.11940144521387,234.7293088390018,236.7634863517184,16566818,RELIANCE.NS
2014-05-26,234.66542053222656,242.82341643132293,228.97823173759903,241.2259109798881,16073584,RELIANCE.NS
2014-05-27,231.7366180419922,236.00732017085045,228.9995222223406,234.9423071002187,11273379,RELIANCE.NS
2014-05-28,231.93896484375,235.709124190512,231.05499916181103,232.08806269220844,11351815,RELIANCE.NS
2014-05-29,228.6693878173828,232.89749076118733,227.561761090208,232.7057935181448,27659174,RELIANCE.NS
2014-05-30,226.78428649902344,232.10935159832238,225.7831725541049,231.10825187215661,17293884,RELIANCE.NS
2014-06-02,230.5118408203125,231.80051487014617,226.9120932640151,228.9249710760981,8806299,RELIANCE.NS
2014-06-03,233.32350158691406,234.72932404195853,229.47879308415122,230.74616752870963,10874352,RELIANCE.NS
2014-06-04,229.51075744628906,234.6867398096257,229.24451125508386,232.7377608149827,8826406,RELIANCE.NS
2014-06-05,232.1519775390625,233.2169906155269,226.6884499349226,229.72374146847216,19974435,RELIANCE.NS
2014-06-06,239.07461547851562,241.33244015382638,235.17665731853882,235.87956151285582,29319340,RELIANCE.NS
2014-06-09,239.1278533935547,241.26854398426138,236.8806785391698,240.6934237416049,13497804,RELIANCE.NS
2014-06-10,238.20126342773438,240.789247221486,234.39915447649503,240.789247221486,15760599,RELIANCE.NS
2014-06-11,234.75064086914062,238.56338589054073,232.70581322847224,238.56338589054073,15164409,RELIANCE.NS
2014-06-12,233.05726623535156,237.17888542069466,230.91658989127225,233.99448130608175,11767348,RELIANCE.NS
2014-06-13,230.44796752929688,235.7943473402221,228.48833872907744,234.36722512973577,14646904,RELIANCE.NS
2014-06-16,226.94406127929688,230.89526830155427,225.17614400527393,230.89526830155427,14371376,RELIANCE.NS
2014-06-17,232.18392944335938,232.87618368448676,225.37847846854933,225.37847846854933,15824961,RELIANCE.NS
2014-06-18,227.22096252441406,234.65476878361335,225.92163857402247,231.74727532930746,19212704,RELIANCE.NS
2014-06-19,221.97042846679688,228.96757669146172,219.73390382307014,228.76522960762588,23126286,RELIANCE.NS
2014-06-20,220.7776336669922,223.52536536702397,220.29837631923897,222.77986183649378,12855084,RELIANCE.NS
2014-06-23,221.08644104003906,222.56681221676686,218.1150488411125,220.88409397608982,14768300,RELIANCE.NS
2014-06-24,225.75125122070312,226.379606421548,222.58814708466153,222.58814708466153,11890148,RELIANCE.NS
2014-06-25,223.8661651611328,225.64474646131907,223.25910967151236,225.28263744941663,10564797,RELIANCE.NS
2014-06-26,215.53773498535156,218.73278845205215,214.4301225168969,218.32808006814466,24480677,RELIANCE.NS
2014-06-27,215.5803680419922,218.0086045059423,214.53665448923164,215.1330602024154,9225499,RELIANCE.NS
2014-06-30,216.28326416015625,217.26307852322682,213.00301174764687,215.6762086614342,20656550,RELIANCE.NS
2014-07-01,214.70700073242188,217.38018288694732,214.48333977153442,216.66662906233347,9653273,RELIANCE.NS
2014-07-02,216.8903045654297,218.82863346264813,215.55903112468815,216.62404418978002,12293489,RELIANCE.NS
2014-07-03,214.38754272460938,218.3281000218021,213.74853766037012,217.2630868418184,11575392,RELIANCE.NS
2014-07-04,219.8084259033203,220.84148932687341,213.7058939689546,214.06798870633267,12957117,RELIANCE.NS
2014-07-07,218.79669189453125,220.88411871565606,217.47606825195558,220.03210254504248,14019093,RELIANCE.NS
2014-07-08,211.9486541748047,220.3516254167742,210.872991159555,218.54109450001428,17484768,RELIANCE.NS
2014-07-09,213.2053680419922,215.11173326942833,211.40548706346542,213.42901482408524,14903156,RELIANCE.NS
2014-07-10,212.4066162109375,217.5825842952161,208.96661592935754,213.05627112866458,18600100,RELIANCE.NS
2014-07-11,205.86740112304688,213.4290052699611,205.2603456657865,211.98058351831583,17783841,RELIANCE.NS
2014-07-14,204.85565185546875,207.6566327225794,204.16338335991045,206.31472355715928,13764770,RELIANCE.NS
2014-07-15,207.08151245117188,208.74294535068083,205.1325337012695,205.207096844199,15345123,RELIANCE.NS
2014-07-16,210.80909729003906,211.51200144826763,207.46494562247054,207.46494562247054,13957671,RELIANCE.NS
2014-07-17,209.2754669189453,212.6196042133149,208.80685942884983,210.44697853480682,9426887,RELIANCE.NS
2014-07-18,208.05068969726562,209.49911154087604,206.46381984309988,208.7429581875506,9332698,RELIANCE.NS
2014-07-21,212.50245666503906,214.7070461115131,211.94865039633055,213.00301369817507,16987269,RELIANCE.NS
2014-07-22,219.59544372558594,220.22381311371973,213.23731466793322,213.8550199906924,28489939,RELIANCE.NS
2014-07-23,220.08535766601562,221.48053027256128,217.4867239167556,220.46876637492394,13721398,RELIANCE.NS
2014-07-24,221.74679565429688,222.20475330215024,218.11508401303493,219.39310833189995,9673900,RELIANCE.NS
2014-07-25,217.6571502685547,222.22606288443845,214.5046958292549,221.92785293114144,13532588,RELIANCE.NS
2014-07-28,214.19583129882812,218.01922580262126,213.34381512371232,217.4760694011423,9372911,RELIANCE.NS
2014-07-30,214.31298828125,215.3460518923927,211.51199316804602,213.85503063500838,18616706,RELIANCE.NS
2014-07-31,214.3769073486328,217.24180181181092,213.42904242633588,214.69641701169832,17722817,RELIANCE.NS
2014-08-01,207.954833984375,212.79000652953232,207.6779379727052,211.93799036380986,15826199,RELIANCE.NS
2014-08-04,209.80796813964844,210.80908217675827,207.90158868666722,208.95595195779842,14672155,RELIANCE.NS
2014-08-05,209.56301879882812,210.41503502684162,206.8259369280604,209.8292792021154,12233949,RELIANCE.NS
2014-08-06,210.47894287109375,212.7048321601989,208.63646232242732,209.78668854374348,16358373,RELIANCE.NS
2014-08-07,210.723876953125,212.3000968881795,209.4565025659422,210.65996365550134,10844144,RELIANCE.NS
2014-08-08,208.84945678710938,209.48846182420857,207.27323677892906,208.64709547587918,9118453,RELIANCE.NS
2014-08-11,208.84945678710938,210.2872287846483,208.18913783731105,209.83992099305257,6696796,RELIANCE.NS
2014-08-12,209.68016052246094,210.2233169037393,207.96547838928032,210.0209556048295,9556263,RELIANCE.NS
2014-08-13,210.90492248535156,212.27879532521496,208.7429467942803,209.445850874412,14113750,RELIANCE.NS
2014-08-14,213.63134765625,214.068005563284,211.245725264776,211.9379794771452,12062077,RELIANCE.NS
2014-08-18,215.78271484375,216.29392173758995,212.47051277181052,213.23733022194787,7643510,RELIANCE.NS
2014-08-19,214.98394775390625,217.9020912520558,214.30234330201375,216.1980730129472,14559347,RELIANCE.NS
2014-08-20,212.6515350341797,216.93290115059295,212.01253004712282,215.3460314197126,13022078,RELIANCE.NS
2014-08-21,211.9593048095703,213.85503451180801,210.8942916376683,213.00301828678448,16449220,RELIANCE.NS
2014-08-22,212.64088439941406,214.4940144956347,212.0018794147271,213.0242930777275,8571614,RELIANCE.NS
2014-08-25,212.1083984375,214.81354492137552,211.60784140357472,213.00301403403765,7455233,RELIANCE.NS
2014-08-26,211.58651733398438,212.35333467660712,209.38194235676156,212.1509733856706,9548209,RELIANCE.NS
2014-08-27,211.6610870361328,213.38641911705008,210.20202956647412,212.40660476014142,8391614,RELIANCE.NS
2014-08-28,212.7261199951172,213.85503223908538,211.85280408468688,211.85280408468688,15914040,RELIANCE.NS
2014-09-01,216.00637817382812,217.47609988346574,212.06582058503554,213.9296008973036,16197464,RELIANCE.NS
2014-09-02,218.07249450683594,219.72327777085735,215.26086362792347,216.94358221620257,16556769,RELIANCE.NS
2014-09-03,219.6593475341797,220.66046151079,217.4973576697957,218.36002364631716,21922291,RELIANCE.NS
2014-09-04,218.51979064941406,220.2238230607217,216.85837184526815,219.1801096072353,9346763,RELIANCE.NS
2014-09-05,218.466552734375,220.1279716246121,217.39088968384462,218.90321070693042,9078852,RELIANCE.NS
2014-09-08,221.03321838378906,221.38467754533485,218.96709123902755,220.2238158119389,13886787,RELIANCE.NS
2014-09-09,220.03213500976562,221.8000666918259,219.00972114167843,219.84043774153275,9166689,RELIANCE.NS
2014-09-10,216.37911987304688,219.20141473754538,215.68686557550708,218.999053418838,9459033,RELIANCE.NS
2014-09-11,217.13526916503906,219.39310785786242,214.70704713632495,217.32698063276962,10619105,RELIANCE.NS
2014-09-12,216.32586669921875,218.1150836803956,215.44190094642516,216.94357205395525,8749882,RELIANCE.NS
2014-09-15,213.58876037597656,215.5590388829354,213.2160157429062,214.94133355795066,8738403,RELIANCE.NS
2014-09-16,208.6151580810547,213.8869890456365,207.99745270193597,213.30123320929522,13242995,RELIANCE.NS
2014-09-17,210.5854034423828,210.99011180562005,208.51927646131952,209.7866507805687,10887270,RELIANCE.NS
2014-09-18,214.04673767089844,215.13305056746654,209.53107430366572,209.80798456100425,9089107,RELIANCE.NS
2014-09-19,212.03382873535156,216.368444061931,211.08596399601655,214.28101735367758,17169819,RELIANCE.NS
2014-09-22,211.20314025878906,212.15099084102098,210.38307361917091,211.51198581542792,7900222,RELIANCE.NS
2014-09-23,205.72898864746094,212.03386936469693,205.13256871474437,211.2351165362917,17694403,RELIANCE.NS
2014-09-24,205.5585479736328,207.4862270890666,203.50307069861327,206.29341582875855,15393998,RELIANCE.NS
2014-09-25,198.0608367919922,206.1442976462269,196.52721626616417,205.78220287146786,33092058,RELIANCE.NS
2014-09-26,198.78506469726562,200.57428162396005,195.38766402153544,197.87979927769354,15904980,RELIANCE.NS
2014-09-29,198.76377868652344,200.79795644950497,198.00761107076588,199.57318132143058,12481132,RELIANCE.NS
2014-09-30,201.43695068359375,202.0227064877809,197.03843590055467,197.66679109277328,17642155,RELIANCE.NS
2014-10-01,197.49636840820312,201.41562535838784,197.24077211254024,200.9896173135305,8656245,RELIANCE.NS
2014-10-07,197.27273559570312,199.13650137292836,196.69761545229838,197.5070322166244,12404189,RELIANCE.NS
2014-10-08,199.5199432373047,200.54235709974202,196.20775514193767,196.20775514193767,9827783,RELIANCE.NS
2014-10-09,203.34335327148438,203.89715959755668,199.8394536765951,199.8394536765951,11164671,RELIANCE.NS
2014-10-10,204.621337890625,206.39991919543593,199.3921208825506,201.71385859725044,15465656,RELIANCE.NS
2014-10-13,204.03558349609375,205.49465518563284,201.93750677030715,204.8662999963435,13881865,RELIANCE.NS
2014-10-14,204.74913024902344,208.5299250547417,204.1846742005642,208.5299250547417,19077913,RELIANCE.NS
2014-10-15,204.74913024902344,204.74913024902344,204.74913024902344,204.74913024902344,0,RELIANCE.NS
2014-10-16,198.30580139160156,203.8225782987361,197.66678216249062,202.7043159759225,19017182,RELIANCE.NS
2014-10-17,199.7755126953125,200.36126844320745,197.0703665027571,199.37080432915235,15313270,RELIANCE.NS
2014-10-20,199.16845703125,200.35063267484276,194.16288687933644,199.90332489331496,21187302,RELIANCE.NS
2014-10-21,197.95436096191406,199.5838302908952,197.47510360412488,198.9980744577651,17621790,RELIANCE.NS
2014-10-22,201.42630004882812,202.52326272385724,198.763767213502,199.17911124518452,13384016,RELIANCE.NS
2014-10-27,200.51039123535156,205.3242644067927,199.5412266926776,205.3242644067927,10072622,RELIANCE.NS
2014-10-28,198.9554443359375,200.64881248855676,197.26207618331824,200.45711526255366,22023470,RELIANCE.NS
2014-10-29,202.69366455078125,203.07707326840674,198.97676834988954,199.4986250809962,17516848,RELIANCE.NS
2014-10-30,208.5832061767578,209.07311337922025,201.7351694085109,201.92686666300511,32745121,RELIANCE.NS
2014-10-31,213.12017822265625,213.79114707940101,209.1370213489074,209.1370213489074,14086084,RELIANCE.NS
2014-11-03,213.50355529785156,214.92002751795155,210.90492169598758,213.85501444597875,12376151,RELIANCE.NS
2014-11-05,211.14987182617188,214.81353278234062,210.53216650870866,213.42901007724788,15730002,RELIANCE.NS
2014-11-07,208.84945678710938,212.01254665044243,208.32760006670674,210.96883320963715,11633677,RELIANCE.NS
2014-11-10,206.4744415283203,210.8303563119995,206.0271337980126,209.3393352838913,10482542,RELIANCE.NS
2014-11-11,208.2530517578125,210.40437772766143,205.81416570009807,207.12412531911312,10100100,RELIANCE.NS
2014-11-12,207.47561645507812,209.38199623755114,206.33605421255493,209.15833519725055,9286081,RELIANCE.NS
2014-11-13,206.4531707763672,208.70035958841316,205.20711023915192,207.46493467944958,7041533,RELIANCE.NS
2014-11-14,206.431884765625,208.2637154471034,205.55856881573362,206.39993522248912,8424014,RELIANCE.NS
2014-11-17,209.85057067871094,210.35112770478395,205.76091569441294,205.76091569441294,10224348,RELIANCE.NS
2014-11-18,210.5854034423828,212.5130824266488,209.85054985601357,209.903799085551,13410579,RELIANCE.NS
2014-11-19,208.34889221191406,211.2989850289133,207.99743305580387,210.58541687010634,8099318,RELIANCE.NS
2014-11-20,208.9027099609375,209.53106516291223,206.676820807961,208.31695414765565,11342020,RELIANCE.NS
2014-11-21,212.51312255859375,213.2160409587357,208.7855762557776,208.7855762557776,11739875,RELIANCE.NS
2014-11-24,209.8825225830078,213.8869788366846,209.10505530835582,213.04561247952768,12426216,RELIANCE.NS
2014-11-25,211.51197814941406,211.91668653116463,207.3158249198904,209.82925976279745,14606201,RELIANCE.NS
2014-11-26,210.24462890625,211.51198913051917,209.29676409040786,211.28834234462025,13155281,RELIANCE.NS
2014-11-27,210.5854034423828,211.51196847383963,209.39259226323892,210.87296350063775,12279963,RELIANCE.NS
2014-11-28,211.21380615234375,216.69863406737784,209.42457488224315,210.80909772517765,20881173,RELIANCE.NS
2014-12-01,204.82371520996094,211.2883576182573,204.17404606168736,210.65998816541858,17382184,RELIANCE.NS
2014-12-02,205.04736328125,206.8791939750073,204.05689899988792,204.9089152600665,9453044,RELIANCE.NS
2014-12-03,206.26145935058594,207.4649204170438,204.174018387134,204.174018387134,9789854,RELIANCE.NS
2014-12-04,204.17401123046875,207.66726021713808,203.56695579538126,206.20820289124913,10775294,RELIANCE.NS
2014-12-05,203.91844177246094,205.9739191768705,203.4391844250918,204.69589484430125,10048267,RELIANCE.NS
2014-12-08,201.20263671875,205.08994456653366,200.70209391712183,204.48288907771985,10238784,RELIANCE.NS
2014-12-09,200.1908721923828,202.50196004374342,198.3058066508972,200.43583288774784,10598750,RELIANCE.NS
2014-12-10,198.63589477539062,200.42512539977488,198.09273852557754,198.40159821297127,13242754,RELIANCE.NS
2014-12-11,193.01266479492188,197.87978668210664,192.41625919065325,197.87978668210664,22620658,RELIANCE.NS
2014-12-12,187.94320678710938,194.0457396232729,187.30420176090874,193.1937234425027,17874849,RELIANCE.NS
2014-12-15,187.18704223632812,187.82606149155453,185.73862039323825,187.00599483797475,12647964,RELIANCE.NS
2014-12-16,184.1624298095703,188.13493711109012,183.11871620303896,186.7610781959918,20886278,RELIANCE.NS
2014-12-17,185.20608520507812,186.35631115547986,184.1304223906416,184.3008341344523,20779949,RELIANCE.NS
2014-12-18,187.4639434814453,188.46505748534432,184.17304139681832,187.77280324727724,14970699,RELIANCE.NS
2014-12-19,191.81988525390625,193.49195403488466,187.97517640181752,188.5289827128343,20073537,RELIANCE.NS
2014-12-22,192.74642944335938,193.15112362049777,189.78568672966475,192.1287098933769,8305143,RELIANCE.NS
2014-12-23,190.37144470214844,192.5866697300443,189.95608645472942,192.2032610232918,10583206,RELIANCE.NS
2014-12-24,188.32662963867188,191.09566110607193,187.44266385111996,190.3714572511381,22479751,RELIANCE.NS
2014-12-26,189.3277587890625,190.13716148901852,187.46397843759067,188.8485013906485,4890141,RELIANCE.NS
2014-12-29,191.063720703125,191.50037869399372,188.92304435993847,189.25320386980403,6931660,RELIANCE.NS
2014-12-30,187.47459411621094,191.36190183719202,186.824939261216,191.08499160954864,11627412,RELIANCE.NS
2014-12-31,189.81764221191406,190.4033980211783,187.2403081198988,187.44265521480216,8464992,RELIANCE.NS
2015-01-01,189.12538146972656,189.99869740526844,188.22011599157378,188.78458634854346,2963643,RELIANCE.NS
2015-01-02,188.6248321533203,190.86137132159314,188.3585859539757,189.16798861873892,7331366,RELIANCE.NS
2015-01-05,186.5586700439453,189.76437321861002,186.1859112154954,188.50764873537275,10103941,RELIANCE.NS
2015-01-06,178.09182739257812,185.95164240953517,177.21851145319286,185.31263733574957,18627980,RELIANCE.NS
2015-01-07,181.96849060058594,182.92700534664982,178.28354370530525,178.30484340105085,20720312,RELIANCE.NS
2015-01-08,179.3591766357422,183.80029042115146,178.9544682658332,183.20387060299453,19872227,RELIANCE.NS
2015-01-09,183.24647521972656,183.60858421564294,179.98753691273964,180.71174068581888,13392787,RELIANCE.NS
2015-01-12,181.11647033691406,183.39560882518367,179.26335419166767,183.28911034880545,10100113,RELIANCE.NS
2015-01-13,179.59347534179688,182.10691014044292,179.0290192740664,181.69155191961207,9948711,RELIANCE.NS
2015-01-14,177.8468780517578,180.41356237216016,177.0481110582435,179.56154614157887,11380041,RELIANCE.NS
2015-01-15,184.08786010742188,185.54693186602967,178.9225419006291,178.9225419006291,16927085,RELIANCE.NS
2015-01-16,185.24874877929688,186.37766112485875,181.48923861847916,183.18260713682196,19136963,RELIANCE.NS
2015-01-19,187.36807250976562,188.72063128518218,182.9163092555848,185.35519489565948,13339962,RELIANCE.NS
2015-01-20,192.3523712158203,192.88487777380465,187.1976889657768,187.76215928286896,13361320,RELIANCE.NS
2015-01-21,193.14048767089844,194.13095192898646,190.00934718363794,192.76774300724009,17084297,RELIANCE.NS
2015-01-22,188.24143981933594,193.23636076478942,187.3361742935064,192.79970277402143,23721627,RELIANCE.NS
2015-01-23,188.91236877441406,191.2340922189943,186.8036422628214,189.57267348542948,18080494,RELIANCE.NS
2015-01-27,189.37033081054688,190.9998000421227,187.54915011606235,190.19038324040642,17939876,RELIANCE.NS
2015-01-28,193.1617889404297,193.7901583875143,188.74197420937347,188.74197420937347,19298126,RELIANCE.NS
2015-01-29,197.96499633789062,199.05130914446687,193.17242311034371,193.215022497366,36117653,RELIANCE.NS
2015-01-30,194.95098876953125,198.3590389894597,193.61971537551548,198.09277862315537,21746801,RELIANCE.NS
2015-02-02,193.41734313964844,195.9414273838153,192.91678622862165,195.12136091854234,19302710,RELIANCE.NS
2015-02-03,199.7116241455078,200.40387838973308,194.5143426249075,194.5143426249075,17092333,RELIANCE.NS
2015-02-04,197.8372344970703,201.03227442283182,197.2195290530908,200.03116020650907,14072894,RELIANCE.NS
2015-02-05,196.7509002685547,200.20153619117158,195.45157620972603,199.3708338625809,12365643,RELIANCE.NS
2015-02-06,193.81141662597656,198.0927682034264,192.34169531254173,196.83605801558116,9045844,RELIANCE.NS
2015-02-09,190.9998321533203,195.53679566319278,189.99871793914062,191.95834697274825,8839692,RELIANCE.NS
2015-02-10,187.86866760253906,192.66122687571948,183.4595028337096,191.27671828360914,13651008,RELIANCE.NS
2015-02-11,191.851806640625,192.71447263370337,188.08164727735914,188.72065227801738,9781008,RELIANCE.NS
2015-02-12,193.6516876220703,194.6741013860684,188.98692660117334,193.40674113759897,8709626,RELIANCE.NS
2015-02-13,195.43026733398438,196.1331714588112,193.63038630553888,194.68474960215633,7393680,RELIANCE.NS
2015-02-16,192.2991485595703,196.85741158216558,191.7027286196931,195.68588561768019,12266698,RELIANCE.NS
2015-02-18,192.0541534423828,193.40672658504215,190.50988306543073,191.70269429409262,9835036,RELIANCE.NS
2015-02-19,192.1393585205078,193.32153416038068,189.05081766521658,193.18307193453714,9550637,RELIANCE.NS
2015-02-20,185.9729461669922,190.8507186544902,185.58953742684378,190.6909567184877,18717199,RELIANCE.NS
2015-02-23,181.36141967773438,186.75039865082314,180.4348545538407,185.3019768066479,14104463,RELIANCE.NS
2015-02-24,179.2313690185547,182.5009713840568,178.28351847326613,181.95781500065965,19946218,RELIANCE.NS
2015-02-25,179.59347534179688,182.43706959161682,179.14616758234467,180.79695061946094,15274116,RELIANCE.NS
2015-02-26,179.3485565185547,181.05257483056064,178.1983302946641,180.22185826087667,21459750,RELIANCE.NS
2015-02-27,182.23471069335938,183.39558660147352,179.90233746829074,180.53069262153386,18659378,RELIANCE.NS
2015-03-02,184.08786010742188,186.484146880227,182.2347297739519,185.0996240538557,14579511,RELIANCE.NS
2015-03-03,191.87307739257812,193.0765382878175,184.75878203122653,185.09957706350593,20636925,RELIANCE.NS
2015-03-04,189.11468505859375,193.75815962895354,187.45326659563335,192.98069251267145,14476047,RELIANCE.NS
2015-03-05,188.49697875976562,191.43642125199037,187.04855720336136,190.10514798898055,10716702,RELIANCE.NS
2015-03-09,185.23805236816406,189.94542663337924,184.0665408344018,188.52895441528287,14065391,RELIANCE.NS
2015-03-10,183.0015411376953,186.54803975590264,182.2027741670949,185.08896804585885,15234060,RELIANCE.NS
2015-03-11,182.31993103027344,185.22741029401843,181.56376347163638,183.38494414542797,11635873,RELIANCE.NS
2015-03-12,183.99197387695312,184.75879117503467,182.24534237507405,182.75656338629645,11782380,RELIANCE.NS
2015-03-13,181.0738525390625,185.22740644561915,180.41354783388658,185.0996082869568,12936157,RELIANCE.NS
2015-03-16,179.36985778808594,181.89394284407442,178.98644904342495,181.3720860761698,13839990,RELIANCE.NS
2015-03-17,182.51162719726562,183.16128206555757,179.13552625773318,181.16970385507284,19070082,RELIANCE.NS
2015-03-18,185.02505493164062,185.79187230276494,182.0536625013523,182.5435696499169,9269885,RELIANCE.NS
2015-03-19,182.36253356933594,186.73973442015077,181.92587562519967,186.49478794005842,13934612,RELIANCE.NS
2015-03-20,181.92587280273438,183.42754385713542,180.75434699898798,182.73527537793208,10405717,RELIANCE.NS
2015-03-23,179.33787536621094,184.0345854163035,178.51780878752285,182.43706586163785,13251683,RELIANCE.NS
2015-03-24,180.61590576171875,181.96847901169176,179.36984520244596,179.36984520244596,9238431,RELIANCE.NS
2015-03-25,179.96624755859375,180.94606192000595,179.1355310551669,180.83956345001644,10264941,RELIANCE.NS
2015-03-26,176.64341735839844,180.8928347992627,175.53580469759257,179.15685265119149,20621346,RELIANCE.NS
2015-03-27,172.89454650878906,177.85751729508084,170.7112568254394,177.6232064472012,23326922,RELIANCE.NS
2015-03-30,172.6921844482422,174.17255580025198,169.64624297036656,173.938259172148,17330588,RELIANCE.NS
2015-03-31,175.9404754638672,177.4101968708332,174.23644322571658,174.23644322571658,20235395,RELIANCE.NS
2015-04-01,178.08114624023438,178.70950135597803,173.19272487103203,175.70615955275932,14588531,RELIANCE.NS
2015-04-06,175.65293884277344,178.4965334219954,174.9606845403668,178.07052530560864,12334096,RELIANCE.NS
2015-04-07,177.3995361328125,178.0917903003374,175.95111450681608,175.95111450681608,21275454,RELIANCE.NS
2015-04-08,184.43930053710938,185.2061036951791,177.4102028641615,177.5380010207142,24821205,RELIANCE.NS
2015-04-09,190.6590118408203,191.4897284283451,182.92700885551434,184.3541311541121,27276420,RELIANCE.NS
2015-04-10,192.62925720214844,193.57712195413177,189.38096878945564,190.62702923588105,25323219,RELIANCE.NS
2015-04-13,196.49525451660156,196.97451178981288,191.43643564312237,193.15110344977694,20177342,RELIANCE.NS
2015-04-15,196.74024963378906,200.13763630500225,193.23635026862704,196.17577927775173,22231264,RELIANCE.NS
2015-04-16,197.74134826660156,199.7968255520395,195.74977006128037,196.92128163426204,20177302,RELIANCE.NS
2015-04-17,197.42184448242188,201.13874061701674,196.5165790498366,199.16846204683267,23958678,RELIANCE.NS
2015-04-20,188.64610290527344,199.67965652585826,187.12313222242497,199.64770698683893,37628162,RELIANCE.NS
2015-04-21,186.6864776611328,190.7441971583434,185.8344757198747,189.60462092323263,17707007,RELIANCE.NS
2015-04-22,187.38938903808594,188.8804101535762,184.67359296053945,187.84734664074568,14761313,RELIANCE.NS
2015-04-23,186.8142852783203,189.44486839829514,185.11025300171463,188.2627070259338,13337818,RELIANCE.NS
2015-04-24,187.2083282470703,188.39050382970512,185.0250529044277,186.80363409209505,12709854,RELIANCE.NS
2015-04-27,186.44151306152344,189.04014645624184,185.621446520848,187.4532768211219,11042925,RELIANCE.NS
2015-04-28,184.29019165039062,187.86863935082246,182.87371951050554,186.31371921629713,14687371,RELIANCE.NS
2015-04-29,181.05255126953125,185.42976613438847,180.49874503472927,183.60858551429183,16387960,RELIANCE.NS
2015-04-30,183.68312072753906,184.4392882074335,180.61587986279665,181.05253775391486,34802149,RELIANCE.NS
2015-05-04,189.7750244140625,190.40337955077277,183.28908331542618,184.50319420457845,15078502,RELIANCE.NS
2015-05-05,190.0306396484375,192.0861170191386,188.52896854714126,190.36079912815666,17846755,RELIANCE.NS
2015-05-06,187.49591064453125,191.01045983497983,185.7386289399295,189.57268777269337,22438208,RELIANCE.NS
2015-05-07,185.47235107421875,187.11246995795466,183.18256316936626,186.37761639052678,16735535,RELIANCE.NS
2015-05-08,191.89642333984375,192.76995821202658,185.72778790218808,187.86308256939228,17104443,RELIANCE.NS
2015-05-11,193.2444610595703,193.9993572179756,190.5375843595077,192.57582270446855,14214007,RELIANCE.NS
2015-05-12,187.36703491210938,193.01802368411657,186.60135456372754,193.01802368411657,16650201,RELIANCE.NS
2015-05-13,190.90426635742188,191.66996098197123,184.88660721019056,188.3699483150161,16701434,RELIANCE.NS
2015-05-14,189.41603088378906,191.14153262634503,187.71211159101858,191.0983821246725,12329713,RELIANCE.NS
2015-05-15,188.49935913085938,191.30329225237853,187.66897473862284,190.21407684063172,8331715,RELIANCE.NS
2015-05-18,192.29547119140625,192.82390291273086,188.12193755585287,188.7042894122208,9847540,RELIANCE.NS
2015-05-19,193.15821838378906,195.14253690631463,191.22781999525608,192.23076328331737,14513036,RELIANCE.NS
2015-05-20,196.02684020996094,196.490567757141,193.6219302602409,194.20429649932248,8708891,RELIANCE.NS
2015-05-21,193.4170379638672,197.43959520399088,192.84547013696726,196.54449217032317,10759523,RELIANCE.NS
2015-05-22,194.94837951660156,195.32583479337748,193.47092488272767,193.47092488272767,8349048,RELIANCE.NS
2015-05-25,192.93170166015625,195.84347471322548,192.46797420068685,194.1179731716007,6617337,RELIANCE.NS
2015-05-26,190.79644775390625,193.25527789507234,190.3866403307286,193.0395829575526,9510249,RELIANCE.NS
2015-05-27,190.94741821289062,192.15527239102204,189.84741869912585,191.0983945859448,8078236,RELIANCE.NS
2015-05-28,188.8983917236328,192.87781265868432,188.0787769193217,191.0660386272173,26538868,RELIANCE.NS
2015-05-29,189.15721130371094,191.19544976676133,188.3160284974717,189.78269919655378,29277517,RELIANCE.NS
2015-06-01,194.60330200195312,195.17488420406747,189.372905153844,189.8042806131137,19594976,RELIANCE.NS
2015-06-02,193.82684326171875,198.1729212630713,192.27390020247546,195.3582182672739,20178960,RELIANCE.NS
2015-06-03,193.33074951171875,196.37193124706977,191.63761422713773,193.90231729061682,15546279,RELIANCE.NS
2015-06-04,196.8572235107422,197.6121197199217,192.51113150185242,195.02388152032302,15931395,RELIANCE.NS
2015-06-05,195.78958129882812,197.77389970365346,195.07780677654583,196.25330882155788,13066337,RELIANCE.NS
2015-06-08,190.9797821044922,196.27489789241844,190.47291842284835,195.58469134854153,10846953,RELIANCE.NS
2015-06-09,190.60232543945312,192.10133390831174,189.23271088979416,190.56995896227934,9153355,RELIANCE.NS
2015-06-10,195.36898803710938,196.25330696958846,190.88270361627005,191.09838413741195,13509379,RELIANCE.NS
2015-06-11,189.18955993652344,196.1670260564273,188.4346493502279,195.4121154701317,14676438,RELIANCE.NS
2015-06-12,191.92877197265625,192.5434758206847,189.42680608088114,189.58858086039226,21543824,RELIANCE.NS
2015-06-15,194.49546813964844,195.1964586832514,191.96114983116783,193.01801326211722,12858570,RELIANCE.NS
2015-06-16,194.97000122070312,195.19648020825247,192.6513775922252,193.90235364513123,13929305,RELIANCE.NS
2015-06-17,200.847412109375,203.25232167561262,192.82386713717577,195.2072086533977,26232634,RELIANCE.NS
2015-06-18,211.146484375,211.8043244243235,201.12783526663222,201.13861929370472,49366799,RELIANCE.NS
2015-06-19,214.96414184570312,217.06708468419822,211.9121758435785,211.9121758435785,45710935,RELIANCE.NS
2015-06-22,213.89646911621094,217.5631386167604,212.7748872566716,215.02882060348534,19394187,RELIANCE.NS
2015-06-23,214.60824584960938,216.26902911960536,213.7454949362534,214.10138220764512,16007498,RELIANCE.NS
2015-06-24,213.72390747070312,217.07784018336383,212.80723650826133,214.60822635667506,18603004,RELIANCE.NS
2015-06-25,216.66802978515625,217.62783683612793,212.45136069440238,212.88273610586248,27175118,RELIANCE.NS
2015-06-26,215.83767700195312,218.7278682049939,214.6945269551365,215.66511817339415,20966796,RELIANCE.NS
2015-06-29,213.713134765625,214.36020512509336,209.6474417573692,213.07686283011645,20168946,RELIANCE.NS
2015-06-30,215.708251953125,216.3013878250147,213.0984454780706,213.50825289436335,23184864,RELIANCE.NS
2015-07-01,216.90528869628906,217.94058390533098,215.9023455626611,215.9023455626611,14824266,RELIANCE.NS
2015-07-02,218.02688598632812,219.94650031555713,217.21805519433633,217.62786260364018,15931202,RELIANCE.NS
2015-07-03,217.23963928222656,218.66317409429686,216.34453621123913,217.7896390781332,13831096,RELIANCE.NS
2015-07-06,219.0406036376953,219.76314778704037,214.65137541722385,214.8455022856604,12237733,RELIANCE.NS
2015-07-07,216.3876495361328,219.26705634983,215.686659079013,218.05921669144522,11294999,RELIANCE.NS
2015-07-08,214.95333862304688,217.56314489101746,213.88569125878155,214.79156383598652,15190654,RELIANCE.NS
2015-07-09,212.96902465820312,215.90236616300606,212.05235363821487,214.82392035261478,16245867,RELIANCE.NS
2015-07-10,216.07492065429688,216.5494322256614,213.58373850410788,213.76706695749212,16110573,RELIANCE.NS
2015-07-13,217.19647216796875,218.38275820763624,214.64058604670007,216.0749046814345,9860248,RELIANCE.NS
2015-07-14,215.21217346191406,218.16708320810758,214.65138966745465,217.6062994136482,9942927,RELIANCE.NS
2015-07-15,218.0915985107422,218.7925746655609,215.58963225039403,215.6327683585121,13532911,RELIANCE.NS
2015-07-16,220.79843139648438,221.68275028899987,218.09156898898715,218.2748974236729,14854295,RELIANCE.NS
2015-07-17,220.36708068847656,222.405319341326,219.5690483089231,221.13277538559225,10195142,RELIANCE.NS
2015-07-20,221.02493286132812,222.14650043070412,219.54747801397534,221.6827728860372,6348354,RELIANCE.NS
2015-07-21,217.36903381347656,221.8229664329722,216.27981831821407,221.72591019242597,7923338,RELIANCE.NS
2015-07-22,226.55726623535156,227.3229464230499,216.6788111864502,216.7650833881179,17309440,RELIANCE.NS
2015-07-23,225.45726013183594,230.32098493660624,224.57294129536967,227.2258834068714,18642915,RELIANCE.NS
2015-07-24,221.08963012695312,226.39551506164375,220.23766325086987,226.0396421926638,13099664,RELIANCE.NS
2015-07-27,216.840576171875,222.13569103860982,216.06411194247036,221.05725969905475,20118553,RELIANCE.NS
2015-07-28,217.8974609375,219.28862905994157,215.70823171305562,217.47686953387185,13382878,RELIANCE.NS
2015-07-29,214.82391357421875,218.42589338351584,213.9827451618395,217.7356869348118,14790821,RELIANCE.NS
2015-07-30,215.7190399169922,217.41218974706382,214.02590448482044,215.70825588999557,11701228,RELIANCE.NS
2015-07-31,216.08570861816406,217.39061906266758,213.52982226138747,215.68668522621672,16634259,RELIANCE.NS
2015-08-03,216.215087890625,218.6739176752461,215.55724794227518,215.90235115352485,9887787,RELIANCE.NS
2015-08-04,213.0984649658203,216.90534195749052,211.37297732635534,216.42004630921898,12006872,RELIANCE.NS
2015-08-05,213.0445098876953,215.8592270656382,212.25724719262516,213.1523501478697,14345010,RELIANCE.NS
2015-08-06,211.146484375,213.96120182832678,210.833747589897,213.74550688897648,8708037,RELIANCE.NS
2015-08-07,212.31118774414062,214.39256241615172,210.7582303619759,211.15725373384046,8608888,RELIANCE.NS
2015-08-10,208.97879028320312,213.27094727474082,208.02976731872621,212.3435067574489,9288894,RELIANCE.NS
2015-08-11,208.3533172607422,210.00331634222698,206.62781560348682,209.43174859757792,8762464,RELIANCE.NS
2015-08-12,203.37098693847656,208.35335147523278,202.8641232630559,207.83570377263084,9650325,RELIANCE.NS
2015-08-13,201.31117248535156,205.75432109586058,200.45920557468926,204.25529818107353,9340350,RELIANCE.NS
2015-08-14,208.55824279785156,209.64745831183663,201.5160716532434,202.79941404955733,12739366,RELIANCE.NS
2015-08-17,205.0532989501953,208.35331141853055,204.05035581935485,208.35331141853055,10857430,RELIANCE.NS
2015-08-18,203.62979125976562,206.19646156298475,203.2199982516922,206.19646156298475,6630334,RELIANCE.NS
2015-08-19,205.8944854736328,207.274869508524,202.62682502080204,203.60820011939205,8877298,RELIANCE.NS
2015-08-20,197.63369750976562,207.04842612299447,197.08369776511915,207.04842612299447,19008087,RELIANCE.NS
2015-08-21,195.8327178955078,196.68468475999595,193.4709441712895,196.27487736703083,20050521,RELIANCE.NS
2015-08-24,178.92286682128906,189.80426548060146,176.4316849009928,189.80426548060146,35635706,RELIANCE.NS
2015-08-25,182.93467712402344,185.63077048372006,177.55330322832143,181.36016585850274,49504268,RELIANCE.NS
2015-08-26,184.0670166015625,188.68270945109074,181.17681115823117,182.8591624591156,18955515,RELIANCE.NS
2015-08-27,187.46408081054688,190.07388730409656,184.85427431699722,186.95721714946367,26997546,RELIANCE.NS
2015-08-28,188.16505432128906,190.4513254037068,186.80622386417951,188.7258380659934,10770215,RELIANCE.NS
2015-08-31,184.60621643066406,188.26210182660552,184.15327296595925,188.26210182660552,20708942,RELIANCE.NS
2015-09-01,181.14443969726562,184.17483715861798,180.1199285099158,184.17483715861798,21645696,RELIANCE.NS
2015-09-02,183.23663330078125,184.8650646079722,181.7376103204902,183.3336895459562,19652369,RELIANCE.NS
2015-09-03,184.1640625,185.6523012434321,182.12582404681015,184.20719860289094,11659978,RELIANCE.NS
2015-09-04,180.29248046875,183.26895792897503,177.96305894399623,183.26895792897503,16199949,RELIANCE.NS
2015-09-07,179.71011352539062,182.03953485361757,178.52384201079278,180.79932881754087,10234633,RELIANCE.NS
2015-09-08,183.0316925048828,183.96993151753745,177.96305654976982,180.314046094147,12900468,RELIANCE.NS
2015-09-09,188.5209503173828,189.52389364500385,183.44152951593438,185.7062472224497,17340694,RELIANCE.NS
2015-09-10,187.00035095214844,187.7552616199805,184.51995281168513,185.7062389471499,11074406,RELIANCE.NS
2015-09-11,185.6954345703125,188.9630807028417,184.6709233461719,188.0787618110009,10634833,RELIANCE.NS
2015-09-14,186.32093811035156,186.71996148756227,183.74348379503246,185.86799460080144,7964072,RELIANCE.NS
2015-09-15,187.00035095214844,187.6474213525472,184.5415208651718,185.92191948201648,11509788,RELIANCE.NS
2015-09-16,188.1973876953125,189.23268287462918,186.6120928518524,188.10033147185726,13424811,RELIANCE.NS
2015-09-18,193.1258544921875,194.01015903348315,189.18956976826752,189.46995444788118,34261453,RELIANCE.NS
2015-09-21,189.3944549560547,191.57288569764955,188.9522955128591,189.80426232276508,12732187,RELIANCE.NS
2015-09-22,182.88075256347656,190.8611633749481,182.1474242868406,189.80429987155762,15745524,RELIANCE.NS
2015-09-23,183.40914916992188,184.80033166111397,181.17679828699568,181.82385421861375,15221260,RELIANCE.NS
2015-09-24,180.60523986816406,182.9022950231763,180.04445611206017,182.9022950231763,29076982,RELIANCE.NS
2015-09-28,179.93661499023438,181.3709337657103,178.73955920513254,181.133685173236,11624639,RELIANCE.NS
2015-09-29,181.3385772705078,183.3875999290503,178.17877106934904,179.01995394526207,15853471,RELIANCE.NS
2015-09-30,185.9866180419922,186.52583376082114,180.85327748774904,183.54937047979286,17292020,RELIANCE.NS
2015-10-01,186.5042724609375,188.49937501221308,185.18859239443228,188.49937501221308,8663393,RELIANCE.NS
2015-10-05,191.52976989746094,191.96114536088643,185.88956558881378,186.09447649283808,16015412,RELIANCE.NS
2015-10-06,193.69744873046875,194.22588048135054,191.04449155054724,193.17980100719882,12330294,RELIANCE.NS
2015-10-07,197.094482421875,198.01115346518384,192.17683678354965,192.97486913810502,11515191,RELIANCE.NS
2015-10-08,191.76702880859375,197.33174481258874,191.1523249053749,197.33174481258874,10753149,RELIANCE.NS
2015-10-09,191.3895721435547,195.29350485945756,190.12781226674238,192.83467486593472,9327873,RELIANCE.NS
2015-10-12,192.3385467529297,194.46305699645927,191.5297161860927,191.5297161860927,6212395,RELIANCE.NS
2015-10-13,192.7376251220703,193.31997696159476,190.4297714194666,190.89349896532667,6162561,RELIANCE.NS
2015-10-14,194.7542724609375,195.19643190062985,192.8130902956141,193.21211363366797,8002587,RELIANCE.NS
2015-10-15,194.91604614257812,196.49055715351653,194.13958186220378,195.77879703001514,9048478,RELIANCE.NS
2015-10-16,197.31015014648438,197.31015014648438,194.91602461708547,195.0885690163585,15246935,RELIANCE.NS
2015-10-19,207.8141326904297,208.2454937713963,202.96117655055616,202.96117655055616,33505855,RELIANCE.NS
2015-10-20,206.3474578857422,208.50432084103667,205.5494111053754,208.13764953130874,18091895,RELIANCE.NS
2015-10-21,205.98080444335938,210.25139461711726,205.54942893530185,206.08864472089854,14404450,RELIANCE.NS
2015-10-23,206.12095642089844,209.87391252718837,202.99350259758887,207.91116226891455,12153422,RELIANCE.NS
2015-10-26,203.36019897460938,207.70627702773717,203.02587974056115,207.46902843434154,10938775,RELIANCE.NS
2015-10-27,202.64842224121094,204.52490050605314,202.18469468842926,202.48666183834513,11601798,RELIANCE.NS
2015-10-28,202.087646484375,203.80236441455116,200.56705544325857,202.07686245708837,11958727,RELIANCE.NS
2015-10-29,202.96116638183594,203.8239172963436,201.65625598359057,201.88273493765092,13280382,RELIANCE.NS
2015-10-30,204.40626525878906,206.17488876239378,202.76705007054346,203.19841112174055,13366359,RELIANCE.NS
2015-11-02,207.01605224609375,207.38272350321589,203.86703047948544,204.68663079800268,7222044,RELIANCE.NS
2015-11-03,208.61215209960938,209.31314260833523,207.32882416783582,207.76019961984426,11373522,RELIANCE.NS
2015-11-04,205.1827392578125,210.2945263332686,204.08273972941166,208.78471938894012,10033187,RELIANCE.NS
2015-11-05,202.01211547851562,205.11800106620072,201.23565128054295,204.68662566826157,10767454,RELIANCE.NS
2015-11-06,205.4199981689453,205.92686181592717,202.29254407444432,202.6268488983073,8367190,RELIANCE.NS
2015-11-09,207.32879638671875,208.13761265269522,199.17582879222806,201.34348978816624,17031699,RELIANCE.NS
2015-11-10,199.02487182617188,206.9513612716489,197.63368928389946,206.41214557585238,11486238,RELIANCE.NS
2015-11-13,201.2464599609375,202.43273165218142,197.24547101219613,197.36409530174072,13682323,RELIANCE.NS
2015-11-16,201.5160369873047,203.17682003986673,199.4562306097142,199.72584563405144,15346549,RELIANCE.NS
2015-11-17,200.1033172607422,202.50822720763318,199.76901243258433,202.3248987534821,8588142,RELIANCE.NS
2015-11-18,196.70626831054688,200.86901792949277,196.26410880418683,200.07097113305758,11249222,RELIANCE.NS
2015-11-19,201.6131134033203,202.4650802639852,197.83860346988237,198.19449073032067,12183206,RELIANCE.NS
2015-11-20,204.22291564941406,205.5062579279124,199.62879102525173,201.45134899778424,11304265,RELIANCE.NS
2015-11-23,205.71115112304688,206.6062540560812,204.0827200411242,204.90233479390955,10499517,RELIANCE.NS
2015-11-24,208.72000122070312,209.56118410771228,205.12881950754812,205.5494109510527,14806176,RELIANCE.NS
2015-11-26,213.2386016845703,213.95037612851868,208.8386043128044,209.43174008416327,23805828,RELIANCE.NS
2015-11-27,211.1680450439453,214.06903461239565,210.10039760530512,213.31412394792108,10891864,RELIANCE.NS
2015-11-30,208.59059143066406,212.32197986398762,207.5552960683557,211.04942151562133,29919205,RELIANCE.NS
2015-12-01,208.33175659179688,211.1141072357572,207.32881339729641,207.92194921378302,12981379,RELIANCE.NS
2015-12-02,210.93077087402344,211.30822616048127,208.029781657418,208.40723694387583,7573628,RELIANCE.NS
2015-12-03,210.76902770996094,213.30334604563524,210.10040363775107,210.27294806983107,11361395,RELIANCE.NS
2015-12-04,208.2346954345703,210.5533330749296,207.36117490774097,209.71215022905062,13443688,RELIANCE.NS
2015-12-07,205.34449768066406,209.86313412648315,204.84841808997868,208.23468861943664,14483909,RELIANCE.NS
2015-12-08,202.9395751953125,205.67878959946103,201.9042799750787,204.66506242973637,7532164,RELIANCE.NS
2015-12-09,197.5474395751953,203.48961132957604,196.88959951893887,201.92588419388113,9174419,RELIANCE.NS
2015-12-10,204.97784423828125,205.72195649011263,198.4317527563602,198.97096849768863,18592203,RELIANCE.NS
2015-12-11,205.5386199951172,206.84353038888125,203.37097308770743,205.2798033603932,18155513,RELIANCE.NS
2015-12-14,206.00234985351562,207.81412390861303,204.0395994264599,204.3847026745497,10563900,RELIANCE.NS
2015-12-15,210.48861694335938,210.93077639371234,205.68958154139273,206.4121400570542,15718833,RELIANCE.NS
2015-12-16,211.08175659179688,213.0013707874934,209.97097313182812,210.48862077128237,12097338,RELIANCE.NS
2015-12-17,217.77882385253906,218.9219737881369,210.94156428017774,211.3837237386234,19369032,RELIANCE.NS
2015-12-18,213.9396209716797,217.62785879507004,213.5298135695476,216.50629125084478,16016139,RELIANCE.NS
2015-12-21,213.98275756835938,215.47099641242264,212.31119027461335,213.07687055059927,12331769,RELIANCE.NS
2015-12-22,212.9474639892578,216.24746249815573,212.2356894417627,214.13373570455065,11579277,RELIANCE.NS
2015-12-23,216.5062713623047,217.17489533726848,213.5297939544305,213.918033268044,12919467,RELIANCE.NS
2015-12-24,215.8052978515625,217.23961654089567,214.88864121961024,216.52785640832002,11901877,RELIANCE.NS
2015-12-28,217.92982482910156,218.6523689939622,215.68667535411365,215.81608367058436,12885935,RELIANCE.NS
2015-12-29,219.0082550048828,219.72001513928487,217.2288330720293,217.92982357801964,14913870,RELIANCE.NS
2015-12-30,216.65724182128906,219.13763959367105,216.11802616624058,218.92195909081062,8151610,RELIANCE.NS
2015-12-31,218.83572387695312,219.93573789352968,215.49258891022487,216.42004408609685,18483713,RELIANCE.NS
2016-01-01,218.99746704101562,219.76314729320407,217.4553081126233,217.80039694835952,5416562,RELIANCE.NS
2016-01-04,214.6729736328125,218.6631790488251,212.81806328433726,216.7651325897249,30170947,RELIANCE.NS
2016-01-05,216.7974395751953,217.8435188360495,215.03960023918694,215.75136031434113,14946239,RELIANCE.NS
2016-01-06,222.6317596435547,223.96902192565886,215.77291823242595,217.32586101266125,26759864,RELIANCE.NS
2016-01-07,218.54452514648438,221.72589926161513,217.42295762633168,220.22687642671337,19739943,RELIANCE.NS
2016-01-08,221.24061584472656,222.78277486917128,219.2886494044218,220.00042396825756,21313199,RELIANCE.NS
2016-01-11,226.81610107421875,228.80041946368618,218.0592271367203,219.1268745139818,29016443,RELIANCE.NS
2016-01-12,225.4896240234375,229.79256536172463,224.55138501337092,227.54943047624425,23373377,RELIANCE.NS
2016-01-13,232.26219177246094,235.04455687716177,225.8670771603823,227.13963542633581,71802356,RELIANCE.NS
2016-01-14,228.98374938964844,233.15729708893838,227.12885369897384,229.45826093793698,27823189,RELIANCE.NS
2016-01-15,231.49652099609375,234.99064657732953,229.83573762160947,230.73084067068933,28767318,RELIANCE.NS
2016-01-18,219.3209686279297,233.7935479489327,217.43372102898698,231.86314985140112,27254669,RELIANCE.NS
2016-01-19,225.09059143066406,226.4278393274596,218.72782950323702,221.94156974092337,21489315,RELIANCE.NS
2016-01-20,216.66802978515625,223.2141203386354,213.52979202410376,223.2141203386354,45114225,RELIANCE.NS
2016-01-21,212.27882385253906,221.24060899860402,210.6611766906322,219.47198546633092,31768619,RELIANCE.NS
2016-01-22,216.58177185058594,218.0592266130631,214.40334099699277,214.40334099699277,23682648,RELIANCE.NS
2016-01-25,216.5386199951172,219.7307778609592,215.68665320338263,217.84351584798412,13099564,RELIANCE.NS
2016-01-27,215.54649353027344,217.843548851325,215.02884584122944,217.43375582916914,17251028,RELIANCE.NS
2016-01-28,219.33175659179688,220.3886342714085,215.06116736347508,215.9023501378587,23074633,RELIANCE.NS
2016-01-29,223.3219757080078,224.31413490215292,219.56903385070606,219.77393034601704,19177163,RELIANCE.NS
2016-02-01,222.2219696044922,224.70236751564363,221.19745836279253,224.30334416513048,9918809,RELIANCE.NS
2016-02-02,215.93472290039062,222.76119878403793,213.63765328777626,222.22198306615786,14771279,RELIANCE.NS
2016-02-03,211.6748809814453,214.39254174024484,210.29449694937637,213.09841551254542,15691478,RELIANCE.NS
2016-02-04,209.87391662597656,215.90235985186652,208.28862163207913,213.09842674303005,18203784,RELIANCE.NS
2016-02-05,209.41017150878906,211.8042826381615,207.3611491776557,211.17879479345598,20998404,RELIANCE.NS
2016-02-08,207.2856903076172,212.40824685964114,206.6170518707073,209.45333721959173,12078110,RELIANCE.NS
2016-02-09,206.52001953125,208.95728178490543,204.90237217992495,205.52786018543983,19603494,RELIANCE.NS
2016-02-10,207.63079833984375,209.86316401480653,204.61118426196307,205.26903873318955,16883350,RELIANCE.NS
2016-02-11,199.41311645507812,208.3425493476131,197.46115011324795,207.67391092466315,17114833,RELIANCE.NS
2016-02-12,195.53077697753906,201.42981286687578,191.551355598244,201.42981286687578,29319458,RELIANCE.NS
2016-02-15,204.20135498046875,205.19351419702687,198.00036707592992,198.00036707592992,19283523,RELIANCE.NS
2016-02-16,200.70724487304688,206.62783371931286,199.94155020598154,205.13959488850472,13024856,RELIANCE.NS
2016-02-17,205.46311950683594,206.50919880533755,197.65525446047926,201.6885952932706,15442221,RELIANCE.NS
2016-02-18,202.76705932617188,208.93569541465416,201.8827403350539,207.69548914215466,14433087,RELIANCE.NS
2016-02-19,203.68370056152344,205.4954745135249,202.17389373415506,202.74547590555676,10235503,RELIANCE.NS
2016-02-22,207.5552978515625,208.8494242645162,203.62979690329257,203.62979690329257,12770834,RELIANCE.NS
2016-02-23,204.82684326171875,208.61213702325975,203.33860453889886,207.72781813044693,18989787,RELIANCE.NS
2016-02-24,205.47389221191406,206.74643598212677,203.17682285335056,203.80232511114744,15186204,RELIANCE.NS
2016-02-25,203.62979125976562,206.31510025269472,202.92881513753028,205.80823660796784,24826958,RELIANCE.NS
2016-02-26,204.97784423828125,206.78961834380064,203.6729337934846,205.54941206021542,8349402,RELIANCE.NS
2016-02-29,208.49351501464844,214.52195815065502,201.66702518171687,205.1827183422465,31032353,RELIANCE.NS
2016-03-01,211.65333557128906,212.46216634985845,208.06215398249125,208.0729380089282,16453192,RELIANCE.NS
2016-03-02,216.01019287109375,216.9268638335654,212.93665921896965,214.15528289516985,20105967,RELIANCE.NS
2016-03-03,218.45826721191406,219.56905077845437,215.14747016819425,217.843548882792,15880459,RELIANCE.NS
2016-03-04,217.06707763671875,218.9219877961261,216.44158969851134,218.70629286708612,8987660,RELIANCE.NS
2016-03-08,221.5102081298828,222.35137653076552,217.3043085338768,217.3043085338768,13222993,RELIANCE.NS
2016-03-09,224.68080139160156,225.1553129264098,219.69843747506417,220.0004045964506,11854901,RELIANCE.NS
2016-03-10,218.2209930419922,225.58669900608842,217.62785719495903,224.7563001815026,20706353,RELIANCE.NS
2016-03-11,218.81414794921875,222.06024094798437,217.9729794229126,218.90043456541704,15319044,RELIANCE.NS
2016-03-14,219.9464874267578,221.38079167842244,218.47981669924275,219.8062806910677,11880095,RELIANCE.NS
2016-03-15,220.10826110839844,221.69355621746982,218.94355743599894,220.86315737076126,10487788,RELIANCE.NS
2016-03-16,220.3778533935547,221.25138831358444,216.86217445678315,220.21609300017838,11064129,RELIANCE.NS
2016-03-17,221.60494995117188,226.16355676483715,220.73248527640175,224.00422052678675,16832997,RELIANCE.NS
2016-03-18,224.04786682128906,224.69130267333813,221.53954152685228,222.09573381387875,14030979,RELIANCE.NS
2016-03-21,226.25083923339844,227.16692584346504,223.07726699710415,224.21146253337307,12708074,RELIANCE.NS
2016-03-22,228.55194091796875,229.5116346680823,225.89092489444909,226.18538647869343,15333442,RELIANCE.NS
2016-03-23,224.4840850830078,228.3447145124184,223.0009008909158,228.3447145124184,16806372,RELIANCE.NS
2016-03-28,222.56466674804688,225.02937008513632,221.52862036688163,224.65857040008586,18070240,RELIANCE.NS
2016-03-29,226.0218048095703,227.27596014398927,222.5210549345299,223.3062615592078,15871250,RELIANCE.NS
2016-03-30,228.37742614746094,229.40256707089824,227.42862333704463,227.42862333704463,14453294,RELIANCE.NS
2016-03-31,227.9739227294922,230.32957171861716,225.24748859949202,227.05785076261697,30833349,RELIANCE.NS
2016-04-01,225.6291961669922,228.21385953557103,223.56800873939125,226.64343171263732,12381116,RELIANCE.NS
2016-04-04,225.7600555419922,227.31957787824732,223.63343549800857,226.83972373170675,8632568,RELIANCE.NS
2016-04-05,223.99334716796875,227.3632173409705,222.9573006782744,224.9530555356868,10259495,RELIANCE.NS
2016-04-06,225.47650146484375,226.11993725293144,223.04451453155576,225.11660723489373,6990781,RELIANCE.NS
2016-04-07,226.23989868164062,228.5846420745259,222.93546160237153,225.72732822459184,8789163,RELIANCE.NS
2016-04-08,226.04359436035156,229.99146712173717,224.92030447608988,225.94543080152783,13411752,RELIANCE.NS
2016-04-11,226.9051513671875,228.03936131748137,225.31291273082138,226.1853774433531,10308361,RELIANCE.NS
2016-04-12,228.45375061035156,230.64581766758099,226.41437433004717,226.9051338730083,11164859,RELIANCE.NS
2016-04-13,232.52163696289062,233.36138541765928,229.57709376826315,229.57709376826315,16038542,RELIANCE.NS
2016-04-18,232.2380828857422,232.68522070385603,230.19870637093427,232.4670972374554,19065716,RELIANCE.NS
2016-04-20,226.25083923339844,233.2087178193704,225.92366128408653,233.2087178193704,21687934,RELIANCE.NS
2016-04-21,227.09056091308594,229.45710072306386,225.74914749525942,227.1450881382,11380697,RELIANCE.NS
2016-04-22,226.6107177734375,228.47559264289401,224.5059085418241,226.62162321898975,11705087,RELIANCE.NS
2016-04-25,221.80126953125,227.81034471937446,220.7979394256467,227.81034471937446,61157544,RELIANCE.NS
2016-04-26,221.81216430664062,223.3280648376199,219.75097696710816,221.47409551254177,26429236,RELIANCE.NS
2016-04-27,222.34654235839844,223.7751993083306,221.60495755141432,222.01937901414357,14502641,RELIANCE.NS
2016-04-28,217.3953399658203,222.3029211830321,216.14117012941722,221.16872579985477,61949033,RELIANCE.NS
2016-04-29,214.3417510986328,217.79887940409643,213.50200263578907,216.68648023097595,23479680,RELIANCE.NS
2016-05-02,215.2687225341797,216.45744515563885,213.3165896449897,213.53469854433757,10620873,RELIANCE.NS
2016-05-03,212.83673095703125,217.01363277031473,212.17148426823326,215.4977322722295,17571826,RELIANCE.NS
2016-05-04,213.33839416503906,214.55983308493052,212.2260096915654,212.4550240290427,13546285,RELIANCE.NS
2016-05-05,212.71678161621094,214.50531832136906,211.76797875725225,213.75282803737144,21665684,RELIANCE.NS
2016-05-06,211.34263610839844,213.05483456924873,210.91730921430036,212.22600622998633,14748329,RELIANCE.NS
2016-05-09,214.42897033691406,215.0615006937766,212.18239047357187,212.66224460360706,15347096,RELIANCE.NS
2016-05-10,214.30902099609375,214.77796970444464,213.31659635284038,214.42898089450728,7248302,RELIANCE.NS
2016-05-11,212.74948120117188,213.91639287375813,211.57164952416315,211.96426008316607,12339923,RELIANCE.NS
2016-05-12,216.54470825195312,216.85007529859686,212.67317301919365,212.88037649226794,12786216,RELIANCE.NS
2016-05-13,213.34933471679688,216.05395823304056,212.6622770313018,215.7049693870706,14648291,RELIANCE.NS
2016-05-16,212.8694610595703,214.29811809218634,211.81160373190966,213.09847541380296,9327335,RELIANCE.NS
2016-05-17,211.3862762451172,214.4289828748398,210.77555674209188,213.80735792640345,12157600,RELIANCE.NS
2016-05-18,211.691650390625,212.11696277594825,210.2848042053019,210.6774148133003,8228838,RELIANCE.NS
2016-05-19,207.4711151123047,211.98610077559522,206.24967604591072,211.942478991796,9134784,RELIANCE.NS
2016-05-20,203.7631378173828,208.19087939694907,203.1415129106966,207.64559260301303,18544619,RELIANCE.NS
2016-05-23,202.84706115722656,205.1808992313783,201.89825830427725,204.45020528255208,18365734,RELIANCE.NS
2016-05-24,205.12637329101562,205.9006744655126,202.42173550289587,202.42173550289587,12283217,RELIANCE.NS
2016-05-25,207.4711151123047,207.82010394270637,205.27906223636222,207.17666807165998,9240115,RELIANCE.NS
2016-05-26,206.52227783203125,207.73282581106392,205.92246384458534,207.20934993256495,14190024,RELIANCE.NS
2016-05-27,212.5968017578125,213.07665589774027,206.93671564366994,207.0021483136592,13401594,RELIANCE.NS
2016-05-30,211.2881317138672,214.07999859829175,210.48109961633403,212.96761402277878,9633652,RELIANCE.NS
2016-05-31,208.9215545654297,212.22600615689524,208.62710756500576,211.35354148007175,23332727,RELIANCE.NS
2016-06-01,207.9945831298828,210.7210318731968,207.60198709069198,208.94338601127544,9042808,RELIANCE.NS
2016-06-02,208.5725555419922,208.768868092642,206.14058330676352,208.19086500462777,10253825,RELIANCE.NS
2016-06-03,209.31417846679688,210.0230469618925,208.48533551498704,209.39051658288335,8643295,RELIANCE.NS
2016-06-06,208.25631713867188,210.04485378955368,207.76555755617267,209.60862143177584,8672842,RELIANCE.NS
2016-06-07,208.3108367919922,209.597708368657,207.55833199817468,208.79069091210604,18954268,RELIANCE.NS
2016-06-08,208.1036376953125,208.95427694783493,207.02395498248453,208.95427694783493,12135516,RELIANCE.NS
2016-06-09,211.82249450683594,212.97850076339014,208.5616646261698,209.39050754219335,15643495,RELIANCE.NS
2016-06-10,213.0330352783203,214.71253205722044,211.2008768286203,212.4441266852022,16316760,RELIANCE.NS
2016-06-13,213.99276733398438,214.50533786863613,210.0557847508055,211.5498745696847,10214469,RELIANCE.NS
2016-06-14,212.93487548828125,214.93063007277325,211.41897502202798,213.96001639179048,10923848,RELIANCE.NS
2016-06-15,214.75616455078125,215.17057148364384,212.38961005518647,213.75283443541477,11129082,RELIANCE.NS
2016-06-16,212.94578552246094,214.54892957930946,210.92822000547326,213.97092644806528,9372207,RELIANCE.NS
2016-06-17,212.64041137695312,213.45834882505432,211.5934595969869,213.0984546006891,10534878,RELIANCE.NS
2016-06-20,215.9775848388672,216.5010607423343,211.13543637179805,212.04060283820536,10758608,RELIANCE.NS
2016-06-21,215.30145263671875,216.83916415547142,213.68740299831282,216.82825870980668,13933068,RELIANCE.NS
2016-06-22,213.86187744140625,215.03969462333953,213.12027806018406,214.84339661301956,12788710,RELIANCE.NS
2016-06-23,213.85096740722656,214.18903619552282,211.5716566473909,213.74191295938908,9837526,RELIANCE.NS
2016-06-24,207.52561950683594,210.45927150457464,203.58865203210772,210.45927150457464,24985097,RELIANCE.NS
2016-06-27,208.4417266845703,209.04154076537947,205.13728923719967,205.13728923719967,9163399,RELIANCE.NS
2016-06-28,208.91064453125,209.72858196780285,208.2999250948933,208.60529209307447,7604977,RELIANCE.NS
2016-06-29,210.89549255371094,211.34263032449982,209.39049757886255,209.826729905486,7523987,RELIANCE.NS
2016-06-30,211.3862762451172,213.20754386878923,210.92823297784642,212.0079011935535,12758283,RELIANCE.NS
2016-07-01,212.3241729736328,213.05485237378142,211.57166812272655,212.17149673837937,6610193,RELIANCE.NS
2016-07-04,215.21420288085938,216.71919812114555,212.77132471692366,212.77132471692366,7803505,RELIANCE.NS
2016-07-05,216.61013793945312,218.7476635564476,213.81827101440084,215.0833318473131,11359882,RELIANCE.NS
2016-07-07,215.47593688964844,218.22418196050052,215.09423173647227,216.47926699742112,12029091,RELIANCE.NS
2016-07-08,213.4038543701172,215.7158671725365,212.9567165221003,215.2796493305767,7140617,RELIANCE.NS
2016-07-11,216.47926330566406,217.01364468699458,214.9524572790044,216.152085385663,8266601,RELIANCE.NS
2016-07-12,218.85671997070312,219.2056942162327,216.1520822078074,217.07907416750916,9767494,RELIANCE.NS
2016-07-13,220.0236358642578,221.75764535938146,219.0203057694674,219.2493201224054,14915296,RELIANCE.NS
2016-07-14,219.1838836669922,221.1905438219378,217.73341577673185,219.8818612791514,10758372,RELIANCE.NS
2016-07-15,220.77609252929688,222.6955088635105,218.87850164252222,220.07812957140325,13992989,RELIANCE.NS
2016-07-18,219.47836303710938,226.56710682514114,218.4968437704583,224.2223631192507,32106850,RELIANCE.NS
2016-07-19,221.99754333496094,223.12083314481558,217.08994811908502,219.42378584752495,16649300,RELIANCE.NS
2016-07-20,223.1317901611328,224.28779656894886,221.72494393274832,222.46654338833426,12265316,RELIANCE.NS
2016-07-21,219.5001678466797,223.56801559951796,219.20570625084096,223.34989212407987,6711097,RELIANCE.NS
2016-07-22,221.3541259765625,221.99756176182856,219.2274914998255,219.4238040607583,6899519,RELIANCE.NS
2016-07-25,223.07725524902344,223.29536416373932,219.7182760423451,221.16874400522877,8241568,RELIANCE.NS
2016-07-26,223.36077880859375,225.70552225256145,221.43047138914852,223.13176446662797,10516399,RELIANCE.NS
2016-07-27,220.9724578857422,223.78613583718794,220.06727672089394,223.1426999441066,11030767,RELIANCE.NS
2016-07-28,223.86241149902344,224.76759241130677,220.96149078641082,221.37591219107102,15610838,RELIANCE.NS
2016-07-29,221.36505126953125,223.54619860431228,220.73250631203862,223.3498860257773,9629597,RELIANCE.NS
2016-08-01,220.1872100830078,222.5428590048613,219.2165963572445,222.041193974467,7978251,RELIANCE.NS
2016-08-02,220.90699768066406,222.47742543554978,219.4892461552792,219.8600458440736,7710138,RELIANCE.NS
2016-08-03,216.79554748535156,221.25599134748305,216.26116607516923,221.25599134748305,11872282,RELIANCE.NS
2016-08-04,216.58828735351562,218.11509316583656,214.4943839034761,217.89698428979287,10187608,RELIANCE.NS
2016-08-05,221.65951538085938,222.25932948815176,217.47170751611864,217.67891099608946,12109001,RELIANCE.NS
2016-08-08,224.4949951171875,225.5310415278423,222.18296794224895,222.4556186313719,13556347,RELIANCE.NS
2016-08-09,224.81124877929688,225.640091716163,222.69553421730384,224.00423129235458,13290768,RELIANCE.NS
2016-08-10,218.9112548828125,225.65100951633352,218.55136061946686,224.93123554964967,13471958,RELIANCE.NS
2016-08-11,221.19053649902344,223.09904758407637,218.02787013865404,218.54044060561066,14169454,RELIANCE.NS
2016-08-12,225.92364501953125,227.47227652411328,221.8230810220655,221.8230810220655,16365425,RELIANCE.NS
2016-08-16,223.5461883544922,227.88667193409114,221.49590645940378,226.02179716356284,13367575,RELIANCE.NS
2016-08-17,221.0160675048828,224.39684303904727,219.68555944665835,223.37170202107345,15486572,RELIANCE.NS
2016-08-18,222.05209350585938,223.27353243428752,221.60495571241523,221.60495571241523,7749690,RELIANCE.NS
2016-08-19,221.36505126953125,222.91366820682694,219.66374353559561,222.0412034489116,8177802,RELIANCE.NS
2016-08-22,220.6997833251953,222.41199645300998,219.68554780668342,220.73249966063074,6684236,RELIANCE.NS
2016-08-23,220.39442443847656,221.3868490377773,219.20568727227726,220.73249322812407,7320433,RELIANCE.NS
2016-08-24,222.58648681640625,222.90275929022746,220.51439396863023,220.66707020288533,8719596,RELIANCE.NS
2016-08-25,220.8851776123047,224.44045444299567,220.07814559846437,222.7391468592255,14960746,RELIANCE.NS
2016-08-26,224.20054626464844,224.83307668011062,221.2996103261385,222.019398867878,9639663,RELIANCE.NS
2016-08-29,230.64584350585938,231.14750854908561,223.80792547057717,224.05876527219382,16193208,RELIANCE.NS
2016-08-30,232.5979766845703,233.05600538709734,229.6752299845935,231.63826837830905,18170724,RELIANCE.NS
2016-08-31,231.20204162597656,234.25565374375375,228.366538419466,232.27080441119784,23295502,RELIANCE.NS
2016-09-01,224.4840850830078,233.98298970735368,223.7206748170751,229.6752224753265,42621045,RELIANCE.NS
2016-09-02,221.02696228027344,225.21476971578122,218.6167860918144,224.89849724507607,28124615,RELIANCE.NS
2016-09-06,222.4556121826172,223.5679966771776,221.38684946745082,222.4556121826172,11510431,RELIANCE.NS
2016-09-07,221.96487426757812,224.01515633922466,220.96154412358055,222.91367718201147,12927438,RELIANCE.NS
2016-09-08,225.40016174316406,225.95636856686406,222.52105141816577,223.14267635288076,12206479,RELIANCE.NS
2016-09-09,227.83213806152344,228.99904975967794,224.65856630672587,225.74913989229165,15269894,RELIANCE.NS
2016-09-12,228.2574920654297,230.32958503603754,224.47320040058517,224.7458365493452,33684893,RELIANCE.NS
2016-09-14,227.87576293945312,230.98390206859085,227.03602912954972,228.58464597171667,18604842,RELIANCE.NS
2016-09-15,232.29258728027344,233.4267826020538,228.36651087102763,228.36651087102763,31371009,RELIANCE.NS
2016-09-16,234.59371948242188,238.58522898636107,231.00572601904622,232.7288446355048,39324529,RELIANCE.NS
2016-09-19,236.08779907226562,237.30925258705597,233.60129938288495,233.9393681764375,16678060,RELIANCE.NS
2016-09-20,234.2992706298828,236.60037783568936,233.17598064031816,236.43679615565773,11531268,RELIANCE.NS
2016-09-21,233.8739471435547,236.63309765406137,233.16507862631195,234.25565229591953,10943394,RELIANCE.NS
2016-09-22,237.51644897460938,239.01053856878045,235.3462072534434,236.2186719437638,18761415,RELIANCE.NS
2016-09-23,240.53733825683594,241.98780603486367,237.52734825732105,237.52734825732105,31085948,RELIANCE.NS
2016-09-26,241.4970703125,246.37195001629337,239.98116971879327,240.66822734039874,38213411,RELIANCE.NS
2016-09-27,242.21681213378906,245.58669624219195,241.36617294371084,243.63456353059317,19374535,RELIANCE.NS
2016-09-28,237.88723754882812,241.6715285784542,236.93843479039026,241.64971769021452,24820234,RELIANCE.NS
2016-09-29,233.9175567626953,242.27136053832746,232.81607770486463,238.8360580256888,21260295,RELIANCE.NS
2016-09-30,236.371337890625,238.73789207221353,232.57612684475964,232.94692650602357,11199883,RELIANCE.NS
2016-10-03,237.89816284179688,241.66064329710292,234.7464018681628,237.09113078958296,18125170,RELIANCE.NS
2016-10-04,239.13050842285156,241.7369825977741,238.18170558059822,238.41073448735253,13113580,RELIANCE.NS
2016-10-05,237.61459350585938,241.34437197880476,236.82938694734858,240.79908519761491,10789932,RELIANCE.NS
2016-10-06,242.2822723388672,245.65214206781874,238.18169414440447,238.18169414440447,21111045,RELIANCE.NS
2016-10-07,241.88967895507812,244.95418189401312,241.34439212836293,242.98025260850852,15280380,RELIANCE.NS
2016-10-10,239.13050842285156,244.72517647062278,238.61793794393364,242.98024701728107,11553662,RELIANCE.NS
2016-10-13,230.58041381835938,237.53827728184586,229.45710925920062,237.52737183641736,21938040,RELIANCE.NS
2016-10-14,235.05178833007812,236.00059130492636,231.56194349569697,231.85640511410148,15265659,RELIANCE.NS
2016-10-17,231.34381103515625,235.7388366109687,230.92938954621997,235.56433492299126,9826781,RELIANCE.NS
2016-10-18,235.80429077148438,236.16418506572515,231.64919917800785,232.51074401087524,11073137,RELIANCE.NS
2016-10-19,237.16748046875,238.7706392063159,235.86970332692013,236.5349500661773,17073242,RELIANCE.NS
2016-10-20,237.2111053466797,239.49040159889924,236.4476950742572,238.60703143109822,10125508,RELIANCE.NS
2016-10-21,232.11810302734375,239.272278381962,230.85302779902403,239.272278381962,43608816,RELIANCE.NS
2016-10-24,231.92181396484375,234.2556520990478,231.34381079403795,233.38318734009206,10513017,RELIANCE.NS
2016-10-25,231.38743591308594,232.34714424977685,229.93696796240553,232.29261702155662,7658966,RELIANCE.NS
2016-10-26,229.90423583984375,231.08206756855105,229.4789089289222,230.34046819566052,10945927,RELIANCE.NS
2016-10-27,228.7373046875,229.87149998028323,227.58129850677884,229.26078055801574,12842476,RELIANCE.NS
2016-10-28,230.10055541992188,230.7658021388114,227.66856833413595,229.02088722237718,8127969,RELIANCE.NS
2016-11-01,229.239013671875,230.31868195205274,228.4537924353777,229.30444634824843,10223897,RELIANCE.NS
2016-11-02,223.29534912109375,227.46136015158623,222.69553508602482,227.05784412653767,7039997,RELIANCE.NS
2016-11-03,223.33895874023438,225.69460753224655,222.60827940493752,223.31714785141972,7311872,RELIANCE.NS
2016-11-04,219.32566833496094,223.9824244566282,218.115120242626,222.53195657086164,11535892,RELIANCE.NS
2016-11-07,218.365966796875,221.7249313688768,217.90792352614616,221.1687390887076,9506040,RELIANCE.NS
2016-11-08,218.8785400390625,219.35839420679383,217.74433001351096,219.35839420679383,13432073,RELIANCE.NS
2016-11-09,219.11843872070312,220.0781469636534,202.8470494888762,207.20935836046777,21640144,RELIANCE.NS
2016-11-10,220.383544921875,224.4295819088874,219.64194546635355,222.1720817640001,9764091,RELIANCE.NS
2016-11-11,218.49684143066406,221.93215882715532,217.0463734383674,217.64618752600697,14775330,RELIANCE.NS
2016-11-15,214.93064880371094,218.11512623681472,213.6546680053739,217.35173049490948,14487470,RELIANCE.NS
2016-11-16,215.1814422607422,217.41713104891895,213.90547621090911,217.0245205105068,16550762,RELIANCE.NS
2016-11-17,213.26206970214844,217.7116078808309,212.5313757443697,215.06151186323157,12628378,RELIANCE.NS
2016-11-18,215.38868713378906,216.5228825551867,214.18904448115077,214.84340031350146,18163751,RELIANCE.NS
2016-11-21,216.2611541748047,216.70827743299952,214.4507920113533,215.3995948743663,13232434,RELIANCE.NS
2016-11-22,218.431396484375,219.8164171631175,216.65375065322283,217.61345896353697,17646355,RELIANCE.NS
2016-11-23,220.0781707763672,220.4053487091396,218.01698328791883,219.20570599564596,13107911,RELIANCE.NS
2016-11-24,215.35597229003906,219.32567085243767,214.2326823060655,219.32567085243767,18913793,RELIANCE.NS
2016-11-25,216.7410125732422,217.22086676904135,214.70165044110612,215.9339949894038,10454964,RELIANCE.NS
2016-11-28,215.20327758789062,218.24598412611937,214.64708532864518,216.58831279346612,8312777,RELIANCE.NS
2016-11-29,217.6134490966797,219.0530114968794,215.5086400006326,215.71584345277975,9885281,RELIANCE.NS
2016-11-30,215.94485473632812,218.1041908804506,215.20325542703023,218.1041908804506,27596098,RELIANCE.NS
2016-12-01,217.62435913085938,221.38685416345433,217.02454509146204,218.11511871945842,12627845,RELIANCE.NS
2016-12-02,216.97000122070312,219.20567553058007,216.32656545034916,217.22082643829654,12481430,RELIANCE.NS
2016-12-05,216.7737274169922,218.049693655859,215.17056869430255,217.02455266257851,3987213,RELIANCE.NS
2016-12-06,219.2493133544922,219.54377493061577,216.93730076569585,217.2426532268541,6726369,RELIANCE.NS
2016-12-07,217.92971801757812,219.77278184728613,217.31899855589973,218.98757527084422,4930865,RELIANCE.NS
2016-12-08,222.4883270263672,222.87003215351368,219.06391544683692,219.21659167369296,8750556,RELIANCE.NS
2016-12-09,224.42955017089844,225.06208051585796,222.54285002058194,222.91364969590555,8239158,RELIANCE.NS
2016-12-12,224.04786682128906,227.21053341340274,222.5864934271383,222.5864934271383,9023848,RELIANCE.NS
2016-12-13,226.7960968017578,227.05784203938563,224.1241900010077,224.22233900511569,10365823,RELIANCE.NS
2016-12-14,231.0929718017578,232.17263996074027,226.4471212606793,226.79609549549772,24139260,RELIANCE.NS
2016-12-15,229.664306640625,232.85968922402927,228.7264092980544,229.54434675169307,19331986,RELIANCE.NS
2016-12-16,230.58041381835938,231.63827114493978,229.45710925920062,229.45710925920062,14942206,RELIANCE.NS
2016-12-19,231.75823974609375,232.71794809985008,229.9696883886366,230.11147374453793,15009634,RELIANCE.NS
2016-12-20,230.74400329589844,231.42015549531862,229.7079568251703,230.0460402048843,11688169,RELIANCE.NS
2016-12-21,231.91091918945312,232.79428943453905,230.59133110482654,231.22386153216854,20367894,RELIANCE.NS
2016-12-22,229.75157165527344,231.78004275215315,229.2280957128531,230.7658072037133,28892834,RELIANCE.NS
2016-12-23,230.6131134033203,233.15415480362375,229.45709259184733,229.45709259184733,10265033,RELIANCE.NS
2016-12-26,228.46469116210938,232.5107280122672,227.85397164057773,229.96968635445938,15321770,RELIANCE.NS
2016-12-27,232.2271728515625,232.75064877657007,228.3665288046274,228.55193593140532,17442849,RELIANCE.NS
2016-12-28,228.9554443359375,233.2850372135143,228.38834661333428,232.9251429541673,9637310,RELIANCE.NS
2016-12-29,232.3907470703125,233.12144098885716,228.91180827367563,229.02087728122407,8772325,RELIANCE.NS
2016-12-30,236.08779907226562,236.65491132985088,231.87818084023584,232.24898052865493,15711974,RELIANCE.NS
2017-01-02,236.6767120361328,237.74547471558395,233.89573633265823,236.4367776974772,7097888,RELIANCE.NS
2017-01-03,237.61459350585938,239.27227929828217,235.80424605151097,237.71275706567837,6434204,RELIANCE.NS
2017-01-04,232.76153564453125,238.39981047346708,232.1399107631991,238.3779995849995,10392483,RELIANCE.NS
2017-01-05,234.9972381591797,235.542524996326,233.11055240025695,233.60131200968934,8734164,RELIANCE.NS
2017-01-06,234.4628448486328,236.65491209133418,234.05932882405543,234.29926317380685,7845839,RELIANCE.NS
2017-01-09,235.06265258789062,236.87301464750885,233.60129387856793,234.9099763621418,5228980,RELIANCE.NS
2017-01-10,237.7127685546875,238.7051786052128,235.5643230993557,235.5643230993557,11349916,RELIANCE.NS
2017-01-11,236.8839111328125,238.98872011962422,236.4367733571677,238.83604389964992,11475958,RELIANCE.NS
2017-01-12,236.28411865234375,237.82183011640626,235.52070836294743,237.0911361628406,4371992,RELIANCE.NS
2017-01-13,237.83274841308594,239.38136540610557,236.55676756672054,236.55676756672054,7234429,RELIANCE.NS
2017-01-16,234.74639892578125,238.6070283379646,234.24473390069468,237.73457818651454,12013154,RELIANCE.NS
2017-01-17,227.11236572265625,232.94693881372774,226.51255170245346,232.29259756987074,39234251,RELIANCE.NS
2017-01-18,225.2147674560547,228.58465190800652,224.38592450942386,227.4068201585827,15867619,RELIANCE.NS
2017-01-19,225.46563720703125,227.99577360340342,224.87671397407527,225.78189515657232,15284274,RELIANCE.NS
2017-01-20,223.7425079345703,226.28354965845992,223.3280864256083,225.52015387669454,8784907,RELIANCE.NS
2017-01-23,221.58314514160156,224.87667681121007,220.90699300810724,222.87003130019446,13708502,RELIANCE.NS
2017-01-24,224.06967163085938,224.3968349908142,221.82307709246723,221.82307709246723,9419288,RELIANCE.NS
2017-01-25,221.8885040283203,225.2474682433215,221.63766424862547,225.0947920226412,23856654,RELIANCE.NS
2017-01-27,223.5897979736328,224.41864086657014,222.259290079182,222.53194074870288,21861796,RELIANCE.NS
2017-01-30,227.8866729736328,228.24656721941435,223.52437848418708,223.55709481925751,15678126,RELIANCE.NS
2017-01-31,227.9739227294922,229.84971756453626,226.90515996813184,228.33381698505463,15125194,RELIANCE.NS
2017-02-01,228.9445343017578,229.21718499216377,225.79277327430373,228.17023313141775,11312284,RELIANCE.NS
2017-02-02,227.6031494140625,229.19538819351018,226.4580484759678,229.02090105932672,9099129,RELIANCE.NS
2017-02-03,225.45469665527344,229.11902804082888,224.68038095177474,228.14841433024927,13219481,RELIANCE.NS
2017-02-06,227.19961547851562,227.9084839653648,225.10571179304637,226.18537997086602,9991907,RELIANCE.NS
2017-02-07,224.85488891601562,227.35230881545232,224.04787136318936,227.27597069451002,9905562,RELIANCE.NS
2017-02-08,223.60072326660156,226.45803730799202,222.91366564962914,224.85487860171116,16230826,RELIANCE.NS
2017-02-09,225.2583770751953,225.531027747659,223.96060005988468,224.22233072784405,9861688,RELIANCE.NS
2017-02-10,224.69129943847656,225.86911666933952,223.6879693351467,225.74915676916052,12518554,RELIANCE.NS
2017-02-13,224.62586975097656,225.5310508570991,222.91367110928076,225.31292738477654,8565757,RELIANCE.NS
2017-02-14,228.9772491455078,229.6534158645057,224.63676549778057,225.74915002257464,18244623,RELIANCE.NS
2017-02-15,229.30442810058594,230.65674698471244,227.98482555204262,229.6534169068137,15236663,RELIANCE.NS
2017-02-16,232.83790588378906,233.2632328276043,229.5770902478851,229.5770902478851,19655195,RELIANCE.NS
2017-02-17,234.5828094482422,235.1717326094403,230.86395071256717,232.61978563094056,14847356,RELIANCE.NS
2017-02-20,234.56100463867188,235.31350949748494,232.61979166145977,233.5031473061435,11650581,RELIANCE.NS
2017-02-21,237.35287475585938,237.95268878928093,234.0484230095452,234.5173717033126,14186476,RELIANCE.NS
2017-02-22,263.3739929199219,264.2791593572124,238.18168857592565,238.39981202202412,127323130,RELIANCE.NS
2017-02-23,257.9756164550781,266.536637045011,257.23401718379495,264.7044643136097,62249698,RELIANCE.NS
2017-02-27,270.2228088378906,274.12704515863584,259.6333169301458,259.6660187022134,83422197,RELIANCE.NS
2017-02-28,270.0374755859375,272.20773234038256,267.9544624075486,268.7178728180592,36111716,RELIANCE.NS
2017-03-01,269.2631530761719,271.4224896534904,268.28163380284377,270.48459216475396,24385665,RELIANCE.NS
2017-03-02,269.7538757324219,273.66903228285145,267.63816122973714,270.00468639943205,18063590,RELIANCE.NS
2017-03-03,274.5086975097656,280.8885703181136,270.80075989397767,270.80075989397767,84305639,RELIANCE.NS
2017-03-06,284.716552734375,286.1670205494475,275.9701531854544,276.78807609229557,66724743,RELIANCE.NS
2017-03-07,284.62933349609375,289.4387660264565,282.70991683816817,287.6611347207693,42071555,RELIANCE.NS
2017-03-08,281.63018798828125,285.2290714211761,280.5178037184769,285.2290714211761,43336972,RELIANCE.NS
2017-03-09,280.6595764160156,283.113373955461,279.514490310947,281.36847390964,31094457,RELIANCE.NS
2017-03-10,279.5472412109375,282.67720590423187,275.0867830828697,281.42303602587214,24785585,RELIANCE.NS
2017-03-14,281.2593994140625,287.69381500026157,280.33242214486927,287.63927322206916,27765035,RELIANCE.NS
2017-03-15,284.62933349609375,287.1049424373943,281.4557760391947,281.59753227141823,24107889,RELIANCE.NS
2017-03-16,283.0370788574219,285.818039974941,282.15369418243694,285.7307964198825,15924023,RELIANCE.NS
2017-03-17,283.7023620605469,287.9010606084958,283.1243588738419,285.29458626542635,22727289,RELIANCE.NS
2017-03-20,279.36187744140625,284.9129094927155,278.8274960392178,284.85836770391387,12869337,RELIANCE.NS
2017-03-21,275.6539306640625,280.0380366772965,274.67241135005304,279.66725149289954,22596181,RELIANCE.NS
2017-03-22,274.7596435546875,276.11194799714235,271.8914384175392,273.08014660775535,20291685,RELIANCE.NS
2017-03-23,277.7259521484375,278.65292943042414,274.38879898927337,275.5120742594444,11807911,RELIANCE.NS
2017-03-24,280.6595764160156,281.80469164109303,276.6680676931851,277.90042646455316,16282523,RELIANCE.NS
2017-03-27,272.8837890625,278.91468874752735,272.03313532840855,277.24608305065016,32452615,RELIANCE.NS
2017-03-28,271.7168884277344,275.69747727130755,270.92074736301197,274.38879491616166,21707345,RELIANCE.NS
2017-03-29,274.0943603515625,274.8250397064237,269.0122775216132,273.01467764631025,18924345,RELIANCE.NS
2017-03-30,277.1479797363281,278.0422553459146,273.29825573311905,273.73447353291084,27862325,RELIANCE.NS
2017-03-31,288.1083068847656,291.76173350156176,276.1337767967496,276.1337767967496,45390562,RELIANCE.NS
2017-04-03,299.8320007324219,301.10798170990057,291.63087163823036,292.7105545699474,44886623,RELIANCE.NS
2017-04-05,308.6329040527344,309.28725990732505,301.0206992003987,304.31423112447476,40323877,RELIANCE.NS
2017-04-06,313.75860595703125,316.02699685439137,305.84104870720677,307.3242184108608,50620850,RELIANCE.NS
2017-04-07,306.80072021484375,312.77707890149367,305.9173645940852,310.00703758207186,31875272,RELIANCE.NS
2017-04-10,301.2933349609375,310.7922251070103,300.4099502330383,307.54231512637796,30768410,RELIANCE.NS
2017-04-11,299.330322265625,305.4593576209089,298.8395626369632,302.71109787639944,32249647,RELIANCE.NS
2017-04-12,295.327880859375,302.40573341379314,294.7062559036888,301.60959220948064,27448279,RELIANCE.NS
2017-04-13,297.6835021972656,299.5592676835759,293.87737120466784,295.327838935369,12713918,RELIANCE.NS
2017-04-17,303.5835266113281,304.39055863726304,297.7271426609843,297.7271426609843,11837502,RELIANCE.NS
2017-04-18,298.8612976074219,307.5422633544613,298.1633201226317,305.3502255913063,16016414,RELIANCE.NS
2017-04-19,298.5559387207031,301.5550377481096,296.10214101464715,298.5995604968103,11572557,RELIANCE.NS
2017-04-20,298.7195739746094,302.4820545755326,297.53083674034093,300.78077596503664,8393496,RELIANCE.NS
2017-04-21,305.9064636230469,309.9415946920145,300.68259538705485,301.10792229562276,30230907,RELIANCE.NS
2017-04-24,309.1563720703125,312.9952051139542,305.4047825849342,307.3350899915316,25512511,RELIANCE.NS
2017-04-25,312.51531982421875,320.1384437226784,311.0539611809138,318.4480561910905,36764315,RELIANCE.NS
2017-04-26,308.9491271972656,314.09664228731106,305.9282464550188,312.9951778999978,16763153,RELIANCE.NS
2017-04-27,307.4332580566406,310.6286553448767,305.8410339750038,309.0691330380611,12571594,RELIANCE.NS
2017-04-28,304.3142395019531,309.78891893202416,303.39815292831315,307.4878261720635,11848658,RELIANCE.NS
2017-05-02,298.9376525878906,305.79736636197384,298.01067525842427,305.79736636197384,18591411,RELIANCE.NS
2017-05-03,298.83953857421875,301.16244205882936,297.7271540548239,300.32270822674064,9500038,RELIANCE.NS
2017-05-04,296.189453125,300.9116420574184,295.3387992576331,299.9083119533474,14365934,RELIANCE.NS
2017-05-05,289.71142578125,298.23974655293347,289.0025572379298,296.98557659474193,15598448,RELIANCE.NS
2017-05-08,288.2173156738281,292.16520329004334,287.55206896104283,290.0931104757881,16066733,RELIANCE.NS
2017-05-09,290.1694641113281,290.8892234921245,287.96647682824334,288.78442889553264,21106150,RELIANCE.NS
2017-05-10,296.44024658203125,297.4217657380991,290.23488830512395,291.14005478726995,22906024,RELIANCE.NS
2017-05-11,296.53839111328125,298.76315995890866,294.8152726983295,297.53080109049307,13783848,RELIANCE.NS
2017-05-12,294.5535583496094,297.5090066766222,293.1576323017237,296.6474619814442,7523427,RELIANCE.NS
2017-05-15,293.16851806640625,295.8513447878458,290.8565055799695,295.8513447878458,6738085,RELIANCE.NS
2017-05-16,295.8295593261719,300.32271935054337,292.4923765243663,293.5938701994747,12655992,RELIANCE.NS
2017-05-17,295.1315612792969,297.9343333779051,293.9646350119328,295.10975038981377,9844573,RELIANCE.NS
2017-05-18,289.5151062011719,294.4554038648374,288.8062377106258,292.32879839319924,9790379,RELIANCE.NS
2017-05-19,287.6611328125,291.3363698606198,285.7308252818308,290.74747580449014,12813204,RELIANCE.NS
2017-05-22,288.8171081542969,290.87830992955304,286.8649899421859,289.32967859703115,8801430,RELIANCE.NS
2017-05-23,284.76019287109375,290.0604140203586,283.985891692832,289.15521837815226,9223001,RELIANCE.NS
2017-05-24,283.0480041503906,286.53786325702066,282.4809209735732,285.1855297491947,14326531,RELIANCE.NS
2017-05-25,284.0840759277344,286.2543033858169,282.77536415319435,283.54969450780237,25922008,RELIANCE.NS
2017-05-26,291.68536376953125,293.23396609799767,283.54966874247975,284.4112134677526,21430443,RELIANCE.NS
2017-05-29,295.9604187011719,297.8252935233701,291.3145534135725,291.61993500131155,24022633,RELIANCE.NS
2017-05-30,296.4947814941406,297.661707745534,294.1282272175831,295.7422912572665,9658309,RELIANCE.NS
2017-05-31,292.4269104003906,298.3705667958535,291.35814774403406,298.16334879512783,16423338,RELIANCE.NS
2017-06-01,289.71142578125,292.27427836711075,288.56633940204534,290.6820541461166,9534069,RELIANCE.NS
2017-06-02,288.9479675292969,291.9906883500414,287.25758001555477,291.18365636747757,11495005,RELIANCE.NS
2017-06-05,289.9512939453125,292.49233518677266,287.00676583753545,289.2751564201241,10835031,RELIANCE.NS
2017-06-06,286.341552734375,290.95468757669965,285.9489566660985,290.95468757669965,9591064,RELIANCE.NS
2017-06-07,292.05615234375,292.71050817926755,285.51271046863064,285.99255005999987,11199223,RELIANCE.NS
2017-06-08,290.46392822265625,293.32124252691807,289.6678160789554,292.2742905571139,7903123,RELIANCE.NS
2017-06-09,291.33636474609375,295.09884529203276,290.3112237685909,293.3866467010995,13836547,RELIANCE.NS
2017-06-12,287.7919616699219,290.03857051480406,287.2575803489571,289.3405929723157,8432435,RELIANCE.NS
2017-06-13,286.6795959472656,289.43874628483593,285.94891658482817,288.0428202288354,6025338,RELIANCE.NS
2017-06-14,296.0912780761719,296.6365503289753,287.01768570940146,287.01768570940146,52939271,RELIANCE.NS
2017-06-15,301.86041259765625,304.2705887065898,296.4402463537665,296.6365443608263,28290813,RELIANCE.NS
2017-06-16,302.9182434082031,304.4450345986029,298.66497489778385,302.98367606836274,32710880,RELIANCE.NS
2017-06-19,307.3787536621094,308.80741080339817,303.22367671348997,303.22367671348997,15236956,RELIANCE.NS
2017-06-20,308.0549011230469,310.1815358121526,306.9861383357052,307.32422170884666,10142474,RELIANCE.NS
2017-06-21,310.1596984863281,311.4683809650011,306.2881345935681,307.06246484412753,19992472,RELIANCE.NS
2017-06-22,312.4826354980469,315.26359672528025,311.40295278158476,311.78465791003055,22118609,RELIANCE.NS
2017-06-23,313.1805725097656,314.52198585265955,312.0354862863288,313.2133034030124,31143289,RELIANCE.NS
2017-06-27,313.4640808105469,314.74006135159607,310.81398529914236,312.34080559510045,32591540,RELIANCE.NS
2017-06-28,305.0340270996094,314.074889223181,304.39059123489363,314.074889223181,15567803,RELIANCE.NS
2017-06-29,303.7689208984375,307.5423214382329,303.2018377449507,305.3611741463324,12898245,RELIANCE.NS
2017-06-30,300.9989013671875,303.70351022746183,299.9192185282763,303.6162666590669,7814271,RELIANCE.NS
2017-07-03,301.2279357910156,304.2052248246952,299.0358972031626,302.7874584353175,9195278,RELIANCE.NS
2017-07-04,310.1487731933594,311.27207765374163,302.9618960078436,303.18000489723477,18816782,RELIANCE.NS
2017-07-05,314.663818359375,315.7107703000372,310.5959559432503,311.7846932425498,27209010,RELIANCE.NS
2017-07-06,314.6419677734375,316.2669227096757,313.6495286282109,315.98335202817526,13590313,RELIANCE.NS
2017-07-07,325.24237060546875,326.681918508177,314.0857942794407,314.7401209988471,35845310,RELIANCE.NS
2017-07-10,325.6131286621094,327.3689780131679,324.79520577087874,326.1038882208501,3504540,RELIANCE.NS
2017-07-11,325.9403076171875,328.13234553411354,324.3371636743567,327.3907753445121,20995547,RELIANCE.NS
2017-07-12,329.59375,332.6255509361608,326.6273817309498,327.0417886226503,17104482,RELIANCE.NS
2017-07-13,334.6321716308594,335.26974492424296,331.12557722025053,331.69719769206,23010262,RELIANCE.NS
2017-07-14,337.1934509277344,337.6881118210563,333.192195228486,334.17053955271354,20530867,RELIANCE.NS
2017-07-17,341.1507263183594,342.8765359785552,337.9079429402156,337.9079429402156,18749450,RELIANCE.NS
2017-07-18,334.1485290527344,341.1616887626977,332.19186990933974,340.0624456806391,19640167,RELIANCE.NS
2017-07-19,337.017578125,338.1278281118845,332.5436457900754,332.5436457900754,11790198,RELIANCE.NS
2017-07-20,336.12713623046875,340.7659350792836,334.9838953709474,338.51247379584964,13626050,RELIANCE.NS
2017-07-21,348.46075439453125,349.93373036330405,339.65580161993427,340.76602232810484,97142371,RELIANCE.NS
2017-07-24,355.11114501953125,357.2326715970578,348.4607110072266,351.75844033158796,43429394,RELIANCE.NS
2017-07-25,352.23114013671875,357.24370195476524,351.23081152501555,357.18872658756004,20063064,RELIANCE.NS
2017-07-26,356.7599792480469,358.33189887783334,352.0002518103649,352.681793660867,21954323,RELIANCE.NS
2017-07-27,350.615234375,358.6836689403043,349.19720457864884,357.9142192981585,18409364,RELIANCE.NS
2017-07-28,350.5382080078125,353.0664872623822,346.9216926478952,349.8346819745544,14331863,RELIANCE.NS
2017-07-31,355.1001281738281,355.8915914077348,350.8790300616609,352.18713842233285,16567422,RELIANCE.NS
2017-08-01,352.5499267578125,356.76001845260976,349.88974123745953,356.76001845260976,12311920,RELIANCE.NS
2017-08-02,358.17803955078125,359.6070468448205,353.53921054903253,353.9569411452772,20786240,RELIANCE.NS
2017-08-03,362.77288818359375,366.0266786006533,355.50689381672566,357.66141167569447,19707381,RELIANCE.NS
2017-08-04,356.6280517578125,365.6088766903527,355.07811649712875,365.6088766903527,18579866,RELIANCE.NS
2017-08-07,355.3529968261719,358.7056723964085,354.5175649613818,358.7056723964085,9537088,RELIANCE.NS
2017-08-08,352.3190612792969,356.3862696685581,348.8564351443782,355.7157345874601,10961296,RELIANCE.NS
2017-08-09,351.49456787109375,356.15538053490036,348.4606794743653,352.0881725974534,10436651,RELIANCE.NS
2017-08-10,348.3177795410156,353.2204193855858,346.9107566578007,350.230470076191,10188164,RELIANCE.NS
2017-08-11,339.9415283203125,347.36141138197297,337.0285093628311,340.97481852222666,16996281,RELIANCE.NS
2017-08-14,345.8334655761719,348.3507382987404,343.1842872111325,343.1842872111325,13440617,RELIANCE.NS
2017-08-16,344.30560302734375,346.48210520503886,340.8099854953141,345.6027047526509,13576650,RELIANCE.NS
2017-08-17,344.525390625,351.24177711711064,343.2172822946796,344.9430918310222,15828719,RELIANCE.NS
2017-08-18,346.3500671386719,346.8777189937142,341.45843476364854,343.84380154383643,7935890,RELIANCE.NS
2017-08-21,343.93182373046875,348.27385040535904,343.01946158325046,346.7019306140107,7573558,RELIANCE.NS
2017-08-22,342.9754638671875,347.33944509592527,342.09606353362403,345.60265805485136,9533641,RELIANCE.NS
2017-08-23,347.8121337890625,348.8014555298424,341.45850211335465,344.03075037998343,8320052,RELIANCE.NS
2017-08-24,344.7342529296875,350.2414754216198,343.95379646717896,349.5599628754376,12654347,RELIANCE.NS
2017-08-28,344.4044494628906,347.79011558597875,343.228246820904,347.1525716639717,12316426,RELIANCE.NS
2017-08-29,336.8416442871094,344.6133047650785,336.36896775182066,343.371149339506,15164812,RELIANCE.NS
2017-08-30,343.86590576171875,344.89919620975695,338.8423660085038,340.2274049149356,10334911,RELIANCE.NS
2017-08-31,350.54931640625,351.19786727344297,346.04239272515457,346.262235501914,25104625,RELIANCE.NS
2017-09-01,353.9788818359375,355.4078889540233,351.53856879307574,351.72542044064863,15431918,RELIANCE.NS
2017-09-04,354.6934509277344,359.70601293106546,350.84608497778424,355.1661275674554,21560532,RELIANCE.NS
2017-09-05,358.925537109375,359.4201979998934,356.3862798281477,358.35391657636336,25216776,RELIANCE.NS
2017-09-06,361.7395324707031,363.30047456598976,356.77096933714165,357.5624031698509,48745984,RELIANCE.NS
2017-09-07,359.7169494628906,366.0486260924024,358.3538950680626,361.8714964568472,16205339,RELIANCE.NS
2017-09-08,359.1893615722656,361.98145280788725,357.07881227566315,360.5524160987992,13248413,RELIANCE.NS
2017-09-11,359.6290588378906,363.56436195818594,359.0354833390897,361.1240484267709,12690592,RELIANCE.NS
2017-09-12,362.2012939453125,362.75090086824986,359.2333285069372,361.76157905545807,6500191,RELIANCE.NS
2017-09-13,373.3036193847656,378.09630842352635,361.4317594525875,362.3111597458785,29377106,RELIANCE.NS
2017-09-14,371.0391845703125,378.7998686425318,370.22576637590083,376.29360252971753,11867640,RELIANCE.NS
2017-09-15,370.1378479003906,374.9964904418501,367.03797684091234,370.22578500691446,28595395,RELIANCE.NS
2017-09-18,371.7866516113281,374.20500979350754,370.7093928393166,373.74331069035946,5061995,RELIANCE.NS
2017-09-19,368.7307434082031,373.193697691398,368.02724665538426,373.1717134178724,7718697,RELIANCE.NS
2017-09-20,372.4901428222656,383.6364915054853,371.5887583258241,376.4254448854504,24942703,RELIANCE.NS
2017-09-21,369.93994140625,374.490833196917,367.6974865999516,372.4242525947984,12950541,RELIANCE.NS
2017-09-22,359.4091796875,369.3023971813547,357.56244184178007,369.3023971813547,12294087,RELIANCE.NS
2017-09-25,361.2339782714844,364.0480539417464,354.04491382384657,358.35394976647837,14229631,RELIANCE.NS
2017-09-26,360.5963439941406,363.6522462093961,357.12274056266733,361.29987013085093,10564143,RELIANCE.NS
2017-09-27,351.3847351074219,363.05873930794445,349.77985341181306,363.0147707505718,18448855,RELIANCE.NS
2017-09-28,345.800537109375,353.03356932788677,343.05241457234666,351.6045620454738,29547622,RELIANCE.NS
2017-09-29,343.3601989746094,348.85641430000516,342.56873574933206,348.13090389754257,16666208,RELIANCE.NS
2017-10-03,351.0329895019531,353.4513188801213,345.3169008880011,349.5600134664886,18345748,RELIANCE.NS
2017-10-04,360.04669189453125,362.7288317541598,349.82371200386234,351.4066089232091,18907611,RELIANCE.NS
2017-10-05,362.3771667480469,364.26787325859016,359.9588375935405,362.7508994541874,10631751,RELIANCE.NS
2017-10-06,368.0492858886719,369.0605919733645,361.6956244305018,362.31121353264257,12997688,RELIANCE.NS
2017-10-09,365.2351379394531,369.2583772031983,364.0699421482781,368.90659949255206,8850408,RELIANCE.NS
2017-10-10,370.7533874511719,372.5561567397226,365.3890774878893,365.3890774878893,14732024,RELIANCE.NS
2017-10-11,369.4123229980469,377.4368184671019,367.5875694059078,371.6767621056397,15420644,RELIANCE.NS
2017-10-12,383.7464294433594,385.5272142413487,370.2696886611606,370.2696886611606,18642942,RELIANCE.NS
2017-10-13,385.373291015625,391.63898480179256,384.01023676593377,386.6264532540575,21509701,RELIANCE.NS
2017-10-16,385.5272521972656,392.2106478886648,378.71192150471217,386.4945896462184,32009221,RELIANCE.NS
2017-10-17,384.45001220703125,388.6930948847174,381.30614333029655,386.0548937079238,13898844,RELIANCE.NS
2017-10-18,402.1038818359375,403.5988419456188,384.73580493449094,385.791079527061,36671941,RELIANCE.NS
2017-10-19,400.08123779296875,405.357610334306,397.0473199127622,402.67544083968835,8014767,RELIANCE.NS
2017-10-23,413.2062683105469,415.3827998520189,399.7295245439685,401.40038834807666,27455320,RELIANCE.NS
2017-10-24,410.78790283203125,416.7018491061896,408.1277467684974,416.7018491061896,13857773,RELIANCE.NS
2017-10-25,413.2721862792969,415.91035788990115,408.699310481948,413.36012337621696,10011782,RELIANCE.NS
2017-10-26,416.5699462890625,421.14279307324165,409.3588983475855,413.3161854077807,16840049,RELIANCE.NS
2017-10-27,408.8531799316406,420.6590868200903,407.0284265589064,417.7131061662602,11498547,RELIANCE.NS
2017-10-30,414.4154357910156,415.75650599319505,409.18303128823794,410.67799142410144,7823263,RELIANCE.NS
2017-10-31,413.6899108886719,415.8444285880789,409.886513825748,415.4926801805031,9504986,RELIANCE.NS
2017-11-01,418.83441162109375,421.14281943352836,415.84446186294304,416.72386230375264,17571371,RELIANCE.NS
2017-11-02,416.21820068359375,420.5712343970542,415.18491028699304,418.94433915495716,10277678,RELIANCE.NS
2017-11-03,415.64654541015625,420.32931321375895,413.3821064679399,420.32931321375895,4798537,RELIANCE.NS
2017-11-06,410.0184020996094,414.41540376544935,408.4794735301914,414.41540376544935,9757496,RELIANCE.NS
2017-11-07,398.6741943359375,411.11764596845586,397.0693129398096,410.3921649071863,20447574,RELIANCE.NS
2017-11-08,390.3638916015625,398.3664021134632,388.7370259814017,396.82747358890566,17752793,RELIANCE.NS
2017-11-09,395.94805908203125,400.08121983316465,392.23259952003394,393.41977961960424,15007224,RELIANCE.NS
2017-11-10,388.62713623046875,396.1459639767803,386.5825398883443,396.1459639767803,13923102,RELIANCE.NS
2017-11-13,384.845703125,392.1666720043009,384.076224164917,389.1327540645319,9088619,RELIANCE.NS
2017-11-14,389.88031005859375,393.5297882591069,383.85644178086693,384.73584225188984,12481463,RELIANCE.NS
2017-11-15,388.5611267089844,391.5950150144635,386.0328473190869,388.9128750686924,15272059,RELIANCE.NS
2017-11-16,397.4210510253906,398.36640415948153,389.3525876503477,389.3525876503477,15160866,RELIANCE.NS
2017-11-17,400.9606018066406,406.67665931244886,399.4656126002382,404.06047222849185,12219276,RELIANCE.NS
2017-11-20,404.89593505859375,406.4348930391286,397.92674364990773,398.45436625934656,9231195,RELIANCE.NS
2017-11-21,410.0403747558594,413.16222970682384,406.9405040788137,407.51212455220184,13082246,RELIANCE.NS
2017-11-22,409.2490234375,412.7226274717665,406.03920139196094,412.1949754397921,11058315,RELIANCE.NS
2017-11-23,416.39404296875,417.6691602307805,407.44617915721494,409.3588697260112,16031638,RELIANCE.NS
2017-11-24,418.1968078613281,421.89028357421563,416.56994211274895,417.71315379733244,13987125,RELIANCE.NS
2017-11-27,418.30670166015625,421.01085543962597,415.07492530020517,416.50396182534405,10237135,RELIANCE.NS
2017-11-28,414.7891845703125,418.306756959709,412.48077677253656,417.6472286469186,10153618,RELIANCE.NS
2017-11-29,415.954345703125,417.7131464259867,413.7558594752991,414.1295921545187,8038351,RELIANCE.NS
2017-11-30,405.2037658691406,413.9537427541948,404.30238117845596,413.9537427541948,20637767,RELIANCE.NS
2017-12-01,400.169189453125,409.4688018990885,399.1139149064519,406.4788524582643,11114967,RELIANCE.NS
2017-12-04,396.4317321777344,401.7960418329414,394.563010170205,401.664136187916,10103208,RELIANCE.NS
2017-12-05,401.7521057128906,404.85197667570475,393.72763953228923,396.1899371411829,18306627,RELIANCE.NS
2017-12-06,407.44622802734375,409.05110959665984,399.59760634189985,400.1252583403562,24078081,RELIANCE.NS
2017-12-07,409.6007080078125,411.55736717905717,405.8412795897916,408.941150408589,12095301,RELIANCE.NS
2017-12-08,404.9619140625,411.9751038268248,404.1045272667384,410.61204931282754,12224184,RELIANCE.NS
2017-12-11,402.829345703125,407.16039461887163,401.6861340560478,405.59945239690927,10792248,RELIANCE.NS
2017-12-12,402.5874938964844,408.4794553199927,399.2457962606215,402.7413838114156,15782031,RELIANCE.NS
2017-12-13,402.1698303222656,406.6987085056366,400.4330138454182,403.15915207658975,9147866,RELIANCE.NS
2017-12-14,405.1817321777344,406.67669215336315,399.57556622825024,404.0824891320219,10983157,RELIANCE.NS
2017-12-15,404.4122619628906,410.2162865025176,403.5108773626947,409.35887045103846,24408414,RELIANCE.NS
2017-12-18,404.9619140625,410.0843973177775,379.30555858398816,400.98267190458023,18581421,RELIANCE.NS
2017-12-19,407.1383972167969,407.6000669751246,404.52218053177035,406.1051069776101,8891691,RELIANCE.NS
2017-12-20,403.708740234375,407.77594844103834,403.20310191861756,407.11642020309387,10443493,RELIANCE.NS
2017-12-21,401.4223327636719,406.2590201230297,400.12523115985636,403.84066176759944,9071450,RELIANCE.NS
2017-12-22,404.69805908203125,405.5774594112423,399.81740339823574,402.16980881811315,10658428,RELIANCE.NS
2017-12-26,408.8312072753906,412.8324625046236,403.7087247332023,406.654705470742,11596338,RELIANCE.NS
2017-12-27,406.171142578125,412.2169659744442,404.08257739989466,410.23835154115324,9520350,RELIANCE.NS
2017-12-28,406.36895751953125,410.8538672967761,404.1265026309089,406.83062732245196,15511891,RELIANCE.NS
2017-12-29,404.9839172363281,409.93052650790486,403.8626897149715,407.38029157542866,11089700,RELIANCE.NS
2018-01-01,400.01531982421875,405.7093940695705,399.0259980520491,405.7093940695705,9453202,RELIANCE.NS
2018-01-02,400.6308898925781,404.3243657644046,398.54232491426063,401.4443374776237,9499419,RELIANCE.NS
2018-01-03,402.23577880859375,407.1604032514544,401.4662998187556,406.7206883923315,13507800,RELIANCE.NS
2018-01-04,404.6540832519531,405.31364082486886,402.6314713366122,403.7087301164242,9008932,RELIANCE.NS
2018-01-05,405.9512023925781,407.5561131706841,404.63211654099234,405.3136584175376,7441284,RELIANCE.NS
2018-01-08,408.2816162109375,409.3588750180191,406.06114577296336,407.20435740385597,8827020,RELIANCE.NS
2018-01-09,413.7338562011719,415.03095773275516,406.2809817737514,408.1057058870631,14294571,RELIANCE.NS
2018-01-10,414.3493957519531,416.56986588790534,411.33746248641967,414.63519128292785,11727682,RELIANCE.NS
2018-01-11,412.3268737792969,414.48139156921326,411.1176798744526,414.1076295189599,7849171,RELIANCE.NS
2018-01-12,417.2734375,418.9443011456159,412.54670084844645,414.63526572971494,15071161,RELIANCE.NS
2018-01-15,417.33935546875,421.4505320612223,415.6025684930186,417.7131174735659,11120925,RELIANCE.NS
2018-01-16,405.81927490234375,416.7018133088848,404.52217339556626,416.7018133088848,10825151,RELIANCE.NS
2018-01-17,406.5008239746094,408.47946735645695,398.8060931893132,407.1603815523922,13204016,RELIANCE.NS
2018-01-18,404.3902893066406,408.7432931606718,402.3676773045552,408.4794818607916,9381821,RELIANCE.NS
2018-01-19,409.49078369140625,410.8538380784073,405.4455597284336,405.8412766742237,9973533,RELIANCE.NS
2018-01-22,427.1666564941406,428.3978052812969,413.31618127350276,416.8337534298782,45700733,RELIANCE.NS
2018-01-23,432.33306884765625,435.71873504339794,428.70557564182593,428.70557564182593,22526810,RELIANCE.NS
2018-01-24,424.9022216796875,431.67355475299144,423.27532656318414,431.67355475299144,14289485,RELIANCE.NS
2018-01-25,424.70440673828125,427.38654737094885,420.4173257489244,425.5837778627584,13669901,RELIANCE.NS
2018-01-29,424.0887756347656,429.7168970320304,421.80235223436125,424.83627036811043,9897064,RELIANCE.NS
2018-01-30,417.8890075683594,424.6603695937107,417.2734185291451,424.6603695937107,9182956,RELIANCE.NS
2018-01-31,422.6817321777344,424.08875512111547,413.997679439338,417.7131392989015,12551686,RELIANCE.NS
2018-02-01,415.00897216796875,427.6502820339128,411.82116435876986,423.5391347095605,16524809,RELIANCE.NS
2018-02-02,397.64093017578125,415.05297576450937,396.1679543304869,411.11767294971105,28965593,RELIANCE.NS
2018-02-05,396.6736145019531,401.2245066473689,387.7257788547849,393.09008925793955,19191099,RELIANCE.NS
2018-02-06,392.254638671875,394.8488713165877,382.97700995694254,385.61521115403156,24062503,RELIANCE.NS
2018-02-07,393.2658996582031,398.10258662281103,391.33122487236,396.8494536721968,15532284,RELIANCE.NS
2018-02-08,397.72882080078125,400.41099021711074,392.36451131962224,394.8048537279179,13825894,RELIANCE.NS
2018-02-09,394.7829284667969,396.6076527880399,389.5724787694808,390.89159407711986,11580639,RELIANCE.NS
2018-02-12,402.5435485839844,403.73072877633416,396.6296025455643,397.0473331188459,11877059,RELIANCE.NS
2018-02-14,410.5240783691406,414.4154124505737,404.961880684521,405.8412810361191,22247829,RELIANCE.NS
2018-02-15,411.4034729003906,415.84441379405536,408.1057142906776,412.2828732395473,13363743,RELIANCE.NS
2018-02-16,405.09381103515625,414.45937624217123,403.6867587481529,413.1402610541679,9628162,RELIANCE.NS
2018-02-19,407.60003662109375,409.7985225809822,401.68609119106446,404.9618358583283,8941900,RELIANCE.NS
2018-02-20,405.0058288574219,408.72128855189936,403.9945522581919,408.47946153904,8458450,RELIANCE.NS
2018-02-21,408.6333312988281,410.0183698374732,405.46750795942575,408.91912684538204,11917390,RELIANCE.NS
2018-02-22,406.43487548828125,409.3588720438302,404.52218490865516,405.4015852379144,11196908,RELIANCE.NS
2018-02-23,410.78790283203125,412.4367822130504,405.7313726619427,406.89656862590834,10610664,RELIANCE.NS
2018-02-26,412.7445373535156,415.4706754324035,411.8211684776262,412.8764429998568,8435611,RELIANCE.NS
2018-02-27,417.9329833984375,420.26337524552326,412.5906578294948,412.87645340376895,14021366,RELIANCE.NS
2018-02-28,419.7137756347656,420.8350030278222,414.7231983785712,415.9323628729262,56650480,RELIANCE.NS
2018-03-01,417.00958251953125,422.0661121264232,415.9323237783782,417.6031872490032,8956590,RELIANCE.NS
2018-03-05,406.324951171875,417.77908094069085,405.22570810614127,414.6352416634823,12325694,RELIANCE.NS
2018-03-06,400.4989929199219,411.6453442554086,397.9707423551225,408.4795203043922,16019726,RELIANCE.NS
2018-03-07,391.2213134765625,399.7954152379052,390.47381880127335,399.7954152379052,15853546,RELIANCE.NS
2018-03-08,400.76275634765625,402.1038557909865,392.782259268476,394.6949204955266,13283967,RELIANCE.NS
2018-03-09,401.48828125,404.2364037076672,400.58689661426115,402.27974450961244,10638527,RELIANCE.NS
2018-03-12,409.05108642578125,410.28226456860386,403.44494936195815,404.52220822330077,8315150,RELIANCE.NS
2018-03-13,409.73260498046875,411.5573584635263,405.11578993817983,409.7545892549272,11148731,RELIANCE.NS
2018-03-14,408.50152587890625,409.8206119227248,404.17050566645577,408.3916044878802,14724464,RELIANCE.NS
2018-03-15,400.9166259765625,408.6773092701264,400.1251921370827,406.7206502417463,12711836,RELIANCE.NS
2018-03-16,395.7502746582031,399.9933575686648,389.594500926149,399.6855483360086,30814962,RELIANCE.NS
2018-03-19,393.74957275390625,398.7621044255407,392.2106149342645,396.1679014973439,12630833,RELIANCE.NS
2018-03-20,391.2433166503906,397.48702694206247,390.0341521578806,392.7822746237687,15192983,RELIANCE.NS
2018-03-21,394.3652038574219,396.7615487619695,392.7823065562773,393.46381914570554,14715126,RELIANCE.NS
2018-03-22,399.311767578125,400.9826311492038,393.85952072479114,393.96944209769083,22129723,RELIANCE.NS
2018-03-23,393.04608154296875,395.728221801563,390.93553243556585,391.5950606869405,23469999,RELIANCE.NS
2018-03-26,396.2119140625,397.6189370483925,392.43050126406655,393.06807460615215,13227705,RELIANCE.NS
2018-03-27,395.64031982421875,400.4550232441875,394.40917096085593,398.8941102258626,15179544,RELIANCE.NS
2018-03-28,388.1214294433594,393.90346947628746,386.93424932420874,393.8814852028125,19160609,RELIANCE.NS
2018-04-02,392.62835693359375,396.14595840040124,389.79232670657075,392.6503412089737,12494499,RELIANCE.NS
2018-04-03,395.53033447265625,396.4756875821662,389.24265615921826,391.7709356595587,13922126,RELIANCE.NS
2018-04-04,393.48577880859375,400.91666945676945,392.2326457420129,397.7948142524174,14214534,RELIANCE.NS
2018-04-05,399.333740234375,400.1252034477274,397.2671597809828,397.97068589857395,8527915,RELIANCE.NS
2018-04-06,400.5649108886719,403.8626402150307,397.9267391681857,399.2458250284288,9664888,RELIANCE.NS
2018-04-09,402.76336669921875,404.0824818113761,401.24642247718776,401.24642247718776,7813897,RELIANCE.NS
2018-04-10,403.2250671386719,406.2370006707926,401.9499499207339,403.81864252477226,8455132,RELIANCE.NS
2018-04-11,409.2929382324219,410.12834070009694,402.7853872342242,405.31366696722233,13140816,RELIANCE.NS
2018-04-12,408.3476257324219,411.84321393426114,406.36898204036027,408.8532641185126,10822592,RELIANCE.NS
2018-04-13,412.810546875,414.0636800388565,408.3476211548157,410.1063926990947,12616816,RELIANCE.NS
2018-04-16,412.01898193359375,413.3161126839047,408.25958336908525,410.87577043869953,8934275,RELIANCE.NS
2018-04-17,415.18487548828125,416.482006458331,411.5573819411922,413.3161827012067,9599816,RELIANCE.NS
2018-04-18,412.4367980957031,416.92170791862156,411.13966707604186,415.6246062504644,7360987,RELIANCE.NS
2018-04-19,414.3274841308594,415.5146643576494,411.11766250647923,412.92043179788385,9802587,RELIANCE.NS
2018-04-20,407.9958190917969,414.12960823320816,405.0498673911544,412.43678962186937,7326696,RELIANCE.NS
2018-04-23,411.557373046875,415.228835066044,408.2596437067435,408.9191719638684,7674482,RELIANCE.NS
2018-04-24,426.529052734375,429.0133637586765,411.11763633948044,411.4694140760855,19921115,RELIANCE.NS
2018-04-25,426.7269287109375,431.69549191866275,423.67102664564186,428.1119672903521,14079382,RELIANCE.NS
2018-04-26,428.8594665527344,434.4216345551843,423.0994107355251,427.826176337548,34096999,RELIANCE.NS
2018-04-27,438.0711669921875,444.53471994533214,433.3224168389882,435.2131231902759,25518647,RELIANCE.NS
2018-04-30,423.5611267089844,436.4442638257751,422.11010588427666,431.78348021065676,19406069,RELIANCE.NS
2018-05-02,427.6943054199219,430.5523199353733,424.33059386541703,425.1880099606535,13381914,RELIANCE.NS
2018-05-03,422.81365966796875,429.9807391073415,421.78036934405463,429.9807391073415,8634812,RELIANCE.NS
2018-05-04,419.449951171875,424.17668762438456,417.7131347727149,423.36324011139175,8302649,RELIANCE.NS
2018-05-07,426.94683837890625,427.9361601911576,420.5052691365719,421.60451233335067,7683268,RELIANCE.NS
2018-05-08,425.23199462890625,431.7835144308885,424.3965627774853,429.80487085965603,10792648,RELIANCE.NS
2018-05-09,429.453125,432.7948233025033,423.0994925642026,424.70440355736537,9831044,RELIANCE.NS
2018-05-10,431.40972900390625,432.9267026903479,428.37581098252514,430.9040906760938,8781584,RELIANCE.NS
2018-05-11,434.9713134765625,435.8726687866166,429.91478327240196,431.45371193375354,8774740,RELIANCE.NS
2018-05-14,433.8060607910156,436.15846621363016,429.45305704028226,436.15846621363016,5642499,RELIANCE.NS
2018-05-15,430.4423828125,439.6980266146841,429.43107682589437,432.2451520389496,10501479,RELIANCE.NS
2018-05-16,420.4172668457031,428.26588784406755,418.7904011418488,428.26588784406755,18840763,RELIANCE.NS
2018-05-17,415.6685485839844,422.11011731684533,413.97570069314287,421.824321739678,10353948,RELIANCE.NS
2018-05-18,410.6119689941406,419.25202290417815,409.7985215596196,415.7784197924516,11440117,RELIANCE.NS
2018-05-21,409.51275634765625,411.425446901046,405.4455482253105,409.24894505794754,14491208,RELIANCE.NS
2018-05-22,407.4902038574219,410.6780121275241,406.72072479870616,410.30427941259325,11310073,RELIANCE.NS
2018-05-23,401.1145324707031,407.1603840239931,399.75144875844427,407.1603840239931,9991028,RELIANCE.NS
2018-05-24,402.69744873046875,404.96188779849956,400.19118263316335,401.88400118958805,11632489,RELIANCE.NS
2018-05-25,404.87396240234375,406.01717410710506,402.08190064426464,402.76341320101454,17782410,RELIANCE.NS
2018-05-28,404.69805908203125,407.60007136297725,403.68675310616374,406.67670248488076,11369679,RELIANCE.NS
2018-05-29,403.40093994140625,408.0397390524784,402.0598699073972,405.18172479659034,17878384,RELIANCE.NS
2018-05-30,402.8073425292969,405.92919747524854,398.6302130854391,402.2577356822106,13105124,RELIANCE.NS
2018-05-31,405.11578369140625,405.5334848996768,402.12583435665135,404.96186442106887,37080158,RELIANCE.NS
2018-06-01,409.1610107421875,411.44743397153724,403.84064025456456,404.52218210911155,19174278,RELIANCE.NS
2018-06-04,413.6899108886719,415.0749495950042,409.16103273512294,410.41416578861435,12250151,RELIANCE.NS
2018-06-05,416.6798400878906,419.91161647940135,413.7558435379996,414.54730676795157,17436812,RELIANCE.NS
2018-06-06,419.64788818359375,420.35138510357484,414.4814359199474,416.39412687416007,9164022,RELIANCE.NS
2018-06-07,427.1007080078125,429.14530436580736,419.66981730657943,419.86767578932023,14999572,RELIANCE.NS
2018-06-08,432.8167419433594,433.78404996074806,422.37388934369153,424.9021688072741,14289325,RELIANCE.NS
2018-06-11,432.0693054199219,439.67607040391886,430.4863788391981,434.0259646939955,15018718,RELIANCE.NS
2018-06-12,438.4449157714844,439.698048842878,431.0360093705574,432.3990638208888,16285583,RELIANCE.NS
2018-06-13,440.7972412109375,442.29223049529827,435.0811834070571,439.697998196672,12962502,RELIANCE.NS
2018-06-14,443.193603515625,444.88642186372635,434.1578032793607,438.57675949466926,11997529,RELIANCE.NS
2018-06-15,445.9417724609375,450.03096528434185,439.3682976970795,442.3362630706637,24705890,RELIANCE.NS
2018-06-18,446.53533935546875,448.6898569663923,442.77591099788714,443.5673742339309,12363932,RELIANCE.NS
2018-06-19,437.96124267578125,446.2055805499414,436.905938780823,445.8098342514566,13881382,RELIANCE.NS
2018-06-20,448.1622314453125,449.76714228658346,437.433611307361,437.9392496522937,15735681,RELIANCE.NS
2018-06-21,453.74639892578125,455.52718391629855,449.06360156036607,450.00895474351086,22988909,RELIANCE.NS
2018-06-22,445.1942443847656,452.5371971416547,443.4134595410246,452.18541941667513,35370008,RELIANCE.NS
2018-06-25,441.6546936035156,446.953050652031,440.70934042415786,444.7105958922529,11369371,RELIANCE.NS
2018-06-26,430.4423828125,442.3362276303299,428.81551713496145,442.3362276303299,17649122,RELIANCE.NS
2018-06-27,427.521240234375,436.1747889046505,426.1269134300521,433.1205900420165,19595831,RELIANCE.NS
2018-06-28,418.2701110839844,428.69421733753336,416.21184731295983,425.8170683951717,18770484,RELIANCE.NS
2018-06-29,430.4426574707031,431.7927219188633,420.0628126422111,420.1070751127927,17425606,RELIANCE.NS
2018-07-02,425.19732666015625,430.39831370972433,423.6038484724722,430.39831370972433,14570004,RELIANCE.NS
2018-07-03,429.93359375,433.0984487061848,425.0867059935559,427.1449697541093,11084063,RELIANCE.NS
2018-07-04,438.2551574707031,439.09617383964246,429.80079041244744,430.15489012665074,10938521,RELIANCE.NS
2018-07-05,426.9237060546875,446.35549221211556,424.3121611726955,441.30942278425584,40946479,RELIANCE.NS
2018-07-06,432.7000732421875,435.11243665609027,426.92364433094065,427.03430049233924,20039239,RELIANCE.NS
2018-07-09,441.3536682128906,442.63730936884104,435.33379510867593,436.92730309708384,11309207,RELIANCE.NS
2018-07-10,454.0130920410156,455.2524707360429,442.6373123426152,443.85455980286895,22846197,RELIANCE.NS
2018-07-11,459.8116149902344,460.7411563219205,450.53836245403227,453.70321740927255,18953870,RELIANCE.NS
2018-07-12,479.0884704589844,486.45837816909665,461.49363722739486,462.26825996028464,52736376,RELIANCE.NS
2018-07-13,486.8125,490.88476515910867,478.04826559542386,478.26960747836455,39301408,RELIANCE.NS
2018-07-16,476.36627197265625,490.840512658671,474.9719451369637,486.81250988481946,14427529,RELIANCE.NS
2018-07-17,483.5148620605469,485.10834043675396,473.44485523669994,477.29580809640555,14150770,RELIANCE.NS
2018-07-18,483.6033935546875,488.93716869429767,476.8531603417831,486.19280703153544,10241565,RELIANCE.NS
2018-07-19,489.0478210449219,493.54057970862004,480.8590281363584,483.9353582855338,11885426,RELIANCE.NS
2018-07-20,499.5826110839844,503.9425527767501,492.1684113945521,492.83237795489623,17538801,RELIANCE.NS
2018-07-23,495.88653564453125,500.09158814981566,492.6995789634249,500.09158814981566,12779803,RELIANCE.NS
2018-07-24,491.7478942871094,498.7415411032088,490.1765176707463,496.63904445000685,9775749,RELIANCE.NS
2018-07-25,493.6069641113281,497.0816859521699,488.7601057972345,491.32738797163836,13014255,RELIANCE.NS
2018-07-26,491.61505126953125,496.4177057946604,490.35354152543374,491.37160772285915,14053674,RELIANCE.NS
2018-07-27,500.1137390136719,503.45564380885503,492.2790462225454,495.53242608654807,14610585,RELIANCE.NS
2018-07-30,509.65252685546875,512.2640712186999,499.2948152314674,500.1800644747965,30344461,RELIANCE.NS
2018-07-31,524.9678344726562,526.9154422077543,507.77142201803036,509.47555662545886,30350826,RELIANCE.NS
2018-08-01,527.778564453125,532.4484024548143,524.702234357026,526.915416799906,21227054,RELIANCE.NS
2018-08-02,517.1552124023438,527.4022972477499,516.0929133280641,527.4022972477499,13668930,RELIANCE.NS
2018-08-03,520.9619750976562,523.8612553695951,517.6864343032773,520.098827431446,14536058,RELIANCE.NS
2018-08-06,527.8892822265625,529.3942061942307,520.253799380158,520.8513131725515,8785462,RELIANCE.NS
2018-08-07,524.1710205078125,531.7844002716075,520.9840050872534,528.9072220817177,8879612,RELIANCE.NS
2018-08-08,538.9994506835938,541.1241082944092,524.5252096295219,524.5252096295219,17307566,RELIANCE.NS
2018-08-09,539.110107421875,545.196344330461,536.476402010622,540.6814545371221,14976885,RELIANCE.NS
2018-08-10,533.0238647460938,537.8043889132804,532.1828777948207,536.0338309730729,7833494,RELIANCE.NS
2018-08-13,525.7202758789062,531.1425752585429,523.5070936646752,530.0802170660986,10211072,RELIANCE.NS
2018-08-14,535.856689453125,538.7780711428649,524.2153069668918,526.7383264846779,11592139,RELIANCE.NS
2018-08-16,531.5187377929688,538.2468679640742,529.1727683630726,532.6032566850403,13086024,RELIANCE.NS
2018-08-17,532.82470703125,537.9814325957946,531.186936523282,535.1485162859524,8379864,RELIANCE.NS
2018-08-20,546.61279296875,547.4537798214348,534.5508868824152,534.6615725949496,16639535,RELIANCE.NS
2018-08-21,552.0572509765625,553.9605963018237,543.1159955616758,547.6530465225219,15923396,RELIANCE.NS
2018-08-23,561.9058837890625,563.9198554134165,548.1620048381349,551.6587985281662,17429373,RELIANCE.NS
2018-08-24,565.4691772460938,566.553637289523,557.7451695344503,560.0468770289477,14550512,RELIANCE.NS
2018-08-27,571.666015625,573.5914622985424,566.0224038969507,566.3100803565542,12188510,RELIANCE.NS
2018-08-28,583.8385620117188,585.6091196578678,573.2152752302367,573.6578998679208,19018790,RELIANCE.NS
2018-08-29,572.861083984375,588.2648932667877,571.090585533899,582.6433834002996,24230135,RELIANCE.NS
2018-08-30,564.1190795898438,574.1669544597751,562.3485219230006,572.5955483345114,21545859,RELIANCE.NS
2018-08-31,549.6005859375,562.1493197768216,547.3652428141869,562.1493197768216,33479841,RELIANCE.NS
2018-09-03,544.067626953125,556.7934703656733,542.6954313774909,551.0834348230343,26686176,RELIANCE.NS
2018-09-04,549.7334594726562,555.4213348490787,544.0013216243439,546.7234931932902,19333815,RELIANCE.NS
2018-09-05,543.115966796875,554.4696148937215,534.9271738135313,549.9768266412864,22584608,RELIANCE.NS
2018-09-06,558.3425903320312,560.2459352866191,542.3855296226509,544.5101868864455,24487897,RELIANCE.NS
2018-09-07,565.9560546875,567.1733021176628,555.2885043132686,559.8919192232029,23389269,RELIANCE.NS
2018-09-10,555.8860473632812,565.2478248682096,553.3408669206563,564.3625164512283,15440786,RELIANCE.NS
2018-09-11,547.8521118164062,561.4411017760156,546.325027278262,557.2803120170412,23787332,RELIANCE.NS
2018-09-12,554.4032592773438,557.1475914382887,543.9348603816215,554.0933629003331,17642490,RELIANCE.NS
2018-09-14,554.69091796875,564.628107824439,552.2564231675549,557.4574108229871,17233514,RELIANCE.NS
2018-09-17,542.6290893554688,553.6286379041651,540.7257440969619,553.6286379041651,14773803,RELIANCE.NS
2018-09-18,538.7559204101562,548.6046437585512,537.5165714076329,542.6732962459503,16660044,RELIANCE.NS
2018-09-19,535.9230346679688,541.7879586197372,531.6073559811463,541.7879586197372,24642640,RELIANCE.NS
2018-09-21,538.910888671875,547.7193557926669,523.8612365552019,539.5748256622617,41713856,RELIANCE.NS
2018-09-24,545.3513793945312,548.8260722264904,533.156683758085,537.5609476340716,22098277,RELIANCE.NS
2018-09-25,544.70947265625,551.0834453269367,528.951561303614,546.878392681093,21250513,RELIANCE.NS
2018-09-26,553.9161987304688,555.0449209996481,543.1822863322004,548.4275355411055,13992341,RELIANCE.NS
2018-09-27,554.9564819335938,559.0509078246089,547.7636242912354,555.5097923127173,23642923,RELIANCE.NS
2018-09-28,556.8154907226562,562.9017858944173,552.1013909261055,557.6786382528167,24220992,RELIANCE.NS
2018-10-01,545.1962890625,556.7048838080634,532.9352324594645,556.7048838080634,16039441,RELIANCE.NS
2018-10-03,533.4221801757812,548.6932041353247,531.1868960326858,544.2225767537168,16135428,RELIANCE.NS
2018-10-04,496.7496337890625,526.9153585645768,489.55677687081163,526.5169964060608,50774608,RELIANCE.NS
2018-10-05,464.2601318359375,493.67336908457037,459.52390003318254,486.6797218717258,47998260,RELIANCE.NS
2018-10-08,491.06182861328125,494.4258648450093,453.9466852504677,464.7691837675426,53983473,RELIANCE.NS
2018-10-09,482.4967956542969,497.2144797488349,478.57944909427255,496.48411948822644,24042005,RELIANCE.NS
2018-10-10,487.8305969238281,493.9168638111641,479.9516409131189,484.20095620725556,20784941,RELIANCE.NS
2018-10-11,481.5008544921875,493.42991434329895,461.67070791989903,470.9660918957569,28926389,RELIANCE.NS
2018-10-12,498.6529846191406,499.7374445000079,487.7419921166012,489.09202677293666,19814528,RELIANCE.NS
2018-10-15,504.495849609375,507.66070459433746,494.9348909550084,500.13584893837236,19406012,RELIANCE.NS
2018-10-16,515.141357421875,516.7348063938479,504.6065346457416,507.26240112320806,16358598,RELIANCE.NS
2018-10-17,509.6082763671875,522.0242223213625,504.6064407386232,521.8693332478456,27967162,RELIANCE.NS
2018-10-19,487.4764404296875,491.7700475018947,473.73256019501423,486.9010283540417,55606079,RELIANCE.NS
2018-10-22,470.3684997558594,493.45202534091646,468.0225300115831,491.32736792200456,28798142,RELIANCE.NS
2018-10-23,466.8495788574219,471.27594387522913,461.95842837507354,465.9864311784535,23128845,RELIANCE.NS
2018-10-24,462.8879699707031,476.255619514561,456.53612848480526,475.79083404980474,29869514,RELIANCE.NS
2018-10-25,456.2705078125,460.63050852172944,449.896535320371,458.5722447244144,30833933,RELIANCE.NS
2018-10-26,462.5116882324219,467.86762393617505,452.37531752942397,457.20004454263693,20085933,RELIANCE.NS
2018-10-29,481.5008544921875,484.1787928343291,462.9986114742478,462.9986114742478,16781215,RELIANCE.NS
2018-10-30,467.8676452636719,480.4828032954299,465.6986956749193,480.4828032954299,19263668,RELIANCE.NS
2018-10-31,469.748779296875,471.784911714554,463.44120095796404,468.75284431979924,35999348,RELIANCE.NS
2018-11-01,467.5356140136719,472.6923389405378,464.76915084726494,472.6923389405378,20552752,RELIANCE.NS
2018-11-02,475.79083251953125,478.4909317196763,470.58984477361537,472.2940088927251,36739798,RELIANCE.NS
2018-11-05,482.6074523925781,483.66978116030407,471.4087230901009,475.1490197847463,16585905,RELIANCE.NS
2018-11-06,488.71588134765625,492.2127051462479,483.1828952711081,484.2452241065534,18886485,RELIANCE.NS
2018-11-07,491.63726806640625,493.5406134034245,489.8667396893032,493.5406134034245,2808599,RELIANCE.NS
2018-11-09,484.0017395019531,493.00941737855555,480.2614724335663,489.66751250930923,23712291,RELIANCE.NS
2018-11-12,478.04827880859375,486.3698592250039,475.6359151924671,485.8829720740352,12690610,RELIANCE.NS
2018-11-13,486.6575622558594,488.2289093220157,473.6440133349889,475.3924398100861,14899604,RELIANCE.NS
2018-11-14,485.99359130859375,492.5003509359988,480.4827666892778,489.1363149600316,17034346,RELIANCE.NS
2018-11-15,485.5067443847656,488.2289452972339,480.92543114923296,485.55100685333554,14943663,RELIANCE.NS
2018-11-16,499.02935791015625,500.15808050876245,485.61744459692255,485.99367561388726,24131016,RELIANCE.NS
2018-11-19,509.03302001953125,509.7854821241613,500.6229130566536,501.46390011476956,15987574,RELIANCE.NS
2018-11-20,503.4556579589844,511.64445070498687,500.18011722241687,506.8197236292204,12511640,RELIANCE.NS
2018-11-21,492.611083984375,507.04109301151124,490.0216702878151,503.49997707552075,16422494,RELIANCE.NS
2018-11-22,488.1625671386719,498.1219183611258,486.9453196665298,493.3192926298162,12670591,RELIANCE.NS
2018-11-26,491.21673583984375,494.6471656942796,485.7501733968261,490.88476733552335,13969873,RELIANCE.NS
2018-11-27,499.3833923339844,500.1801167362265,489.31338566189805,490.3978456459913,14896607,RELIANCE.NS
2018-11-28,510.2059326171875,512.4633777053549,498.5424466298489,501.26461810998876,17507771,RELIANCE.NS
2018-11-29,517.2216186523438,522.2676572802367,513.4591913637076,513.9018159634514,27640198,RELIANCE.NS
2018-11-30,516.8012084960938,524.9678409771739,514.4773401972819,518.9037053513254,23443212,RELIANCE.NS
2018-12-03,511.887939453125,520.0545716674077,508.36892549379166,520.0545716674077,12182825,RELIANCE.NS
2018-12-04,510.0509948730469,512.574014835583,505.58036707556204,512.574014835583,11358720,RELIANCE.NS
2018-12-05,511.3124694824219,512.9281382181655,504.2966614243573,506.2664299064278,12729759,RELIANCE.NS
2018-12-06,497.3694152832031,508.59021642539426,494.9791534586504,508.59021642539426,12831451,RELIANCE.NS
2018-12-07,501.8621520996094,503.25644935826995,490.5970292196639,499.9367052367765,15779984,RELIANCE.NS
2018-12-10,482.5853271484375,493.23074619157273,479.4204720397295,491.3274009700011,20521072,RELIANCE.NS
2018-12-11,485.81658935546875,487.83059080270107,466.9823768220481,471.85136663265433,29518062,RELIANCE.NS
2018-12-12,491.5486755371094,492.8766085719846,481.47869890016324,486.45834436397206,27572962,RELIANCE.NS
2018-12-13,490.0216369628906,499.29489010674473,484.70999296784566,499.29489010674473,20337275,RELIANCE.NS
2018-12-14,492.30120849609375,493.4963246900918,483.27139901697336,488.2732056825799,15795834,RELIANCE.NS
2018-12-17,500.1358947753906,501.50809045246905,491.99139339222495,493.9611324193799,11077711,RELIANCE.NS
2018-12-18,503.01300048828125,504.16382455092463,495.97503233892763,497.2144404248791,12841994,RELIANCE.NS
2018-12-19,503.1900634765625,507.837740503206,501.5965556374403,505.27045843181776,16118419,RELIANCE.NS
2018-12-20,499.4941101074219,501.2867696752321,494.0496490564129,496.19640838128,12609700,RELIANCE.NS
2018-12-21,486.98956298828125,500.7334434966957,485.1304802268269,497.9669505886336,18115814,RELIANCE.NS
2018-12-24,482.098388671875,488.31744243820066,480.94753500685727,487.299376171334,9065704,RELIANCE.NS
2018-12-26,486.1706848144531,486.90104509867547,471.6964438229025,480.61559723152027,15771193,RELIANCE.NS
2018-12-27,495.84228515625,498.852251139613,488.6715881289746,490.08801663787307,27294221,RELIANCE.NS
2018-12-28,498.21044921875,502.50402704858533,496.2849431086471,498.18828843578683,16768547,RELIANCE.NS
2018-12-31,496.30706787109375,501.8843160362173,494.0717541773984,500.6006453893138,15799099,RELIANCE.NS
2019-01-01,496.1963806152344,498.9850342368502,491.37165350447594,498.0776241124587,9746670,RELIANCE.NS
2019-01-02,489.73388671875,498.85222039888913,487.3436249759111,493.31923501144814,15628818,RELIANCE.NS
2019-01-03,483.69189453125,493.3635092523611,482.51890963809075,490.22078553274525,16288287,RELIANCE.NS
2019-01-04,486.3034362792969,488.8707479276948,478.53516673110533,485.7501554591943,18516544,RELIANCE.NS
2019-01-07,489.0035705566406,495.06770606812256,487.3436688813243,489.9995056522885,12060290,RELIANCE.NS
2019-01-08,488.9593200683594,491.3052900675144,485.1304982327441,489.1585011828274,12304389,RELIANCE.NS
2019-01-09,491.6593322753906,494.4258249623011,486.32555754042943,492.21264263185543,12614237,RELIANCE.NS
2019-01-10,490.2207946777344,491.7700401073639,488.2289245811867,490.3314508444639,8925160,RELIANCE.NS
2019-01-11,486.037841796875,493.00938668171045,481.854920775515,490.26502528205026,14139060,RELIANCE.NS
2019-01-14,485.484619140625,487.12236004562834,480.8811746140079,484.6878651488265,8994060,RELIANCE.NS
2019-01-15,500.0252380371094,501.0654355760193,489.1142147216286,489.1142147216286,22011407,RELIANCE.NS
2019-01-16,502.79180908203125,506.8198124607792,500.33515309902145,502.39338771527434,13961606,RELIANCE.NS
2019-01-17,502.14990234375,508.10335206954045,500.1801338609765,506.5762673652518,16379077,RELIANCE.NS
2019-01-18,524.2374267578125,526.6940822128304,502.50396544977406,508.5016772065438,56181172,RELIANCE.NS
2019-01-21,547.8521118164062,548.8480467926589,526.1407529722634,528.5088834121478,48206814,RELIANCE.NS
2019-01-22,546.7234497070312,551.9465982608722,539.8404290416297,545.7054129345357,36207430,RELIANCE.NS
2019-01-23,542.8060302734375,550.7292469993979,540.9026853969897,545.9044615705386,19313542,RELIANCE.NS
2019-01-24,552.1679077148438,554.7130882758987,540.0617976543355,542.2307176885093,28775487,RELIANCE.NS
2019-01-25,551.5260620117188,559.8033797795792,546.8341222864655,553.4958304499542,18703992,RELIANCE.NS
2019-01-28,544.2447509765625,555.9303984566689,541.0798955042951,553.5180050276912,18744303,RELIANCE.NS
2019-01-29,535.8787841796875,545.1741968816506,531.7622569321205,544.8864613246026,20405845,RELIANCE.NS
2019-01-30,529.2613525390625,542.2306681873968,527.225220095184,537.804303586863,17164298,RELIANCE.NS
2019-01-31,543.1824340820312,544.3111566582319,531.6074727062281,532.0500974232828,22279301,RELIANCE.NS
2019-02-01,553.2744140625,555.509757122941,543.1380734914077,546.2144033623265,20187323,RELIANCE.NS
2019-02-04,571.4005126953125,574.0784806662556,549.7776764638679,551.9686981888808,25528059,RELIANCE.NS
2019-02-05,571.688232421875,577.3761668533017,565.9560946142955,571.8874430916759,20479210,RELIANCE.NS
2019-02-06,579.9655151367188,583.2410560216659,572.8833428361716,573.7685922129579,20586783,RELIANCE.NS
2019-02-07,571.1790771484375,584.8122689945444,569.2757323297593,579.9653820304875,20150710,RELIANCE.NS
2019-02-08,565.5576171875,575.6497541284344,563.145224334816,568.7003111247333,14230054,RELIANCE.NS
2019-02-11,554.735107421875,564.8051424496962,553.7391724892514,564.7608799881442,16457901,RELIANCE.NS
2019-02-12,556.1295166015625,563.1895874760552,553.9605964529412,553.9605964529412,13998153,RELIANCE.NS
2019-02-14,541.8765869140625,549.3129183280569,539.1322546519556,549.3129183280569,14496604,RELIANCE.NS
2019-02-15,550.8399047851562,553.252297636153,537.3616008246254,544.3331455070256,20994460,RELIANCE.NS
2019-02-18,540.061767578125,554.4032201240432,537.8043227333932,553.2965993868063,21106139,RELIANCE.NS
2019-02-19,538.2911987304688,548.7374358904422,536.1222788619095,539.1321855608721,13658461,RELIANCE.NS
2019-02-20,546.3693237304688,548.8702417164039,539.57482832799,541.7216465839695,13776558,RELIANCE.NS
2019-02-21,551.9244384765625,556.7492248237998,544.1561684297326,547.0997112247437,23142949,RELIANCE.NS
2019-02-22,545.4840698242188,551.2162068932724,542.673314598179,550.9063696321634,19152470,RELIANCE.NS
2019-02-25,545.4619140625,550.1981752407047,540.3051890023434,547.0996844102749,17176522,RELIANCE.NS
2019-02-26,540.1281127929688,546.568508156536,533.8205639171774,535.3697501614166,22160532,RELIANCE.NS
2019-02-27,541.5667114257812,551.039174906928,535.1484763797688,543.5807423314526,24308835,RELIANCE.NS
2019-02-28,544.9085693359375,548.8037843138575,542.9166993834878,546.103714945572,24688859,RELIANCE.NS
2019-03-01,542.6954956054688,549.9105149789505,541.0135216564632,547.5423840655045,17329606,RELIANCE.NS
2019-03-05,547.8300170898438,548.7816896146917,539.3977517583712,541.5224091283327,15577500,RELIANCE.NS
2019-03-06,559.8477172851562,563.5216207548008,546.701408160775,548.781803498409,26332276,RELIANCE.NS
2019-03-07,562.2599487304688,566.4871023500223,556.9040137254028,559.4934563069631,17738092,RELIANCE.NS
2019-03-08,560.86572265625,564.1191025568273,558.6082777903562,560.4009372146203,13211934,RELIANCE.NS
2019-03-11,577.2432861328125,580.7400799174743,561.2640637135738,562.1714737819083,21258869,RELIANCE.NS
2019-03-12,589.3051147460938,590.4780995651925,581.7359971792328,582.9089819983315,24561597,RELIANCE.NS
2019-03-13,596.3651733398438,601.9866242361073,587.8665442066667,591.8060215375222,24577591,RELIANCE.NS
2019-03-14,593.8200073242188,602.871946999757,591.4076144308954,597.4496475061777,22753310,RELIANCE.NS
2019-03-15,585.0115966796875,601.4555465859182,580.3860210833575,595.3471487793354,34764353,RELIANCE.NS
2019-03-18,597.58251953125,601.079372818546,588.26500375624,589.1502531477479,22104063,RELIANCE.NS
2019-03-19,609.3124389648438,610.8395237390288,594.5061994229327,601.9867341954044,21448030,RELIANCE.NS
2019-03-20,608.825439453125,614.3805267326183,603.7572393047114,609.8656369626848,21639437,RELIANCE.NS
2019-03-22,593.9085693359375,611.2378271135251,591.6732852516752,607.5196617727818,25078643,RELIANCE.NS
2019-03-25,586.2509765625,591.7397001118269,582.8205465049533,588.9732071022316,17394088,RELIANCE.NS
2019-03-26,605.1959228515625,607.1213698963418,588.7076500196026,588.8404374331935,20734876,RELIANCE.NS
2019-03-27,597.2283935546875,609.9320763376186,595.0152110776627,609.9320763376186,22079870,RELIANCE.NS
2019-03-28,601.9867553710938,606.3246549025426,594.3734329198153,597.6710757187243,22930248,RELIANCE.NS
2019-04-01,616.084716796875,622.7021032334529,603.1154596255492,606.4131020011401,22088854,RELIANCE.NS
2019-04-02,615.1329956054688,621.0643428947214,610.8836809945728,618.8068982011463,17526740,RELIANCE.NS
2019-04-03,608.7147827148438,621.0201023548342,607.2983247627387,616.48305202846,17169813,RELIANCE.NS
2019-04-04,598.9104614257812,612.4772926682142,596.3431199622236,610.3968974724891,18320845,RELIANCE.NS
2019-04-05,599.28662109375,603.7129859979176,594.4618939853823,602.4072136697757,14717266,RELIANCE.NS
2019-04-08,588.3755493164062,600.8800793688172,585.9189530457305,600.2161424166632,19081843,RELIANCE.NS
2019-04-09,590.6773071289062,593.4437406042086,584.7237990427792,588.2206517980837,20774977,RELIANCE.NS
2019-04-10,589.3273315429688,596.6751382297164,587.1584113334028,592.22661208358,16651949,RELIANCE.NS
2019-04-11,596.1439819335938,598.888314244937,588.2650256739382,590.0134228350183,12558520,RELIANCE.NS
2019-04-12,594.5062866210938,600.6146857091937,591.651268222755,597.5604566174289,12948769,RELIANCE.NS
2019-04-15,593.2003173828125,597.0955322431255,590.920711938801,595.347076344954,9285737,RELIANCE.NS
2019-04-16,594.7939453125,601.9867446044715,593.1340140031939,595.3471966535134,17360317,RELIANCE.NS
2019-04-18,613.4732666015625,615.1552405762882,604.200012574651,608.6263780674099,39286534,RELIANCE.NS
2019-04-22,595.5021362304688,605.085227013863,593.7094175338176,601.9867358910117,23607922,RELIANCE.NS
2019-04-23,603.6908569335938,607.7409611357401,595.7898000746608,596.67504937718,19807450,RELIANCE.NS
2019-04-24,615.0444946289062,617.3904643392481,604.7531466235507,606.5458650761914,16101112,RELIANCE.NS
2019-04-25,607.475341796875,625.1808584075831,603.1375023418105,614.8674093124826,30469914,RELIANCE.NS
2019-04-26,616.5051879882812,617.8995443334779,606.7229464587433,608.6262916236552,15069884,RELIANCE.NS
2019-04-30,616.5051879882812,618.0986958860659,604.9966511607613,618.0986958860659,22348580,RELIANCE.NS
2019-05-02,621.9275512695312,625.8448682453895,611.768990059855,616.1510924873053,18992003,RELIANCE.NS
2019-05-03,623.6095581054688,627.4384094458284,620.8652259081734,623.2111958810029,14240262,RELIANCE.NS
2019-05-06,613.0084228515625,620.9316411509761,609.9984567813605,618.8069835524767,15832114,RELIANCE.NS
2019-05-07,594.6831665039062,617.4789856008622,593.2224460908922,617.3904606725227,19417647,RELIANCE.NS
2019-05-08,575.1851196289062,593.1340552174016,571.9760016081849,593.1340552174016,31958919,RELIANCE.NS
2019-05-09,556.1517333984375,570.4710281590392,554.071337981232,570.4710281590392,42670173,RELIANCE.NS
2019-05-10,553.8056640625,565.5576740793575,551.083433698049,559.9361634824019,24557430,RELIANCE.NS
2019-05-13,545.3513793945312,558.0771656204672,543.3373481960891,552.3671883167767,17603659,RELIANCE.NS
2019-05-14,557.9221801757812,561.8616578495395,545.107812119542,547.3209945199728,28438234,RELIANCE.NS
2019-05-15,556.3507080078125,565.6903827244514,553.5621138787803,563.4772005864845,24419559,RELIANCE.NS
2019-05-16,560.0911254882812,562.9904057923432,556.8820079074782,557.700893115146,14451308,RELIANCE.NS
2019-05-17,560.99853515625,565.2256894999022,554.1818786920556,560.8214852839767,17276949,RELIANCE.NS
2019-05-20,586.8927612304688,592.1159095094665,576.9776733603718,581.448359716685,26979100,RELIANCE.NS
2019-05-21,593.04541015625,605.0851552655346,588.7297311552686,589.6814037049653,30343560,RELIANCE.NS
2019-05-22,593.3110961914062,601.8539899601304,590.9651260000627,595.6349646937085,24689918,RELIANCE.NS
2019-05-23,590.4338989257812,616.1511018080408,586.4944211091025,607.2983718851489,38766006,RELIANCE.NS
2019-05-24,591.7395629882812,599.2422567255087,582.7318865290257,596.6749749729242,22269265,RELIANCE.NS
2019-05-27,580.1425170898438,592.0273731116835,578.5269075629556,591.8503232509513,16076686,RELIANCE.NS
2019-05-28,585.9410400390625,590.8321898691626,581.3376257620544,584.1926432278535,42594251,RELIANCE.NS
2019-05-29,581.204833984375,590.168248475365,577.2653566726345,584.7237883590988,15558515,RELIANCE.NS
2019-05-30,588.5969848632812,594.0192849685542,582.6213743565515,582.6213743565515,23494381,RELIANCE.NS
2019-05-31,588.7739868164062,593.9749741568739,584.3697238404902,592.204416473568,25724066,RELIANCE.NS
2019-06-03,602.0752563476562,605.1958488284881,584.8123628335076,590.920760397822,18556942,RELIANCE.NS
2019-06-04,598.2905883789062,608.2941997952747,596.719241504449,600.8578701490094,15442761,RELIANCE.NS
2019-06-06,587.53466796875,602.82779506063,584.7681748617575,602.82779506063,16764835,RELIANCE.NS
2019-06-07,582.0237426757812,587.4903046969813,577.9072153490195,586.9148926672266,14722419,RELIANCE.NS
2019-06-10,583.905029296875,587.3797219595616,579.8991869751485,584.6796520973529,11768468,RELIANCE.NS
2019-06-11,588.3313598632812,590.6994905962937,583.3960059300211,585.1001405330676,11492074,RELIANCE.NS
2019-06-12,589.6593017578125,592.4257947525115,586.4944465364875,590.7880242809626,10297599,RELIANCE.NS
2019-06-13,587.4903564453125,590.787998934032,579.2573010665908,588.7076038554885,15686169,RELIANCE.NS
2019-06-14,583.1968383789062,586.4944812040294,579.589358248093,585.1222854691209,14942768,RELIANCE.NS
2019-06-17,567.59375,584.281171161653,565.911717325974,584.281171161653,14908257,RELIANCE.NS
2019-06-18,567.0184326171875,570.0947629240811,561.7510214030443,566.0888616521408,16797371,RELIANCE.NS
2019-06-19,565.4027709960938,576.3137950100071,558.8739088523005,569.6299846715991,14492763,RELIANCE.NS
2019-06-20,573.9898681640625,575.428486953255,565.6904489489388,566.575698269597,10748848,RELIANCE.NS
2019-06-21,566.3543090820312,573.6578513679913,564.6059123632908,573.6356905902745,23236832,RELIANCE.NS
2019-06-24,558.7853393554688,565.0043637095691,556.4393695082755,563.1010185325224,11267228,RELIANCE.NS
2019-06-25,573.5914306640625,574.5431031065344,555.177715353136,557.2360083965599,14966899,RELIANCE.NS
2019-06-26,572.8390502929688,577.4646257823792,569.3864597139271,571.4447530500222,11593027,RELIANCE.NS
2019-06-27,563.986328125,574.0563053208624,562.5919717680536,572.3964332567001,24905533,RELIANCE.NS
2019-06-28,554.6688842773438,567.8373540567136,552.699115594441,565.2921732273622,18942165,RELIANCE.NS
2019-07-01,561.6403198242188,563.3222934590809,551.725232394284,556.8597964178464,13478857,RELIANCE.NS
2019-07-02,565.9118041992188,567.0184250293855,559.1837315656976,563.8978322942693,10146746,RELIANCE.NS
2019-07-03,567.7044677734375,569.4529239698368,564.3847234502912,567.8594159651082,8806492,RELIANCE.NS
2019-07-04,568.3463134765625,571.4448046030109,566.5757555607951,567.1954892433374,9351405,RELIANCE.NS
2019-07-05,559.2058715820312,571.2235169653313,557.723049208124,568.8332252636018,10926753,RELIANCE.NS
2019-07-08,554.2041015625,561.3084353173435,552.4999668032424,556.8378073507522,14009219,RELIANCE.NS
2019-07-09,566.6199340820312,568.1249169517715,551.3047078871608,552.8317924411703,17535754,RELIANCE.NS
2019-07-10,566.0667114257812,570.7143885662242,561.5739233692843,566.5978610200226,12018196,RELIANCE.NS
2019-07-11,567.2618408203125,570.9136422948378,566.2659057082456,569.6742340526625,8608376,RELIANCE.NS
2019-07-12,566.7970581054688,575.4284751870541,565.7125390667155,567.9036197336648,15692436,RELIANCE.NS
2019-07-15,564.8494262695312,570.7807145325879,562.3042459909406,568.7888445920233,10659498,RELIANCE.NS
2019-07-16,572.3300170898438,573.1710630706701,565.2699466652127,566.5536173225701,10070773,RELIANCE.NS
2019-07-17,567.3946533203125,574.1006245841717,566.5757680501406,572.9054787586715,9482233,RELIANCE.NS
2019-07-18,558.5418090820312,569.4085686468941,556.8376747286476,567.4609612021368,11942908,RELIANCE.NS
2019-07-19,552.85400390625,563.4551309237335,550.065350230861,561.3526341456075,16336536,RELIANCE.NS
2019-07-22,566.7970581054688,568.5675567105824,543.2487175124882,553.7392172248569,29092589,RELIANCE.NS
2019-07-23,563.7207641601562,572.7283832232471,557.9000427899266,568.7889053842914,20316348,RELIANCE.NS
2019-07-24,557.3246459960938,566.044588804399,554.8679903139908,563.6986188429327,15189179,RELIANCE.NS
2019-07-25,545.1077270507812,561.7287827886187,543.1158572917004,559.4934399562745,21805071,RELIANCE.NS
2019-07-26,537.2731323242188,549.9768149769168,535.5910994760233,545.1078253964605,20387504,RELIANCE.NS
2019-07-29,536.0115966796875,540.9027468061763,533.4221538311792,538.6453019932452,17626045,RELIANCE.NS
2019-07-30,522.71044921875,540.0176084680503,520.5194272008885,537.3396401391742,20853117,RELIANCE.NS
2019-07-31,516.225830078125,524.5252505096948,514.5216362429514,520.4308831584165,21229950,RELIANCE.NS
2019-08-01,522.4226684570312,525.9416230925917,509.1877776603354,514.9641771223088,22628222,RELIANCE.NS
2019-08-02,527.38427734375,533.5738699720014,517.4764941575648,523.5325023050001,23766807,RELIANCE.NS
2019-08-05,509.1271667480469,519.6583423312425,502.29188726944534,519.6583423312425,30399133,RELIANCE.NS
2019-08-06,502.4254455566406,511.91023878797483,499.62011264743677,505.29760041612724,29067994,RELIANCE.NS
2019-08-07,494.0094299316406,506.9897732425716,491.20406705572293,501.62398206269296,25349369,RELIANCE.NS
2019-08-08,513.1348266601562,515.6506970351464,487.7307721921939,493.54184479656,31198568,RELIANCE.NS
2019-08-09,517.4763793945312,523.4433298981054,513.1125017553761,517.3650887436063,21970009,RELIANCE.NS
2019-08-13,567.6389770507812,580.1294541671199,545.9308726334712,549.1147255700039,104827144,RELIANCE.NS
2019-08-14,573.650390625,580.8641307811267,570.1325471404525,580.663783789375,31688983,RELIANCE.NS
2019-08-16,569.0860595703125,575.2311234055627,566.8595923358139,574.9639544714397,21977767,RELIANCE.NS
2019-08-19,575.5873413085938,577.4575832737376,569.9766154131626,570.4441907669835,16317602,RELIANCE.NS
2019-08-20,568.1731567382812,575.5873021365318,566.6814339182407,574.3405138780473,14969299,RELIANCE.NS
2019-08-21,565.9467163085938,569.3755030810053,563.9651837223562,568.0395990053597,10677848,RELIANCE.NS
2019-08-22,555.1707153320312,565.9690623786811,551.6751653634185,565.94682802227,14031953,RELIANCE.NS
2019-08-23,568.128662109375,571.7577958939527,546.1533935304763,551.7195912204171,21307915,RELIANCE.NS
2019-08-26,564.0987548828125,576.2107097858199,560.6254400381222,576.2107097858199,19202504,RELIANCE.NS
2019-08-27,567.6832885742188,572.2029847207436,561.6049883649061,572.2029847207436,28401906,RELIANCE.NS
2019-08-28,562.540283203125,570.422005132932,559.311902506049,567.1936244358561,11605488,RELIANCE.NS
2019-08-29,552.944091796875,561.1820374243057,550.0719369198647,559.4899082583771,18890222,RELIANCE.NS
2019-08-30,555.9721069335938,558.5770931023615,543.7042736035451,554.6139685195744,24735240,RELIANCE.NS
2019-09-03,537.2030029296875,553.5007833479864,534.3530820941628,553.1667924586299,18730619,RELIANCE.NS
2019-09-04,534.8651123046875,536.6908258693913,528.141183434771,534.5979434098722,32949395,RELIANCE.NS
2019-09-05,533.7296752929688,540.2309641543467,531.3696236710425,537.3811028363892,22995486,RELIANCE.NS
2019-09-06,544.3721313476562,547.2665798974994,532.2378839179241,535.68890459839,23186819,RELIANCE.NS
2019-09-09,544.2385864257812,549.0477457084417,540.2086995227424,543.5483703495372,11747929,RELIANCE.NS
2019-09-11,549.6712036132812,552.1648395776373,544.3721751701554,544.3721751701554,12127900,RELIANCE.NS
2019-09-12,538.9619750976562,552.3653085224296,536.891385845471,549.9384939752575,11880005,RELIANCE.NS
2019-09-13,545.7526245117188,547.043940961514,537.4256220176591,539.6966172932991,12947715,RELIANCE.NS
2019-09-16,539.1399536132812,542.8581433798865,528.1634374665119,529.4548132897087,20547730,RELIANCE.NS
2019-09-17,533.217529296875,539.2513017834867,531.4586376216965,539.2513017834867,15640772,RELIANCE.NS
2019-09-18,536.8912963867188,541.6113996591116,533.1062843578578,536.5573055032447,14933909,RELIANCE.NS
2019-09-19,525.0241088867188,538.6723734072475,522.1742478115991,537.8485728999581,13766222,RELIANCE.NS
2019-09-20,558.5548095703125,565.4791456790705,522.9090409219021,528.9872826439796,48165560,RELIANCE.NS
2019-09-23,551.8086547851562,570.4219587525063,549.9384128123469,567.3716909391333,21610844,RELIANCE.NS
2019-09-24,569.3977661132812,578.3481633555577,553.3894480019216,553.7679670566171,34958974,RELIANCE.NS
2019-09-25,569.7763061523438,576.6561146490986,565.0116743389566,571.7578389113681,18192270,RELIANCE.NS
2019-09-26,577.45751953125,578.3480825353281,571.5350972037298,575.320108871329,18350457,RELIANCE.NS
2019-09-27,582.9124145507812,585.5619288812624,571.7577850305494,575.5427970097883,19058663,RELIANCE.NS
2019-09-30,593.2432250976562,594.8017698849055,581.3538516822917,583.3354436432543,25263770,RELIANCE.NS
2019-10-01,581.0643920898438,597.5848106628989,575.8989485514377,595.3583438041417,17920384,RELIANCE.NS
2019-10-03,583.8030395507812,585.4283468989939,570.5555272924099,572.6484099833085,13524851,RELIANCE.NS
2019-10-04,582.4893188476562,591.6178868813973,580.5968427407329,587.7438189170942,14992253,RELIANCE.NS
2019-10-07,583.3800048828125,588.1446363696328,579.6395209613231,582.4893823323844,10061584,RELIANCE.NS
2019-10-09,589.9036254882812,592.2192088311317,575.5429067022577,582.7567068046495,17588647,RELIANCE.NS
2019-10-10,606.82470703125,609.6077461918198,588.233639225813,590.0148247146693,35006390,RELIANCE.NS
2019-10-11,602.3050537109375,608.0938926735619,595.1580761873038,607.2477982108662,16597126,RELIANCE.NS
2019-10-14,604.7095336914062,607.8043293742732,601.5256817061605,607.8043293742732,13394275,RELIANCE.NS
2019-10-15,607.4481201171875,610.0531062053814,603.0619484845057,606.7133758781993,9672791,RELIANCE.NS
2019-10-16,611.099609375,614.350224276401,607.2477751806866,610.0086398066982,19403660,RELIANCE.NS
2019-10-17,621.8534545898438,622.9667180114293,610.9437584190024,612.2796626348761,16038940,RELIANCE.NS
2019-10-18,630.6925048828125,635.835655393317,622.8330774763288,625.1931291335094,28121951,RELIANCE.NS
2019-10-22,629.712890625,639.8210196591194,624.9036715114763,634.54428464092,27786502,RELIANCE.NS
2019-10-23,620.0277099609375,634.9673523948646,615.908766295107,630.6702961024129,18446160,RELIANCE.NS
2019-10-24,639.6428833007812,641.8471160772802,617.4227401722367,623.8572069872114,22642488,RELIANCE.NS
2019-10-25,637.3050537109375,641.8692781119589,628.4214205506927,641.7134593171186,13539957,RELIANCE.NS
2019-10-27,638.6632690429688,643.4501942145495,636.7707333262263,641.6690086076726,3014841,RELIANCE.NS
2019-10-29,653.2689208984375,659.0354654669868,642.1588194992843,643.6728361854762,25768505,RELIANCE.NS
2019-10-30,658.6347045898438,661.0615781305346,650.2631739322103,659.0354579712998,16341366,RELIANCE.NS
2019-10-31,652.0665893554688,663.3325688124955,650.886563570956,660.8166389822482,19463741,RELIANCE.NS
2019-11-01,648.7491455078125,650.931084439674,641.6689908799688,647.9031106067357,13904301,RELIANCE.NS
2019-11-04,649.0831298828125,655.0277868325503,643.4946981510161,652.7567916180376,14063434,RELIANCE.NS
2019-11-05,644.4743041992188,654.1149164864012,641.6689712156925,651.5099899088991,12685356,RELIANCE.NS
2019-11-06,638.9526977539062,644.0958483615741,636.1028363395386,642.4260127980896,14625505,RELIANCE.NS
2019-11-07,649.5062255859375,651.4654644310114,637.7504358146491,638.9972836207461,14084039,RELIANCE.NS
2019-11-08,643.6728515625,649.973734129593,641.8026095996164,645.2313964399264,12019353,RELIANCE.NS
2019-11-11,635.7910766601562,643.1161656257182,633.4532595413081,640.8228766581775,11357841,RELIANCE.NS
2019-11-13,655.6067504882812,657.2098236579902,636.7708042321007,636.7708042321007,25225749,RELIANCE.NS
2019-11-14,651.3541259765625,659.7478907611141,648.2593302163147,657.254254782022,14258133,RELIANCE.NS
2019-11-15,654.9611206054688,662.0635700076792,651.5323334784945,652.6455968983422,15691605,RELIANCE.NS
2019-11-18,649.7733154296875,661.7071569205408,648.081186273856,655.7625002501892,14076051,RELIANCE.NS
2019-11-19,672.2828979492188,674.5761867834334,652.3559866213146,653.2465495956901,30176255,RELIANCE.NS
2019-11-20,689.1596069335938,700.1806517569983,687.1780744035942,692.4548091499332,43538120,RELIANCE.NS
2019-11-21,684.6843872070312,692.8778052437542,680.6545001439249,687.9795894631586,14897371,RELIANCE.NS
2019-11-22,688.6475830078125,698.8893566132605,684.6844580398255,686.688284602851,22352865,RELIANCE.NS
2019-11-25,695.3491821289062,696.796376789713,690.651313481399,690.7181354342704,15146156,RELIANCE.NS
2019-11-26,694.7703247070312,701.9395355965804,692.8777890541031,698.2658738469718,35330983,RELIANCE.NS
2019-11-27,699.0451049804688,701.5610346187405,692.9222763090311,694.636699251103,9642739,RELIANCE.NS
2019-11-28,703.6985473632812,705.4129111039688,696.417985740945,700.2919947848181,13747479,RELIANCE.NS
2019-11-29,690.7182006835938,704.4332294556285,689.248712082968,704.4332294556285,18559594,RELIANCE.NS
2019-12-02,706.4592895507812,718.9052350893612,702.2289961837148,712.4707684592657,31225364,RELIANCE.NS
2019-12-03,703.0751342773438,709.799064609307,700.2698008216605,709.2424923491538,12990426,RELIANCE.NS
2019-12-04,691.408447265625,702.4517277091587,682.9700937922422,700.4479011474155,20987607,RELIANCE.NS
2019-12-05,690.5845947265625,703.4535881327247,687.5343269551083,700.8931300628573,19942460,RELIANCE.NS
2019-12-06,692.387939453125,698.2213054338009,686.242876423503,691.5419046059857,13085234,RELIANCE.NS
2019-12-09,700.2697143554688,702.4071251649631,688.6475096381411,692.9446250588585,12642677,RELIANCE.NS
2019-12-10,695.52734375,700.7150224336392,692.0540287591915,700.0248063059641,10173333,RELIANCE.NS
2019-12-11,695.7277221679688,701.115747607188,690.473221738255,692.6996888491133,12364641,RELIANCE.NS
2019-12-12,698.3103637695312,700.8262934185599,693.1672138215926,699.2232205691729,10326606,RELIANCE.NS
2019-12-13,704.856201171875,708.0178188148872,700.1806263844514,703.5648253338594,12668303,RELIANCE.NS
2019-12-16,697.5980224609375,709.754506556987,696.5961092046571,708.9084715750772,11892718,RELIANCE.NS
2019-12-17,695.861328125,703.1195956735934,692.6774758966036,697.664748110966,20324601,RELIANCE.NS
2019-12-18,701.7169189453125,703.5648670591819,695.5496209983077,695.9949025377775,14742077,RELIANCE.NS
2019-12-19,716.9014282226562,719.1056609955814,699.9134917904707,700.7595267067665,20507816,RELIANCE.NS
2019-12-20,712.070068359375,720.2857211455093,710.7341642408371,719.1502234523015,21271510,RELIANCE.NS
2019-12-23,699.7354125976562,702.4739238931126,693.6794050834533,694.703552662622,25107772,RELIANCE.NS
2019-12-24,688.6253051757812,700.0248101711578,686.8663538680914,698.6221435556297,18048449,RELIANCE.NS
2019-12-26,674.7988891601562,691.5196564072455,672.461071963697,686.4878562421779,29761019,RELIANCE.NS
2019-12-27,686.799560546875,688.5139241722563,677.4261167611049,679.9642809467703,17677571,RELIANCE.NS
2019-12-30,687.6234741210938,689.1597253859453,680.4319681129946,688.4027466561997,17123749,RELIANCE.NS
2019-12-31,674.19775390625,687.4007381135765,671.5260051917422,686.6437000385328,22203005,RELIANCE.NS
2020-01-01,672.2161865234375,680.0088516309808,670.3905321258029,675.9566705310696,14004468,RELIANCE.NS
2020-01-02,683.6602783203125,686.1762083080744,673.2849207275859,673.2849207275859,17710316,RELIANCE.NS
2020-01-03,684.4840698242188,686.4878962665452,678.1831277621862,682.6360622006584,20984698,RELIANCE.NS
2020-01-06,668.609375,680.3651059474896,667.0508300218751,676.8473220199032,24519177,RELIANCE.NS
2020-01-07,678.8956909179688,683.3040975466399,673.952886932682,676.4019951208164,16683622,RELIANCE.NS
2020-01-08,673.7969360351562,683.2816698165456,672.3942695805264,674.6207365379029,16047902,RELIANCE.NS
2020-01-09,689.3154296875,690.2059926741842,681.8567565985553,685.1296647498189,14982742,RELIANCE.NS
2020-01-10,689.1596069335938,693.7461255846073,685.5972357997355,691.0520831577536,12478359,RELIANCE.NS
2020-01-13,687.4007568359375,694.0801585291999,685.0407051379933,688.0019166618636,18282382,RELIANCE.NS
2020-01-14,681.0330810546875,690.2061193009722,677.6711159879618,685.7531846503401,15816535,RELIANCE.NS
2020-01-15,678.5616455078125,685.708622508407,676.068009361063,683.9052024938248,15817859,RELIANCE.NS
2020-01-16,684.8179321289062,687.2448055274269,680.4095262908653,680.8548672498658,12847975,RELIANCE.NS
2020-01-17,704.0101928710938,705.7690846391494,691.6310096398801,691.7645940988411,29463471,RELIANCE.NS
2020-01-20,682.3466796875,716.4784927540825,679.6971651864098,716.4784927540825,32545850,RELIANCE.NS
2020-01-21,683.036865234375,688.3581283514012,677.73783646965,680.6768135829059,18922720,RELIANCE.NS
2020-01-22,682.7919311523438,688.7588822425179,681.7900179448524,687.534328261155,10322817,RELIANCE.NS
2020-01-23,679.8975219726562,686.6214514994721,677.1589513580537,684.1945779592724,11247739,RELIANCE.NS
2020-01-24,677.5374755859375,684.1278207028573,676.201571520967,679.9642896946181,14628445,RELIANCE.NS
2020-01-27,670.8580322265625,678.8288097703885,670.1678160991427,674.5762817936037,13387750,RELIANCE.NS
2020-01-28,655.3617553710938,672.3942783497732,651.7326219117568,671.7708247894806,24532236,RELIANCE.NS
2020-01-29,658.96875,665.4477454950623,651.9330633649719,656.385997983268,24746565,RELIANCE.NS
2020-01-30,642.8935546875,658.9018717010598,641.2237192109507,658.5901746274501,22402689,RELIANCE.NS
2020-01-31,628.599609375,647.1238564671794,626.6180767993984,647.0125063572486,34750310,RELIANCE.NS
2020-02-03,616.9551391601562,623.3896651574961,606.9583015760081,610.0085691432375,30712290,RELIANCE.NS
2020-02-04,635.167724609375,637.8840014691701,622.4323157911366,623.411935184783,25383901,RELIANCE.NS
2020-02-05,645.0086059570312,646.9233758070424,636.9043045187749,638.9525993651572,18472100,RELIANCE.NS
2020-02-06,649.1499633789062,653.2466727335321,641.268301219584,647.5024215657478,15538577,RELIANCE.NS
2020-02-07,638.3961181640625,646.7231209827357,636.0137726868787,646.121961162775,12209212,RELIANCE.NS
2020-02-10,639.264404296875,643.6728102657878,628.065247040691,635.8801458287573,15142476,RELIANCE.NS
2020-02-11,646.901123046875,652.8903075199792,643.4723367839457,644.5187779768384,13999816,RELIANCE.NS
2020-02-12,654.7161254882812,656.742245701073,647.9031394730254,648.4152429768247,13533565,RELIANCE.NS
2020-02-13,656.4304809570312,658.0335539553153,651.2873305313852,658.0335539553153,13565659,RELIANCE.NS
2020-02-14,662.4197998046875,668.5870984643474,647.0571093166483,657.8109867132612,21227841,RELIANCE.NS
2020-02-17,658.2562255859375,670.6799378673376,656.4973336908605,663.0431510030807,13149130,RELIANCE.NS
2020-02-18,653.4246215820312,657.2096328881628,648.9716880866276,657.2096328881628,11127161,RELIANCE.NS
2020-02-19,669.6334838867188,670.813509728984,656.8535465958774,658.7460229239962,14084409,RELIANCE.NS
2020-02-20,661.6849365234375,671.5036613641485,660.7275515499585,666.605445844099,16892268,RELIANCE.NS
2020-02-24,643.4279174804688,657.699577615814,641.0233376549481,654.4711971958799,21370214,RELIANCE.NS
2020-02-25,630.7147216796875,646.299990125259,627.8648012169732,646.299990125259,27745062,RELIANCE.NS
2020-02-26,619.8494873046875,628.9112331011329,617.7788986626947,627.8647918804157,29362748,RELIANCE.NS
2020-02-27,617.2891235351562,620.6510881290094,609.6077499205786,618.0683364567957,25054993,RELIANCE.NS
2020-02-28,591.64013671875,604.264254045817,590.014829470249,603.329103417816,39315769,RELIANCE.NS
2020-03-02,586.0740966796875,609.6078528086264,579.3724007114388,603.4182603911414,29500495,RELIANCE.NS
2020-03-03,597.96337890625,602.8838887991839,588.6789907987993,592.1077777316948,27398798,RELIANCE.NS
2020-03-04,596.5606689453125,602.8393168736188,582.4003001293128,602.0378101189941,22105261,RELIANCE.NS
2020-03-05,583.8475952148438,604.6873667976507,581.5543059975552,602.1269086434213,30510390,RELIANCE.NS
2020-03-06,565.9689331054688,573.6057788366949,552.654658716733,565.5236515774449,33734039,RELIANCE.NS
2020-03-09,496.12457275390625,552.6101407818697,487.59719353402716,552.1870935973562,88187018,RELIANCE.NS
2020-03-11,513.669189453125,524.7569973633897,493.3860202311153,493.3860202311153,59578576,RELIANCE.NS
2020-03-12,473.3477783203125,490.26895266015714,466.98007386558294,483.14426957764243,55970485,RELIANCE.NS
2020-03-13,492.1836853027344,507.6353699155986,419.64527598931187,444.40361172588484,73297403,RELIANCE.NS
2020-03-16,452.28533935546875,480.7841591374453,447.5206784786443,472.2567802513006,38482258,RELIANCE.NS
2020-03-17,448.8565673828125,472.0118595343903,446.7191567142074,466.3343420099244,45445979,RELIANCE.NS
2020-03-18,431.2674865722656,461.28032501489446,427.9277857781092,456.5601919681001,44730415,RELIANCE.NS
2020-03-19,408.6465148925781,430.59951868687136,397.2915088300032,409.7152202964063,61404010,RELIANCE.NS
2020-03-20,453.28729248046875,460.8350229658722,414.123649892298,418.35394359459445,63360475,RELIANCE.NS
2020-03-23,393.66241455078125,423.0295668803202,389.92193040058896,407.9786036891489,40670949,RELIANCE.NS
2020-03-24,420.090576171875,431.9353918898189,398.8945807634273,414.1236252972025,45734887,RELIANCE.NS
2020-03-25,481.9196472167969,512.7785178891949,428.9296612692312,429.17456609975056,73130298,RELIANCE.NS
2020-03-26,474.77264404296875,497.34906927588145,464.15238337884045,487.95336242013315,45744488,RELIANCE.NS
2020-03-27,474.5054931640625,493.07426683799997,465.86679422968973,487.59715574121174,41657940,RELIANCE.NS
2020-03-30,458.8534240722656,478.6022243792753,454.2001132600208,463.37318015277566,30229866,RELIANCE.NS
2020-03-31,495.94647216796875,503.0934193486525,466.668378147016,478.2237612689132,44292810,RELIANCE.NS
2020-04-01,481.1181945800781,500.7779105092495,465.4215737109047,499.7314691179713,41597459,RELIANCE.NS
2020-04-03,479.78228759765625,505.1640794985781,470.3643151321363,505.1640794985781,41367807,RELIANCE.NS
2020-04-07,537.0693359375,540.5871191109118,489.8236031363708,490.7587239777516,54373624,RELIANCE.NS
2020-04-08,530.8575439453125,547.2666748233642,516.5413553079427,525.4472243442474,49880330,RELIANCE.NS
2020-04-09,543.2367553710938,548.9587723530421,531.2360897019119,540.5872407700642,33032857,RELIANCE.NS
2020-04-13,529.5216064453125,541.0324597756588,525.4471322437827,536.111950755027,23673784,RELIANCE.NS
2020-04-15,512.0216064453125,550.3837133914021,508.97133852649563,533.0394909756521,35321842,RELIANCE.NS
2020-04-16,520.1260375976562,528.7647389681663,509.8620285623718,512.021674179924,37455706,RELIANCE.NS
2020-04-17,545.0401000976562,547.7119081332823,531.0801379395491,541.477788467049,33269335,RELIANCE.NS
2020-04-20,553.8570556640625,559.7348915553606,535.2437501412302,545.9308055574253,36030932,RELIANCE.NS
2020-04-21,550.98486328125,557.508386765965,518.3225393512134,538.8060261793212,61371628,RELIANCE.NS
2020-04-22,607.203125,616.6879177572206,578.8824500723541,587.788317456508,142683366,RELIANCE.NS
2020-04-23,610.453857421875,617.1110242514935,602.6166648338456,608.8730782936495,65464502,RELIANCE.NS
2020-04-24,630.9819946289062,665.692673747736,599.9004494609227,601.2140598103026,134986308,RELIANCE.NS
2020-04-27,636.659423828125,656.8089776563307,633.6536843523593,638.5519000387314,58482901,RELIANCE.NS
2020-04-28,635.947021484375,648.1035053145215,619.9164097345322,645.6766910891598,78453401,RELIANCE.NS
2020-04-29,635.4125366210938,647.3019093275574,632.3177410324345,643.405607041887,37494672,RELIANCE.NS
2020-04-30,652.8013305664062,665.6926172797448,640.3553848329962,647.4355395070829,71345899,RELIANCE.NS
2020-05-04,639.0863647460938,652.3561123219903,631.1823492999154,641.2237757465786,53456868,RELIANCE.NS
2020-05-05,650.4190063476562,658.5901902105282,644.4298209519568,647.3242698899517,44903763,RELIANCE.NS
2020-05-06,650.4635620117188,661.2396721044524,643.6728107196592,651.9107566845831,40489094,RELIANCE.NS
2020-05-07,671.0360717773438,674.0195767371007,643.45013963793,647.9030735523609,50026966,RELIANCE.NS
2020-05-08,695.4606323242188,703.520407322856,684.4618205288415,687.9796639330426,84262770,RELIANCE.NS
2020-05-11,702.1399536132812,719.1501837188379,700.1361272712575,703.564854514178,67085063,RELIANCE.NS
2020-05-12,658.7015380859375,698.3773161288631,652.3561269036683,696.796477334206,100683202,RELIANCE.NS
2020-05-13,672.677001953125,686.4096865474885,653.5950534044931,686.4096865474885,66430125,RELIANCE.NS
2020-05-14,645.4813232421875,672.7893884091039,642.8291930409412,660.3377943598729,49266771,RELIANCE.NS
2020-05-15,656.0224609375,659.3039301915819,636.1089238922658,649.0999085460102,62152260,RELIANCE.NS
2020-05-18,647.6389770507812,666.181474909855,641.9076865534937,660.7873261418357,62796089,RELIANCE.NS
2020-05-19,633.3218994140625,657.0563561877386,630.7821895369445,654.9436171986698,42315854,RELIANCE.NS
2020-05-20,644.469970703125,650.3810982575258,626.1746653038855,633.8164459231173,55320985,RELIANCE.NS
2020-05-21,647.86376953125,656.9439458804737,640.5591310175457,645.054274887475,39167981,RELIANCE.NS
2020-05-22,643.5035400390625,655.3932125372227,641.2334956643825,652.6062491431145,37828973,RELIANCE.NS
2020-05-26,640.1320190429688,651.6620746780493,636.6482413729298,650.9653191440415,33216635,RELIANCE.NS
2020-05-27,649.7966918945312,653.5950802585778,634.7154397533718,643.2562252592883,35667956,RELIANCE.NS
2020-05-28,661.7987060546875,665.1700639694456,651.3474905739236,654.0445650157022,40126278,RELIANCE.NS
2020-05-29,658.27001953125,661.6863216286777,652.9882315987021,659.8882522484166,40022527,RELIANCE.NS
2020-06-01,683.42041015625,691.5116927649323,663.4619289082036,665.282470467664,39943702,RELIANCE.NS
2020-06-02,690.3203735351562,692.2533351438987,683.6226027052328,685.9601224657711,22153960,RELIANCE.NS
2020-06-03,692.9951171875,701.243705152625,689.2640858781962,694.5009892228203,25381289,RELIANCE.NS
2020-06-04,710.1441040039062,714.5044150378368,692.7029193183236,694.0514268333575,34202350,RELIANCE.NS
2020-06-05,710.9981079101562,727.3155053046211,707.4019692570653,716.9766512645857,33076685,RELIANCE.NS
2020-06-08,705.5140380859375,727.495369555277,703.4912471731864,727.495369555277,31414953,RELIANCE.NS
2020-06-09,690.9722290039062,711.5825211649343,689.1067431761999,701.3784997663072,25857161,RELIANCE.NS
2020-06-10,706.7053833007812,710.0317972109347,692.2759415871488,693.6469213591369,22132647,RELIANCE.NS
2020-06-11,691.2195434570312,704.8173365444579,688.207799283614,703.9408036567188,20385805,RELIANCE.NS
2020-06-12,714.189697265625,716.0776552194108,672.924169196797,674.2727360709879,38548899,RELIANCE.NS
2020-06-15,725.7647705078125,731.3387563203479,701.7381741898191,703.4912994111404,53107403,RELIANCE.NS
2020-06-16,727.1807861328125,741.0483050918923,712.6164520349436,738.5535392456209,51187003,RELIANCE.NS
2020-06-17,726.1243286132812,735.159560417052,720.1682571993283,722.9327480146142,41782053,RELIANCE.NS
2020-06-18,744.3522338867188,748.4428198793569,721.7416204317783,722.3709596460744,40471557,RELIANCE.NS
2020-06-19,790.8770751953125,804.092782405198,747.094304408189,750.6903840730492,105804173,RELIANCE.NS
2020-06-22,784.9210205078125,811.0153531945601,779.9088977902954,797.1703064721975,60198705,RELIANCE.NS
2020-06-23,773.5707397460938,792.8324674172671,771.4130562292277,786.6516143231465,37962078,RELIANCE.NS
2020-06-24,776.6947631835938,796.855553260014,769.4351285440347,780.313374152456,51586221,RELIANCE.NS
2020-06-25,772.2221069335938,786.2020448440715,770.0419514480267,776.3126926255497,39679374,RELIANCE.NS
2020-06-26,782.8980712890625,787.5505795010465,771.8175170961591,777.1218366018753,30921913,RELIANCE.NS
2020-06-29,774.5820922851562,782.0440358258111,771.1657900960829,776.7847199037966,25621946,RELIANCE.NS
2020-06-30,766.018798828125,782.6058621926095,762.1754070277087,780.8078522990025,30276420,RELIANCE.NS
2020-07-01,781.0775146484375,786.201997392839,767.7943331649622,773.1660690211988,28464103,RELIANCE.NS
2020-07-02,794.5241088867188,797.7963678741063,783.1050776743974,786.6932867305611,28789533,RELIANCE.NS
2020-07-03,806.958740234375,809.2606454481156,797.9769941642788,803.3028398448629,29434266,RELIANCE.NS
2020-07-06,835.7996215820312,838.5979258395846,808.8543255351691,814.6766894354603,47016185,RELIANCE.NS
2020-07-07,823.0040283203125,841.4640390934211,815.2635191046126,839.5007072874031,35189589,RELIANCE.NS
2020-07-08,811.5171508789062,828.194274581281,807.9063786399371,823.2746347132181,26204095,RELIANCE.NS
2020-07-09,823.3650512695312,828.2170013060332,806.2139692943585,816.4820787561033,36418942,RELIANCE.NS
2020-07-10,847.6474609375,850.6037702244128,823.3650864259226,825.2833506758969,43759967,RELIANCE.NS
2020-07-13,873.3515014648438,879.0835514065949,857.5544142629645,859.066414273634,69608392,RELIANCE.NS
2020-07-14,865.227294921875,876.3755044340146,851.8223671864567,872.9001726962613,67331128,RELIANCE.NS
2020-07-15,832.2791137695312,893.1203699369507,811.5173183412455,874.6829238098223,139669773,RELIANCE.NS
2020-07-16,832.0084228515625,843.5628377124207,818.0392846940356,833.6332409895332,60961724,RELIANCE.NS
2020-07-17,862.8351440429688,866.581298459645,829.5710262803591,832.7304674212536,49726765,RELIANCE.NS
2020-07-20,866.5361328125,871.9974193757844,857.3964422325445,865.5883422314392,36592938,RELIANCE.NS
2020-07-21,889.84814453125,892.3079949125722,874.0285529843062,875.1569121232839,42173371,RELIANCE.NS
2020-07-22,904.4942016601562,907.2022513326309,884.950961621849,895.0159382684053,59771457,RELIANCE.NS
2020-07-23,928.7765502929688,938.6609588483409,898.7846915588252,904.4716140026857,58333751,RELIANCE.NS
2020-07-24,968.65283203125,976.2579590026274,928.776564146926,928.8668185460966,120597372,RELIANCE.NS
2020-07-27,973.1887817382812,992.4160717579479,960.4157553838029,983.389199696608,80304827,RELIANCE.NS
2020-07-28,982.8927612304688,990.2496888244225,970.6838835389933,973.1888610354255,55114422,RELIANCE.NS
2020-07-29,946.311279296875,985.1945694094204,934.4860429521891,982.9830381867582,72663399,RELIANCE.NS
2020-07-30,951.8177490234375,965.7416994124951,935.1856889845394,947.372003332624,72857444,RELIANCE.NS
2020-07-31,932.97412109375,960.9123366610667,926.5199162983887,954.3678774596883,74958061,RELIANCE.NS
2020-08-03,906.7509765625,928.4154946857375,904.0879942280135,925.8428264432459,46715383,RELIANCE.NS
2020-08-04,970.6612548828125,978.063309181602,902.801648867005,911.9865259436237,92041055,RELIANCE.NS
2020-08-05,959.7613525390625,991.152334357933,956.082888808404,978.9660801786949,74549993,RELIANCE.NS
2020-08-06,963.214111328125,978.3792977984335,951.3437476637285,973.549911434821,49322975,RELIANCE.NS
2020-08-07,968.7882690429688,973.911042177792,956.9405280202135,961.2733960409245,32984416,RELIANCE.NS
2020-08-10,956.7825317382812,977.1607467636378,951.4792497470256,974.4978239673667,26958997,RELIANCE.NS
2020-08-11,963.0787963867188,974.9040336698868,947.9812996710002,963.5301281069163,46828306,RELIANCE.NS
2020-08-12,960.2803344726562,968.1337801877427,950.8923849420117,957.3014618538515,30264617,RELIANCE.NS
2020-08-13,957.7755126953125,965.3806401973786,952.3367893848268,960.4609991024712,24830322,RELIANCE.NS
2020-08-14,954.0519409179688,973.5499968825059,942.9714216597392,958.0011681580643,33224635,RELIANCE.NS
2020-08-17,943.9192504882812,950.0800687191717,934.328167937496,950.0800687191717,30979066,RELIANCE.NS
2020-08-18,956.1957397460938,963.3044077157676,939.8570673079405,941.0531171539242,30547672,RELIANCE.NS
2020-08-19,962.063232421875,972.1959605908819,957.4595415393626,966.3284692913196,34087543,RELIANCE.NS
2020-08-20,946.4918212890625,958.6104445458395,942.4071530026558,956.850185253758,22537845,RELIANCE.NS
2020-08-21,939.6314086914062,957.7529046597705,937.4423813079499,955.9475181738237,25280895,RELIANCE.NS
2020-08-24,945.9051513671875,949.8543785402047,934.5086821849079,943.9418195814,32717218,RELIANCE.NS
2020-08-25,939.7442016601562,952.9234928104662,937.8936880228628,950.5313333957848,19388008,RELIANCE.NS
2020-08-26,964.658447265625,969.4652701628314,923.9020783795879,941.0531605726751,59870421,RELIANCE.NS
2020-08-27,952.6075439453125,970.3905257659359,949.2901575537568,969.4878026998181,28085062,RELIANCE.NS
2020-08-28,955.112548828125,962.6725488024437,950.6442396447251,956.8501848269598,27166900,RELIANCE.NS
2020-08-31,939.1123657226562,981.2227882057733,929.9274882908779,981.2227882057733,62076132,RELIANCE.NS
2020-09-01,942.0687255859375,957.9334441866578,930.8527654130116,947.8233392331533,38616258,RELIANCE.NS
2020-09-02,960.5512084960938,964.9743904615849,941.0531538410881,944.2125354209737,26949439,RELIANCE.NS
2020-09-03,953.2846069335938,965.3129161947521,949.177375013291,960.4609660708118,18586429,RELIANCE.NS
2020-09-04,937.55517578125,946.4466666938623,935.2758940537118,940.3986668867657,28475945,RELIANCE.NS
2020-09-07,939.9924926757812,950.4185474757394,922.6608419794579,940.6018292728933,21926473,RELIANCE.NS
2020-09-08,951.02783203125,957.3014676946553,939.0220273942846,944.2124909097532,27397082,RELIANCE.NS
2020-09-09,975.5132446289062,978.4244265500107,939.4508218895586,941.053135941398,55310877,RELIANCE.NS
2020-09-10,1044.4111328125,1058.380270975466,981.832175492863,985.3301307802309,140304404,RELIANCE.NS
2020-09-11,1047.006103515625,1055.1754392235675,1032.2698057113957,1043.5082682863067,59470807,RELIANCE.NS
2020-09-14,1039.2431640625,1065.1729199258552,1029.9679721043801,1049.3758922384438,44063445,RELIANCE.NS
2020-09-15,1046.5999755859375,1049.7142296990357,1032.743657881546,1043.485721472839,27178393,RELIANCE.NS
2020-09-16,1049.1727294921875,1069.392939817957,1042.8539659959436,1047.1190836022542,33952295,RELIANCE.NS
2020-09-17,1037.5281982421875,1053.3026639496802,1034.4138240791433,1047.1191622141462,25828669,RELIANCE.NS
2020-09-18,1040.6646728515625,1046.870616756089,1027.5079476144977,1044.5236446456088,33074915,RELIANCE.NS
2020-09-21,1018.1653442382812,1054.340524274349,1014.3288160609994,1038.092106363457,33627381,RELIANCE.NS
2020-09-22,997.9901733398438,1027.7111483287306,993.6572461097632,1027.7111483287306,34792254,RELIANCE.NS
2020-09-23,1006.8590698242188,1027.5983602691515,995.3498434566727,1020.0383606869218,42988708,RELIANCE.NS
2020-09-24,984.4724731445312,1004.6926220511629,982.1480045429355,996.5233454684201,29826318,RELIANCE.NS
2020-09-25,993.7249755859375,998.7349303522368,978.198771791248,987.9929259452438,28374935,RELIANCE.NS
2020-09-28,1000.2921752929688,1010.1089538946569,996.1398158928262,1005.1441257425149,19666849,RELIANCE.NS
2020-09-29,1013.290771484375,1021.8436888287242,1000.2920490892888,1004.2413355722142,25842539,RELIANCE.NS
2020-09-30,1008.46142578125,1023.1977241154949,1004.2413164953268,1020.0383427428203,24465159,RELIANCE.NS
2020-10-01,1004.3541870117188,1021.7534684542669,999.2765413206039,1021.7534684542669,20783227,RELIANCE.NS
2020-10-05,998.464111328125,1015.1412378353376,995.665807141331,1012.8168289308439,18922799,RELIANCE.NS
2020-10-06,997.6292114257812,1008.2583389587751,993.7024882079692,1004.3542390342081,18412175,RELIANCE.NS
2020-10-07,1018.91015625,1042.154366526615,1001.9847094184659,1008.7548642742527,53170865,RELIANCE.NS
2020-10-08,1010.6730346679688,1023.6492546738874,1002.9325253755236,1019.5870900273933,21077808,RELIANCE.NS
2020-10-09,1008.0552368164062,1016.8790372265936,1000.6757456073183,1008.7548278164428,18545499,RELIANCE.NS
2020-10-12,1009.679931640625,1018.1200304282671,1004.8054782196958,1008.754704748335,14226473,RELIANCE.NS
2020-10-13,1029.38134765625,1031.6606295627953,1004.6250177214829,1006.7689180188713,23112012,RELIANCE.NS
2020-10-14,1032.4505615234375,1039.897744492515,1023.8749596152172,1028.5690248149792,26742011,RELIANCE.NS
2020-10-15,995.8914794921875,1033.5787209899615,990.7010157207518,1033.5787209899615,20036197,RELIANCE.NS
2020-10-16,982.03515625,1007.6263364491078,980.6134107518138,999.7278829970974,21583600,RELIANCE.NS
2020-10-19,982.2157592773438,1005.9113606750328,972.7149909324551,988.466891534098,31200385,RELIANCE.NS
2020-10-20,973.0535278320312,989.7984063552932,971.4060864555798,983.479583144778,18482288,RELIANCE.NS
2020-10-21,958.9264526367188,989.3470825746206,946.8078286470422,978.5148226542062,34082321,RELIANCE.NS
2020-10-22,950.9600830078125,962.4919326942683,943.761160688031,960.1900874152456,30802210,RELIANCE.NS
2020-10-23,953.71337890625,963.6203515996452,946.198506037611,950.5313739814042,23422125,RELIANCE.NS
2020-10-26,915.8229370117188,948.7033536754576,911.0386780241073,948.7033536754576,37324416,RELIANCE.NS
2020-10-27,918.26025390625,929.7017897460652,904.9455811340416,918.4407627043238,36478896,RELIANCE.NS
2020-10-28,907.8568115234375,928.7314851710537,906.0288613850042,921.555066223106,29924017,RELIANCE.NS
2020-10-29,914.830078125,921.6454200593237,898.6268451751743,901.3348952521129,30655304,RELIANCE.NS
2020-10-30,927.287109375,932.0713684328344,912.5281277212341,917.8088456567091,34021563,RELIANCE.NS
2020-11-02,847.3765869140625,914.875118139784,839.1169961667077,914.875118139784,99366895,RELIANCE.NS
2020-11-03,835.167724609375,861.6165021715815,828.2621884933044,853.0409611809424,88691623,RELIANCE.NS
2020-11-04,863.5120849609375,870.6433759833506,829.1196689111366,829.1196689111366,80180117,RELIANCE.NS
2020-11-05,882.37841796875,885.0639044213495,871.9974897863348,882.355854367001,37205373,RELIANCE.NS
2020-11-06,915.8455200195312,920.7425971059893,892.8269476303738,898.1754160907856,66674086,RELIANCE.NS
2020-11-09,925.5720825195312,933.8316740433519,918.9373091013578,930.7174194435053,35838510,RELIANCE.NS
2020-11-10,940.8500366210938,943.3098869382017,921.2842908558239,937.4423956918613,36934242,RELIANCE.NS
2020-11-11,901.425048828125,945.5665526357731,892.8043809348467,942.858502861752,56724780,RELIANCE.NS
2020-11-12,893.6619262695312,906.502703689629,886.8917719189561,894.1133176465529,40046527,RELIANCE.NS
2020-11-13,901.06396484375,919.2305871473199,894.4518154997988,894.564633496026,45388670,RELIANCE.NS
2020-11-14,903.7269287109375,909.5944198559474,900.5901107359409,909.4139110537326,5226220,RELIANCE.NS
2020-11-17,899.6422729492188,941.0531655438715,895.9186819311539,941.0531655438715,46542562,RELIANCE.NS
2020-11-18,896.91162109375,905.6226031588405,884.6801802584594,899.6422344929193,30402290,RELIANCE.NS
2020-11-19,890.5702514648438,907.4053832429535,888.3360969077845,896.9116378432019,27796343,RELIANCE.NS
2020-11-20,857.3287963867188,895.377116449163,855.297714134409,891.4052660410506,57471248,RELIANCE.NS
2020-11-23,880.4375610351562,889.148483349999,869.4021701299365,880.5729426320072,45327567,RELIANCE.NS
2020-11-24,886.4630126953125,890.9538853742781,871.997417187929,886.4404490954421,30936268,RELIANCE.NS
2020-11-25,879.128662109375,899.5068761620935,876.6011807335245,893.6619486348033,32637879,RELIANCE.NS
2020-11-26,881.2950439453125,886.8917116578955,871.1172495113492,881.4981760203764,25838637,RELIANCE.NS
2020-11-27,871.0045166015625,882.8748813272135,867.2132345680465,875.8339033969402,47336811,RELIANCE.NS
2020-12-01,882.333251953125,887.456025013745,871.1173516152288,875.7661696758335,19750687,RELIANCE.NS
2020-12-02,883.8001708984375,885.5378667077028,873.3515518250487,883.9581161119759,22188887,RELIANCE.NS
2020-12-03,886.4630126953125,894.1584537844419,884.0257260648682,890.0512219953362,27785372,RELIANCE.NS
2020-12-04,878.65478515625,888.6971991448669,875.6082215278506,888.6971991448669,18464552,RELIANCE.NS
2020-12-07,883.8226318359375,886.8917588790096,875.8789913444388,875.8789913444388,18242188,RELIANCE.NS
2020-12-08,899.867919921875,909.120487964561,880.1216067950427,885.1541251431139,43403061,RELIANCE.NS
2020-12-09,914.8525390625,917.9442894095523,902.3503351540464,907.179721423537,29175254,RELIANCE.NS
2020-12-10,905.8482055664062,915.5521050393417,903.1401558672769,912.4378508699459,16065507,RELIANCE.NS
2020-12-11,905.306640625,919.8399265746882,891.0666814664153,908.556276462948,26944202,RELIANCE.NS
2020-12-14,898.76220703125,909.4590851843236,896.5280523361688,906.2770801525107,17312747,RELIANCE.NS
2020-12-15,891.1118774414062,898.0399769590505,885.1315087967429,898.0399769590505,18551265,RELIANCE.NS
2020-12-16,892.1047973632812,900.40957493361,887.2077202532149,897.272697360613,18561011,RELIANCE.NS
2020-12-17,896.189453125,904.9455622584525,892.3756079246118,895.6929942485893,20252358,RELIANCE.NS
2020-12-18,898.8749389648438,904.9004347378007,886.8917576008947,893.7070987327945,18466344,RELIANCE.NS
2020-12-21,875.4727172851562,912.6183705411303,837.3567098855556,907.2022710782971,44135540,RELIANCE.NS
2020-12-22,874.1188354492188,884.13868641413,852.3414377066035,879.670376917294,28140001,RELIANCE.NS
2020-12-23,877.3458251953125,880.7760293674728,866.8745845082068,871.0946936975114,19501410,RELIANCE.NS
2020-12-24,900.0484619140625,902.1471750538747,878.2710673327456,878.767526196303,20776988,RELIANCE.NS
2020-12-28,904.17822265625,910.8129948797642,900.5674500804482,905.7127860779514,17221499,RELIANCE.NS
2020-12-29,898.1978759765625,908.2402882763628,894.812739523097,906.75085211366,18611939,RELIANCE.NS
2020-12-30,900.65771484375,905.9384324891365,891.6534065904553,900.544896853225,22043630,RELIANCE.NS
2020-12-31,896.0540771484375,908.0598221912284,893.0300772883096,899.7551043755919,18781189,RELIANCE.NS
2021-01-01,897.047119140625,901.3348599535196,894.5647051802756,897.27275515116,10015175,RELIANCE.NS
2021-01-04,898.55908203125,902.1923588792536,888.2458453983129,900.4772865018267,24513534,RELIANCE.NS
2021-01-05,887.3883056640625,895.286819208082,882.8296824610696,888.6971735420237,24123091,RELIANCE.NS
2021-01-06,863.986083984375,887.3431107117481,859.8788522034279,887.297983512097,46401468,RELIANCE.NS
2021-01-07,862.5869140625,877.8649187321673,859.8788642012053,866.8069639014568,32325918,RELIANCE.NS
2021-01-08,872.7647094726562,874.8860460383853,863.0156822176616,865.678604878862,27540187,RELIANCE.NS
2021-01-11,856.3131713867188,875.0665066757083,854.1692713388484,875.0665066757083,33307825,RELIANCE.NS
2021-01-12,883.3036499023438,884.6350813991116,857.5092762592445,858.9084582491231,41161546,RELIANCE.NS
2021-01-13,875.0665893554688,891.3826993524976,865.8817711258671,886.2373626282811,26619458,RELIANCE.NS
2021-01-14,884.9058837890625,887.7493749036234,875.1794202704835,877.8649064942006,21553242,RELIANCE.NS
2021-01-15,874.457275390625,890.8636390967538,866.6038890308039,884.9058936036437,20593268,RELIANCE.NS
2021-01-18,895.4447631835938,901.3348178565226,868.093322463363,879.7154269171596,35100458,RELIANCE.NS
2021-01-19,910.0908813476562,916.6804669801634,900.2741041573885,900.2741041573885,32006615,RELIANCE.NS
2021-01-20,927.3773803710938,928.8668167227358,903.3207030552749,912.3476352561834,30924537,RELIANCE.NS
2021-01-21,947.5524291992188,956.8501242760648,936.5396618324675,939.6990432246472,39087742,RELIANCE.NS
2021-01-22,925.0756225585938,954.7515344001,918.5536671571999,952.7881428838759,30532660,RELIANCE.NS
2021-01-25,876.0595092773438,918.4633177239738,871.9974047459384,918.4633177239738,54207104,RELIANCE.NS
2021-01-27,855.2977905273438,868.838161009266,852.1384085532073,868.838161009266,42370131,RELIANCE.NS
2021-01-28,846.970458984375,868.0708291399083,844.0141496085763,848.5952770841457,34067814,RELIANCE.NS
2021-01-29,831.3538208007812,863.4669551342889,825.9602253530458,854.9816691410504,43712383,RELIANCE.NS
2021-02-01,855.43310546875,859.8111004411335,834.084477925657,839.2298143671649,34180952,RELIANCE.NS
2021-02-02,869.1991577148438,875.6082351731134,837.2214015345261,863.9861301874793,41470034,RELIANCE.NS
2021-02-03,871.3881225585938,881.024271808645,857.5543678212887,870.3274543100903,30301696,RELIANCE.NS
2021-02-04,868.5220336914062,875.6081377765653,859.8110520523379,868.3865924082124,25626981,RELIANCE.NS
2021-02-05,868.2738037109375,877.7069402051127,866.5812949964159,871.1172947571725,20248046,RELIANCE.NS
2021-02-08,880.7760620117188,888.6971388465231,870.6659579070334,872.4712846072483,21183400,RELIANCE.NS
2021-02-09,882.8973999023438,897.9948961529354,881.1597638793062,885.5152551213864,19604141,RELIANCE.NS
2021-02-10,891.0892944335938,895.8058629486737,869.8761074541144,881.8142219915239,21234156,RELIANCE.NS
2021-02-11,927.8287963867188,931.6652653053177,890.1641160851152,893.662011592591,42539278,RELIANCE.NS
2021-02-12,921.4647827148438,937.8937101488065,909.6395460369704,927.7384783498696,30497029,RELIANCE.NS
2021-02-15,917.4026489257812,930.3562442810988,913.9724445678881,924.3759353313053,15791099,RELIANCE.NS
2021-02-16,929.5438842773438,938.5256299749142,918.4859291608079,920.6298293819443,21421660,RELIANCE.NS
2021-02-17,940.2633056640625,945.9953555067547,925.5268870227972,929.7695004811927,23742994,RELIANCE.NS
2021-02-18,933.244873046875,951.6145681859424,929.3632772705301,941.0531321070791,18646877,RELIANCE.NS
2021-02-19,938.9317626953125,950.0574077634237,926.7454493980867,928.4154541842837,23403483,RELIANCE.NS
2021-02-22,906.3446655273438,943.2646823971752,900.4095436576987,938.7963735267837,23804335,RELIANCE.NS
2021-02-23,913.2728881835938,926.5649977273687,908.8271426020757,924.3534067368045,25644108,RELIANCE.NS
2021-02-24,930.2208862304688,932.1390906998175,914.4914901976813,916.2291858661802,10807663,RELIANCE.NS
2021-02-25,967.8404541015625,971.2932222091624,935.637002954952,936.9910577541981,34855693,RELIANCE.NS
2021-02-26,941.4142456054688,963.123891576847,934.5989040579532,955.4962007136306,37481215,RELIANCE.NS
2021-03-01,948.5906372070312,953.2395150981274,930.8979084680462,952.4270463705083,17680764,RELIANCE.NS
2021-03-02,950.5313720703125,961.3636314461147,942.9036812135959,957.7529181155573,17150760,RELIANCE.NS
2021-03-03,993.9056396484375,1001.9395950498023,951.0730591903954,957.3241916036291,31924461,RELIANCE.NS
2021-03-04,982.0577392578125,988.4216890350315,973.865839474236,983.9308164628377,21435754,RELIANCE.NS
2021-03-05,983.3441162109375,998.3513582522689,971.7671384426377,973.098629670046,25511666,RELIANCE.NS
2021-03-08,988.9408569335938,1007.355680497462,978.5148017597687,978.7404377726681,19506841,RELIANCE.NS
2021-03-09,988.9180908203125,999.1861993021838,968.8558884914019,992.9576314805555,15154484,RELIANCE.NS
2021-03-10,984.8109130859375,999.7730267712369,979.5301951697431,996.1171267701603,11519358,RELIANCE.NS
2021-03-12,964.7938842773438,995.8463528292266,958.6104430105866,990.7010162557301,16864952,RELIANCE.NS
2021-03-15,951.8402099609375,969.8939539882846,939.0219967848262,965.899600131311,16698099,RELIANCE.NS
2021-03-16,948.0941162109375,959.5582754400099,945.7922708635552,954.1421160708194,13873801,RELIANCE.NS
2021-03-17,927.6707763671875,949.1773492874154,918.5310260738679,946.9431947370554,19210236,RELIANCE.NS
2021-03-18,906.796142578125,940.9629260845496,903.1402423037733,935.5918936777657,20647480,RELIANCE.NS
2021-03-19,939.6990966796875,945.9502287147974,894.9257507304794,898.6267780925764,41787429,RELIANCE.NS
2021-03-22,930.852783203125,936.0883744343231,917.6735507192288,934.7343792696068,18572478,RELIANCE.NS
2021-03-23,942.1815185546875,952.2013688377597,927.9641819762402,930.6496682735799,17421165,RELIANCE.NS
2021-03-24,924.0374755859375,938.6835805295864,920.9232211318065,938.6835805295864,16822814,RELIANCE.NS
2021-03-25,898.8297729492188,927.0613710266658,895.9185912312565,927.0613710266658,22001648,RELIANCE.NS
2021-03-26,900.2742309570312,908.8723362515558,890.8185894008787,908.1050543980848,20180202,RELIANCE.NS
2021-03-30,915.9132080078125,924.7595715908199,898.8749446091667,906.2995626603248,20441701,RELIANCE.NS
2021-03-31,904.0880126953125,925.210945158364,902.2374989986004,910.8130997767836,16250796,RELIANCE.NS
2021-04-01,912.5507202148438,916.2291839450849,904.1105608753422,910.813084242052,11723312,RELIANCE.NS
2021-04-05,899.348876953125,913.9724170012217,885.5828730456216,913.9498534023671,14875099,RELIANCE.NS
2021-04-06,895.602783203125,904.9230424620014,888.6971873373794,904.4942743627021,14009194,RELIANCE.NS
2021-04-07,903.9751586914062,923.8569132620463,899.6648545655975,902.6888544411458,24266353,RELIANCE.NS
2021-04-08,905.1035766601562,912.6184496390974,899.5294718287386,907.6536814191865,15369188,RELIANCE.NS
2021-04-09,894.5872192382812,905.5548598128081,893.661932570132,901.9892738152234,14037885,RELIANCE.NS
2021-04-12,862.5869140625,885.2669734194948,857.6672732350632,884.1837415365642,20901482,RELIANCE.NS
2021-04-13,871.9071655273438,875.8790157297038,865.6109063786529,868.3866470158723,19411189,RELIANCE.NS
2021-04-15,877.5489501953125,885.0863863250735,863.421868505896,869.4247410901053,19723716,RELIANCE.NS
2021-04-16,872.0425415039062,880.0764962565872,869.492436882543,874.0736236379038,15656948,RELIANCE.NS
2021-04-19,858.3217163085938,864.9564895083129,853.0409979470431,859.3598210383852,18478808,RELIANCE.NS
2021-04-20,858.0735473632812,866.1300068005348,853.2441605444959,862.2935975446998,17203668,RELIANCE.NS
2021-04-22,860.4430541992188,864.0763909126439,847.038126173648,854.0565402952617,14490954,RELIANCE.NS
2021-04-23,859.5177612304688,866.084783440233,855.4556567138424,860.2624793969826,11828857,RELIANCE.NS
2021-04-26,874.6378173828125,885.5378273951245,862.7448895453444,866.5813583165724,20846778,RELIANCE.NS
2021-04-27,897.566162109375,901.4251348981196,874.8184105130574,875.6082559520604,19992524,RELIANCE.NS
2021-04-28,901.4701538085938,906.2995399608012,893.729645559396,901.7184130880825,17122437,RELIANCE.NS
2021-04-29,913.5437622070312,922.7737675845348,905.9837618121402,913.0246799848917,17412606,RELIANCE.NS
2021-04-30,900.2064208984375,918.9371927131189,897.0696030939774,906.5252433975188,19828769,RELIANCE.NS
2021-05-03,884.206298828125,893.2106078294329,877.0073762854873,887.3431167617707,23640186,RELIANCE.NS
2021-05-04,865.0466918945312,888.1555786981006,862.5192105636345,880.1216239409943,21849830,RELIANCE.NS
2021-05-05,866.62646484375,874.9311830141904,861.1877417678091,868.0933376376232,12393609,RELIANCE.NS
2021-05-06,871.5460815429688,873.351467984722,860.5332540943049,867.4162861727356,14624666,RELIANCE.NS
2021-05-07,871.884521484375,882.6716523308811,869.2892898861305,874.5925710719168,12288548,RELIANCE.NS
2021-05-10,869.3795776367188,878.6772726130321,867.0100416182049,875.1568139833493,13941237,RELIANCE.NS
2021-05-11,872.5165405273438,874.9537675806936,862.0678622246373,864.324640162575,13478264,RELIANCE.NS
2021-05-12,863.4895629882812,872.4036175039552,860.7138223730607,871.1398768410697,13177961,RELIANCE.NS
2021-05-14,874.3895874023438,876.5108642766377,860.2625054108522,870.2146050700743,13291616,RELIANCE.NS
2021-05-17,884.7931518554688,886.1922742569557,871.2753456385512,874.3896599460207,11873078,RELIANCE.NS
2021-05-18,897.2501220703125,903.8623311241566,890.2768357355067,894.1133042302491,12064918,RELIANCE.NS
2021-05-19,901.3574829101562,910.1135933051077,890.0513272758374,893.6620409107646,16317002,RELIANCE.NS
2021-05-20,896.0992431640625,907.6085298258828,894.1133478678807,901.7410386469029,11422532,RELIANCE.NS
2021-05-21,903.8397216796875,907.0216665569667,896.3699768469676,899.078026470791,10785605,RELIANCE.NS
2021-05-24,896.2120361328125,907.1120455871035,894.5646545808229,906.2995769189343,8551760,RELIANCE.NS
2021-05-25,886.0568237304688,901.3348284850034,884.6350781454706,901.0640055897504,14780102,RELIANCE.NS
2021-05-26,889.1710815429688,893.436318314461,887.0272410491106,891.4052361303035,7480204,RELIANCE.NS
2021-05-27,891.9017333984375,899.5294239766795,885.6506014850115,889.283937975624,26819294,RELIANCE.NS
2021-05-28,945.476318359375,950.0800090423911,898.1754320907405,898.1754320907405,56469931,RELIANCE.NS
2021-05-31,975.039306640625,989.2115150434242,941.0756583298827,948.7259121956556,59124142,RELIANCE.NS
2021-06-01,978.9208984375,993.8603885283871,968.8107347954659,977.611970938607,28013832,RELIANCE.NS
2021-06-02,993.52197265625,997.2455637461187,973.5499623771119,973.5499623771119,24630162,RELIANCE.NS
2021-06-03,997.313232421875,1015.5249829566307,991.197541606595,1002.4359457378657,23974257,RELIANCE.NS
2021-06-04,988.6699829101562,1000.38234182816,985.8490553582253,999.6376236399614,14468646,RELIANCE.NS
2021-06-07,1005.3245239257812,1011.9141694726093,986.1875471509084,993.8604245557929,16336573,RELIANCE.NS
2021-06-08,999.54736328125,1005.2117222594065,992.1227450436447,1004.9635226595291,9674735,RELIANCE.NS
2021-06-09,981.6741333007812,1002.4359284900111,973.9786921208427,1001.5332651004173,11409161,RELIANCE.NS
2021-06-10,985.2849731445312,1006.4981611610059,982.8251227181646,989.9789185964415,14155653,RELIANCE.NS
2021-06-11,1002.375244140625,1009.1011338517071,987.4063134106076,988.6745196444147,13762778,RELIANCE.NS
2021-06-14,1016.7554931640625,1022.8019357932958,994.1775030221097,1003.213263471595,20332436,RELIANCE.NS
2021-06-15,1019.065185546875,1030.342827568094,1014.671868485548,1024.0473211443173,15174215,RELIANCE.NS
2021-06-16,1001.6732177734375,1017.7291568032897,999.0689384128791,1016.7554197633551,10797349,RELIANCE.NS
2021-06-17,1003.5075073242188,1012.2714997953356,987.315715260484,996.4193416411849,15745975,RELIANCE.NS
2021-06-18,1008.0367431640625,1012.2715649781592,989.331239663787,1007.9688163777718,29369026,RELIANCE.NS
2021-06-21,1013.29052734375,1017.9329096042337,996.4873342427861,998.0046053152495,12186448,RELIANCE.NS
2021-06-22,1008.08203125,1024.0474616919707,1005.1833424900376,1020.8769459855561,12871913,RELIANCE.NS
2021-06-23,998.8426513671875,1019.337135312155,997.1894665607985,1019.0654281386422,16653951,RELIANCE.NS
2021-06-24,975.3587036132812,1003.0319792586279,969.2443347205035,999.5218896905816,91461975,RELIANCE.NS
2021-06-25,953.14306640625,975.3587188779936,942.5674531142881,975.3587188779936,55355022,RELIANCE.NS
2021-06-28,944.7867431640625,963.129909816626,942.5221576464701,961.0918068108575,20277042,RELIANCE.NS
2021-06-29,945.6021118164062,955.2039892492479,943.926344663596,946.3720686001574,27144063,RELIANCE.NS
2021-06-30,955.951171875,961.3861531398231,947.0739679222726,949.4291224770184,19762858,RELIANCE.NS
2021-07-01,950.1991577148438,961.6126545352091,948.863024683412,959.280142195751,12534407,RELIANCE.NS
2021-07-02,964.2848510742188,966.0286046961062,947.9345027993265,949.7688254664646,14086620,RELIANCE.NS
2021-07-05,973.8641357421875,975.3814069298204,965.3945518663345,967.6364952540457,11702287,RELIANCE.NS
2021-07-06,962.3600463867188,973.2753544311909,960.2766586567433,971.4863760250655,10070124,RELIANCE.NS
2021-07-07,955.6793823242188,963.6960603661638,950.2217589268929,963.6960603661638,10454892,RELIANCE.NS
2021-07-08,947.7760009765625,958.8045791709611,942.5221577829742,958.8045791709611,11185460,RELIANCE.NS
2021-07-09,938.0836181640625,947.3684433649398,935.7737479702222,945.692616426164,9037675,RELIANCE.NS
2021-07-12,943.9262084960938,951.8069732106677,939.5781755914345,941.9559723923293,8585292,RELIANCE.NS
2021-07-13,950.9918212890625,952.5090925159022,945.7152754895722,951.1276748675257,6717133,RELIANCE.NS
2021-07-14,944.7867431640625,954.2300635744198,942.6353689523012,951.2860904215172,8532544,RELIANCE.NS
2021-07-15,943.1336059570312,948.8629964583248,941.3898523696109,948.8629964583248,9448356,RELIANCE.NS
2021-07-16,956.7437744140625,957.8081403899708,945.5114158643191,945.5793426478567,8828185,RELIANCE.NS
2021-07-19,950.6520385742188,961.9976083202988,947.6174964042133,951.1275859545519,8354449,RELIANCE.NS
2021-07-20,948.3195190429688,954.7509997157346,943.8809767465054,950.9011562369292,6741464,RELIANCE.NS
2021-07-22,960.5029907226562,961.9523350417173,950.289713605715,959.7330340406753,7972397,RELIANCE.NS
2021-07-23,953.7093505859375,966.7307488858196,952.0561658138582,966.7307488858196,9937030,RELIANCE.NS
2021-07-26,940.642578125,960.6388700312618,938.0382987131833,954.750983452507,12389668,RELIANCE.NS
2021-07-27,930.746337890625,943.7450933231961,924.8584510240973,940.6199818363403,10824523,RELIANCE.NS
2021-07-28,922.7522583007812,932.1050093559254,913.1956670017476,932.1050093559254,12897848,RELIANCE.NS
2021-07-29,929.9536743164062,939.5329082786225,925.4924300252735,930.2933681370648,13765738,RELIANCE.NS
2021-07-30,921.8237915039062,936.6115234310329,919.9214822576878,932.1049948766529,11350608,RELIANCE.NS
2021-08-02,938.6724243164062,941.7975357253354,924.4734496016514,930.4293230086479,10925104,RELIANCE.NS
2021-08-03,945.579345703125,947.0513322851771,934.9131634487219,946.5984271599676,11817299,RELIANCE.NS
2021-08-04,952.8260498046875,957.4684320780918,945.2396345210956,948.5912282263394,13169800,RELIANCE.NS
2021-08-05,966.6400756835938,975.9474827845528,953.0525024475675,957.604315821072,21252078,RELIANCE.NS
2021-08-06,946.168212890625,972.3921457790564,941.5031281309346,964.6925186543999,16620987,RELIANCE.NS
2021-08-09,940.7784423828125,946.5078930939915,935.9548618556917,942.522196064497,7494143,RELIANCE.NS
2021-08-10,945.7152099609375,957.0155553586313,939.238504866793,942.9750770172923,11919198,RELIANCE.NS
2021-08-11,958.9630737304688,960.1859355324891,943.6091647712293,949.7461759426325,9184963,RELIANCE.NS
2021-08-12,955.88330078125,962.9941092821113,953.3922326146494,962.4052906590396,8137612,RELIANCE.NS
2021-08-13,971.8032836914062,973.7282353115995,955.181228214771,958.9630848706249,12780901,RELIANCE.NS
2021-08-16,984.4171142578125,997.7782056289792,963.8772875225334,973.4791642916643,21935444,RELIANCE.NS
2021-08-17,980.2276000976562,989.716205298415,972.7997402220516,982.3110475847799,12658169,RELIANCE.NS
2021-08-18,984.0321044921875,990.4408829212671,974.9511198541776,984.6435653646352,10075860,RELIANCE.NS
2021-08-20,972.98095703125,983.7377088016336,967.8856094241049,970.6031001945055,9426282,RELIANCE.NS
2021-08-23,979.3670654296875,984.6435509846982,965.7568499022403,984.6435509846982,9854395,RELIANCE.NS
2021-08-24,989.036865234375,992.7960796490014,976.3098177521405,980.5899239821464,11864472,RELIANCE.NS
2021-08-25,997.596923828125,1005.4777483729744,987.4062891858803,989.8067881266007,13380559,RELIANCE.NS
2021-08-26,1010.2107543945312,1016.7554463089577,998.6839861429403,1000.0427614622415,18589616,RELIANCE.NS
2021-08-27,1008.829345703125,1015.7817181947378,1003.6887734868195,1013.1773788430729,10480636,RELIANCE.NS
2021-08-30,1028.2369384765625,1030.7733511879242,1013.086868200183,1019.0653841621985,14027062,RELIANCE.NS
2021-08-31,1022.7565307617188,1034.351165067264,1015.5550939662595,1031.2486961976206,26485463,RELIANCE.NS
2021-09-01,1026.810302734375,1038.4956282529236,1024.9533974079704,1029.4825691995866,11145486,RELIANCE.NS
2021-09-02,1039.1748046875,1045.2438888621152,1021.32982832915,1021.32982832915,9956770,RELIANCE.NS
2021-09-03,1081.7945556640625,1084.738529222682,1042.8436314734117,1046.2404503177634,30664428,RELIANCE.NS
2021-09-06,1098.5977783203125,1123.2365131929273,1092.4380047519112,1092.8909697996994,33641710,RELIANCE.NS
2021-09-07,1105.52734375,1113.272195169168,1092.4379602260194,1100.5904921516135,17349882,RELIANCE.NS
2021-09-08,1101.2020263671875,1111.4606486919852,1090.0149514607642,1110.554838373318,14301651,RELIANCE.NS
2021-09-09,1098.5977783203125,1104.145971203985,1094.2950296674799,1099.6394421897962,8963249,RELIANCE.NS
2021-09-13,1074.1175537109375,1101.949327153265,1072.5323557228828,1101.949327153265,16311160,RELIANCE.NS
2021-09-14,1072.71337890625,1084.2853708994928,1071.6036685532943,1075.6799942004575,8908356,RELIANCE.NS
2021-09-15,1077.1748046875,1085.078152851648,1072.7362021275617,1072.7362021275617,9071075,RELIANCE.NS
2021-09-16,1099.7752685546875,1103.6476943262978,1072.0567074838173,1078.6466838742622,13448882,RELIANCE.NS
2021-09-17,1082.722900390625,1112.2984866148895,1075.9517858407112,1107.837242193017,34882133,RELIANCE.NS
2021-09-20,1084.4439697265625,1095.3139316833478,1073.415392150155,1074.3664868663025,11779819,RELIANCE.NS
2021-09-21,1089.1317138671875,1094.521410709491,1079.756260196694,1089.2675674362638,9915736,RELIANCE.NS
2021-09-22,1100.81689453125,1106.0253328041451,1086.2102417475817,1090.6262009705367,10995912,RELIANCE.NS
2021-09-23,1127.72021484375,1130.9358947742098,1107.6106545484265,1108.4711801776828,15748397,RELIANCE.NS
2021-09-24,1124.4593505859375,1134.7632574948414,1119.6131874834832,1133.9027316972313,15192163,RELIANCE.NS
2021-09-27,1143.3685302734375,1145.8370159244848,1121.1077134942575,1126.4068411721403,15373834,RELIANCE.NS
2021-09-28,1154.0574951171875,1161.689135216267,1138.092065214608,1147.6939414575027,18035258,RELIANCE.NS
2021-09-29,1144.90869140625,1163.9991145771864,1141.3758992926414,1163.9991145771864,9719875,RELIANCE.NS
2021-09-30,1141.013427734375,1147.965800183617,1132.4533348800387,1143.617767070168,13590654,RELIANCE.NS
2021-10-01,1143.0289306640625,1150.320936930379,1130.0302358504632,1133.1779894261922,8958928,RELIANCE.NS
2021-10-04,1157.72607421875,1166.1955973057436,1149.075293250508,1156.2993722307872,10918552,RELIANCE.NS
2021-10-05,1181.7532958984375,1183.0215020120208,1153.7402689056823,1157.25041807704,13533634,RELIANCE.NS
2021-10-06,1159.4019775390625,1186.6222902143543,1155.4389825506435,1186.6222902143543,10258881,RELIANCE.NS
2021-10-07,1165.086181640625,1177.020571318369,1162.9574494692135,1175.3220421537414,6336665,RELIANCE.NS
2021-10-08,1209.85693359375,1215.8128063604343,1169.2074879845059,1170.9058970806193,15772493,RELIANCE.NS
2021-10-11,1201.4326171875,1231.9366542030143,1198.1263679197398,1223.5124154081877,14768666,RELIANCE.NS
2021-10-12,1208.29443359375,1215.1788796176056,1196.2694750157295,1197.9680041586355,6682011,RELIANCE.NS
2021-10-13,1220.5911865234375,1231.7103344750674,1208.9737889938256,1213.3671067441883,9959762,RELIANCE.NS
2021-10-14,1223.0594482421875,1230.7817769408248,1217.0809330176019,1223.036805981498,8623469,RELIANCE.NS
2021-10-18,1226.320556640625,1243.2596035729455,1205.8033136478314,1208.6567177514992,13594479,RELIANCE.NS
2021-10-19,1237.3038330078125,1246.1357531841286,1226.501796349313,1233.6578296621897,8833409,RELIANCE.NS
2021-10-20,1223.0594482421875,1242.2405578545067,1219.0285268378586,1242.2405578545067,12710570,RELIANCE.NS
2021-10-21,1187.77734375,1235.560187794889,1179.0359922815946,1235.2884806281218,20831669,RELIANCE.NS
2021-10-22,1189.9964599609375,1206.9809106504802,1182.7950231580921,1186.6448064236538,11027475,RELIANCE.NS
2021-10-25,1178.4017333984375,1213.819979870448,1163.9989792562783,1213.819979870448,17198417,RELIANCE.NS
2021-10-26,1205.2371826171875,1208.7926167498356,1179.013250231775,1185.3315195274101,9750178,RELIANCE.NS
2021-10-27,1189.9964599609375,1212.3706072222662,1186.6221641632774,1201.1382490708493,9896298,RELIANCE.NS
2021-10-28,1176.9525146484375,1194.7748510901267,1173.283988789091,1186.6449607541927,9886181,RELIANCE.NS
2021-10-29,1148.7130126953125,1175.8427530223264,1133.0646952081202,1175.8427530223264,14233025,RELIANCE.NS
2021-11-01,1149.4150390625,1157.6581394917466,1129.6224692481335,1148.7130092033958,15481114,RELIANCE.NS
2021-11-02,1132.6571044921875,1154.0348738636576,1130.143454028727,1152.6760985535552,10569130,RELIANCE.NS
2021-11-03,1124.8670654296875,1141.353269066621,1114.6310849978502,1135.034999269857,11989430,RELIANCE.NS
2021-11-04,1131.7740478515625,1134.5142410032367,1127.7657681126252,1129.101781492045,1705656,RELIANCE.NS
2021-11-08,1133.1781005859375,1141.3532756603024,1112.5476437566415,1141.081448693073,20337183,RELIANCE.NS
2021-11-09,1142.1231689453125,1145.38413396809,1126.4295651226153,1134.5594552172417,15682497,RELIANCE.NS
2021-11-10,1154.8953857421875,1158.56403111527,1133.9479393972968,1139.8585280650227,10253470,RELIANCE.NS
2021-11-11,1157.00146484375,1164.2254244154967,1148.3959679290283,1150.4341308509872,10722478,RELIANCE.NS
2021-11-12,1174.4613037109375,1177.0203582261677,1158.1109568058941,1160.783222618203,8712341,RELIANCE.NS
2021-11-15,1167.5318603515625,1178.583081524526,1163.9990683781703,1177.586582367733,4803269,RELIANCE.NS
2021-11-16,1140.402099609375,1166.2636363626991,1130.0302662731583,1164.9275032865714,11337581,RELIANCE.NS
2021-11-17,1115.9898681640625,1131.819326460902,1114.631092727357,1131.819326460902,10202029,RELIANCE.NS
2021-11-18,1120.2017822265625,1127.3126501781812,1109.6714536653499,1114.177982402732,8505625,RELIANCE.NS
2021-11-22,1070.5849609375,1109.1962556035423,1064.8102244776903,1103.3535923430625,24124307,RELIANCE.NS
2021-11-23,1080.5941162109375,1087.5691305828452,1045.7874503355001,1056.6800550508478,25326999,RELIANCE.NS
2021-11-24,1064.9913330078125,1091.4869745646124,1061.4358986030797,1077.944744457766,16820296,RELIANCE.NS
2021-11-25,1129.1016845703125,1133.2006528139436,1067.5954770563671,1074.7742721480843,42401936,RELIANCE.NS
2021-11-26,1092.7098388671875,1122.149452357917,1087.6824179851199,1117.7108501017365,15763138,RELIANCE.NS
2021-11-29,1105.799072265625,1132.2948314861248,1086.5953193762673,1104.7121238946838,24325354,RELIANCE.NS
2021-11-30,1089.4486083984375,1121.3793456985663,1081.9528225027632,1117.8012696969345,32172299,RELIANCE.NS
2021-12-01,1117.3486328125,1120.519028933976,1098.3713010103995,1101.9493776790864,10104610,RELIANCE.NS
2021-12-02,1124.52734375,1130.5737867535804,1114.9028239659328,1118.5714698041102,12720411,RELIANCE.NS
2021-12-03,1090.7396240234375,1131.6154976946157,1087.0030516324528,1131.5702131686844,19222481,RELIANCE.NS
2021-12-06,1070.06396484375,1098.326063585159,1067.5955985919252,1094.2498569399281,10332254,RELIANCE.NS
2021-12-07,1078.7825927734375,1088.8146726752468,1068.8863664494722,1076.2010153934032,11235122,RELIANCE.NS
2021-12-08,1095.2008056640625,1101.405743762558,1089.8563933091182,1097.9183562650253,8744178,RELIANCE.NS
2021-12-09,1112.5703125,1120.926625884508,1098.326051956675,1102.85522364802,13213547,RELIANCE.NS
2021-12-10,1113.702392578125,1116.8954302844725,1100.7488640809006,1105.2327501452526,8364414,RELIANCE.NS
2021-12-13,1091.37353515625,1120.5640791956964,1088.8144806900814,1120.2923720879173,12901733,RELIANCE.NS
2021-12-14,1078.0125732421875,1089.7205393231307,1074.9553887174345,1077.944646457222,12991523,RELIANCE.NS
2021-12-15,1074.8648681640625,1089.2676234327396,1069.38448219365,1079.7563157042177,9366969,RELIANCE.NS
2021-12-16,1088.7694091796875,1094.0232528934675,1072.8040976676455,1089.5846504628314,9761279,RELIANCE.NS
2021-12-17,1060.03173828125,1090.6263454753455,1050.7694958949853,1086.1198166210095,21049821,RELIANCE.NS
2021-12-20,1031.4527587890625,1049.7958677716224,1017.7519129116022,1049.7958677716224,14325846,RELIANCE.NS
2021-12-21,1046.806640625,1062.545530320319,1038.1786200134966,1046.8519251541745,12836561,RELIANCE.NS
2021-12-22,1071.6490478515625,1074.276029474332,1051.6754577350616,1052.988828746117,17658543,RELIANCE.NS
2021-12-23,1071.26416015625,1077.944705915956,1068.0031950967277,1075.2271551661324,9072401,RELIANCE.NS
2021-12-24,1074.6837158203125,1083.3796623765666,1058.718285237532,1073.4155095265614,7886494,RELIANCE.NS
2021-12-27,1073.5286865234375,1077.0388360812635,1063.4966072069749,1069.588333994207,4017223,RELIANCE.NS
2021-12-28,1086.2783203125,1089.1996512774408,1074.7968966086662,1075.9517717574063,6374613,RELIANCE.NS
2021-12-29,1088.1353759765625,1095.6085205634522,1078.8957755234705,1082.926817028114,15425312,RELIANCE.NS
2021-12-30,1068.4786376953125,1089.2449463146104,1062.3642685656102,1087.0030029803643,29333171,RELIANCE.NS
2021-12-31,1072.5775146484375,1079.710904759357,1068.8862272626782,1074.7741732718725,9477290,RELIANCE.NS
2022-01-03,1088.74658203125,1090.6036067166367,1070.4940456132024,1071.150790940942,5421611,RELIANCE.NS
2022-01-04,1113.3175048828125,1114.6309956772857,1088.81462402871,1094.2044407783767,10847728,RELIANCE.NS
2022-01-05,1118.5260009765625,1121.8776545605729,1101.9265882823174,1115.0838981501056,11643813,RELIANCE.NS
2022-01-06,1094.47607421875,1111.4605249543165,1091.0791361515087,1110.1923187691705,14447422,RELIANCE.NS
2022-01-07,1103.3079833984375,1113.294777565113,1092.2341211399646,1101.0207557139988,13112115,RELIANCE.NS
2022-01-10,1104.2138671875,1112.8193642531028,1094.2723568788356,1110.5547786779957,9246731,RELIANCE.NS
2022-01-11,1112.16259765625,1120.9491128479206,1102.8550708538112,1103.3080358803265,16205164,RELIANCE.NS
2022-01-12,1141.851318359375,1143.595131948247,1116.4426269818646,1119.2960312179016,14800442,RELIANCE.NS
2022-01-13,1148.2828369140625,1150.8645340891296,1136.0993826537385,1141.9194026287705,11856712,RELIANCE.NS
2022-01-14,1149.958740234375,1162.7762991758036,1144.0028659760437,1148.1471193848429,19930176,RELIANCE.NS
2022-01-17,1155.959716796875,1161.7344520199854,1149.0527486713804,1149.5057137125311,8036453,RELIANCE.NS
2022-01-18,1142.16845703125,1160.5342073047743,1139.4282640408564,1157.0921041700744,6215029,RELIANCE.NS
2022-01-19,1142.0777587890625,1151.3172385374578,1136.370950826631,1145.882257497244,9755485,RELIANCE.NS
2022-01-20,1122.08154296875,1136.8014098425185,1111.913489734347,1132.3175229917704,16494486,RELIANCE.NS
2022-01-21,1122.2626953125,1133.3139167394952,1110.5548482538704,1110.5548482538704,13338594,RELIANCE.NS
2022-01-24,1076.99365234375,1134.4463001586594,1066.6671028591084,1120.9718770080574,21868937,RELIANCE.NS
2022-01-25,1074.8875732421875,1081.8624687571998,1043.9758512681215,1064.1533431011624,24510205,RELIANCE.NS
2022-01-27,1058.96728515625,1067.1198169153088,1046.7159051568356,1058.0161903944513,20020431,RELIANCE.NS
2022-01-28,1057.9482421875,1076.087568078922,1054.5740661673967,1071.1508364816766,14667727,RELIANCE.NS
2022-01-31,1080.9339599609375,1089.9017336429354,1067.1651879580827,1068.9769283849403,12143683,RELIANCE.NS
2022-02-01,1077.3558349609375,1096.333045361315,1063.0436492942567,1090.6263567842825,13200509,RELIANCE.NS
2022-02-02,1079.5523681640625,1090.1732649193555,1075.7252273627023,1090.1732649193555,10017691,RELIANCE.NS
2022-02-03,1065.6025390625,1087.6596951339798,1063.0888887078768,1083.3795890325775,9572839,RELIANCE.NS
2022-02-04,1055.8873291015625,1063.654941472206,1051.2675896241456,1060.2806459968438,11061241,RELIANCE.NS
2022-02-07,1049.4561767578125,1067.4370085401163,1043.9757907846413,1060.7338205814565,10714467,RELIANCE.NS
2022-02-08,1067.0972900390625,1068.8863882514995,1046.2404110052712,1055.5932232086295,12060849,RELIANCE.NS
2022-02-09,1079.5299072265625,1081.2056742872649,1067.9805561051007,1073.9363098694528,11486225,RELIANCE.NS
2022-02-10,1078.420166015625,1085.055306543387,1071.19608713209,1085.055306543387,12464491,RELIANCE.NS
2022-02-11,1076.314208984375,1079.982854527415,1061.6849113374171,1074.887506839841,15943370,RELIANCE.NS
2022-02-14,1059.171142578125,1066.599001885618,1047.5990308751595,1059.9410992209632,10719633,RELIANCE.NS
2022-02-15,1095.1329345703125,1097.8278430466569,1057.880422222606,1064.9006018983252,11212671,RELIANCE.NS
2022-02-16,1092.868408203125,1101.9493936888987,1085.1688404247225,1100.5906182455715,10392840,RELIANCE.NS
2022-02-17,1106.704833984375,1111.8681080705421,1091.5321231787168,1096.1065786813085,12853252,RELIANCE.NS
2022-02-18,1098.05419921875,1112.5475227496659,1096.1292475949579,1107.112541400613,6775458,RELIANCE.NS
2022-02-21,1086.957763671875,1103.9875007758346,1080.0281530233087,1092.4380298945582,11107193,RELIANCE.NS
2022-02-22,1082.0208740234375,1085.146105195485,1063.066305633856,1065.6705251768456,13494914,RELIANCE.NS
2022-02-23,1075.249755859375,1089.9696221846223,1072.5096827529123,1087.5012562225045,7310110,RELIANCE.NS
2022-02-24,1021.66943359375,1059.7825863000533,1016.0759568434702,1043.975653416375,24846650,RELIANCE.NS
2022-02-25,1034.44189453125,1045.3118571320392,1030.9543872983322,1032.698081014629,14570089,RELIANCE.NS
2022-02-28,1068.6824951171875,1072.2152872381166,1015.894992677199,1015.894992677199,21297446,RELIANCE.NS
2022-03-02,1086.3463134765625,1087.4560239699686,1054.9364629191114,1057.3142599474093,21471786,RELIANCE.NS
2022-03-03,1077.1748046875,1093.728935330815,1073.4382321141,1087.0031046986949,10186748,RELIANCE.NS
2022-03-04,1053.283447265625,1070.8339584078715,1050.928292256373,1065.7159678106761,10805667,RELIANCE.NS
2022-03-07,1014.3323974609375,1047.1915918601796,1006.3836454479082,1032.0640445664155,17983310,RELIANCE.NS
2022-03-08,1012.4979858398438,1017.253699474235,987.3610616449254,1001.6279629474421,21289374,RELIANCE.NS
2022-03-09,1066.214111328125,1072.0567736389658,1011.8865764630572,1012.724579802494,20414228,RELIANCE.NS
2022-03-10,1083.4927978515625,1089.267532756051,1068.8862634347242,1087.0029472759036,17980493,RELIANCE.NS
2022-03-11,1086.6180419921875,1091.9852168591085,1076.1556390217638,1076.1556390217638,12257423,RELIANCE.NS
2022-03-14,1095.54052734375,1098.0542977910961,1075.2271823953638,1081.0698447752459,8340678,RELIANCE.NS
2022-03-15,1070.44873046875,1099.6619166858584,1060.2127522331937,1099.6619166858584,15925769,RELIANCE.NS
2022-03-16,1088.520263671875,1090.5810688907009,1076.6311594559988,1078.8504605069668,11149828,RELIANCE.NS
2022-03-17,1124.0064697265625,1131.1172183134404,1093.8420644373464,1101.8361008572806,21422098,RELIANCE.NS
2022-03-21,1117.52978515625,1125.0482148088292,1104.6669425964524,1106.9315283978274,11999466,RELIANCE.NS
2022-03-22,1146.4031982421875,1148.124249688356,1111.2794206216663,1114.2232739689239,22557065,RELIANCE.NS
2022-03-23,1150.049072265625,1161.6664689349448,1142.7119015169374,1142.7119015169374,15462187,RELIANCE.NS
2022-03-24,1167.9168701171875,1170.407998403581,1136.8241292691566,1136.8241292691566,13168266,RELIANCE.NS
2022-03-25,1175.70703125,1184.833300668766,1167.169460657995,1169.660588741769,14222488,RELIANCE.NS
2022-03-28,1187.528076171875,1191.0607479382818,1171.4720782015438,1182.115617621465,9891424,RELIANCE.NS
2022-03-29,1187.7999267578125,1194.7974641560254,1180.9382429362058,1194.7974641560254,8684065,RELIANCE.NS
2022-03-30,1210.6270751953125,1217.4434746814534,1185.331593767139,1195.6581430818142,15811550,RELIANCE.NS
2022-03-31,1193.3255615234375,1209.1551399202813,1190.5402036058347,1207.003765404827,13223718,RELIANCE.NS
2022-04-01,1202.8819580078125,1207.094137293246,1187.5507515318518,1193.891542920345,7922880,RELIANCE.NS
2022-04-04,1206.4375,1211.555489970758,1196.45070474843,1202.7009276541294,7929162,RELIANCE.NS
2022-04-05,1189.38525390625,1209.245755119133,1186.9621721259884,1200.73082578986,13149870,RELIANCE.NS
2022-04-06,1186.2147216796875,1193.2122590361132,1171.744039651222,1171.744039651222,12257215,RELIANCE.NS
2022-04-07,1165.2899169921875,1180.3041331292436,1162.6402930619627,1175.3672812713683,15496499,RELIANCE.NS
2022-04-08,1184.6748046875,1188.9096265891387,1159.4698932414146,1159.4698932414146,15152495,RELIANCE.NS
2022-04-11,1182.20654296875,1195.0467435815697,1169.8871144408708,1177.5866823955819,9254209,RELIANCE.NS
2022-04-12,1159.945556640625,1178.7642727503164,1157.3865016457235,1171.6986884850992,13217742,RELIANCE.NS
2022-04-13,1155.6878662109375,1174.2348715288038,1152.9023891242946,1166.037055883804,10354235,RELIANCE.NS
2022-04-18,1152.1552734375,1159.3793533809223,1142.1684779905993,1147.2411835351893,9974224,RELIANCE.NS
2022-04-19,1196.0655517578125,1208.3849780863475,1155.416224906424,1158.5639783200388,26141820,RELIANCE.NS
2022-04-20,1231.2344970703125,1238.2774374324342,1199.824653071556,1203.4480134153682,25072240,RELIANCE.NS
2022-04-21,1260.06298828125,1263.1880996959114,1237.3717275306717,1245.9319403276972,21708633,RELIANCE.NS
2022-04-22,1249.5098876953125,1269.075915209395,1242.8972695502077,1249.5551722154648,15054154,RELIANCE.NS
2022-04-25,1220.61376953125,1249.3287095526507,1206.414795351199,1242.0821076628993,17063215,RELIANCE.NS
2022-04-26,1257.1416015625,1265.9055943331985,1226.3658564890222,1227.4075203143414,12227666,RELIANCE.NS
2022-04-27,1258.364501953125,1280.8518611647926,1247.8114113086813,1248.1738072854712,19338945,RELIANCE.NS
2022-04-28,1277.16064453125,1291.269050141953,1261.874601680994,1272.6767577965609,25614076,RELIANCE.NS
2022-04-29,1263.7542724609375,1293.6015662528664,1257.8889681093667,1293.6015662528664,18214862,RELIANCE.NS
2022-05-02,1259.315673828125,1270.6612443033114,1249.1702630612974,1250.9593611931234,9467006,RELIANCE.NS
2022-05-04,1220.0023193359375,1263.6410258882418,1212.1442565160846,1261.3764403153348,19247660,RELIANCE.NS
2022-05-05,1196.1109619140625,1236.4659436174286,1192.0800401164388,1233.5219702392728,17210669,RELIANCE.NS
2022-05-06,1186.9393310546875,1204.3087009820067,1174.6651887519583,1183.112189870724,19649948,RELIANCE.NS
2022-05-09,1140.5831298828125,1176.2730823033007,1135.465140485421,1166.2408838499182,18083752,RELIANCE.NS
2022-05-10,1120.813232421875,1144.3423749690376,1113.2721615832613,1130.0301899582084,19511677,RELIANCE.NS
2022-05-11,1109.331787109375,1125.4783543216395,1096.9444341111473,1119.9073998813726,16643899,RELIANCE.NS
2022-05-12,1086.731201171875,1102.7870793042052,1073.4153958980505,1099.4581878859078,20490321,RELIANCE.NS
2022-05-13,1099.050537109375,1122.3304948076038,1093.9551898739935,1098.7788299822744,19308778,RELIANCE.NS
2022-05-16,1099.3223876953125,1123.6892942266647,1094.54403200538,1102.6059947530612,13437911,RELIANCE.NS
2022-05-17,1145.4974365234375,1150.36636198311,1101.4964484721288,1102.9005084688652,16551828,RELIANCE.NS
2022-05-18,1149.6641845703125,1163.9990123371506,1136.0313867118257,1150.2530031709177,17276788,RELIANCE.NS
2022-05-19,1123.16845703125,1137.956250241304,1116.918234266966,1125.0481241931686,14699118,RELIANCE.NS
2022-05-20,1188.660400390625,1197.6961004424857,1133.2006360812218,1137.956229855782,21793091,RELIANCE.NS
2022-05-23,1180.711669921875,1201.8402528023153,1174.416043471332,1191.8533389891315,15252755,RELIANCE.NS
2022-05-24,1184.7652587890625,1194.7973375363194,1176.5448004718992,1180.7569797022973,13527818,RELIANCE.NS
2022-05-25,1183.0216064453125,1203.2670225299603,1178.2658929997126,1193.4387237828619,12714544,RELIANCE.NS
2022-05-26,1171.744140625,1193.393619776903,1154.035014512365,1188.6379056119392,17882023,RELIANCE.NS
2022-05-27,1166.3089599609375,1179.9191164627784,1150.4568600156867,1174.4388502012214,16521973,RELIANCE.NS
2022-05-30,1206.935791015625,1211.1025664956994,1174.9597635821942,1184.3803827895526,13853398,RELIANCE.NS
2022-05-31,1192.3743896484375,1213.2765527152142,1184.697464521731,1196.3373846577454,70620653,RELIANCE.NS
2022-06-01,1192.75927734375,1202.587575606305,1184.9237375655662,1193.1215535044294,9776989,RELIANCE.NS
2022-06-02,1233.8841552734375,1237.5754424964362,1192.9856464530985,1192.9856464530985,22126569,RELIANCE.NS
2022-06-03,1258.88525390625,1276.0282006397301,1241.9008029974498,1242.806733024834,23939791,RELIANCE.NS
2022-06-06,1253.47314453125,1274.5111629536582,1246.3396331112071,1259.1120268728403,11093152,RELIANCE.NS
2022-06-07,1255.8282470703125,1264.1392757142605,1246.452912224144,1254.5373984290559,12358255,RELIANCE.NS
2022-06-08,1233.77099609375,1259.564603425916,1230.2608467946977,1255.8280315270272,12479250,RELIANCE.NS
2022-06-09,1267.6038818359375,1269.5287134718806,1227.407402469765,1227.407402469765,17278305,RELIANCE.NS
2022-06-10,1229.3326416015625,1263.5958986630922,1223.5579057416696,1255.443365625697,18093057,RELIANCE.NS
2022-06-13,1206.0751953125,1210.5590824670344,1184.9692504760867,1200.232652493234,17620803,RELIANCE.NS
2022-06-14,1190.3135986328125,1210.1288135182253,1183.6783373201108,1200.2552293704455,14714312,RELIANCE.NS
2022-06-15,1175.9107666015625,1194.4804162045639,1170.5210697144335,1185.5352852287417,11195535,RELIANCE.NS
2022-06-16,1159.4697265625,1204.3312302745605,1156.7521762440374,1188.0035257051024,17111475,RELIANCE.NS
2022-06-17,1173.057373046875,1188.8415454022556,1157.7035234680366,1159.4698594973618,24457187,RELIANCE.NS
2022-06-20,1151.7928466796875,1185.3314250139977,1141.8512172581657,1179.8510396489687,12066797,RELIANCE.NS
2022-06-21,1170.38525390625,1174.5973137201734,1145.112415821389,1159.4698864092793,11720049,RELIANCE.NS
2022-06-22,1134.8310546875,1158.6998308652678,1132.747607320494,1158.6092618232658,10617206,RELIANCE.NS
2022-06-23,1116.4200439453125,1143.6178348788872,1107.3843432520748,1139.111305663959,19446323,RELIANCE.NS
2022-06-24,1132.3175048828125,1137.2768791745684,1117.8014186070498,1123.2365200121847,14240234,RELIANCE.NS
2022-06-27,1128.9658203125,1152.6534598644344,1123.9383995696694,1152.6534598644344,15474529,RELIANCE.NS
2022-06-28,1144.840576171875,1147.67133814574,1124.187598454475,1124.187598454475,13572847,RELIANCE.NS
2022-06-29,1168.59619140625,1176.2279518820312,1132.7477384681235,1135.555858296585,19205146,RELIANCE.NS
2022-06-30,1175.616455078125,1184.7880089664673,1162.1874370508547,1168.5282289340553,23112959,RELIANCE.NS
2022-07-01,1090.9432373046875,1173.9630584583938,1071.1507876954663,1166.218207707014,81997149,RELIANCE.NS
2022-07-04,1093.2078857421875,1106.0254419629423,1071.648979247077,1077.4689986763794,41857728,RELIANCE.NS
2022-07-05,1102.0626220703125,1116.3974516386227,1094.7479726674217,1097.4202390673574,17647327,RELIANCE.NS
2022-07-06,1092.3699951171875,1106.0027924376789,1081.5679595799388,1096.106567126978,23943726,RELIANCE.NS
2022-07-07,1081.6134033203125,1102.0626023112773,1075.6801717525568,1098.7337103035795,23301033,RELIANCE.NS
2022-07-08,1083.10791015625,1095.155510044553,1079.0995110804106,1095.155510044553,19010108,RELIANCE.NS
2022-07-11,1097.8277587890625,1100.046939975301,1073.4154479368833,1076.3594210782474,13847467,RELIANCE.NS
2022-07-12,1096.264892578125,1104.9835991794125,1088.8143919771016,1088.8143919771016,10778989,RELIANCE.NS
2022-07-13,1076.8350830078125,1102.4023929174853,1074.7743973152858,1099.3678502402163,14224132,RELIANCE.NS
2022-07-14,1085.7122802734375,1102.3797424093775,1076.5633677805536,1081.568146854285,16970315,RELIANCE.NS
2022-07-15,1087.8182373046875,1093.796752824721,1079.3487135847495,1093.796752824721,9603210,RELIANCE.NS
2022-07-18,1097.0806884765625,1098.3261329132613,1083.5156948667693,1096.5145120233267,15160908,RELIANCE.NS
2022-07-19,1103.806396484375,1108.2902834767385,1087.1389350761635,1087.1389350761635,16439888,RELIANCE.NS
2022-07-20,1133.6534423828125,1151.543703777921,1126.0670869457035,1150.4114709277653,23924246,RELIANCE.NS
2022-07-21,1126.08984375,1132.2949020971544,1117.484465892399,1129.577351299841,16523230,RELIANCE.NS
2022-07-22,1133.698974609375,1139.6774905895736,1130.0303289124045,1132.29491466853,10969995,RELIANCE.NS
2022-07-25,1096.242431640625,1117.5522733397709,1088.361726850526,1117.5522733397709,23110452,RELIANCE.NS
2022-07-26,1096.7408447265625,1106.8862563190191,1092.1437462800975,1096.5597066124965,11303288,RELIANCE.NS
2022-07-27,1095.6990966796875,1099.2317688342157,1087.908840568981,1096.0387306174957,8655086,RELIANCE.NS
2022-07-28,1112.86474609375,1117.7788361232904,1096.5143960795697,1103.3081533989875,12496073,RELIANCE.NS
2022-07-29,1136.57470703125,1140.039571763476,1115.9896583759382,1120.8358207488034,15130683,RELIANCE.NS
2022-08-01,1166.1956787109375,1172.038340631328,1135.7369249153332,1140.9681259695833,15700044,RELIANCE.NS
2022-08-02,1170.63427734375,1181.1193216829413,1160.1718752661886,1165.1313691654111,13917913,RELIANCE.NS
2022-08-03,1180.462646484375,1182.1157712823,1162.8442104812696,1177.5865998850716,14250977,RELIANCE.NS
2022-08-04,1164.8594970703125,1185.6258045890304,1148.1468730281574,1182.1156551708407,14467127,RELIANCE.NS
2022-08-05,1147.6939697265625,1167.9846710602349,1144.5009315875282,1166.7165845896059,13942438,RELIANCE.NS
2022-08-08,1162.7081298828125,1170.1359894573532,1146.3351396535795,1146.3351396535795,10165178,RELIANCE.NS
2022-08-10,1169.66064453125,1173.012178752456,1158.133815529184,1167.1242318013608,10724688,RELIANCE.NS
2022-08-11,1173.5556640625,1182.0704726435374,1168.618812190309,1178.990645714219,8198226,RELIANCE.NS
2022-08-12,1192.5328369140625,1196.3146936661199,1169.5247047340195,1173.193230375856,12650587,RELIANCE.NS
2022-08-16,1200.8211669921875,1203.5387175050762,1189.9512045412775,1198.511296976361,6607378,RELIANCE.NS
2022-08-17,1207.09423828125,1212.4160085847718,1202.746205068067,1207.0263114935751,6595965,RELIANCE.NS
2022-08-18,1209.2833251953125,1212.7820913718717,1199.6955520359063,1208.6925853891362,7410035,RELIANCE.NS
2022-08-19,1187.72216796875,1209.464997552082,1183.6779742626552,1204.148579928399,9460724,RELIANCE.NS
2022-08-22,1184.427734375,1195.651309470641,1175.0672431781986,1189.1535324408326,9471680,RELIANCE.NS
2022-08-23,1202.6944580078125,1205.6026043151621,1177.498175517267,1178.7023711633794,9678484,RELIANCE.NS
2022-08-24,1199.490966796875,1213.2365143204822,1197.4917062121833,1199.6500999587201,10369622,RELIANCE.NS
2022-08-25,1195.9920654296875,1210.010084840808,1191.6979945608696,1203.6713213411974,7871946,RELIANCE.NS
2022-08-26,1189.60791015625,1204.148643044039,1184.6096383933834,1196.4238336256965,10742038,RELIANCE.NS
2022-08-29,1180.3609619140625,1206.4205794013706,1171.4547933496005,1174.6128173581192,19838975,RELIANCE.NS
2022-08-30,1198.673095703125,1201.9902529871206,1170.795945790086,1187.790382333822,23139054,RELIANCE.NS
2022-09-01,1163.4346923828125,1183.6780172121637,1159.0270403092493,1173.5450568236956,19909939,RELIANCE.NS
2022-09-02,1149.84814453125,1170.2277638288456,1147.6670348863252,1163.4345573963137,12999345,RELIANCE.NS
2022-09-05,1167.7060546875,1173.0224725362493,1150.0754462865928,1150.0754462865928,11327815,RELIANCE.NS
2022-09-06,1179.9974365234375,1184.1552111927028,1168.7057123414318,1169.1601553219334,10899618,RELIANCE.NS
2022-09-07,1173.135986328125,1179.1112920563703,1167.7968526449285,1170.0688269822717,7488501,RELIANCE.NS
2022-09-08,1174.79443359375,1180.5198614611618,1168.2512248209334,1176.0894937430355,7057077,RELIANCE.NS
2022-09-09,1167.478759765625,1185.972579330713,1165.0703685493695,1185.972579330713,8314850,RELIANCE.NS
2022-09-12,1180.542724609375,1186.8816091364133,1168.046804859231,1168.046804859231,7435419,RELIANCE.NS
2022-09-13,1190.4029541015625,1194.9241864060612,1181.8830808225475,1189.607769133953,8888657,RELIANCE.NS
2022-09-14,1176.135009765625,1185.9726599528265,1169.046493026583,1170.0688394223355,8678219,RELIANCE.NS
2022-09-15,1164.479736328125,1183.0417041001508,1161.7760353689525,1173.7039298739198,10365600,RELIANCE.NS
2022-09-16,1135.625732421875,1160.0722649582217,1131.899684568862,1155.8690579820689,20217708,RELIANCE.NS
2022-09-19,1137.1024169921875,1146.3038949822844,1127.5146444730447,1135.6256276709717,7580254,RELIANCE.NS
2022-09-20,1137.2841796875,1153.119972213298,1133.5808482063046,1146.1903481529216,8411448,RELIANCE.NS
2022-09-21,1140.4197998046875,1150.9844885199802,1133.7174561884963,1134.5126413503342,9207309,RELIANCE.NS
2022-09-22,1129.673095703125,1137.3523524884633,1123.3116153435435,1129.6276634257686,10308170,RELIANCE.NS
2022-09-23,1108.498291015625,1134.1488981287762,1106.9533532004177,1129.1733426023927,9528051,RELIANCE.NS
2022-09-26,1080.2574462890625,1098.6378053004141,1079.257816102584,1087.8458377106697,12479523,RELIANCE.NS
2022-09-27,1088.8455810546875,1102.3638454814661,1072.4191704410875,1087.8231145473603,16154822,RELIANCE.NS
2022-09-28,1059.855224609375,1080.5529923156532,1057.4242371952328,1072.5328732525227,16997059,RELIANCE.NS
2022-09-29,1056.6063232421875,1075.7817488504493,1051.0171916607421,1072.3738473223364,14671827,RELIANCE.NS
2022-09-30,1080.4393310546875,1091.458340177691,1050.108360317172,1050.108360317172,18613024,RELIANCE.NS
2022-10-03,1076.690673828125,1098.2516553264609,1073.7370949613044,1086.687337582096,11852723,RELIANCE.NS
2022-10-04,1096.5474853515625,1098.7285948569065,1086.073664575446,1089.5498341414104,8948850,RELIANCE.NS
2022-10-06,1100.591796875,1113.269446039468,1098.7969814617613,1103.7272251000825,13352162,RELIANCE.NS
2022-10-07,1105.249267578125,1110.49753632006,1097.2064333500286,1097.2064333500286,7714340,RELIANCE.NS
2022-10-10,1093.18505859375,1098.5469079284153,1085.096792225,1092.821480233315,6329527,RELIANCE.NS
2022-10-11,1071.4195556640625,1096.911150105876,1068.329679997323,1096.911150105876,9215177,RELIANCE.NS
2022-10-12,1079.3033447265625,1082.2342073300697,1064.6944639855953,1068.7386577474495,7417103,RELIANCE.NS
2022-10-13,1082.7340087890625,1087.8231445652352,1072.419200033899,1077.5538882747444,7328492,RELIANCE.NS
2022-10-14,1077.2357177734375,1097.9789154976827,1076.508681223135,1097.3654596284905,9106089,RELIANCE.NS
2022-10-17,1094.5255126953125,1096.911067683068,1064.9216983657,1070.1018190034106,16729355,RELIANCE.NS
2022-10-18,1113.8372802734375,1119.1764135169963,1099.7055601937943,1100.5461774083603,12415820,RELIANCE.NS
2022-10-19,1133.21728515625,1148.6440655761994,1109.4977929604431,1115.314085328947,19247142,RELIANCE.NS
2022-10-20,1136.261962890625,1144.6228248019718,1129.1734452455337,1129.1734452455337,8717053,RELIANCE.NS
2022-10-21,1123.0843505859375,1143.6231056125362,1120.9942254138175,1139.4880471639096,8243452,RELIANCE.NS
2022-10-24,1126.8331298828125,1137.1252236758137,1115.6778227953112,1117.8133802746593,3370033,RELIANCE.NS
2022-10-25,1109.4298095703125,1135.5348605120162,1107.8167232856267,1135.5348605120162,12233241,RELIANCE.NS
2022-10-27,1113.7919921875,1121.6530982836084,1105.453847178534,1116.904583955269,12513059,RELIANCE.NS
2022-10-28,1147.8717041015625,1151.893061521459,1117.5634478847232,1120.0852998000876,17609592,RELIANCE.NS
2022-10-31,1158.5272216796875,1163.6846262416873,1150.62068370947,1154.6194450652783,12419943,RELIANCE.NS
2022-11-01,1149.552978515625,1181.428769564145,1139.6244632866772,1181.428769564145,13963166,RELIANCE.NS
2022-11-02,1156.7322998046875,1158.7998289194838,1142.8051438822936,1150.666129478395,8981896,RELIANCE.NS
2022-11-03,1161.0491943359375,1163.0485752218901,1147.3719146666933,1149.5530246719463,6693449,RELIANCE.NS
2022-11-04,1178.1343994140625,1181.428720196316,1159.2088516372303,1160.4810755593053,12575815,RELIANCE.NS
2022-11-07,1184.427734375,1186.1090891689403,1169.6145286927685,1177.3392175630618,11789748,RELIANCE.NS
2022-11-09,1183.246337890625,1191.4027533204435,1176.9074538352093,1186.1090519678319,11254205,RELIANCE.NS
2022-11-10,1168.9329833984375,1179.8611290593667,1164.616195791804,1176.8848340514855,5966242,RELIANCE.NS
2022-11-11,1195.878662109375,1197.787058206641,1175.9760787775724,1181.428793587036,12310132,RELIANCE.NS
2022-11-14,1190.0850830078125,1200.5134736804264,1183.7689145270133,1195.4015009715274,9043112,RELIANCE.NS
2022-11-15,1184.7457275390625,1193.4246132807666,1176.8846226638232,1191.5616498136585,7086433,RELIANCE.NS
2022-11-16,1177.95263671875,1188.6763362500183,1172.954245151571,1185.972635134196,9716161,RELIANCE.NS
2022-11-17,1180.9971923828125,1187.3359568517499,1172.3409009131724,1174.5901593039591,6661451,RELIANCE.NS
2022-11-18,1180.3609619140625,1185.518366679259,1168.2967693410817,1184.495900066872,5303197,RELIANCE.NS
2022-11-21,1159.1180419921875,1175.9760614312995,1155.5737233322704,1175.9760614312995,6390268,RELIANCE.NS
2022-11-22,1165.547607421875,1167.1152613187112,1152.5746494360667,1156.4369938334312,6611488,RELIANCE.NS
2022-11-23,1161.9124755859375,1171.3866679891707,1159.7313656787815,1170.0688915510787,6413408,RELIANCE.NS
2022-11-24,1171.9320068359375,1178.7024981272687,1157.8911489931052,1165.9794167577484,9389439,RELIANCE.NS
2022-11-25,1189.4261474609375,1192.7431844497548,1173.295044904841,1176.430472976704,7349922,RELIANCE.NS
2022-11-28,1230.299072265625,1236.4333911015242,1136.8980043426527,1185.472920181286,31527484,RELIANCE.NS
2022-11-29,1232.4119873046875,1241.2500078770877,1224.1419904117938,1228.6632233258865,11058913,RELIANCE.NS
2022-11-30,1241.1136474609375,1247.5206802015884,1226.0504438987869,1232.54834119291,26164986,RELIANCE.NS
2022-12-01,1237.455810546875,1251.8601266305577,1234.1387734132652,1245.862104269674,9485801,RELIANCE.NS
2022-12-02,1236.9332275390625,1248.6793948058917,1227.1410088571656,1240.50026242272,11589592,RELIANCE.NS
2022-12-05,1218.8936767578125,1234.4794719283639,1216.871700030192,1232.3210781772725,14828536,RELIANCE.NS
2022-12-06,1222.415283203125,1225.5051588426245,1209.146894711336,1211.0099786652759,8594245,RELIANCE.NS
2022-12-07,1204.375732421875,1224.5963402295367,1200.5815364526634,1220.0523915216042,8462111,RELIANCE.NS
2022-12-08,1203.8077392578125,1210.9645247591304,1199.6500849785011,1208.6925503476532,7757008,RELIANCE.NS
2022-12-09,1185.5638427734375,1208.6925984914808,1182.2694016212881,1202.3309977712286,12655763,RELIANCE.NS
2022-12-12,1187.3812255859375,1191.8797417479038,1174.612713657261,1174.839995212842,9479842,RELIANCE.NS
2022-12-13,1192.7886962890625,1196.4237590933476,1184.473147579326,1187.381293975718,8333348,RELIANCE.NS
2022-12-14,1188.4720458984375,1199.1275984061572,1186.4272326920325,1198.5368585654778,7268947,RELIANCE.NS
2022-12-15,1171.5911865234375,1188.2447615787812,1168.2514331327313,1182.5648851623062,8688551,RELIANCE.NS
2022-12-16,1165.7974853515625,1189.9714223850988,1162.412300039899,1168.2513090093973,15837349,RELIANCE.NS
2022-12-19,1181.110595703125,1183.246273075343,1166.2972711057284,1172.7951677670053,7729933,RELIANCE.NS
2022-12-20,1191.3345947265625,1193.242990634255,1165.9792991040035,1174.1129983269077,7467588,RELIANCE.NS
2022-12-21,1174.3856201171875,1196.4237592798247,1170.5687080191292,1190.9710448813423,8527550,RELIANCE.NS
2022-12-22,1171.3411865234375,1183.541675654874,1166.3200787009303,1180.5199485444361,7451122,RELIANCE.NS
2022-12-23,1136.9888916015625,1177.112082738486,1132.4676588679463,1164.7524600759673,10257115,RELIANCE.NS
2022-12-26,1146.9173583984375,1155.0737739248264,1132.5357596211306,1142.6915558359974,5990242,RELIANCE.NS
2022-12-27,1156.3006591796875,1158.1636228081527,1142.9186909584178,1149.6210331376262,5763271,RELIANCE.NS
2022-12-28,1156.187255859375,1158.618243480646,1145.7588646322624,1153.2563929529824,7459393,RELIANCE.NS
2022-12-29,1155.66455078125,1158.209118855438,1147.5762834083114,1148.2578877514563,6930648,RELIANCE.NS
2022-12-30,1157.4366455078125,1170.97762738263,1154.6649160603042,1156.4824475075623,7289476,RELIANCE.NS
2023-01-02,1170.4779052734375,1171.8865462707408,1157.8911210447166,1158.7090222381169,5316175,RELIANCE.NS
2023-01-03,1161.9124755859375,1169.160125804233,1157.7093889350726,1165.5476587645308,7658932,RELIANCE.NS
2023-01-04,1144.418212890625,1163.7300547153022,1142.3506838068283,1161.8896870062515,9264891,RELIANCE.NS
2023-01-05,1142.37353515625,1152.5293324862785,1137.806869836127,1146.6676067944138,13637099,RELIANCE.NS
2023-01-06,1152.75634765625,1157.7774553339088,1144.3046224842542,1148.0988183662998,6349597,RELIANCE.NS
2023-01-09,1179.9747314453125,1182.3376907366148,1155.6873320113693,1156.57338165,10722753,RELIANCE.NS
2023-01-10,1162.52587890625,1184.155127696438,1156.891435377878,1184.155127696438,8047142,RELIANCE.NS
2023-01-11,1147.8717041015625,1162.3441677767541,1145.5768933771294,1159.8450319996036,11509553,RELIANCE.NS
2023-01-12,1123.0843505859375,1150.7570549852321,1120.0853394706564,1147.2810049505638,17688773,RELIANCE.NS
2023-01-13,1121.2667236328125,1123.6749947373953,1106.2716693328798,1117.0862332620186,20618583,RELIANCE.NS
2023-01-16,1110.5885009765625,1126.7421991055548,1102.8182596793808,1123.584175159578,13623855,RELIANCE.NS
2023-01-17,1126.35595703125,1128.2643528903968,1113.542012722695,1116.9044817084298,10751000,RELIANCE.NS
2023-01-18,1124.492919921875,1131.9450149571076,1117.9724269094495,1123.947732620178,13448286,RELIANCE.NS
2023-01-19,1123.288818359375,1127.4237562572607,1116.2910462380278,1123.674992689111,11940054,RELIANCE.NS
2023-01-20,1109.9295654296875,1124.6291897175156,1107.4758620574123,1124.6291897175156,14930286,RELIANCE.NS
2023-01-23,1104.3177490234375,1120.6305800710875,1101.9094778576764,1112.8150268033937,10954118,RELIANCE.NS
2023-01-24,1097.7972412109375,1110.3839043654414,1084.8014472016187,1108.7253859560433,16488755,RELIANCE.NS
2023-01-25,1082.620361328125,1097.2292417944516,1081.4617181061994,1096.2068953996695,12385018,RELIANCE.NS
2023-01-27,1062.0816650390625,1084.8014072954272,1050.403647808396,1083.4610350495245,25830975,RELIANCE.NS
2023-01-30,1072.2601318359375,1077.7809941168787,1045.5643456626856,1059.5143365330093,21772103,RELIANCE.NS
2023-01-31,1069.5792236328125,1084.9378563899695,1063.7402148448057,1082.370452122445,22691594,RELIANCE.NS
2023-02-01,1063.240478515625,1081.438989315294,1047.3819702702858,1081.438989315294,19347800,RELIANCE.NS
2023-02-02,1057.35595703125,1066.920892525141,1050.1083077780725,1053.2890475640809,13662663,RELIANCE.NS
2023-02-03,1058.2874755859375,1067.3753725425988,1041.929212987467,1067.3753725425988,24699575,RELIANCE.NS
2023-02-06,1050.3128662109375,1054.6523697762398,1047.7455820077842,1051.9259524136774,14837879,RELIANCE.NS
2023-02-07,1047.7908935546875,1057.5603943899198,1041.9291690153093,1050.5627428744976,15135435,RELIANCE.NS
2023-02-08,1068.7159423828125,1072.3284093286718,1048.290888887822,1051.017186057536,21160332,RELIANCE.NS
2023-02-09,1070.5789794921875,1077.3040386110727,1060.559599329042,1069.3976200283605,13172763,RELIANCE.NS
2023-02-10,1061.7635498046875,1070.0562610401787,1054.7884945677279,1070.0562610401787,10790445,RELIANCE.NS
2023-02-13,1055.7203369140625,1067.8299624778901,1051.2672523692866,1063.3768779331142,10352493,RELIANCE.NS
2023-02-14,1080.598388671875,1082.3250555378218,1055.8565481440585,1058.7192622894795,14321920,RELIANCE.NS
2023-02-15,1105.0675048828125,1107.4531801088635,1078.2809718116707,1079.6440602664363,33503591,RELIANCE.NS
2023-02-16,1104.2042236328125,1119.5401413378127,1101.9322491792432,1113.019527781497,17264487,RELIANCE.NS
2023-02-17,1108.81640625,1112.1335637259278,1095.3662876043543,1099.6376431744663,11809520,RELIANCE.NS
2023-02-20,1097.093017578125,1113.1558521216361,1095.1390690194628,1110.9974583087273,8836937,RELIANCE.NS
2023-02-21,1106.0445556640625,1111.8152960708703,1096.161352929149,1101.4551746278107,13311592,RELIANCE.NS
2023-02-22,1080.9617919921875,1104.181409716533,1079.2124090771258,1102.34116225432,11024335,RELIANCE.NS
2023-02-23,1075.7818603515625,1088.1642003254076,1072.9874144624137,1080.5530912531344,9851910,RELIANCE.NS
2023-02-24,1083.14306640625,1088.8003468562933,1076.009116649248,1077.8266482510571,9434053,RELIANCE.NS
2023-02-27,1075.9407958984375,1085.8467152410444,1068.6024012348664,1082.3705449963543,11199715,RELIANCE.NS
2023-02-28,1055.356689453125,1075.55458156191,1051.3126158801917,1070.6016220746747,21994038,RELIANCE.NS
2023-03-01,1065.057861328125,1065.7848978208335,1055.6745353261815,1065.1032935969702,11551145,RELIANCE.NS
2023-03-02,1056.9471435546875,1068.57973034707,1054.925046511839,1061.9228195758383,9333535,RELIANCE.NS
2023-03-03,1083.9154052734375,1087.5733043694927,1063.9902277008234,1067.443561368033,14643807,RELIANCE.NS
2023-03-06,1094.5028076171875,1101.7277412564927,1090.5495987349282,1090.5495987349282,10171916,RELIANCE.NS
2023-03-08,1098.433349609375,1099.1831022898903,1083.7336057675889,1094.5027369272827,15782657,RELIANCE.NS
2023-03-09,1072.032958984375,1098.2288726400263,1070.147279158801,1097.8199821583767,16235128,RELIANCE.NS
2023-03-10,1055.4248046875,1065.1034417835135,1051.9486346812796,1063.967514713159,13334091,RELIANCE.NS
2023-03-13,1038.06689453125,1065.1034247048499,1033.750107312473,1058.287501818403,12771592,RELIANCE.NS
2023-03-14,1034.1820068359375,1047.3594118740934,1031.046698611293,1036.0222546404123,16027522,RELIANCE.NS
2023-03-15,1016.5057983398438,1044.3375136051593,1012.120862693993,1037.8851690827282,21728555,RELIANCE.NS
2023-03-16,1011.4392700195312,1024.2077825786946,1000.6701381392561,1019.2095111682803,18363159,RELIANCE.NS
2023-03-17,1010.1670532226562,1023.2763079373278,1005.4413153341551,1020.0047033408911,34014213,RELIANCE.NS
2023-03-20,1000.238525390625,1008.7584596340857,990.5826039210764,1006.4864851819102,19524589,RELIANCE.NS
2023-03-21,1031.3419189453125,1033.295867476511,1007.3952622768678,1008.2813118906954,21400360,RELIANCE.NS
2023-03-22,1034.4771728515625,1041.2249475152355,1031.47816188993,1038.294084967167,10920094,RELIANCE.NS
2023-03-23,1021.3905029296875,1031.4325970565128,1019.2321095372743,1030.5692637377854,16249370,RELIANCE.NS
2023-03-24,1001.1699829101562,1022.3902814688943,998.7617116838695,1020.231887763167,12375945,RELIANCE.NS
2023-03-27,1016.7330322265625,1024.2078438429432,999.7614322476102,1007.6224783212151,14054323,RELIANCE.NS
2023-03-28,1021.4815673828125,1025.3439120336418,1016.4831753805086,1020.1183586375283,12576424,RELIANCE.NS
2023-03-29,1015.4380493164062,1020.0274303318191,1004.7142894261991,1017.3918775634875,18804065,RELIANCE.NS
2023-03-31,1059.218994140625,1064.8535577563764,1024.5259234682055,1024.6622202928697,28171201,RELIANCE.NS
2023-04-03,1059.400634765625,1067.3753204457275,1051.9258242587484,1065.5577892195856,10293043,RELIANCE.NS
2023-04-05,1056.856201171875,1066.9210129823457,1048.995215362799,1066.9210129823457,16262928,RELIANCE.NS
2023-04-06,1063.9447021484375,1069.6474143387793,1053.3572991214214,1053.3572991214214,18435046,RELIANCE.NS
2023-04-10,1056.40185546875,1068.0117263349803,1054.9023498118622,1067.8299972108045,12961408,RELIANCE.NS
2023-04-11,1061.6273193359375,1063.7402807994256,1056.0383079017138,1060.559540630498,10542367,RELIANCE.NS
2023-04-12,1066.3076171875,1075.9179854968688,1058.7646577412916,1061.6272515959452,18179087,RELIANCE.NS
2023-04-13,1070.3289794921875,1075.0092249147228,1064.1946609026813,1069.1929322468407,12378208,RELIANCE.NS
2023-04-17,1075.7589111328125,1101.8866740573628,1067.3980510351955,1101.8866740573628,17929479,RELIANCE.NS
2023-04-18,1063.44482421875,1080.098395721067,1056.9242116194696,1080.098395721067,10405576,RELIANCE.NS
2023-04-19,1068.7386474609375,1071.4195123263064,1059.741614492453,1062.8542061722762,12273475,RELIANCE.NS
2023-04-20,1066.034912109375,1071.9193532094926,1059.6961482625013,1069.692811176778,7007330,RELIANCE.NS
2023-04-21,1067.37548828125,1072.8282030082607,1061.6500596936005,1068.1252410633845,7647317,RELIANCE.NS
2023-04-24,1071.4652099609375,1081.870765090495,1066.9211403937047,1079.1898998619097,12936186,RELIANCE.NS
2023-04-25,1079.6668701171875,1081.7343994033272,1068.0571198634168,1075.1002048906516,9236126,RELIANCE.NS
2023-04-26,1073.328125,1084.2336751201349,1069.6702254865136,1081.0073822687018,8617834,RELIANCE.NS
2023-04-27,1080.1212158203125,1083.2792397187284,1074.191342363561,1079.189733985385,9167125,RELIANCE.NS
2023-04-28,1099.86474609375,1101.4098041424304,1082.256973708253,1082.3705544049471,15565210,RELIANCE.NS
2023-05-02,1109.20263671875,1111.361030519598,1103.3181951274973,1106.9988106394346,12981805,RELIANCE.NS
2023-05-03,1099.6829833984375,1110.9974233118683,1096.4795270846325,1110.9974233118683,7061872,RELIANCE.NS
2023-05-04,1112.360595703125,1114.564421653396,1097.1838117593734,1100.1601065895743,8635233,RELIANCE.NS
2023-05-05,1109.5206298828125,1118.4267984938415,1106.9079133744922,1109.1798878043744,8746585,RELIANCE.NS
2023-05-08,1123.220703125,1128.5598368262858,1110.6112034431017,1113.269352129285,9153782,RELIANCE.NS
2023-05-09,1126.6968994140625,1129.9913407668835,1119.2902356444074,1124.6293700397016,6464721,RELIANCE.NS
2023-05-10,1134.4442138671875,1135.9210031175069,1127.4464419348942,1131.4452030936898,10872255,RELIANCE.NS
2023-05-11,1127.0377197265625,1140.3059886325332,1125.3336486663607,1135.5121619830659,10557860,RELIANCE.NS
2023-05-12,1128.8778076171875,1130.2637323324755,1116.2228762779578,1122.2663301444138,6955341,RELIANCE.NS
2023-05-15,1131.1043701171875,1138.056589765274,1123.7885720856236,1131.3998000896127,6833343,RELIANCE.NS
2023-05-16,1114.9962158203125,1135.8074445597895,1113.3375770795326,1133.2628763872494,8717229,RELIANCE.NS
2023-05-17,1108.4073486328125,1120.0852459817609,1103.7271032383842,1119.1764803056624,8798967,RELIANCE.NS
2023-05-18,1106.0218505859375,1116.4502407386783,1102.8864225456616,1113.0649351771951,10525531,RELIANCE.NS
2023-05-19,1109.611572265625,1111.4292240517473,1099.1150328365684,1106.0219413561279,8050447,RELIANCE.NS
2023-05-22,1115.5413818359375,1120.5397737195674,1105.2494084549478,1106.4534840047638,7434906,RELIANCE.NS
2023-05-23,1115.3369140625,1121.4485168171577,1113.9282731003457,1118.1087637100431,6092034,RELIANCE.NS
2023-05-24,1108.8389892578125,1119.630957590089,1105.749113749558,1111.4063935962217,8112254,RELIANCE.NS
2023-05-25,1108.70263671875,1112.8149786046417,1097.842640709934,1105.9536236071287,11487863,RELIANCE.NS
2023-05-26,1138.94287109375,1140.0787982471202,1113.6102893364032,1116.904610291511,12626260,RELIANCE.NS
2023-05-29,1145.3497314453125,1149.6210865747194,1139.2608448772517,1145.5314605509366,10010304,RELIANCE.NS
2023-05-30,1145.0543212890625,1153.1198717474913,1142.50963326853,1145.3496310598186,11342504,RELIANCE.NS
2023-05-31,1122.311767578125,1140.4649655887667,1118.267694287889,1135.9891655098565,27107927,RELIANCE.NS
2023-06-01,1119.2901611328125,1129.1279320638168,1116.9046059479208,1126.969538270473,14592692,RELIANCE.NS
2023-06-02,1115.63232421875,1128.196393125224,1113.723928040502,1122.811826505655,15800644,RELIANCE.NS
2023-06-05,1125.6517333984375,1128.6053121788445,1117.1090229973545,1121.085068396339,10908682,RELIANCE.NS
2023-06-06,1126.6058349609375,1130.4000307352399,1118.7221336360576,1128.4689187387335,7493309,RELIANCE.NS
2023-06-07,1135.1485595703125,1135.989176828128,1123.5386905370437,1130.0820196952836,10312545,RELIANCE.NS
2023-06-08,1135.830078125,1143.6457515710592,1131.899585359948,1138.7155083681228,12071109,RELIANCE.NS
2023-06-09,1127.787353515625,1139.874261684162,1125.9924180855612,1139.1699412328312,5877018,RELIANCE.NS
2023-06-12,1128.7869873046875,1131.0816777652867,1120.0852643496842,1124.8564945620458,6391969,RELIANCE.NS
2023-06-13,1145.4632568359375,1146.6447363478687,1129.7411659431393,1133.7172110839526,11248016,RELIANCE.NS
2023-06-14,1159.5496826171875,1160.9810398065779,1143.7140091659376,1145.5315407318087,13277380,RELIANCE.NS
2023-06-15,1159.8677978515625,1164.4117468363468,1152.1202722852718,1159.5269355725368,11813494,RELIANCE.NS
2023-06-16,1171.159423828125,1173.4313981302719,1163.3437504987226,1163.3437504987226,24171579,RELIANCE.NS
2023-06-19,1159.52685546875,1174.1584519189826,1155.3692013285906,1174.1584519189826,6798554,RELIANCE.NS
2023-06-20,1161.9351806640625,1165.070488566,1151.893084884151,1157.5957972211602,6921096,RELIANCE.NS
2023-06-21,1165.2069091796875,1167.728761153971,1157.800246036839,1161.889751966922,6961603,RELIANCE.NS
2023-06-22,1152.1201171875,1169.2962804989265,1150.5297472760415,1161.4352954861522,7619166,RELIANCE.NS
2023-06-23,1142.6915283203125,1151.1659695700039,1141.441900396204,1149.1211566554268,6628570,RELIANCE.NS
2023-06-26,1133.96728515625,1142.9870354453747,1130.8546930683367,1139.1701227938759,12641159,RELIANCE.NS
2023-06-27,1134.3760986328125,1140.3058517527372,1129.9230146151945,1134.4215309070003,9689466,RELIANCE.NS
2023-06-28,1149.3939208984375,1153.1881169201986,1135.0122016455275,1141.896393407388,11354006,RELIANCE.NS
2023-06-30,1158.8226318359375,1161.7307784588775,1151.1888070463274,1157.0732487107562,11151555,RELIANCE.NS
2023-07-03,1188.5628662109375,1191.425580555085,1161.1400387375704,1162.3669506539804,12154387,RELIANCE.NS
2023-07-04,1176.31689453125,1192.7887391966194,1169.2736896643748,1192.7887391966194,8061643,RELIANCE.NS
2023-07-05,1174.3856201171875,1185.5183304828597,1170.432411192628,1185.5183304828597,10248062,RELIANCE.NS
2023-07-06,1199.03662109375,1201.6266214253383,1170.546016490242,1170.546016490242,19117987,RELIANCE.NS
2023-07-07,1196.696533203125,1210.9418359205672,1194.1518448825288,1197.332705283274,13375267,RELIANCE.NS
2023-07-10,1242.7947998046875,1252.3144236363512,1215.508392547687,1221.8244401255106,33240016,RELIANCE.NS
2023-07-11,1256.2677001953125,1258.6759714064597,1243.9536302912918,1250.9058502676546,20069348,RELIANCE.NS
2023-07-12,1257.653564453125,1273.2166423107678,1254.8817149747802,1256.9946762890331,18733835,RELIANCE.NS
2023-07-13,1246.4073486328125,1271.8535100977601,1243.794632147719,1264.992154591986,14682934,RELIANCE.NS
2023-07-14,1245.3621826171875,1254.5409440468316,1238.2735461254954,1249.5879849572364,15124144,RELIANCE.NS
2023-07-17,1270.8084716796875,1279.1466167196916,1239.5914489485467,1248.225023984058,22220040,RELIANCE.NS
2023-07-18,1281.600341796875,1289.3250310279557,1269.127138140066,1280.0326878114854,25867313,RELIANCE.NS
2023-07-19,1291.32421875,1297.7539668955087,1270.9445997962002,1285.9396532326007,39122156,RELIANCE.NS
2023-07-20,1289.7606201171875,1295.2251136644823,1270.1422890108254,1270.1422890108254,38717624,RELIANCE.NS
2023-07-21,1249.834716796875,1287.3235564344566,1242.3763715855305,1284.4190157057792,30249238,RELIANCE.NS
2023-07-24,1224.554931640625,1238.1179088392782,1215.6443158350814,1221.4042392370138,23727866,RELIANCE.NS
2023-07-25,1223.767333984375,1233.3179681079685,1220.9119513502328,1227.8041962368873,12026020,RELIANCE.NS
2023-07-26,1243.65625,1253.8961800235134,1223.3733833366434,1223.3733833366434,12911012,RELIANCE.NS
2023-07-27,1232.087158203125,1249.2931304965796,1226.0072859774648,1247.5209111436616,17226898,RELIANCE.NS
2023-07-28,1244.468505859375,1251.85305275367,1231.0286064735196,1236.6900924258125,20827852,RELIANCE.NS
2023-07-31,1255.00390625,1257.2930680054526,1239.594792375287,1244.4686660676819,8551174,RELIANCE.NS
2023-08-01,1237.25634765625,1259.803857697837,1233.3672005487501,1257.8346449464532,9536632,RELIANCE.NS
2023-08-02,1224.0382080078125,1236.665738028631,1212.838309305523,1235.2872649193357,12748214,RELIANCE.NS
2023-08-03,1218.8934326171875,1231.201012494138,1210.1058926997707,1218.5981228148664,10168350,RELIANCE.NS
2023-08-04,1235.45947265625,1238.6348041373592,1216.776590964359,1230.1672134573323,22885610,RELIANCE.NS
2023-08-07,1242.49951171875,1244.7393951840495,1233.2195480808575,1241.0963994857652,5982870,RELIANCE.NS
2023-08-08,1235.016357421875,1247.7178038434138,1230.536470478926,1244.5424722858313,9844072,RELIANCE.NS
2023-08-09,1243.1639404296875,1245.034716513302,1221.453442754676,1233.1456430382627,11486586,RELIANCE.NS
2023-08-10,1248.702392578125,1255.3731247892663,1234.9179033647526,1243.0409059369185,15470598,RELIANCE.NS
2023-08-11,1253.969970703125,1259.7300139419374,1236.837916549459,1246.733138146324,22179330,RELIANCE.NS
2023-08-14,1268.788330078125,1271.274485095857,1243.065489745762,1249.9577340453427,9575812,RELIANCE.NS
2023-08-16,1267.7545166015625,1271.5207081344915,1255.8654425931288,1255.8654425931288,10203112,RELIANCE.NS
2023-08-17,1249.465576171875,1269.2069834305885,1246.9302626576266,1263.7916479940673,13673744,RELIANCE.NS
2023-08-18,1258.7208251953125,1268.960755625946,1234.9671961841154,1246.142454602955,18639978,RELIANCE.NS
2023-08-21,1244.986328125,1262.5000997685252,1242.8371963360953,1254.8424457661688,9221746,RELIANCE.NS
2023-08-22,1244.68994140625,1253.8544488619668,1234.6115281978846,1243.4548358358238,7713044,RELIANCE.NS
2023-08-23,1246.0732421875,1256.2752862282496,1243.4795205761563,1247.061326610869,9517952,RELIANCE.NS
2023-08-24,1225.1258544921875,1254.8177179260883,1220.7782590700385,1254.8177179260883,14140020,RELIANCE.NS
2023-08-25,1219.4691162109375,1237.5757146480018,1206.747529523438,1213.3676467766436,22222400,RELIANCE.NS
2023-08-28,1207.315673828125,1227.2008731617648,1201.0660879981488,1221.272366528133,12580826,RELIANCE.NS
2023-08-29,1195.755126953125,1212.107851949824,1189.7277154191993,1211.4162410930335,16876644,RELIANCE.NS
2023-08-30,1194.6187744140625,1206.9451032694478,1193.1119215700844,1201.5106390304122,12168946,RELIANCE.NS
2023-08-31,1189.1595458984375,1198.0523052778192,1185.6517981191516,1197.0642209023324,21638600,RELIANCE.NS
2023-09-01,1191.950927734375,1198.3734766692594,1186.5164632510111,1188.9373425267036,18112842,RELIANCE.NS
2023-09-04,1190.987548828125,1197.3853714174265,1188.3197691016735,1191.950907028467,9347626,RELIANCE.NS
2023-09-05,1197.36083984375,1202.4741047382813,1191.852196412095,1195.5822395056102,8675876,RELIANCE.NS
2023-09-06,1199.8802490234375,1203.5608392350891,1194.2234900414205,1196.1256007292052,8200370,RELIANCE.NS
2023-09-07,1201.5106201171875,1204.5983838407617,1191.1357340059783,1196.421961377583,13652572,RELIANCE.NS
2023-09-08,1209.51416015625,1213.3677136631895,1197.039593881822,1205.463038004146,23109288,RELIANCE.NS
2023-09-11,1222.556884765625,1223.668479723262,1211.391482722607,1211.391482722607,13271074,RELIANCE.NS
2023-09-12,1204.8948974609375,1226.7068128830886,1203.462102676104,1226.7068128830886,16255666,RELIANCE.NS
2023-09-13,1210.9222412109375,1216.653058753229,1198.6699696902265,1205.4630504045967,12803338,RELIANCE.NS
2023-09-14,1212.033935546875,1218.2094639750317,1207.9333605474212,1215.343994661209,9209636,RELIANCE.NS
2023-09-15,1214.28173828125,1219.2962186489121,1210.156437431325,1219.2962186489121,25468592,RELIANCE.NS
2023-09-18,1203.7091064453125,1210.8974446523887,1201.5353689892672,1205.4877066299114,7516300,RELIANCE.NS
2023-09-20,1176.8826904296875,1199.3370070481767,1163.4694916701224,1197.089090701199,57081884,RELIANCE.NS
2023-09-21,1168.31103515625,1180.8103271156433,1165.9396084396587,1173.3255153106452,12226182,RELIANCE.NS
2023-09-22,1163.4447021484375,1177.0308632017375,1160.9992172819989,1173.8443150051187,19176786,RELIANCE.NS
2023-09-25,1156.2811279296875,1166.2854832156668,1153.638074334712,1161.1968240581607,14254884,RELIANCE.NS
2023-09-26,1157.2939453125,1161.0980464311394,1153.8851021083722,1155.342502590839,10087782,RELIANCE.NS
2023-09-27,1170.336669921875,1171.769464855697,1155.3178333556975,1157.7880446735417,11722778,RELIANCE.NS
2023-09-28,1153.1439208984375,1177.3025356797164,1148.648088734931,1177.3025356797164,14518346,RELIANCE.NS
2023-09-29,1158.5289306640625,1170.4353956391562,1153.1439190620806,1156.9480197858836,12342014,RELIANCE.NS
2023-10-03,1145.2637939453125,1153.8849261975774,1144.201651539282,1151.0935156022144,8859056,RELIANCE.NS
2023-10-04,1143.287841796875,1145.683994991749,1133.8764332853668,1140.743572417399,10286386,RELIANCE.NS
2023-10-05,1143.26318359375,1150.8219332922222,1140.743519950406,1145.8074528562056,10953682,RELIANCE.NS
2023-10-06,1145.18994140625,1148.5494528467332,1142.2504141267464,1144.7206253894863,5431026,RELIANCE.NS
2023-10-09,1135.4326171875,1142.200971985465,1133.8269798521974,1140.2989816654238,7576878,RELIANCE.NS
2023-10-10,1140.447021484375,1145.1404226117538,1138.1497733893898,1139.5331157395624,10236032,RELIANCE.NS
2023-10-11,1158.5535888671875,1160.850836659799,1142.7195135510772,1143.4358505583396,9814118,RELIANCE.NS
2023-10-12,1160.70263671875,1165.618452848462,1155.1446622546925,1157.9607991424273,12554450,RELIANCE.NS
2023-10-13,1160.6534423828125,1164.7045645712087,1150.6984190160554,1156.058825491677,10150316,RELIANCE.NS
2023-10-16,1158.0596923828125,1163.2471357038708,1154.0826283801794,1158.5290083696577,5929036,RELIANCE.NS
2023-10-17,1163.593017578125,1165.7914814830851,1156.7011522648252,1163.963549268257,7928180,RELIANCE.NS
2023-10-18,1148.1541748046875,1169.3979912920374,1146.6720480730119,1163.5929949263082,8918320,RELIANCE.NS
2023-10-19,1139.33544921875,1147.0672825471008,1136.7911799610206,1142.2256445327594,12032556,RELIANCE.NS
2023-10-20,1135.8524169921875,1143.559402581249,1134.4690747739153,1136.2970067050267,8913312,RELIANCE.NS
2023-10-23,1118.1162109375,1139.3847504014805,1114.1885998234964,1131.3565651682993,7853962,RELIANCE.NS
2023-10-25,1115.5225830078125,1127.0090643806484,1108.1366760976812,1111.6196977984057,11620688,RELIANCE.NS
2023-10-26,1099.9849853515625,1115.5473150342816,1096.9219477593886,1112.089019549233,15222534,RELIANCE.NS
2023-10-27,1119.4007568359375,1123.2048573671625,1104.6535500268835,1106.654444909806,11771084,RELIANCE.NS
2023-10-30,1142.47265625,1148.6481841216216,1121.4511352518443,1123.4520304054054,16813304,RELIANCE.NS
2023-10-31,1130.3192138671875,1150.1303563093797,1127.8490026208185,1150.1303563093797,12808438,RELIANCE.NS
2023-11-01,1135.0126953125,1144.942993469817,1124.0449807279863,1130.9368464684328,10309190,RELIANCE.NS
2023-11-02,1146.2767333984375,1148.302354744411,1140.2247162104195,1143.1889695269997,10562104,RELIANCE.NS
2023-11-03,1146.0296630859375,1153.5638066087804,1144.078220526126,1149.7349795725816,8850156,RELIANCE.NS
2023-11-06,1155.564697265625,1156.0587394619763,1148.9445800808262,1152.2546386732256,10647304,RELIANCE.NS
2023-11-07,1148.055419921875,1155.6142905704303,1145.9557403314866,1153.1193530516352,6960204,RELIANCE.NS
2023-11-08,1154.033203125,1156.552866758098,1147.042553778562,1152.1064866637696,7884494,RELIANCE.NS
2023-11-09,1141.50927734375,1154.0331752710283,1138.3720609954937,1154.0085696526105,14513610,RELIANCE.NS
2023-11-10,1143.6583251953125,1144.3747829309668,1135.3337858785344,1139.039102652828,7734954,RELIANCE.NS
2023-11-13,1143.5101318359375,1148.4505538682092,1142.0773370771153,1147.610585630105,3854810,RELIANCE.NS
2023-11-15,1164.1856689453125,1166.9029009306619,1149.6361508923676,1156.0586992213753,12220648,RELIANCE.NS
2023-11-16,1166.285400390625,1172.9302438744137,1159.4923201233041,1161.542667627995,13134910,RELIANCE.NS
2023-11-17,1163.7412109375,1172.4857343750468,1162.012063114762,1162.4319266451018,7758634,RELIANCE.NS
2023-11-20,1160.6781005859375,1165.1490860409533,1154.2801575494677,1160.2828426994563,4490186,RELIANCE.NS
2023-11-21,1175.2769775390625,1179.7728099438689,1166.0384122376151,1168.9038812090425,8214450,RELIANCE.NS
2023-11-22,1179.87158203125,1182.9593458443583,1171.9669066696931,1173.3502489811203,8534814,RELIANCE.NS
2023-11-23,1183.4781494140625,1185.7013394254852,1179.8716170501546,1179.8716170501546,8531542,RELIANCE.NS
2023-11-24,1182.6876220703125,1186.9858858764198,1181.2796741129466,1181.5514214570694,6749486,RELIANCE.NS
2023-11-28,1182.9346923828125,1185.5531403805655,1173.4738317237427,1182.6876712625676,13792174,RELIANCE.NS
2023-11-29,1186.047119140625,1191.605094048659,1184.7379555197092,1189.6536514263266,12531306,RELIANCE.NS
2023-11-30,1174.560791015625,1186.0472739919132,1170.830747689414,1183.083020320613,28439984,RELIANCE.NS
2023-12-01,1182.88525390625,1183.9226701483003,1174.6347733568996,1174.8323419889748,14342842,RELIANCE.NS
2023-12-04,1195.6810302734375,1210.4035134582498,1185.0097900344595,1210.4035134582498,15590990,RELIANCE.NS
2023-12-05,1204.3514404296875,1205.8830195816831,1196.3973123183705,1204.9689932142376,12693624,RELIANCE.NS
2023-12-06,1215.887451171875,1221.7417795681863,1202.992899973077,1208.9708595498532,16422442,RELIANCE.NS
2023-12-07,1213.886474609375,1215.813191043024,1206.4511149904754,1215.3438750518303,8142096,RELIANCE.NS
2023-12-08,1213.244140625,1223.5943006598802,1207.9331869400896,1217.2459307176134,10204894,RELIANCE.NS
2023-12-11,1215.0228271484375,1219.0986756148789,1211.589137099235,1213.3677374036308,7066138,RELIANCE.NS
2023-12-12,1197.5830078125,1217.7892853568703,1195.6561708810905,1215.3438006129375,9197124,RELIANCE.NS
2023-12-13,1202.473876953125,1204.6477348008102,1188.813659637376,1196.5700973342687,10031182,RELIANCE.NS
2023-12-14,1217.39404296875,1222.7297228698085,1206.7721356331074,1212.3795628682321,16972354,RELIANCE.NS
2023-12-15,1232.9317626953125,1235.1055001292314,1220.3089603608373,1224.236571728094,15932152,RELIANCE.NS
2023-12-18,1245.4803466796875,1252.3474847954778,1230.634354917611,1232.9317234441762,14165188,RELIANCE.NS
2023-12-19,1263.8094482421875,1271.615218807123,1247.5553868731267,1262.2778691174958,16820604,RELIANCE.NS
2023-12-20,1248.518798828125,1283.9417239360823,1244.9864450577063,1270.207325538083,17736722,RELIANCE.NS
2023-12-21,1266.0079345703125,1271.4176728398502,1244.1218397625619,1248.44470925444,13765454,RELIANCE.NS
2023-12-22,1267.242919921875,1275.07341611771,1258.6465136069178,1264.5504141598008,16541784,RELIANCE.NS
2023-12-26,1273.66552734375,1280.5326657287192,1266.0819312708138,1268.7003790735205,7465664,RELIANCE.NS
2023-12-27,1278.01318359375,1284.4603381656593,1271.2201029702012,1275.6170305456778,9204156,RELIANCE.NS
2023-12-28,1287.2518310546875,1290.4383794995902,1278.0132649417642,1279.470665481518,12302636,RELIANCE.NS
2023-12-29,1277.074462890625,1291.4264140714613,1274.2831724837226,1289.9937398232034,10864584,RELIANCE.NS
2024-01-01,1279.69287109375,1287.8940202608817,1271.2447008145452,1274.9006856426909,4030540,RELIANCE.NS
2024-01-02,1290.2900390625,1291.920402508132,1271.1706293129728,1277.099135940161,7448800,RELIANCE.NS
2024-01-03,1276.25927734375,1301.3071935056118,1273.2455715878027,1289.450180352941,9037536,RELIANCE.NS
2024-01-04,1282.854736328125,1289.3761903993159,1274.1843914947026,1278.581319191514,9612778,RELIANCE.NS
2024-01-05,1288.3138427734375,1294.3165279752034,1283.521657474919,1285.9424160498672,8086406,RELIANCE.NS
2024-01-08,1278.26025390625,1300.2944657165137,1269.1698042070248,1289.4502625359673,7734652,RELIANCE.NS
2024-01-09,1274.8759765625,1287.8693113555237,1273.245613077726,1284.5098000629723,5403074,RELIANCE.NS
2024-01-10,1309.261474609375,1313.6584025883456,1272.183577934786,1273.1469362430112,11102740,RELIANCE.NS
2024-01-11,1343.696044921875,1346.265040325212,1312.6701695941608,1313.6582540274271,23725852,RELIANCE.NS
2024-01-12,1354.39208984375,1356.961085397271,1329.7147038034357,1343.6961234746648,15012164,RELIANCE.NS
2024-01-15,1377.5130615234375,1379.810309335981,1349.7231898438201,1358.6159487812977,8610594,RELIANCE.NS
2024-01-16,1358.24560546875,1379.6623844587446,1354.1697570573224,1373.4126778584214,9069024,RELIANCE.NS
2024-01-17,1345.35107421875,1369.7568331827044,1338.8791932605309,1343.30084717423,12197382,RELIANCE.NS
2024-01-18,1351.6500244140625,1354.663730119792,1335.1490629645289,1335.2972997496222,10279438,RELIANCE.NS
2024-01-19,1351.156005859375,1359.6041759840746,1342.8067406703178,1359.6041759840746,10422704,RELIANCE.NS
2024-01-23,1312.7442626953125,1355.4048574857818,1306.791150318716,1355.4048574857818,20055420,RELIANCE.NS
2024-01-24,1327.8619384765625,1333.4199132911328,1308.1497027138623,1319.314984194113,21919128,RELIANCE.NS
2024-01-25,1336.952392578125,1347.895500834099,1319.2903820615336,1326.9480369708251,11808872,RELIANCE.NS
2024-01-29,1430.795654296875,1435.1925816017736,1343.9677382154596,1348.241154971167,23893438,RELIANCE.NS
2024-01-30,1390.8524169921875,1442.5786154279806,1387.6905949006082,1442.5538891928095,14093978,RELIANCE.NS
2024-01-31,1409.6259765625,1417.1601204834947,1385.788439238697,1387.2705659116798,15130226,RELIANCE.NS
2024-02-01,1409.650634765625,1426.1515960154993,1401.1531330404457,1417.9011153905622,13349362,RELIANCE.NS
2024-02-02,1440.3306884765625,1457.3258137867138,1416.0980132616144,1416.0980132616144,19652588,RELIANCE.NS
2024-02-05,1421.8782958984375,1452.978230847658,1414.4676622830975,1443.344407147716,8814432,RELIANCE.NS
2024-02-06,1410.7869873046875,1424.6695010773788,1402.9069175392074,1424.6695010773788,9047984,RELIANCE.NS
2024-02-07,1424.966064453125,1432.2284612961826,1412.2197504708995,1418.8152626559165,9296568,RELIANCE.NS
2024-02-08,1432.845947265625,1442.0845126481563,1410.515263064875,1432.7224367107362,14694634,RELIANCE.NS
2024-02-09,1443.344482421875,1454.4357071881138,1433.6612057465102,1436.6749118202338,12556798,RELIANCE.NS
2024-02-12,1435.0443115234375,1443.591265452315,1425.1634678173984,1443.344244359664,6674430,RELIANCE.NS
2024-02-13,1447.642578125,1461.376976810473,1436.6748642883217,1438.1569910396506,7715594,RELIANCE.NS
2024-02-14,1463.7236328125,1465.9715491065435,1440.1331160740654,1440.1331160740654,7117888,RELIANCE.NS
2024-02-15,1453.076904296875,1467.0335965408115,1449.0505085860837,1465.674980481667,10006782,RELIANCE.NS
2024-02-16,1443.17138671875,1459.4007219371786,1441.170612214809,1458.8819534815811,9767498,RELIANCE.NS
2024-02-19,1456.4364013671875,1461.8708655513933,1436.2053974591388,1444.6288410678121,6729828,RELIANCE.NS
2024-02-20,1453.496826171875,1457.9184795791293,1444.3817720340203,1457.4491636292228,7117496,RELIANCE.NS
2024-02-21,1450.2115478515625,1470.7884795851646,1440.1825868389801,1456.4365283424868,12720292,RELIANCE.NS
2024-02-22,1464.0941162109375,1467.2559381666686,1440.6271108051608,1450.6561919754163,18493728,RELIANCE.NS
2024-02-23,1475.82763671875,1479.7059164315408,1465.6750448712426,1471.7517883622584,14438584,RELIANCE.NS
2024-02-26,1469.6026611328125,1476.7169415654328,1464.8352018923576,1475.753583346703,7513106,RELIANCE.NS
2024-02-27,1467.94775390625,1482.0772898132236,1460.4383358684995,1465.3540321072526,10826044,RELIANCE.NS
2024-02-28,1438.2803955078125,1473.5056294891751,1432.8953836215212,1465.3292067243183,8647950,RELIANCE.NS
2024-02-29,1443.393798828125,1461.352161163495,1437.1935448412644,1447.5437052316252,23628976,RELIANCE.NS
2024-03-01,1474.345458984375,1482.1266237591103,1445.0734581651325,1446.061542580972,12132926,RELIANCE.NS
2024-03-04,1489.4384765625,1494.4282305064353,1469.503825173054,1472.7150995331629,10024420,RELIANCE.NS
2024-03-05,1482.32421875,1489.4384990399915,1468.3429205099196,1487.8328618357061,7107668,RELIANCE.NS
2024-03-06,1485.0909423828125,1491.0194491388315,1460.8828731290673,1475.654687549837,7805676,RELIANCE.NS
2024-03-07,1461.302734375,1485.1896018011073,1457.9679496051947,1485.0660912540775,8315726,RELIANCE.NS
2024-03-11,1449.12451171875,1471.257625711574,1446.0614742974403,1471.257625711574,11277130,RELIANCE.NS
2024-03-12,1457.844482421875,1470.269595576354,1447.568380480176,1449.1245651727334,9432678,RELIANCE.NS
2024-03-13,1415.10986328125,1465.4279903850718,1410.7622676768488,1462.142657909758,13522134,RELIANCE.NS
2024-03-14,1414.4180908203125,1431.2649780682007,1408.514310659922,1422.5450608782721,18571102,RELIANCE.NS
2024-03-15,1401.3260498046875,1416.1473166057365,1396.0645483366263,1408.9589780840722,19223818,RELIANCE.NS
2024-03-18,1422.32275390625,1424.5459437848976,1399.6462653903534,1403.0798345242215,9169392,RELIANCE.NS
2024-03-19,1408.267333984375,1420.4701525728194,1400.3626585436627,1411.7256294896865,8275764,RELIANCE.NS
2024-03-20,1426.5469970703125,1427.7821026954816,1407.0570544283007,1410.9352137218616,8488806,RELIANCE.NS
2024-03-21,1433.685791015625,1440.5283239841642,1427.460931435626,1435.2173701383908,13006936,RELIANCE.NS
2024-03-22,1437.6876220703125,1442.6033181580033,1430.1040255590262,1432.6977472783171,19527608,RELIANCE.NS
2024-03-26,1424.3978271484375,1435.0939139473653,1421.853557874578,1427.7820647176966,11415906,RELIANCE.NS
2024-03-27,1475.061767578125,1482.1265951381042,1429.7581221098912,1430.74620650665,16326644,RELIANCE.NS
2024-03-28,1468.1451416015625,1488.0056133770977,1461.0309823617722,1475.0864584455267,21854364,RELIANCE.NS
2024-04-01,1467.0831298828125,1476.1734586788064,1464.8352136106084,1474.691331987126,5013880,RELIANCE.NS
2024-04-02,1469.232177734375,1476.198221604726,1457.4246163768214,1466.317376747934,8910166,RELIANCE.NS
2024-04-03,1454.0650634765625,1466.7619246317818,1451.397283687729,1464.4152240453116,7008292,RELIANCE.NS
2024-04-04,1445.4935302734375,1462.1180033355356,1432.7224901750476,1462.1180033355356,14490272,RELIANCE.NS
2024-04-05,1442.7021484375,1453.2747249138113,1438.651026127194,1443.4679380450307,7442298,RELIANCE.NS
2024-04-08,1468.268798828125,1473.2092211870183,1443.5914132686094,1445.542855977216,8357118,RELIANCE.NS
2024-04-09,1446.2098388671875,1472.0482715276003,1445.0735176190665,1471.2577557160955,7071414,RELIANCE.NS
2024-04-10,1461.9449462890625,1469.281521297736,1448.877554057703,1448.877554057703,9138330,RELIANCE.NS
2024-04-12,1449.6680908203125,1468.7627741208264,1445.6415744118667,1458.2891033204971,15551012,RELIANCE.NS
2024-04-15,1447.3707275390625,1464.4646364315843,1429.0911655763507,1443.591352839028,12902062,RELIANCE.NS
2024-04-16,1448.2847900390625,1453.6451964542034,1433.6364862387566,1436.0325186728678,9366184,RELIANCE.NS
2024-04-18,1446.876708984375,1468.2934876101954,1441.9610129858208,1446.0615875622616,19005692,RELIANCE.NS
2024-04-19,1452.607666015625,1456.4364932961696,1425.8306012864564,1439.4167626045175,15741778,RELIANCE.NS
2024-04-22,1462.2166748046875,1465.1562017707047,1450.3103301575065,1454.9048261235944,10350362,RELIANCE.NS
2024-04-23,1441.936279296875,1475.7041133303053,1438.20635702296,1461.3768889290402,14605554,RELIANCE.NS
2024-04-24,1432.895263671875,1451.0513135165108,1432.2282584925008,1446.0614393265091,10462776,RELIANCE.NS
2024-04-25,1442.57861328125,1450.4832891142164,1424.3237766526493,1425.31186113177,15943926,RELIANCE.NS
2024-04-26,1435.2421875,1447.5437912682185,1432.7225237808307,1446.5062542977878,9413848,RELIANCE.NS
2024-04-29,1447.568359375,1450.4091019997668,1432.7223672737166,1432.7223672737166,7247974,RELIANCE.NS
2024-04-30,1449.5198974609375,1465.403306850403,1445.4440490785064,1450.5079819172845,11474262,RELIANCE.NS
2024-05-02,1449.0753173828125,1459.7218309784546,1446.6791643138517,1454.460329459568,14512646,RELIANCE.NS
2024-05-03,1416.9129638671875,1457.374969923783,1399.275682268563,1453.4720849711525,17226958,RELIANCE.NS
2024-05-06,1402.610595703125,1422.841600588335,1401.1037428015688,1418.3952205864964,7394208,RELIANCE.NS
2024-05-07,1384.775634765625,1403.8209867220144,1375.4135586957902,1399.1028593353728,14517472,RELIANCE.NS
2024-05-08,1401.6473388671875,1415.8756594095175,1380.8481115524094,1380.8481115524094,9439002,RELIANCE.NS
2024-05-09,1377.5130615234375,1406.7850596926346,1373.4372136770937,1396.1631531839807,11009612,RELIANCE.NS
2024-05-10,1390.6546630859375,1393.1989320382118,1371.535134440886,1380.1068144144485,10505096,RELIANCE.NS
2024-05-13,1385.9859619140625,1390.210046915121,1367.5088315833425,1383.2193979190515,8456620,RELIANCE.NS
2024-05-14,1403.154052734375,1410.0706442572628,1383.3430308132884,1384.281662845081,7188300,RELIANCE.NS
2024-05-15,1399.399169921875,1412.935877106148,1396.1878958233801,1403.5738021267655,5046534,RELIANCE.NS
2024-05-16,1408.3660888671875,1410.4904944706304,1381.3667306256436,1401.6471872524828,14711774,RELIANCE.NS
2024-05-17,1418.5927734375,1420.0749000882806,1396.4103261437938,1406.0936018418706,10916476,RELIANCE.NS
2024-05-21,1419.0128173828125,1424.6448506468714,1408.6132041549795,1408.6132041549795,11176128,RELIANCE.NS
2024-05-22,1443.2454833984375,1451.2736690394956,1419.1609264752628,1419.1609264752628,10281604,RELIANCE.NS
2024-05-23,1468.343017578125,1474.444366988288,1437.6629456463684,1441.1706938631594,14608260,RELIANCE.NS
2024-05-24,1462.6119384765625,1470.7636348065282,1458.5113640783345,1465.9467233388211,7094776,RELIANCE.NS
2024-05-27,1448.77880859375,1467.2066075031105,1444.134859977049,1462.587264504762,6629010,RELIANCE.NS
2024-05-28,1438.8485107421875,1460.8828419616084,1435.4396676765145,1450.5079553599196,7820162,RELIANCE.NS
2024-05-29,1423.607421875,1440.6271526936466,1421.310053120064,1429.264181324664,7383556,RELIANCE.NS
2024-05-30,1407.8720703125,1423.2368313836507,1403.178669288835,1418.3951935729253,13206858,RELIANCE.NS
2024-05-31,1413.3560791015625,1425.0648561889025,1405.3031663821573,1414.2453792660226,31069832,RELIANCE.NS
2024-06-03,1492.32861328125,1496.4539141466187,1441.6152266357983,1465.3292536675044,21527942,RELIANCE.NS
2024-06-04,1380.625732421875,1480.1999676014107,1343.1032493273078,1480.1999676014107,36709098,RELIANCE.NS
2024-06-05,1403.821044921875,1414.097147783154,1367.6077240917773,1405.0561505394378,17464890,RELIANCE.NS
2024-06-06,1414.541748046875,1426.497546390369,1404.41388190777,1417.9012594747105,17855722,RELIANCE.NS
2024-06-07,1452.4346923828125,1454.4603137562979,1409.5024711775536,1411.4786400821138,18558696,RELIANCE.NS
2024-06-10,1453.867431640625,1475.5558362929214,1450.5819785928986,1452.4346368701142,9251760,RELIANCE.NS
2024-06-11,1439.31787109375,1456.1153056542432,1437.3417023219272,1451.4959629037996,11774902,RELIANCE.NS
2024-06-12,1445.888671875,1458.4126908916728,1437.835879864395,1440.1331280315808,10081742,RELIANCE.NS
2024-06-13,1447.790771484375,1454.7073627830548,1442.7021123343332,1454.4603416652449,9181160,RELIANCE.NS
2024-06-14,1459.944091796875,1462.0437710581825,1439.8612048457326,1452.4840066456875,8157998,RELIANCE.NS
2024-06-18,1463.377685546875,1469.676723437239,1453.8179209728387,1469.6272709721836,7196766,RELIANCE.NS
2024-06-19,1441.2694091796875,1469.7756214798555,1438.650961260282,1469.7756214798555,8725874,RELIANCE.NS
2024-06-20,1456.139892578125,1465.1808887163045,1432.8211254931246,1441.6151005379975,16113776,RELIANCE.NS
2024-06-21,1436.872314453125,1457.1280450509373,1423.4096642387256,1456.0659025463858,31170360,RELIANCE.NS
2024-06-24,1424.2989501953125,1432.2283517054532,1420.3713387903338,1428.3007403004744,8878386,RELIANCE.NS
2024-06-25,1436.822998046875,1438.576872033328,1423.8296636688654,1425.8058325289194,7045386,RELIANCE.NS
2024-06-26,1495.9844970703125,1500.875466568816,1427.905458276952,1428.8194845866847,22014882,RELIANCE.NS
2024-06-27,1512.3126220703125,1519.1797603831344,1488.0551018777237,1495.7127559544517,28383030,RELIANCE.NS
2024-06-28,1546.747314453125,1562.161406676686,1512.781913849386,1512.781913849386,28957336,RELIANCE.NS
2024-07-01,1541.5599365234375,1560.5805616644209,1537.138282854078,1543.9066370278445,7724306,RELIANCE.NS
2024-07-02,1546.525146484375,1554.7509013864856,1538.4475077589818,1550.7985635373939,7749246,RELIANCE.NS
2024-07-03,1533.927001953125,1556.2329594590622,1524.391963189475,1547.661278880494,9049620,RELIANCE.NS
2024-07-04,1535.5079345703125,1548.822348177101,1532.321386398175,1538.447461634288,6837176,RELIANCE.NS
2024-07-05,1569.6956787109375,1579.4530127748421,1529.5547474353805,1535.3102911811948,12269710,RELIANCE.NS
2024-07-08,1581.824462890625,1589.6303543798022,1563.6684106310508,1570.0662334946016,9500806,RELIANCE.NS
2024-07-09,1571.325927734375,1581.4290665009253,1561.6673786971023,1578.563597646217,6960002,RELIANCE.NS
2024-07-10,1565.3480224609375,1578.4648673124634,1544.5241914718106,1575.9946562525065,7134578,RELIANCE.NS
2024-07-11,1561.815673828125,1585.1344421846698,1551.786592769845,1568.5840280306456,11940946,RELIANCE.NS
2024-07-12,1577.6990966796875,1586.023756297877,1555.7389442164904,1565.619788574804,12924784,RELIANCE.NS
2024-07-15,1578.193115234375,1586.7153433656392,1566.6078495211154,1585.332001053062,5329688,RELIANCE.NS
2024-07-16,1557.4681396484375,1580.9351457176842,1550.4280378276635,1574.5125966882063,9386838,RELIANCE.NS
2024-07-18,1567.7689208984375,1574.9078068261192,1539.2625884242743,1557.2210712967385,12298374,RELIANCE.NS
2024-07-19,1536.61962890625,1571.029623251694,1534.2976544625544,1567.1020115011324,13140390,RELIANCE.NS
2024-07-22,1482.7935791015625,1519.179738244426,1481.4102368427714,1518.9327171487766,19674376,RELIANCE.NS
2024-07-23,1470.1708984375,1487.808182000688,1445.5675711552426,1483.1147807956386,18052044,RELIANCE.NS
2024-07-24,1477.8779296875,1491.5135439533938,1458.8079713194404,1467.3054738461674,11913362,RELIANCE.NS
2024-07-25,1474.6171875,1482.595920809754,1459.474721651074,1463.3530011800513,12519876,RELIANCE.NS
2024-07-26,1491.044189453125,1494.4037007697482,1472.59166375446,1474.6172851615388,9859940,RELIANCE.NS
2024-07-29,1501.9871826171875,1509.2990318372968,1493.7614276294273,1493.9342700426573,7538550,RELIANCE.NS
2024-07-30,1495.1199951171875,1506.8287716127938,1492.0075050067665,1498.9488223237445,8228208,RELIANCE.NS
2024-07-31,1487.4869384765625,1492.4519658681731,1483.2628537354879,1486.0788700242824,10057346,RELIANCE.NS
2024-08-01,1497.244384765625,1499.9121644798522,1486.37545603751,1493.9836579008804,10764222,RELIANCE.NS
2024-08-02,1481.459716796875,1491.3405616106625,1475.4818780540024,1487.067144475012,10268248,RELIANCE.NS
2024-08-05,1430.079345703125,1466.2186085334113,1416.1721046606897,1462.3650548737628,17046704,RELIANCE.NS
2024-08-06,1438.700439453125,1459.8948030686215,1434.0316438440889,1437.8111393077952,10236186,RELIANCE.NS
2024-08-07,1447.3707275390625,1454.954323788822,1444.0853950542364,1451.4960282823629,8174568,RELIANCE.NS
2024-08-08,1431.8577880859375,1447.5436277380477,1428.6959662921352,1440.1577210643813,12387192,RELIANCE.NS
2024-08-09,1456.7330322265625,1458.9067698886504,1438.6510375603623,1442.6033755756382,6249776,RELIANCE.NS
2024-08-12,1443.2208251953125,1455.4483700557605,1440.3800824499558,1452.4841167562581,8184584,RELIANCE.NS
2024-08-13,1446.18505859375,1452.5581548536697,1440.6270837336665,1443.344315887485,6265064,RELIANCE.NS
2024-08-14,1444.43115234375,1454.460233101401,1436.3782403810737,1446.1109681889411,6267466,RELIANCE.NS
2024-08-16,1460.5863037109375,1462.760161748311,1440.676499654279,1451.1501701128775,9416902,RELIANCE.NS
2024-08-19,1475.65625,1485.47150978375,1467.8238660907393,1469.8067419652286,13797742,RELIANCE.NS
2024-08-20,1483.1416015625,1491.0484162933285,1477.2674041310693,1484.4057091952604,8411808,RELIANCE.NS
2024-08-21,1485.8433837890625,1494.964564922092,1477.2426107826689,1480.464784262564,7769996,RELIANCE.NS
2024-08-22,1485.2979736328125,1493.6012664349316,1477.8869991875908,1490.1312336221058,10445782,RELIANCE.NS
2024-08-23,1487.1322021484375,1498.3849993365056,1485.5955458508122,1490.8749048344312,9249654,RELIANCE.NS
2024-08-26,1499.6490478515625,1509.9600269352031,1490.131267553257,1494.0722092753902,8816114,RELIANCE.NS
2024-08-27,1487.6031494140625,1500.516654009415,1486.6117113802566,1497.5671500638725,6251156,RELIANCE.NS
2024-08-28,1485.4715576171875,1494.567928369235,1480.2168879705305,1492.1141436005682,9610286,RELIANCE.NS
2024-08-29,1507.90283203125,1523.8401488737275,1481.2083164719252,1490.2303777286736,38335358,RELIANCE.NS
2024-08-30,1496.6995849609375,1526.5418444404818,1490.4534771750382,1520.865886117465,41620730,RELIANCE.NS
2024-09-02,1503.267822265625,1513.7275412609433,1493.7252318027681,1497.9388431759776,11240852,RELIANCE.NS
2024-09-03,1496.203857421875,1509.9600595401412,1494.5927706873033,1508.2250430567562,10923800,RELIANCE.NS
2024-09-04,1501.5823974609375,1504.50709100704,1486.6612078847159,1487.850885016148,11983304,RELIANCE.NS
2024-09-05,1480.192138671875,1512.7113538076746,1474.3179410781217,1506.0439573959175,16264168,RELIANCE.NS
2024-09-06,1452.2830810546875,1484.182646260627,1449.110527949692,1479.721175380084,19394228,RELIANCE.NS
2024-09-09,1449.9283447265625,1457.339440034618,1443.1370191466497,1453.943716732093,9010298,RELIANCE.NS
2024-09-10,1449.0113525390625,1459.4462610127246,1445.0951000796938,1447.9951044503912,10768260,RELIANCE.NS
2024-09-11,1439.0721435546875,1456.1744477064742,1435.1560121734635,1450.5232999620255,9760202,RELIANCE.NS
2024-09-12,1467.1298828125,1473.2767495080643,1433.4953029575859,1444.5250498204912,22349376,RELIANCE.NS
2024-09-13,1460.016357421875,1470.451266381587,1456.918113729867,1463.7590600068495,8711328,RELIANCE.NS
2024-09-16,1458.752197265625,1468.2204780575375,1452.2087310287416,1464.8991851443227,5481774,RELIANCE.NS
2024-09-17,1459.6942138671875,1464.8248328952707,1454.0677548146177,1461.3796100548857,5935328,RELIANCE.NS
2024-09-18,1450.919921875,1469.3111455549956,1448.0448484372855,1457.413889315684,8574714,RELIANCE.NS
2024-09-19,1457.0916748046875,1463.8581906691413,1443.0876132109174,1453.6959512825117,16955902,RELIANCE.NS
2024-09-20,1473.2025146484375,1482.1997658201985,1458.7770437683578,1461.3795684407844,30897320,RELIANCE.NS
2024-09-23,1480.5887451171875,1488.6441789861601,1476.2015834923338,1478.2340798324108,8832314,RELIANCE.NS
2024-09-24,1476.6229248046875,1487.6526722077606,1475.1357678514642,1475.7554165819738,17137444,RELIANCE.NS
2024-09-25,1481.15869140625,1483.6869066134093,1467.5264194610884,1471.1948125268714,7069002,RELIANCE.NS
2024-09-26,1485.12451171875,1491.122760061236,1475.309372285805,1477.8870868947113,18818998,RELIANCE.NS
2024-09-27,1513.10791015625,1520.345334807694,1479.2254687210307,1486.1655345930462,20597478,RELIANCE.NS
2024-09-30,1463.9324951171875,1511.9181178232873,1461.7761901136828,1506.3908994638518,27008814,RELIANCE.NS
2024-10-01,1452.2830810546875,1475.2100841908111,1450.3002051077794,1467.9726595996829,16431642,RELIANCE.NS
2024-10-03,1394.928466796875,1436.9902726871705,1390.070396353704,1424.2750076222521,37757294,RELIANCE.NS
2024-10-04,1374.653564453125,1405.2145916660443,1369.9442340651563,1391.9046094477658,37072876,RELIANCE.NS
2024-10-07,1358.9888916015625,1384.5432314460647,1349.7189700751067,1381.5689173076198,22181340,RELIANCE.NS
2024-10-08,1385.3858642578125,1389.004637160655,1353.4119887771337,1361.2195630224157,17020808,RELIANCE.NS
2024-10-09,1362.8306884765625,1388.979866453412,1360.7486928237201,1385.5594536683957,14310610,RELIANCE.NS
2024-10-10,1359.31103515625,1374.132983939481,1357.699948504806,1368.209166456891,22358646,RELIANCE.NS
2024-10-11,1360.35205078125,1371.4314188021033,1357.1050671377104,1358.2700551936466,7980122,RELIANCE.NS
2024-10-14,1360.7734375,1368.2587216327886,1356.5350159311083,1367.6390728953818,12221432,RELIANCE.NS
2024-10-15,1332.5174560546875,1359.9554295521655,1329.2208521541709,1346.8933067731043,33762794,RELIANCE.NS
2024-10-16,1342.4813232421875,1352.3213935222657,1326.1722170162907,1328.5268821992931,20034438,RELIANCE.NS
2024-10-17,1344.811279296875,1356.7332239102464,1340.4737382347967,1354.0067695283685,15543660,RELIANCE.NS
2024-10-18,1347.66162109375,1356.70849216764,1329.840427555484,1340.5976258716714,12082452,RELIANCE.NS
2024-10-21,1357.476806640625,1362.2357572594483,1346.1000802528206,1355.4196212833501,14067408,RELIANCE.NS
2024-10-22,1331.8482666015625,1364.2187428070656,1328.7500227270916,1357.4769157261562,15831960,RELIANCE.NS
2024-10-23,1327.0645751953125,1345.8522769141389,1323.56973203491,1326.0483270387208,17214742,RELIANCE.NS
2024-10-24,1328.3287353515625,1332.1952468902052,1311.7964576126847,1323.8424540123256,22155934,RELIANCE.NS
2024-10-25,1316.4808349609375,1332.8395608533488,1310.6809472586556,1331.996862815434,18597496,RELIANCE.NS
2024-10-28,1322.9251708984375,1341.4155124030337,1310.7800563182918,1325.552505604476,10824350,RELIANCE.NS
2024-10-29,1328.52685546875,1331.6994085045892,1308.995576227512,1316.728719636798,12008361,RELIANCE.NS
2024-10-30,1332.3935546875,1338.4413022928309,1314.0023313459362,1323.569732267355,11984423,RELIANCE.NS
2024-10-31,1320.64501953125,1331.5012170832633,1314.7955112005386,1328.5269031210519,9331650,RELIANCE.NS
2024-11-01,1327.1884765625,1330.4601492824747,1321.5868277686543,1321.6364480777281,2127335,RELIANCE.NS
2024-11-04,1291.0009765625,1328.52687951389,1274.0969107675833,1326.3952636738204,19796890,RELIANCE.NS
2024-11-05,1294.1240234375,1298.337634786513,1275.1379622128013,1281.9292880644173,16267479,RELIANCE.NS
2024-11-06,1314.002197265625,1316.9270116872763,1289.0675098622075,1298.783649697479,21625209,RELIANCE.NS
2024-11-07,1294.470947265625,1312.6638089321268,1291.447013193,1312.6638089321268,9611974,RELIANCE.NS
2024-11-08,1272.758544921875,1290.5053095001092,1264.083462337208,1286.5395574614042,19814406,RELIANCE.NS
2024-11-11,1261.802978515625,1274.9891511168566,1256.151830843746,1267.9994654475693,9056552,RELIANCE.NS
2024-11-12,1263.33984375,1278.2610337323058,1256.6476373969983,1264.6287615317467,10671091,RELIANCE.NS
2024-11-13,1241.3299560546875,1264.5295076822267,1238.8017408266169,1259.374078659472,14633633,RELIANCE.NS
2024-11-14,1256.746826171875,1261.7040163358736,1240.38809863068,1242.866693712679,12612633,RELIANCE.NS
2024-11-18,1249.9554443359375,1262.0014401044657,1233.24973843027,1256.7467703539512,13620611,RELIANCE.NS
2024-11-19,1231.0189208984375,1270.5276979121372,1224.5745744010292,1249.9553610165642,14183746,RELIANCE.NS
2024-11-21,1212.528564453125,1233.299140266532,1206.8277964681656,1231.0189056876295,19433843,RELIANCE.NS
2024-11-22,1254.565673828125,1257.9860865301255,1211.9833389629089,1218.8739057022901,20471957,RELIANCE.NS
2024-11-25,1275.9805908203125,1293.2811339485756,1271.4694999174592,1278.9549045518283,28923341,RELIANCE.NS
2024-11-26,1284.6060791015625,1286.7376948587628,1273.2045428922675,1283.8625006531302,9247557,RELIANCE.NS
2024-11-27,1282.1275634765625,1292.6864023015983,1274.9892583407009,1282.4250432843673,9572746,RELIANCE.NS
2024-11-28,1259.91943359375,1285.4984608667178,1258.184417128475,1278.905374093644,15027412,RELIANCE.NS
2024-11-29,1281.1361083984375,1288.3736540571424,1264.3312830599236,1269.0406134614407,13202307,RELIANCE.NS
2024-12-02,1297.9410400390625,1300.1221551586505,1266.115905470633,1276.9721028104004,11024152,RELIANCE.NS
2024-12-03,1311.969970703125,1315.4400037478053,1295.8094826849822,1305.7238628126408,16869482,RELIANCE.NS
2024-12-04,1297.74267578125,1317.0262168141671,1292.884726573221,1314.6467414933138,19608540,RELIANCE.NS
2024-12-05,1310.7305908203125,1318.5628538088617,1294.966703202915,1303.0964459866593,16858723,RELIANCE.NS
2024-12-06,1300.320556640625,1312.564791729292,1298.7837793313574,1312.564791729292,9037514,RELIANCE.NS
2024-12-09,1284.0609130859375,1303.7409326166044,1282.0284168341586,1291.8436769577456,14650002,RELIANCE.NS
2024-12-10,1273.8489990234375,1283.812998621138,1269.238788448007,1278.2113501165884,16043729,RELIANCE.NS
2024-12-11,1267.2559814453125,1278.9549980546296,1265.1244866020038,1273.9978081396894,11724373,RELIANCE.NS
2024-12-12,1252.0870361328125,1267.25596445406,1249.8066803924569,1259.1262215126183,20906813,RELIANCE.NS
2024-12-13,1261.9517822265625,1264.281637225772,1228.9864700814942,1249.211828655226,28630222,RELIANCE.NS
2024-12-16,1257.4407958984375,1270.032009408355,1255.7057794921418,1264.0833817296273,9486781,RELIANCE.NS
2024-12-17,1234.6378173828125,1253.0785403896136,1232.1592223274588,1250.2529662315405,17462791,RELIANCE.NS
2024-12-18,1242.5196533203125,1249.162239402372,1230.027558928225,1230.027558928225,12670179,RELIANCE.NS
2024-12-19,1219.914794921875,1234.2411461229626,1218.4772582835096,1228.3916379278016,14244653,RELIANCE.NS
2024-12-20,1194.9803466796875,1228.8874800507767,1191.2128336272758,1213.5201900622435,20312896,RELIANCE.NS
2024-12-23,1211.834716796875,1216.6926661807136,1202.8125341694108,1204.5971709809228,10052824,RELIANCE.NS
2024-12-24,1212.2808837890625,1222.988463211123,1210.545867189896,1211.8347850736238,6734917,RELIANCE.NS
2024-12-26,1206.1339111328125,1217.1883476811242,1203.8535553911518,1213.767935093776,10016178,RELIANCE.NS
2024-12-27,1210.595458984375,1217.3867853075249,1206.5800865394056,1207.86900439277,7000397,RELIANCE.NS
2024-12-30,1200.3338623046875,1212.7268365212021,1197.7561478726802,1205.9851311625014,8818766,RELIANCE.NS
2024-12-31,1205.043212890625,1208.6619856280877,1195.8229125326573,1197.6570485426987,6405475,RELIANCE.NS
2025-01-01,1210.7935791015625,1215.800389087432,1201.2261788160188,1204.4483521073844,5892590,RELIANCE.NS
2025-01-02,1231.167724609375,1233.7949384205442,1209.554328364606,1210.7936258321927,15486276,RELIANCE.NS
2025-01-03,1240.4376220703125,1251.2443199889096,1224.9215938636924,1233.2496968938563,15521102,RELIANCE.NS
2025-01-06,1207.571533203125,1251.1948069805778,1204.597219081935,1243.2136823453243,14816766,RELIANCE.NS
2025-01-07,1230.2257080078125,1233.8444805890147,1210.7935491517349,1211.5371275851955,10070505,RELIANCE.NS
2025-01-08,1254.664794921875,1260.167324257905,1234.6872949225542,1238.3060678446636,19346579,RELIANCE.NS
2025-01-09,1244.0068359375,1258.878406002503,1237.3642497185242,1256.1519514905858,12794704,RELIANCE.NS
2025-01-10,1231.266845703125,1245.9896754309787,1225.4173374439545,1243.114481097643,8120332,RELIANCE.NS
2025-01-13,1229.234375,1234.5881643828388,1215.899582365329,1219.4687349455062,13764861,RELIANCE.NS
2025-01-14,1228.143798828125,1242.6187691440975,1216.742262047884,1233.4479678208604,13095266,RELIANCE.NS
2025-01-15,1241.478515625,1246.2374660533972,1231.2171573529768,1234.2905907014622,9578856,RELIANCE.NS
2025-01-16,1255.6065673828125,1264.0834104275011,1240.586378973141,1248.1212833322295,14117603,RELIANCE.NS
2025-01-17,1291.19921875,1314.6467509950228,1273.997794139219,1310.9288585996749,29366277,RELIANCE.NS
2025-01-20,1294.272705078125,1304.7324245206253,1289.1172758229052,1304.7324245206253,14040244,RELIANCE.NS
2025-01-21,1262.7945556640625,1301.7581181984158,1259.324522599558,1299.2795231523412,14562976,RELIANCE.NS
2025-01-22,1266.16552734375,1271.9159165250771,1257.8374234010246,1267.355325635656,10273590,RELIANCE.NS
2025-01-23,1252.8306884765625,1266.4133410521551,1250.7981921087953,1259.1262957502838,8720682,RELIANCE.NS
2025-01-24,1235.6292724609375,1262.1006196074513,1232.8531975505623,1255.1605533566642,14235970,RELIANCE.NS
2025-01-27,1218.82421875,1229.8291557820492,1209.5542981292017,1228.4907387555406,9536019,RELIANCE.NS
2025-01-28,1223.8310546875,1234.0924134746083,1208.0671667554209,1227.4002071753887,10568025,RELIANCE.NS
2025-01-29,1224.921630859375,1232.1095562529247,1217.53546627882,1225.4173498520336,5928156,RELIANCE.NS
2025-01-30,1242.3214111328125,1246.237542749693,1221.8481926097397,1224.971246456504,9269259,RELIANCE.NS
2025-01-31,1254.2681884765625,1256.1519448799122,1238.306060895825,1245.09738698474,6584612,RELIANCE.NS
2025-02-01,1253.7724609375,1259.6715896071485,1230.374548522757,1254.2681799336815,7118453,RELIANCE.NS
2025-02-03,1235.232666015625,1245.2461659154887,1226.9541826685895,1240.2889757645512,9252345,RELIANCE.NS
2025-02-04,1274.196044921875,1277.7653184740125,1235.9265630557768,1237.3642207434832,16691069,RELIANCE.NS
2025-02-05,1267.2559814453125,1279.4507170461238,1265.7688244708304,1271.6679530846961,10112028,RELIANCE.NS
2025-02-06,1270.577392578125,1276.9721191435924,1259.4732145791813,1262.7945076095025,9956001,RELIANCE.NS
2025-02-07,1255.8544921875,1272.7089385364054,1251.1947819010975,1265.2236540965398,8764283,RELIANCE.NS
2025-02-10,1242.916259765625,1255.6562137259161,1234.8856362555493,1253.673337746878,6970972,RELIANCE.NS
2025-02-11,1224.2772216796875,1253.7230036544372,1219.567891058193,1253.7230036544372,8859714,RELIANCE.NS
2025-02-12,1206.1339111328125,1216.3952699200001,1183.1324776076385,1209.0089844264594,21131654,RELIANCE.NS
2025-02-13,1205.6876220703125,1217.4857574427408,1201.622750831109,1206.6295607029597,8511216,RELIANCE.NS
2025-02-14,1206.827880859375,1213.5200872227356,1195.1288642881832,1208.56289732395,10298145,RELIANCE.NS
2025-02-17,1214.4124755859375,1216.9901902768092,1194.1871154284454,1200.7305822668588,8166683,RELIANCE.NS
2025-02-18,1214.908203125,1219.3696743222742,1205.6877809072391,1214.362863790828,6673250,RELIANCE.NS
2025-02-19,1216.9404296875,1222.1950990873443,1207.125291073852,1209.0585466128707,6217338,RELIANCE.NS
2025-02-20,1222.4429931640625,1228.738599945727,1211.5371757067999,1213.4704313005311,7795582,RELIANCE.NS
2025-02-21,1217.634521484375,1229.3830367840985,1211.6858938870325,1218.1797397323817,6904025,RELIANCE.NS
2025-02-24,1204.151123046875,1212.7765856074127,1200.1357505642943,1206.13399913207,7172498,RELIANCE.NS
2025-02-25,1193.69140625,1210.5458530159883,1191.2128111373545,1200.631472565407,11552182,RELIANCE.NS
2025-02-27,1196.7647705078125,1204.597154814102,1190.370043898487,1202.416039651657,11509215,RELIANCE.NS
2025-02-28,1189.82470703125,1206.9270123506615,1183.0830013175257,1191.7084634163882,23007298,RELIANCE.NS
2025-03-03,1161.2216796875,1196.1202465389174,1146.1022512006402,1193.6912720117396,17944938,RELIANCE.NS
2025-03-04,1151.9517822265625,1163.948157257321,1149.6219272411693,1152.2491409974891,11377373,RELIANCE.NS
2025-03-05,1165.534423828125,1172.8710888254677,1147.093702257875,1151.0594540375048,8664095,RELIANCE.NS
2025-03-06,1199.2432861328125,1203.5560168880775,1175.0026773522586,1186.7511925218207,14468014,RELIANCE.NS
2025-03-07,1239.0992431640625,1244.0564330934674,1201.622838887705,1205.5885908312287,16474965,RELIANCE.NS
2025-03-10,1227.796875,1247.2290360950196,1224.8225609234617,1234.340341763354,11931051,RELIANCE.NS
2025-03-11,1236.62060546875,1238.801720552263,1219.2208210077197,1229.3830600118497,10089838,RELIANCE.NS
2025-03-12,1246.2872314453125,1252.186239348891,1233.3489166666827,1247.2290491693625,11977555,RELIANCE.NS
2025-03-13,1237.2154541015625,1253.326320946517,1233.2000819547634,1249.2614495168184,9505270,RELIANCE.NS
2025-03-17,1228.242919921875,1246.6341428999226,1222.5421515247892,1231.514713672869,16640917,RELIANCE.NS
2025-03-18,1228.242919921875,1228.242919921875,1228.242919921875,1228.242919921875,0,RELIANCE.NS
2025-03-19,1236.471923828125,1242.5196714129374,1228.1934407470596,1230.4241762433128,16162399,RELIANCE.NS
2025-03-20,1258.283447265625,1262.1004590128364,1239.3470073959113,1241.1315230182402,15971477,RELIANCE.NS
2025-03-21,1265.421875,1270.0320859338292,1259.225387461291,1264.0834578966683,21780769,RELIANCE.NS
2025-03-24,1290.951416015625,1294.8180484818179,1273.2542716407156,1279.946478246575,20299319,RELIANCE.NS
2025-03-25,1274.4439697265625,1296.50346593687,1271.6183955406093,1296.50346593687,13713899,RELIANCE.NS
2025-03-26,1262.150146484375,1282.7224842048433,1257.8869148358597,1279.9464094999762,12074747,RELIANCE.NS
2025-03-27,1267.2559814453125,1273.9978081396894,1260.4151561828103,1267.2064821612498,15028056,RELIANCE.NS
2025-03-28,1264.1824951171875,1284.6557128160619,1258.1347478785124,1269.0405652360093,18147129,RELIANCE.NS
2025-04-01,1241.8751220703125,1266.9585500115554,1238.603449529153,1253.7723771839194,12099648,RELIANCE.NS
2025-04-02,1240.4376220703125,1244.7999732789833,1233.2496968938563,1236.868469635997,10142590,RELIANCE.NS
2025-04-03,1238.008544921875,1241.0820994494682,1222.4926375090713,1222.4926375090713,7434366,RELIANCE.NS
2025-04-04,1194.38525390625,1234.7863505024063,1182.9342181609516,1230.473619610667,17908652,RELIANCE.NS
2025-04-07,1155.71923828125,1161.2217676393545,1105.3046397460778,1122.506064991245,22156106,RELIANCE.NS
2025-04-08,1172.0780029296875,1186.3547349162204,1153.3399207865864,1161.9653833278503,19555040,RELIANCE.NS
2025-04-09,1175.2010498046875,1179.613021672609,1157.9996241138485,1159.4867811653644,10223104,RELIANCE.NS
2025-04-11,1208.5133056640625,1212.1816988912137,1184.917153801556,1184.917153801556,11224242,RELIANCE.NS
2025-04-15,1229.4822998046875,1240.288998738938,1226.5079856590305,1240.288998738938,13378535,RELIANCE.NS
2025-04-16,1228.689208984375,1230.2754856402491,1218.477348782242,1223.5336585713449,8248464,RELIANCE.NS
2025-04-17,1263.5877685546875,1269.238916912585,1217.0893007676923,1229.5813957339365,15398401,RELIANCE.NS
2025-04-21,1284.407958984375,1289.761748514388,1256.151975324742,1259.126289394177,10429964,RELIANCE.NS
2025-04-22,1280.1446533203125,1292.7359881039044,1275.286704106908,1288.8693558313819,13051707,RELIANCE.NS
2025-04-23,1288.869384765625,1294.8180126953125,1274.3944143417477,1285.8950708007812,10480888,RELIANCE.NS
2025-04-24,1290.4556884765625,1293.3308829080645,1279.2525115884996,1281.3345072026398,10468940,RELIANCE.NS
2025-04-25,1289.2659912109375,1313.85358083958,1277.071255478384,1292.3394247863746,14431012,RELIANCE.NS
2025-04-28,1357.080322265625,1362.830589793996,1308.8963407951755,1328.5268607294433,31104496,RELIANCE.NS
2025-04-29,1387.7156982421875,1398.8198762816546,1358.2700385179512,1359.2614765022709,32538970,RELIANCE.NS
2025-04-30,1392.9703369140625,1400.3070020394923,1357.2785702742715,1389.9960230274132,25480745,RELIANCE.NS
2025-05-02,1407.6436767578125,1414.4845019236116,1397.0352178747166,1401.8932881277126,13007841,RELIANCE.NS
2025-05-05,1419.0452880859375,1427.1750314493302,1414.6829365878357,1418.747808269532,12685649,RELIANCE.NS
2025-05-06,1408.7342529296875,1419.7391903256466,1398.5223933042987,1418.7477523435755,14084117,RELIANCE.NS
2025-05-07,1393.9617919921875,1412.2042749259901,1390.6899982666434,1408.7342420156256,13440169,RELIANCE.NS
2025-05-08,1394.9532470703125,1408.6351396947061,1386.030305191398,1392.0780527042998,16106175,RELIANCE.NS
2025-05-09,1365.408447265625,1382.8578539346386,1362.731612914777,1373.6374315703338,13668904,RELIANCE.NS
2025-05-12,1424.20068359375,1426.679278587822,1388.0131966802994,1388.0131966802994,10674081,RELIANCE.NS
2025-05-13,1403.5787353515625,1435.3047515134413,1400.307062549957,1421.2263802516663,11407896,RELIANCE.NS
2025-05-14,1412.2042236328125,1417.6571322938998,1403.380401776207,1407.8418724989147,5570160,RELIANCE.NS
2025-05-15,1441.7491455078125,1448.8875719918406,1400.6044669576877,1412.7992032271827,20177211,RELIANCE.NS
2025-05-16,1443.9302978515625,1448.4908883531898,1434.9082364412498,1440.757623701411,9036695,RELIANCE.NS
2025-05-19,1428.4638671875,1442.1456384779733,1425.886031660542,1439.667043567546,6195791,RELIANCE.NS
2025-05-20,1412.402587890625,1432.6279478297215,1409.6266340324114,1425.8861208416395,11270560,RELIANCE.NS
2025-05-21,1416.963134765625,1423.9032007341596,1405.9581972205492,1411.7085860045363,6136364,RELIANCE.NS
2025-05-22,1397.332763671875,1411.6094953044076,1384.9397884743898,1409.031659643212,12134466,RELIANCE.NS
2025-05-23,1414.5838623046875,1421.5239286750705,1394.5567410207764,1394.5567410207764,6474883,RELIANCE.NS
2025-05-26,1422.5152587890625,1428.6621258406371,1412.898237790455,1419.7391840414937,4842944,RELIANCE.NS
2025-05-27,1409.9239501953125,1424.696400543767,1401.794207036506,1413.8897021801247,12640414,RELIANCE.NS
2025-05-28,1400.802734375,1410.4196342901241,1398.6214982222443,1407.9410393609537,5944611,RELIANCE.NS
2025-05-29,1405.660888671875,1407.842003929875,1396.5395861721686,1400.0096192804465,13771917,RELIANCE.NS
2025-05-30,1408.7342529296875,1418.3511529457182,1397.6300749154059,1405.8590585766528,13788484,RELIANCE.NS
2025-06-02,1401.5958251953125,1405.3633379328091,1383.650821945961,1400.0095486308933,8098668,RELIANCE.NS
2025-06-03,1393.4661865234375,1414.2863856817387,1391.384190812638,1410.1223942601396,11252626,RELIANCE.NS
2025-06-04,1411.31201171875,1413.4931269376204,1394.0609660849138,1402.5873087929724,8126827,RELIANCE.NS
2025-06-05,1430.0501708984375,1442.244785474372,1411.4110884077945,1415.7734397380668,13716817,RELIANCE.NS
2025-06-06,1431.1407470703125,1439.0722510374496,1424.6964000970136,1428.6621520805822,8182161,RELIANCE.NS
2025-06-09,1436.3953857421875,1445.0208477095387,1432.9253528317358,1444.5251287223314,7885125,RELIANCE.NS
2025-06-10,1426.1834716796875,1441.4516401070769,1423.704876838395,1437.5850079496329,7913181,RELIANCE.NS
2025-06-11,1436.4945068359375,1456.0257865422643,1430.7441181682645,1433.4210733170682,8195700,RELIANCE.NS
2025-06-12,1429.257080078125,1444.5252503749707,1422.1187744712338,1441.0552171722854,8828114,RELIANCE.NS
2025-06-13,1415.67431640625,1423.2092208521976,1402.1907840779525,1411.8076840776937,9757276,RELIANCE.NS
2025-06-16,1425.4896240234375,1430.0502146798779,1412.204330439343,1414.6829254727506,8458093,RELIANCE.NS
2025-06-17,1418.946044921875,1435.6022520574631,1413.59237643736,1435.6022520574631,10366599,RELIANCE.NS
2025-06-18,1417.85546875,1430.4468040463896,1413.4931173168031,1417.7563491543892,6681735,RELIANCE.NS
2025-06-19,1421.0281982421875,1427.5716651338516,1413.4931722804179,1417.8555238832446,10007230,RELIANCE.NS
2025-06-20,1453.6463623046875,1458.4053131642288,1415.8725983169522,1418.7477927518771,29010635,RELIANCE.NS
2025-06-23,1444.326904296875,1451.266970188698,1429.6535737155343,1440.5593915455418,5989078,RELIANCE.NS
2025-06-24,1438.3782958984375,1462.3710470398119,1430.744150698803,1452.4566670598808,16402744,RELIANCE.NS
2025-06-25,1454.737060546875,1459.7933702625824,1447.9952335758323,1451.4652666586912,7525851,RELIANCE.NS
2025-06-26,1482.497314453125,1485.9673475108061,1452.5558137403293,1456.5215658062507,14657893,RELIANCE.NS
2025-06-27,1502.4251708984375,1508.9686374999123,1484.083567880206,1486.5621628826696,11117052,RELIANCE.NS
2025-06-30,1487.7518310546875,1511.7447031481738,1483.191240482831,1500.838885203447,8409527,RELIANCE.NS
2025-07-01,1515.3138427734375,1518.2881567329412,1487.256099345396,1487.7518183386467,10368523,RELIANCE.NS
2025-07-02,1505.7960205078125,1516.900077238324,1495.7824003020085,1515.3138007089854,6361002,RELIANCE.NS
2025-07-03,1504.8046875,1518.7839394915495,1500.0457365549344,1507.7790015843786,11283291,RELIANCE.NS
2025-07-04,1514.223388671875,1516.900223008299,1504.2097675037892,1510.9515946827762,6603501,RELIANCE.NS
2025-07-07,1528.3016357421875,1531.5734294639212,1511.9429091838053,1513.5291857359532,7251074,RELIANCE.NS
2025-07-08,1524.4349365234375,1531.672481820406,1517.0982716385254,1522.8486600409224,7171261,RELIANCE.NS
2025-07-09,1505.9942626953125,1537.7202774459709,1497.1704406377573,1523.5426661942138,8870660,RELIANCE.NS
2025-07-10,1504.2095947265625,1511.6453792793734,1494.5926951149827,1506.6881895774993,10047129,RELIANCE.NS
2025-07-11,1482.3980712890625,1502.0285923917668,1477.540121836759,1499.0542783474266,7234991,RELIANCE.NS
2025-07-14,1470.9964599609375,1487.1569471972039,1466.4358695278945,1479.4236826617216,10311846,RELIANCE.NS
2025-07-15,1472.6820068359375,1483.6869442622558,1469.7076928815193,1473.4750846086956,8132454,RELIANCE.NS
2025-07-16,1472.8802490234375,1478.234038357326,1458.9009976142222,1460.388154594461,10409983,RELIANCE.NS
2025-07-17,1463.7591552734375,1476.8460890701654,1461.2805601585153,1474.6649737790947,11854613,RELIANCE.NS
2025-07-18,1463.362548828125,1472.0872520008465,1456.5216021387357,1472.0872520008465,10296318,RELIANCE.NS
2025-07-21,1416.3682861328125,1463.362470991638,1410.9153771961905,1452.4566531183941,22442744,RELIANCE.NS
2025-07-22,1400.70361328125,1419.640054314783,1398.6214967228645,1415.178583447059,20396320,RELIANCE.NS
2025-07-23,1412.402587890625,1413.7906253323065,1402.2899684336514,1413.7906253323065,8354596,RELIANCE.NS
2025-07-24,1390.888427734375,1410.81630780687,1384.0474811654185,1407.0487949065318,14740507,RELIANCE.NS
2025-07-25,1379.7841796875,1389.0046012536307,1372.2492752918665,1386.9226057137396,11854722,RELIANCE.NS
2025-07-28,1375.71923828125,1395.7463569486692,1373.1415238854815,1380.3790691362324,7748361,RELIANCE.NS
2025-07-29,1404.9666748046875,1408.04010820105,1371.1586653944225,1371.1586653944225,10750072,RELIANCE.NS
2025-07-30,1398.026611328125,1411.113664716939,1389.3020300940545,1405.9581148273558,7209849,RELIANCE.NS
2025-07-31,1378.2969970703125,1390.5908519212596,1370.365493427784,1376.215001569177,17065827,RELIANCE.NS
2025-08-01,1381.76708984375,1393.8627060383,1372.4476694796913,1375.025384070285,10321171,RELIANCE.NS
2025-08-04,1399.4146728515625,1403.975263237478,1379.7841529413568,1383.155066191865,6312820,RELIANCE.NS
2025-08-05,1379.7841796875,1398.918980991344,1376.2150271869518,1398.918980991344,9315972,RELIANCE.NS
2025-08-06,1380.874755859375,1383.9481891450812,1371.4560958071288,1379.9824375441353,5834312,RELIANCE.NS
2025-08-07,1377.5040283203125,1381.7671392504185,1354.3043541251445,1375.818511047819,9976705,RELIANCE.NS
2025-08-08,1356.0888671875,1385.2370458989403,1353.312792536344,1373.1415514013454,8793606,RELIANCE.NS
2025-08-11,1374.331298828125,1376.1159356273254,1349.5453489789295,1358.2700517359046,9997486,RELIANCE.NS
2025-08-12,1368.5810546875,1389.8969719255274,1363.4255044148417,1370.0682117041065,12244664,RELIANCE.NS
2025-08-13,1370.7620849609375,1379.8833867126677,1365.7057756228248,1376.115874093997,7457021,RELIANCE.NS
2025-08-14,1367.4774169921875,1374.3455639562076,1363.794372575189,1370.961308962897,7126128,RELIANCE.NS
2025-08-18,1375.3409423828125,1388.4802648218374,1370.6626218339861,1383.602791829514,11785109,RELIANCE.NS
2025-08-19,1413.564208984375,1414.460091190419,1382.7068811681168,1383.6027633741608,14384719,RELIANCE.NS
2025-08-20,1406.4969482421875,1418.342205158243,1403.510755146132,1406.4969482421875,8725641,RELIANCE.NS
2025-08-21,1418.24267578125,1425.3099750709036,1413.7633861810953,1418.4417067156319,11021323,RELIANCE.NS
2025-08-22,1402.71435546875,1416.84907536351,1401.4204113959267,1413.464698965694,5818868,RELIANCE.NS
2025-08-25,1406.0987548828125,1412.9670232567023,1399.230486508923,1408.1890657335161,5979407,RELIANCE.NS
2025-08-26,1378.5262451171875,1403.5107021083375,1375.241384232256,1401.519906786198,12145259,RELIANCE.NS
2025-08-28,1379.521728515625,1385.7926612650012,1360.2109883890075,1383.50331940736,13161813,RELIANCE.NS
2025-08-29,1350.9537353515625,1397.0406983353935,1343.7869203796088,1374.7437651325777,18758842,RELIANCE.NS
2025-09-01,1347.6689453125,1356.9260708455383,1334.430107544873,1349.759256141992,11232238,RELIANCE.NS
2025-09-02,1360.2109375,1378.128095842481,1348.2661652716795,1348.5648331807902,11517006,RELIANCE.NS
2025-09-03,1366.2828369140625,1370.1649121838109,1354.2385492379765,1363.3961593284287,7847563,RELIANCE.NS
2025-09-04,1353.0440673828125,1367.6763641601647,1350.8541196588233,1365.4865379446771,13223177,RELIANCE.NS
2025-09-05,1368.671875,1374.6442613636364,1353.0441792852228,1356.7271022727273,5777575,RELIANCE.NS
2025-09-08,1372.15576171875,1379.6212446443146,1366.0838599076599,1373.6488583038629,6986720,RELIANCE.NS
2025-09-09,1369.8662109375,1374.843199236951,1362.4007284883235,1370.2643943031567,9754452,RELIANCE.NS
2025-09-10,1370.66259765625,1382.1096709119122,1367.7759200987732,1377.5308659113482,7790815,RELIANCE.NS
2025-09-11,1376.9337158203125,1379.1235422027225,1368.6718661340626,1369.6672638548873,9766072,RELIANCE.NS
2025-09-12,1388.579833984375,1389.873899637371,1374.146566892781,1376.9337291414593,7403368,RELIANCE.NS
2025-09-15,1392.8599853515625,1394.3530818320328,1382.2091575524387,1386.5889315301856,5396697,RELIANCE.NS
2025-09-16,1398.8323974609375,1401.5199225726963,1391.7649767809332,1398.2350616507645,8686961,RELIANCE.NS
2025-09-17,1407.2933349609375,1409.6821922648512,1400.4250664409112,1400.5245819104894,7519417,RELIANCE.NS
2025-09-18,1408.4876708984375,1415.4554544293837,1404.2074124117412,1413.8628424954393,9332642,RELIANCE.NS
2025-09-19,1400.9227294921875,1410.4785229891424,1397.1401696768169,1408.3882121473878,13461373,RELIANCE.NS
2025-09-22,1384.199951171875,1404.2074196840813,1381.6119415772491,1397.4387885526373,7757970,RELIANCE.NS
2025-09-23,1383.40380859375,1388.5798281670254,1370.4636381520502,1384.5982372618869,14014702,RELIANCE.NS
2025-09-24,1376.635009765625,1389.5751797778832,1374.0470000648747,1378.9244730635044,5922759,RELIANCE.NS
2025-09-25,1366.0838623046875,1378.128150477363,1362.6994857374575,1374.942926360271,11411143,RELIANCE.NS
2025-09-26,1371.2598876953125,1376.3363918134596,1359.7132983361805,1365.685684712474,9879109,RELIANCE.NS
2025-09-29,1366.48193359375,1382.6073268149732,1361.7039763015719,1375.2413599514077,14231999,RELIANCE.NS
2025-09-30,1357.722412109375,1370.7620971908361,1356.5279835173724,1370.7620971908361,14604684,RELIANCE.NS
2025-10-01,1362.4007568359375,1372.255218175594,1356.4283707523282,1360.7086293823172,12045916,RELIANCE.NS
2025-10-03,1357.125244140625,1365.287456651113,1350.6551591113212,1356.926091696157,12842347,RELIANCE.NS
2025-10-06,1368.671875,1371.0608538471567,1352.7455113636363,1353.740909090909,12396580,RELIANCE.NS
2025-10-07,1378.4267578125,1389.47564777439,1369.5676941462978,1369.667209612737,11244040,RELIANCE.NS
2025-10-08,1361.1068115234375,1382.6073771032557,1358.2201339506064,1378.426755451918,8525081,RELIANCE.NS
2025-10-09,1371.458984375,1373.6488106871855,1362.7989515764332,1367.676424553763,8826633,RELIANCE.NS
2025-10-10,1375.3409423828125,1381.6119964455866,1368.7713419175536,1371.45898859096,6373084,RELIANCE.NS
2025-10-13,1368.671875,1371.3594002602317,1361.505059967041,1370.5631549835205,7600682,RELIANCE.NS
2025-10-14,1369.5677490234375,1381.612037149334,1363.7943936365562,1373.6488553790207,9768174,RELIANCE.NS
2025-10-15,1367.97509765625,1377.6304066718624,1366.382364141153,1376.6350089791804,10882743,RELIANCE.NS
2025-10-16,1391.8646240234375,1394.0544503152107,1368.671809484766,1368.7713249510273,12315932,RELIANCE.NS
2025-10-17,1410.279541015625,1416.7496262080865,1392.6609284325848,1394.5522084059296,19335561,RELIANCE.NS
2025-10-20,1460.04931640625,1467.0170999313523,1426.7034952504036,1433.3726108781723,24721978,RELIANCE.NS
2025-10-21,1458.4566650390625,1467.2162134241023,1453.2806455896807,1461.2438272093502,2066169,RELIANCE.NS
2025-10-23,1441.7340087890625,1476.0752283864208,1437.9514490416038,1468.2115624957596,18707090,RELIANCE.NS
2025-10-24,1444.9193115234375,1453.0816457634617,1434.3681199531734,1443.3266994671071,9700837,RELIANCE.NS
2025-10-27,1477.2696533203125,1478.16553552233,1451.289798512833,1456.266786847925,14113867,RELIANCE.NS
2025-10-28,1480.056884765625,1485.1333888036675,1470.79963742504,1477.26972256393,17631577,RELIANCE.NS
2025-10-29,1497.277099609375,1501.3583271895798,1481.2512217130793,1483.1425015536738,11884745,RELIANCE.NS
2025-10-30,1481.6494140625,1496.1821955688695,1477.1701246011085,1493.0964871305005,9318663,RELIANCE.NS
2025-10-31,1479.5592041015625,1490.6080945575152,1475.4780977270138,1483.540795005222,8758053,RELIANCE.NS
2025-11-03,1477.866943359375,1488.1195884585134,1472.4918928888083,1479.1610089962214,8452085,RELIANCE.NS
2025-11-04,1466.3203125,1485.9297198935935,1463.334119430687,1477.07065615293,10007806,RELIANCE.NS
2025-11-06,1489.2144775390625,1494.6891648996161,1469.406038969176,1477.1701896475465,16772678,RELIANCE.NS
2025-11-07,1471.19775390625,1491.5038906434634,1469.1074431042953,1487.7213309001133,7821765,RELIANCE.NS
2025-11-10,1482.44580078125,1494.0919049344996,1468.7092643110286,1471.0982430243503,7068438,RELIANCE.NS
2025-11-11,1486.5269775390625,1491.9021495222175,1473.3876547459602,1490.1103850249956,7127506,RELIANCE.NS
2025-11-12,1504.5435791015625,1517.6827797499902,1493.0965058897411,1498.0734942427068,12384459,RELIANCE.NS
2025-11-13,1503.9464111328125,1515.0948167835015,1499.8653048593553,1508.0275174062697,7196443,RELIANCE.NS
2025-11-14,1511.9095458984375,1513.900341239272,1498.5711928131457,1498.5711928131457,7682823,RELIANCE.NS
2025-11-17,1511.3123779296875,1516.6874283079178,1504.5436249599409,1513.900387650411,5871416,RELIANCE.NS
2025-11-18,1512.4072265625,1520.7685911952462,1503.5481631005248,1514.696568271851,11045042,RELIANCE.NS
2025-11-19,1511.9095458984375,1515.2939222795571,1505.0412776708577,1510.4164493928117,5692366,RELIANCE.NS
2025-11-20,1541.9705810546875,1543.7623455509595,1519.6736478639639,1522.9585089376258,18171724,RELIANCE.NS
2025-11-21,1539.4820556640625,1550.6305827884978,1533.0119706260582,1533.9078528560988,9615271,RELIANCE.NS
2025-11-24,1528.831298828125,1542.8663816107544,1524.7501927010492,1542.8663816107544,18433951,RELIANCE.NS
2025-11-25,1532.61376953125,1552.4222077972818,1518.0809876078647,1528.8313312270848,15033482,RELIANCE.NS
2025-11-26,1562.6748046875,1564.3669320995493,1533.4100892950657,1535.2018536795324,14054299,RELIANCE.NS
2025-11-27,1556.2047119140625,1568.2489991897637,1548.8387449947777,1567.7513003642512,9794643,RELIANCE.NS
2025-11-28,1560.285888671875,1574.0224254817672,1555.806599039324,1560.7835875199362,8959508,RELIANCE.NS
2025-12-01,1558.892333984375,1570.2398922139623,1556.403839701944,1567.7513979315313,8920233,RELIANCE.NS
2025-12-02,1539.1834716796875,1560.2858537619331,1534.9032130787248,1553.9152843475838,11389150,RELIANCE.NS
2025-12-03,1531.718017578125,1545.2554018922647,1525.9446623591427,1538.0884656023031,6090883,RELIANCE.NS
2025-12-04,1528.53271484375,1553.3181423785347,1510.6155558800758,1528.9308982335338,11867930,RELIANCE.NS
2025-12-05,1533.5096435546875,1538.685784402705,1513.6016899280953,1523.356635808528,10183266,RELIANCE.NS
2025-12-08,1535.898681640625,1543.861863398969,1527.9354998822807,1532.1161217020071,11301491,RELIANCE.NS
2025-12-09,1522.3612060546875,1535.4008911036892,1513.1039592099478,1533.211064854301,11503971,RELIANCE.NS
2025-12-10,1529.8267822265625,1540.3779737710465,1524.3520947592017,1526.9401045329791,7991629,RELIANCE.NS
2025-12-11,1537.889404296875,1542.8663926602953,1516.9860531705099,1529.826707449835,4706197,RELIANCE.NS
2025-12-12,1549.3365478515625,1552.62140892391,1538.9843872841,1543.6628294631555,5106655,RELIANCE.NS
2025-12-15,1549.037841796875,1551.4268205626304,1539.3825327747268,1544.060853330096,5774543,RELIANCE.NS
2025-12-16,1535.201904296875,1544.5585453663573,1531.7180123854912,1537.8894294536826,11731856,RELIANCE.NS
2025-12-17,1537.292236328125,1542.8664391614582,1532.2157323461342,1542.8664391614582,7116649,RELIANCE.NS
2025-12-18,1537.292236328125,1544.3595357154854,1528.1345045583196,1528.1345045583196,6580829,RELIANCE.NS
2025-12-19,1557.8968505859375,1566.9549449740825,1543.8617679066683,1547.2461442463334,13937275,RELIANCE.NS
2025-12-22,1568.1495361328125,1570.2398469681211,1558.0960438231807,1566.2582562309594,10184852,RELIANCE.NS
2025-12-23,1563.4710693359375,1573.6241984599117,1560.8830596994947,1573.6241984599117,7506564,RELIANCE.NS
2025-12-24,1551.0286865234375,1568.448146711295,1546.4498812900458,1565.4619535362338,8815745,RELIANCE.NS
2025-12-26,1552.0240478515625,1553.8158123179846,1547.1466963201515,1547.5447581940155,2311495,RELIANCE.NS
2025-12-29,1538.4866943359375,1550.9291658570105,1536.495898892566,1547.7439417510202,5972105,RELIANCE.NS
2025-12-30,1532.71337890625,1546.449793829553,1530.7225835687998,1539.8801935176687,8815884,RELIANCE.NS
2025-12-31,1563.172607421875,1569.7422080874378,1533.9078900841737,1533.9078900841737,5771830,RELIANCE.NS
2026-01-01,1568.3485107421875,1585.1707553042595,1563.8692213237453,1566.457230908256,6408128,RELIANCE.NS
2026-01-02,1584.9718017578125,1587.2611435561273,1570.9365970213464,1572.7283614795997,6602230,RELIANCE.NS
2026-01-05,1570.8370361328125,1604.3820104615531,1568.049995566515,1585.6684856930358,8704973,RELIANCE.NS
2026-01-06,1500.6614990234375,1561.77894010158,1489.4135782872731,1561.77894010158,27417125,RELIANCE.NS
2026-01-07,1497.277099609375,1513.004431115157,1491.1056827700695,1503.0504545946628,11199340,RELIANCE.NS
2026-01-08,1463.831787109375,1496.9785780764303,1462.040144211037,1493.0965028672745,16518684,RELIANCE.NS
2026-01-09,1468.51025390625,1473.0890589574892,1458.2576091430024,1458.2576091430024,8335311,RELIANCE.NS
2026-01-12,1476.373779296875,1478.4642116159973,1444.322022844729,1468.5102348906719,8883745,RELIANCE.NS
2026-01-13,1446.11376953125,1478.9618923221497,1438.050951275772,1478.165525590484,13499760,RELIANCE.NS
2026-01-14,1452.086181640625,1460.2483939989072,1433.5716876182923,1437.3542473990606,8321764,RELIANCE.NS
2026-01-15,1452.086181640625,1452.086181640625,1452.086181640625,1452.086181640625,0,RELIANCE.NS
2026-01-16,1451.1903076171875,1473.1885721290346,1448.4031454989463,1452.0861898343726,17167161,RELIANCE.NS
2026-01-19,1407.0941162109375,1443.9238298491432,1396.8415931572963,1443.9238298491432,20392765,RELIANCE.NS
2026-01-20,1387.5843505859375,1409.4830993039366,1383.6027599099377,1404.207443054835,13189498,RELIANCE.NS
2026-01-21,1398.1356201171875,1406.3974698374059,1366.681076311502,1383.105138772638,17352720,RELIANCE.NS
2026-01-22,1396.0452880859375,1412.9670491536458,1388.5798052619484,1403.610286379211,15721693,RELIANCE.NS
2026-01-23,1379.720703125,1400.5245389866304,1374.6441992470054,1395.348519642108,9837802,RELIANCE.NS
2026-01-27,1374.146484375,1385.195374217857,1361.7040134914885,1373.6487855396595,26302396,RELIANCE.NS
2026-01-28,1390.2718505859375,1403.4111724845945,1378.526231208921,1378.6257466723232,11121657,RELIANCE.NS
2026-01-29,1384.59814453125,1396.4434009824272,1377.6303609139109,1396.4434009824272,20846683,RELIANCE.NS
2026-01-30,1388.9779052734375,1391.5659148620384,1372.1556606847782,1376.236766748553,11239835,RELIANCE.NS
2026-02-02,1384.0009765625,1386.4894707948447,1329.35361891851,1333.8329085367304,15711165,RELIANCE.NS
2026-02-03,1430.4859619140625,1482.6448239290096,1423.6176937150067,1467.1166446366906,25456171,RELIANCE.NS
2026-02-04,1450.095458984375,1457.2622740237098,1433.6713964697635,1437.3543194605445,8333387,RELIANCE.NS
2026-02-05,1436.757080078125,1454.7737543419996,1432.8750047042822,1450.2944646433757,11763658,RELIANCE.NS
2026-02-06,1444.123046875,1446.113842295832,1426.9026178813986,1434.865799564727,8277304,RELIANCE.NS
2026-02-09,1454.873291015625,1459.153549837875,1446.3128948796364,1451.2898835062008,5775864,RELIANCE.NS
2026-02-10,1451.7874755859375,1464.2299462371711,1445.5164217743147,1464.2299462371711,10259630,RELIANCE.NS
2026-02-11,1461.9405517578125,1463.234617369774,1446.91007080626,1452.882456999606,7106877,RELIANCE.NS
2026-02-12,1442.231689453125,1466.2207486838624,1438.8473131178025,1463.2345557130195,11135399,RELIANCE.NS
2026-02-13,1413.0665283203125,1444.0233720001163,1409.7817888672503,1438.8473526451965,10755693,RELIANCE.NS
2026-02-16,1430.4859619140625,1432.9744560797708,1402.8139796964888,1413.564201587246,5896514,RELIANCE.NS
2026-02-17,1416.450927734375,1425.2104761017015,1412.0711535507119,1424.5136248062843,10731630,RELIANCE.NS
2026-02-18,1434.666748046875,1435.4629932986807,1412.6683617554224,1420.4325123887006,5521096,RELIANCE.NS
2026-02-19,1403.0130615234375,1436.3588845536149,1393.5567833507007,1436.3588845536149,11884664,RELIANCE.NS
2026-02-20,1412.8675537109375,1420.8307355027325,1399.6287153786739,1403.013091941889,8177670,RELIANCE.NS
2026-02-23,1421.4278564453125,1428.2961245911818,1411.772547760535,1418.4416634695872,7758856,RELIANCE.NS
2026-02-24,1422.2242431640625,1426.7035326906043,1408.4877066792656,1418.7403513100855,12529409,RELIANCE.NS
2026-02-25,1392.063720703125,1433.8704252219175,1387.0867320699354,1428.395737725409,10728792,RELIANCE.NS
2026-02-26,1400.3255615234375,1406.397463315574,1385.4941111892442,1392.0637118415314,16683858,RELIANCE.NS
2026-02-27,1387.48486328125,1403.9089251530934,1381.711508080472,1391.5659695052796,12031440,RELIANCE.NS
2026-03-02,1351.75,1372.2551671563263,1335.3259388807069,1369.1694587628867,23728722,RELIANCE.NS
2026-03-04,1338.8099365234375,1346.5740873609554,1300.9848230751916,1323.8789706886037,32495007,RELIANCE.NS
2026-03-05,1383.005615234375,1392.5614090361375,1346.8726294272453,1346.8726294272453,25957532,RELIANCE.NS
2026-03-06,1398.334716796875,1417.7449716586152,1383.9014503612218,1390.0728674061675,19311971,RELIANCE.NS
2026-03-09,1417.4462890625,1422.8214608086796,1363.6948146177142,1368.6718029922313,24870822,RELIANCE.NS
2026-03-10,1402.3162841796875,1424.9117626543534,1394.1539503917586,1424.015880450879,18071259,RELIANCE.NS
2026-03-11,1383.8017578125,1427.4002232775151,1377.2321576556008,1418.34212900751,21848087,RELIANCE.NS
2026-03-12,1385.7926025390625,1404.4066120742223,1374.7437125844203,1383.6027762448114,20939959,RELIANCE.NS
2026-03-13,1374.3455810546875,1394.3531723993444,1372.0562392077015,1378.8248707870416,17265090,RELIANCE.NS
2026-03-16,1388.6793212890625,1390.8692691567512,1357.224777946389,1373.6488401657623,22837802,RELIANCE.NS
2026-03-17,1391.167724609375,1399.429573667814,1381.8109624429321,1392.5613056143347,19007744,RELIANCE.NS
2026-03-18,1401.6195068359375,1406.3974645008152,1390.7696473738063,1390.7696473738063,9559327,RELIANCE.NS
2026-03-19,1378.4267578125,1409.1844489610974,1369.7667250791762,1381.6119817895922,16498373,RELIANCE.NS
2026-03-20,1407.8905029296875,1423.4186824363833,1389.6746767818195,1391.5659566755692,22994918,RELIANCE.NS
2026-03-23,1401.3209228515625,1409.0849519631759,1384.598192981382,1393.5567722314413,18979554,RELIANCE.NS
2026-03-24,1405.302490234375,1415.8536813182018,1400.1263494042955,1413.4647025895886,18620893,RELIANCE.NS
2026-03-25,1406.596435546875,1423.9163794589117,1401.9181150601291,1413.464703831985,19041331,RELIANCE.NS
2026-03-27,1341.8956298828125,1398.235116023098,1338.809921280448,1394.552193095842,23266517,RELIANCE.NS
2026-03-30,1337.7149658203125,1358.7178325566667,1327.960019957529,1328.855902170806,24393861,RELIANCE.NS
2026-04-01,1362.8984375,1378.028554948465,1356.6275051009459,1377.8294025098971,14404619,RELIANCE.NS
2026-04-02,1344.2845458984375,1351.9490593116357,1321.8880984473344,1350.7546307176451,21280051,RELIANCE.NS
2026-04-06,1298.6953125,1352.7454554606609,1284.0630151171836,1352.7454554606609,29274881,RELIANCE.NS
2026-04-07,1298.5958251953125,1302.2788696189978,1285.058440671965,1289.040031502862,28388922,RELIANCE.NS
2026-04-08,1341.5970458984375,1344.3840865060406,1320.0963587364665,1342.7914745147666,21817543,RELIANCE.NS
2026-04-09,1323.87890625,1343.7868597274437,1320.195983460075,1339.8052690319548,20725390,RELIANCE.NS
2026-04-10,1343.9859619140625,1346.0763943468285,1325.3720730291864,1330.8467605257397,19364461,RELIANCE.NS
2026-04-13,1309.0474853515625,1321.4899565481755,1303.970981405046,1315.1193869938081,28753269,RELIANCE.NS
2026-04-15,1337.9140625,1340.8007402141902,1328.059600686701,1330.8467629297493,15313779,RELIANCE.NS
2026-04-16,1337.1177978515625,1347.5694738488123,1323.8789596516422,1345.7777093601655,30211012,RELIANCE.NS
2026-04-17,1358.7178955078125,1362.1022720767137,1333.832952366644,1333.832952366644,13869105,RELIANCE.NS
2026-04-20,1357.0257568359375,1366.6810660920328,1346.5740808024586,1356.9261198573818,13614733,RELIANCE.NS
2026-04-21,1347.07177734375,1363.4958396538184,1343.8864317482064,1352.7454957201878,27293629,RELIANCE.NS
2026-04-22,1355.8311767578125,1359.7132520720183,1342.8910067161314,1344.085556855853,9525953,RELIANCE.NS
2026-04-23,1337.21728515625,1349.261572940554,1334.529638479888,1339.8052948565,16385079,RELIANCE.NS
2026-04-24,1321.6890869140625,1339.7057606040942,1318.9019248091768,1333.8328899956957,11744802,RELIANCE.NS
2026-04-27,1359.51416015625,1365.2873936261717,1304.9663202853897,1306.9571155871217,24673098,RELIANCE.NS
2026-04-28,1382.5078125,1388.7787447541255,1350.75460334444,1351.7500009887617,41027699,RELIANCE.NS
2026-04-29,1418.83984375,1427.2012083655534,1384.896807968084,1385.5935377241706,30542143,RELIANCE.NS
2026-04-30,1424.215087890625,1430.386505071105,1386.6885214286783,1402.5153692729207,30957881,RELIANCE.NS
2026-05-01,1424.215087890625,1424.215087890625,1424.215087890625,1424.215087890625,0,RELIANCE.NS
2026-05-04,1456.3663330078125,1460.6465916696056,1426.8030702776819,1426.8030702776819,24035700,RELIANCE.NS
2026-05-05,1456.864013671875,1466.6189594959255,1443.3266295857375,1453.280606341501,23543341,RELIANCE.NS
2026-05-06,1431.2823486328125,1466.519450812893,1420.9301884572374,1456.2668061036345,14221786,RELIANCE.NS
2026-05-07,1429.590087890625,1442.828925531327,1423.717338832762,1432.1782190445704,19816903,RELIANCE.NS
2026-05-08,1428.5947265625,1436.1598462687914,1410.9762359236815,1419.4371163507371,8663105,RELIANCE.NS
2026-05-11,1381.81103515625,1421.427912122738,1375.6396180347506,1413.4647305422184,15261787,RELIANCE.NS
2026-05-12,1357.722412109375,1387.0866431630602,1354.0394893602804,1385.593546668805,24357500,RELIANCE.NS
2026-05-13,1352.54638671875,1366.0837705701026,1346.1758174038478,1355.1343963286624,13797989,RELIANCE.NS
2026-05-14,1355.5325927734375,1371.6579863902991,1352.148216400817,1358.9168476375535,17303059,RELIANCE.NS
2026-05-15,1330.24951171875,1358.5188307246153,1323.082575367519,1350.5556491178086,19976192,RELIANCE.NS
2026-05-18,1329.7518310546875,1335.8237328112184,1312.6309174607939,1327.860551095503,13022473,RELIANCE.NS
2026-05-19,1316.6124267578125,1337.8144453658963,1312.3322897558653,1332.5387892026445,21665501,RELIANCE.NS
2026-05-20,1353.442138671875,1356.6274840630256,1306.558933569541,1312.6308349443716,13248515,RELIANCE.NS
2026-05-21,1343.388671875,1364.590690861155,1339.0088978228712,1360.9076465750106,17150630,RELIANCE.NS
2026-05-22,1348.26611328125,1361.106767233248,1342.8909416840763,1343.7868238683554,7105813,RELIANCE.NS
2026-05-25,1360.7086181640625,1364.7897243191815,1350.7546414401118,1360.5095872329855,6750071,RELIANCE.NS
2026-05-26,1350.0579833984375,1362.2017870434288,1346.1759079681497,1353.8404218493883,13769747,RELIANCE.NS
2026-05-27,1344.2845458984375,1354.736221375619,1342.393266034199,1346.7730400596713,13215138,RELIANCE.NS
2026-05-28,1344.2845458984375,1344.2845458984375,1344.2845458984375,1344.2845458984375,0,RELIANCE.NS
2026-05-29,1315.119384765625,1362.6994431442622,1310.9387630540493,1357.7224546740495,42634247,RELIANCE.NS
2026-06-01,1313.9249267578125,1329.353590670499,1312.4318302501333,1326.3673976551404,10700603,RELIANCE.NS
2026-06-02,1308.5498046875,1321.689127358814,1294.3156903458798,1301.6815361898255,23302785,RELIANCE.NS
2026-06-03,1307.15625,1317.906594083847,1295.0124463014238,1308.9480145168118,20012293,RELIANCE.NS
2026-06-04,1297.699951171875,1305.1654340270677,1287.1487597049047,1295.0124259474096,23474327,RELIANCE.NS
2026-06-05,1291.0,1306.0,1288.0,1304.5,17785223,RELIANCE.NS
2026-06-08,1263.300048828125,1282.5999755859375,1259.199951171875,1277.0,16494759,RELIANCE.NS
2026-06-09,1269.199951171875,1274.199951171875,1257.5,1269.0,23620214,RELIANCE.NS
2026-06-10,1258.800048828125,1300.5,1254.4000244140625,1275.0,21012796,RELIANCE.NS
2026-06-11,1263.0,1276.0,1253.199951171875,1258.0,13117486,RELIANCE.NS
2026-06-12,1293.0,1297.0,1262.5,1277.0,11988785,RELIANCE.NS
2026-06-15,1307.0,1325.0,1303.300048828125,1315.300048828125,18633321,RELIANCE.NS
2026-06-16,1328.800048828125,1333.4000244140625,1306.4000244140625,1313.4000244140625,18513223,RELIANCE.NS
2026-06-17,1332.699951171875,1334.0,1317.0,1333.0,10029170,RELIANCE.NS
2026-06-18,1328.0999755859375,1333.9000244140625,1322.0,1330.0,15494549,RELIANCE.NS
2026-06-19,1309.5,1338.199951171875,1305.300048828125,1328.0,24887034,RELIANCE.NS
2026-06-22,1326.5,1344.9000244140625,1314.0999755859375,1316.699951171875,12931213,RELIANCE.NS
2026-06-23,1309.5,1333.0,1304.0,1328.9000244140625,15400184,RELIANCE.NS
2026-06-24,1313.5999755859375,1322.0,1297.5,1305.699951171875,11030917,RELIANCE.NS
2026-06-25,1318.0999755859375,1328.0,1314.5999755859375,1318.0,12694362,RELIANCE.NS
2026-06-26,1318.0999755859375,1318.0999755859375,1318.0999755859375,1318.0999755859375,0,RELIANCE.NS
2026-06-29,1301.0,1313.699951171875,1292.5999755859375,1308.0,13757656,RELIANCE.NS
2026-06-30,1293.9000244140625,1306.9000244140625,1290.0,1306.9000244140625,15695263,RELIANCE.NS
2026-07-01,1308.0,1312.199951171875,1296.5,1298.9000244140625,7001401,RELIANCE.NS
2026-07-02,1303.5,1313.199951171875,1299.0,1310.0,17795024,RELIANCE.NS
2026-07-03,1304.0,1312.0,1302.0,1312.0,7839550,RELIANCE.NS
2026-07-06,1321.300048828125,1325.5999755859375,1299.4000244140625,1304.0,7610709,RELIANCE.NS
2026-07-07,1308.4000244140625,1328.0,1304.0999755859375,1323.5,14335554,RELIANCE.NS
2026-07-08,1275.9000244140625,1302.300048828125,1271.5999755859375,1297.0,19960868,RELIANCE.NS
2026-07-09,1279.800048828125,1296.5,1274.199951171875,1277.0999755859375,14651963,RELIANCE.NS
2026-07-10,1307.800048828125,1311.0999755859375,1287.800048828125,1291.9000244140625,8412537,RELIANCE.NS
2026-07-13,1296.9000244140625,1306.4000244140625,1295.0,1300.0,9488352,RELIANCE.NS
2026-07-14,1293.0,1308.0,1286.9000244140625,1290.0,13511284,RELIANCE.NS
2026-07-15,1295.5,1310.9000244140625,1294.0999755859375,1294.0999755859375,9577965,RELIANCE.NS
2026-07-16,1296.5999755859375,1309.4000244140625,1291.800048828125,1295.5,15631046,RELIANCE.NS
2026-07-17,1327.199951171875,1330.300048828125,1296.0999755859375,1300.0,18302218,RELIANCE.NS
2026-07-20,1323.0999755859375,1345.9000244140625,1314.9000244140625,1317.199951171875,14305844,RELIANCE.NS
2026-07-21,1303.699951171875,1326.9000244140625,1302.699951171875,1321.0,12753410,RELIANCE.NS
2026-07-22,1288.5999755859375,1304.5999755859375,1280.699951171875,1302.0,10840383,RELIANCE.NS
2026-07-23,1272.199951171875,1287.300048828125,1268.0,1283.0,12580741,RELIANCE.NS
2026-07-24,1278.0,1283.4000244140625,1249.800048828125,1265.0,9817000,RELIANCE.NS
2026-07-27,1280.0,1288.699951171875,1278.0,1288.199951171875,7163132,RELIANCE.NS
2026-07-28,1267.699951171875,1279.199951171875,1265.9000244140625,1275.0,9312184,RELIANCE.NS
2026-07-29,1275.9000244140625,1282.4000244140625,1268.699951171875,1275.0,9448307,RELIANCE.NS
2026-07-30,1292.9000244140625,1297.0,1275.300048828125,1279.800048828125,12158451,RELIANCE.NS
2026-07-31,1307.800048828125,1309.699951171875,1293.5999755859375,1295.0,8624996,RELIANCE.NS
2026-08-03,1319.0,1319.0,1306.0,1315.199951171875,7508023,RELIANCE.NS
2026-08-04,1290.9000244140625,1315.0,1286.4000244140625,1315.0,10759546,RELIANCE.NS
2026-08-05,1280.0,1299.0,1270.0999755859375,1293.0,24820782,RELIANCE.NS
2026-08-06,1325.0,1325.199951171875,1281.199951171875,1285.0,20342297,RELIANCE.NS
2026-08-07,1334.800048828125,1337.0,1316.5999755859375,1320.0,9885638,RELIANCE.NS
2026-08-10,1327.300048828125,1332.9000244140625,1321.300048828125,1330.0999755859375,8207102,RELIANCE.NS
2026-08-11,1323.9000244140625,1328.699951171875,1314.0999755859375,1326.5999755859375,9953124,RELIANCE.NS
2026-08-12,1329.0,1329.0,1309.199951171875,1323.9000244140625,7901012,RELIANCE.NS
2026-08-13,1317.0,1327.800048828125,1307.199951171875,1327.800048828125,9397301,RELIANCE.NS
2026-08-14,1310.0,1317.5,1301.5,1317.0,10497358,RELIANCE.NS
2026-08-17,1316.0,1320.800048828125,1298.0999755859375,1314.0,13383867,RELIANCE.NS
2026-08-18,1322.0,1328.5999755859375,1311.199951171875,1314.0,10180567,RELIANCE.NS
2026-08-19,1311.0,1321.5999755859375,1303.5,1320.300048828125,7489365,RELIANCE.NS
2026-08-20,1313.199951171875,1316.5,1307.0,1315.5,5546227,RELIANCE.NS
2026-08-21,1316.0,1316.0,1308.0,1314.0,5434871,RELIANCE.NS
2026-08-24,1309.800048828125,1320.0,1302.4000244140625,1316.5999755859375,7277167,RELIANCE.NS
2026-08-25,1317.0,1317.0999755859375,1300.0,1304.300048828125,7115355,RELIANCE.NS
2026-08-26,1298.0,1315.5999755859375,1298.0,1310.0,5744474,RELIANCE.NS
2026-08-27,1282.199951171875,1308.4000244140625,1282.199951171875,1305.0,11271497,RELIANCE.NS
2026-08-28,1287.0,1291.800048828125,1280.0,1284.9000244140625,6830228,RELIANCE.NS
2026-08-31,1277.0,1297.5999755859375,1271.0,1278.699951171875,34871137,RELIANCE.NS
2026-09-01,1309.0,1311.800048828125,1280.0,1285.0,12617528,RELIANCE.NS
2026-09-02,,,,,13491087,RELIANCE.NS
