Date,Close,High,Low,Open,Volume,ticker
2010-01-04,217.47254943847656,218.92091542685358,216.03249524593573,217.25611759090793,4069264,INFY.NS
2010-01-05,218.20094299316406,218.97922394685332,216.4320949317203,218.08856098742206,6895528,INFY.NS
2010-01-06,215.0170135498047,223.33267219398965,214.351094288697,223.33267219398965,6817288,INFY.NS
2010-01-07,210.18492126464844,215.3083413619169,209.61471979984884,215.3083413619169,10892600,INFY.NS
2010-01-08,205.11972045898438,210.0392057891353,204.6036372366673,209.6812702193511,12649312,INFY.NS
2010-01-11,207.23825073242188,208.49101554471216,205.93555416339873,206.02712620077696,7849656,INFY.NS
2010-01-12,215.33740234375,215.924247559042,208.09969888111218,208.09969888111218,24859680,INFY.NS
2010-01-13,223.37432861328125,224.33158770739445,206.172807020572,206.172807020572,19704040,INFY.NS
2010-01-14,223.89456176757812,224.9891585228678,220.60241905905156,222.99973267974417,8413904,INFY.NS
2010-01-15,222.73330688476562,224.1234090155115,220.93115103118595,223.89449931271014,5049504,INFY.NS
2010-01-18,223.63645935058594,223.91532113219318,221.0851646569164,221.66784393123808,6140088,INFY.NS
2010-01-19,219.41201782226562,223.74882421818776,218.76276293835207,223.08290509849076,5837512,INFY.NS
2010-01-20,221.22665405273438,222.51687236210574,219.5868322659166,220.47332897539553,6091992,INFY.NS
2010-01-21,218.5214080810547,221.80938453227645,216.4237664095341,220.00308254630716,6682792,INFY.NS
2010-01-22,214.39271545410156,217.25616016414938,212.42824549383496,216.4237610830607,13486496,INFY.NS
2010-01-25,211.62075805664062,213.9223326866193,209.59802484063349,212.26170108960102,6498712,INFY.NS
2010-01-27,208.2870635986328,210.91745286839014,206.86365301692825,210.76345090687911,9840856,INFY.NS
2010-01-28,207.4130401611328,212.66963220728343,206.39335129107204,209.1818882010341,12732872,INFY.NS
2010-01-29,206.0604248046875,208.09980287284137,200.17536644389284,204.13757449724392,15012280,INFY.NS
2010-02-01,204.04177856445312,210.59691984418822,198.95166746470346,203.6880090350706,12308784,INFY.NS
2010-02-02,203.1012420654297,208.18304332909582,201.5779474400358,208.18304332909582,9889384,INFY.NS
2010-02-03,205.8689727783203,208.09980677135863,203.93781063593147,203.93781063593147,6405608,INFY.NS
2010-02-04,202.19384765625,205.60251689827385,200.81622348869865,205.18631747135427,6176408,INFY.NS
2010-02-05,195.8385009765625,199.64672625204437,193.86571948846586,198.97664101890496,13544872,INFY.NS
2010-02-08,200.07546997070312,203.2718746121185,195.15598281249459,197.68646812676135,9252480,INFY.NS
2010-02-09,205.9188690185547,206.6014321352139,199.29713089836258,200.1087199246794,10387392,INFY.NS
2010-02-10,205.3487091064453,207.7834766778386,203.77131674429944,207.35063317403998,7187984,INFY.NS
2010-02-11,207.9707489013672,209.61057106254896,205.60257752829366,205.85229725808512,6453888,INFY.NS
2010-02-15,207.9873504638672,211.62909578171218,206.0062572687511,208.68241169914026,8950128,INFY.NS
2010-02-16,211.550048828125,212.3449939715339,207.12169002339053,208.09975889017434,4418096,INFY.NS
2010-02-17,209.6521759033203,213.62688131595738,209.23183064626969,212.27839893674673,7991184,INFY.NS
2010-02-18,210.9008026123047,212.0120636069872,209.09866658058573,210.0143056460262,3721696,INFY.NS
2010-02-19,210.79672241210938,211.8039333681844,208.52843505338151,210.17242313906502,5998992,INFY.NS
2010-02-22,213.7892303466797,215.7328700460994,212.68630154243354,212.68630154243354,5855400,INFY.NS
2010-02-23,214.8671875,215.50813075374504,212.67797376431773,212.93602561872194,3786032,INFY.NS
2010-02-24,214.45094299316406,216.28222066130508,212.3449696103539,213.7600478084629,5427016,INFY.NS
2010-02-25,217.8679962158203,218.89599695649977,213.97653025098427,213.97653025098427,8729568,INFY.NS
2010-02-26,216.58602905273438,218.9209120460382,214.93372941941846,218.00527325040838,10546368,INFY.NS
2010-03-02,219.8366241455078,220.64821334861978,218.3091635163937,219.05001098232535,8534656,INFY.NS
2010-03-03,221.9383544921875,222.79156335615184,219.14148608727237,220.67727830019905,5904976,INFY.NS
2010-03-04,218.40487670898438,221.75111697730128,216.75672245078547,221.58463715975074,6755240,INFY.NS
2010-03-05,219.3954315185547,219.75336720382793,217.51005564473766,219.24559561283053,4984808,INFY.NS
2010-03-08,221.38067626953125,223.02883032539177,219.5951845099494,220.83545086954013,8664992,INFY.NS
2010-03-09,223.41175842285156,224.87262294731352,217.90961241637675,220.58993352642483,7958752,INFY.NS
2010-03-10,221.35569763183594,224.0360182693696,220.58572857924798,222.6583939000209,7330952,INFY.NS
2010-03-11,223.32852172851562,224.33156675004727,220.58577064475892,221.8343693465217,4298424,INFY.NS
2010-03-12,222.52105712890625,225.08068399011037,221.11014492351995,224.73939227972022,3176920,INFY.NS
2010-03-15,224.85177612304688,225.78822498242099,219.42037273867712,220.95197874422374,10582856,INFY.NS
2010-03-16,227.44056701660156,228.4893776468272,223.2744056251892,224.74774790813842,5881344,INFY.NS
2010-03-17,227.935791015625,229.21767717115725,225.82981776961768,227.6610953188,6352000,INFY.NS
2010-03-18,232.03958129882812,232.56397647415506,228.07735345300975,228.07735345300975,8923048,INFY.NS
2010-03-19,230.7701873779297,232.6555633311247,229.7463323549931,231.4152967216922,12582544,INFY.NS
2010-03-22,229.52572631835938,231.15723673026505,228.31874758858305,229.08457104044342,4108528,INFY.NS
2010-03-23,231.03237915039062,232.98851711113076,230.087598006412,230.57872568777427,4792560,INFY.NS
2010-03-25,234.23294067382812,238.8985416936529,228.98051454631386,230.65779060387183,15207528,INFY.NS
2010-03-26,230.97824096679688,235.15271375644411,229.99184003860358,234.4035546683705,9105680,INFY.NS
2010-03-29,226.13368225097656,230.57453935996537,224.76855592301317,229.57566048909186,13981704,INFY.NS
2010-03-30,220.09454345703125,225.99624197870517,218.97080523724765,225.99624197870517,10649936,INFY.NS
2010-03-31,217.75143432617188,222.8082587617422,216.97315337593622,220.91038478567208,13070104,INFY.NS
2010-04-01,222.2879638671875,222.91642911154278,218.08851541159152,218.10515932541938,8187000,INFY.NS
2010-04-05,222.9123077392578,223.91535269589437,219.58687747649418,222.9997137071751,7318616,INFY.NS
2010-04-06,220.68978881835938,223.49913549355773,220.19034940943524,223.24941578909565,5348808,INFY.NS
2010-04-07,220.06552124023438,222.65012461797284,217.872141391363,221.04775628364678,8380880,INFY.NS
2010-04-08,221.73028564453125,222.90812211136256,218.92093899394357,219.7533380015251,7227984,INFY.NS
2010-04-09,222.7666473388672,224.55630543810167,221.83436439348225,222.25056395144375,8260312,INFY.NS
2010-04-12,223.3409881591797,224.58125456438583,220.7563851495037,223.57404362591578,8325648,INFY.NS
2010-04-13,231.56500244140625,232.55973521535793,219.3370728109355,223.91526598156224,57635400,INFY.NS
2010-04-15,233.20492553710938,235.12775514563776,229.68387349780105,232.0728547023473,22395128,INFY.NS
2010-04-16,232.1227569580078,233.82084252348034,230.66189287708207,232.41409656243366,6244344,INFY.NS
2010-04-19,229.0678253173828,230.9615326508262,227.744319309937,230.9615326508262,8754896,INFY.NS
2010-04-20,227.0201873779297,232.23515907691763,226.41253203265842,230.1999475501165,9542128,INFY.NS
2010-04-21,225.78411865234375,228.8889717563463,224.77276174557005,228.327102292084,6496288,INFY.NS
2010-04-22,226.2793426513672,229.97937257241207,224.16505725840594,225.41365579493623,6978144,INFY.NS
2010-04-23,226.99102783203125,229.21769502550046,226.1503170850374,227.6611130518971,5888336,INFY.NS
2010-04-26,227.98985290527344,229.24261709582512,226.83282676487488,227.25319220053976,4454288,INFY.NS
2010-04-27,227.8650360107422,228.27706940757116,226.94523114889867,227.1699951128409,3280256,INFY.NS
2010-04-28,224.70603942871094,227.40716927034347,224.00683261735622,225.58839022029954,5544496,INFY.NS
2010-04-29,225.50941467285156,227.48636271616462,222.66677961525963,224.66453763797597,11319960,INFY.NS
2010-04-30,227.92340087890625,229.64231758662106,222.8416195288576,225.74668488912894,8067024,INFY.NS
2010-05-03,224.32321166992188,225.99217582823889,223.24942502520764,225.41366255341623,5408952,INFY.NS
2010-05-04,221.9300079345703,225.24712543095356,221.04351130151412,225.16388554720228,6576208,INFY.NS
2010-05-05,224.16502380371094,225.4136221538987,217.25611293267193,220.53575647026963,12122080,INFY.NS
2010-05-06,221.26409912109375,223.9402737010917,220.2152887305532,223.9402737010917,7808360,INFY.NS
2010-05-07,217.82630920410156,220.1986460138703,217.0105542366457,219.59515682542036,8984392,INFY.NS
2010-05-10,222.72500610351562,223.39925745189166,218.088547535249,218.088547535249,5635408,INFY.NS
2010-05-11,221.48056030273438,222.62510890901552,219.42037281142828,222.23388544986216,5802824,INFY.NS
2010-05-12,223.22439575195312,224.6561177108647,220.77298520082357,221.08513476986988,9185176,INFY.NS
2010-05-13,225.25967407226562,226.66227468313548,221.52221024623367,223.41591819667119,4923880,INFY.NS
2010-05-14,220.74391174316406,226.9952371850794,218.92096582206045,225.5801586987771,6824496,INFY.NS
2010-05-17,217.78465270996094,220.42335265423597,214.43008171959923,219.33706823288608,8170824,INFY.NS
2010-05-18,218.85435485839844,221.4181480050102,214.92960145404874,221.4181480050102,7144600,INFY.NS
2010-05-19,216.66099548339844,220.7813707927892,215.8785281807949,218.58799116081246,11939240,INFY.NS
2010-05-20,216.48619079589844,219.2997037515905,215.30002210654283,217.42263976117914,6508872,INFY.NS
2010-05-21,214.90460205078125,217.08964932640168,212.95679660826718,213.76005347783723,7127200,INFY.NS
2010-05-24,216.45709228515625,218.9210021877269,214.69657600482685,217.33944361678897,7186104,INFY.NS
2010-05-25,210.8799591064453,215.32914811576978,208.94048565215863,215.32914811576978,8838128,INFY.NS
2010-05-26,219.47543334960938,221.05383883285,214.0493565740105,214.7862347312643,7868856,INFY.NS
2010-05-27,221.3427734375,223.07190748600604,217.30252586385146,220.0406791981643,11312696,INFY.NS
2010-05-28,224.1981658935547,224.78012497185682,220.8361854156995,223.5785298355458,6793992,INFY.NS
2010-05-31,222.56944274902344,229.01709026282134,219.7684882748676,229.01709026282134,7020752,INFY.NS
2010-06-01,219.75177001953125,222.52760001360085,219.1865541022813,222.31826078498975,5782888,INFY.NS
2010-06-02,221.08322143554688,222.0629252119759,219.7308978161829,220.64360893198221,6557144,INFY.NS
2010-06-03,225.9188690185547,226.57201142386955,222.73691311688492,222.73691311688492,5517096,INFY.NS
2010-06-04,228.51051330566406,229.2683254092785,224.61680361555028,225.9188977188581,4950400,INFY.NS
2010-06-07,223.71250915527344,226.9237819217774,221.8996391486015,226.9237819217774,7781952,INFY.NS
2010-06-08,222.27638244628906,225.16526366474716,221.7195483017836,223.71244130945573,6651144,INFY.NS
2010-06-09,219.80198669433594,223.40681209509668,219.09442423044246,223.40681209509668,5427120,INFY.NS
2010-06-10,221.52688598632812,222.23444824570444,219.43349442410405,219.82285707736696,5187448,INFY.NS
2010-06-11,220.28762817382812,225.32432087446182,219.47120533825088,223.1471933129225,9912864,INFY.NS
2010-06-14,229.9717254638672,231.01425131595974,221.90799365739633,221.90799365739633,9728848,INFY.NS
2010-06-15,228.99195861816406,232.7851889878087,227.93690132253334,229.98004372482612,7946312,INFY.NS
2010-06-16,231.8976287841797,232.74336749276807,229.60327888655155,230.68346118977595,5720064,INFY.NS
2010-06-17,231.5167236328125,233.10351150678562,229.10093982900932,232.45036877387787,5639240,INFY.NS
2010-06-18,233.30447387695312,235.71606685564447,226.7437920618842,226.7437920618842,8356232,INFY.NS
2010-06-21,234.52694702148438,236.03418958532004,233.72726701701444,234.40970477832576,7164752,INFY.NS
2010-06-22,231.7050018310547,234.4054774355985,231.11047034235446,233.62254067216267,4763688,INFY.NS
2010-06-23,234.27151489257812,234.87440774154166,227.58104177602397,230.03031058510552,4948088,INFY.NS
2010-06-24,236.36070251464844,237.28179500504285,233.04059094249382,235.66569227414905,12316104,INFY.NS
2010-06-25,232.59266662597656,235.4606145584301,232.03164148405193,235.2973340202764,3345664,INFY.NS
2010-06-28,235.21359252929688,235.88347816127776,231.94790007338995,231.94790007338995,3834168,INFY.NS
2010-06-29,233.9198455810547,235.59875028789358,231.705040624778,233.87797773521473,3773072,INFY.NS
2010-06-30,233.70626831054688,235.18419479309912,228.76586349853602,232.61770453840887,9449976,INFY.NS
2010-07-01,231.7008056640625,233.70627100954425,230.356843979669,233.70627100954425,5847248,INFY.NS
2010-07-02,228.38905334472656,232.36230703103197,227.42609308314476,232.36230703103197,11169440,INFY.NS
2010-07-05,229.72462463378906,230.4405687160941,227.76102721939534,228.5983839371137,3616720,INFY.NS
2010-07-06,233.21229553222656,234.37621353143516,229.6870145468834,229.6870145468834,5872600,INFY.NS
2010-07-07,232.93173217773438,234.42642227088152,231.54590255927073,234.42642227088152,5923392,INFY.NS
2010-07-08,236.84637451171875,238.34523502938924,234.4682893405665,234.96232168282933,6278192,INFY.NS
2010-07-09,240.63963317871094,241.20065822044015,237.65027309501232,237.65027309501232,7859112,INFY.NS
2010-07-12,242.490234375,243.67091606313681,238.64677346389686,238.65096433805394,8597240,INFY.NS
2010-07-13,234.1878204345703,240.74432987409085,232.8689831513507,240.32146049779809,25502384,INFY.NS
2010-07-14,229.67855834960938,235.21349424846713,229.1845260797631,233.61832566517515,14193928,INFY.NS
2010-07-15,231.07701110839844,232.4502682043385,229.43578345817272,230.1852137716879,8328136,INFY.NS
2010-07-16,232.5340118408203,233.70631150440386,230.35688389416518,230.69182665518903,8205560,INFY.NS
2010-07-19,231.98548889160156,233.85698934204896,229.079865155747,230.18936281208022,7047120,INFY.NS
2010-07-20,231.08120727539062,232.99457612275143,230.5662409178782,231.98555688862118,5054736,INFY.NS
2010-07-21,232.0860137939453,232.70147928422702,231.1105011962816,231.7217758134647,2634480,INFY.NS
2010-07-22,230.64996337890625,231.50825422103142,228.3514227245059,231.50825422103142,8226952,INFY.NS
2010-07-23,233.32530212402344,240.3256137696853,231.52917571751166,233.3713608407613,5323096,INFY.NS
2010-07-26,234.8326416015625,235.29737894757275,233.62266450666476,233.62266450666476,4470816,INFY.NS
2010-07-27,236.87149047851562,237.3069119163114,234.71110589323249,234.71110589323249,5093960,INFY.NS
2010-07-28,237.14788818359375,237.68378849540036,235.46479240763284,236.88829933186108,3725168,INFY.NS
2010-07-29,237.2357177734375,237.80931532044843,235.36842858874945,236.53653715809355,3613008,INFY.NS
2010-07-30,233.48861694335938,237.07669985400506,231.1105312484076,235.7159947334302,4472672,INFY.NS
2010-08-02,234.20455932617188,235.53177833318466,232.881531192768,234.4599572968846,3815232,INFY.NS
2010-08-03,233.1453094482422,236.0509340978595,231.90601702164665,234.8786343187286,2434584,INFY.NS
2010-08-04,240.69827270507812,242.16364747367749,233.62260596526977,233.62260596526977,9536024,INFY.NS
2010-08-05,240.2586212158203,243.40290036822321,239.61386051111216,241.15877985590748,6594296,INFY.NS
2010-08-06,239.8022918701172,242.1636344241856,238.81420656216366,239.5678278311186,3676480,INFY.NS
2010-08-09,240.71078491210938,241.40160433116483,235.82062895938162,238.52110487023472,4201544,INFY.NS
2010-08-10,236.8925018310547,240.32147488403527,235.71601107963735,240.32147488403527,4811984,INFY.NS
2010-08-11,235.37265014648438,239.30822769859174,234.4599392744796,237.30695282281258,5344800,INFY.NS
2010-08-12,232.17393493652344,234.1249805295933,230.6080816804363,234.1249805295933,6973400,INFY.NS
2010-08-13,232.5549774169922,234.29249322630088,230.6918580552033,232.36657208827194,5561808,INFY.NS
2010-08-16,231.2695770263672,232.61772971353895,230.27313056595827,231.11048740437994,5193608,INFY.NS
2010-08-17,230.3150634765625,232.4921918715418,228.59848147282878,230.6918741603089,5140640,INFY.NS
2010-08-18,235.0670928955078,236.09285543463685,230.95566098992754,231.5376405810453,6128144,INFY.NS
2010-08-19,234.8450469970703,236.553246333103,233.45083595183118,235.71588970891503,4826744,INFY.NS
2010-08-20,231.91432189941406,234.71108512530805,230.60803725832977,234.71108512530805,4624824,INFY.NS
2010-08-23,234.72364807128906,235.2972456195954,231.2193223553424,232.11528998488203,4511832,INFY.NS
2010-08-24,231.5500946044922,233.53881705159702,230.70854691190306,233.53881705159702,5247552,INFY.NS
2010-08-25,232.02322387695312,233.9533356919267,230.77137935353045,231.27798438553728,3502008,INFY.NS
2010-08-26,231.58364868164062,233.0322804938568,230.0513016061481,232.36658571532988,7834984,INFY.NS
2010-08-27,226.91537475585938,230.94307027185295,224.52890720591455,230.94307027185295,6973800,INFY.NS
2010-08-30,226.1240692138672,229.10087746698028,223.2645032078859,227.70668622549906,4781168,INFY.NS
2010-08-31,227.24607849121094,228.0959874477439,224.089227068018,224.83029599750088,7722280,INFY.NS
2010-09-01,232.4628143310547,233.16201547990917,226.77716948229988,227.24609749681434,10131800,INFY.NS
2010-09-02,230.52430725097656,235.63218329249838,229.92977579670074,234.37614820032087,3402512,INFY.NS
2010-09-03,232.57164001464844,234.7948262131327,231.20257403219077,231.20257403219077,7606688,INFY.NS
2010-09-06,237.11012268066406,237.80932376411377,233.25411109185987,233.30853110484577,6391192,INFY.NS
2010-09-07,239.89852905273438,240.5642236109914,235.31400063531308,237.80932795390817,8321272,INFY.NS
2010-09-08,241.1085968017578,241.71151027240228,236.55338232474892,239.2329250625868,9386496,INFY.NS
2010-09-09,242.41481018066406,242.83348860930082,239.3165898087523,240.32979978336624,7591392,INFY.NS
2010-09-13,245.9232635498047,246.6015306058618,241.32618377116935,241.99606908351123,6650488,INFY.NS
2010-09-14,249.16392517089844,251.20706781178757,247.02028334825778,247.07053293913353,9767144,INFY.NS
2010-09-15,255.6324920654297,256.23119403103243,248.61124675756054,249.11366086350372,14344648,INFY.NS
2010-09-16,248.35586547851562,253.89080276063197,247.71110475466128,253.89080276063197,7088984,INFY.NS
2010-09-17,248.70755004882812,252.25376467728952,247.80739138649426,248.35586424150324,8616488,INFY.NS
2010-09-20,251.92715454101562,252.71426169170314,249.1136277444721,249.1136277444721,5025976,INFY.NS
2010-09-21,256.1600341796875,256.6498961555362,250.92238299613257,252.46311155267267,9223912,INFY.NS
2010-09-22,252.40451049804688,256.4740530247297,250.7423487685893,256.27309553327063,10806440,INFY.NS
2010-09-23,253.1246337890625,254.11690998956695,248.95042150178244,251.6299638428867,11181376,INFY.NS
2010-09-24,255.31851196289062,256.12236235683315,250.67535139032643,253.12462043224966,8791520,INFY.NS
2010-09-27,253.93692016601562,256.23127042320874,253.1623648550958,255.8125918767656,7210320,INFY.NS
2010-09-28,252.59703063964844,253.5599908459459,251.29074600857692,253.3004020912846,6209144,INFY.NS
2010-09-29,253.80714416503906,257.8222676284381,251.42486715138165,253.38427471375567,8972920,INFY.NS
2010-09-30,255.43576049804688,257.48728520947196,251.83093441645693,255.13849466548916,13665816,INFY.NS
2010-10-01,259.76068115234375,260.4222054166722,253.4093408771242,255.47760847953387,8086512,INFY.NS
2010-10-04,257.7761535644531,264.7722751706653,256.44476415314824,260.58549030079394,7636640,INFY.NS
2010-10-05,258.29949951171875,260.50175242349957,257.068588858934,257.4872673424176,5189152,INFY.NS
2010-10-06,259.8988952636719,261.49823502471196,257.6212880887299,260.0831097330995,5788528,INFY.NS
2010-10-07,255.68276977539062,259.37133145913253,254.72400009642655,258.65957800718655,6833672,INFY.NS
2010-10-08,257.5960388183594,258.37895504594724,254.30941385878427,256.23114334521773,6548160,INFY.NS
2010-10-11,257.441162109375,259.3294058173992,256.11813425193765,257.9310240238629,4493832,INFY.NS
2010-10-12,257.5040283203125,258.3204514199442,255.41901750472158,257.2360781608856,4625624,INFY.NS
2010-10-13,264.006103515625,265.0067410176851,257.50401430244085,257.98968543931215,13024504,INFY.NS
2010-10-14,266.71917724609375,270.3784237800415,264.2866507183812,265.03191082282586,9193376,INFY.NS
2010-10-15,257.5960388183594,271.1360922064755,256.3274311858303,267.95413683160024,25870360,INFY.NS
2010-10-18,260.1709289550781,261.1631844220619,254.49783706415263,257.94774273056873,12591096,INFY.NS
2010-10-19,252.0611114501953,260.003447980726,251.2907473696406,259.1367756130526,14077712,INFY.NS
2010-10-20,252.76463317871094,254.94176173169453,250.36978359311323,252.02775481058168,7093856,INFY.NS
2010-10-21,257.5040283203125,257.83922196489164,252.89188890654907,254.39815744820697,9231920,INFY.NS
2010-10-22,259.09088134765625,261.7851923857331,254.83515109747535,255.02608652537057,11345744,INFY.NS
2010-10-25,256.20562744140625,260.93658290631055,255.43765931687452,259.5703463148504,5224432,INFY.NS
2010-10-26,255.755859375,258.25498750893473,254.80965594620764,256.27774118996524,6925872,INFY.NS
2010-10-27,252.9003143310547,255.4291519389978,251.797131947265,254.7502704720503,9072696,INFY.NS
2010-10-28,252.10690307617188,257.372461277371,250.17208660576873,253.22280628456744,18232152,INFY.NS
2010-10-29,252.17901611328125,254.41084319750368,249.82839305318572,253.64710150678403,6886024,INFY.NS
2010-11-01,254.72059631347656,257.2918643683556,253.13796196212238,253.13796196212238,4552944,INFY.NS
2010-11-02,256.8760070800781,257.346985213598,253.2906645439232,254.75025546833294,4998504,INFY.NS
2010-11-03,256.6468811035156,258.37802040362413,255.8576773245952,257.2918060092467,3047536,INFY.NS
2010-11-04,261.1274719238281,261.79363256610634,257.3766564371086,258.31436548824234,5514792,INFY.NS
2010-11-08,255.92982482910156,261.7088117412548,255.153362419915,261.7088117412548,5381520,INFY.NS
2010-11-09,259.6552734375,260.94514447965565,257.12643504824604,257.70348861700177,5266960,INFY.NS
2010-11-10,261.59423828125,263.49087168339304,257.1348521801545,258.6538411887221,9728432,INFY.NS
2010-11-11,259.2181091308594,261.70876339910194,258.9083777985279,261.70876339910194,5586392,INFY.NS
2010-11-12,254.39804077148438,257.8688130533038,253.64702006296181,257.8051679328464,7499456,INFY.NS
2010-11-15,257.1305847167969,258.3949930731385,252.67967255499693,254.83511277418535,5850488,INFY.NS
2010-11-16,252.1153564453125,256.1928923804901,249.51015297175755,255.59887109971388,8375136,INFY.NS
2010-11-18,254.91580200195312,257.28341409025103,251.07163067238614,253.64714611393416,7128224,INFY.NS
2010-11-19,251.50865173339844,255.31886622674892,249.9132759133753,253.5240813778611,5664792,INFY.NS
2010-11-22,258.2889404296875,260.35104706466956,252.14931848778122,252.14931848778122,8780144,INFY.NS
2010-11-23,255.60736083984375,259.5703271701064,252.87909357545905,256.9481351325372,4579872,INFY.NS
2010-11-24,254.23263549804688,257.5421829153912,250.3587761030782,256.60872082331974,4038888,INFY.NS
2010-11-25,260.041259765625,263.99997824974673,255.0514778267921,255.0514778267921,18331976,INFY.NS
2010-11-26,258.1489562988281,263.40604115314983,256.8675590872757,260.5207945683537,9515792,INFY.NS
2010-11-29,260.0074462890625,262.69751090599095,258.9212314157082,260.0965536565556,4964328,INFY.NS
2010-11-30,258.9083557128906,261.5984187198028,255.61577726527682,258.271904494324,9072544,INFY.NS
2010-12-01,259.0272521972656,260.22378923974395,257.55069308417507,258.80662811987963,4624096,INFY.NS
2010-12-02,262.9393615722656,263.86432957725697,257.29615758822314,259.3328026350956,7197360,INFY.NS
2010-12-03,265.1880798339844,267.1313697958803,263.3211557519531,263.66059649414063,6647816,INFY.NS
2010-12-06,266.7494812011719,269.54986713777356,265.2729223580906,265.6123630776787,6023648,INFY.NS
2010-12-07,269.736572265625,271.1282709089856,266.4779289733056,266.95740141358453,6085496,INFY.NS
2010-12-08,265.70989990234375,268.50605894017633,264.25455634575394,268.0732638073978,6951112,INFY.NS
2010-12-09,267.4326477050781,270.0336250183357,266.558583584665,266.8853036107124,7931128,INFY.NS
2010-12-10,266.8216552734375,268.32792366211635,264.5771073673927,266.88530041662113,6125120,INFY.NS
2010-12-13,266.9107360839844,267.8526716787724,260.945061112388,267.2247146155804,6849080,INFY.NS
2010-12-14,268.0436096191406,269.3462217195619,265.34082521247547,268.4721576882505,3933584,INFY.NS
2010-12-15,271.8453063964844,272.3162844817344,267.0294917675226,267.0294917675226,8254392,INFY.NS
2010-12-16,279.4701232910156,280.0386825332001,272.40126391865823,273.1989415757141,8509144,INFY.NS
2010-12-20,284.27734375,285.4526654801111,275.9652936162832,275.97378792104865,11346320,INFY.NS
2010-12-21,282.52081298828125,285.9449302501271,280.97636153482324,284.3283393415476,8059840,INFY.NS
2010-12-22,282.7965087890625,285.1047012063586,281.20538064508804,282.1600575314727,5927280,INFY.NS
2010-12-23,285.8006591796875,286.1485942866786,282.5208207381153,283.7725086876196,6231504,INFY.NS
2010-12-24,285.9915466308594,286.9801802252361,283.60698784270414,284.0270416184746,3620064,INFY.NS
2010-12-27,286.56439208984375,287.8288214608124,284.875682450027,284.875682450027,3691760,INFY.NS
2010-12-28,287.05230712890625,287.67179064590135,285.4272428131289,286.06369422418834,2554440,INFY.NS
2010-12-29,288.9404296875,289.79752582553147,286.0721720676395,286.91227959476487,3802920,INFY.NS
2010-12-30,292.50885009765625,293.10711862637277,288.6943884096468,289.37326998145085,8991688,INFY.NS
2010-12-31,292.1523742675781,292.85247072759046,288.9616233263346,291.324987542109,5859728,INFY.NS
2011-01-03,293.4762268066406,294.43937746823246,290.87524972586414,292.25847487420407,5048544,INFY.NS
2011-01-04,295.4365234375,296.9258240118755,293.3616958013871,293.3616958013871,8119288,INFY.NS
2011-01-05,293.5823059082031,295.05886484809804,292.3518332190178,294.04054262256534,3523160,INFY.NS
2011-01-06,295.156494140625,296.41667638835133,292.267020926442,295.31349379658246,4691840,INFY.NS
2011-01-07,286.0424499511719,296.5863272504178,284.8204716539194,293.90051085729414,8550928,INFY.NS
2011-01-10,288.1639404296875,292.1863044539406,284.4513077583192,286.4030917912671,10390408,INFY.NS
2011-01-11,282.21954345703125,290.51038027945265,279.02881258863414,283.433048376579,12319416,INFY.NS
2011-01-12,286.5982971191406,287.6760172881314,281.5830520704416,284.28161000449563,10035400,INFY.NS
2011-01-13,271.99383544921875,279.9537242033533,271.12826578651527,279.44456314084346,22352872,INFY.NS
2011-01-14,271.9174499511719,278.1631461031498,270.2796445080779,270.377225417556,10321640,INFY.NS
2011-01-17,277.39105224609375,278.4857406429223,270.81013896757077,271.55266578808505,8218616,INFY.NS
2011-01-18,281.9904479980469,283.06816840746916,275.7956533233982,275.7956533233982,9797168,INFY.NS
2011-01-19,275.76171875,281.22670743290075,274.59064382714337,280.6454067661956,6935088,INFY.NS
2011-01-20,279.690673828125,280.6665659499507,273.0885680477675,274.26811632528165,7231848,INFY.NS
2011-01-21,275.27374267578125,278.1717099514481,274.18328091919733,277.5776886062193,4626824,INFY.NS
2011-01-24,278.7359313964844,279.189941564269,273.86921338683493,274.946933333809,7501360,INFY.NS
2011-01-25,276.6145324707031,280.4502299439078,274.61184425504297,277.06854281113635,9925912,INFY.NS
2011-01-27,271.28948974609375,277.40791675391705,270.3220920219036,277.40791675391705,12710648,INFY.NS
2011-01-28,268.8498229980469,277.36979914921744,266.5161675965216,272.0448218239188,12684296,INFY.NS
2011-01-31,264.56866455078125,266.33376100882225,261.895568016839,266.33376100882225,7749368,INFY.NS
2011-02-01,262.1500549316406,265.47656973011664,258.2380131983507,265.2983757889117,10301688,INFY.NS
2011-02-02,262.1543884277344,268.4976887546659,260.09652845545224,264.1698182974952,9174728,INFY.NS
2011-02-03,264.56011962890625,267.5641618747205,261.895497403459,263.18536806500015,6049408,INFY.NS
2011-02-04,258.6454162597656,265.07782408476834,256.82092181186437,262.98178111841867,6959880,INFY.NS
2011-02-07,262.0015563964844,264.24610399506554,259.75700879790327,260.93655700286746,7341128,INFY.NS
2011-02-08,262.778076171875,264.7637963574277,260.690507182698,263.0665925346236,6023992,INFY.NS
2011-02-09,265.6717224121094,268.1326672711232,260.34249974626835,261.7936168985367,7504144,INFY.NS
2011-02-10,259.0951232910156,264.2546268935152,258.0598331352536,263.54603603266844,8252152,INFY.NS
2011-02-11,258.0471496582031,260.41049381766845,256.3075155433645,257.1433760898008,11214152,INFY.NS
2011-02-14,263.4527282714844,264.61955597815967,258.01742851973427,258.3144392087061,6979048,INFY.NS
2011-02-15,263.62237548828125,265.52748223515573,260.87289344288456,263.0665372096461,4599952,INFY.NS
2011-02-16,263.3211975097656,265.07779948558635,261.4627674387043,261.56034838043024,2920384,INFY.NS
2011-02-17,264.19952392578125,265.44271762497095,263.25332022222335,264.6365456884501,3392984,INFY.NS
2011-02-18,263.0920715332031,266.885318175794,262.14164147531466,265.1881142446284,7102304,INFY.NS
2011-02-21,268.60369873046875,269.66869818848386,261.0299272711229,263.0665716971655,9398952,INFY.NS
2011-02-22,266.6180114746094,268.75223708794255,264.25464676092616,266.47797972241534,6085648,INFY.NS
2011-02-23,261.2676086425781,263.5673078144313,260.5250818336375,263.5673078144313,7076384,INFY.NS
2011-02-24,255.32737731933594,261.36941949660195,254.15630240010483,258.8236134625442,16486520,INFY.NS
2011-02-25,255.20001220703125,258.1998070070944,251.6952827839743,256.5492807224216,10366720,INFY.NS
2011-02-28,254.33445739746094,266.01970020678283,251.8140934412119,256.4474676225114,14514472,INFY.NS
2011-03-01,261.57305908203125,263.74548838027135,255.25946880561656,257.1263931120406,8377632,INFY.NS
2011-03-03,256.7954406738281,259.5873327619427,254.66544152291272,259.51096687467225,12571856,INFY.NS
2011-03-04,259.85882568359375,262.2179427097888,258.6538153331509,260.2661586702014,9770912,INFY.NS
2011-03-07,258.20404052734375,260.9450282193573,256.74444971631397,257.6354815199898,7357728,INFY.NS
2011-03-08,264.4497985839844,265.7820993445424,256.2947265206722,257.1475755232438,8514512,INFY.NS
2011-03-09,262.6847229003906,265.8500121882559,260.60564820775306,264.7637975930282,6676440,INFY.NS
2011-03-10,262.2392272949219,263.06661422676416,259.88435679660165,262.6423132360758,3438200,INFY.NS
2011-03-11,259.15447998046875,261.28447865873983,258.3992327105758,260.3510167343338,7278272,INFY.NS
2011-03-14,263.1344299316406,263.74541903681137,257.18147633446716,257.55062637603686,3557952,INFY.NS
2011-03-15,257.13916015625,259.5788912232755,255.08979434707862,257.2961598337799,9037824,INFY.NS
2011-03-16,257.2027282714844,259.7952110853657,256.28200768833125,256.702061463526,5594720,INFY.NS
2011-03-17,252.7729949951172,254.49566066300815,252.11957580186635,253.2312523633126,8321376,INFY.NS
2011-03-18,249.58229064941406,254.1392782990077,248.86097909928674,252.89606419662692,7468000,INFY.NS
2011-03-21,247.9869384765625,250.93158293901266,246.4637022028944,250.45635758578442,6607096,INFY.NS
2011-03-22,249.7478790283203,250.91045991930102,248.13128766518514,249.07747084777603,5119744,INFY.NS
2011-03-23,254.01626586914062,254.47874977536088,248.3857838016104,249.043450294423,7266720,INFY.NS
2011-03-24,254.81814575195312,255.6158231352403,252.77725433461802,253.98226471444588,8189232,INFY.NS
2011-03-25,268.4170227050781,270.2796996944161,257.97921954576475,258.3144131459349,12662792,INFY.NS
2011-03-28,266.4228210449219,267.950304507273,263.8939831692432,266.37614379556373,12056632,INFY.NS
2011-03-29,269.29107666015625,270.59366807068204,265.5232720112217,265.78209971932694,9860592,INFY.NS
2011-03-30,269.0831604003906,271.8496108014964,267.8739027278695,269.1765148938182,5608128,INFY.NS
2011-03-31,275.0573425292969,277.0685249219195,268.489151284223,270.0251290356961,18839928,INFY.NS
2011-04-01,273.0928039550781,276.3259853840507,272.23148133958836,274.5312007066109,5588288,INFY.NS
2011-04-04,278.6087951660156,279.6992571711826,273.3347413071538,273.6741821532354,7375992,INFY.NS
2011-04-05,278.6171875,279.444574259499,274.1917373760633,278.0825642195295,4302536,INFY.NS
2011-04-06,277.9297790527344,279.95370240575227,275.9695215453898,278.25649899619935,6766920,INFY.NS
2011-04-07,275.4477233886719,276.8054866305502,274.75187387077386,276.8054866305502,3800288,INFY.NS
2011-04-08,273.8692932128906,277.0388088541907,272.1848101672878,275.1167338526809,4832928,INFY.NS
2011-04-11,275.082763671875,276.7969351387422,269.9402285534563,271.15373325291864,8000064,INFY.NS
2011-04-13,280.5647277832031,281.4897161917541,271.21313993041747,272.4860426522436,11068904,INFY.NS
2011-04-15,253.68951416015625,279.91980471084065,252.67119197587064,279.71188069062805,81019736,INFY.NS
2011-04-18,246.6121826171875,251.78015940170303,244.39732358507067,247.70687067528516,41086712,INFY.NS
2011-04-19,245.0210723876953,248.3857705585957,244.4822019061545,246.6037066085682,19210632,INFY.NS
2011-04-20,246.71409606933594,248.46220398868078,245.3308704837491,247.70695639642463,17949856,INFY.NS
2011-04-21,246.9431915283203,249.5314277281876,246.18794400630796,247.68147115324246,23953696,INFY.NS
2011-04-25,249.5992431640625,251.5213178891462,246.72247072834242,247.36741636172954,15527240,INFY.NS
2011-04-26,249.6884002685547,250.75762628297102,247.79176664426902,249.06466955511286,18230880,INFY.NS
2011-04-27,250.6048583984375,251.58075057014702,249.70110567437342,249.9132561464842,9981328,INFY.NS
2011-04-28,248.5681915283203,251.016416043594,247.8765893385186,250.25267441262972,23419304,INFY.NS
2011-04-29,246.62498474121094,248.5555545142389,245.07203875824328,246.94321052797378,16254336,INFY.NS
2011-05-02,248.00814819335938,249.82839509421495,246.94314868348013,247.71113753343081,13468184,INFY.NS
2011-05-03,247.03225708007812,250.9442993582967,246.09030069601096,247.79175162728964,13234040,INFY.NS
2011-05-04,243.5275421142578,246.51886395745936,241.23631687265666,246.17942318092585,16924400,INFY.NS
2011-05-05,241.72418212890625,244.3039228804743,240.74829022282148,243.31955738850323,12661232,INFY.NS
2011-05-06,245.50048828125,246.94311126803922,241.6817803750432,242.52188782728214,11930664,INFY.NS
2011-05-09,246.8201446533203,247.53720921660536,243.33662921790054,246.94318780264712,4938200,INFY.NS
2011-05-10,244.401611328125,248.20757868327885,243.7184826076139,246.74798745746602,4873368,INFY.NS
2011-05-11,246.6079559326172,248.13119217879657,244.3930967166704,244.5670642473638,6410072,INFY.NS
2011-05-12,244.50344848632812,246.85831900971053,243.71849164520063,245.91636251322876,4996480,INFY.NS
2011-05-13,244.2572784423828,247.11281487383673,243.65476294866198,244.66883783591712,8282336,INFY.NS
2011-05-16,241.8854522705078,244.05788119694006,241.20234438591794,244.05788119694006,6469368,INFY.NS
2011-05-17,241.35504150390625,244.1681685384566,239.64087023274814,241.71569722235003,7570472,INFY.NS
2011-05-18,241.21507263183594,244.59675924592148,237.86309536922997,241.85152401081177,10176496,INFY.NS
2011-05-19,241.5502471923828,242.6746445400268,240.62952670066244,242.6746445400268,7455960,INFY.NS
2011-05-20,241.83885192871094,243.01415328100106,240.33680979786013,241.4272716670353,8023672,INFY.NS
2011-05-23,240.75262451171875,242.08917260597102,239.97191484784676,241.669118777056,6778880,INFY.NS
2011-05-24,241.38482666015625,243.02687973402195,240.40893440964058,240.40893440964058,7625464,INFY.NS
2011-05-25,236.64535522460938,239.95914971301156,233.92560277064288,239.95914971301156,11075416,INFY.NS
2011-05-26,237.32058715820312,239.1326145920173,235.73505532831157,238.81209013317712,8476176,INFY.NS
2011-05-27,238.25657653808594,239.92330415871112,235.90606322694788,235.90606322694788,6264944,INFY.NS
2011-05-30,237.666748046875,239.84631427802907,235.99146526338933,239.84631427802907,6867352,INFY.NS
2011-05-31,238.09837341308594,240.8634393408707,237.3205799371202,238.7266096802881,20410608,INFY.NS
2011-06-01,240.31216430664062,241.376301405275,237.9573736233306,238.81210556881672,8105864,INFY.NS
2011-06-02,239.5856170654297,241.03438338782922,237.35903640709282,237.6154559638884,7117288,INFY.NS
2011-06-03,240.7096710205078,242.98326695366765,240.25665879412816,240.26521446287458,6293384,INFY.NS
2011-06-06,242.56430053710938,243.2523637283696,238.91032252350948,241.2052854825492,3769264,INFY.NS
2011-06-07,247.23550415039062,248.2141680983568,241.8934292515796,241.8934292515796,7978664,INFY.NS
2011-06-08,245.45338439941406,247.20558500036284,245.0730328327042,246.93207493371085,5945968,INFY.NS
2011-06-09,244.58151245117188,246.29097610625607,243.98747800452534,246.29097610625607,4221616,INFY.NS
2011-06-10,244.65423583984375,246.23121229319008,243.7011970868726,245.17988770179863,7187264,INFY.NS
2011-06-13,245.95767211914062,246.35083629220054,241.00876165161142,243.4703938194907,7733184,INFY.NS
2011-06-14,245.50466918945312,246.46196482732043,244.85934237526138,245.97477177539045,7870104,INFY.NS
2011-06-15,242.36782836914062,244.60294433219843,241.62419479188802,244.60294433219843,7335880,INFY.NS
2011-06-16,239.35060119628906,241.8036778121921,238.90186690554532,241.8036778121921,7628960,INFY.NS
2011-06-17,236.73077392578125,239.6112366553945,233.45289014162077,239.33344883296692,8525168,INFY.NS
2011-06-20,231.5939178466797,237.59413243270353,226.71766751605222,236.61546844670534,12458152,INFY.NS
2011-06-21,233.09825134277344,235.47868853759658,230.2049957663491,232.7435458758169,7542816,INFY.NS
2011-06-22,235.48297119140625,237.76082388905013,234.3760972963081,235.30774693755296,5625000,INFY.NS
2011-06-23,237.53858947753906,238.39332151715817,233.8119494378072,235.0513108952549,4158768,INFY.NS
2011-06-24,244.44912719726562,245.9662768263959,238.5557529522539,238.5557529522539,11219288,INFY.NS
2011-06-27,245.39779663085938,249.83812450249027,241.05575457685538,242.03014055738018,10724296,INFY.NS
2011-06-28,244.90635681152344,245.8935764155046,243.06868306646444,245.31235449938532,4486792,INFY.NS
2011-06-29,246.31239318847656,248.47059148048976,245.1371366928258,245.1371366928258,4800752,INFY.NS
2011-06-30,248.76544189453125,249.49624184320993,246.2909972152139,246.67990440357303,11341840,INFY.NS
2011-07-01,250.79115295410156,253.8510973401218,249.93216408562952,250.8638135128427,6402464,INFY.NS
2011-07-04,251.20144653320312,254.4537058316212,250.8638315807216,253.56904990137195,4114592,INFY.NS
2011-07-05,252.69723510742188,253.84684546091881,250.0945803703651,252.74424954038605,6423728,INFY.NS
2011-07-06,252.4621124267578,254.0647344554861,251.043270244475,251.88944632865378,3440224,INFY.NS
2011-07-07,256.05206298828125,256.41960192453587,251.5476294879697,252.5903983623,5751472,INFY.NS
2011-07-08,254.41525268554688,258.4623961063484,253.62034776751034,256.4195950130697,5669792,INFY.NS
2011-07-11,249.6800079345703,254.37677655661983,246.8935943794438,252.4792549890595,9206520,INFY.NS
2011-07-12,238.60272216796875,243.59862667129258,234.77779636321776,243.59862667129258,29652656,INFY.NS
2011-07-13,237.38478088378906,239.95325534862823,235.99584104238113,236.4189293128821,13338168,INFY.NS
2011-07-14,234.22645568847656,236.24788820839177,233.427273045267,235.92736375803668,10891224,INFY.NS
2011-07-15,233.45724487304688,236.15818560798965,232.4871156574103,234.53847256026978,6392624,INFY.NS
2011-07-18,231.9229736328125,234.47435701190363,231.40587746434477,233.76920310855974,9408656,INFY.NS
2011-07-19,235.09405517578125,236.07699705344768,232.200778780179,232.57259557655001,8324424,INFY.NS
2011-07-20,235.2606658935547,237.00005357018435,234.62389483334937,237.00005357018435,6222712,INFY.NS
2011-07-21,236.59835815429688,238.00011019776792,233.92304299168626,234.64100947883404,5897088,INFY.NS
2011-07-22,241.73956298828125,243.08576580524064,236.76074939539964,237.9830202534999,7749624,INFY.NS
2011-07-25,239.98744201660156,241.46613294885125,238.5643211998256,240.86354255285664,7404256,INFY.NS
2011-07-26,239.47885131835938,241.37635246523382,238.2565802042632,240.09425427579384,6848736,INFY.NS
2011-07-27,239.03866577148438,242.3934895639326,238.5728409088325,239.41048261522096,8506440,INFY.NS
2011-07-28,235.14532470703125,237.09409693857108,233.7264612651402,236.3333938190209,9481376,INFY.NS
2011-07-29,237.2650604248047,237.82491408872042,232.94866359027327,234.2820539297152,9757592,INFY.NS
2011-08-01,240.61557006835938,241.3591826001235,237.624008610419,237.624008610419,6094952,INFY.NS
2011-08-02,235.13250732421875,239.20104019811706,234.62394593185184,239.20104019811706,4932528,INFY.NS
2011-08-03,233.56394958496094,234.170796459484,231.5040382211266,233.76907680811564,5646088,INFY.NS
2011-08-04,231.55970764160156,235.90175030400394,231.11952901580096,234.1965641654196,6529888,INFY.NS
2011-08-05,221.4781494140625,225.9569575690011,215.81982780510393,225.9569575690011,15758072,INFY.NS
2011-08-08,211.1615447998047,213.68300424995414,207.7853533326554,213.68300424995414,16170240,INFY.NS
2011-08-09,202.9603729248047,208.55031135355418,200.87909234556108,200.9474750728885,16849744,INFY.NS
2011-08-10,209.16146850585938,211.66581648134348,206.0844334170934,209.23838603608664,13955960,INFY.NS
2011-08-11,208.60589599609375,211.03332647940348,206.41349594049163,207.8708181441512,8206232,INFY.NS
2011-08-12,203.01596069335938,212.65734278744418,200.2081783141031,212.65734278744418,14098080,INFY.NS
2011-08-16,205.0758819580078,208.40505939569218,202.7681052313868,207.69990539589134,10146704,INFY.NS
2011-08-17,209.31959533691406,210.73418101346152,204.7937934326724,204.7937934326724,8531328,INFY.NS
2011-08-18,201.21250915527344,210.95645592565018,200.2637480964271,210.6914806050759,10674664,INFY.NS
2011-08-19,190.15220642089844,194.36603896779445,185.61359243778404,194.36603896779445,28899200,INFY.NS
2011-08-22,187.57948303222656,191.8958794013163,185.90420005485544,189.22909900999423,15708072,INFY.NS
2011-08-23,194.6182098388672,196.81486703260234,187.52821166170781,188.14789239759995,17143440,INFY.NS
2011-08-24,192.39161682128906,195.3019834440188,190.60523529488967,194.87889527908,8606144,INFY.NS
2011-08-25,186.62217712402344,193.60535428012292,184.75032238508763,192.3317910756014,26853752,INFY.NS
2011-08-26,188.2589874267578,192.56255021979416,186.55805834740005,186.887138490957,21021960,INFY.NS
2011-08-29,196.2678680419922,197.63543946874094,190.77621403145412,191.3745265306567,11222528,INFY.NS
2011-08-30,200.25942993164062,201.71675216633847,194.87889616069987,199.23802936429448,12142920,INFY.NS
2011-09-02,198.2294158935547,203.85355590717268,194.47715124082887,203.85355590717268,14960904,INFY.NS
2011-09-05,193.60531616210938,196.04983668807284,191.47702137391062,196.04983668807284,10902544,INFY.NS
2011-09-06,196.8063201904297,198.29782335206008,189.94281807936014,192.64803650352863,10816696,INFY.NS
2011-09-07,195.85751342773438,197.81058393064686,193.82324757761126,196.4088112632414,13157432,INFY.NS
2011-09-08,199.87481689453125,201.2039294379342,196.5029030491974,196.58837625626535,11027872,INFY.NS
2011-09-09,194.39170837402344,198.99017083621874,193.25491060871127,198.99017083621874,12392104,INFY.NS
2011-09-12,187.9085235595703,189.52397931240444,186.38709665931347,188.72479666792933,8198264,INFY.NS
2011-09-13,189.9256591796875,193.14371564266355,187.67771066350807,190.0154101805516,10365216,INFY.NS
2011-09-14,201.00299072265625,202.3064566873245,192.2291773468137,192.4001237028358,17236880,INFY.NS
2011-09-15,205.98184204101562,207.5716517976993,199.15254218185686,203.25525549719126,13703456,INFY.NS
2011-09-16,204.7210693359375,210.08451113482428,202.87913908543894,210.08451113482428,11304104,INFY.NS
2011-09-19,201.94326782226562,206.12719807453803,201.38343500028077,205.0502272998758,6558432,INFY.NS
2011-09-20,208.25970458984375,208.55458292088795,203.01163822044612,203.1697719684224,9008904,INFY.NS
2011-09-21,208.18280029296875,209.82815946457356,206.84515300174752,208.55461707614214,7402480,INFY.NS
2011-09-22,201.0842742919922,206.14428395167775,199.72095995207317,203.7681246335452,9037856,INFY.NS
2011-09-23,199.90472412109375,204.2638573164621,198.38329698921422,198.9816093885785,10448432,INFY.NS
2011-09-26,201.28936767578125,202.1440995979714,196.68237096216774,200.4346357535911,6544288,INFY.NS
2011-09-27,208.90928649902344,211.0033796290389,203.186860670293,203.186860670293,10341024,INFY.NS
2011-09-28,211.14010620117188,217.1018600348048,209.6229573761255,211.97346964028185,20061760,INFY.NS
2011-09-29,218.0507049560547,219.66186237444705,211.22566108547065,212.14449805326782,23256344,INFY.NS
2011-09-30,216.5078125,219.15320287762185,214.3837959269934,216.40950583626005,10730656,INFY.NS
2011-10-03,211.62306213378906,215.221491768894,210.922186151405,212.82824245613423,9885128,INFY.NS
2011-10-04,208.42636108398438,212.12307632568312,206.29808712997396,209.59733954196355,7838480,INFY.NS
2011-10-05,209.14866638183594,213.59755112191746,207.537508898865,210.0888716888952,10771856,INFY.NS
2011-10-07,214.42657470703125,220.08489537185488,212.62735999204625,218.8113532642995,18457728,INFY.NS
2011-10-10,221.37135314941406,222.30728069764376,216.11047249443095,217.52933623691902,16946432,INFY.NS
2011-10-11,214.07186889648438,221.80291427847578,212.82822988570507,221.6661488359762,22339248,INFY.NS
2011-10-12,229.01263427734375,229.75196913459766,221.80296127391404,221.80296127391404,34633704,INFY.NS
2011-10-13,230.49557495117188,233.25636349286867,229.49554268169746,232.40163149032975,18041536,INFY.NS
2011-10-14,234.51715087890625,235.6240249209469,229.60671849003683,231.72645855120481,19600992,INFY.NS
2011-10-17,234.7564697265625,236.3248907473867,232.50424209817075,236.00010921483513,14145496,INFY.NS
2011-10-18,230.91009521484375,232.9144372999478,229.72628321405298,230.76905193415726,10518136,INFY.NS
2011-10-19,233.14955139160156,233.76923217158108,230.87169866460118,232.65808042816954,10135320,INFY.NS
2011-10-20,236.14044189453125,236.95262569680997,230.98369269547118,231.36614739782823,5573680,INFY.NS
2011-10-21,234.00035095214844,236.26503143636273,232.65530742023788,236.14041420856927,6858312,INFY.NS
2011-10-24,237.8378448486328,238.48243842536482,235.59465080845996,236.35097813506493,6075592,INFY.NS
2011-10-25,245.69332885742188,249.15694984557064,241.59371714932703,241.59371714932703,15677584,INFY.NS
2011-10-28,245.68905639648438,255.375168927902,244.52020561323707,251.0477876796797,24868784,INFY.NS
2011-10-31,247.3134002685547,249.04950164813266,245.46126363801807,245.46126363801807,10291624,INFY.NS
2011-11-01,243.79388427734375,247.01685203651226,242.19528387565094,244.08609162769648,7906192,INFY.NS
2011-11-02,243.6047821044922,245.2807253075348,242.1437034146602,242.36717090154426,5317856,INFY.NS
2011-11-03,240.8287811279297,244.258010817692,237.8292595383732,243.57044428477803,10779624,INFY.NS
2011-11-04,242.87852478027344,245.02286825367855,239.92199770859943,244.51579643628722,7643688,INFY.NS
2011-11-08,244.26661682128906,244.77368875245443,239.8618936651924,241.9417782564737,6107336,INFY.NS
2011-11-09,243.68212890625,246.42809299679877,242.79688297705346,244.5157989627317,6679648,INFY.NS
2011-11-11,238.55982971191406,241.31009619787136,224.37876814369687,224.37876814369687,9441224,INFY.NS
2011-11-14,241.4046173095703,243.43292602057247,240.47639828046357,241.5206315739176,4633040,INFY.NS
2011-11-15,240.50213623046875,242.36715589307366,239.06254408110385,240.65684286697274,5098024,INFY.NS
2011-11-16,238.7832794189453,240.99208282889936,237.0643629936322,240.21857043750845,6552648,INFY.NS
2011-11-17,236.6517333984375,239.70280895160423,234.88124172655495,237.92373529041402,6366984,INFY.NS
2011-11-18,235.5602569580078,237.59286677042647,233.77258009015782,234.7222853933464,4737896,INFY.NS
2011-11-21,229.48390197753906,235.04889284289598,225.71947152764403,233.77258924742588,9365792,INFY.NS
2011-11-22,234.1164093017578,237.63158488087353,223.45912782106103,223.45912782106103,14859512,INFY.NS
2011-11-23,227.9842071533203,231.1556210035418,224.95033601290478,229.90510492782772,12792816,INFY.NS
2011-11-24,229.14877319335938,230.67861320027782,222.307497552551,226.98294242247903,13231776,INFY.NS
2011-11-25,223.43333435058594,228.18614218667813,222.68560994564334,228.18614218667813,8022528,INFY.NS
2011-11-28,226.5659942626953,227.74774891873452,224.52908316122145,225.18227958243062,7290208,INFY.NS
2011-11-29,223.28297424316406,225.8699522281193,221.84768301836974,225.36716070832452,10659368,INFY.NS
2011-11-30,224.0478973388672,225.60780577421565,220.10727260486334,221.82618922028595,11640232,INFY.NS
2011-12-01,228.21624755859375,231.26732424918947,226.08908845740376,229.81912875078817,8125208,INFY.NS
2011-12-02,231.5509033203125,233.38155333077722,227.57590947559433,227.8423498886023,9451408,INFY.NS
2011-12-05,232.15255737304688,233.5792664646811,229.92226740541892,231.19426981510153,7468184,INFY.NS
2011-12-07,237.12020874023438,238.27617578779402,230.6828754095484,232.48343608766532,8070392,INFY.NS
2011-12-08,234.069091796875,237.0385234720402,231.71848668646152,236.0931196438341,7295584,INFY.NS
2011-12-09,232.93896484375,235.4743665849195,228.6330707817019,229.31633586791833,10570752,INFY.NS
2011-12-12,235.5130615234375,236.8667083509146,231.86466522309675,233.76405548335927,11025800,INFY.NS
2011-12-13,236.5401153564453,237.631623229606,232.80147165302392,234.7438558553055,9648336,INFY.NS
2011-12-14,235.5130615234375,237.83359894196968,234.20238761111838,236.35103336901855,9857632,INFY.NS
2011-12-15,233.45892333984375,235.00594801230514,229.04559733942585,234.31408000388134,10053168,INFY.NS
2011-12-16,234.1593780517578,239.68569827282275,231.36183751619237,231.62397645420714,13669288,INFY.NS
2011-12-19,230.0253143310547,232.35875522444792,228.25484356696754,231.19418552088413,12064432,INFY.NS
2011-12-20,229.36795043945312,231.89474963147413,227.85101482313746,231.19429945934573,10484608,INFY.NS
2011-12-21,235.74940490722656,236.76356986862163,230.3348177730103,233.68670504657274,8422920,INFY.NS
2011-12-22,233.84568786621094,236.17910843743005,227.7564182529802,227.7564182529802,12707136,INFY.NS
2011-12-23,231.60252380371094,235.49157258453215,230.6141467654912,235.49157258453215,7045296,INFY.NS
2011-12-26,238.5727996826172,239.53108753129538,231.28028580793537,231.28028580793537,4236568,INFY.NS
2011-12-27,237.15890502929688,240.562368148663,235.16926754082857,237.64021005039413,6178200,INFY.NS
2011-12-28,239.10134887695312,240.99215753090456,236.4843020047631,237.98405285416362,6851248,INFY.NS
2011-12-29,235.6720428466797,238.4910489735101,234.7223373333377,237.03857299983386,8837168,INFY.NS
2011-12-30,237.86798095703125,238.49969123507208,235.62050577331533,235.8353703600136,5308816,INFY.NS
2012-01-02,241.41746520996094,242.07924371312689,235.66339775101542,237.1416614032093,5826176,INFY.NS
2012-01-03,246.1746063232422,248.12127067323365,242.36720245686797,242.71958869755778,8903008,INFY.NS
2012-01-04,245.32382202148438,247.09431489702627,244.17645753159948,244.5159394372312,7341424,INFY.NS
2012-01-05,244.09902954101562,247.18019579904296,243.35130505071444,244.01738520281546,7125272,INFY.NS
2012-01-06,243.4114532470703,246.4582494465819,241.60231046641763,243.91424470276505,7087632,INFY.NS
2012-01-09,243.78956604003906,246.34645361996647,242.126506397429,244.73066836448203,8265784,INFY.NS
2012-01-10,246.11441040039062,247.12855409171146,244.9627240479631,246.6644551476447,11179176,INFY.NS
2012-01-11,242.93450927734375,248.80459311030413,241.76563751052234,246.49265850699538,13795800,INFY.NS
2012-01-12,222.44927978515625,236.35101686822358,221.5726365737094,236.35101686822358,48970600,INFY.NS
2012-01-13,222.10116577148438,225.0920842606385,219.35520124254091,225.0061384476333,20898944,INFY.NS
2012-01-16,226.90982055664062,227.24072031635868,221.66284567299442,221.84762077027264,13188736,INFY.NS
2012-01-17,228.79205322265625,229.7159707024295,226.36838551880066,227.75640199061664,8740424,INFY.NS
2012-01-18,224.49481201171875,227.2407771150029,222.16997308709625,227.2407771150029,9700424,INFY.NS
2012-01-19,223.00369262695312,225.41877940324554,221.44808533287338,224.8343434271202,9652336,INFY.NS
2012-01-20,222.49652099609375,224.29278006320382,221.42219835240016,223.11532664228847,11635712,INFY.NS
2012-01-23,223.4849090576172,224.79128126141634,222.51371714234637,222.59966295816034,5160864,INFY.NS
2012-01-24,225.24679565429688,226.86258116932422,223.0293894355897,225.00614317625195,5653208,INFY.NS
2012-01-25,229.11434936523438,229.90504663747078,225.60775604611618,226.4672141643871,10545360,INFY.NS
2012-01-27,234.20242309570312,235.06188152908186,230.8677201776193,232.22566869893205,12218872,INFY.NS
2012-01-30,233.11083984375,234.2195324718216,231.19424395933567,231.95915332501417,9588456,INFY.NS
2012-01-31,236.00723266601562,236.75065565034907,232.5693997065689,233.08507465048592,8658896,INFY.NS
2012-02-01,235.72360229492188,236.17911934904615,231.67984716480683,235.4657648283836,6269336,INFY.NS
2012-02-02,236.95260620117188,239.18719733691017,234.63206925252058,235.5001303560878,11538256,INFY.NS
2012-02-03,239.20863342285156,239.96065912749538,235.49577928335341,235.49577928335341,11637200,INFY.NS
2012-02-06,238.6800537109375,241.32716716691377,236.53140903377613,241.08653574935823,7937680,INFY.NS
2012-02-07,234.417236328125,241.0780377269993,233.22687826563083,241.0780377269993,7221640,INFY.NS
2012-02-08,237.99676513671875,239.10117688101974,235.60748906991654,236.1790201542208,6671496,INFY.NS
2012-02-09,241.4990997314453,242.54765529816106,234.7910466970563,236.2650088026257,10156840,INFY.NS
2012-02-10,239.82318115234375,240.8201609469829,236.44980809125556,240.56232351556213,5177616,INFY.NS
2012-02-13,239.65130615234375,240.6912589243453,236.96121888424148,238.52112705937844,5734008,INFY.NS
2012-02-14,240.73851013183594,241.49911794429823,237.5542137430848,238.58556344095638,5477768,INFY.NS
2012-02-15,246.15745544433594,247.0942565804851,241.93750687793585,241.93750687793585,7178328,INFY.NS
2012-02-16,250.01206970214844,250.7640955694249,245.85230072658803,246.14880958625554,8256552,INFY.NS
2012-02-17,253.35104370117188,255.94660276975952,249.25571357553144,250.63944940473849,11457280,INFY.NS
2012-02-21,252.53033447265625,254.3910532951416,250.20979706747914,251.8212813766299,6049224,INFY.NS
2012-02-22,253.7335662841797,257.3218045405484,249.68981095078823,249.68981095078823,10413120,INFY.NS
2012-02-23,252.09197998046875,256.3420176743445,250.63520249082325,252.59477143346086,10474960,INFY.NS
2012-02-24,253.37258911132812,255.60287903410068,251.2626149482829,251.99315444787598,8536440,INFY.NS
2012-02-27,247.8118438720703,254.82931041844162,246.83635059755966,254.82931041844162,6910568,INFY.NS
2012-02-28,246.87074279785156,250.10231373269812,245.37099257015103,248.03961423799547,7950200,INFY.NS
2012-02-29,247.82054138183594,249.93911904066323,246.1660838735093,248.72727423881796,8868408,INFY.NS
2012-03-01,245.5170440673828,247.09415778062223,241.07795219987665,245.07873310764444,9806632,INFY.NS
2012-03-02,244.57595825195312,246.23471638437826,241.77413776867488,246.23471638437826,6077656,INFY.NS
2012-03-05,241.494873046875,246.13594737159033,240.36467291326616,245.64175890182898,5780456,INFY.NS
2012-03-06,245.1561737060547,247.5239854719871,240.7428680131414,241.08665132629693,10349688,INFY.NS
2012-03-07,247.85488891601562,248.81317652225442,243.66502972587404,244.25804755656205,7908568,INFY.NS
2012-03-09,245.401123046875,249.50073478178302,244.7737143157141,248.72722234188083,6644808,INFY.NS
2012-03-12,242.1436767578125,250.53199482325496,239.01525818300928,250.53199482325496,7294472,INFY.NS
2012-03-13,245.78782653808594,246.65158610724836,244.25798695523488,244.4255770846871,7710424,INFY.NS
2012-03-14,247.42510986328125,250.53204258139363,245.28504654962555,248.38339727623588,10602088,INFY.NS
2012-03-15,247.68722534179688,249.68546545572775,246.70745148553124,248.81312386365195,6251360,INFY.NS
2012-03-16,246.23048400878906,250.3601850441442,244.70064414665237,249.67261845287982,9031008,INFY.NS
2012-03-19,243.87123107910156,249.24284409846504,241.6194550979571,248.81311505691596,6061528,INFY.NS
2012-03-20,243.34263610839844,245.22053914747366,240.9060644165709,242.88281771003545,9225384,INFY.NS
2012-03-21,246.4324951171875,248.38346136106202,242.4531987887737,243.4372743958621,6250664,INFY.NS
2012-03-22,243.08056640625,247.05556057313385,241.8773249287068,247.00828617565713,5664640,INFY.NS
2012-03-23,246.89649963378906,247.7602591349512,243.2609880358089,243.48445551272806,5497736,INFY.NS
2012-03-26,243.2911376953125,246.57856541476696,242.4617688991067,246.57856541476696,4922664,INFY.NS
2012-03-27,247.1715545654297,249.56515384434908,243.42432971817425,245.80502453545878,7590752,INFY.NS
2012-03-28,244.35256958007812,247.06844490619218,242.71099602261438,246.32072046770992,5919920,INFY.NS
2012-03-29,239.9607391357422,243.94433644684807,237.8808544042766,242.41019510471378,14000208,INFY.NS
2012-03-30,246.3465576171875,246.92239053044773,240.9061819202384,241.4991998043823,7963600,INFY.NS
2012-04-02,244.96273803710938,248.27595313576205,244.17204079920378,246.14879438539938,4851584,INFY.NS
2012-04-03,245.6717987060547,247.3219540769854,244.30526870736142,246.34648171403896,5451584,INFY.NS
2012-04-04,245.04014587402344,247.0899411756149,244.4299221337775,244.85965125145293,5254144,INFY.NS
2012-04-09,242.60357666015625,245.74920223717058,241.71402898140744,243.87127757441974,6541568,INFY.NS
2012-04-10,238.19017028808594,244.74353722336912,235.23364330321377,244.25795186983322,7243056,INFY.NS
2012-04-11,241.0264434814453,242.7969357244763,235.76656361913777,237.97966843149362,8179640,INFY.NS
2012-04-12,236.4068145751953,243.38563056350236,235.35827997540548,242.6035153632349,11805608,INFY.NS
2012-04-13,206.48912048339844,216.81550168541685,205.33315347685064,216.41156055450523,75255568,INFY.NS
2012-04-16,203.22312927246094,208.5517684446946,200.51583678979384,206.26990344130326,33491480,INFY.NS
2012-04-17,204.6112060546875,206.18401873095073,200.7780351365286,206.18401873095073,23687088,INFY.NS
2012-04-18,203.7990264892578,206.4891348625791,202.40240690867776,206.26996882413022,19165328,INFY.NS
2012-04-19,206.73410034179688,207.55488725160714,203.5197345490767,204.54248157870504,17113512,INFY.NS
2012-04-20,206.90594482421875,208.71080692339822,203.04698615769047,205.81873866714466,11507520,INFY.NS
2012-04-23,198.61221313476562,205.41053678294716,198.1051411233026,205.41053678294716,18136696,INFY.NS
2012-04-24,201.9339599609375,203.24463341985796,188.93465762246407,198.59065572846615,53037912,INFY.NS
2012-04-25,201.96832275390625,203.26181120359217,197.954658204936,201.946836304519,24638504,INFY.NS
2012-04-26,202.5055694580078,204.44795369556337,201.31523224927614,201.97270948487693,17137064,INFY.NS
2012-04-27,205.49649047851562,206.098111320569,202.4024404336697,202.5743321028278,14062464,INFY.NS
2012-04-30,211.6072235107422,212.11429548362173,205.44061058491164,205.5824128026026,10869608,INFY.NS
2012-05-02,212.45803833007812,213.8331712642534,211.5770937941221,211.85641767137645,10124688,INFY.NS
2012-05-03,213.3948211669922,214.62815180597354,211.42667071486431,211.42667071486431,11400728,INFY.NS
2012-05-04,209.8754119873047,214.69267987769123,208.28111266994193,213.31754661986776,10800888,INFY.NS
2012-05-07,209.50149536132812,210.46408414721543,203.51105617526744,207.0434370308311,10710000,INFY.NS
2012-05-08,205.7456817626953,206.9360397145776,200.1806901433333,205.84023055400823,11526640,INFY.NS
2012-05-09,203.3692626953125,205.82301964410954,202.19611084089667,203.51966785525622,10498144,INFY.NS
2012-05-10,201.47422790527344,204.96793878649817,199.59202245871919,203.5197430326657,9084024,INFY.NS
2012-05-11,198.64659118652344,202.83214870258374,196.99213404138584,201.4570154910408,8901312,INFY.NS
2012-05-14,201.02301025390625,201.58595968002803,198.02781043908823,199.41152581817803,7918416,INFY.NS
2012-05-15,207.57632446289062,208.7623808851594,198.10510001658807,198.10510001658807,10267152,INFY.NS
2012-05-16,203.55838012695312,204.98078769305275,202.3164671821577,204.37916693252805,8589288,INFY.NS
2012-05-17,203.73887634277344,204.33189413249926,201.66327211299887,203.55838172005667,5807416,INFY.NS
2012-05-18,204.7960205078125,206.69971216642688,197.86017554196295,199.85413549759647,5938160,INFY.NS
2012-05-21,201.15187072753906,205.02373373986583,199.73806632213297,204.97215785971787,4776760,INFY.NS
2012-05-22,201.20777893066406,203.52401471358147,199.70800750087793,202.40241750282038,5823208,INFY.NS
2012-05-23,201.8179931640625,203.24470233064773,198.29421414533067,202.40242900276738,5402032,INFY.NS
2012-05-24,207.44671630859375,208.1524824291985,201.53908139322996,204.6758764343697,7612048,INFY.NS
2012-05-25,206.75408935546875,207.81274957059196,204.8545807232902,205.89581854729929,4313728,INFY.NS
2012-05-28,207.88243103027344,208.94545201114136,205.8609446732076,208.59691914706937,4725784,INFY.NS
2012-05-29,209.94744873046875,211.29801335189322,207.2027528869287,208.3354845048976,5144760,INFY.NS
2012-05-30,211.9341583251953,214.24318890648547,208.48367392857804,209.72968336473213,8051488,INFY.NS
2012-05-31,211.6770782470703,222.36395824862336,208.34423286971537,209.81677565152236,21626352,INFY.NS
2012-06-01,208.1787109375,211.8644508578081,207.6384891606649,210.42675254847072,6543040,INFY.NS
2012-06-04,207.8650360107422,208.8017182062664,204.3274184655185,206.85428206274668,4812088,INFY.NS
2012-06-05,208.14817810058594,210.15658158140067,206.91523041020184,207.8127067315603,5992720,INFY.NS
2012-06-06,210.4702911376953,212.02562761070183,208.80603814060595,208.8757489705707,8777184,INFY.NS
2012-06-07,213.73338317871094,214.77028104416172,212.26954113338618,213.3020780841945,6647088,INFY.NS
2012-06-08,210.7970733642578,216.8658945171642,208.4924036122029,216.8658945171642,5564824,INFY.NS
2012-06-11,211.35476684570312,213.7160865135159,210.41808437499867,211.47240524647972,3553784,INFY.NS
2012-06-12,214.17784118652344,215.2190790349947,209.31144176077743,209.31144176077743,4134680,INFY.NS
2012-06-13,215.22779846191406,216.93559699459158,212.7793462065346,213.58532857852904,6157784,INFY.NS
2012-06-14,217.6849365234375,218.7043909838301,214.43486303235295,214.43486303235295,7883336,INFY.NS
2012-06-15,219.79783630371094,220.62124070820184,218.07259485878836,218.70867141079918,6311512,INFY.NS
2012-06-18,218.8524627685547,221.69737462378075,217.52804233116345,220.88267066272758,7117032,INFY.NS
2012-06-19,215.8290252685547,218.26875587312455,214.1647719541895,217.83308969373707,6414080,INFY.NS
2012-06-20,215.22779846191406,216.52607507094123,213.733450813965,216.0904089239172,6535976,INFY.NS
2012-06-21,217.0749969482422,218.0944513757103,212.61811994652544,213.9991900034936,6536616,INFY.NS
2012-06-22,215.60682678222656,216.4825200391511,211.42443154701655,213.45464015532718,6414328,INFY.NS
2012-06-25,215.057861328125,216.78746435793033,214.19525090750895,215.64601059838867,7949448,INFY.NS
2012-06-26,212.639892578125,214.3389902962044,211.6945099447971,213.74650144349073,10330160,INFY.NS
2012-06-27,215.05352783203125,215.65473859415917,213.3413471437788,213.6506743567185,8677384,INFY.NS
2012-06-28,215.50660705566406,217.57166020878054,213.33263737260725,214.7833970423084,7612976,INFY.NS
2012-06-29,218.63470458984375,219.48861453014266,215.75930789294233,217.3102836991567,9364968,INFY.NS
2012-07-02,217.78074645996094,219.47114357441947,217.02269175306932,218.09443453931618,5175216,INFY.NS
2012-07-03,217.00967407226562,219.2489938683508,215.79416974680262,219.2489938683508,6428808,INFY.NS
2012-07-04,216.03807067871094,218.2556278741079,215.13189381088625,217.8330232998038,6390816,INFY.NS
2012-07-05,216.11219787597656,216.78748042150175,214.5655830136447,216.11219787597656,5780464,INFY.NS
2012-07-06,213.01025390625,216.52608843890008,212.60509287360813,215.7418893258417,4887440,INFY.NS
2012-07-09,212.42642211914062,215.12319093059355,209.2939872227112,210.95824017642465,7314680,INFY.NS
2012-07-10,214.29544067382812,214.635273008035,212.72270301294662,212.9535975453711,7054720,INFY.NS
2012-07-11,215.30613708496094,218.04211105439754,213.0406738861714,213.47633988593861,16945880,INFY.NS
2012-07-12,197.30445861816406,198.66374538516624,193.34861886389643,196.04974873536142,54271864,INFY.NS
2012-07-13,194.28970336914062,196.81656733645747,193.2615268796107,193.2615268796107,26756504,INFY.NS
2012-07-16,189.19235229492188,195.30037784823423,188.49092566588277,194.30706771520565,18441096,INFY.NS
2012-07-17,189.18797302246094,191.5187862767388,188.4081350853938,190.37733277208378,13503128,INFY.NS
2012-07-18,189.8545379638672,190.72587004185596,188.4691284689674,189.18797743330813,7873264,INFY.NS
2012-07-19,195.63150024414062,196.0497439524576,191.10493374387895,191.69308297573633,10912392,INFY.NS
2012-07-20,193.32688903808594,195.6054149056992,192.15495113711793,195.6054149056992,5153832,INFY.NS
2012-07-23,190.7433319091797,192.55568578619136,190.1769660044241,191.69307545574364,3890800,INFY.NS
2012-07-24,188.96145629882812,192.73869003995367,188.65215037415976,190.86532573802825,7153512,INFY.NS
2012-07-25,188.9527587890625,189.95042995791331,187.3364332153732,189.42763060940527,7036544,INFY.NS
2012-07-26,185.0535125732422,188.81766292805509,183.08865446588635,188.81766292805509,11975336,INFY.NS
2012-07-27,187.21875,188.5562531886052,183.7900711911152,188.38198678085234,9862488,INFY.NS
2012-07-30,192.53826904296875,193.00007935647727,187.9942801983745,188.207752329567,7166920,INFY.NS
2012-07-31,194.0413360595703,194.8298960202868,190.386101433062,193.00009824907661,6914440,INFY.NS
2012-08-01,193.30941772460938,194.34193366196104,191.75844208795334,193.00009052587373,3047984,INFY.NS
2012-08-02,192.194091796875,194.02825025399906,191.25740972192708,193.26147369623428,2420032,INFY.NS
2012-08-03,192.4337158203125,193.20485332421325,190.39480698724017,191.36633387836147,3095592,INFY.NS
2012-08-06,193.1569061279297,194.7340044811596,192.33784118202666,193.62741695756588,3250784,INFY.NS
2012-08-07,196.3373260498047,197.74015839372413,193.61877332569844,194.48138385789852,5465344,INFY.NS
2012-08-08,198.97744750976562,199.97075779756426,196.92109482461666,197.09536128021367,8039104,INFY.NS
2012-08-09,198.8423614501953,201.4084304277866,198.22806801783022,199.55684957267502,6931096,INFY.NS
2012-08-10,201.54345703125,202.2361617322231,197.26956922091904,198.48943404825687,5635688,INFY.NS
2012-08-13,202.15780639648438,203.10755005193025,200.41514187437429,200.51969749114883,4013928,INFY.NS
2012-08-14,202.9637908935547,203.45608511717512,199.47846181231827,201.56529834515646,4044816,INFY.NS
2012-08-16,201.7526092529297,202.85919688831078,200.49789939864473,202.85919688831078,3729624,INFY.NS
2012-08-17,204.85455322265625,205.1987251738102,201.82667394461382,202.49759545814646,8493280,INFY.NS
2012-08-21,209.90394592285156,212.51794275875258,206.0700838968634,206.0700838968634,12206136,INFY.NS
2012-08-22,212.04745483398438,212.6050990436823,208.61003160377675,209.37244743026534,5149168,INFY.NS
2012-08-23,215.8463592529297,216.35173606857504,211.23266055748812,212.1693424595168,14722856,INFY.NS
2012-08-24,213.0232696533203,214.2039288678491,212.0822267590822,213.30209166238012,6724512,INFY.NS
2012-08-27,210.15663146972656,213.17144977329508,209.60770913229635,211.7511738525647,7891360,INFY.NS
2012-08-28,210.96263122558594,213.6027725984341,208.85837203149532,208.85837203149532,5666056,INFY.NS
2012-08-29,208.10031127929688,211.0366970706908,207.59057334085097,211.0366970706908,5616416,INFY.NS
2012-08-30,208.48367309570312,209.65561077301072,206.5101139649098,207.7125567815189,11175392,INFY.NS
2012-08-31,205.77816772460938,207.899870215163,205.17695699461652,207.899870215163,5811064,INFY.NS
2012-09-03,206.07879638671875,209.02388233678434,205.46014198782962,206.1572077791369,4321512,INFY.NS
2012-09-04,205.70413208007812,206.68001999413227,204.2490114046548,205.6649263814274,2333328,INFY.NS
2012-09-05,203.84384155273438,205.37303407543445,203.21212560150533,204.5017017289116,4013224,INFY.NS
2012-09-06,211.03668212890625,211.55075967453365,204.80665621139312,204.80665621139312,7623384,INFY.NS
2012-09-07,216.7220916748047,217.31024088328994,213.57223442290905,213.91204545648628,6075696,INFY.NS
2012-09-10,218.9091796875,220.18567300248986,215.98149463985823,217.48454286276797,7337320,INFY.NS
2012-09-11,220.4034881591797,220.96549319445845,215.6198827129805,217.83305807390758,5441904,INFY.NS
2012-09-12,221.2922821044922,222.18539780129896,219.675956271816,220.534227182243,5083328,INFY.NS
2012-09-13,222.6297149658203,223.6622307522646,219.4014252445061,221.21380028741552,5249704,INFY.NS
2012-09-14,229.34332275390625,230.44118839893207,225.33519523015676,225.50073981442677,10627848,INFY.NS
2012-09-17,223.45315551757812,230.81591303024544,221.92832408004347,230.81591303024544,9859272,INFY.NS
2012-09-18,226.61614990234375,228.20197072114883,224.62950764380363,224.80377413538145,7184200,INFY.NS
2012-09-20,228.0450897216797,230.4673978171839,222.76482864498834,222.76482864498834,11625136,INFY.NS
2012-09-21,225.96255493164062,230.90300362252225,225.1173670597245,227.88384644274905,12293872,INFY.NS
2012-09-24,226.5594940185547,227.4090431405841,224.3811629364281,226.54643254116775,8854032,INFY.NS
2012-09-25,226.37649536132812,227.5048664497572,225.5051630501456,225.6750685962739,8849752,INFY.NS
2012-09-26,225.61407470703125,226.54639600526994,223.68406091586817,224.62946496214843,8489904,INFY.NS
2012-09-27,222.13308715820312,225.93644377473274,220.86093361280516,225.89287716390072,13822880,INFY.NS
2012-09-28,220.8783721923828,224.7950065387063,220.11595644693983,223.14819703765377,9685224,INFY.NS
2012-10-01,227.3871612548828,228.3064208275838,222.10254084969154,222.30295147691982,8826288,INFY.NS
2012-10-03,224.6512451171875,228.2149856336986,223.1046303200072,227.00384227346171,7823624,INFY.NS
2012-10-04,224.42471313476562,226.10202794525793,222.8040476919217,224.37680687267618,7164280,INFY.NS
2012-10-05,220.172607421875,225.2393961610353,179.54237862964746,225.2393961610353,11632000,INFY.NS
2012-10-08,216.80491638183594,221.57110019850367,214.3477633492146,219.9940013700392,8077440,INFY.NS
2012-10-09,220.99160766601562,222.18968932413597,216.43889736515834,218.2686948066512,9084320,INFY.NS
2012-10-10,218.1946563720703,220.28585376725357,216.9268849694484,218.4517164034362,5932104,INFY.NS
2012-10-11,220.7259063720703,224.80810693583234,216.19497815772309,217.48455428866671,14966400,INFY.NS
2012-10-12,208.7145538330078,213.28904759362945,201.36485868183942,204.76305404687264,56701776,INFY.NS
2012-10-15,206.1224365234375,210.16541104606245,205.007126604958,207.87380218516094,14790120,INFY.NS
2012-10-16,205.25970458984375,208.16124482288066,204.50164989506106,207.36832407941696,7282048,INFY.NS
2012-10-17,206.5188446044922,207.28998230375683,205.39483429404405,207.03294349492333,5707320,INFY.NS
2012-10-18,208.48741149902344,210.1885535148609,205.6375458381002,207.29484376684655,10192576,INFY.NS
2012-10-19,208.9916229248047,210.1885579644326,207.4702245072372,207.4702245072372,10937200,INFY.NS
2012-10-22,209.1845245361328,210.2762380039203,207.66751486771653,207.66751486771653,4566864,INFY.NS
2012-10-23,206.3390655517578,209.0486217587379,206.0672236296284,207.11948179284352,4743144,INFY.NS
2012-10-25,205.6068878173828,206.68984554990968,204.32663165321546,205.45343348166242,11256776,INFY.NS
2012-10-29,204.7957000732422,205.10260863682873,202.32289821399348,203.5242217383837,4736664,INFY.NS
2012-10-30,206.7994384765625,207.38255634018174,203.96271714471996,203.96271714471996,5728256,INFY.NS
2012-10-31,207.2072296142578,208.21564397759423,205.67707470980233,206.0672829426601,6517320,INFY.NS
2012-11-01,207.35183715820312,207.82097746387785,205.28679773658303,207.11947205471708,7010976,INFY.NS
2012-11-02,209.408203125,210.85505845361607,207.74212729204814,207.90872631204238,7049216,INFY.NS
2012-11-05,208.56195068359375,209.62737493211498,207.60176937930726,208.96971357188485,4959200,INFY.NS
2012-11-06,208.84255981445312,211.0216198018439,207.93061124251915,209.04863561504087,6815768,INFY.NS
2012-11-07,210.83746337890625,211.67927851791893,208.26382799498163,208.87325659887443,4695264,INFY.NS
2012-11-08,208.28579711914062,209.09691301344736,207.38260432815386,207.99642176168328,5229160,INFY.NS
2012-11-09,205.95318603515625,207.3825073867431,205.6287441107453,207.3825073867431,5938920,INFY.NS
2012-11-12,206.85198974609375,207.73326007406754,204.6247189485293,206.50562578067922,3696192,INFY.NS
2012-11-15,201.3583526611328,204.92725696244116,199.8238096586327,204.76502528173603,9133048,INFY.NS
2012-11-16,205.48414611816406,209.31172737468123,200.89366041700657,200.89366041700657,13693104,INFY.NS
2012-11-19,206.8169708251953,208.80309963113197,204.89658674906474,205.54110346529484,4036128,INFY.NS
2012-11-20,203.85313415527344,208.44798707373937,202.8052644921315,208.44798707373937,5440304,INFY.NS
2012-11-21,206.05406188964844,207.28606359371588,203.5593162411743,204.2871323587315,6989808,INFY.NS
2012-11-22,208.92588806152344,209.75014847634986,204.7519216940957,205.8918681532063,5827312,INFY.NS
2012-11-23,208.4829864501953,210.36389317673408,206.68537919295352,208.87319447560674,3477736,INFY.NS
2012-11-26,211.97735595703125,212.2930419060623,209.64047498427036,209.64047498427036,3788056,INFY.NS
2012-11-27,216.6467742919922,217.46666726615257,212.36760861109306,212.3807532736377,5717304,INFY.NS
2012-11-29,214.41954040527344,215.64717502982054,212.775386890255,214.83605929574477,10365096,INFY.NS
2012-11-30,213.68292236328125,217.15536099728467,212.6481976914402,214.09944116441793,7050712,INFY.NS
2012-12-03,213.88461303710938,215.0991028783802,212.58684511576553,213.69609201574096,5202984,INFY.NS
2012-12-04,213.7355194091797,214.5729456897402,211.7669243321302,212.99455867608458,4510288,INFY.NS
2012-12-05,208.91709899902344,213.08228775136493,208.47865807772433,212.9945995671051,13995024,INFY.NS
2012-12-06,205.04124450683594,209.92547111110554,202.906029084075,209.92547111110554,11011928,INFY.NS
2012-12-07,203.53738403320312,205.9356640083072,202.65613506514944,203.52423937120759,9485912,INFY.NS
2012-12-10,202.87100219726562,205.54110311607872,201.59513483953285,203.5198861949984,6829920,INFY.NS
2012-12-11,201.16111755371094,204.84402191823068,200.17901400482268,203.08586924351792,11384424,INFY.NS
2012-12-12,201.4899139404297,203.7698067296752,200.47711113124987,202.55970550604144,15359688,INFY.NS
2012-12-13,200.24034118652344,202.8797424734478,199.2626051664801,202.11685961399115,9967112,INFY.NS
2012-12-14,199.82382202148438,201.248754897679,198.70140907427873,199.31522631325487,8507992,INFY.NS
2012-12-17,198.7233428955078,200.9681689229547,197.90783851946085,198.7891090321528,10961640,INFY.NS
2012-12-18,199.13986206054688,199.42045996233801,196.85996932009147,198.1752920549696,8292000,INFY.NS
2012-12-19,201.3451385498047,201.6739691147391,199.0564906628052,199.40285457622144,9991896,INFY.NS
2012-12-20,201.64776611328125,202.55971470710452,199.7536926851879,202.21773933648305,8441728,INFY.NS
2012-12-21,201.4066162109375,203.5505880517968,200.52534567034243,201.595137245323,6924016,INFY.NS
2012-12-24,203.63829040527344,204.1731755258552,202.82278594666542,203.53306885763848,4323992,INFY.NS
2012-12-26,203.02008056640625,204.39239216760893,202.06428786497267,203.6996640344506,3263560,INFY.NS
2012-12-27,200.60865783691406,204.2257956954094,199.63531035896455,204.12057414844855,8110232,INFY.NS
2012-12-28,203.7171173095703,203.91880434761478,200.66995392488764,201.86691008496655,7064256,INFY.NS
2012-12-31,203.3225555419922,203.79608450504293,202.0072329917034,202.9981135945699,3451824,INFY.NS
2013-01-01,202.45887756347656,204.30469675905266,202.16950226694902,204.10303105710037,2959992,INFY.NS
2013-01-02,202.489501953125,204.13804370108824,201.98968370509309,203.1033190948379,4349944,INFY.NS
2013-01-03,205.0061492919922,205.9663518108256,202.64734625243761,202.99809890713675,10599288,INFY.NS
2013-01-04,206.0277099609375,206.50121743716699,204.48877855082998,205.9268557372049,8454008,INFY.NS
2013-01-07,208.24185180664062,208.6890485887699,204.80009144140737,206.1636466448235,8761624,INFY.NS
2013-01-08,205.54112243652344,207.64125035724322,203.74351449712552,207.38257447200425,12867424,INFY.NS
2013-01-09,204.40115356445312,207.10195386917653,203.72595884033421,205.20788056242307,6149968,INFY.NS
2013-01-10,203.63829040527344,205.42273224861353,202.48956653894658,204.40117338593907,10901016,INFY.NS
2013-01-11,237.81918334960938,238.6872879939277,221.06195923317108,221.06195923317108,92852568,INFY.NS
2013-01-14,246.0968475341797,248.76694801198767,241.33976434204382,242.00181430296692,50924760,INFY.NS
2013-01-15,244.39134216308594,246.35554879813108,243.29085124129304,246.05302886396407,20377880,INFY.NS
2013-01-16,242.67263793945312,244.54478905687918,241.62476851984587,243.86081700369857,11660824,INFY.NS
2013-01-17,245.34706115722656,246.10994379969017,243.70290830353767,244.82532093330403,11767072,INFY.NS
2013-01-18,244.47903442382812,246.40378569233775,243.54953115293546,245.9653447925293,7290592,INFY.NS
2013-01-21,245.20240783691406,246.45635281549787,242.28677649613783,242.28677649613783,5899560,INFY.NS
2013-01-22,244.08444213867188,245.40852083568998,243.5100802676263,244.96571264527265,5110280,INFY.NS
2013-01-23,244.61492919921875,245.35150126875055,243.86080236897615,243.86080236897615,7458712,INFY.NS
2013-01-24,245.36904907226562,247.9821609909482,244.7157764446565,246.40377382763947,11211296,INFY.NS
2013-01-25,246.81150817871094,247.98215385444078,244.75083610813834,246.40376673655538,8442536,INFY.NS
2013-01-28,246.46078491210938,247.94711675217553,245.61460250284432,246.57917252338387,6723008,INFY.NS
2013-01-29,245.439208984375,247.71910160087867,244.52287181054496,246.05302622727984,6197184,INFY.NS
2013-01-30,244.70700073242188,246.048634112032,243.82136299636275,245.94341258207646,6805528,INFY.NS
2013-01-31,244.6061248779297,246.1494450733656,242.8962057400485,244.82534528022217,17480440,INFY.NS
2013-02-01,242.9795379638672,245.69348262842743,241.31785137215059,244.74646748946435,7899648,INFY.NS
2013-02-04,242.685791015625,244.64999748590566,240.70402978452006,243.86080394562853,7500016,INFY.NS
2013-02-05,241.65985107421875,243.97922060381114,240.75229123973463,242.30436777218725,6166112,INFY.NS
2013-02-06,243.4224090576172,244.47905600106247,241.65550063874423,243.35664291684157,9097344,INFY.NS
2013-02-07,244.6061248779297,245.43916240664106,243.77747603891268,244.29921631472027,10704472,INFY.NS
2013-02-08,244.6017608642578,246.9912634903045,243.09352862597999,244.04932111310083,5482696,INFY.NS
2013-02-11,244.82981872558594,246.837869742439,244.20283531303372,245.6365458036481,7394792,INFY.NS
2013-02-12,241.60289001464844,243.2558209903524,240.4190994275156,242.8962908413306,4442392,INFY.NS
2013-02-13,244.6105194091797,245.27693660311806,240.70400746538792,241.75626542152077,6322888,INFY.NS
2013-02-14,246.64491271972656,247.98215738028148,245.0314588729127,245.03582615503927,6894000,INFY.NS
2013-02-15,244.52719116210938,246.27217683739758,243.44862260234132,244.64994601258297,5194256,INFY.NS
2013-02-18,243.78192138671875,244.36065053832965,242.2824449232434,244.0362085491807,2754784,INFY.NS
2013-02-19,247.32012939453125,247.71911490549758,242.6375890247494,243.7819240849889,4643344,INFY.NS
2013-02-20,247.2324676513672,248.36365816853547,246.27228623450628,247.7410634445572,5545224,INFY.NS
2013-02-21,246.2108612060547,247.27187527498475,244.92621660174314,245.66719880456,5558744,INFY.NS
2013-02-22,249.08267211914062,250.34976207989192,245.27262485530107,245.4129131029366,8703536,INFY.NS
2013-02-25,255.85655212402344,256.224838164171,251.45461017848513,251.66505322764226,10457648,INFY.NS
2013-02-26,259.5393981933594,260.38119161287636,255.6986528301068,255.6986528301068,12173544,INFY.NS
2013-02-27,255.22085571289062,258.50477401841516,254.47989481799505,258.50477401841516,7029760,INFY.NS
2013-02-28,254.90956115722656,257.4393739308412,253.01548774322313,255.63737739539678,11808104,INFY.NS
2013-03-01,255.50575256347656,259.6796959331708,253.5941464860483,255.5232859129823,8414632,INFY.NS
2013-03-04,254.5982666015625,258.0224946439072,251.85362202004714,256.57563953375444,10108320,INFY.NS
2013-03-05,256.1634216308594,257.7505644542882,255.45752767349774,256.4484081458989,7171944,INFY.NS
2013-03-06,260.44268798828125,261.0214171669021,256.5975524956578,258.41708234248733,12205480,INFY.NS
2013-03-07,263.4460144042969,263.9239107440239,261.31079847759815,261.4204087118589,13715360,INFY.NS
2013-03-08,260.45574951171875,262.09990246293324,259.3158034655434,262.0122143055351,6162896,INFY.NS
2013-03-11,258.307373046875,262.18757376225284,256.92628465665575,261.4685351994693,4866160,INFY.NS
2013-03-12,255.8828125,258.2153045674013,255.3479061936469,257.80317452243196,5714056,INFY.NS
2013-03-13,251.0906982421875,253.4188235498744,249.9200739610481,253.4188235498744,10730136,INFY.NS
2013-03-14,252.0246124267578,253.32238039364267,249.28872402200665,251.31432958932288,8332320,INFY.NS
2013-03-15,252.38851928710938,255.31729611221948,251.49410407888553,252.22192029837345,7260792,INFY.NS
2013-03-18,250.85398864746094,253.41886819580952,249.9990287980114,251.33627369074014,6446824,INFY.NS
2013-03-19,250.4373779296875,253.08555600569906,249.1308329456619,252.10345292291723,11976144,INFY.NS
2013-03-20,251.2836151123047,252.07719739345288,247.94270842345017,251.20909300702326,8994640,INFY.NS
2013-03-21,251.91058349609375,253.81341253697101,250.96354696175885,252.80499856420363,9940080,INFY.NS
2013-03-22,251.0688018798828,252.14737081499243,248.15755847902227,249.906933452375,7370288,INFY.NS
2013-03-25,250.15248107910156,251.22666139396233,248.38993991754057,249.49043097074164,5036856,INFY.NS
2013-03-26,250.31024169921875,251.63432007180518,248.50824572748567,249.47281548860153,3415584,INFY.NS
2013-03-28,253.36180114746094,254.02821833821173,250.01648489964407,251.2265858250573,12348048,INFY.NS
2013-04-01,258.17156982421875,258.99146298023993,255.2384040923366,255.2384040923366,7422040,INFY.NS
2013-04-02,260.3506164550781,262.16136895723093,255.59792099108543,256.92638846369886,9720888,INFY.NS
2013-04-03,260.2979736328125,263.0250845940428,258.50475463350693,258.58366543220615,8355472,INFY.NS
2013-04-04,252.54629516601562,258.60553431326105,251.8447898702482,258.2416370043788,7499960,INFY.NS
2013-04-05,251.3012237548828,254.20807887377134,249.9113572922554,252.4543149629485,4372960,INFY.NS
2013-04-08,248.32412719726562,251.98510839999292,247.91638575834378,249.9112916831832,3716360,INFY.NS
2013-04-09,242.57620239257812,248.94235133916246,241.69054322191747,248.46884373614887,10840656,INFY.NS
2013-04-10,246.89923095703125,247.96465525587973,243.44432501138914,245.78998397367806,6551616,INFY.NS
2013-04-11,255.7600860595703,257.41740534928334,248.5871893344366,251.35814412284606,17018672,INFY.NS
2013-04-12,201.3890380859375,230.1858475344637,198.93815788198975,230.1858475344637,98027744,INFY.NS
2013-04-15,205.10708618164062,206.68108507226316,193.26479062336358,200.80597573843133,66559976,INFY.NS
2013-04-16,201.35400390625,203.96272752789875,200.5428881583424,203.34891020515786,14301736,INFY.NS
2013-04-17,200.2666015625,202.73062587554634,197.29834894945293,201.68275670388522,15149144,INFY.NS
2013-04-18,201.30577087402344,203.69966271142965,200.04306951780327,200.490266436017,13224368,INFY.NS
2013-04-22,196.8205108642578,201.06899895031117,194.9790590640151,200.9462440602606,15401288,INFY.NS
2013-04-23,198.37255859375,199.10476336182515,196.80731622742508,197.29837853284894,7869960,INFY.NS
2013-04-25,195.34295654296875,197.2984072610275,194.943971037747,197.1230308990177,13762344,INFY.NS
2013-04-26,193.9662322998047,196.22859137048388,193.13319468368888,194.6765150410539,11129584,INFY.NS
2013-04-29,195.48326110839844,197.19318059349314,191.68635868805166,193.44012226250774,8965680,INFY.NS
2013-04-30,196.0225372314453,196.62759851694926,194.86066884921868,195.8953936523982,8840720,INFY.NS
2013-05-02,200.51657104492188,200.93308992925355,196.0707842874947,196.0707842874947,9376184,INFY.NS
2013-05-03,202.3799591064453,203.78735887429693,199.77123538591593,201.39785563448427,9117192,INFY.NS
2013-05-06,205.28680419921875,205.62877953365188,202.99813416648362,202.99813416648362,6000104,INFY.NS
2013-05-07,205.9619598388672,206.50562216333867,203.85305525444653,206.06718135195155,6983104,INFY.NS
2013-05-08,206.12417602539062,208.69783222558755,205.01931799384823,207.38250975357752,7278352,INFY.NS
2013-05-09,207.06687927246094,207.72454068466055,206.06724248921714,206.23384148367472,4561424,INFY.NS
2013-05-10,207.95697021484375,209.13637230952983,206.68987991373862,207.12832094583408,4534040,INFY.NS
2013-05-13,205.15524291992188,207.13259394802932,204.33973868977057,206.5056321208114,5014960,INFY.NS
2013-05-14,206.0715789794922,207.8911084256658,204.95355486196385,204.95355486196385,4484448,INFY.NS
2013-05-15,206.98353576660156,208.0577158448032,205.83920087103172,206.33026318436458,8893176,INFY.NS
2013-05-16,204.5414581298828,206.9265723547116,202.84468327612979,206.37413253663522,6991752,INFY.NS
2013-05-17,206.220703125,207.7333244193154,204.75192592617202,204.91852492572423,6431752,INFY.NS
2013-05-20,208.00070190429688,208.96088296400637,205.54104476190975,205.71642107996598,8758288,INFY.NS
2013-05-21,210.24118041992188,211.94671117022597,207.55352496678032,207.83851154024296,5660128,INFY.NS
2013-05-22,209.16262817382812,213.34535024092165,208.54442219912534,210.45164018833208,6245672,INFY.NS
2013-05-23,206.9309539794922,212.13962315322007,206.60649059654827,208.34710948105854,5100584,INFY.NS
2013-05-24,205.88307189941406,209.13631198243982,204.66421474507948,207.08441710742048,3688648,INFY.NS
2013-05-27,208.05775451660156,209.2240116713565,204.33978399571592,205.2955766592471,3325168,INFY.NS
2013-05-28,207.48776245117188,208.69786358892506,206.3872715358919,207.82098180913965,4234952,INFY.NS
2013-05-29,206.27761840820312,209.66238993744957,204.5764766725512,207.8209385829174,5166528,INFY.NS
2013-05-30,207.7013702392578,208.34005129383502,205.4881522957321,206.99615945697857,6338632,INFY.NS
2013-05-31,213.93301391601562,215.99099607689428,207.7501881392216,207.7501881392216,18498304,INFY.NS
2013-06-03,223.01654052734375,232.8540615507032,219.56141246002613,223.98343063448593,33215248,INFY.NS
2013-06-04,221.40206909179688,223.4911070106908,218.53687262203536,220.8787105287715,11714560,INFY.NS
2013-06-05,218.32838439941406,220.89642749450698,217.7739700154643,219.99162755126335,5078784,INFY.NS
2013-06-06,215.5252685546875,217.74292621337716,214.30555684240818,217.3304505515861,7509232,INFY.NS
2013-06-07,217.0465850830078,219.36180658198003,214.66925184689467,215.11278335897504,6618168,INFY.NS
2013-06-10,220.5904083251953,221.588354276199,217.9691326291963,218.2175146194754,4289040,INFY.NS
2013-06-11,219.592529296875,223.05207631468073,218.73652183853045,220.87877113682842,5957704,INFY.NS
2013-06-12,214.7890625,222.3335178979693,214.0350587592699,218.41714242502155,5927288,INFY.NS
2013-06-13,211.1121368408203,215.11280005298482,210.67748458797485,215.02409374368463,4154328,INFY.NS
2013-06-14,212.4472198486328,213.6935481114895,210.86824284961256,212.15892427729105,5584064,INFY.NS
2013-06-17,214.89996337890625,215.20155623769898,212.4383627253217,213.9108748068882,2720504,INFY.NS
2013-06-18,217.02444458007812,218.21754021452202,215.08620288739763,215.55635069971078,4284904,INFY.NS
2013-06-19,216.2970733642578,217.21517082176823,213.54273767809192,216.97566807880105,5836832,INFY.NS
2013-06-20,210.1541290283203,217.15304826937478,207.8167090821396,215.37892205802368,6802928,INFY.NS
2013-06-21,214.55844116210938,215.73380006459948,210.2872399263542,210.2872399263542,6161368,INFY.NS
2013-06-24,211.15652465820312,213.1834728211751,208.6283944281382,213.11694307827864,7336552,INFY.NS
2013-06-25,210.57992553710938,211.72868971284603,208.01632153781344,211.12104275479575,5790640,INFY.NS
2013-06-26,212.8419647216797,214.1903182959653,210.38036400424312,212.15007265628816,5567232,INFY.NS
2013-06-27,220.2400360107422,221.7613406005141,214.01285723275578,214.75798159166152,10670944,INFY.NS
2013-06-28,221.66375732421875,222.4532347703387,215.02408177980303,219.21101501444986,11707392,INFY.NS
2013-07-01,217.41915893554688,219.41505084743991,216.54097515703927,219.0158724650613,4209080,INFY.NS
2013-07-02,213.24554443359375,218.5324495402524,212.89515881607207,217.16194128673703,5110832,INFY.NS
2013-07-03,213.2943878173828,217.49905953832848,212.23879106733216,212.98391563715373,5349856,INFY.NS
2013-07-04,218.92724609375,219.5614877590484,214.66934179370946,215.82252420830378,5210784,INFY.NS
2013-07-05,217.88047790527344,220.30660463215352,216.3281171695267,218.83851057641223,4337360,INFY.NS
2013-07-08,218.94046020507812,221.2335268749069,218.26186562779006,220.4351701219501,5415168,INFY.NS
2013-07-09,221.60609436035156,223.0076583584059,220.08035019379676,220.08035019379676,8611368,INFY.NS
2013-07-10,221.86781311035156,223.53993597671385,221.1448652341062,222.2093411197096,6865416,INFY.NS
2013-07-11,224.28065490722656,227.3942340515585,222.63070853012113,224.8705433305537,15704960,INFY.NS
2013-07-12,248.750244140625,257.7450774738695,243.942366199974,246.70555924893125,52873040,INFY.NS
2013-07-15,243.29478454589844,247.4905972098875,242.01742238431464,247.05150532039391,12874240,INFY.NS
2013-07-16,242.061767578125,245.76969543034454,237.82604154652395,239.68887393738513,6301536,INFY.NS
2013-07-17,244.0177764892578,244.68307385505346,242.3145979073687,242.3145979073687,6575048,INFY.NS
2013-07-18,248.44424438476562,249.9300753562714,242.95333142742072,244.297223613548,13078696,INFY.NS
2013-07-19,252.5867919921875,254.1435921498085,248.64380062684583,248.64380062684583,16402840,INFY.NS
2013-07-22,255.18589782714844,256.79590882047944,250.3292269638352,250.3469638958997,6751136,INFY.NS
2013-07-23,257.4212951660156,258.7696268681334,256.3612589973724,256.3612589973724,6168480,INFY.NS
2013-07-24,258.0111999511719,259.64338750645686,255.4741906452326,255.4741906452326,4875280,INFY.NS
2013-07-25,258.60552978515625,261.2711589372536,257.33702512312755,258.04667565776566,7177688,INFY.NS
2013-07-26,258.4281311035156,261.94976774042,257.4789777935574,259.9095223431868,6899640,INFY.NS
2013-07-29,259.1288757324219,261.15138398869726,258.13536936382775,258.13536936382775,4362952,INFY.NS
2013-07-30,262.1892395019531,263.7238630160193,259.99819794818455,259.99819794818455,6336208,INFY.NS
2013-07-31,263.42669677734375,265.3738176956129,259.7498243924301,263.3690463359544,11807328,INFY.NS
2013-08-01,263.8702697753906,265.688749498377,262.28243516780304,265.0545079162579,8690632,INFY.NS
2013-08-02,266.8995666503906,267.8930730535307,264.44240604017,264.78835200820834,11962296,INFY.NS
2013-08-05,266.921630859375,268.33649166588845,265.8083627361437,266.01239150744925,8502784,INFY.NS
2013-08-06,264.99676513671875,267.18336669612574,261.7767222226642,266.82854150795026,10031832,INFY.NS
2013-08-07,262.86785888671875,266.36731857119486,261.7945038465113,263.9012787609898,6503608,INFY.NS
2013-08-08,262.9743957519531,264.16749174428264,260.79665068105805,260.79665068105805,5765368,INFY.NS
2013-08-12,266.5979309082031,267.89305167505296,263.54644255847097,263.98997410097934,7594376,INFY.NS
2013-08-13,273.5347900390625,274.45732701335646,266.8285842456937,266.8374635395446,10334312,INFY.NS
2013-08-14,272.29736328125,274.5371979990795,269.89343485541275,272.32841915788765,9211208,INFY.NS
2013-08-16,264.2028503417969,269.66272774988795,263.249257562352,267.89304129521094,12087616,INFY.NS
2013-08-19,266.5625,268.5095994539943,261.7679189215484,265.2407844530763,5259328,INFY.NS
2013-08-20,266.7088317871094,267.9817760627119,264.56658295499443,267.89306974822574,10362056,INFY.NS
2013-08-21,262.4598693847656,265.6577371014514,259.20879086102923,265.6577371014514,7526584,INFY.NS
2013-08-22,267.9107360839844,269.35221331454835,262.92544685487263,265.1431041326634,10965816,INFY.NS
2013-08-23,266.1809997558594,267.88859609294036,264.5488124392445,266.56244119108925,5498864,INFY.NS
2013-08-26,268.8422546386719,270.54099375520155,266.8729785565551,267.88866164565775,5571544,INFY.NS
2013-08-27,271.0909729003906,273.21548508453833,268.94870212552337,268.9575814208832,8525552,INFY.NS
2013-08-28,276.43121337890625,277.6509259128685,270.7318293565734,270.7318293565734,14329696,INFY.NS
2013-08-29,275.39764404296875,277.3802172599042,271.5300399081756,272.3283967716756,20086288,INFY.NS
2013-08-30,275.5085754394531,277.02100110497986,269.4454888627277,274.279984053845,12678560,INFY.NS
2013-09-02,273.7388000488281,277.43787059158154,271.8493729251543,272.9582018272232,5125040,INFY.NS
2013-09-03,269.1083679199219,274.5017166930159,267.60923972302294,272.50582442428333,6267312,INFY.NS
2013-09-04,276.1161193847656,278.52892662055643,271.0510022139836,271.4146850811209,8979400,INFY.NS
2013-09-05,266.54486083984375,274.6969662323351,265.68441352446615,274.6969662323351,9457072,INFY.NS
2013-09-06,268.6958923339844,272.49694528496343,266.6423279600025,266.6423279600025,13465928,INFY.NS
2013-09-10,280.21441650390625,282.79577936345834,268.9575919165639,268.9575919165639,21879136,INFY.NS
2013-09-11,276.6839904785156,281.46081452740793,275.67716472316016,278.98147632671186,9145680,INFY.NS
2013-09-12,271.96026611328125,276.68387741495684,270.3768497184442,275.43310970333636,6957440,INFY.NS
2013-09-13,268.6072082519531,271.9603118743452,267.2987898778085,271.4635477610949,9255384,INFY.NS
2013-09-16,265.53350830078125,271.25950599086553,264.3537314872583,268.3366368726575,6332184,INFY.NS
2013-09-17,268.1236572265625,268.77563550387976,265.32052962828044,267.6268933094357,8027280,INFY.NS
2013-09-18,267.6402587890625,268.71361389998225,266.5624856876939,268.3366120483441,7439816,INFY.NS
2013-09-19,267.804443359375,269.223744814741,265.43598838709727,266.03031654016746,15327808,INFY.NS
2013-09-20,265.68878173828125,268.9576189826423,264.6553615549846,266.1190161437754,7991712,INFY.NS
2013-09-23,267.83990478515625,270.01764968588697,266.212156498276,266.56254219742095,8886376,INFY.NS
2013-09-24,267.4583740234375,268.86879553192955,265.84390203659564,268.780089231853,11752256,INFY.NS
2013-09-25,266.97503662109375,269.2237510794948,265.4670287896765,268.9398951131806,8080776,INFY.NS
2013-09-26,267.2100524902344,269.387796981044,266.20766674128475,269.13497530591735,10682440,INFY.NS
2013-09-27,266.7043762207031,270.6429273662582,265.3205492469611,268.2478572125745,5701568,INFY.NS
2013-09-30,267.2720947265625,270.99775950535957,265.90158665715325,267.91077578585094,8679184,INFY.NS
2013-10-01,267.4494934082031,269.516354521128,266.3850178125486,268.7800879027713,5310216,INFY.NS
2013-10-03,269.4143981933594,270.2881641310092,267.8930934281745,269.22368826308264,14686712,INFY.NS
2013-10-04,267.57373046875,269.57850192963696,266.5624871005459,268.4474963687278,7352816,INFY.NS
2013-10-07,268.05718994140625,269.64502433670356,266.68666003235256,267.44954301345877,9795344,INFY.NS
2013-10-08,269.1482238769531,270.7316400675964,268.0970671676327,269.69378064116376,17982912,INFY.NS
2013-10-09,275.8633728027344,277.77497677644817,267.0060376099883,268.5140451313736,17371792,INFY.NS
2013-10-10,277.43792724609375,280.3962703668365,274.16909031255244,277.21616142039403,17434688,INFY.NS
2013-10-11,290.46881103515625,296.1016616996034,280.0280827176145,295.8355427705744,41290600,INFY.NS
2013-10-14,294.8908386230469,295.88434499168716,288.82775350092663,288.82775350092663,12231712,INFY.NS
2013-10-15,297.5918884277344,298.67854056204357,293.8662239672456,294.85973015868046,9221320,INFY.NS
2013-10-17,291.6754455566406,299.6533425579664,290.91691984538727,297.1814454798101,11513008,INFY.NS
2013-10-18,295.7848815917969,296.61924682215374,291.0061651390277,293.23712316677245,10944776,INFY.NS
2013-10-21,297.64990234375,301.4202207589926,291.37200061074213,297.4312728521579,9383368,INFY.NS
2013-10-22,298.26568603515625,300.2155301143793,296.75307919099055,297.8774906565,7208760,INFY.NS
2013-10-23,296.6996154785156,297.9489521470961,292.6124954482475,296.271267120519,6561584,INFY.NS
2013-10-24,295.26727294921875,301.17931128178714,293.5985208262711,294.69169017833093,6480560,INFY.NS
2013-10-25,297.302001953125,298.948445001839,295.04873382288724,296.9852014824239,6011344,INFY.NS
2013-10-28,296.5791015625,297.60087600814546,293.8751760059931,296.0213620412197,3412448,INFY.NS
2013-10-29,297.6633605957031,300.282492318535,295.08882624792335,296.2266148726035,5200392,INFY.NS
2013-10-30,296.61920166015625,297.95333178697814,295.1512358587464,295.4680362077914,5591088,INFY.NS
2013-10-31,295.369873046875,296.9850951697788,294.14731255931474,294.8701515837516,9687544,INFY.NS
2013-11-01,292.40716552734375,295.8249971519286,291.7557215081012,294.4864225041823,6166704,INFY.NS
2013-11-05,291.43890380859375,293.64308540860753,288.50741700893525,290.20294466843717,5320232,INFY.NS
2013-11-06,295.03521728515625,295.5751133949262,292.28222861130774,292.28222861130774,3704664,INFY.NS
2013-11-07,299.6266174316406,303.40584753306626,295.70013101767046,296.41848212541095,7192712,INFY.NS
2013-11-08,299.8452453613281,302.4465338818872,298.9483958165383,298.9483958165383,8616112,INFY.NS
2013-11-11,300.07275390625,303.2317814075295,298.06489190458154,298.9483424706368,7803200,INFY.NS
2013-11-12,297.77484130859375,301.17927386740956,296.9940061541227,300.063795075308,6452184,INFY.NS
2013-11-13,297.3465576171875,299.7158394430675,295.9187444534722,295.9187444534722,4687512,INFY.NS
2013-11-14,299.32763671875,301.1793318702486,298.9528401297625,299.1536263510093,4343528,INFY.NS
2013-11-18,303.77618408203125,304.74887308818916,302.32606133307576,302.6071533358856,6326536,INFY.NS
2013-11-19,307.2431335449219,307.6937915122211,303.41481753342174,303.9457812907845,8975208,INFY.NS
2013-11-20,303.6065979003906,307.2743014457069,302.964086374991,304.21342281365077,4306608,INFY.NS
2013-11-21,298.444091796875,303.41019405249847,295.65539516036307,303.05324088302496,8495496,INFY.NS
2013-11-22,298.73419189453125,301.17931300991773,297.6990187262476,298.59140187590657,2720936,INFY.NS
2013-11-25,296.8066711425781,301.51845909472524,295.11114295505286,299.1268676097179,5707296,INFY.NS
2013-11-26,295.9321594238281,298.85918114201013,293.8305922967371,296.27126945102225,7321096,INFY.NS
2013-11-27,293.8885498046875,297.685644499617,293.21926243613467,296.271208479396,6779624,INFY.NS
2013-11-28,296.96722412109375,297.8774504391531,291.3630544289499,294.61131988922267,7499968,INFY.NS
2013-11-29,299.3544006347656,300.376175007025,295.3788292552741,297.69902549715846,5411560,INFY.NS
2013-12-02,297.9400634765625,301.34896395980456,296.726435034661,299.1269378438449,4711376,INFY.NS
2013-12-03,298.83685302734375,299.79616506020494,296.271251078994,296.271251078994,7001240,INFY.NS
2013-12-04,300.31817626953125,302.1609387851869,297.77041798356873,298.9483594005836,8443120,INFY.NS
2013-12-05,299.0644226074219,303.3210866326581,298.23450177297536,301.6255583460972,6317072,INFY.NS
2013-12-06,296.788818359375,298.8591430912308,296.1105983913378,297.97122613660963,6544848,INFY.NS
2013-12-09,297.9489440917969,301.9869785721444,296.364963715528,300.28698400816046,8856632,INFY.NS
2013-12-10,300.8089904785156,302.50451850661324,297.3019202525319,297.6097880897678,12345896,INFY.NS
2013-12-11,301.1213073730469,301.7771958954508,298.0559626354554,300.286920439613,6256960,INFY.NS
2013-12-12,300.184326171875,302.134170357593,298.76989011004963,300.23338981765346,5520232,INFY.NS
2013-12-13,301.0767517089844,301.6255587298624,298.50221714538156,298.50221714538156,8315624,INFY.NS
2013-12-16,308.0729675292969,309.1215177120673,299.28745992972154,301.6254993841765,10117696,INFY.NS
2013-12-17,308.4388732910156,310.98660987489416,307.43494219998496,307.43494219998496,10713952,INFY.NS
2013-12-18,308.5369873046875,309.9915760997167,307.6490704868725,307.87216625952436,9183344,INFY.NS
2013-12-19,313.4273376464844,316.34542680214554,308.3184430403882,308.9877305433703,7331456,INFY.NS
2013-12-20,316.9165344238281,318.84853544674155,313.08373093305227,314.56509584376266,8685456,INFY.NS
2013-12-23,309.51861572265625,315.89468869228295,308.81364177976985,312.33408879470215,8845904,INFY.NS
2013-12-24,311.1204528808594,312.59288507920905,309.3089325146724,311.08476626951796,7109912,INFY.NS
2013-12-26,314.1768493652344,315.40387613546113,310.8839644201774,311.1739889295037,6869928,INFY.NS
2013-12-27,317.8044128417969,318.7592584467699,315.00678297585625,315.0112492489075,7382064,INFY.NS
2013-12-30,312.5438232421875,319.02697815348034,310.10314659673963,318.37553409249864,11863432,INFY.NS
2013-12-31,311.053466796875,314.2705118187072,310.5715886991181,312.334045096448,3590808,INFY.NS
2014-01-01,309.47845458984375,312.2448421597068,308.9474910103868,311.62017399877004,1478688,INFY.NS
2014-01-02,310.5984802246094,313.0480680761315,309.0546527265287,309.0546527265287,4404744,INFY.NS
2014-01-03,318.1479797363281,319.02698588063674,308.25145901487815,310.1031541077518,10046344,INFY.NS
2014-01-06,313.9315185546875,319.5178468370259,309.5320862286895,319.03596856024745,11098328,INFY.NS
2014-01-07,308.5102844238281,314.64541962284244,307.57774823091825,314.03415013321626,7713688,INFY.NS
2014-01-08,305.91790771484375,310.10317640254624,305.2843068987369,308.85383986452155,8990392,INFY.NS
2014-01-09,307.94366455078125,310.7278963699895,305.0032656383371,306.97988613232735,12590808,INFY.NS
2014-01-10,316.9075622558594,319.026972211108,307.69370634514695,311.44171552916555,30258176,INFY.NS
2014-01-13,327.0584411621094,327.9508243576404,319.65166063920213,319.65166063920213,17119912,INFY.NS
2014-01-14,328.9993591308594,329.73557523252873,324.8676207726358,325.27365946483553,7425832,INFY.NS
2014-01-15,331.2571105957031,332.35474629064134,328.4862563983285,329.76236873352656,17130144,INFY.NS
2014-01-16,332.4172058105469,333.5237522556691,329.61510951128736,330.09254323442985,17608232,INFY.NS
2014-01-17,332.83660888671875,335.9510173984344,331.9665353062789,332.7696801497618,25667896,INFY.NS
2014-01-20,334.58123779296875,335.53161718702654,330.5788904231833,331.25264409704596,9761944,INFY.NS
2014-01-21,335.3888244628906,336.42844210112355,331.8192919207037,334.6436758300301,12102464,INFY.NS
2014-01-22,336.0625305175781,337.14232274342527,333.7557333611898,333.8583486992258,6769760,INFY.NS
2014-01-23,338.4363098144531,339.0163588622564,335.6119258579056,337.6867166827404,7907344,INFY.NS
2014-01-24,335.3709411621094,338.8333918973791,335.06307335440073,335.9822322914483,6876584,INFY.NS
2014-01-27,333.0552673339844,335.88411783774905,331.18126253640713,331.9665641422557,8099048,INFY.NS
2014-01-28,327.9598083496094,330.9582032849166,327.22359209780996,330.8065024752196,14108544,INFY.NS
2014-01-29,331.7702941894531,334.0815584067885,326.0456417896754,327.14774396807906,8102080,INFY.NS
2014-01-30,330.56103515625,331.672047843574,326.61223963605994,330.5119497246481,7183632,INFY.NS
2014-01-31,330.2799377441406,333.72898991865344,328.98151589811425,330.1817668825504,5369928,INFY.NS
2014-02-03,323.8592224121094,329.46785922877353,323.47104881358507,328.84319102330187,4384112,INFY.NS
2014-02-04,317.78656005859375,320.5395488986138,316.4881382678618,319.5623937442249,4535112,INFY.NS
2014-02-05,319.5847473144531,320.27634432434826,316.1490718459417,319.4731994096313,4326992,INFY.NS
2014-02-06,318.0185546875,319.74085839370855,315.9928494479827,318.75923700316133,5749904,INFY.NS
2014-02-07,318.27294921875,321.4230664172412,316.6934352393088,320.09786858949894,7551456,INFY.NS
2014-02-10,318.9198913574219,320.0085944323396,317.46530247993536,319.46423200153185,6049424,INFY.NS
2014-02-11,320.9233703613281,323.2212575457019,318.89319818872605,319.830200729927,5833592,INFY.NS
2014-02-12,321.26690673828125,323.70756188685067,320.6511492157281,321.30259335406663,4208712,INFY.NS
2014-02-13,319.9907531738281,322.85975627644217,319.4776328643589,321.6862811529439,3588320,INFY.NS
2014-02-14,325.211181640625,326.9691720127208,321.5479446110361,322.6455801953832,5962168,INFY.NS
2014-02-17,326.4471740722656,328.8432318439363,325.61727506847865,328.8432318439363,13569920,INFY.NS
2014-02-18,328.5754699707031,329.69988143433136,325.45212900139984,325.45212900139984,4978240,INFY.NS
2014-02-19,334.9470520019531,335.7145101550508,329.74447614528134,329.79353978466065,7064304,INFY.NS
2014-02-20,331.18572998046875,334.18859086871026,330.7172287794186,334.18859086871026,8816848,INFY.NS
2014-02-21,334.7060852050781,335.12550085492285,332.61345144146924,333.39428656122584,5517984,INFY.NS
2014-02-24,334.6347961425781,334.9739061449909,332.85896213701017,334.28677537942093,4357608,INFY.NS
2014-02-25,337.5795593261719,338.4005691227526,335.0898194489388,335.0898194489388,8099512,INFY.NS
2014-02-26,339.77484130859375,340.6940001939639,336.6158140725629,337.32078795705434,7352168,INFY.NS
2014-02-28,341.3232116699219,342.4208256238446,335.6342685248582,335.6342685248582,9839496,INFY.NS
2014-03-03,338.9494323730469,343.56304893420565,338.3872266271862,341.3365573163705,7204176,INFY.NS
2014-03-04,339.0654602050781,341.2874856393395,335.7056244138769,336.42846351435657,6937912,INFY.NS
2014-03-05,341.0420837402344,343.0677892501826,339.9890672051853,341.59535696779255,4943504,INFY.NS
2014-03-06,341.9523010253906,343.56305701790046,340.6539009316623,342.4966634782716,6226312,INFY.NS
2014-03-07,333.7780456542969,342.13967070356273,330.92241981639546,341.5150025515218,15072744,INFY.NS
2014-03-10,327.6474304199219,332.8321638347402,325.30045820365183,332.8321638347402,7432472,INFY.NS
2014-03-11,327.98199462890625,330.975922164635,324.02873358145615,325.9875099091724,4124272,INFY.NS
2014-03-12,327.62066650390625,330.480759173778,325.8983624763053,327.80805391414236,3940104,INFY.NS
2014-03-13,299.6266174316406,306.9709143629558,298.05601415137215,305.19508035859064,40790880,INFY.NS
2014-03-14,302.88818359375,303.7582570657554,297.6142128508422,298.0559381023674,11167544,INFY.NS
2014-03-18,298.9974060058594,304.472162924183,298.05593753445186,303.4102358135139,11804312,INFY.NS
2014-03-19,291.9654846191406,299.6489129794867,289.02061994658567,298.94838342603225,15777848,INFY.NS
2014-03-20,294.75860595703125,298.90372112386063,291.8092754366396,291.8092754366396,8023032,INFY.NS
2014-03-21,294.99066162109375,297.87753016224144,291.85394319820574,297.1636235590965,12380320,INFY.NS
2014-03-24,292.326904296875,296.1329100771034,291.8093176635568,292.0056376177947,8160344,INFY.NS
2014-03-25,290.4172058105469,292.67493986537,289.6676125703318,289.8460892262593,7548064,INFY.NS
2014-03-26,289.9263916015625,291.7156244135614,288.2933476483669,290.91694574500656,8458568,INFY.NS
2014-03-27,288.3335266113281,291.1757545085856,286.9860190383702,289.846112031987,13599368,INFY.NS
2014-03-28,291.14892578125,292.6124253850569,287.99880900668194,289.14106375893715,7146824,INFY.NS
2014-03-31,292.9515380859375,294.9281580029413,288.24421707820517,293.17463386829445,9176928,INFY.NS
2014-04-01,295.73138427734375,296.7174722643147,292.2555553881596,292.9739283625613,8628352,INFY.NS
2014-04-02,296.45416259765625,298.9483692614681,295.42345565375825,298.8412876357889,5644400,INFY.NS
2014-04-03,297.890869140625,298.76987524813387,296.18643041537985,298.0113495791945,4700216,INFY.NS
2014-04-04,295.918701171875,299.48376728625374,295.03078434789785,299.03757573785344,3925584,INFY.NS
2014-04-07,293.8974609375,295.7759318449636,290.5599566367571,294.307965905413,7097544,INFY.NS
2014-04-09,290.4305419921875,295.3609585488007,288.2843563102048,292.7953571731875,10664680,INFY.NS
2014-04-10,285.6697082519531,290.7161396516695,284.3266671662708,290.4261151090042,21263240,INFY.NS
2014-04-11,288.6993103027344,290.52425117425247,282.43925156178614,286.4549755176409,18678336,INFY.NS
2014-04-15,290.8990783691406,302.3394265758578,289.801442681552,297.35992398860856,20782384,INFY.NS
2014-04-16,281.7521667480469,289.3061822142723,280.8776268092198,289.3061822142723,13198304,INFY.NS
2014-04-17,284.8532409667969,286.4595310496496,281.84591333568545,283.77791463732416,8391912,INFY.NS
2014-04-21,284.04107666015625,287.3473604286388,282.8854448940326,286.4549773217176,6119624,INFY.NS
2014-04-22,281.15869140625,285.5626110126399,280.42247529973304,283.068404439416,6626896,INFY.NS
2014-04-23,283.1219787597656,284.8353721239163,282.3500759204917,283.2469254936983,12016720,INFY.NS
2014-04-24,283.1219787597656,283.1219787597656,283.1219787597656,283.1219787597656,0,INFY.NS
2014-04-25,283.38519287109375,285.5625989735884,282.29202354689795,284.49173922743745,5962904,INFY.NS
2014-04-28,283.6038818359375,284.9379905253727,282.4393172605088,282.7962705840608,6042480,INFY.NS
2014-04-29,283.5770263671875,285.11638714284135,282.9746678028012,284.0455274728213,4835464,INFY.NS
2014-04-30,283.8491516113281,284.67013950585624,282.9746120291756,283.56803793133724,7741936,INFY.NS
2014-05-02,287.320556640625,289.7567666429758,284.22399191804055,284.22399191804055,4764392,INFY.NS
2014-05-05,283.501220703125,288.5074993571606,283.29152371529676,284.84872810023404,4196688,INFY.NS
2014-05-06,282.45263671875,284.17940678411907,281.54687655955274,283.5011868929417,4566024,INFY.NS
2014-05-07,273.72515869140625,282.88546316078185,272.17686518624123,281.1899351481463,15596072,INFY.NS
2014-05-08,273.5422668457031,275.60365926857,271.86011555186,273.96168265398927,9161992,INFY.NS
2014-05-09,277.6605529785156,278.8697365133773,272.4312007514357,273.5154375723204,6179400,INFY.NS
2014-05-12,283.3406066894531,284.35791485200934,277.0894578364649,278.2629330635091,7044200,INFY.NS
2014-05-13,291.3854064941406,292.25548006073365,284.0455551246764,284.0455551246764,7299968,INFY.NS
2014-05-14,290.3904724121094,291.36316154147175,287.093098529774,290.046896110312,5184688,INFY.NS
2014-05-15,292.0279541015625,294.0269056659905,286.03114298167964,290.3904438996685,8409192,INFY.NS
2014-05-16,283.5591735839844,298.0559315249156,272.9844346960495,294.397161107993,14188792,INFY.NS
2014-05-19,269.05804443359375,285.38419335130686,267.7239356919343,285.38419335130686,17246512,INFY.NS
2014-05-20,278.6197814941406,280.1056120776626,271.48071837578874,272.087543098187,8787344,INFY.NS
2014-05-21,281.734375,282.3768866976635,276.5540849491864,278.24514715328064,6788304,INFY.NS
2014-05-22,277.87921142578125,283.7778734213261,274.9566562828415,281.9931069218209,9832744,INFY.NS
2014-05-23,273.9215087890625,282.9747326327936,268.7992157885897,278.86976962392936,9081776,INFY.NS
2014-05-26,276.17919921875,277.6159229731095,272.1902292341691,274.0508567581635,5750544,INFY.NS
2014-05-27,279.6773681640625,281.5469066575867,276.5941797734358,276.6387989345543,4984128,INFY.NS
2014-05-28,283.179931640625,284.49173043176336,278.24504877234574,278.7358594741571,5389320,INFY.NS
2014-05-29,264.5624694824219,273.6541187157894,263.70305985339706,273.6541187157894,41341328,INFY.NS
2014-05-30,265.910400390625,267.7242116068148,260.5368369626626,265.96468773271806,28035616,INFY.NS
2014-06-02,270.7727966308594,271.1844129835966,267.8191505871317,267.8191505871317,6229856,INFY.NS
2014-06-03,272.94842529296875,274.73509223144674,269.1082265942957,272.1161595413535,6824936,INFY.NS
2014-06-04,269.9903259277344,273.86672459828094,267.18593654801924,272.7494832206799,5508008,INFY.NS
2014-06-05,275.1150817871094,277.58023024063385,267.9548520858504,271.39249029626984,12153720,INFY.NS
2014-06-06,271.6684875488281,272.29720924600343,266.86935789890697,271.40612814879495,16882424,INFY.NS
2014-06-09,270.16668701171875,272.74944320453244,269.2303962045429,271.9352657621309,10858344,INFY.NS
2014-06-10,278.19085693359375,279.4618828177225,271.0622986881866,271.3924840427145,10479176,INFY.NS
2014-06-11,288.88372802734375,294.6643788940289,279.5659197454848,280.8912108269122,20375704,INFY.NS
2014-06-12,287.228271484375,298.2649003822493,282.31153494015155,296.7224818444899,21128856,INFY.NS
2014-06-13,288.3092346191406,290.1185175474063,283.2477700445119,288.44493083876057,10151744,INFY.NS
2014-06-16,293.47930908203125,294.88603125074883,287.6760417903682,288.21882677487827,9375328,INFY.NS
2014-06-17,293.7236022949219,295.54644650524415,291.1634618397406,293.9180914280803,10079392,INFY.NS
2014-06-18,293.1491394042969,296.2701532322395,290.63875871660383,293.5562281644633,9791280,INFY.NS
2014-06-19,299.6082763671875,300.61243749051823,293.56528746830094,293.633135595932,11313704,INFY.NS
2014-06-20,300.033447265625,302.0960124817955,297.88492342713323,300.3410165807446,8853000,INFY.NS
2014-06-23,292.429931640625,299.34138479131406,291.42577060683124,298.5317349576395,6328112,INFY.NS
2014-06-24,289.82904052734375,292.64246226640375,288.7751199561132,292.1991967775084,10638024,INFY.NS
2014-06-25,290.50299072265625,293.5561556699165,290.0280539530824,293.5561556699165,6433520,INFY.NS
2014-06-26,287.90216064453125,292.6515285734669,286.6582785679052,291.29456630805674,7376552,INFY.NS
2014-06-27,291.6021423339844,292.70582267083347,286.95229369798454,289.4852899853564,6890744,INFY.NS
2014-06-30,294.5105895996094,295.1845431494579,290.51658383191955,291.2945844135012,7290576,INFY.NS
2014-07-01,291.3895568847656,294.4427219693748,290.0280670002117,293.55616887576014,4662512,INFY.NS
2014-07-02,290.86944580078125,293.42958619009636,289.322499682883,290.5709096271193,6119632,INFY.NS
2014-07-03,290.4532775878906,292.054488821952,288.62590595110936,290.4080455073466,7504912,INFY.NS
2014-07-04,293.64215087890625,294.76842531179665,289.4898545551492,289.4898545551492,5752968,INFY.NS
2014-07-07,302.643310546875,304.68328171067816,294.9131527247063,295.3654735110939,11638312,INFY.NS
2014-07-08,302.3447570800781,308.15257331316786,298.80762198486343,302.96444535629854,11460480,INFY.NS
2014-07-09,299.468017578125,306.1306936090744,297.6270632310446,301.2456293493551,8270752,INFY.NS
2014-07-10,297.871337890625,305.92264820295105,294.0628099719984,299.8886930939425,11345616,INFY.NS
2014-07-11,300.9425354003906,310.47294179242294,298.5633460851534,307.70473015533923,15826360,INFY.NS
2014-07-14,291.7694396972656,299.88859548761667,288.2006341319599,299.88859548761667,8231600,INFY.NS
2014-07-15,291.8056945800781,294.7276912221852,291.0277160937611,293.0133998913282,4139800,INFY.NS
2014-07-16,292.1630554199219,293.55619462783295,289.77931600665823,293.1038738348779,4589488,INFY.NS
2014-07-17,293.0404968261719,302.6839610205792,292.3484328948342,294.9221553791693,4946672,INFY.NS
2014-07-18,294.14874267578125,296.24297913692243,293.4295570238846,294.2799112900555,4098368,INFY.NS
2014-07-21,289.548583984375,296.12081735886125,288.4087490109268,294.46079146658826,7435968,INFY.NS
2014-07-22,292.533935546875,293.7099695696764,289.30889723412133,289.93761869834697,8733360,INFY.NS
2014-07-23,303.00518798828125,303.5072685128527,293.9180671827894,293.9180671827894,11827336,INFY.NS
2014-07-24,305.9723815917969,307.1257995429523,300.4721566702686,302.5121277383306,5571560,INFY.NS
2014-07-25,303.2539367675781,307.48766364985505,298.9568893938305,307.48766364985505,5337672,INFY.NS
2014-07-28,304.9637451171875,306.4021164574864,300.41792098019647,302.6026216564193,4601448,INFY.NS
2014-07-30,305.06329345703125,307.03541693408687,302.6569595988829,307.03541693408687,9934720,INFY.NS
2014-07-31,304.6516418457031,307.1167903857927,302.43979738931387,305.768883137713,8457168,INFY.NS
2014-08-01,302.2679443359375,306.8544734697188,301.24569476832653,303.0549782203886,7607008,INFY.NS
2014-08-04,313.5080261230469,315.0775658072442,302.9915691325821,303.5072103484683,13086960,INFY.NS
2014-08-05,317.80059814453125,318.4338472726302,313.9151668400336,314.45342418172237,10985624,INFY.NS
2014-08-06,323.48626708984375,326.42635221458397,318.886155837206,318.886155837206,18004184,INFY.NS
2014-08-07,317.28948974609375,320.6411693039299,315.02788567954985,316.5341051534772,7754224,INFY.NS
2014-08-08,315.0549621582031,318.43380698431554,314.36292024730017,316.62452399008646,3811352,INFY.NS
2014-08-11,323.273681640625,324.19641167221494,317.5292073761281,318.7957056391668,5628672,INFY.NS
2014-08-12,323.572265625,325.5805658932248,320.3336437421253,325.5805658932248,5916936,INFY.NS
2014-08-13,326.4308776855469,327.9325916291915,321.21562751099356,322.05694864602395,8941360,INFY.NS
2014-08-14,326.8063049316406,328.17682811834146,324.4587644018179,326.39468858731885,6762480,INFY.NS
2014-08-18,322.0343933105469,326.75661910297833,321.14783992679213,326.75661910297833,6777888,INFY.NS
2014-08-19,320.94873046875,324.6758492020494,319.33846410789477,322.1428528861794,6424824,INFY.NS
2014-08-20,321.5594177246094,324.0878868418813,320.87640882851446,322.3238355387643,3938224,INFY.NS
2014-08-21,321.052734375,322.3599368994492,319.3384431836029,321.7131270741325,4298880,INFY.NS
2014-08-22,325.76141357421875,326.3946626425385,320.9668134855118,321.0527500133031,4855040,INFY.NS
2014-08-25,328.1859130859375,328.9005711787425,322.23789403996756,325.58054063035496,4198352,INFY.NS
2014-08-26,327.8556823730469,329.2895481685562,325.6709817051655,327.6611932600304,5842128,INFY.NS
2014-08-27,328.4347229003906,330.1942467294652,325.77055729945454,328.3849631857421,5569872,INFY.NS
2014-08-28,325.56243896484375,328.71510183973976,323.9702608384558,328.29445231005207,7599304,INFY.NS
2014-09-01,325.6392822265625,327.3807171863289,324.3139912084549,326.58012267719016,3643152,INFY.NS
2014-09-02,326.9148254394531,327.932547137466,321.64981627226166,325.6709433641041,3583832,INFY.NS
2014-09-03,337.8157958984375,338.9149266289301,326.5756238048763,326.5756238048763,11857560,INFY.NS
2014-09-04,335.5089416503906,336.97898419890936,334.522891175313,336.97898419890936,6238464,INFY.NS
2014-09-05,337.49920654296875,343.31152953978864,335.2014254299795,337.61228675691467,6468352,INFY.NS
2014-09-08,342.1037292480469,342.90434577538224,337.6755137138618,337.6755137138618,6517296,INFY.NS
2014-09-09,337.9786071777344,339.73360293202876,336.5266530879422,339.05964940150733,4316800,INFY.NS
2014-09-10,331.7592468261719,335.44113403661646,331.09885398436256,335.44113403661646,5080752,INFY.NS
2014-09-11,333.2835388183594,334.6902609766892,328.4392005361608,332.36533639406775,5013032,INFY.NS
2014-09-12,331.99444580078125,335.4411394826073,330.1942176676151,333.63185609812723,3907552,INFY.NS
2014-09-15,329.4071350097656,331.82252355300267,328.1406368282656,331.5511310855384,4958800,INFY.NS
2014-09-16,330.3072814941406,333.8579999600482,327.8059561735675,329.83234462927396,5034904,INFY.NS
2014-09-17,338.4309997558594,339.06877659447116,332.1030352541851,332.8991023100054,7926120,INFY.NS
2014-09-18,334.44598388671875,337.4041573632471,330.59672964145227,332.3607806789938,9104776,INFY.NS
2014-09-19,334.9028625488281,342.6691977718977,333.0257311469747,334.62694243160115,14755016,INFY.NS
2014-09-22,330.2484436035156,333.1568572689415,328.56580153439563,332.90808084982814,8612040,INFY.NS
2014-09-23,326.31329345703125,333.2202190984443,325.2684279499321,329.74187642414233,12962304,INFY.NS
2014-09-24,329.7237854003906,332.2070222551411,325.5126741996219,328.3849113720913,5564560,INFY.NS
2014-09-25,333.9031677246094,336.41807543704766,329.83228109561793,330.19413768486163,24975512,INFY.NS
2014-09-26,332.9217529296875,336.54937548817844,331.14414057508964,333.36051304991264,8864840,INFY.NS
2014-09-29,339.1546936035156,340.23120836878735,333.00765780246655,334.8078859120497,4996144,INFY.NS
2014-09-30,339.0371398925781,339.8106130699858,334.81699461423966,338.71598762757475,6927368,INFY.NS
2014-10-01,348.0427551269531,349.18711787691507,336.70759185447434,336.70759185447434,9470864,INFY.NS
2014-10-07,346.5953674316406,352.17247449259565,340.9865890778454,340.9865890778454,20063456,INFY.NS
2014-10-08,330.207763671875,343.04011433605774,329.38002539493306,342.40686517984665,20327680,INFY.NS
2014-10-09,329.9046630859375,335.98384948330335,328.0139491197056,334.7173513969365,12432832,INFY.NS
2014-10-10,351.783447265625,353.53393759758814,323.20130030514423,331.0988258974341,45893056,INFY.NS
2014-10-13,356.65948486328125,360.49968410740564,351.8422682563253,351.8422682563253,17726984,INFY.NS
2014-10-14,354.46575927734375,358.6904315699377,352.81026056059443,358.6904315699377,6860512,INFY.NS
2014-10-15,354.46575927734375,354.46575927734375,354.46575927734375,354.46575927734375,0,INFY.NS
2014-10-16,352.3689880371094,359.02382357426455,351.37076715781205,355.54143463486474,10017392,INFY.NS
2014-10-17,351.1246032714844,357.6108020669232,349.79821210715056,352.3325014738927,8190016,INFY.NS
2014-10-20,347.54205322265625,352.11838898800903,346.6076411266312,351.2477859497037,7702720,INFY.NS
2014-10-21,343.9501953125,350.96511760868185,338.2115429898648,350.96511760868185,26081384,INFY.NS
2014-10-22,346.0560302734375,347.5009367729516,344.24645297411223,347.2639285735504,5353320,INFY.NS
2014-10-27,346.6941223144531,350.97417961195185,344.7933831145229,350.97417961195185,4767752,INFY.NS
2014-10-28,345.3449401855469,347.54195642881575,343.2254206556019,343.2254206556019,6666368,INFY.NS
2014-10-29,353.84130859375,354.86688274046236,347.59670156710166,347.59670156710166,8229336,INFY.NS
2014-10-30,359.7759094238281,362.93923089077134,355.16765929053565,355.16765929053565,15245208,INFY.NS
2014-10-31,369.320556640625,370.6651979761262,363.46795270280387,363.46795270280387,8670800,INFY.NS
2014-11-03,372.4793395996094,374.67635584421606,367.60672818230296,371.6588804262279,8578408,INFY.NS
2014-11-05,376.0255432128906,378.68749526492167,369.84476848574565,372.39730817457996,10241080,INFY.NS
2014-11-07,379.8362731933594,381.3313237480044,375.43311405991693,375.43311405991693,9970400,INFY.NS
2014-11-10,379.73583984375,381.15797792684697,377.41120560631975,380.6064203510964,5594168,INFY.NS
2014-11-11,376.0620422363281,379.69027726075086,374.1111370142646,379.69027726075086,6255088,INFY.NS
2014-11-12,374.3117370605469,378.3867024171878,373.50040293829693,375.67916912482065,5392896,INFY.NS
2014-11-13,380.9300537109375,382.97661665195824,374.89510340061474,375.7702686785452,4956680,INFY.NS
2014-11-14,382.1197204589844,383.9247572799255,380.51071782115645,382.33396035983,5233176,INFY.NS
2014-11-17,384.5629577636719,385.4244133024799,378.14969213742063,381.51356629250046,5458184,INFY.NS
2014-11-18,381.2719421386719,385.41523422680893,380.3375303090378,385.15999806869524,5267120,INFY.NS
2014-11-19,380.4515075683594,381.9648079221085,377.38845090916766,381.0577268676419,5201120,INFY.NS
2014-11-20,385.21484375,385.8438537703075,381.4088234558688,381.969461854126,5347928,INFY.NS
2014-11-21,377.9718933105469,380.96657847606645,373.91063782751894,380.14611922593855,10463272,INFY.NS
2014-11-24,389.72723388671875,390.32432803774395,382.1471116210094,382.8809489680946,11047440,INFY.NS
2014-11-25,392.2889404296875,393.81590628160274,387.0744481929668,391.54139307319656,14886576,INFY.NS
2014-11-26,392.0381774902344,393.6107241433913,389.4081412866063,391.9971367289626,7930800,INFY.NS
2014-11-27,398.00469970703125,398.9619019884396,393.09107023168616,393.99356633732015,17389032,INFY.NS
2014-11-28,397.4533386230469,400.93116600587774,395.95370333708394,398.3877507311779,14347264,INFY.NS
2014-12-01,396.54156494140625,401.31391092653115,391.3225334614186,399.9282288682272,18341864,INFY.NS
2014-12-02,387.7308044433594,394.72291338301665,385.6158251386766,394.72291338301665,10654992,INFY.NS
2014-12-03,387.1656188964844,388.88857448584184,380.0640969038087,383.15448462960296,12775044,INFY.NS
2014-12-04,383.2091979980469,391.0673481150215,381.9693839352267,384.7042482593452,9399228,INFY.NS
2014-12-05,377.4659118652344,385.90753372589444,375.5515071987087,385.61579711446376,7358760,INFY.NS
2014-12-08,359.20611572265625,368.11265063924964,356.94529063347744,366.2894081893277,166320408,INFY.NS
2014-12-09,358.2307434082031,362.0960091247059,355.979020813224,361.50345523263377,10050460,INFY.NS
2014-12-10,358.0392150878906,361.9136050665629,357.19140294716476,358.4494446150442,7804712,INFY.NS
2014-12-11,350.2539978027344,356.25244762461557,349.15092722409685,355.7146000074219,8285932,INFY.NS
2014-12-12,353.462890625,357.4284428259019,349.7161186084937,353.5358247719241,14572500,INFY.NS
2014-12-15,350.9378356933594,356.85425056437225,347.3095775257809,347.3186803873174,12966284,INFY.NS
2014-12-16,353.3443603515625,355.82396544661407,351.1017634034372,351.1017634034372,17792756,INFY.NS
2014-12-17,353.43560791015625,356.5351205923707,345.7415323898,352.9797972215953,17851776,INFY.NS
2014-12-18,358.4312744140625,361.33023465780417,354.5751117860162,356.26161122502924,19949980,INFY.NS
2014-12-19,364.4024353027344,366.1071629098279,362.0960286548397,364.2109859016479,14294632,INFY.NS
2014-12-22,364.5755310058594,366.4899354478978,360.1541683659136,365.74241054561514,10465104,INFY.NS
2014-12-23,359.4796142578125,368.641407878779,358.01189513339494,364.8034734892357,8196952,INFY.NS
2014-12-24,351.986083984375,362.27827882602577,349.16005815558617,360.27271210882077,27339488,INFY.NS
2014-12-26,355.9425048828125,357.4831358400437,352.0589895881479,354.6388820886444,2268748,INFY.NS
2014-12-29,356.95440673828125,359.6892703441327,355.9880793616629,356.6353393175986,2792676,INFY.NS
2014-12-30,358.5133361816406,360.0904456226058,356.7721526971425,357.76581110023204,4640552,INFY.NS
2014-12-31,359.6437072753906,360.81056466715825,355.5322865463673,356.44390779392205,6968808,INFY.NS
2015-01-01,359.98101806640625,361.3666779706182,356.79034356363843,358.9873375102883,2002764,INFY.NS
2015-01-02,367.05517578125,368.12179046217244,359.5434254899942,359.5434254899942,6778320,INFY.NS
2015-01-05,363.9010009765625,370.1182538936478,360.5462300860535,366.45354065858766,9937024,INFY.NS
2015-01-06,356.29803466796875,361.91363037942995,352.6333217536894,361.00200914421725,9667316,INFY.NS
2015-01-07,358.0027770996094,360.0447997235319,355.53227469851237,358.2671383500394,7249916,INFY.NS
2015-01-08,359.80780029296875,364.101545498216,355.5323053187387,362.02304449276903,13564920,INFY.NS
2015-01-09,378.2225646972656,384.52187699005304,348.79544597027177,361.02027465161825,44863328,INFY.NS
2015-01-12,385.7889709472656,386.38152473375015,378.32280214011166,381.42231425403065,12758888,INFY.NS
2015-01-13,380.8571472167969,384.3031026041001,378.3228576860764,384.3031026041001,8801236,INFY.NS
2015-01-14,388.1044616699219,388.8975898904111,381.53170866523885,382.60740383733133,9921260,INFY.NS
2015-01-15,389.1255798339844,392.50770400228373,385.11444582609045,389.2987789908638,8342452,INFY.NS
2015-01-16,386.2174377441406,393.820349477333,385.0687861556145,391.6324586469034,6690960,INFY.NS
2015-01-19,383.3368225097656,388.77922041090864,381.89647841340866,386.52749760794444,4087744,INFY.NS
2015-01-20,387.29315185546875,388.8976141120686,383.1452752867629,384.15718374783336,6804504,INFY.NS
2015-01-21,395.62548828125,396.72855921976054,386.16287473658036,388.62425283334323,8494908,INFY.NS
2015-01-22,400.4660949707031,401.66032772554786,394.05741530891845,396.5187927144086,9958396,INFY.NS
2015-01-23,403.8573913574219,405.67150897816504,394.7503027887566,401.1134021357138,9486328,INFY.NS
2015-01-27,389.53582763671875,404.94222943185224,388.3689700395894,404.94222943185224,13739968,INFY.NS
2015-01-28,391.00360107421875,392.87242521903215,388.40547970216113,391.997259643785,13134356,INFY.NS
2015-01-29,391.1767272949219,391.97893629014226,387.9131406168856,391.08556515852126,15369424,INFY.NS
2015-01-30,390.5202941894531,394.28531666847243,387.7945555480861,394.09386730297035,10833744,INFY.NS
2015-02-02,389.599609375,392.3618040847124,387.6304984816886,390.44739937147375,8702540,INFY.NS
2015-02-03,386.6915588378906,390.16484537496154,383.24564765127013,389.5996667982633,5265956,INFY.NS
2015-02-04,390.6935729980469,391.9971737008315,387.6943031983601,390.15568080066765,5160016,INFY.NS
2015-02-05,399.9830322265625,404.7599196733069,391.63257092714565,392.1430878364939,11875936,INFY.NS
2015-02-06,406.67431640625,409.8285354293266,399.01669646046986,402.0250471534549,7453728,INFY.NS
2015-02-09,410.0290832519531,410.9589549480247,401.11344316133733,401.11344316133733,6536868,INFY.NS
2015-02-10,415.3893737792969,418.9811528274416,408.588669924411,408.95331844732436,8516920,INFY.NS
2015-02-11,416.5835876464844,418.10596845274813,411.36909620089597,415.79045934011884,5796972,INFY.NS
2015-02-12,421.3878479003906,423.3478338213977,414.42306962317815,416.24631234039407,6287536,INFY.NS
2015-02-13,418.634765625,424.21386146570353,416.79327273040457,419.27290055700195,5657516,INFY.NS
2015-02-16,415.471435546875,420.6038460075496,413.0100578705688,415.7540470715218,6244276,INFY.NS
2015-02-18,418.7076721191406,420.2483032468115,411.71551879225615,417.62285165129896,8613764,INFY.NS
2015-02-19,423.8492736816406,425.5448985036816,417.8964033392986,418.25192680696045,9673624,INFY.NS
2015-02-20,416.2645568847656,425.90949292194324,415.13411080532904,424.5420609027161,6971628,INFY.NS
2015-02-23,413.0738220214844,421.0231322946907,409.8831477745799,419.3457581645833,5090488,INFY.NS
2015-02-24,414.38653564453125,418.60732393502866,411.6152161387406,415.516937013804,6437676,INFY.NS
2015-02-25,422.5548400878906,425.69080932792525,415.6994282036345,417.32209676300516,6044972,INFY.NS
2015-02-26,411.70648193359375,420.98677014865535,409.3909279254229,420.71328372369953,6445776,INFY.NS
2015-02-27,413.10113525390625,415.81774854900743,410.5030149063974,414.76938419825825,7801076,INFY.NS
2015-03-02,417.8323974609375,420.89545319636517,415.3436897143234,419.8926700070301,7040992,INFY.NS
2015-03-03,418.95391845703125,419.8837456968966,415.38946942229074,417.52265486994577,4905552,INFY.NS
2015-03-04,414.7237854003906,421.880011314626,410.57590923354087,419.3457223628379,4375228,INFY.NS
2015-03-05,409.7919616699219,419.11782833211316,407.1938413637848,413.3381590799586,5684916,INFY.NS
2015-03-09,399.29931640625,411.87056717922025,397.28462411842446,411.87056717922025,7984720,INFY.NS
2015-03-10,400.74871826171875,402.3805114649189,393.8568524209083,400.7669684925846,6329916,INFY.NS
2015-03-11,397.8680725097656,408.4064257921341,395.47965092373124,400.037758354447,6780912,INFY.NS
2015-03-12,404.449951171875,405.9358762191771,396.9199496552833,397.28459820802124,5688564,INFY.NS
2015-03-13,404.832763671875,406.5830943495143,399.7276844603116,405.6714730617351,6179684,INFY.NS
2015-03-16,413.265380859375,416.0640768324846,403.03701374131356,403.03701374131356,6818632,INFY.NS
2015-03-17,408.49749755859375,415.60814357724365,404.25845858593703,413.26525907112375,5539312,INFY.NS
2015-03-18,406.4919738769531,412.57250629466034,405.22482905963807,411.05008078295174,4905564,INFY.NS
2015-03-19,406.66522216796875,410.04734680338265,405.2613339738634,407.4218947134393,6891740,INFY.NS
2015-03-20,411.58795166015625,413.6755558380449,407.12100664087063,408.5887260497604,6430896,INFY.NS
2015-03-23,407.2121887207031,414.7877720982824,405.7627194746055,410.7766375988705,5078700,INFY.NS
2015-03-24,403.2010803222656,410.8495761080297,402.20742175041363,407.47657642426606,6736532,INFY.NS
2015-03-25,404.5957946777344,406.42811793263826,401.25012660648065,405.2885912752303,6170968,INFY.NS
2015-03-26,391.3316345214844,403.82992505842,388.7152639780696,402.5719056583385,15740840,INFY.NS
2015-03-27,401.50531005859375,405.61673060128095,394.36733381884665,394.5496580600944,10074220,INFY.NS
2015-03-30,406.2184753417969,408.40636659139363,400.18352417322126,402.1344294809875,4623088,INFY.NS
2015-03-31,404.4590148925781,414.54151023508024,401.9064754108802,409.3179383151365,8016412,INFY.NS
2015-04-01,396.3638916015625,401.0222862341834,393.40112181238067,400.9128738522452,6738488,INFY.NS
2015-04-06,397.1387023925781,398.3238101069378,393.893321595318,397.2845707061282,7741752,INFY.NS
2015-04-07,393.7292175292969,397.97738145311814,389.80924615773864,396.5552434018155,8542268,INFY.NS
2015-04-08,401.2137145996094,402.0067985323731,396.1997967578566,397.922752350015,10185576,INFY.NS
2015-04-09,403.84814453125,404.5591911792755,398.2690056324005,403.1917595386505,10581548,INFY.NS
2015-04-10,407.30322265625,408.04164472284333,402.9730220029133,402.9730220029133,7123776,INFY.NS
2015-04-13,408.1875915527344,409.13566887038075,404.04883945557305,408.0417232316899,4872336,INFY.NS
2015-04-15,403.6112365722656,409.3179952527292,400.21090666625093,407.7682389232645,6237784,INFY.NS
2015-04-16,400.13800048828125,406.7655064873896,393.91164355266926,405.1245878148721,9007812,INFY.NS
2015-04-17,397.3300476074219,400.19252889527564,392.6260739333814,397.4759158827309,6450316,INFY.NS
2015-04-20,388.7427062988281,397.4669411376199,385.6431934550944,396.73764399791787,12825384,INFY.NS
2015-04-21,390.64794921875,392.9270023050333,386.5456536634401,391.63248234692213,8881648,INFY.NS
2015-04-22,389.75457763671875,392.90879636624817,382.5071880053692,392.1886244123517,12350984,INFY.NS
2015-04-23,386.8921203613281,391.99720017759444,385.0688775698044,391.7601697121437,11891800,INFY.NS
2015-04-24,363.7734069824219,392.0336713479848,361.00208673428745,389.42642515235076,43565452,INFY.NS
2015-04-27,361.8498840332031,365.01320581614766,355.18592274674427,364.6485572588888,19822640,INFY.NS
2015-04-28,357.5196533203125,361.36669083504023,355.8969629212909,361.36669083504023,10393500,INFY.NS
2015-04-29,357.5652160644531,359.5434297739519,353.3352800074029,357.5196350008408,8289056,INFY.NS
2015-04-30,354.1192932128906,358.26717011884676,352.30517573239786,357.35554882083443,13134260,INFY.NS
2015-05-04,363.39044189453125,364.6484836142759,355.51404355101374,357.26435182108685,13361592,INFY.NS
2015-05-05,357.85693359375,365.32310297710546,355.9060729563942,364.64851213221243,9408516,INFY.NS
2015-05-06,350.4363708496094,360.09043201032125,349.20568203134627,360.09043201032125,10508408,INFY.NS
2015-05-07,354.4383850097656,358.6500712445623,348.2393597575372,350.42725102302956,6779984,INFY.NS
2015-05-08,356.98187255859375,358.7322037333117,354.66636273260195,356.99099767661465,5777676,INFY.NS
2015-05-11,363.49072265625,364.6484771198301,355.93336961411546,358.2671287702331,4785512,INFY.NS
2015-05-12,355.0036315917969,363.66403563475615,354.0737821353033,363.4908364564505,8284892,INFY.NS
2015-05-13,356.7539367675781,358.24900933053334,351.61240058509156,355.8514404158426,7099084,INFY.NS
2015-05-14,352.7609558105469,357.5013861493973,347.87465717410385,357.3555178518048,6233844,INFY.NS
2015-05-15,357.674560546875,358.55882861689577,352.3051208407313,352.79738736240756,5189344,INFY.NS
2015-05-18,363.38140869140625,364.4480012591535,357.64729683359633,359.17882520962434,6469976,INFY.NS
2015-05-19,368.7235107421875,371.1575354786544,362.0960274800205,362.3330579514173,10272076,INFY.NS
2015-05-20,373.27252197265625,374.1294372196804,370.7746658849525,371.9415457739513,5882188,INFY.NS
2015-05-21,373.48211669921875,375.93436906218193,371.44009391598854,373.5641537126137,10059312,INFY.NS
2015-05-22,373.11749267578125,374.0473642559838,370.1364953186546,372.67080711774713,6888824,INFY.NS
2015-05-25,367.7115173339844,374.95890550343574,365.93385608487364,373.8558350052834,4675808,INFY.NS
2015-05-26,365.9794921875,370.3826052155215,365.04051780700706,368.2950013628235,3965040,INFY.NS
2015-05-27,358.9053039550781,366.2894364469149,356.4439264577992,365.9247879287995,8454708,INFY.NS
2015-05-28,367.6751708984375,370.48296950839,360.1269405920193,360.1269405920193,10980540,INFY.NS
2015-05-29,368.8692626953125,374.9406460740709,364.83077663362525,365.5327204532345,18993044,INFY.NS
2015-06-01,373.3636169433594,376.31726096114244,368.8875475967207,370.6287531282348,5724892,INFY.NS
2015-06-02,366.2256774902344,374.6946538354558,365.56018940239,373.4183838475173,4673140,INFY.NS
2015-06-03,368.4591064453125,371.84120816001325,366.1071190083752,367.96681758285786,5495796,INFY.NS
2015-06-04,369.7626953125,374.6763248304751,366.9457723632326,370.11821868898517,7489464,INFY.NS
2015-06-05,366.77264404296875,372.6708300775081,366.1345090599593,370.1182901454704,6125788,INFY.NS
2015-06-08,364.65765380859375,369.1428262602395,362.2783132563211,368.2950139797527,6141048,INFY.NS
2015-06-09,363.2081604003906,366.0433115967247,361.5490140559484,365.3322425187124,7561740,INFY.NS
2015-06-10,369.4801330566406,371.8229954742408,361.91367585365487,362.8252972034122,6385840,INFY.NS
2015-06-11,364.2201232910156,372.8075929204597,363.7460845870932,371.20313026184823,9229464,INFY.NS
2015-06-12,360.0994873046875,369.30686112272144,356.5350396270368,365.56008921105024,9852924,INFY.NS
2015-06-15,366.6424560546875,369.7334303785738,358.33196333663284,361.6450578056745,5236426,INFY.NS
2015-06-16,369.93701171875,371.28816912849237,364.6249716765354,368.08612353765085,5223444,INFY.NS
2015-06-17,368.5859069824219,377.95139742431274,367.2902851499193,374.24962076001975,6412068,INFY.NS
2015-06-18,370.8994445800781,373.1205101425991,368.6228433409552,372.25057924097,3474426,INFY.NS
2015-06-19,368.4562683105469,374.02745931383004,367.6233687033402,373.990427997201,6670458,INFY.NS
2015-06-22,379.0063781738281,380.8202576976073,369.0671173020797,371.9915297766174,5710868,INFY.NS
2015-06-23,370.3257141113281,380.320510229873,369.4928144347827,379.4320748706847,6952116,INFY.NS
2015-06-24,368.3638000488281,375.73034491273705,366.9201206542434,375.73034491273705,7073694,INFY.NS
2015-06-25,366.6424560546875,371.4732698432966,365.60596315884754,369.88151047534404,7117466,INFY.NS
2015-06-26,372.1210632324219,374.4716821496454,369.47428413558157,369.80745304072565,5320284,INFY.NS
2015-06-29,366.5313415527344,369.992492904043,363.6994740152299,365.3652731328569,5690668,INFY.NS
2015-06-30,364.38433837890625,367.75296834349507,362.77407473776304,366.47585101059735,6212530,INFY.NS
2015-07-01,369.21514892578125,372.0284896608015,364.9951152294032,366.10564803436085,6880852,INFY.NS
2015-07-02,365.7354736328125,370.69586257589793,364.64344517961297,369.80742728661914,4007568,INFY.NS
2015-07-03,366.5868835449219,367.5863676130927,363.51441389331023,365.73547955864615,2695306,INFY.NS
2015-07-06,363.9956359863281,365.7354752558086,360.9231663708637,364.6249424362059,4305602,INFY.NS
2015-07-07,362.9591064453125,366.4757933512079,362.40384009175006,364.62490550599983,3497418,INFY.NS
2015-07-08,354.445068359375,362.4038871267134,353.44558427447436,362.4038871267134,7024178,INFY.NS
2015-07-09,347.22662353515625,357.59159737202657,345.7644173501135,354.4450874572624,8587772,INFY.NS
2015-07-10,347.0415344238281,352.4461188823819,345.2461819232821,350.9654083355069,7411522,INFY.NS
2015-07-13,351.7242736816406,353.51962609600224,345.7644004602573,348.3371394307205,6531768,INFY.NS
2015-07-14,359.5350036621094,360.3679032844926,350.00293020594535,353.51961750045245,5367074,INFY.NS
2015-07-15,364.2547607421875,364.9766115855986,358.3319191041032,359.0722743088637,4129566,INFY.NS
2015-07-16,366.1241455078125,367.0310851335686,362.58895399730756,365.62441479252203,3472938,INFY.NS
2015-07-17,370.86248779296875,371.8434676510922,366.1427225241271,366.84606913114226,3447978,INFY.NS
2015-07-20,370.6403503417969,374.1755421733533,365.51339922729284,370.6958860235826,4377180,INFY.NS
2015-07-21,411.87811279296875,425.33405942119157,383.1338133167391,383.1338133167391,38310112,INFY.NS
2015-07-22,408.3614807128906,411.6375438544075,398.55177305808684,409.0463003229499,12665660,INFY.NS
2015-07-23,406.4550476074219,413.4884227481696,403.4936264955281,408.65758648431284,7710748,INFY.NS
2015-07-24,402.60516357421875,409.58300255408614,400.9393643127689,405.54810271539844,4480302,INFY.NS
2015-07-27,394.35028076171875,402.7347686422073,392.55488295377916,402.34610921036176,6752244,INFY.NS
2015-07-28,393.44317626953125,398.31101979621377,390.2596585689204,395.5346883385264,8476602,INFY.NS
2015-07-29,401.7908020019531,404.2339652820523,394.23916943716637,397.5707680521283,7071334,INFY.NS
2015-07-30,396.0900573730469,403.4936098473094,391.64792588848934,403.4936098473094,11956598,INFY.NS
2015-07-31,398.6998291015625,400.29156577652424,392.3882825199128,399.2550955390907,7931012,INFY.NS
2015-08-03,399.4031066894531,404.2339424837743,395.70133065938194,399.0514560416746,7961012,INFY.NS
2015-08-04,391.3703308105469,399.40316795285895,389.0567204368738,399.05151725114166,9099054,INFY.NS
2015-08-05,402.1424865722656,403.49364405089386,393.11014275046665,393.1286697083021,4753476,INFY.NS
2015-08-06,402.3646240234375,409.23143828135056,398.68137406514205,404.97439482568745,7238252,INFY.NS
2015-08-07,405.56658935546875,407.5655575307613,399.2365611234569,399.60673874155935,4988058,INFY.NS
2015-08-10,402.0127868652344,409.54589036241873,394.9794139826934,406.45491710683916,3992754,INFY.NS
2015-08-11,410.5825500488281,413.45142683991816,405.60363353747687,406.75122040407405,7574406,INFY.NS
2015-08-12,423.6312255859375,425.33403339226714,411.26728555161776,412.74799585063346,10168440,INFY.NS
2015-08-13,428.6656494140625,431.94171204950675,390.7409733764711,424.59369592221907,9787960,INFY.NS
2015-08-14,425.4266662597656,432.62660351098685,423.1500646640373,431.25696427463737,5109066,INFY.NS
2015-08-17,422.7983703613281,426.9813502819007,415.5243712173995,425.70425559020885,3107436,INFY.NS
2015-08-18,431.0162658691406,435.958127635058,425.70422651494937,425.70422651494937,4150446,INFY.NS
2015-08-19,435.1623229980469,439.10467853469845,430.44255830257,433.1078191143483,6869518,INFY.NS
2015-08-20,419.98504638671875,432.55255879613105,417.5603648455591,429.0358713262438,8369114,INFY.NS
2015-08-21,425.6672058105469,429.75764093320544,413.6734432505756,422.3356076098711,10822142,INFY.NS
2015-08-24,404.25244140625,415.70941934976173,399.27352587844814,410.8785838904332,14122684,INFY.NS
2015-08-25,401.88330078125,414.2287140986626,386.65048425027084,407.19534004336805,13735078,INFY.NS
2015-08-26,394.0910949707031,406.08485919316405,392.0181092849232,403.4195983382611,11498212,INFY.NS
2015-08-27,400.828369140625,407.23241523952476,399.07002533977413,402.75327480542364,15343392,INFY.NS
2015-08-28,411.285888671875,416.4128399941437,407.7876828299988,407.7876828299988,7208820,INFY.NS
2015-08-31,405.12237548828125,420.096041370561,400.71725299975185,420.096041370561,9917064,INFY.NS
2015-09-01,403.1234130859375,412.59995076557004,400.53216984296085,403.493590692077,9071550,INFY.NS
2015-09-02,406.9917907714844,412.74807118461,403.4936301266591,406.45505126520345,11171830,INFY.NS
2015-09-03,406.9547119140625,411.63746731994394,404.4190045387039,410.952647837211,8590536,INFY.NS
2015-09-04,397.55224609375,411.26734530617773,394.9795296504875,408.3059242778704,7318888,INFY.NS
2015-09-07,391.92559814453125,401.64276173489156,390.53743191733696,401.6242347767812,5180988,INFY.NS
2015-09-08,391.9440612792969,397.5707427288732,389.5379068773065,393.1286115251986,5459496,INFY.NS
2015-09-09,403.0123596191406,407.0473047427159,396.8304113972662,402.4200844605649,9148664,INFY.NS
2015-09-10,399.95843505859375,404.04891628062944,392.758497639714,401.60575275980796,8363004,INFY.NS
2015-09-11,403.7712097167969,409.5644980869673,401.827777352815,404.0673698663862,9883810,INFY.NS
2015-09-14,407.1028137207031,408.67606851344055,400.77278582746334,406.82518052198475,6557076,INFY.NS
2015-09-15,406.8992004394531,408.3799108416166,402.80876506609366,406.9732630721785,5291886,INFY.NS
2015-09-16,407.8062438964844,410.8046740205261,406.5661577252226,410.1568630905545,7478240,INFY.NS
2015-09-18,408.8426513671875,413.821567432677,406.8437283838507,411.5634930046021,11576876,INFY.NS
2015-09-21,408.91668701171875,410.47141482673425,404.4190202206957,407.1953521672908,4351234,INFY.NS
2015-09-22,409.9532775878906,420.50334208416115,407.6026582201228,412.74813731023136,9626986,INFY.NS
2015-09-23,413.2108154296875,416.9496007803573,406.2514573052642,409.9532339272547,4758254,INFY.NS
2015-09-24,422.2060241699219,426.70364526763535,410.89708190371243,412.1927033331385,13399262,INFY.NS
2015-09-28,409.2498779296875,423.0574757753045,407.5655517162717,421.98395166058333,9788464,INFY.NS
2015-09-29,415.2837829589844,419.55935284362914,406.2699663200835,407.9357657264073,8699370,INFY.NS
2015-09-30,430.1278076171875,432.719050596529,416.8014151520027,419.9294427182512,9495692,INFY.NS
2015-10-01,434.23687744140625,443.3802466271841,429.40604140057064,433.070808894891,10864394,INFY.NS
2015-10-05,437.4574890136719,440.2708304449301,430.1464795717256,434.21843419761973,6881760,INFY.NS
2015-10-06,427.4070739746094,441.4553418635239,425.0009194279448,439.41936493942313,8711880,INFY.NS
2015-10-07,419.4852600097656,432.64509244763696,417.72691631853456,427.92532780275366,9182488,INFY.NS
2015-10-08,419.0966491699219,425.5562312982679,416.8385744687286,420.66990423379383,9080874,INFY.NS
2015-10-09,432.14544677734375,434.1814240838102,420.52185820833955,420.52185820833955,11782138,INFY.NS
2015-10-12,415.6724853515625,451.54270808117565,410.5270070640759,443.8429950133697,30404970,INFY.NS
2015-10-13,406.97320556640625,411.26725608838717,401.71665726886476,409.95310771707955,15326862,INFY.NS
2015-10-14,406.30694580078125,412.9516611781118,402.45708952352,404.03034440513704,8865510,INFY.NS
2015-10-15,406.2145080566406,408.8057520714575,403.16054189632075,407.15847930855057,8255666,INFY.NS
2015-10-16,409.03485107421875,411.4631335408351,407.20429055565575,410.56652781712444,6418992,INFY.NS
2015-10-19,415.404541015625,416.9175665549175,411.1270447972104,411.6874178705369,7347494,INFY.NS
2015-10-20,420.6346740722656,422.14769955534507,414.9001989555981,415.79680496026464,8788310,INFY.NS
2015-10-21,425.2857971191406,428.4425470687889,420.2797887370838,420.2797887370838,7278098,INFY.NS
2015-10-23,429.5819091796875,430.74000414650516,420.31705823861193,426.55590439436804,6033362,INFY.NS
2015-10-26,430.4225158691406,432.7947524785152,427.06027782657986,431.1136334572348,3195942,INFY.NS
2015-10-27,429.3952331542969,431.48728359044316,427.4152299752974,429.6193732718698,5263748,INFY.NS
2015-10-28,430.8147277832031,432.60793955635086,425.5098818261516,427.5645827480514,5255472,INFY.NS
2015-10-29,427.7701416015625,431.8234976950538,424.40790317508134,430.77744972105984,5887324,INFY.NS
2015-10-30,424.1837158203125,427.75144260034233,422.1477119112549,427.75144260034233,4044676,INFY.NS
2015-11-02,422.595947265625,424.314460977143,416.2077040788461,422.1476670993947,3544988,INFY.NS
2015-11-03,427.93817138671875,429.7873840038691,423.4178384089186,423.4178384089186,3614682,INFY.NS
2015-11-04,424.6880798339844,432.45855887695143,423.0069606598403,429.65669358671124,3205572,INFY.NS
2015-11-05,419.4952697753906,427.75142350135565,418.18773267298474,426.985562100065,2345306,INFY.NS
2015-11-06,425.2484436035156,427.3404938538773,419.49527121256455,419.5326202949634,3026172,INFY.NS
2015-11-09,423.8660888671875,425.8834406012151,416.6185896170046,418.41180129242184,6125676,INFY.NS
2015-11-10,412.3784484863281,421.2136711979634,410.9775160987518,421.2136711979634,4680052,INFY.NS
2015-11-13,411.2391357421875,413.1817441460479,407.2044313916747,410.92155451948963,3520868,INFY.NS
2015-11-16,403.5432434082031,408.69869306106744,398.6866775857224,404.8321286230541,6808334,INFY.NS
2015-11-17,396.557373046875,404.55203858128823,393.00834333048755,403.46864144194535,7184106,INFY.NS
2015-11-18,381.0537414550781,390.44934037729877,377.7848980847527,388.89896554385916,10125252,INFY.NS
2015-11-19,391.4392395019531,393.008265667301,382.47324866228,384.8828571328297,8539622,INFY.NS
2015-11-20,393.1577453613281,397.19240400411286,389.2911803940976,391.5139752757746,6082978,INFY.NS
2015-11-23,393.6434020996094,396.89359341428263,387.7781819435096,392.2611667058623,5616350,INFY.NS
2015-11-24,388.9549560546875,392.56003191684357,387.40458144416397,392.26114803893165,4325802,INFY.NS
2015-11-26,393.1577453613281,395.81016870675876,388.5440163191438,388.8802036702522,9853968,INFY.NS
2015-11-27,398.36920166015625,399.7327852351183,390.393234178223,395.2498007278086,5142478,INFY.NS
2015-11-30,406.4198303222656,410.3050918930494,394.57725462673494,399.7327040037917,18105534,INFY.NS
2015-12-01,403.0949401855469,409.07225162481353,400.8347510562673,406.4571778701344,5898550,INFY.NS
2015-12-02,396.25836181640625,403.4498144572198,395.6232907335889,403.4498144572198,6397616,INFY.NS
2015-12-03,395.15643310546875,397.79020493070277,391.9062873496003,396.3705748285534,5504726,INFY.NS
2015-12-04,391.90625,397.8275161029999,388.5626634423431,391.8875526570379,8375530,INFY.NS
2015-12-07,390.86016845703125,395.623338968694,388.52528095131424,394.2411038066181,4513870,INFY.NS
2015-12-08,390.1690979003906,397.0243193227342,388.263838586752,390.411935350907,5724372,INFY.NS
2015-12-09,384.1170959472656,391.1217603034569,382.0063707689184,389.6461292537327,6818254,INFY.NS
2015-12-10,391.2711486816406,392.8588723849487,384.90160212798264,387.25514166739066,5587746,INFY.NS
2015-12-11,393.30718994140625,396.7067773846481,390.729464744829,393.7554701480821,5390198,INFY.NS
2015-12-14,399.5459289550781,400.9095123073225,391.5326136984088,392.07428932992474,4816672,INFY.NS
2015-12-15,402.5533752441406,403.13240008703974,395.5487114755888,400.94695411190753,5431808,INFY.NS
2015-12-16,409.38983154296875,410.19304197532347,404.7387538165246,404.7387538165246,5495852,INFY.NS
2015-12-17,413.5926208496094,414.6013196061342,406.45721380873164,410.9401977845632,4958782,INFY.NS
2015-12-18,404.64532470703125,412.210359688912,403.26304403973893,412.210359688912,7219820,INFY.NS
2015-12-21,412.22906494140625,413.7047412938749,398.2197390821903,402.34783867668233,4331012,INFY.NS
2015-12-22,404.8695373535156,409.98759307921136,403.50595378179656,409.98759307921136,4109254,INFY.NS
2015-12-23,411.2577209472656,411.8741403459884,406.10231689265186,409.0909727863189,2870928,INFY.NS
2015-12-24,409.5766296386719,412.6026348145016,407.2417420642241,411.706074468532,1230054,INFY.NS
2015-12-28,412.7147216796875,414.67602721380683,407.20438708382835,407.20438708382835,5526952,INFY.NS
2015-12-29,412.6960754394531,414.67607856037694,409.93160473167296,411.4072355987523,3345062,INFY.NS
2015-12-30,405.8221435546875,413.40583076868126,404.5893047172875,411.3511297751955,5153970,INFY.NS
2015-12-31,412.9576416015625,414.65741270873434,406.08372218811746,407.2605148643327,7943938,INFY.NS
2016-01-01,412.9014587402344,414.28369374239213,408.3997779087267,410.9401534623459,1806550,INFY.NS
2016-01-04,403.0576171875,411.8554456694291,401.99291763914806,410.9214906966169,3975362,INFY.NS
2016-01-05,401.2457580566406,405.5232536376736,396.83747229536505,405.5232536376736,4949786,INFY.NS
2016-01-06,399.48992919921875,401.46993217246415,395.5860152803914,401.46993217246415,5588328,INFY.NS
2016-01-07,392.56005859375,398.948302889564,391.47666146679205,396.015692751782,5294088,INFY.NS
2016-01-08,397.2297668457031,398.76144395591297,394.31580894567674,396.557300990844,3156716,INFY.NS
2016-01-11,394.39056396484375,399.71410833960715,393.0456776645067,394.61474968429906,5360622,INFY.NS
2016-01-12,392.2425231933594,397.09909068576445,385.10711392132896,396.7442059180183,6565212,INFY.NS
2016-01-13,404.73883056640625,407.5780452255062,391.5513650322797,394.87625463186066,8751294,INFY.NS
2016-01-14,423.2684631347656,431.4872682441785,393.88622574795886,398.23846575609895,30227006,INFY.NS
2016-01-15,425.8461608886719,434.8494786016069,424.9682522475452,428.87216618096625,13036614,INFY.NS
2016-01-18,422.8575134277344,434.13967261382385,421.5312789656536,425.8461696998932,10066612,INFY.NS
2016-01-19,425.7527770996094,432.9628830434779,421.6060256143185,424.01561150889574,7500436,INFY.NS
2016-01-20,418.8788146972656,433.35511710040413,417.2910912078891,423.64198516539506,7507998,INFY.NS
2016-01-21,424.78143310546875,426.8174367726159,419.1590057408097,424.01557176097947,6743000,INFY.NS
2016-01-22,424.4825134277344,430.55322044045226,422.521208085164,428.9094506517397,6436018,INFY.NS
2016-01-25,425.0055847167969,428.44252098301155,420.1116694843468,425.97688882652943,4579262,INFY.NS
2016-01-27,425.3231506347656,429.469902139535,424.01561350062275,428.29310959815115,6971962,INFY.NS
2016-01-28,421.9982604980469,426.85482698622246,420.728072449715,424.38919465903473,7788598,INFY.NS
2016-01-29,435.18560791015625,437.0908666698593,422.7453111559393,425.13624467547,10232108,INFY.NS
2016-02-01,438.342529296875,440.78951018925926,433.9529398083115,437.09103843568556,4251126,INFY.NS
2016-02-02,439.16436767578125,444.5626096950542,434.8494770462547,439.6499969462565,7632702,INFY.NS
2016-02-03,432.49578857421875,439.29500716364737,430.64657623442645,436.26900260614013,5245966,INFY.NS
2016-02-04,440.7333984375,446.4118270334436,433.3738507121062,433.3738507121062,5549346,INFY.NS
2016-02-05,438.84674072265625,443.3110728174174,437.7820411831865,439.1456245527708,3984224,INFY.NS
2016-02-08,429.9181823730469,437.91280066312635,427.3031083819779,434.7560510152159,4221044,INFY.NS
2016-02-09,413.7981262207031,421.5126039172761,408.5119316109809,421.5126039172761,7579572,INFY.NS
2016-02-10,414.1343688964844,421.21372997493074,412.80813447653964,413.9288805429918,5866054,INFY.NS
2016-02-11,402.9642028808594,415.79673448765493,400.1623380932067,415.04957054428087,5214378,INFY.NS
2016-02-12,405.2057800292969,412.5840255236459,398.6120477200206,408.9602522733155,7408096,INFY.NS
2016-02-15,407.858154296875,411.0149040004332,405.9341978488756,409.5392733207687,5093478,INFY.NS
2016-02-16,403.15106201171875,408.2317685648054,401.1150125599082,406.0836718645101,5125448,INFY.NS
2016-02-17,410.1370544433594,412.0610111682914,402.34787763213944,404.1223924127826,4164598,INFY.NS
2016-02-18,419.6820373535156,421.02692346308925,410.94020923637817,410.94020923637817,4189072,INFY.NS
2016-02-19,421.120361328125,423.7167383063577,416.11435279137123,418.11300761669537,3974018,INFY.NS
2016-02-22,420.8961486816406,423.623269785303,416.18902483423125,422.5212211809134,3857010,INFY.NS
2016-02-23,419.86883544921875,423.0816316550394,416.9362257544279,422.24107212194997,2501960,INFY.NS
2016-02-24,420.4105224609375,427.2844408374695,417.79544828750596,418.2250767366532,4950714,INFY.NS
2016-02-25,414.7881164550781,422.37180375918683,411.35113466317114,420.4291955835708,4484528,INFY.NS
2016-02-26,418.84149169921875,422.8948475038437,416.9175351716339,418.4679096784556,4235636,INFY.NS
2016-02-29,404.9815979003906,422.29711501671625,399.0976812179216,421.96088208563486,8166076,INFY.NS
2016-03-01,420.4478759765625,422.2597852984527,408.99762327905205,408.99762327905205,6386154,INFY.NS
2016-03-02,431.86077880859375,434.66264372300935,420.27973716234254,424.781418366145,7214898,INFY.NS
2016-03-03,436.8294372558594,445.62726572028294,431.1136145923136,436.3437624296553,5814304,INFY.NS
2016-03-04,437.3337707519531,442.69466324955306,433.01888047644036,439.18298338244676,4281680,INFY.NS
2016-03-08,434.64398193359375,444.74939379279067,428.6480178882718,434.47588826628777,7617746,INFY.NS
2016-03-09,440.2664489746094,442.2277547506948,426.9855887638053,427.75145021292127,6305782,INFY.NS
2016-03-10,426.8175048828125,434.43858805126644,425.640712269482,434.43858805126644,24381016,INFY.NS
2016-03-11,427.00421142578125,431.84207991934977,425.2109996456773,428.19965554367053,4058548,INFY.NS
2016-03-14,426.331787109375,431.20705075887474,425.3231338869213,428.124999064042,4174262,INFY.NS
2016-03-15,423.7915344238281,431.3005253548234,421.75548465979375,427.3779133875426,6720258,INFY.NS
2016-03-16,430.53460693359375,431.4872593839339,422.72677872260107,426.5933437444771,5588850,INFY.NS
2016-03-17,434.0088806152344,436.99753656093856,431.1323175088023,432.1970170688053,6474622,INFY.NS
2016-03-18,445.8328857421875,447.9249363744054,434.1023987214838,434.4012826417793,8477422,INFY.NS
2016-03-21,446.39306640625,447.9247432299197,440.84538375295426,443.8153419158838,5138392,INFY.NS
2016-03-22,444.5439758300781,446.0570014884998,437.8381957659311,445.02965077317873,7097950,INFY.NS
2016-03-23,451.21246337890625,452.2958149496826,441.61137637127035,444.562683982229,6333176,INFY.NS
2016-03-28,450.12896728515625,462.12094053405986,446.7106828161699,460.40247243041625,10787510,INFY.NS
2016-03-29,447.2712097167969,455.3592720346719,445.14180979533415,447.924978450983,6995356,INFY.NS
2016-03-30,450.5211486816406,452.0341738685404,446.6359327607559,447.4017484206392,5756818,INFY.NS
2016-03-31,455.1349182128906,459.46845981018066,448.41044296090956,452.12756520611475,17996320,INFY.NS
2016-04-01,450.3345031738281,456.59200305661346,446.4679377400469,454.2758123860891,5511428,INFY.NS
2016-04-04,464.62384033203125,466.2302609146293,453.36038132860403,453.36038132860403,4577054,INFY.NS
2016-04-05,455.6953430175781,464.10093803927515,453.52854917067646,463.9888451976772,4790716,INFY.NS
2016-04-06,448.5600280761719,458.75883807601645,446.8042103737098,458.75883807601645,4931354,INFY.NS
2016-04-07,441.3871765136719,451.4365424250319,438.9588932742822,451.4365424250319,5657890,INFY.NS
2016-04-08,435.5032958984375,439.892885198722,434.12106048774496,439.27646566568563,4195578,INFY.NS
2016-04-11,442.2838134765625,443.3485132353849,430.0303035696763,435.52198725737384,5768678,INFY.NS
2016-04-12,441.6487121582031,446.39323188700786,440.30382580479545,441.01364087009637,5842138,INFY.NS
2016-04-13,438.0995788574219,446.41177808607944,435.72734235551513,446.41177808607944,12511386,INFY.NS
2016-04-18,462.7560119628906,473.66463388525,460.8134037756358,466.9775068662706,25015990,INFY.NS
2016-04-20,464.5865783691406,465.651277976651,457.9368459551969,464.73602029374814,8072848,INFY.NS
2016-04-21,458.1236572265625,467.35111503755286,455.0602572480446,467.35111503755286,5441100,INFY.NS
2016-04-22,452.5012512207031,458.9455414857658,450.91352753220946,458.12367922950335,5143938,INFY.NS
2016-04-25,454.2196960449219,457.56328253114697,448.70936117533086,452.80011171166996,5364134,INFY.NS
2016-04-26,460.30908203125,463.073598021635,451.51120746802843,454.0702351119217,5846744,INFY.NS
2016-04-27,463.2977600097656,464.1196222280421,458.9642176162379,459.20700945122314,4486208,INFY.NS
2016-04-28,451.71661376953125,463.0921656490197,450.91340347450375,459.8793700721741,12165168,INFY.NS
2016-04-29,451.3244323730469,457.0963019840617,450.1663372236657,452.57592302807603,5036410,INFY.NS
2016-05-02,448.6907653808594,452.4639351837364,446.8602041091823,452.0343066806979,3615250,INFY.NS
2016-05-03,440.00494384765625,452.85612950874236,437.7634516132887,449.32579748092405,6824810,INFY.NS
2016-05-04,444.1329040527344,445.6832783074833,437.3337306216217,441.2002947872068,5812842,INFY.NS
2016-05-05,445.4779052734375,447.92488598614943,441.23775805052117,446.48660418850096,6302668,INFY.NS
2016-05-06,441.3871765136719,444.4879256606644,439.7247546910924,444.4879256606644,2596720,INFY.NS
2016-05-09,447.9434814453125,448.8774363746399,441.0508667049155,441.57389058599244,5123678,INFY.NS
2016-05-10,453.0802917480469,454.51857340328337,447.02823566674783,449.2323787037035,3395704,INFY.NS
2016-05-11,448.98944091796875,453.78995967766406,445.49645893502196,447.73795055230505,3709888,INFY.NS
2016-05-12,452.0342102050781,453.1549561807932,447.10294615324,449.7553691751116,3406932,INFY.NS
2016-05-13,451.0068359375,452.03418636104783,445.3657572779455,450.53985847225096,5652064,INFY.NS
2016-05-16,453.90216064453125,457.13365428335504,450.16634039231286,452.1089486821566,4533878,INFY.NS
2016-05-17,453.6219787597656,457.9181720937062,451.343137503287,455.7700754267359,3796294,INFY.NS
2016-05-18,451.9781494140625,453.5285237518251,447.51386299405686,447.9247940514319,4256596,INFY.NS
2016-05-19,450.44647216796875,454.3317338787506,448.67195776382374,452.3890802217252,3954400,INFY.NS
2016-05-20,448.89605712890625,455.58318308200523,448.2983351360445,450.166244865778,3994548,INFY.NS
2016-05-23,443.8154602050781,450.222401263879,442.69471409344914,449.5686326987621,4585946,INFY.NS
2016-05-24,443.72198486328125,445.21631274326705,439.9301187471637,444.9548236055766,3485060,INFY.NS
2016-05-25,451.5298767089844,453.19229830614756,446.0942405688553,446.0942405688553,3857396,INFY.NS
2016-05-26,461.0563049316406,463.1670526750991,452.0716382162749,452.0716382162749,6136436,INFY.NS
2016-05-27,466.04351806640625,470.5265018073256,460.10355548903436,460.10355548903436,6180764,INFY.NS
2016-05-30,473.5525817871094,475.1963518733643,463.80209972545737,463.80209972545737,5285700,INFY.NS
2016-05-31,466.47314453125,473.2349691918254,462.8680693338636,472.58120073231436,13782038,INFY.NS
2016-06-01,470.0409240722656,473.8888374859103,465.48324123566755,465.50193857975717,4840534,INFY.NS
2016-06-02,471.2923889160156,476.2796994802786,468.47182658323703,468.84540858210727,5053552,INFY.NS
2016-06-03,473.29107666015625,477.92350289146697,470.7320489091989,470.7320489091989,3998380,INFY.NS
2016-06-06,473.2349548339844,477.06416998065765,471.1242076080915,472.54383731840903,4225768,INFY.NS
2016-06-07,469.7420654296875,475.3831451035816,468.8828084978165,473.32844388702387,5692420,INFY.NS
2016-06-08,462.53192138671875,472.18900814169183,461.50457076165185,472.18900814169183,8741370,INFY.NS
2016-06-09,448.0381164550781,463.4388361898267,445.9784067479343,463.4388361898267,12740804,INFY.NS
2016-06-10,446.186279296875,449.73884748706894,442.2179953484597,444.2210523665993,6383956,INFY.NS
2016-06-13,446.2998962402344,447.8116242003102,440.6687003620968,444.7503843080119,5286722,INFY.NS
2016-06-14,444.0699462890625,446.8666513478629,441.1409743029006,446.8666513478629,2940728,INFY.NS
2016-06-15,449.7200622558594,450.7405061034146,445.6006413039222,447.3579877952226,6711572,INFY.NS
2016-06-16,448.2272033691406,449.5499649305167,442.2180773348942,449.5499649305167,5302564,INFY.NS
2016-06-17,445.7706604003906,450.77825789958956,444.1077508719171,449.3610133243446,8515082,INFY.NS
2016-06-20,456.8251953125,457.9779060894356,445.84625489492333,446.33758483066185,6229566,INFY.NS
2016-06-21,455.8236389160156,459.1116740079351,451.87426915722375,457.75108230961615,4761724,INFY.NS
2016-06-22,453.329345703125,458.0345797329557,449.03982756546804,455.03003937187367,3031258,INFY.NS
2016-06-23,457.9022521972656,459.13053079550633,451.0049954532989,452.4978540455641,3828626,INFY.NS
2016-06-24,451.4584655761719,453.1402436899599,438.4009029861163,448.9829937478502,7808348,INFY.NS
2016-06-27,440.74407958984375,447.1689206691957,438.4009207087238,442.9550176922023,5583778,INFY.NS
2016-06-28,438.0797424316406,443.12512373947646,436.5490998831427,439.4592030031831,7655974,INFY.NS
2016-06-29,444.7691345214844,445.921845237103,438.4765593402536,441.80237841849527,5459150,INFY.NS
2016-06-30,442.4826965332031,447.6603452213562,441.4055536875202,446.1486175886965,9346224,INFY.NS
2016-07-01,443.08734130859375,445.95961434361544,442.2180795387954,445.95961434361544,3991912,INFY.NS
2016-07-04,447.45245361328125,451.47743756669655,444.52348139442137,444.52348139442137,5381322,INFY.NS
2016-07-05,444.23992919921875,448.79402597970403,442.57706613667636,447.84919645132567,3596416,INFY.NS
2016-07-07,437.3616943359375,442.5582579973064,436.51134755498623,441.6889961675167,5954876,INFY.NS
2016-07-08,437.7206726074219,441.0464915112541,435.9444112752627,439.53476403392335,5551648,INFY.NS
2016-07-11,444.0888977050781,445.4683122331517,438.4010041543692,441.19770944220704,6668882,INFY.NS
2016-07-12,444.65582275390625,446.09193638169677,441.4244863564086,445.95966943541276,6197368,INFY.NS
2016-07-13,451.17510986328125,451.9309736451703,444.14553978430183,445.9596313145411,5275420,INFY.NS
2016-07-14,444.5423583984375,452.02542781604336,439.91269302935706,451.62858090213206,7413328,INFY.NS
2016-07-15,405.35076904296875,449.70105638191984,397.5842521280216,449.54987443562896,61484126,INFY.NS
2016-07-18,408.9033203125,410.01824687873255,398.77477506553,407.12705918562926,14332824,INFY.NS
2016-07-19,410.7931213378906,411.9458322580095,405.9367049275749,411.4167182924751,10404644,INFY.NS
2016-07-20,409.33795166015625,411.90790653157785,404.38705396463666,404.38705396463666,9822896,INFY.NS
2016-07-21,408.1286315917969,410.88750653487585,406.5035061132112,407.78848368531834,8668002,INFY.NS
2016-07-22,405.31304931640625,408.1286696631851,403.1399408827467,404.38713461142265,9386538,INFY.NS
2016-07-25,408.4877014160156,409.39474723956874,401.74162595491487,401.74162595491487,8469552,INFY.NS
2016-07-26,411.4544372558594,411.9079832122072,404.5193961821056,404.5193961821056,7189610,INFY.NS
2016-07-27,410.1883850097656,414.4023349891302,407.61847572915224,409.9427200439768,7431820,INFY.NS
2016-07-28,407.2215576171875,410.7929950516351,405.9177112228356,410.2072283801651,11258562,INFY.NS
2016-07-29,405.842041015625,406.9380524268616,403.0642516027377,405.36962628097575,8156784,INFY.NS
2016-08-01,410.1505432128906,411.13315680322694,403.7634856743153,404.95398023737596,9096662,INFY.NS
2016-08-02,409.6025695800781,410.05606935976726,406.2767507481565,408.12862609469784,6822502,INFY.NS
2016-08-03,410.0183410644531,410.62302289755013,404.5005443692593,410.30178999880485,7213460,INFY.NS
2016-08-04,405.06732177734375,410.77408273167157,404.40594112720714,410.58511683163255,4237278,INFY.NS
2016-08-05,403.6312561035156,405.6909664379789,400.6078010016166,405.1429836544651,5609968,INFY.NS
2016-08-08,407.67510986328125,408.5443716609462,401.57154676854213,404.0091889968099,4643064,INFY.NS
2016-08-09,409.451416015625,409.8671318648916,404.95401732893623,407.0326427095327,7192664,INFY.NS
2016-08-10,409.0545654296875,411.15210583963966,406.3523432321745,406.65470719308655,5576454,INFY.NS
2016-08-11,407.1648864746094,413.8353931341722,406.37123878312207,408.8088808643176,5038552,INFY.NS
2016-08-12,401.5715026855469,407.71289520238605,400.60775802150863,406.29565077542316,7449928,INFY.NS
2016-08-16,397.50872802734375,399.8708020288985,388.5139317757202,393.8049775392028,16429408,INFY.NS
2016-08-17,390.51702880859375,397.83000143634985,389.45880109427355,396.80955768305625,6599316,INFY.NS
2016-08-18,386.77545166015625,392.7089630542184,386.0573719421739,391.726349503733,8434000,INFY.NS
2016-08-19,385.9818115234375,392.671210189172,384.9047149283079,389.2698233829135,5686016,INFY.NS
2016-08-22,383.7709045410156,389.2698083858559,381.3710234354464,384.7346261522343,10253518,INFY.NS
2016-08-23,392.9169006347656,393.8050313538644,385.52831369452633,385.52831369452633,7406138,INFY.NS
2016-08-24,399.6251525878906,401.3825449399826,395.69465207017925,395.69465207017925,6129966,INFY.NS
2016-08-25,391.5940856933594,399.70070521698244,390.0634432858953,398.71809165870354,4796562,INFY.NS
2016-08-26,385.5849304199219,395.3166745594102,384.3755440105212,391.5373564469876,6881054,INFY.NS
2016-08-29,386.5487365722656,389.26985082250957,382.0891448364633,384.5834861100265,5220282,INFY.NS
2016-08-30,393.20025634765625,394.93873341142046,387.38009736526885,390.19567083875904,4375438,INFY.NS
2016-08-31,391.4807434082031,395.2222783879035,388.4384193402343,391.95315827598694,11139814,INFY.NS
2016-09-01,392.1231994628906,393.2191648926504,390.0256592949559,392.2932503373684,2877826,INFY.NS
2016-09-02,389.968994140625,393.0491481341052,387.83366983015947,392.69013130826437,3332592,INFY.NS
2016-09-06,394.9387512207031,396.412694543019,391.38618289196245,392.3877114400909,8215044,INFY.NS
2016-09-07,398.4724426269531,400.22983498191263,394.56085714930765,396.07258457133565,7425470,INFY.NS
2016-09-08,392.1610412597656,394.93883146956466,387.00226165055903,394.93883146956466,9092774,INFY.NS
2016-09-09,391.3484191894531,393.4270443034483,387.96594768492776,391.9153169478155,5053438,INFY.NS
2016-09-12,398.3402099609375,399.8519375129714,387.4746681806937,387.4746681806937,6203096,INFY.NS
2016-09-14,395.16558837890625,399.7763852740698,393.29484391357215,398.3213105407372,5152418,INFY.NS
2016-09-15,393.88055419921875,395.6190776103712,391.2917302628844,395.1655317114475,4701722,INFY.NS
2016-09-16,400.66448974609375,402.30848418877736,392.33107338129196,396.45054007893606,9949384,INFY.NS
2016-09-19,401.0611877441406,403.9712901398468,393.5592511143877,395.316643123767,5809154,INFY.NS
2016-09-20,396.8851623535156,399.53068544249015,395.2222528993079,398.07565697040644,4214004,INFY.NS
2016-09-21,399.00152587890625,401.0801509249247,397.2252647478293,398.34014518244584,4231532,INFY.NS
2016-09-22,400.15423583984375,400.9856674033773,397.58428096922995,400.22980375134455,3629514,INFY.NS
2016-09-23,394.0128479003906,400.1542401391405,393.0491032799918,399.47394439129937,5205294,INFY.NS
2016-09-26,391.4995422363281,394.56078044395696,389.64766727750924,394.08836571641393,6371798,INFY.NS
2016-09-27,392.9546813964844,396.79069929482,390.5359080812089,391.17841997275445,6525660,INFY.NS
2016-09-28,392.65228271484375,393.91839133784384,390.49808959276373,393.04912961671835,5434708,INFY.NS
2016-09-29,388.9674377441406,394.9198643231496,387.0022105971554,394.9198643231496,8902638,INFY.NS
2016-09-30,391.5563659667969,394.523122174023,389.6855753692068,389.6855753692068,6502354,INFY.NS
2016-10-03,392.3310852050781,393.04916502187467,387.79590253174877,391.3484715193762,3656160,INFY.NS
2016-10-04,396.5261535644531,397.3576314722726,392.4067325277214,393.0491983405324,5066586,INFY.NS
2016-10-05,393.6160888671875,396.7718111257312,391.91539525230286,396.52614615450557,2307574,INFY.NS
2016-10-06,388.2872009277344,394.9387924152444,387.739172051961,394.9387924152444,3721882,INFY.NS
2016-10-07,382.6749572753906,390.706033564723,381.74901946693393,389.25095877940504,6288558,INFY.NS
2016-10-10,389.2509460449219,389.9312419257824,381.7112230143351,384.35674634215724,5413170,INFY.NS
2016-10-13,397.716552734375,399.85187680427373,386.01958103014545,386.01958103014545,9778690,INFY.NS
2016-10-14,388.1927795410156,409.18686994540064,376.51467402568665,397.92452644807855,33461690,INFY.NS
2016-10-17,386.3975524902344,393.72943998323456,384.48897809611503,391.1405697705103,8014858,INFY.NS
2016-10-18,392.69012451171875,393.2381072646782,388.24942507840785,389.26982266469827,6388134,INFY.NS
2016-10-19,393.7294006347656,395.2032978706757,391.53737755767054,393.80496854738675,3509836,INFY.NS
2016-10-20,391.78302001953125,397.09293426888485,390.7059235880025,394.844258453338,3535490,INFY.NS
2016-10-21,396.61517333984375,397.64651452416797,390.5797897223456,395.354603777631,3863620,INFY.NS
2016-10-24,392.33697509765625,398.295934671667,391.72580812604895,396.30963035668043,2902974,INFY.NS
2016-10-25,388.5553283691406,396.8444114083977,387.79135801187317,395.9276376538667,5636014,INFY.NS
2016-10-26,387.4093322753906,389.56753432001426,385.53759577022726,388.4788860006886,2775216,INFY.NS
2016-10-27,383.3221130371094,388.8418033336826,382.4053393153963,388.8227087383395,7227790,INFY.NS
2016-10-28,381.03021240234375,385.80502709410246,379.36858621542166,383.97150291537207,5840706,INFY.NS
2016-11-01,377.9552001953125,384.58263302674965,376.79015018504117,384.58263302674965,6332798,INFY.NS
2016-11-02,374.74658203125,377.2103912751424,374.34550222748305,376.1790265550797,5377194,INFY.NS
2016-11-03,369.3223571777344,375.1094419056529,368.6538831213852,374.7465513264441,5225108,INFY.NS
2016-11-04,370.9075622558594,374.03984499342704,367.08771094529436,369.37962173163334,6005548,INFY.NS
2016-11-07,373.5624084472656,376.6373844586938,372.43554751240003,376.255399281758,4537672,INFY.NS
2016-11-08,375.338623046875,377.3058560208829,370.75480095398655,376.98117794844654,5261108,INFY.NS
2016-11-09,366.056396484375,372.282750309105,344.1686501447348,355.24622046015907,12764158,INFY.NS
2016-11-10,358.8368225097656,367.66066924585783,357.1560786959762,367.66066924585783,7287330,INFY.NS
2016-11-11,352.0184020996094,360.975958320846,350.9297537733397,359.0660326154447,7096782,INFY.NS
2016-11-15,352.7823486328125,359.0469138506136,347.05257190233147,352.95424659763114,9235850,INFY.NS
2016-11-16,359.40985107421875,365.50249580434786,354.69232029775543,355.2462034499101,12222616,INFY.NS
2016-11-17,355.1697998046875,362.50391959533783,353.87106423953037,356.8696384425125,5706730,INFY.NS
2016-11-18,351.42633056640625,356.4876336968464,350.47136771160626,355.24618198560637,6040228,INFY.NS
2016-11-21,348.02667236328125,354.06205658474755,346.4414479270043,354.06205658474755,7940568,INFY.NS
2016-11-22,349.2108459472656,354.73053629881525,348.23678842982144,350.2422105658342,5483126,INFY.NS
2016-11-23,351.52178955078125,352.53405939526317,348.5423104228718,352.22845266253785,8251786,INFY.NS
2016-11-24,355.3608093261719,359.02788105356825,352.6869130583835,354.55864977164543,16780644,INFY.NS
2016-11-25,373.3904724121094,376.25536094724066,355.41807633129037,355.41807633129037,12631380,INFY.NS
2016-11-28,374.24993896484375,375.66328863838356,370.75476562624743,374.07804098983496,7365712,INFY.NS
2016-11-29,371.51873779296875,376.1407719751198,369.4178195232245,373.887050323585,6125506,INFY.NS
2016-11-30,372.6456604003906,373.1995436080571,367.1068749527787,371.67160279492276,8500918,INFY.NS
2016-12-01,372.66473388671875,375.70152074369884,369.37967065038475,372.8175372851867,4611590,INFY.NS
2016-12-02,368.4247131347656,370.3728282641003,367.12595417219205,368.5393040280455,4453228,INFY.NS
2016-12-05,367.3360290527344,369.9908071952738,365.94177392855426,368.9594659412483,3659576,INFY.NS
2016-12-06,369.1886291503906,374.15443585391375,367.3360105906543,367.39329437159705,3562110,INFY.NS
2016-12-07,369.150390625,371.6714828271049,366.78207846617835,369.76155742717117,3385980,INFY.NS
2016-12-08,376.1216735839844,376.6755333797075,370.54467660825077,370.54467660825077,5941662,INFY.NS
2016-12-09,377.9170227050781,385.09836263044406,374.9184484139249,376.25539652339893,8648384,INFY.NS
2016-12-12,373.33319091796875,375.41501472583553,368.69208516149274,375.41501472583553,5345020,INFY.NS
2016-12-13,378.24169921875,379.253945874929,370.9457688838266,374.5364386103882,4854282,INFY.NS
2016-12-14,381.8896789550781,383.87600652927733,375.91160163662306,378.54730867165034,5382614,INFY.NS
2016-12-15,379.06292724609375,389.22374550025,377.783286410653,380.99197076765427,7966416,INFY.NS
2016-12-16,383.9523620605469,385.69038973604273,381.1256627777793,383.43666814725333,6436742,INFY.NS
2016-12-19,383.76141357421875,385.13655087190386,379.73145134541215,384.3152734237289,4124134,INFY.NS
2016-12-20,386.6262512207031,389.2428399850787,382.4816986511873,382.74909289994986,7636498,INFY.NS
2016-12-21,382.5772705078125,390.3888724721417,381.31672401694277,388.0969612834599,7343976,INFY.NS
2016-12-22,376.1407470703125,384.65901046436494,370.3345686645499,382.9400774483871,7060054,INFY.NS
2016-12-23,377.5732727050781,384.5062900431523,371.900778539898,376.2172299183909,7306036,INFY.NS
2016-12-26,375.3958435058594,379.69317572609947,372.4736482702884,377.4012652086381,3213828,INFY.NS
2016-12-27,381.5840148925781,382.7108755844901,374.3453926874024,375.3958516974946,4912816,INFY.NS
2016-12-28,381.41217041015625,385.72859792114724,380.075222391693,383.1120089822499,5476816,INFY.NS
2016-12-29,379.06292724609375,385.04100374311247,377.4586083821148,383.4175669713781,6240124,INFY.NS
2016-12-30,386.03424072265625,386.56902933806504,379.215814106091,381.2212364420839,7267768,INFY.NS
2017-01-02,382.4053039550781,386.93184173000503,381.7368299782111,386.225155251461,2335222,INFY.NS
2017-01-03,379.635986328125,383.8569414912682,375.1094709786837,383.55133467591673,6778482,INFY.NS
2017-01-04,381.1256408691406,383.58944947452125,379.0247227786567,380.09427641636256,7073586,INFY.NS
2017-01-05,380.5145568847656,385.61404985269826,377.68785714894045,382.5963575216019,8207074,INFY.NS
2017-01-06,371.3850402832031,381.54583535084583,369.7806980844906,380.03701274854865,14393448,INFY.NS
2017-01-09,370.6593017578125,373.1804178778736,368.61569041654616,371.3850829093129,10545692,INFY.NS
2017-01-10,370.7356262207031,374.72737509331677,369.74247430773164,373.1994347259638,11939854,INFY.NS
2017-01-11,370.1817626953125,373.75333748105066,368.21455335732117,372.12990075512994,12241574,INFY.NS
2017-01-12,382.0042724609375,383.665921973365,373.4096059589761,373.4096059589761,11855740,INFY.NS
2017-01-13,372.7410888671875,397.26453911795,367.7370929406453,393.44468778027743,31276246,INFY.NS
2017-01-16,365.0440979003906,368.7875475021552,363.8217408245331,368.61564953117926,12351372,INFY.NS
2017-01-17,364.9486389160156,368.233702035753,363.80268341175497,365.27331698307967,5560094,INFY.NS
2017-01-18,363.19146728515625,367.0877203850299,362.8094821442769,365.9799541506707,5952962,INFY.NS
2017-01-19,365.97991943359375,366.5528970905597,362.1600683871539,363.2678345164297,8876480,INFY.NS
2017-01-20,362.38934326171875,364.0891819678036,361.35797861755856,362.8859193305292,9124742,INFY.NS
2017-01-23,363.91729736328125,365.9418142195447,359.0660807582172,360.97600671969707,7948580,INFY.NS
2017-01-24,361.18609619140625,362.88593497075345,359.10427221735307,362.88593497075345,6826010,INFY.NS
2017-01-25,357.7673034667969,361.6635568916969,357.0797348187615,361.3961626078707,9978090,INFY.NS
2017-01-27,359.8873596191406,361.9500656766852,344.2259666753137,356.71686385937926,10635138,INFY.NS
2017-01-30,362.6375732421875,363.4588505961431,354.8068780900898,358.1110587849545,11369208,INFY.NS
2017-01-31,354.71142578125,359.6390438868156,345.4482852456629,359.6390438868156,24068534,INFY.NS
2017-02-01,350.1849060058594,352.64871502517315,345.7538873418487,351.84653217623224,11531782,INFY.NS
2017-02-02,357.4999084472656,360.9759639595857,347.64467300182986,350.28037984226467,11828268,INFY.NS
2017-02-03,357.5763244628906,359.40987201333144,351.8274520576193,356.69776319511095,8423958,INFY.NS
2017-02-06,357.2516174316406,360.4984912602094,355.45628253411553,358.01558774424507,6727934,INFY.NS
2017-02-07,359.92547607421875,362.8094590413069,354.69227531450707,356.3921137460824,9268002,INFY.NS
2017-02-08,357.7290954589844,360.6321732933333,356.1820602536468,357.53810288265817,6319962,INFY.NS
2017-02-09,361.35797119140625,362.8859118729767,357.74820666829123,357.9201046578728,11907266,INFY.NS
2017-02-10,369.8761901855469,371.2895398044971,360.32656210415547,361.453422880664,12252452,INFY.NS
2017-02-13,376.007080078125,376.6755541030723,367.79439920020087,371.6142507713284,13724268,INFY.NS
2017-02-14,377.2867431640625,377.7833192038524,371.42325703199225,374.34545280058177,9338818,INFY.NS
2017-02-15,375.03302001953125,381.5267676459332,370.0672130111063,377.859719488598,7259486,INFY.NS
2017-02-16,386.6071472167969,387.2947391139209,378.18437962225204,378.5472701647292,12815858,INFY.NS
2017-02-17,382.02337646484375,387.2374835969158,379.19670006774686,387.2374835969158,4851208,INFY.NS
2017-02-20,385.9004821777344,393.82667371961804,379.5022311740451,380.648186577691,4650662,INFY.NS
2017-02-21,387.1802062988281,391.3438544864273,382.0043112757491,390.42708064058957,7613996,INFY.NS
2017-02-22,378.2225646972656,387.71488532245536,376.79012053967034,387.71488532245536,6607838,INFY.NS
2017-02-23,385.36572265625,389.62486655270936,379.44495262530194,381.56498893316393,9542656,INFY.NS
2017-02-27,386.72174072265625,390.77077362601267,384.63991717777566,384.7736026425528,5328696,INFY.NS
2017-02-28,386.72174072265625,390.65618275412925,385.518478281577,386.5116302572618,5940132,INFY.NS
2017-03-01,391.59210205078125,392.29876528171076,385.8432066537969,386.5689877946361,4282448,INFY.NS
2017-03-02,390.88543701171875,392.68077205268577,388.28794240423645,391.30563470593796,2948498,INFY.NS
2017-03-03,393.903076171875,395.08726746459405,382.1379612860727,385.90050576554967,5401612,INFY.NS
2017-03-06,394.9344482421875,395.71748980705485,389.5102545546069,389.6439400287017,5286386,INFY.NS
2017-03-07,389.5484619140625,391.84039619099264,387.6003469218269,390.38883392984957,4644496,INFY.NS
2017-03-08,384.9646301269531,388.4407089862642,383.684989198202,388.4407089862642,6179176,INFY.NS
2017-03-09,386.3970947265625,386.9509778869364,381.6031854975809,384.9646503365566,3480630,INFY.NS
2017-03-10,390.3315124511719,392.54704495150247,387.10375661630457,387.71492352462286,4550324,INFY.NS
2017-03-14,395.2783508300781,397.9904367482431,390.6945045679828,390.6945045679828,7878396,INFY.NS
2017-03-15,386.5498352050781,395.31639810795747,384.8499968093683,395.31639810795747,6373978,INFY.NS
2017-03-16,393.0054016113281,394.09404993354434,387.0655373525507,387.0655373525507,6702956,INFY.NS
2017-03-17,397.3791809082031,398.37233299916477,389.3383746323399,395.50744429694004,9507846,INFY.NS
2017-03-20,390.1978454589844,392.12688919094427,387.7531310808619,392.12688919094427,4427388,INFY.NS
2017-03-21,394.5333251953125,395.33548462827264,389.16643887693033,389.96862162441215,4869584,INFY.NS
2017-03-22,392.5661315917969,397.2454498174287,389.77766789191037,390.5607328096215,3990852,INFY.NS
2017-03-23,397.43646240234375,398.41054326424563,392.1459769781924,392.7762618518318,4501662,INFY.NS
2017-03-24,393.9794616699219,398.7924648509349,392.5660887500167,396.5005541334008,4883896,INFY.NS
2017-03-27,393.0054016113281,397.9712084268822,391.3437755796249,392.37511680508334,7684824,INFY.NS
2017-03-28,395.41192626953125,396.88255973001725,393.4638113849235,394.01767118528664,4796796,INFY.NS
2017-03-29,394.1513366699219,397.8375024030172,391.8594259503654,395.08722819116656,6981186,INFY.NS
2017-03-30,391.7257995605469,395.6984547327047,389.7203773784963,394.97267356958116,12157180,INFY.NS
2017-03-31,390.4843444824219,393.17735861323087,385.0410557478907,390.86632965677495,14153854,INFY.NS
2017-04-03,385.3466491699219,394.3805847878148,384.31528450964504,394.2660172099818,4315600,INFY.NS
2017-04-05,380.4381103515625,384.0478746397071,378.547279218294,383.8950712556867,7398338,INFY.NS
2017-04-06,381.83233642578125,384.20064895549234,378.9292586890532,381.2784766246785,5379008,INFY.NS
2017-04-07,374.9374694824219,382.328895141158,373.9634121422995,382.328895141158,6404508,INFY.NS
2017-04-10,364.1846618652344,377.974316853116,362.9240921821697,376.2171944381229,9528472,INFY.NS
2017-04-11,369.43701171875,371.175039792119,365.19696182395734,365.19696182395734,8655466,INFY.NS
2017-04-12,370.0863037109375,373.161302823872,366.8394299319084,370.52559595979193,6696752,INFY.NS
2017-04-13,355.78094482421875,378.16526319886856,353.96651553109285,370.52556091202274,30973188,INFY.NS
2017-04-17,353.2980041503906,356.048278030657,352.7632157211618,355.2461187013324,7213434,INFY.NS
2017-04-18,352.4386291503906,356.7741515375911,351.08256313478967,353.2407886877809,4647518,INFY.NS
2017-04-19,351.1208190917969,355.24625480729867,348.6188205622424,352.5723582657384,10071702,INFY.NS
2017-04-20,354.21484375,355.1316174845135,350.8724735099343,351.9993344252042,4549000,INFY.NS
2017-04-21,352.8396301269531,357.0796552740813,351.84645491034655,357.0796552740813,3577466,INFY.NS
2017-04-24,353.9283447265625,354.67322045018653,348.7524504803665,350.47138369741106,5556666,INFY.NS
2017-04-25,354.9978942871094,356.392149427937,351.6364295877784,353.68006415466994,4737060,INFY.NS
2017-04-26,349.2299499511719,357.3662296021416,347.6829146389035,355.2271219252427,9084496,INFY.NS
2017-04-27,353.4317932128906,354.86423765984915,349.8984302437264,349.8984302437264,7797208,INFY.NS
2017-04-28,351.0252990722656,354.25307862799315,349.7456346822536,354.04296811944306,5029702,INFY.NS
2017-05-02,352.4194641113281,353.8710262260509,349.55457569730413,352.9542526077546,3231126,INFY.NS
2017-05-03,356.8887939453125,358.72231837725803,350.5287538862644,353.90931382908497,4659448,INFY.NS
2017-05-04,358.1684265136719,358.9323969017439,354.82605606585685,357.9201268117381,5279806,INFY.NS
2017-05-05,355.8191833496094,358.05378725256526,351.4263539255401,357.538116602506,4432788,INFY.NS
2017-05-08,361.1669616699219,362.3320117220814,356.0101621114407,358.3020730263212,4707098,INFY.NS
2017-05-09,361.60626220703125,363.63077889866133,359.86821107180185,363.1150849422824,5649372,INFY.NS
2017-05-10,360.4602966308594,362.88589301096545,357.97739315236333,361.7972446577419,3364302,INFY.NS
2017-05-11,360.6322021484375,362.82861695192963,358.1302038612776,361.68266140228155,3229482,INFY.NS
2017-05-12,368.3292236328125,368.9976977228902,363.4398178082922,364.03189019659874,10979996,INFY.NS
2017-05-15,363.4780578613281,368.0427862351946,362.5421893413634,368.0427862351946,7297164,INFY.NS
2017-05-16,364.7958679199219,366.76310103608597,361.7208917066435,364.07008671029155,6130168,INFY.NS
2017-05-17,363.9554443359375,366.11366974785454,360.536672598579,363.49705749545245,2915508,INFY.NS
2017-05-18,367.3742370605469,372.0153661994949,360.154708025411,360.21201512669165,8057848,INFY.NS
2017-05-19,365.922607421875,367.73703652893187,362.0645441739481,367.27864977582425,4257396,INFY.NS
2017-05-22,367.25970458984375,369.3415287593299,365.38796763426285,366.0946542995255,5503052,INFY.NS
2017-05-23,365.67431640625,369.37957638553405,364.4519594740248,368.48192076355895,4039982,INFY.NS
2017-05-24,364.7194519042969,368.8066980683217,362.73312426888504,366.7057795397088,5636286,INFY.NS
2017-05-25,375.6059875488281,376.8665338615146,367.0877234978899,367.0877234978899,10438514,INFY.NS
2017-05-26,380.3426208496094,381.9851523417743,374.5746310605345,377.01934536133126,4988004,INFY.NS
2017-05-29,376.31268310546875,380.7246069632513,372.7029187438199,378.50909773697975,6308434,INFY.NS
2017-05-30,380.5335998535156,381.9851387177385,373.8297653319238,375.1094062208192,3716910,INFY.NS
2017-05-31,373.2185363769531,379.5212905114986,372.3781644961097,379.5212905114986,7763900,INFY.NS
2017-06-01,376.7480163574219,379.9670855958419,371.7642551000166,375.9335376551465,5508606,INFY.NS
2017-06-02,375.9916076660156,378.3186483773363,373.95544704361004,377.52358086867815,3917966,INFY.NS
2017-06-05,371.8417663574219,376.98064865649445,371.1824333280694,376.2049683094647,5462698,INFY.NS
2017-06-06,379.8312683105469,382.9921752254658,374.0330765952751,374.2657712329868,7008686,INFY.NS
2017-06-07,372.8307800292969,383.53518376689027,366.5089894951339,382.022597516092,12455046,INFY.NS
2017-06-08,370.94970703125,373.47066794392674,367.7306386002087,373.47066794392674,6195352,INFY.NS
2017-06-09,367.9051818847656,368.8166205024878,357.9764828371272,364.0073928461058,14757662,INFY.NS
2017-06-12,373.81976318359375,374.34336165095857,364.6085585350558,365.86903917117155,8591676,INFY.NS
2017-06-13,371.473388671875,373.47077543864975,369.06877437483377,369.80568032247055,4937794,INFY.NS
2017-06-14,371.7835693359375,373.0634608063637,368.9135663440395,372.32655503077797,7438110,INFY.NS
2017-06-15,369.2625427246094,375.4098223959289,368.2929424930335,372.19075436147307,5528062,INFY.NS
2017-06-16,364.66668701171875,369.9413033800932,363.0183664376163,368.09906273844933,10948450,INFY.NS
2017-06-19,360.63311767578125,364.6666642981643,359.9156229393208,364.5503169992628,6855860,INFY.NS
2017-06-20,365.946533203125,367.2458117823769,362.2620521365082,362.63050497754625,5184396,INFY.NS
2017-06-21,365.8690490722656,368.0603557061839,363.03782030121096,366.50899488128954,3735864,INFY.NS
2017-06-22,364.62799072265625,375.7008242213253,362.6693786826277,367.55617963659745,9465242,INFY.NS
2017-06-23,365.8302917480469,368.1185585412799,363.7941305694863,366.5090121409004,6403018,INFY.NS
2017-06-27,359.5472717285156,367.67252908346137,358.2674037350711,366.5090084218048,6904660,INFY.NS
2017-06-28,358.6358337402344,361.85490263054453,357.2008202815986,361.77732985701806,5905224,INFY.NS
2017-06-29,360.7689208984375,367.65308372569194,359.3726821218917,360.7689208984375,15914040,INFY.NS
2017-06-30,362.8438415527344,363.7940546387796,360.3034933469363,361.0016008709282,4216700,INFY.NS
2017-07-03,369.1850891113281,370.387384240632,362.4754348362659,364.9963960902597,5088924,INFY.NS
2017-07-04,373.160400390625,376.2049360226736,368.2154386026981,369.94130828921277,5167726,INFY.NS
2017-07-05,368.7972412109375,371.93873723919813,366.66412019444573,371.93873723919813,4226228,INFY.NS
2017-07-06,367.2846374511719,371.16303911380305,366.19868972001217,366.50895711864564,3829720,INFY.NS
2017-07-07,362.7856750488281,366.6834637066684,361.8742365201548,366.06290528189186,5776886,INFY.NS
2017-07-10,371.1824951171875,372.2490557718992,364.569823792353,365.81091728857723,1464376,INFY.NS
2017-07-11,378.2798767089844,383.7678242403975,371.02728492057395,371.02728492057395,11539708,INFY.NS
2017-07-12,377.1163635253906,380.6651103962078,375.7201484425128,378.1247621269218,6275976,INFY.NS
2017-07-13,378.9392395019531,381.42142609891226,373.91670448472405,379.0168122715867,5170392,INFY.NS
2017-07-14,377.0000305175781,390.49686362772354,374.67298950990187,387.62686058805394,22478180,INFY.NS
2017-07-17,381.6540832519531,384.737417084944,377.7562945975156,378.1441347357061,7698250,INFY.NS
2017-07-18,382.2552490234375,389.70178476740256,380.50996831806526,382.4297818283516,8260180,INFY.NS
2017-07-19,380.0251770019531,383.4381893986052,375.8558952194761,380.6457354703831,5890278,INFY.NS
2017-07-20,375.9916076660156,380.0251306958421,375.022007369632,379.81182336501416,6809740,INFY.NS
2017-07-21,380.1221618652344,381.0723750678989,376.74797113984636,377.3685059769119,5980754,INFY.NS
2017-07-24,384.1750793457031,385.51313267942027,381.0917452302381,381.4408108553419,6129176,INFY.NS
2017-07-25,385.4549560546875,387.45234246407256,382.48799286057175,383.9617808202521,7145614,INFY.NS
2017-07-26,385.5325012207031,387.4523147217191,384.11689885853417,387.1032491135764,6870024,INFY.NS
2017-07-27,376.61212158203125,389.391457516784,374.9638011692361,386.2887367397578,12676852,INFY.NS
2017-07-28,386.8124084472656,389.00371501455703,373.21861436682724,378.5320297649129,11098428,INFY.NS
2017-07-31,392.1839904785156,396.2563123241579,382.7012934464286,384.6986798204265,19158248,INFY.NS
2017-08-01,389.99267578125,394.4334504344813,387.20022184025714,392.10640942896816,7689398,INFY.NS
2017-08-02,385.2610168457031,392.78512548443797,382.8758140439175,390.1672043814807,4257584,INFY.NS
2017-08-03,381.6347351074219,387.35537773225366,380.18033444009177,384.34961635310475,4640348,INFY.NS
2017-08-04,381.5377197265625,383.57388036550986,378.5513460550633,383.1860402438056,5349018,INFY.NS
2017-08-07,375.5262451171875,381.53776776042673,374.53725741670905,381.44080771779386,6073744,INFY.NS
2017-08-08,373.81976318359375,376.3019499050072,370.4067741955655,375.6232295624833,6004648,INFY.NS
2017-08-09,375.95281982421875,377.7175113498336,374.0911919381731,375.2935105419922,3922410,INFY.NS
2017-08-10,380.5681457519531,382.99214668030953,375.95283851560896,376.16616953481156,9140684,INFY.NS
2017-08-11,383.06976318359375,386.6766722424509,376.04984149040314,378.5320281932117,6544156,INFY.NS
2017-08-14,380.6457824707031,383.6515441268818,378.97807428616875,383.1861311360636,3816470,INFY.NS
2017-08-16,378.2218017578125,382.44924611451836,375.81718756737916,380.85911062039867,6178080,INFY.NS
2017-08-17,395.9266662597656,399.1845334707155,387.08391426532864,389.779408441165,25784260,INFY.NS
2017-08-18,358.0734558105469,394.782539303096,342.92830110879976,394.782539303096,164404960,INFY.NS
2017-08-21,338.7395935058594,358.3642954548726,337.42092753867877,358.3642954548726,90407176,INFY.NS
2017-08-22,339.5153503417969,347.9120772054914,333.54260126892325,347.19458224128493,49242598,INFY.NS
2017-08-23,346.263671875,350.49113886508206,338.93350744023,341.29932282286234,61284190,INFY.NS
2017-08-24,353.76849365234375,356.1343097095646,349.967640263262,352.9346276457433,42380524,INFY.NS
2017-08-28,364.9576416015625,369.9801771103718,363.794120958837,366.10177496795353,40712108,INFY.NS
2017-08-29,359.702392578125,365.34546266516827,358.96548674093737,365.13215529289397,13369392,INFY.NS
2017-08-30,359.39215087890625,364.18196814777065,358.4031393761379,363.483860483143,16149664,INFY.NS
2017-08-31,354.8543395996094,360.2841015408228,354.05927204973693,360.22591605127076,15022452,INFY.NS
2017-09-01,356.79351806640625,359.1011714820431,352.9345041927792,355.24215760841605,8433922,INFY.NS
2017-09-04,349.1336975097656,357.2395422035536,346.53516384671184,357.2007676584461,10177108,INFY.NS
2017-09-05,349.7930603027344,350.9953553661737,347.9895940356899,349.83183485114773,9783392,INFY.NS
2017-09-06,347.349609375,349.17246271206267,345.1777141256591,349.0561154079699,7735910,INFY.NS
2017-09-07,347.4078674316406,349.2501084255567,346.08920125145085,349.0561883209339,6241192,INFY.NS
2017-09-08,342.96710205078125,348.66835802313454,342.1138488318086,348.66835802313454,8604542,INFY.NS
2017-09-11,340.7951965332031,345.8758938045921,338.83660821126557,345.3329317148849,13787642,INFY.NS
2017-09-12,342.8701477050781,344.3051612783519,340.8339865147528,342.28838736498517,17241354,INFY.NS
2017-09-13,342.75372314453125,344.2468982122491,341.6871627613375,343.43244338838184,11478228,INFY.NS
2017-09-14,346.1085510253906,347.7374606788047,341.91985856837266,343.04460444514297,13698006,INFY.NS
2017-09-15,352.255859375,354.19506036247594,346.03102893957976,346.06980349057443,13459460,INFY.NS
2017-09-18,352.58551025390625,355.9403373946454,351.4995624470632,352.93457589662466,8475860,INFY.NS
2017-09-19,353.8072204589844,355.2616212007999,350.41361872808153,352.15889961826014,6033330,INFY.NS
2017-09-20,353.9817810058594,355.6494892527102,351.94561980784766,355.6494892527102,5767830,INFY.NS
2017-09-21,352.7600402832031,354.97073410185317,352.21707822002253,354.8737740542973,8204152,INFY.NS
2017-09-22,348.3968200683594,353.03151483545685,344.4020710506846,352.2170599469965,17604088,INFY.NS
2017-09-25,347.2527160644531,349.81247560574286,344.82871479725867,349.4440226787518,9088700,INFY.NS
2017-09-26,351.344482421875,352.3140830205976,346.8455214406684,347.8926948216667,7366478,INFY.NS
2017-09-27,348.97857666015625,352.120096208137,347.15572314543437,351.42196497177343,6000138,INFY.NS
2017-09-28,347.5047912597656,350.5687380621717,346.84545823840017,347.5435658078932,17537266,INFY.NS
2017-09-29,349.0173645019531,349.9869648881994,347.1169382761567,348.2804587396522,5705832,INFY.NS
2017-10-03,350.4329833984375,353.7102375929687,349.6766903271017,352.97333179589583,4947522,INFY.NS
2017-10-04,348.9009704589844,351.15046214391276,347.95078108076933,350.2196363658815,4991492,INFY.NS
2017-10-05,350.23907470703125,350.97598052807933,348.66832669046704,349.0561668758847,8611300,INFY.NS
2017-10-06,356.87115478515625,357.5886496568194,350.588139069824,350.6075263446472,8574308,INFY.NS
2017-10-09,358.3255920410156,360.30356771255515,354.4859643587464,356.8130057002699,3504832,INFY.NS
2017-10-10,362.80511474609375,364.55039562166456,360.5168481293684,364.55039562166456,7143220,INFY.NS
2017-10-11,360.9628601074219,363.79408868584494,359.9156868874884,362.80510096164124,5982504,INFY.NS
2017-10-12,359.6441955566406,362.3784641017325,356.63843415013207,360.6913687810273,10280972,INFY.NS
2017-10-13,360.7301330566406,362.0487991048877,359.741145356398,361.77730625120324,7180728,INFY.NS
2017-10-16,364.1819763183594,365.34549700947235,361.8549349361334,362.9990683501057,5758750,INFY.NS
2017-10-17,360.88525390625,363.3286420784927,360.4974137623422,363.3286420784927,5625102,INFY.NS
2017-10-18,358.5000305175781,360.691336817535,357.9570685147466,360.2647221244614,7231852,INFY.NS
2017-10-19,359.5084533691406,361.46704150989757,358.8297330658763,360.6913611633098,1091434,INFY.NS
2017-10-23,364.3758239746094,365.3454243577243,359.95443675885133,360.69134251877244,9154096,INFY.NS
2017-10-24,359.3338928222656,367.1488811797063,357.4334666510522,366.8967756177693,14529328,INFY.NS
2017-10-25,362.7469177246094,366.3926249065195,354.97072680486207,356.4251274883018,13984134,INFY.NS
2017-10-26,367.42034912109375,369.1462424876812,364.6085080910875,365.3454138297737,33659258,INFY.NS
2017-10-27,367.0325012207031,371.43450094327653,366.121086374858,370.3873278474464,8524956,INFY.NS
2017-10-30,366.159912109375,370.25164503126007,364.97700427007015,370.25164503126007,12968326,INFY.NS
2017-10-31,362.5223083496094,365.7273479351598,361.79479580682477,363.7610718709923,9954988,INFY.NS
2017-11-01,364.5672607421875,365.49142494571186,363.0925536111967,363.7610923110581,5633134,INFY.NS
2017-11-02,362.93524169921875,364.1543232451947,361.794791993066,362.99421557908613,4686138,INFY.NS
2017-11-03,364.4099426269531,365.6880220337782,360.59536236610427,360.6150203257307,3699086,INFY.NS
2017-11-06,365.2160949707031,367.69359783478,362.83690590283874,363.0335334952638,5066534,INFY.NS
2017-11-07,375.75537109375,377.5250196232339,364.0953439596372,364.2526556521046,13442820,INFY.NS
2017-11-08,374.4969177246094,378.25250003965607,372.6092975874417,377.62330132806426,5369994,INFY.NS
2017-11-09,375.3620910644531,378.7047602881806,372.90424604700644,374.7722082602659,4723232,INFY.NS
2017-11-10,378.3312072753906,379.23568954707457,373.59248632823267,377.05312771689927,6589428,INFY.NS
2017-11-13,374.3593444824219,381.2216534768712,373.3368664188455,378.33121295361815,5021216,INFY.NS
2017-11-14,373.2385559082031,375.49977364255955,370.93802224899025,374.3593477953653,5733710,INFY.NS
2017-11-15,374.3002624511719,374.96880103430163,371.4295045379107,371.6851299969396,7023516,INFY.NS
2017-11-16,388.6934509277344,391.64286494023014,373.00255878029975,374.30029614531935,15687502,INFY.NS
2017-11-17,381.8311462402344,387.5530046746788,379.55027085084674,387.5530046746788,8057670,INFY.NS
2017-11-20,377.7413024902344,381.850824401939,376.44356504506294,381.06431395002977,5661190,INFY.NS
2017-11-21,379.9828186035156,382.0474083035606,377.54463168107947,378.03620065728063,5364656,INFY.NS
2017-11-22,380.00250244140625,381.8704646781846,378.82273681817776,380.12047420325047,6084920,INFY.NS
2017-11-23,389.8141784667969,391.0725997828802,381.0642511317288,382.0473890345454,11894618,INFY.NS
2017-11-24,397.0107727050781,400.84501081183777,389.40129437108124,389.6765778048654,18619912,INFY.NS
2017-11-27,392.7635803222656,395.8899635593513,390.6203349583271,395.8899635593513,6017730,INFY.NS
2017-11-28,387.2383728027344,393.21585621967876,385.9012956165158,391.0529527729311,4616868,INFY.NS
2017-11-29,386.451904296875,390.08951503295077,385.5080821806115,388.39852241017263,3838070,INFY.NS
2017-11-30,383.8564147949219,389.1063864401704,380.80868680694107,389.1063864401704,17266944,INFY.NS
2017-12-01,377.0531311035156,386.64856886056225,376.3649344119929,385.15420370230635,4085000,INFY.NS
2017-12-04,387.4940185546875,391.9967955908004,380.8873357081222,385.39011274423507,17811606,INFY.NS
2017-12-05,387.10076904296875,394.4349885506762,384.9968632015075,387.4940242658508,9976738,INFY.NS
2017-12-06,389.4406433105469,390.93500836043853,386.96314020120093,387.3563954249826,7490094,INFY.NS
2017-12-07,393.1765441894531,394.3956497109815,387.5923155485495,388.92939282960833,7549544,INFY.NS
2017-12-08,393.98272705078125,396.0080010064389,391.28893843238006,393.6484697194095,5983244,INFY.NS
2017-12-11,395.3393859863281,395.96860860944537,390.875949764713,391.26920490326546,5139098,INFY.NS
2017-12-12,397.3844299316406,398.76082330597086,394.0417603082671,394.0417603082671,9320434,INFY.NS
2017-12-13,394.72991943359375,400.7270614224976,392.3310722389895,397.5417038031191,5362398,INFY.NS
2017-12-14,398.4068298339844,399.1540243080303,392.9799129246591,395.319786143495,6023572,INFY.NS
2017-12-15,402.2607116699219,403.6371047261751,397.9152229618391,398.367475995564,10384134,INFY.NS
2017-12-18,399.7832336425781,405.3281224576487,395.5360822095035,397.9349533724832,4035448,INFY.NS
2017-12-19,394.8085632324219,400.3141360378875,393.0782307497471,400.1175084376923,7118898,INFY.NS
2017-12-20,399.4883117675781,400.5697636391768,393.6484812619032,395.2608180876926,4186326,INFY.NS
2017-12-21,401.9264831542969,404.639929705738,392.6260118259442,399.0753828777232,11059162,INFY.NS
2017-12-22,408.7297668457031,410.8730364063874,399.5472678787765,399.5472678787765,12906940,INFY.NS
2017-12-26,407.25506591796875,409.5752811442265,402.3000601157405,405.0528464508433,10808906,INFY.NS
2017-12-27,406.72418212890625,408.6314602082252,404.0303936659685,404.2663371800973,6970172,INFY.NS
2017-12-28,406.33087158203125,408.9853437651222,402.61460572522617,405.05279238276523,8433472,INFY.NS
2017-12-29,409.79156494140625,412.44603731196577,405.0528209890875,405.0921369047322,6601768,INFY.NS
2018-01-01,406.4489440917969,410.7550694668685,405.0528688854711,408.08091481988475,5431340,INFY.NS
2018-01-02,404.934814453125,409.77187206812516,402.30002411294817,407.9039100793309,6112248,INFY.NS
2018-01-03,401.6315002441406,405.6820236938922,400.5697064848644,404.46294226808027,6846552,INFY.NS
2018-01-04,399.31134033203125,401.51355985466495,397.0304409663982,401.51355985466495,8947614,INFY.NS
2018-01-05,397.97430419921875,403.6371892749483,395.6147727513973,399.27204169504154,11025976,INFY.NS
2018-01-08,407.4320983886719,408.5921821099753,401.13999073492084,403.04729299317495,5594690,INFY.NS
2018-01-09,409.5163269042969,410.9124021820695,404.62031845989725,408.9854419411964,9948236,INFY.NS
2018-01-10,413.80279541015625,415.2775024501069,406.2523145675234,411.6595737140092,9468634,INFY.NS
2018-01-11,423.0639343261719,426.0526640400922,414.98252131890166,414.98252131890166,16775298,INFY.NS
2018-01-12,424.1060791015625,427.0358593369181,420.999401221284,426.9965434152921,18016528,INFY.NS
2018-01-15,425.16790771484375,429.808290693632,418.85614197939617,424.7156545927917,10649250,INFY.NS
2018-01-16,441.56658935546875,446.2660177731852,425.2071827239928,425.2071827239928,22646966,INFY.NS
2018-01-17,453.0693054199219,456.88390965522285,441.6255887235891,442.3531012411883,26154088,INFY.NS
2018-01-18,453.3052673339844,458.10300976203047,445.2042195022711,450.27722137902714,13204970,INFY.NS
2018-01-19,449.667724609375,451.41773938449364,446.7379920150671,450.27728948701747,5988278,INFY.NS
2018-01-22,452.2434997558594,454.97660431333856,445.1649058466372,445.2239037301715,9650214,INFY.NS
2018-01-23,462.90069580078125,467.1871871695398,454.2097653037192,454.2097653037192,15403796,INFY.NS
2018-01-24,466.3221435546875,480.18439257090876,459.1255525230712,461.996335351044,20604718,INFY.NS
2018-01-25,462.2322082519531,465.3782501008624,457.0608923618507,464.8276831763455,13548914,INFY.NS
2018-01-29,465.1815490722656,470.43149597815017,458.2209037771809,458.7518366592259,10823002,INFY.NS
2018-01-30,460.36419677734375,465.26020468032584,457.23778922074496,463.60855208781675,8628312,INFY.NS
2018-01-31,452.3418884277344,458.7716026918425,449.1565302423299,455.8418700408706,9213698,INFY.NS
2018-02-01,450.119873046875,455.3501861848499,439.87560432836096,449.17605100632835,13005454,INFY.NS
2018-02-02,449.58905029296875,457.3165253111643,444.41773431864317,446.4430083928212,10244486,INFY.NS
2018-02-05,447.6029968261719,454.1507047375017,446.6788568157537,448.3108753048809,9860220,INFY.NS
2018-02-06,435.6283874511719,443.72943384795406,430.67338221855977,432.5609781141947,10552078,INFY.NS
2018-02-07,436.13970947265625,442.33347902476316,433.97680581953955,438.87281397786194,8342056,INFY.NS
2018-02-08,446.0497741699219,450.8278351318364,439.08917533982844,441.5470206901145,8807244,INFY.NS
2018-02-09,436.1790466308594,440.5638520330013,434.9402830591635,439.6593458048326,4382690,INFY.NS
2018-02-12,433.6818542480469,440.68176801302224,431.7155782458428,438.40091665333665,6291972,INFY.NS
2018-02-14,431.6959533691406,439.384112756315,428.72685701128046,434.94030920179415,8345712,INFY.NS
2018-02-15,438.26324462890625,444.2603865136207,433.7604917272153,433.7604917272153,7986736,INFY.NS
2018-02-16,443.6115417480469,448.9598027969968,439.69862375645755,442.4120942018525,9889222,INFY.NS
2018-02-19,445.066650390625,446.737985282748,440.56389676552885,443.7492548413221,6461840,INFY.NS
2018-02-20,447.111572265625,452.04694524116337,434.0555161460931,434.0555161460931,7188594,INFY.NS
2018-02-21,451.2209167480469,452.990564719253,448.31081937221984,451.2602326575634,13771358,INFY.NS
2018-02-22,456.4709167480469,457.7489959894263,448.48781797690384,450.4934576518149,17859974,INFY.NS
2018-02-23,454.4654235839844,458.5356056801011,450.96544237877873,457.5524675890203,9459828,INFY.NS
2018-02-26,447.7604064941406,454.2294839925744,446.0890717247711,452.6367810692592,5083608,INFY.NS
2018-02-27,452.3221435546875,453.6789028926939,442.66775652059783,450.2575536099195,6616026,INFY.NS
2018-02-28,461.1309814453125,467.77700311234537,449.3136929354218,451.29960264934056,17268416,INFY.NS
2018-03-01,456.4709167480469,459.951215235155,454.62263673934837,459.951215235155,6579852,INFY.NS
2018-03-05,454.5637512207031,460.4232640227464,449.5890627275486,456.47102957446054,8101456,INFY.NS
2018-03-06,452.7742919921875,458.2995458641672,449.72656468307486,457.1787783256426,6689734,INFY.NS
2018-03-07,449.9233093261719,456.17607722705236,447.5441439331633,454.20980103210815,6370416,INFY.NS
2018-03-08,454.85858154296875,458.45687578774033,451.8501700266916,451.8501700266916,6093014,INFY.NS
2018-03-09,457.51300048828125,458.5354541641935,454.42595750331066,457.10006342456006,4220964,INFY.NS
2018-03-12,466.30230712890625,468.70115400991205,460.79673487522314,462.468069309377,7676970,INFY.NS
2018-03-13,465.5354919433594,470.7264410132723,462.13382510366887,464.1197349199452,8581052,INFY.NS
2018-03-14,464.355712890625,468.2095846620703,459.75459870821925,464.04108956019746,4429710,INFY.NS
2018-03-15,465.02435302734375,467.3445687026038,460.8951727256211,464.04121486026696,6101500,INFY.NS
2018-03-16,460.8557434082031,464.98492269395797,459.81360760655633,464.8276110249729,17954826,INFY.NS
2018-03-19,450.9654235839844,464.23778726042605,449.3530867827668,457.74907612972123,7526620,INFY.NS
2018-03-20,457.9654235839844,460.1086455085821,451.692973502595,451.692973502595,8553766,INFY.NS
2018-03-21,459.12548828125,462.27153017097163,457.04121632739356,460.108626371788,7692994,INFY.NS
2018-03-22,456.6873779296875,463.0384123265519,454.3278462390248,457.94577562945625,6813168,INFY.NS
2018-03-23,459.16473388671875,461.6029447807354,449.2350406929334,451.06368686225034,12008084,INFY.NS
2018-03-26,454.3080749511719,458.88950768407545,449.88395390100897,458.88950768407545,8930722,INFY.NS
2018-03-27,453.81646728515625,456.6872492350599,452.28276251746496,456.1759983109023,3802088,INFY.NS
2018-03-28,445.0863342285156,452.5385024004752,442.9037482759376,452.5385024004752,12558322,INFY.NS
2018-04-02,447.1902160644531,452.06659075369987,440.9571299678812,448.70423917235865,8072702,INFY.NS
2018-04-03,448.4878234863281,449.7069528738282,443.6311319103804,446.22660633918673,4077168,INFY.NS
2018-04-04,442.0974426269531,450.10022373511686,440.44579011593095,449.8839141898438,4813302,INFY.NS
2018-04-05,451.2801818847656,452.75488940083085,444.0245921028434,448.13413918382645,7763544,INFY.NS
2018-04-06,443.1985778808594,450.6704261326219,441.27161794129063,449.4906606191857,5937742,INFY.NS
2018-04-09,437.0048828125,442.72676572188215,435.15660239757113,442.412142329865,7202882,INFY.NS
2018-04-10,437.85040283203125,442.2155264849485,434.70436084725617,437.29983588373744,8926058,INFY.NS
2018-04-11,442.1171569824219,444.9682571719905,439.0694291935726,439.6593119914144,9025574,INFY.NS
2018-04-12,457.1983947753906,461.1899438606223,442.41201180405034,444.1619778932762,17044366,INFY.NS
2018-04-13,460.6787414550781,466.36130736281103,452.34175120210267,461.6815613225547,21227038,INFY.NS
2018-04-16,445.6367492675781,448.31090368445103,433.36720689496934,433.36720689496934,24745084,INFY.NS
2018-04-17,442.49078369140625,443.35597403566476,438.4795993832694,443.1986623362732,10397940,INFY.NS
2018-04-18,442.78564453125,446.246309268801,438.02726652070385,441.5665630912429,10430380,INFY.NS
2018-04-19,445.4990234375,448.2321751424397,441.6647862727165,442.0187254581125,8525542,INFY.NS
2018-04-20,463.4315185546875,469.42865967292596,447.1114296099729,447.9176218802382,24272692,INFY.NS
2018-04-23,467.06927490234375,477.56921963734464,454.30816032158646,459.32216512063445,21830638,INFY.NS
2018-04-24,454.0130920410156,470.4904932024037,452.2827596986297,466.0073746804708,8526216,INFY.NS
2018-04-25,456.31365966796875,460.50183713010045,450.35583381379143,453.0299883636855,11594178,INFY.NS
2018-04-26,462.6451416015625,464.6900978014194,456.1761116341848,461.68168539528705,11302084,INFY.NS
2018-04-27,466.0859680175781,468.6028104891079,461.7601615212784,464.0410605121474,7663370,INFY.NS
2018-04-30,471.70965576171875,475.03264330526895,464.2968041612524,464.70969335633595,5511678,INFY.NS
2018-05-02,470.74615478515625,472.53543713629193,464.4343896443833,471.4736673017624,10295042,INFY.NS
2018-05-03,465.0439758300781,473.75454047839315,462.5074508788386,470.8248083151397,5332230,INFY.NS
2018-05-04,461.3276672363281,466.4006689361693,454.2097576907888,466.00741373470544,6023368,INFY.NS
2018-05-07,465.2209167480469,467.97370323768024,462.27150265201107,464.5327201256385,4638960,INFY.NS
2018-05-08,458.358642578125,463.2153349622356,456.58899408154144,463.2153349622356,5718556,INFY.NS
2018-05-09,460.3838806152344,462.82209185499715,457.35583453262615,459.1254830755297,3783504,INFY.NS
2018-05-10,459.3221435546875,465.2209724530782,457.29686936528157,462.46818563382925,3182862,INFY.NS
2018-05-11,464.3360900878906,465.2995461523028,458.55525769184464,461.01310275900477,3311706,INFY.NS
2018-05-14,467.69842529296875,468.56356752500784,460.1085807841034,465.7517832637036,4432094,INFY.NS
2018-05-15,469.76300048828125,475.0522635251203,467.22647574192035,467.22647574192035,5611974,INFY.NS
2018-05-16,467.9540710449219,471.1197950466092,465.81084910910573,466.8923010593379,6205004,INFY.NS
2018-05-17,465.1815490722656,470.9033829790997,461.5046228425881,470.3331821858872,9519598,INFY.NS
2018-05-18,465.29949951171875,466.61694273948814,461.2883159661001,465.22086767936605,7139660,INFY.NS
2018-05-21,463.8445739746094,467.3445553503656,460.10864904645445,463.86425593930596,8475320,INFY.NS
2018-05-22,469.4877624511719,471.11978131126335,461.6423395519531,462.07491071847613,5636804,INFY.NS
2018-05-23,465.9681701660156,474.91472738844374,464.6310926724744,469.94003871655264,9538442,INFY.NS
2018-05-24,480.1645812988281,482.7404219647114,471.1197120360328,471.1197120360328,9740570,INFY.NS
2018-05-25,483.03533935546875,491.038072378566,480.0859256119601,483.74316985104224,8901438,INFY.NS
2018-05-28,477.5691833496094,484.7264096699471,474.2658296614569,484.0972108733445,5739794,INFY.NS
2018-05-29,478.47357177734375,482.34717381324606,474.3443922710709,477.43148392482595,3388934,INFY.NS
2018-05-30,476.5072937011719,483.21231388104826,474.1084466472563,478.59156540649906,6323066,INFY.NS
2018-05-31,484.4117126464844,488.422895971878,475.937044967766,476.5072457329713,19720340,INFY.NS
2018-06-01,480.0859069824219,490.09423136177986,478.6701500366508,483.8611468266601,4998356,INFY.NS
2018-06-04,487.4004821777344,488.81619123199516,476.6252805898456,480.20389314513295,4270156,INFY.NS
2018-06-05,480.1056823730469,488.4230408581847,478.5916591983984,488.4230408581847,4710862,INFY.NS
2018-06-06,486.6336364746094,488.2460212263906,479.79103427981073,481.8162601910929,4038184,INFY.NS
2018-06-07,492.53240966796875,494.71499502440037,486.84989176487096,486.84989176487096,6676226,INFY.NS
2018-06-08,495.52130126953125,496.288129811777,490.01572772169857,490.7825562639443,6459878,INFY.NS
2018-06-11,496.4453430175781,499.4340727496115,493.5549270793931,497.6841064210238,5171290,INFY.NS
2018-06-12,494.9117126464844,499.92571688664543,491.74598880666304,497.76281309677205,7839820,INFY.NS
2018-06-13,501.32177734375,504.9397061924348,498.17573556061956,498.17573556061956,5766928,INFY.NS
2018-06-14,499.4684143066406,504.8269321416256,497.2122143903463,504.8269321416256,7598848,INFY.NS
2018-06-15,516.2086791992188,520.3383486328124,497.57480492568595,498.3805940834603,19957760,INFY.NS
2018-06-18,510.628662109375,520.2376891649164,508.5940245624138,517.3167031076497,8214846,INFY.NS
2018-06-19,500.23388671875,509.01700798999934,498.8036405085812,508.8558403262077,7545700,INFY.NS
2018-06-20,500.85833740234375,504.56494735096993,498.7834207672219,503.0138132696903,5371802,INFY.NS
2018-06-21,502.2282409667969,506.2370222262851,497.97768362251367,501.9864648820019,5798790,INFY.NS
2018-06-22,502.7519836425781,505.8341369657595,500.0727248928461,500.79795479764164,4343118,INFY.NS
2018-06-25,512.6632080078125,515.2216280325985,505.2298223986968,506.4989502099156,7731178,INFY.NS
2018-06-26,514.8388061523438,517.2763379247311,510.1652390700092,511.2731991153735,4483504,INFY.NS
2018-06-27,511.6761474609375,521.1240062591833,509.90340136572365,517.2965075183337,6952142,INFY.NS
2018-06-28,519.5729370117188,522.9572619484509,514.1943032062484,514.2144676115797,10996818,INFY.NS
2018-06-29,526.663818359375,529.8064160128764,517.0145120521092,522.9773719961735,9966600,INFY.NS
2018-07-02,537.7433471679688,539.8787079990583,529.4034494856438,529.4034494856438,4830144,INFY.NS
2018-07-03,545.4185180664062,547.0905403495881,536.5548376250686,536.6152816461889,8127452,INFY.NS
2018-07-04,541.9737548828125,544.9753489326063,539.4153842043668,544.7336220273494,5025722,INFY.NS
2018-07-05,517.3167114257812,542.7997970937569,510.9106768919242,542.739353062202,17019902,INFY.NS
2018-07-06,517.4172973632812,524.5082312167642,511.2731558139022,519.83466453025,11215356,INFY.NS
2018-07-09,523.2996826171875,524.9717051752607,515.3223984173455,522.5543373847376,6644998,INFY.NS
2018-07-10,524.3270874023438,529.9877275106431,521.466545332446,527.1876294722415,5974488,INFY.NS
2018-07-11,532.0021362304688,540.7248138507006,520.2779136181434,530.8337812766399,11899832,INFY.NS
2018-07-12,521.4865112304688,534.6813067378172,517.4978456530241,534.2784122185087,13272240,INFY.NS
2018-07-13,530.7732543945312,536.4943369480948,523.0980940594039,529.8062977031157,19496158,INFY.NS
2018-07-16,536.9979858398438,557.7672193602774,518.8072872502948,530.7732847762649,35344680,INFY.NS
2018-07-17,535.0038452148438,543.7063603007384,528.8798166866375,535.7290261161392,11161690,INFY.NS
2018-07-18,532.8483276367188,541.2486710733073,529.4035587802845,539.7982602006151,6919016,INFY.NS
2018-07-19,530.4912719726562,536.6152990762868,527.4292830115745,533.0295274904356,5118864,INFY.NS
2018-07-20,543.1422119140625,550.817373879021,532.3446659145186,534.2382509019901,11705738,INFY.NS
2018-07-23,546.304931640625,551.159831407114,538.3679274252603,544.7739616178214,7675702,INFY.NS
2018-07-24,554.8463134765625,556.9615101465777,546.3250827696359,553.7383533160784,6172246,INFY.NS
2018-07-25,557.5054321289062,561.5545427448704,550.1324408877832,555.5916826780572,6936922,INFY.NS
2018-07-26,553.2750854492188,560.1847386246395,551.6433424224906,555.410446795125,7362218,INFY.NS
2018-07-27,553.3555297851562,559.6205600471839,551.2806620862378,553.2548061422392,6493232,INFY.NS
2018-07-30,544.3104858398438,553.1741651059256,543.1018023035598,551.9654815696416,6409970,INFY.NS
2018-07-31,549.9915161132812,551.9657098754088,538.0860078653672,543.3236386890025,7943996,INFY.NS
2018-08-01,545.5394287109375,551.3410713495545,544.310580562617,549.4676508874627,4675706,INFY.NS
2018-08-02,545.378173828125,550.6560821747407,543.9680430158978,547.7753765363275,5940742,INFY.NS
2018-08-03,549.5885009765625,550.434569780183,546.3250646303298,550.434569780183,3970390,INFY.NS
2018-08-06,548.198486328125,553.9800133585193,542.9004130913489,550.374126762335,6178930,INFY.NS
2018-08-07,551.1397094726562,555.9744452084236,548.1986080756162,553.5772417453624,7351528,INFY.NS
2018-08-08,549.0445556640625,552.9727775813067,545.2372217860884,552.6907710649621,3992358,INFY.NS
2018-08-09,555.9743041992188,559.8018023526172,553.4360980905795,553.4360980905795,6409524,INFY.NS
2018-08-10,558.1902465820312,559.6205419377554,553.1943934001849,558.3312990227237,4779520,INFY.NS
2018-08-13,567.5777587890625,568.0209330057718,555.4707565776204,560.0234851583297,9979746,INFY.NS
2018-08-14,567.396484375,573.9435216194893,565.6640179238703,569.6727995179082,6151320,INFY.NS
2018-08-16,575.9578857421875,578.1133616066211,568.5848962895511,570.0755863539174,6626774,INFY.NS
2018-08-17,576.2803344726562,579.2214849967546,573.3190687255828,576.5019461957021,6390408,INFY.NS
2018-08-20,557.706787109375,567.2553683791713,553.375670648168,559.2176416888658,16101876,INFY.NS
2018-08-21,557.5859375,562.440836889289,553.476432433138,560.0234693954955,8361482,INFY.NS
2018-08-23,563.0048828125,564.6567407157248,558.1499835640132,561.2321368655046,7717182,INFY.NS
2018-08-24,555.3096313476562,564.8179338058787,554.4232337435237,562.6422931903314,7053000,INFY.NS
2018-08-27,570.2569580078125,572.0900987081898,556.5585432573308,557.2031647034137,7012950,INFY.NS
2018-08-28,574.0039672851562,579.5236532980914,568.6857777713612,570.9822575201649,6496890,INFY.NS
2018-08-29,568.1216430664062,577.5896657904779,566.1273345481783,577.5896657904779,5646496,INFY.NS
2018-08-30,570.579345703125,572.7348712824225,562.5013380168504,569.2095433294234,11507962,INFY.NS
2018-08-31,580.6112670898438,585.929504117576,572.5533769097572,574.1649549457745,10875864,INFY.NS
2018-09-03,577.8515014648438,591.4089127473919,576.1391996477089,583.7941960066645,10976328,INFY.NS
2018-09-04,593.9874267578125,603.1331129394196,576.9449684230119,581.7797027952718,15370124,INFY.NS
2018-09-05,588.1455688476562,599.5474567532515,584.5195173730874,597.855319071041,8658978,INFY.NS
2018-09-06,585.9295654296875,592.6578847615327,583.471869322419,590.2807970733752,5598659,INFY.NS
2018-09-07,590.4823608398438,592.3759951127685,583.2302574881991,591.7313243585546,6510605,INFY.NS
2018-09-10,588.910888671875,601.9244010854629,587.7425339319365,594.470852611513,5629871,INFY.NS
2018-09-11,591.69091796875,600.1114237815681,589.8376129011183,592.9802100194881,6963561,INFY.NS
2018-09-12,598.6207275390625,601.5215485560983,593.2622104814835,599.8294111597379,4636617,INFY.NS
2018-09-14,591.2076416015625,600.3130511995691,587.4607015422895,597.8151239477056,7896514,INFY.NS
2018-09-17,584.9625854492188,596.2839120511957,583.8747406953834,592.2549666994985,5427054,INFY.NS
2018-09-18,579.44287109375,588.2259911826222,577.7507338053974,588.2259911826222,7729732,INFY.NS
2018-09-19,579.9667358398438,585.8087071282617,574.68882678798,585.8087071282617,4849498,INFY.NS
2018-09-21,568.3231811523438,578.0732611517474,557.6061933420361,575.2126698031503,14350769,INFY.NS
2018-09-24,578.7581176757812,588.185861555663,569.2900941704692,569.2900941704692,8637881,INFY.NS
2018-09-25,585.1641235351562,593.060847813774,577.7508531011902,578.7580895954392,9602273,INFY.NS
2018-09-26,578.4356689453125,589.716716017334,573.7218225199456,589.1929826264388,6599606,INFY.NS
2018-09-27,584.0359497070312,588.8706844714627,578.1134192931888,581.7797499865896,14592616,INFY.NS
2018-09-28,588.2664184570312,591.892469997775,576.3004680451656,580.9740357502743,7490031,INFY.NS
2018-10-01,601.6424560546875,608.2902161834658,590.6434150781232,594.2694660574568,8252398,INFY.NS
2018-10-03,587.0174560546875,605.9132233988506,585.2447099063543,599.3460214793906,7792464,INFY.NS
2018-10-04,569.8538208007812,588.0243474990647,566.0666037932072,587.0171115492547,6173037,INFY.NS
2018-10-05,583.874755859375,589.4347202617015,571.5461925992848,574.5276220732648,8543578,INFY.NS
2018-10-08,575.6961059570312,587.178602100527,571.5059922648652,584.237451836798,7259306,INFY.NS
2018-10-09,578.3551635742188,582.1021028018317,566.1877670573652,577.8313809530799,6777212,INFY.NS
2018-10-10,564.4149169921875,580.0875229369552,560.3456923632963,580.0875229369552,8866251,INFY.NS
2018-10-11,542.5780639648438,558.3312800162022,534.4798934483389,551.9655265339553,10985897,INFY.NS
2018-10-12,546.9697265625,551.2001200747181,533.0295825394851,545.0358618943693,8909221,INFY.NS
2018-10-15,563.08544921875,568.0813517942266,549.145306734419,554.8663900373487,6222176,INFY.NS
2018-10-16,560.2249755859375,575.2529647582428,555.5111281500365,572.110367013327,11588963,INFY.NS
2018-10-17,568.3634643554688,581.6187082064539,565.1403071482493,572.1104042814518,20360697,INFY.NS
2018-10-19,550.7972412109375,554.1412863269414,546.3251206349549,553.5772240062154,10421001,INFY.NS
2018-10-22,547.8964233398438,560.0638216301979,542.9407996624791,554.9470794441985,6672840,INFY.NS
2018-10-23,529.8869018554688,549.5481759156527,526.4220185005046,544.6731616107583,9041701,INFY.NS
2018-10-24,523.6017456054688,537.0584333670884,521.4664340064356,534.238171526451,7058164,INFY.NS
2018-10-25,528.4485473632812,534.63921566137,518.2664944275725,523.7648030128553,8270469,INFY.NS
2018-10-26,516.1077270507812,528.4076731984894,513.093880044633,525.638135730253,5464141,INFY.NS
2018-10-29,525.190185546875,529.9146472221893,514.3972115903088,516.189262492544,7137446,INFY.NS
2018-10-30,537.2864990234375,540.7076784323162,519.2439327441133,522.2170620922068,8793411,INFY.NS
2018-10-31,559.1168212890625,564.4522062308288,540.0967196162607,540.7891289354051,11947995,INFY.NS
2018-11-01,543.0699462890625,561.8049223441848,537.2865108070329,561.8049223441848,5860244,INFY.NS
2018-11-02,539.4450073242188,550.4823395465231,537.6936748428428,542.4589040582644,6654067,INFY.NS
2018-11-05,542.499755859375,544.6176028873201,535.1686780774916,540.4633453644074,5799426,INFY.NS
2018-11-06,542.8663330078125,549.8308471280233,538.1418704870122,544.0474610672761,6975525,INFY.NS
2018-11-07,550.238037109375,551.8671652725411,547.3870628238342,548.2016269054172,758956,INFY.NS
2018-11-09,537.2048950195312,553.0888911573339,533.9466394015204,553.0888911573339,9694143,INFY.NS
2018-11-12,541.0335083007812,550.9712006891774,539.4858165577751,542.4997138000743,7118080,INFY.NS
2018-11-13,542.25537109375,543.925217677842,534.5984481052125,540.4633199988741,4137808,INFY.NS
2018-11-14,532.0731811523438,542.2552305095264,521.7282090620387,542.2552305095264,7323026,INFY.NS
2018-11-15,534.679931640625,542.4997276478275,526.7786493876293,532.7249577802991,5513390,INFY.NS
2018-11-16,530.158935546875,539.6486256047015,524.7421150219718,537.530779187257,8583785,INFY.NS
2018-11-19,530.8512573242188,539.2412548198527,528.8555659996817,536.7975633327536,6018930,INFY.NS
2018-11-20,522.46142578125,534.3540415758451,521.4024526935144,530.8514259418517,5384830,INFY.NS
2018-11-21,504.296630859375,521.3617592539764,498.5946819735353,521.3210409910587,14359086,INFY.NS
2018-11-22,505.64068603515625,511.66848051184326,502.38242950009277,506.862532235805,6632975,INFY.NS
2018-11-26,506.2108459472656,511.5462306065202,488.61623238917116,505.84428217619273,15075209,INFY.NS
2018-11-27,520.4249877929688,522.1355523991907,509.3468869602012,509.5098097124708,12285851,INFY.NS
2018-11-28,542.8255615234375,544.699049097681,521.3210483905093,522.0948942651238,17719890,INFY.NS
2018-11-29,538.4676513671875,549.7493953024821,536.6348819277368,546.5725750539465,13399070,INFY.NS
2018-11-30,543.6806640625,547.3869197213735,538.3859989163856,538.4267171664106,10445773,INFY.NS
2018-12-03,546.0430297851562,553.0890292045517,542.4589775410107,548.3238490606687,8260890,INFY.NS
2018-12-04,558.18017578125,560.6238686339954,546.8169940725725,547.835199427883,7827923,INFY.NS
2018-12-05,555.0441284179688,556.8768980748445,547.7944863328371,556.3474113982568,5177288,INFY.NS
2018-12-06,544.5361328125,558.343005061328,541.3185944852315,550.7268004490533,8039771,INFY.NS
2018-12-07,556.1842651367188,558.587238775918,542.1737550009001,547.386984261636,5553948,INFY.NS
2018-12-10,545.106201171875,556.9988148653583,541.8479453964508,545.6764058759818,5121196,INFY.NS
2018-12-11,549.4235229492188,555.4513175874463,538.1010612996199,545.1063428679722,7120933,INFY.NS
2018-12-12,552.681640625,554.432973006058,546.246565526781,551.5412312070499,6926183,INFY.NS
2018-12-13,568.3619995117188,570.19476841018,553.9034893127463,555.5326172224896,7521474,INFY.NS
2018-12-14,575.1229248046875,581.3543595358117,565.6332836628642,568.117694016859,9560576,INFY.NS
2018-12-17,565.6334228515625,579.847528932951,564.2893719813133,579.847528932951,4778465,INFY.NS
2018-12-18,551.134033203125,559.1982374316376,549.464186792951,559.1982374316376,8021298,INFY.NS
2018-12-19,541.5628662109375,547.0204550621521,538.5082511505982,547.0204550621521,8295459,INFY.NS
2018-12-20,543.3549194335938,547.0204575224874,534.6798424534375,537.6122530377354,11705260,INFY.NS
2018-12-21,526.3712768554688,537.2049683201853,524.1312258124353,537.2049683201853,12802132,INFY.NS
2018-12-24,528.6519775390625,536.6346939128862,527.5115681783582,535.1684888184346,8379825,INFY.NS
2018-12-26,524.6199340820312,527.0229078246399,519.1623453404391,527.0229078246399,6178552,INFY.NS
2018-12-27,535.0056762695312,540.2596245139049,528.6520864071229,531.7067016983813,15333902,INFY.NS
2018-12-28,535.1279907226562,540.4633765842592,532.1548113414367,540.3411720606808,4736598,INFY.NS
2018-12-31,536.757080078125,539.24149090095,534.1911830065035,537.6123625296481,3373319,INFY.NS
2019-01-01,541.725830078125,542.7440351755266,532.8471114590108,538.3861372454661,2943390,INFY.NS
2019-01-02,544.9840698242188,549.0161718307766,539.2821214520891,542.4996594054854,7416655,INFY.NS
2019-01-03,545.0656127929688,551.4599213890202,540.1374599847597,547.3871006992933,6827249,INFY.NS
2019-01-04,538.4676513671875,548.9348311071707,530.2812911477185,547.18349820043,7889310,INFY.NS
2019-01-07,547.1427001953125,548.6903421106242,538.8341366705881,541.6851109386865,8046340,INFY.NS
2019-01-08,545.7986450195312,551.8264390227971,544.576798914846,549.7900288483215,8621545,INFY.NS
2019-01-09,550.7267456054688,561.8862832625952,540.8705402852809,558.9538725093123,18130292,INFY.NS
2019-01-10,553.6592407226562,555.532728249884,547.8350873945076,555.2068827159974,9572493,INFY.NS
2019-01-11,556.7545166015625,558.3836446676972,547.7943122378211,554.0664652358487,12281903,INFY.NS
2019-01-14,571.7424926757812,578.5033639464326,566.8958269222942,575.8967491976039,19312937,INFY.NS
2019-01-15,591.8622436523438,594.6317814252524,576.0597302501743,576.0597302501743,19671304,INFY.NS
2019-01-16,600.1708374023438,600.9854015274058,593.409965107738,594.5503747696445,9658944,INFY.NS
2019-01-17,597.3604125976562,601.9627184918844,593.8985160434066,599.3561040841013,6903771,INFY.NS
2019-01-18,595.4055786132812,599.6820397057184,591.6178360445916,594.6317328531462,5902151,INFY.NS
2019-01-21,606.850341796875,611.737727099937,597.8901354079279,601.3113150634822,8129422,INFY.NS
2019-01-22,607.13525390625,610.108432375403,597.8899724479918,603.7955614129072,6723375,INFY.NS
2019-01-23,595.975830078125,604.895266996342,593.9801381351687,604.6916259759801,7212099,INFY.NS
2019-01-24,599.5386352539062,602.8966868486704,590.5291748880688,596.3443520371522,7429783,INFY.NS
2019-01-25,598.1871337890625,604.3709391145029,593.1909990127072,596.2624056351409,5543112,INFY.NS
2019-01-28,596.2213745117188,600.0298881606094,588.8909418027552,598.7194415268624,7944693,INFY.NS
2019-01-29,596.1805419921875,600.2347588811879,586.8434455422033,594.2148216899769,6760819,INFY.NS
2019-01-30,594.5424194335938,601.8318609299437,590.610979086865,596.1805029146173,5763026,INFY.NS
2019-01-31,613.9127807617188,615.3461039340616,594.6243560691161,594.6243560691161,13825233,INFY.NS
2019-02-01,620.0555419921875,624.5193294928604,609.7765781081109,615.3869940556153,6276585,INFY.NS
2019-02-04,619.1138305664062,624.5194874452003,613.6262394983253,620.0147567160874,3945391,INFY.NS
2019-02-05,618.2537841796875,622.4309280392984,611.824324990851,611.824324990851,4694366,INFY.NS
2019-02-06,625.1746215820312,628.1641442707773,617.8441871733214,618.8270473717,5880482,INFY.NS
2019-02-07,625.748046875,630.2118354797051,623.2909210364857,624.9699470280665,3961797,INFY.NS
2019-02-08,623.2089233398438,632.5050277397517,618.2946725577932,622.4717657263985,5915169,INFY.NS
2019-02-11,624.76513671875,629.6384459079119,621.6527875695677,628.1232384244684,5500216,INFY.NS
2019-02-12,614.6500244140625,622.7585095010937,606.910068202079,622.7585095010937,7310690,INFY.NS
2019-02-14,606.1319580078125,616.7385607843115,603.8386506483846,615.1004769575271,4610535,INFY.NS
2019-02-15,607.688232421875,611.4148635883407,600.0301595950405,607.9748771306965,5586389,INFY.NS
2019-02-18,606.9509887695312,612.3566952928098,602.8148371809656,608.015733239308,5346825,INFY.NS
2019-02-19,593.23193359375,606.5413621224909,590.7748083269055,605.3537415787811,9401334,INFY.NS
2019-02-20,606.6644287109375,608.548215341784,594.6654432305992,595.4435431406151,5210675,INFY.NS
2019-02-21,600.726318359375,604.452949172599,595.5253720680821,604.452949172599,7202786,INFY.NS
2019-02-22,601.9547729492188,604.6166587640241,596.2624225164122,599.9481105676813,3750833,INFY.NS
2019-02-25,618.2947998046875,620.8338099018117,602.4463077767017,602.4463077767017,6547552,INFY.NS
2019-02-26,608.1385498046875,616.410852169529,606.2138215287165,613.1346848978538,8319610,INFY.NS
2019-02-27,602.2005615234375,611.3328987735545,600.1529567579719,610.1862201087534,5936354,INFY.NS
2019-02-28,601.4224243164062,608.0566933381883,599.7843406058943,605.0262284756717,8559921,INFY.NS
2019-03-01,607.647216796875,608.8757796695008,602.4053285441976,602.4053285441976,3998826,INFY.NS
2019-03-05,599.9481811523438,608.1386000076659,598.1053369098963,606.5005162366015,4826505,INFY.NS
2019-03-06,599.9481811523438,602.8967119441199,595.4434507819166,602.8967119441199,6076668,INFY.NS
2019-03-07,592.126220703125,601.5861425587723,590.160500581542,601.1766216993042,5951551,INFY.NS
2019-03-08,583.4445190429688,592.1263937958173,582.0521877060365,592.1263937958173,7193994,INFY.NS
2019-03-11,582.5436401367188,588.4816948164955,581.0284323869879,584.2226662894806,9932198,INFY.NS
2019-03-12,579.021728515625,585.5740642510241,577.9159918660637,580.7007545497502,11997387,INFY.NS
2019-03-13,580.250244140625,588.5634894326691,578.4892840592191,581.5197490877465,11348867,INFY.NS
2019-03-14,580.1683349609375,585.533099630242,578.407424793989,584.79594189222,6415187,INFY.NS
2019-03-15,588.5225219726562,592.7815496678211,581.1920872843938,583.1578077561155,14638664,INFY.NS
2019-03-18,581.68359375,592.7406599012969,577.7112103606929,590.9796997403197,8065544,INFY.NS
2019-03-19,591.552978515625,595.0339063919718,579.390226990882,583.8130230042669,8917337,INFY.NS
2019-03-20,605.2310791015625,607.9748497292742,595.5663937678503,595.6482779694352,13471173,INFY.NS
2019-03-22,608.6300659179688,611.2919523117528,599.7844226690037,610.186265652015,8883260,INFY.NS
2019-03-25,602.2005615234375,608.0567311488095,598.351054566292,608.0567311488095,7644966,INFY.NS
2019-03-26,596.0578002929688,602.2006151362491,588.9730671775767,602.2006151362491,9406261,INFY.NS
2019-03-27,597.6548461914062,599.784334999026,595.566299478097,597.9005487476167,7387487,INFY.NS
2019-03-28,604.2890625,610.1861737748193,597.9005461149236,597.9005461149236,9277241,INFY.NS
2019-04-01,618.4585571289062,622.4718826844606,607.7291275682497,607.7291275682497,6584982,INFY.NS
2019-04-02,621.9805297851562,627.2223687172647,618.0490880981279,621.652892981118,7283600,INFY.NS
2019-04-03,616.9842529296875,621.2432808053951,611.6604805826406,619.1956760565308,6897127,INFY.NS
2019-04-04,612.5614624023438,617.3937796607026,610.2681050698608,615.4281090775968,7688525,INFY.NS
2019-04-05,621.8985595703125,623.2499988207516,612.6433952813786,615.0186369971943,6276040,INFY.NS
2019-04-08,628.4097900390625,630.6621548779121,618.704165184156,624.9698046507509,4919911,INFY.NS
2019-04-09,622.9631958007812,633.1193344872718,620.9975254033078,630.6622089976705,6730692,INFY.NS
2019-04-10,616.4927978515625,627.9593835164342,615.3461192889368,625.7479605687112,7031088,INFY.NS
2019-04-11,608.3023681640625,615.7146866181305,606.1318873504478,615.7146866181305,8200995,INFY.NS
2019-04-12,612.4385375976562,615.5508866004176,606.5823684289021,608.6299730347116,7043212,INFY.NS
2019-04-15,595.8529663085938,599.0062575430907,583.6492223289517,593.5596590480188,31574803,INFY.NS
2019-04-16,593.0680541992188,596.1804525424648,584.8776374861218,596.1804525424648,12524411,INFY.NS
2019-04-18,587.2940063476562,591.757794867565,583.7721360440927,591.757794867565,13801105,INFY.NS
2019-04-22,590.5700073242188,594.4195133092702,585.6148150411688,587.2938405267856,6455426,INFY.NS
2019-04-23,596.42626953125,597.900534824529,588.399669609757,592.9043996666542,5516668,INFY.NS
2019-04-24,603.1834716796875,604.3710925399192,592.9863891065114,596.4263753949793,8285120,INFY.NS
2019-04-25,596.712890625,604.1662009646459,595.4843279306967,603.1833408111345,8005235,INFY.NS
2019-04-26,604.4530029296875,605.9272685485178,597.0816248451791,598.7197088639588,6895168,INFY.NS
2019-04-30,615.3871459960938,617.3938087614246,604.4529560155313,604.4529560155313,9920046,INFY.NS
2019-05-02,598.5558471679688,612.9710154847346,597.4911026308508,611.8243367583901,6351352,INFY.NS
2019-05-03,592.6585693359375,598.7194980676418,588.2357740366182,592.0852801234931,6348116,INFY.NS
2019-05-06,588.3997192382812,591.1844316959409,582.0521445318133,585.6149567902713,8858265,INFY.NS
2019-05-07,593.4368286132812,596.1806491110442,588.6454532524748,590.0378345508549,5747536,INFY.NS
2019-05-08,589.1777954101562,594.6244442690927,586.8435458936706,590.5292345978179,6247642,INFY.NS
2019-05-09,590.5700073242188,598.1461430432828,586.2700384025877,589.0138580896408,7396525,INFY.NS
2019-05-10,587.130126953125,594.6243798356219,585.6149195350821,590.3653522409337,8352335,INFY.NS
2019-05-13,589.46435546875,594.9928872624516,583.2396081957108,586.8843539688861,6808993,INFY.NS
2019-05-14,584.6729736328125,587.8672566746224,576.2777951153414,586.8434544163941,10513001,INFY.NS
2019-05-15,586.515869140625,593.969180228459,583.6492225661541,585.5330588787999,6668929,INFY.NS
2019-05-16,600.4395141601562,603.6337971261607,588.9729291401206,589.7100867446889,6468556,INFY.NS
2019-05-17,592.9044189453125,602.650987027489,589.7920199034324,600.4805561055279,8155948,INFY.NS
2019-05-20,591.6759033203125,594.9520710020631,578.2435958289941,589.4644801370605,11213708,INFY.NS
2019-05-21,580.9464111328125,591.8806505195186,579.6359640856573,591.8806505195186,8645535,INFY.NS
2019-05-22,581.31494140625,588.2767969919536,579.0625763638164,581.519701864653,5795713,INFY.NS
2019-05-23,574.1892700195312,587.0072947689334,571.2407394015006,585.6149136475065,7233736,INFY.NS
2019-05-24,580.8646240234375,582.9531712246954,573.6980061826,576.4417770169485,7016424,INFY.NS
2019-05-27,579.9635620117188,584.6321109413592,577.8340730215291,579.3902726615264,10247544,INFY.NS
2019-05-28,596.3444213867188,600.7263257957065,581.3559637604159,583.1578660411981,23860490,INFY.NS
2019-05-29,596.0987548828125,600.8901805551702,592.699760592531,594.2149682894767,10293077,INFY.NS
2019-05-30,600.8081665039062,603.8386314853548,591.7987057425107,595.4434521395088,15089296,INFY.NS
2019-05-31,604.2481079101562,608.5071354089138,600.5214775951231,603.2243056263369,8290306,INFY.NS
2019-06-03,609.8995971679688,615.0186092640191,597.0815708833176,597.7367944335415,7744761,INFY.NS
2019-06-04,602.2415771484375,605.6406214702405,600.4806668293577,603.8387190585661,11733702,INFY.NS
2019-06-06,602.4872436523438,609.8996133564523,600.8901518282667,603.2244014098823,7563925,INFY.NS
2019-06-07,605.353759765625,609.3261423939055,602.6918739799049,602.6918739799049,3218358,INFY.NS
2019-06-10,617.1480712890625,617.639476432635,606.1728898393411,606.1728898393411,4435148,INFY.NS
2019-06-11,618.2947998046875,621.6528518673814,614.6909951600392,618.3766840051027,5733127,INFY.NS
2019-06-12,617.3937377929688,619.9737396218774,610.1861794963166,619.9737396218774,8738342,INFY.NS
2019-06-13,616.85400390625,620.6332782556069,614.6528618924818,614.6528618924818,4808577,INFY.NS
2019-06-14,615.0265502929688,619.2211299676636,613.19919409608,617.8506001458661,5556353,INFY.NS
2019-06-17,615.1094360351562,618.3903621320428,612.8252540393697,617.1444446797956,3085588,INFY.NS
2019-06-18,623.0833740234375,624.9937707542448,614.8187776417018,614.8187776417018,6202838,INFY.NS
2019-06-19,624.5369262695312,627.4440670741172,621.795867239426,625.0352729859982,4596253,INFY.NS
2019-06-20,627.0289916992188,628.6902156266809,611.2473643883278,612.8254967014983,7148684,INFY.NS
2019-06-21,623.125,627.1119266126701,620.591644078154,627.1119266126701,13200318,INFY.NS
2019-06-24,619.2210693359375,624.5370048979119,616.8538460899207,624.5370048979119,4758178,INFY.NS
2019-06-25,621.3806762695312,623.7064299003147,612.4100788393664,617.9751881189896,3677911,INFY.NS
2019-06-26,613.98828125,624.1632762731413,612.9915369043468,617.1445960974658,5447130,INFY.NS
2019-06-27,606.803466796875,618.5566445577194,604.810028807908,616.3139824606739,11122346,INFY.NS
2019-06-28,608.0078125,614.2374007428278,605.1006713200137,610.9149536799863,5919494,INFY.NS
2019-07-01,607.4263916015625,612.5761948364407,606.2219943673258,610.4996653624189,3224968,INFY.NS
2019-07-02,614.65283203125,616.0233620029044,606.4297535943824,609.6691604201858,4837606,INFY.NS
2019-07-03,607.4263916015625,617.3106921765145,606.3466064143752,615.4833361000713,5958379,INFY.NS
2019-07-04,609.5029296875,611.662550788909,605.1837381812029,605.5160031803492,3274064,INFY.NS
2019-07-05,596.3793334960938,611.662612460398,592.6415800131795,610.4997355426586,4926289,INFY.NS
2019-07-08,596.0469360351562,602.1519624520982,591.644704161551,595.0917629974342,7177092,INFY.NS
2019-07-09,594.3027954101562,597.9159367807902,588.9453386874891,596.3793250936299,5022638,INFY.NS
2019-07-10,595.7562866210938,600.2831308657792,586.8272101746988,588.9037395808372,7573816,INFY.NS
2019-07-11,599.2864379882812,600.9476616556084,589.4021368890753,597.5836938685756,6252688,INFY.NS
2019-07-12,603.6470947265625,606.8449297141365,597.7082003821898,600.1169947574014,7874441,INFY.NS
2019-07-15,647.3372802734375,649.2477279536022,626.4474241078071,633.7567977432616,31064152,INFY.NS
2019-07-16,651.9056396484375,654.3559545552573,644.5547456244981,645.3853574100967,9924322,INFY.NS
2019-07-17,659.63037109375,660.3363708342729,645.1777057176371,651.1166002748175,6754348,INFY.NS
2019-07-18,658.4260864257812,663.2436254759059,653.0271088859022,655.3943326055453,6534471,INFY.NS
2019-07-19,652.362548828125,659.9210961708561,648.9154894694542,655.1035577163394,6812754,INFY.NS
2019-07-22,651.531982421875,657.8446124648974,649.5800140755597,652.819420703429,7107151,INFY.NS
2019-07-23,656.224853515625,667.8118984603041,652.4871003526009,653.6914976222131,10782564,INFY.NS
2019-07-24,653.1100463867188,659.2981144188359,650.8673843936434,654.5220965821011,5745146,INFY.NS
2019-07-25,659.921142578125,664.6556404615401,654.2314714449542,654.7298182973027,9773568,INFY.NS
2019-07-26,653.6915893554688,660.336484799997,649.7046622280576,658.093822448163,4941763,INFY.NS
2019-07-29,657.3878173828125,661.9561829647688,653.0271047818543,655.7681139917223,6244316,INFY.NS
2019-07-30,658.4260864257812,662.6621869861516,654.9790266409392,657.7616070217173,8673253,INFY.NS
2019-07-31,659.215087890625,664.3233201399,649.2061749529819,656.8893342491592,7350584,INFY.NS
2019-08-01,638.6159057617188,654.8544081178437,634.9197235565276,653.2347048579319,10066407,INFY.NS
2019-08-02,644.2224731445312,647.7941443383114,633.1338262142699,635.4595290476127,10838336,INFY.NS
2019-08-05,645.1361694335938,652.7778078277031,638.4497548499427,641.730630771693,9976238,INFY.NS
2019-08-06,643.267333984375,650.9504933175365,639.4049687436903,646.8804751219016,9331718,INFY.NS
2019-08-07,644.6378173828125,650.7428447171175,641.5230230377148,646.9635710510368,5130457,INFY.NS
2019-08-08,655.1450805664062,658.4675278846511,648.9154918446972,650.1198891368655,8009009,INFY.NS
2019-08-09,656.0586547851562,661.7898960018398,651.8640756871715,657.8444902835985,4362520,INFY.NS
2019-08-13,635.2103881835938,652.860889326322,631.3895940971885,651.3242777407403,7517099,INFY.NS
2019-08-14,643.5579833984375,646.4236041181558,637.909833553156,643.8071567878654,5940968,INFY.NS
2019-08-16,643.3504638671875,647.9188295079282,633.3416001935979,647.8773090505001,5128088,INFY.NS
2019-08-19,645.92529296875,650.36904586431,642.3536216360327,644.2224982046083,3881451,INFY.NS
2019-08-20,658.4675903320312,662.8283028507865,651.0751240692448,652.1964805634127,8435344,INFY.NS
2019-08-21,664.0326538085938,667.6042746252937,658.6751972352819,658.6751972352819,5926896,INFY.NS
2019-08-22,660.9177856445312,665.5691912083636,658.1352058387322,664.4063651656647,5222488,INFY.NS
2019-08-23,666.3167114257812,672.7539520577561,661.0007763027058,661.5406941827032,6895015,INFY.NS
2019-08-26,666.6074829101562,670.1375830228723,653.6084387953615,661.0839449164071,5412074,INFY.NS
2019-08-27,651.7395629882812,660.2948543081113,648.7908505689361,657.0139275898189,16061642,INFY.NS
2019-08-28,666.5659790039062,668.6425085335134,653.1100575127473,654.0237609236875,5881134,INFY.NS
2019-08-29,670.2621459960938,672.5463282547296,660.7516315435613,660.7516315435613,7830413,INFY.NS
2019-08-30,676.865478515625,678.9004365750304,666.1505675617741,672.7954610037867,8174186,INFY.NS
2019-09-03,676.32568359375,683.095190297031,674.4983274256996,676.948642467186,5647088,INFY.NS
2019-09-04,682.1814575195312,683.1366813629851,673.0032073183628,673.4185132161217,6199015,INFY.NS
2019-09-05,692.7717895507812,695.637410515493,686.6252924011552,689.4908626693439,7926895,INFY.NS
2019-09-06,697.8385620117188,703.5282328726341,693.6024111833553,700.4549589061407,6106841,INFY.NS
2019-09-09,688.66015625,697.9630176462329,687.3727182242817,695.0558766284423,4377870,INFY.NS
2019-09-11,681.1847534179688,688.2034336435265,676.2426535002521,683.0121096152328,7981036,INFY.NS
2019-09-12,678.1113891601562,680.9769588707572,673.5014538242923,678.1113891601562,4400017,INFY.NS
2019-09-13,688.826416015625,690.2799867931134,679.0252060552941,679.5235529003942,4832021,INFY.NS
2019-09-16,687.4973754882812,696.0111461718949,681.5584810254942,691.1105164266216,4846496,INFY.NS
2019-09-17,690.4459838867188,693.5607777989896,681.5584284510693,690.6536368142034,5540901,INFY.NS
2019-09-18,689.283203125,691.85813020201,684.4241442243464,689.3247742734939,3199389,INFY.NS
2019-09-19,681.68310546875,686.9159496008917,677.114740628599,685.130113975679,6601607,INFY.NS
2019-09-20,668.6424560546875,693.560808454241,666.1506208147322,683.5104265983616,22462366,INFY.NS
2019-09-23,634.8782348632812,670.2208145142296,616.2310368152395,670.2208145142296,17279260,INFY.NS
2019-09-24,659.5473022460938,663.3681470169731,635.4180391346006,635.4180391346006,13717998,INFY.NS
2019-09-25,658.3845825195312,665.3201720241926,649.2478510685124,654.2730432272667,9313576,INFY.NS
2019-09-26,649.9952392578125,661.9975896358084,646.2990066920602,654.314430659483,18442824,INFY.NS
2019-09-27,649.70458984375,659.7134523526664,647.9602745659801,653.7330369795699,5087642,INFY.NS
2019-09-30,669.1824951171875,671.1344127965866,651.3243393311396,652.1133800760923,8178091,INFY.NS
2019-10-01,659.1318969726562,670.7604606416971,657.4706735913646,670.3036343511449,5881438,INFY.NS
2019-10-03,652.5286254882812,662.7036202828897,651.3242789065454,658.3013877763635,5497672,INFY.NS
2019-10-04,659.048828125,662.4958360770474,653.732893251766,656.1832077745303,8201713,INFY.NS
2019-10-07,655.8095703125,666.1506978941769,652.9439493156705,660.2118029398276,3679845,INFY.NS
2019-10-09,650.9090576171875,661.0840537345838,646.8805593487093,660.7102682277002,6335025,INFY.NS
2019-10-10,650.41064453125,660.0872935397148,645.0531875844289,652.3626129333,10402917,INFY.NS
2019-10-11,676.782470703125,684.2579767507218,645.053090450688,649.1231084663209,20636344,INFY.NS
2019-10-14,652.9439086914062,661.9975974928145,647.8771970444108,653.4838266342182,15150858,INFY.NS
2019-10-15,638.1589965820312,644.5131967401363,635.4179879497867,642.1459228377067,13762133,INFY.NS
2019-10-16,640.775634765625,644.5133887494457,632.5525557226064,635.62583024861,10767032,INFY.NS
2019-10-17,639.1557006835938,640.0278328259254,635.5009889390908,637.0791714416068,9860495,INFY.NS
2019-10-18,637.7852783203125,642.7274288863458,631.2649956829857,634.421310522096,10037200,INFY.NS
2019-10-22,534.5402221679688,574.0358037405917,530.2210306006513,574.0358037405917,90152532,INFY.NS
2019-10-23,547.1983032226562,552.2868008823475,517.3404174351423,529.8723393277127,60516887,INFY.NS
2019-10-24,534.3718872070312,549.3849636569544,531.5543333473589,546.6935390439609,25666433,INFY.NS
2019-10-25,536.1383666992188,548.7964194400583,534.9188088335281,544.1705492378816,16549337,INFY.NS
2019-10-27,545.7264404296875,548.7963562899278,542.9509288946952,547.6188416582735,2945281,INFY.NS
2019-10-29,547.2402954101562,549.8475827255459,544.1703801505594,547.5346483431439,16709764,INFY.NS
2019-10-30,555.6088256835938,564.6923901227199,551.9081617775187,555.4406533555506,22879467,INFY.NS
2019-10-31,576.6356201171875,584.9201623829996,560.2348106179234,562.1693061394149,27405901,INFY.NS
2019-11-01,578.5701293945312,583.700618620877,574.11243230563,580.3363499256558,9713519,INFY.NS
2019-11-04,596.316650390625,616.0817297759278,570.3697475612332,573.4396120692132,29381982,INFY.NS
2019-11-05,585.4669189453125,596.1064406778769,581.5980299523836,596.1064406778769,12897805,INFY.NS
2019-11-06,599.0921630859375,606.8299916806073,582.0185089992797,585.2145541285847,21372589,INFY.NS
2019-11-07,605.65234375,609.2268786037793,598.9238075546509,603.0450565081651,13733737,INFY.NS
2019-11-08,595.6017456054688,609.1429067049463,593.3728970387845,607.250505545007,8585630,INFY.NS
2019-11-11,592.4476318359375,594.8026092346021,587.0647823521409,587.8217632070882,6951494,INFY.NS
2019-11-13,581.4718017578125,588.7470537414857,578.4439803010097,585.8033184727783,9973690,INFY.NS
2019-11-14,593.2047119140625,596.9895144800834,585.6771498769315,585.6771498769315,10539902,INFY.NS
2019-11-15,592.0272216796875,599.6388695607433,590.6814833610102,596.3586869520519,7362623,INFY.NS
2019-11-18,593.12060546875,597.1577178010346,588.1582884066768,592.9523817601822,7490916,INFY.NS
2019-11-19,599.5547485351562,600.5219963741083,592.9523913777961,597.0736412985449,6495885,INFY.NS
2019-11-20,599.680908203125,601.3630425879865,592.952370663679,599.5126844977053,6142171,INFY.NS
2019-11-21,599.8910522460938,606.787812079682,597.5781179402028,601.7834530418228,9692973,INFY.NS
2019-11-22,583.02783203125,598.8398861745424,576.2151564579559,598.6296193605766,14415826,INFY.NS
2019-11-25,587.1489868164062,593.0785515939518,583.0277883720895,583.1539176502212,7334511,INFY.NS
2019-11-26,580.8408203125,594.8446056886605,576.9719328418821,592.9522050342957,27253106,INFY.NS
2019-11-27,585.17236328125,586.7704111097358,580.4203142133755,583.9107627854945,3861635,INFY.NS
2019-11-28,590.302978515625,591.5645792829888,583.742664792267,587.9900437754582,4837683,INFY.NS
2019-11-29,585.677001953125,590.6813610156299,581.6398905026191,589.5038979821717,4262379,INFY.NS
2019-12-02,582.6072998046875,592.111349551867,580.588717851892,591.3543684859007,9383736,INFY.NS
2019-12-03,587.3591918945312,588.4946632864052,579.1167445373522,582.607193554897,5239013,INFY.NS
2019-12-04,596.1904296875,597.578211021063,583.153888841861,586.2238044780871,7427886,INFY.NS
2019-12-05,601.2368774414062,602.1200390839109,591.9430949929077,594.1719436440509,4814422,INFY.NS
2019-12-06,601.447021484375,605.5682705259846,596.8211527511904,602.1619592712076,5226096,INFY.NS
2019-12-09,603.2554321289062,607.5448541936557,600.7322306003085,602.2040981586572,6435865,INFY.NS
2019-12-10,600.9844970703125,604.3067224432308,597.1576519619956,599.6808533083139,4457939,INFY.NS
2019-12-11,606.451416015625,607.839197250365,599.6808361964681,602.7086571917863,6043554,INFY.NS
2019-12-12,590.51318359375,606.157062274868,588.3684727803156,604.3067044091881,11112042,INFY.NS
2019-12-13,598.2510986328125,599.5968369750725,589.0414023790205,589.0414023790205,10302412,INFY.NS
2019-12-16,600.52197265625,605.7365994924675,597.3259276065256,599.0921481687064,5616324,INFY.NS
2019-12-17,613.7266235351562,615.0302671678626,601.3629278974656,605.3159532149119,10525565,INFY.NS
2019-12-18,616.0396118164062,620.1187667450507,607.8812506244552,614.8200542462494,12215295,INFY.NS
2019-12-19,614.69384765625,618.9833205146085,609.4371784680606,616.9226959259063,7199210,INFY.NS
2019-12-20,615.2826538085938,618.1843456981916,612.5071425234122,614.8200771501741,7794167,INFY.NS
2019-12-23,619.0255126953125,620.118889882867,615.3668905930067,615.7874242293486,4975608,INFY.NS
2019-12-24,616.8386840820312,619.8244622737782,612.5492107067897,619.8244622737782,2890759,INFY.NS
2019-12-26,613.0960693359375,617.8060260718191,611.0774871150292,615.6613145462779,3821806,INFY.NS
2019-12-27,619.8244018554688,620.2869784877477,613.0117276299252,613.7687085443172,3399094,INFY.NS
2019-12-30,616.418212890625,620.6655922694837,611.6661623570079,619.1095870439843,5368416,INFY.NS
2019-12-31,614.9462280273438,620.4972503293636,610.1521353112385,613.7266704707096,6927885,INFY.NS
2020-01-01,619.7403564453125,622.3897387047475,616.123777690043,618.1844026324181,2112415,INFY.NS
2020-01-02,617.9319458007812,623.0624340552083,614.7359014127125,621.4644375285022,5658200,INFY.NS
2020-01-03,627.43603515625,629.11816929876,617.2591441279282,617.2591441279282,7882938,INFY.NS
2020-01-06,621.4224853515625,633.9964503630143,619.4459979490006,627.5202226022485,6519403,INFY.NS
2020-01-07,612.2127685546875,624.576413976731,609.8577395841436,620.7075258131158,7899363,INFY.NS
2020-01-08,604.0545043945312,613.1380203550798,595.7279181521372,609.7317082867079,8639443,INFY.NS
2020-01-09,611.9183349609375,615.2405601459508,600.7741963116773,606.9981131477696,13521186,INFY.NS
2020-01-10,620.833740234375,624.8288092157168,614.3995559726637,622.7681844215654,9341405,INFY.NS
2020-01-13,650.607421875,653.9296470691644,635.0056379899925,639.2109733409196,36952038,INFY.NS
2020-01-14,652.373779296875,653.4671563649406,645.2667513524486,647.5796860995617,11414418,INFY.NS
2020-01-15,645.56103515625,650.8597475603698,641.0193036675736,650.8597475603698,6047430,INFY.NS
2020-01-16,645.0985717773438,649.7244415880026,639.4213679188077,648.2105308259938,5740586,INFY.NS
2020-01-17,645.8133544921875,650.0607844299849,641.1033992493434,648.2104265364883,3762957,INFY.NS
2020-01-20,646.3181762695312,651.3225369661824,641.6923061244154,648.9675074609296,3887680,INFY.NS
2020-01-21,641.3136596679688,648.0421964251409,639.8417922523373,646.3180191480478,4448374,INFY.NS
2020-01-22,647.7899780273438,654.3502920249273,644.2574854641315,646.3181104038944,9733935,INFY.NS
2020-01-23,659.6909790039062,660.6582267315861,653.2568462980249,653.5932423472493,12528017,INFY.NS
2020-01-24,658.3453369140625,661.4993388475377,650.6495516625163,652.4578666382421,7540490,INFY.NS
2020-01-27,654.4342651367188,660.0694247597655,651.3223580525623,655.2332891183237,3741610,INFY.NS
2020-01-28,654.3501586914062,657.5462031841498,649.3037564392874,656.8733598174657,5121009,INFY.NS
2020-01-29,664.1907348632812,666.7980224796606,659.6069086547881,661.5833959122372,6832757,INFY.NS
2020-01-30,656.62109375,664.1906976328585,654.3502023182101,664.1906976328585,3859680,INFY.NS
2020-01-31,652.6260375976562,660.195641626236,648.9673648497117,656.4949257895097,6092028,INFY.NS
2020-02-03,645.43505859375,665.2421829975349,642.9959429199619,657.7146204884372,6416745,INFY.NS
2020-02-04,662.6348266601562,664.3590556275548,647.7058826508983,647.7058826508983,5771311,INFY.NS
2020-02-05,659.859130859375,661.0786883248703,651.3223312702238,656.8733531574093,6310409,INFY.NS
2020-02-06,648.7571411132812,661.7516391580695,647.6217209675293,659.6910143244213,7341622,INFY.NS
2020-02-07,653.7615356445312,655.0651795602332,648.4628224594617,652.6261154386838,2853344,INFY.NS
2020-02-10,650.3131103515625,654.3502222786368,647.4114185076872,650.985953783631,3827682,INFY.NS
2020-02-11,650.607421875,655.275333847597,646.9488006535574,655.1912476744426,4312817,INFY.NS
2020-02-12,656.91552734375,658.7658854536431,651.9111672288124,652.4999245366876,2948825,INFY.NS
2020-02-13,666.3353881835938,667.8072555604587,657.8826743719583,660.2376519080102,4387430,INFY.NS
2020-02-14,661.457275390625,672.1808816342858,659.9012703505496,668.2278557324347,5321680,INFY.NS
2020-02-17,663.9804077148438,667.3446759899614,658.8078247079864,664.6952941894423,2929629,INFY.NS
2020-02-18,670.877197265625,672.0546604125798,659.102257788104,660.2376778467144,5083346,INFY.NS
2020-02-19,673.2322387695312,676.9329035842115,669.6156601395177,672.8537482691964,3985192,INFY.NS
2020-02-20,670.3305053710938,677.9841957517539,667.6811233668155,675.587174955246,4564569,INFY.NS
2020-02-24,669.36328125,682.6100890694331,666.2513738141197,672.9378166933391,6627536,INFY.NS
2020-02-25,671.508056640625,677.9001466709008,668.9848551021477,672.0126764144537,6996695,INFY.NS
2020-02-26,658.3453369140625,674.073303489259,656.4529357539774,667.7652996223086,8760569,INFY.NS
2020-02-27,654.22412109375,656.6632365825835,649.4721220684978,654.3503017114954,5223386,INFY.NS
2020-02-28,615.408935546875,636.5197036210783,607.2926158071136,630.8004564165032,14123957,INFY.NS
2020-03-02,623.2728271484375,644.1733774955193,617.1330469651554,619.8665153162788,9821523,INFY.NS
2020-03-03,628.2772216796875,638.3700284536584,623.4410851004932,635.0057595290015,7826587,INFY.NS
2020-03-04,638.15966796875,640.4726025149299,627.0575718801535,634.0805130302612,11013444,INFY.NS
2020-03-05,634.6692504882812,650.6074832384764,632.2722296460365,642.3650354401867,7755293,INFY.NS
2020-03-06,621.5065307617188,625.7539092606012,613.221989199878,623.2307080135826,9216022,INFY.NS
2020-03-09,592.4896850585938,610.4884888671276,586.2237253599098,609.353068899935,10308654,INFY.NS
2020-03-11,576.9721069335938,585.3407359526984,562.7160074355749,580.8830899998828,16165009,INFY.NS
2020-03-12,530.8815307617188,563.5149219447201,527.7695724183759,561.8327878493627,13965574,INFY.NS
2020-03-13,540.259521484375,560.9918494997559,479.4083271587119,497.91180645255696,16903113,INFY.NS
2020-03-16,490.46832275390625,523.2699411824093,487.8189407315845,523.1437605776648,19140152,INFY.NS
2020-03-17,466.75030517578125,497.91183815845955,462.5870118026229,494.63165517726236,16059887,INFY.NS
2020-03-18,449.3822326660156,486.1368826787295,444.0835191252061,477.7262099680248,15390183,INFY.NS
2020-03-19,458.8442687988281,469.3155672600053,428.3135351741177,428.3135351741177,16583991,INFY.NS
2020-03-20,492.1923522949219,519.3167593872028,460.90465384712866,462.16625417700214,21354894,INFY.NS
2020-03-23,442.77978515625,471.7966001124309,433.90653751629225,454.1762340967452,17146150,INFY.NS
2020-03-24,496.06134033203125,505.60748223709646,439.0370040906388,439.0370040906388,20027097,INFY.NS
2020-03-25,509.8548278808594,534.0775473191098,475.7916142329476,502.1170011803285,18339548,INFY.NS
2020-03-26,540.80615234375,547.4085086308779,514.8171580813906,517.2562732370237,14843813,INFY.NS
2020-03-27,548.964599609375,567.6363026653427,540.1754366557111,559.3517595234601,13495283,INFY.NS
2020-03-30,527.0968017578125,558.0480631150446,522.3867948402923,525.7510634950928,14624804,INFY.NS
2020-03-31,539.5445556640625,556.7864315660318,532.984242417075,546.6936261600009,15175521,INFY.NS
2020-04-01,506.99517822265625,536.1802134407963,499.5937988766008,533.5308318522852,13083824,INFY.NS
2020-04-03,492.6130676269531,509.6867214617925,489.62728934406925,507.5840534689633,10221655,INFY.NS
2020-04-07,537.4417724609375,541.8573738778701,515.4899459506191,517.2561659835314,15145605,INFY.NS
2020-04-08,531.2178955078125,551.4455978814304,526.8022937674407,529.8722088446091,11806896,INFY.NS
2020-04-09,535.1289672851562,549.0486181711811,531.6385181238118,544.002215336272,11931114,INFY.NS
2020-04-13,536.09619140625,548.1234406992095,526.5500489967274,529.0312072148263,8330276,INFY.NS
2020-04-15,537.4840087890625,549.4692169442114,534.582316547724,547.8712199909938,11963447,INFY.NS
2020-04-16,524.6997680664062,533.9936019754227,507.5840705622592,521.4196366879324,17783287,INFY.NS
2020-04-17,528.8209838867188,543.3293925897739,526.5080491659418,541.6472582473906,8878320,INFY.NS
2020-04-20,549.4691162109375,555.9453430305707,537.4418671657106,538.282934250477,13322913,INFY.NS
2020-04-21,532.5637817382812,543.749965660496,528.0219981501725,528.0219981501725,11660575,INFY.NS
2020-04-22,539.8388671875,542.488248937103,528.2321521283357,532.5636679831699,8266728,INFY.NS
2020-04-23,571.3367919921875,574.9954641735591,536.6848219827632,544.212381756862,14451289,INFY.NS
2020-04-24,553.4221801757812,567.7203216088942,550.7307550508507,562.2954282688096,7319940,INFY.NS
2020-04-27,558.9732055664062,572.7667273161079,555.9874274603991,555.9874274603991,7183306,INFY.NS
2020-04-28,555.693115234375,569.402500473676,549.258930551876,566.0382316377902,7296571,INFY.NS
2020-04-29,569.0241088867188,573.6079362394386,553.4223197148835,560.1508585564019,8639056,INFY.NS
2020-04-30,601.7835693359375,605.5683716588051,587.1489798203163,588.7470280016161,16253821,INFY.NS
2020-05-04,566.626953125,589.7562999093207,563.8093473522927,580.168113799409,9122740,INFY.NS
2020-05-05,566.626953125,576.6356214781432,563.5149943816311,573.3975334622045,6393053,INFY.NS
2020-05-06,560.066650390625,573.1452346488045,558.5106453215642,569.3183892829877,7934250,INFY.NS
2020-05-07,559.267578125,567.1735780601467,557.1649103760788,559.7721978508764,4779548,INFY.NS
2020-05-08,567.0475463867188,572.6827071905893,562.253452827167,565.4074549933629,8400321,INFY.NS
2020-05-11,574.3646850585938,587.5273530421197,570.2434361513658,574.028237718742,7370186,INFY.NS
2020-05-12,578.35986328125,581.1774177829448,568.1408765736312,570.6640780980144,7356039,INFY.NS
2020-05-13,583.8268432617188,588.6629798758297,575.0797234605891,584.3735061651205,8287101,INFY.NS
2020-05-14,553.54833984375,564.9868320237259,548.8803763082393,554.2632263545,16888262,INFY.NS
2020-05-15,548.6280517578125,559.1413903678222,543.9180965943926,559.1413903678222,9255353,INFY.NS
2020-05-18,558.384521484375,563.9775874320625,549.21686868607,554.9781583367356,10435442,INFY.NS
2020-05-19,562.33740234375,567.552028258066,550.8989111349637,558.4685144940701,5902208,INFY.NS
2020-05-20,563.1365356445312,566.0382277625507,554.8100011335205,562.2534253480909,5794636,INFY.NS
2020-05-21,565.3652954101562,571.46303167509,559.6460495941161,560.5712028383799,7213225,INFY.NS
2020-05-22,582.3128662109375,585.2566014656595,566.4587697300877,567.72037055354,11867731,INFY.NS
2020-05-26,572.38818359375,588.2843717331784,571.0845399036119,582.8594788706966,7099606,INFY.NS
2020-05-27,593.3308715820312,596.4848736090092,567.7203648560363,577.0141472285978,8774636,INFY.NS
2020-05-28,594.9708862304688,597.1576401535042,580.3362981773491,594.634438857081,9440091,INFY.NS
2020-05-29,589.0885009765625,597.4431465895127,575.4056308612918,590.3672748571195,28290128,INFY.NS
2020-06-01,596.3775634765625,602.4304583583724,589.5148200132496,595.6955610762953,12276438,INFY.NS
2020-06-02,603.66650390625,606.6929770578658,594.6724713306025,597.1874037086551,7059304,INFY.NS
2020-06-03,598.08251953125,606.9060903206365,593.3510666906208,605.8830608334472,11378568,INFY.NS
2020-06-04,603.3682250976562,604.8175127670321,594.6299357196965,598.4662578856301,10782424,INFY.NS
2020-06-05,599.7876586914062,606.7356853368517,597.2727259283245,602.7288494809951,7718679,INFY.NS
2020-06-08,614.5361938476562,618.7561588393119,600.1713187506001,603.2830232478441,10719105,INFY.NS
2020-06-09,611.765380859375,621.995571522799,609.5914757500856,613.811439805436,10078029,INFY.NS
2020-06-10,610.2734985351562,613.3425870572468,604.6042989056473,609.5488808188883,7263049,INFY.NS
2020-06-11,600.128662109375,608.1849488973281,596.9743424317145,606.9914056570949,8825715,INFY.NS
2020-06-12,589.9837036132812,592.6265345060069,575.8745738320791,576.1303182324207,9795316,INFY.NS
2020-06-15,586.1473999023438,600.5123265681375,584.1866233935939,590.7936227825764,7857344,INFY.NS
2020-06-16,597.7843017578125,606.9914652624055,596.0366541535651,598.4663042334391,10131760,INFY.NS
2020-06-17,599.8729858398438,605.5421867912,595.0562489710375,596.6760504048275,7291916,INFY.NS
2020-06-18,608.6112060546875,610.9129576764952,601.8763086992066,603.7518543454688,6670195,INFY.NS
2020-06-19,601.4925537109375,606.9060606338522,597.6136169604639,604.4337438301982,22438862,INFY.NS
2020-06-22,599.91552734375,604.1781073987241,596.7612076963795,602.8140505610636,7804096,INFY.NS
2020-06-23,614.3656616210938,617.6478273297574,590.0262887724396,593.0953775196116,12157390,INFY.NS
2020-06-24,608.8242797851562,619.6085752135434,604.7748290673575,611.1686986217766,10220838,INFY.NS
2020-06-25,597.1875,601.5353110924012,591.2198875802998,600.8959240474334,14945284,INFY.NS
2020-06-26,637.8524780273438,640.7510011910102,605.2863566034009,605.4568702091336,26030458,INFY.NS
2020-06-29,623.8284912109375,634.8685821932067,622.4218192045339,626.9401949664656,8954428,INFY.NS
2020-06-30,627.4091186523438,629.9666664813226,617.4346717126376,624.7236726185384,10411290,INFY.NS
2020-07-01,623.9564208984375,632.8225552213215,622.1234908622394,628.5173602441739,5477468,INFY.NS
2020-07-02,645.013427734375,652.5582237173852,626.9401345617408,628.6024987302194,17263756,INFY.NS
2020-07-03,650.2139282226562,651.3221885556562,641.5182550891772,643.6495449731943,7796572,INFY.NS
2020-07-06,651.3222045898438,660.6998803103781,649.1909146533586,652.3452341660457,8810958,INFY.NS
2020-07-07,677.0255737304688,679.4126080233551,652.6435859361666,655.9258036181499,19362533,INFY.NS
2020-07-08,660.4441528320312,669.1398264021884,658.3128628409852,669.1398264021884,8476642,INFY.NS
2020-07-09,666.411865234375,673.4877386642835,660.699996790911,664.9625774153685,6854166,INFY.NS
2020-07-10,666.5396118164062,673.4024072228784,659.4211240508266,659.4211240508266,5206452,INFY.NS
2020-07-13,679.4978637695312,686.573736125106,670.1201878195426,671.7826044173664,10804688,INFY.NS
2020-07-14,667.7332153320312,687.468983269493,666.1134139771492,676.0026316611227,8961822,INFY.NS
2020-07-15,708.3982543945312,723.3172859485203,677.5797769710528,681.1603549507006,30060599,INFY.NS
2020-07-16,776.6421508789062,814.5791165365476,762.3625065021536,767.3497047696087,90432109,INFY.NS
2020-07-17,769.9498291015625,784.2294717842034,760.5721533099775,776.6420587394516,31682878,INFY.NS
2020-07-20,796.505615234375,805.6275460032164,773.0188119983243,774.5107148612932,18421053,INFY.NS
2020-07-21,798.5943603515625,809.6344529216389,792.1578749795978,805.6276173282375,12877784,INFY.NS
2020-07-22,782.5243530273438,800.512417419017,775.7894567106554,800.4698020313803,14354201,INFY.NS
2020-07-23,774.0419311523438,780.7341610993074,767.8185746099248,780.6063149163126,13051307,INFY.NS
2020-07-24,786.7444458007812,789.2167632530321,770.0351513997313,770.0351513997313,18209580,INFY.NS
2020-07-27,808.56884765625,812.2772716127954,783.1638800988545,785.6361453920682,16827870,INFY.NS
2020-07-28,820.844970703125,824.851806119034,802.3880314019972,806.4800976004691,15818463,INFY.NS
2020-07-29,813.4281005859375,818.4152979947155,804.4340158405952,812.6608154306901,11152710,INFY.NS
2020-07-30,819.651611328125,829.1998020149342,817.3498074610486,820.1204847744759,12492320,INFY.NS
2020-07-31,823.5303955078125,840.9643568338954,812.7034326964146,826.3010723042933,12704346,INFY.NS
2020-08-03,815.7725830078125,823.0189690237522,807.7162963834019,818.4153618002468,8479792,INFY.NS
2020-08-04,809.7622680664062,827.5372571462865,801.8338800032506,818.7989685101674,11133170,INFY.NS
2020-08-05,805.371826171875,819.2252103215355,799.9157032934003,811.5951821831875,9614176,INFY.NS
2020-08-06,827.6651000976562,830.6915733865991,803.4962934115978,812.8739689845713,10976491,INFY.NS
2020-08-07,810.6574096679688,826.471569587553,809.0376086055396,826.471569587553,8010948,INFY.NS
2020-08-10,811.0410766601562,815.68729927185,805.8833652612906,808.9524540846645,5716319,INFY.NS
2020-08-11,808.56884765625,820.1204295788674,806.5654037443816,809.8050063195817,6802442,INFY.NS
2020-08-12,814.110107421875,817.3922729779498,803.2405291853771,808.1851112313698,6908726,INFY.NS
2020-08-13,810.9131469726562,825.661661863057,808.3982146222446,813.982183446535,5097703,INFY.NS
2020-08-14,812.959228515625,820.9728996474734,811.6378391357582,814.8773894961097,4663873,INFY.NS
2020-08-17,816.2840576171875,829.0291820305367,813.3854824477792,813.3854824477792,9008210,INFY.NS
2020-08-18,824.8516845703125,826.2583565094297,817.3069402547054,821.7400329970658,6141761,INFY.NS
2020-08-19,817.818603515625,828.2619247087329,816.241469699841,827.7078205185552,6622744,INFY.NS
2020-08-20,814.280517578125,823.1040356241075,810.9983004055482,817.4774519474573,5656501,INFY.NS
2020-08-21,808.8671264648438,821.3565059999416,806.9489655690165,821.0154788050834,6513773,INFY.NS
2020-08-24,807.6736450195312,811.5951976401286,800.6830037087991,807.3326178205901,5798574,INFY.NS
2020-08-25,799.7452392578125,808.7393246898694,795.9089172555522,807.7589104759129,6233918,INFY.NS
2020-08-26,810.5721435546875,813.5133339478789,800.0009771421063,802.4306267523615,5153601,INFY.NS
2020-08-27,807.375244140625,819.22523701272,805.7981103994258,818.415336429356,6154280,INFY.NS
2020-08-28,797.3156127929688,812.0215142318126,795.4400671303105,811.1263828117901,7593610,INFY.NS
2020-08-31,791.6463623046875,810.3164841198824,779.7111379199654,797.3156147008101,12808355,INFY.NS
2020-09-01,779.32763671875,797.1025771170148,777.5799370352054,789.643061021,6907773,INFY.NS
2020-09-02,787.7247924804688,789.7708517158751,778.7733743840998,780.0521483978669,5678118,INFY.NS
2020-09-03,797.5712280273438,809.378604287557,787.7246799348462,789.8559696532847,8827948,INFY.NS
2020-09-04,783.590087890625,792.4136075159664,779.5832523571739,780.0521257419142,8650342,INFY.NS
2020-09-07,788.619873046875,790.7511629324314,778.3896815962045,783.3769311484731,6700385,INFY.NS
2020-09-08,800.7681884765625,811.59515100272,789.0460946464286,792.7971854854484,12891964,INFY.NS
2020-09-09,790.9217529296875,806.4801705971267,789.4298498656864,797.1024941948345,5528947,INFY.NS
2020-09-10,801.4076538085938,803.070070411996,788.4067848343019,797.3582028166012,5171884,INFY.NS
2020-09-11,806.2244873046875,813.428258766457,793.6924902104632,797.0173238184964,6671903,INFY.NS
2020-09-14,834.1015014648438,844.8857953983398,808.4407439900709,815.8576420517743,21871587,INFY.NS
2020-09-15,837.5542602539062,847.4008085379761,828.3470988978077,835.0393279305308,11608203,INFY.NS
2020-09-16,854.0078735351562,857.3327066338223,837.1706831160703,840.5807469984169,10059251,INFY.NS
2020-09-17,861.8936157226562,870.4187751264412,848.2533606766004,848.2533606766004,15628241,INFY.NS
2020-09-18,854.3488159179688,868.5431741989687,851.7486008390696,861.8935606952483,12897633,INFY.NS
2020-09-21,860.955810546875,878.943874854181,852.9421404380291,853.3683983792776,14140637,INFY.NS
2020-09-22,858.9098510742188,871.6975907924453,845.0138509871017,860.1886250460414,12625762,INFY.NS
2020-09-23,869.3531494140625,884.0590497105984,859.4213176757776,869.6941766111281,13486204,INFY.NS
2020-09-24,831.5441284179688,860.1886452460848,826.9405211979209,855.073549238675,14427432,INFY.NS
2020-09-25,862.2772216796875,865.2184119557631,831.2030065659935,831.8850088826415,13311078,INFY.NS
2020-09-28,861.3822021484375,866.2841692334301,851.2372407591603,865.1332413934064,8554526,INFY.NS
2020-09-29,860.1885375976562,876.3863395940442,856.0111889010009,867.8611806485768,8708463,INFY.NS
2020-09-30,859.5492553710938,872.9337669524186,856.7785783763444,860.188642369882,8048817,INFY.NS
2020-10-01,867.5628662109375,875.1076114583554,862.5330013570299,870.0777466044478,5563358,INFY.NS
2020-10-05,894.0335083007812,899.3191700634624,867.9039235150535,867.9039235150535,14212509,INFY.NS
2020-10-06,900.0436401367188,903.6668326260212,879.2422318553475,899.4042532268419,9090819,INFY.NS
2020-10-07,909.2509155273438,913.8970857638473,882.7802540190894,890.7939246516647,9284008,INFY.NS
2020-10-08,932.3968505859375,958.2281309747433,927.8785775330534,929.2425825288881,21482613,INFY.NS
2020-10-09,943.5648193359375,949.1061737406264,927.921066339948,933.5903189673562,10567867,INFY.NS
2020-10-12,965.1332397460938,971.8681362404349,948.082921566437,957.3753657877267,14633537,INFY.NS
2020-10-13,987.04296875,994.0762250539962,968.0744896271012,968.0744896271012,17523825,INFY.NS
2020-10-14,969.3106689453125,993.095885592969,964.280803851567,990.6235684383932,16649573,INFY.NS
2020-10-15,944.8009033203125,1011.0840255699442,931.3737756620269,1005.9689293191688,44288251,INFY.NS
2020-10-16,961.2118530273438,968.415572072939,935.1248825301815,949.5749880509273,18365685,INFY.NS
2020-10-19,959.8477783203125,971.015717026732,950.8111295985873,967.6056530512211,12902123,INFY.NS
2020-10-20,969.7369384765625,975.8750119768656,946.2927487551511,953.8801618783683,10448776,INFY.NS
2020-10-21,978.9866943359375,984.1017901611614,967.6056269381925,972.8486209724251,19811433,INFY.NS
2020-10-22,962.533203125,987.2134989725573,958.0574942566011,973.5732433736274,11271335,INFY.NS
2020-10-23,967.2291870117188,978.0001133704238,965.2042738932478,976.2767651530311,9069862,INFY.NS
2020-10-26,958.5693969726562,973.3471301581686,950.555890230411,967.0138459886165,6309368,INFY.NS
2020-10-27,939.957275390625,956.1998129434361,928.1523809828644,952.7531161604592,10172479,INFY.NS
2020-10-28,927.6355590820312,951.9347335606204,922.0346758341074,943.9642458616516,7608392,INFY.NS
2020-10-29,926.1705322265625,932.3315240555805,913.4608372359711,921.9914332157773,6935616,INFY.NS
2020-10-30,913.8915405273438,933.7100450681501,906.7827291159676,923.7146464236655,8800386,INFY.NS
2020-11-02,923.973388671875,930.56511288124,905.705830505592,917.6831242439621,7183119,INFY.NS
2020-11-03,915.572021484375,930.0912116403529,911.2205244238265,923.714801118054,7204782,INFY.NS
2020-11-04,942.6285400390625,961.6285000576904,919.2341673979039,920.2681344638112,15702690,INFY.NS
2020-11-05,951.288330078125,967.6601401066434,946.9799590179886,956.3722289660541,9568890,INFY.NS
2020-11-06,958.828125,966.0230847257787,940.6898380091849,954.7351718714896,8807127,INFY.NS
2020-11-09,979.3358154296875,987.4785942243576,966.0660122364769,973.0886777262612,10160320,INFY.NS
2020-11-10,940.1296997070312,959.7758088100804,928.8848090632657,959.7758088100804,15622869,INFY.NS
2020-11-11,967.2291870117188,970.5466112932344,936.6397561529963,944.3948231312639,12514800,INFY.NS
2020-11-12,963.1362915039062,984.0318898657669,959.6895948668982,972.0545980151975,9180976,INFY.NS
2020-11-13,968.6941528320312,976.2769283298909,962.4901402863973,965.0751630445524,6363212,INFY.NS
2020-11-14,976.6646728515625,982.0071165108313,974.6397593258476,979.7236586265789,1136144,INFY.NS
2020-11-17,968.26318359375,986.6168847463703,958.7417475112447,986.4014662125829,12813968,INFY.NS
2020-11-18,956.932373046875,976.018373389613,949.0910532843459,972.3993836414027,9839468,INFY.NS
2020-11-19,945.0413208007812,960.5083329400821,942.4994236029089,947.8417623714241,10092343,INFY.NS
2020-11-20,950.728271484375,955.5967520788241,940.1727618243518,953.011729304941,8063554,INFY.NS
2020-11-23,982.17919921875,986.4445491132277,949.5217298792085,952.1498779511036,10546363,INFY.NS
2020-11-24,982.3516235351562,995.1474631926329,976.5783438146449,986.6168683593721,8515426,INFY.NS
2020-11-25,961.3268432617188,985.3244487195828,957.5354557408277,979.7235664137872,8958701,INFY.NS
2020-11-26,959.2156372070312,965.0319378135229,946.3767763124209,965.0319378135229,10962256,INFY.NS
2020-11-27,947.841552734375,965.9367096502131,940.08648548473,963.3516872336647,25306145,INFY.NS
2020-12-01,980.4558715820312,982.5239104968241,952.1930236959578,952.1930236959578,8933802,INFY.NS
2020-12-02,983.083984375,988.727886519486,965.9366490506944,977.1384121529771,6741637,INFY.NS
2020-12-03,970.6329345703125,988.3403828052343,967.4016560737828,988.3403828052343,16212632,INFY.NS
2020-12-04,977.6986694335938,979.723582802594,960.7667500658683,969.3834922189254,10564055,INFY.NS
2020-12-07,985.3245849609375,993.5104910012775,978.8620275606689,988.5989894510149,7792141,INFY.NS
2020-12-08,993.8118896484375,1005.573763185388,986.616931317283,986.616931317283,12308330,INFY.NS
2020-12-09,1012.6395874023438,1016.3448289374377,996.9571573383768,1006.478700353189,10039346,INFY.NS
2020-12-10,1006.219970703125,1009.5805208651112,990.9252548136105,997.3016644467687,9488782,INFY.NS
2020-12-11,1002.2993774414062,1009.8390266167494,995.4491096931723,999.283517771269,10574009,INFY.NS
2020-12-14,1003.4627685546875,1010.3991830086525,989.3743107191569,1007.6418675412746,6728187,INFY.NS
2020-12-15,994.8887939453125,1002.7300064232797,992.6484625494385,996.0951585999574,6905926,INFY.NS
2020-12-16,1004.4534912109375,1007.2109115376816,994.0272552754861,999.5419907441441,7788404,INFY.NS
2020-12-17,998.8524169921875,1007.2107175538509,996.2673951001944,1004.6256956618579,6658153,INFY.NS
2020-12-18,1025.2198486328125,1029.7005117144608,1012.9840137509185,1019.2311507466757,15995676,INFY.NS
2020-12-21,1014.448974609375,1042.4102574830144,992.6917032711265,1023.6688455381866,10858352,INFY.NS
2020-12-22,1051.67333984375,1054.559927318439,1013.4149851000539,1018.4988838142667,10901851,INFY.NS
2020-12-23,1079.720947265625,1084.7185947409778,1060.3332768878963,1066.7527078945845,15878346,INFY.NS
2020-12-24,1065.072509765625,1077.0066772141781,1056.4126413899178,1077.0066772141781,7313885,INFY.NS
2020-12-28,1068.7344970703125,1075.3693459932929,1065.0292561279728,1067.1403157348757,4607051,INFY.NS
2020-12-29,1077.3514404296875,1080.9273046967264,1064.1677813079634,1064.1677813079634,6878105,INFY.NS
2020-12-30,1074.33544921875,1079.9363315947858,1066.881946250596,1079.6777872573402,5194690,INFY.NS
2020-12-31,1082.090576171875,1084.3309082075723,1067.614406551476,1071.0611035863476,7430470,INFY.NS
2021-01-01,1086.09716796875,1090.448664611065,1082.0904672170202,1083.899961941162,4253550,INFY.NS
2021-01-04,1110.0517578125,1111.5596876212885,1086.7004086676557,1093.4645299158258,7208454,INFY.NS
2021-01-05,1114.833984375,1119.3146475877952,1098.6775951199797,1104.666187996577,8145280,INFY.NS
2021-01-06,1104.75244140625,1121.8997785672482,1092.6459823290795,1120.1764302130741,7161715,INFY.NS
2021-01-07,1087.56201171875,1118.1514429822316,1081.8318577831321,1116.729659647104,10954918,INFY.NS
2021-01-08,1130.602783203125,1134.6527153635936,1101.4351303405995,1101.4351303405995,13186251,INFY.NS
2021-01-11,1185.8360595703125,1191.997051488517,1154.6434938259667,1156.452988712158,20528626,INFY.NS
2021-01-12,1182.00146484375,1187.386928051531,1171.876794013122,1187.386928051531,8309868,INFY.NS
2021-01-13,1195.2716064453125,1200.1400876037974,1171.8771265943435,1183.8112954127628,14442997,INFY.NS
2021-01-14,1180.924560546875,1192.5571629309559,1136.0743737254254,1171.8769809148123,27521697,INFY.NS
2021-01-15,1158.90869140625,1175.7113385699836,1154.6434461232384,1171.8769303937345,15018441,INFY.NS
2021-01-18,1130.5596923828125,1154.6434445439536,1125.3465213241816,1152.920096119261,8861765,INFY.NS
2021-01-19,1134.5235595703125,1146.8885655169383,1130.5167527860428,1137.410147620104,5585744,INFY.NS
2021-01-20,1154.1695556640625,1161.8816034699987,1137.8839961542835,1137.8839961542835,8225838,INFY.NS
2021-01-21,1154.3848876953125,1172.7817160773957,1150.3350610151126,1163.2601740602263,6142421,INFY.NS
2021-01-22,1155.375732421875,1168.4301164859517,1143.053855513784,1143.441566797093,9646591,INFY.NS
2021-01-25,1141.8043212890625,1161.4505327125012,1131.3780857852798,1158.9516568021336,6542611,INFY.NS
2021-01-27,1121.0380859375,1143.9155770365226,1107.3374457103669,1137.0652043305388,8133665,INFY.NS
2021-01-28,1099.66845703125,1117.117357757531,1096.523430677832,1113.1106572941733,4660690,INFY.NS
2021-01-29,1067.6572265625,1112.5504215473718,1060.7207086924936,1108.328197851925,12183519,INFY.NS
2021-02-01,1086.485107421875,1101.1765906055678,1069.3377684222917,1077.5667997697462,8880279,INFY.NS
2021-02-02,1095.4031982421875,1115.3509746689713,1088.8113703485435,1102.9428466076697,6892490,INFY.NS
2021-02-03,1106.9498291015625,1123.6232045430509,1096.911303208055,1100.918109445273,8182968,INFY.NS
2021-02-04,1102.3829345703125,1114.489499899249,1096.0927756341387,1107.2514151368716,5032240,INFY.NS
2021-02-05,1096.1356201171875,1110.4825151618702,1087.4327325969195,1108.4576020295785,5477481,INFY.NS
2021-02-08,1123.2353515625,1128.7931076138423,1099.0653501995846,1107.6820914790796,6921922,INFY.NS
2021-02-09,1124.958740234375,1147.7499796635198,1118.3237860998943,1126.1219793119321,7965949,INFY.NS
2021-02-10,1117.1605224609375,1123.924643422674,1106.0449050184593,1116.5573926368966,5951207,INFY.NS
2021-02-11,1113.8431396484375,1116.7297270881256,1105.5710886329,1110.6980078831743,4673317,INFY.NS
2021-02-12,1128.620849609375,1140.6411619904115,1121.5120378349307,1124.4847715939468,5797875,INFY.NS
2021-02-15,1128.491943359375,1144.6483389945026,1126.2946314790506,1137.410252712992,4363513,INFY.NS
2021-02-16,1111.904296875,1137.1944110642016,1108.1129097393925,1132.2397849125675,6896421,INFY.NS
2021-02-17,1104.06298828125,1115.4370435224996,1098.6343997614424,1111.9042009994464,4575741,INFY.NS
2021-02-18,1113.6710205078125,1125.3467505371773,1098.6348445137069,1099.4965189015606,6437551,INFY.NS
2021-02-19,1112.679931640625,1119.7456179756161,1100.1856557955718,1116.8159046715325,5389696,INFY.NS
2021-02-22,1090.1900634765625,1127.5437210322782,1085.7094000898064,1115.8679945367455,7371303,INFY.NS
2021-02-23,1091.18115234375,1112.42144338809,1083.5984821457366,1095.3172307680072,6612942,INFY.NS
2021-02-24,1098.031494140625,1100.013281724026,1078.8161170740752,1085.7526365780805,4537258,INFY.NS
2021-02-25,1098.2469482421875,1119.9610970869585,1096.049636849095,1110.2241360693142,8788221,INFY.NS
2021-02-26,1079.936279296875,1098.0314368662373,1072.5689230697005,1093.4645216914641,15132388,INFY.NS
2021-03-01,1091.7410888671875,1106.8203856747455,1084.8476960408755,1088.552936758949,5756286,INFY.NS
2021-03-02,1124.053955078125,1128.793163014445,1102.2535564971179,1104.8817047902842,10461434,INFY.NS
2021-03-03,1157.702392578125,1160.6751264405077,1127.0698332473528,1136.7205420391444,9056399,INFY.NS
2021-03-04,1146.328125,1175.194207528837,1142.4937173051749,1150.3349306267892,12041941,INFY.NS
2021-03-05,1134.5662841796875,1154.643333469925,1124.527864719399,1144.7340809811906,6486176,INFY.NS
2021-03-08,1150.9813232421875,1159.8996302572925,1134.9972246111543,1141.5460327392925,5119392,INFY.NS
2021-03-09,1159.42578125,1163.6479007526516,1136.33287023034,1145.5958680350614,6518173,INFY.NS
2021-03-10,1178.8995361328125,1183.9403089878242,1167.568499766013,1169.2057017251611,7925984,INFY.NS
2021-03-12,1184.672607421875,1199.1917948727676,1180.536634880443,1183.0785313845056,9462061,INFY.NS
2021-03-15,1183.5955810546875,1189.0241702261578,1170.5843225404135,1180.4935751787755,6658635,INFY.NS
2021-03-16,1192.5572509765625,1211.51408589093,1189.5413908765495,1194.3237253947968,9352771,INFY.NS
2021-03-17,1195.14208984375,1206.3438542042177,1190.8337189358776,1199.6658792970159,7626744,INFY.NS
2021-03-18,1152.1446533203125,1200.9585220891945,1131.809161445135,1200.9585220891945,10961755,INFY.NS
2021-03-19,1158.4779052734375,1167.7409034764084,1135.6866633968098,1146.0267544140797,12767112,INFY.NS
2021-03-22,1181.1829833984375,1185.663646967112,1151.2828268647472,1163.346265133308,4862758,INFY.NS
2021-03-23,1181.8292236328125,1191.9107691234879,1171.5321544195988,1182.6046462206853,7165335,INFY.NS
2021-03-24,1166.491455078125,1180.8813722284217,1160.028898540296,1170.0242982818368,6134303,INFY.NS
2021-03-25,1149.3011474609375,1165.4144137321318,1143.958704043089,1160.4597868345645,8749994,INFY.NS
2021-03-26,1151.3690185546875,1169.0333395716661,1147.750029005632,1158.6932492202639,4922071,INFY.NS
2021-03-30,1193.6773681640625,1206.3439374331733,1151.326058180779,1160.5890562717839,10546381,INFY.NS
2021-03-31,1178.8134765625,1196.0038354373928,1174.7205239556358,1190.8337900392485,8220987,INFY.NS
2021-04-01,1193.5911865234375,1199.105923026061,1181.3554536579588,1189.110522281534,5675155,INFY.NS
2021-04-05,1214.87451171875,1227.885771488431,1195.142150915406,1198.5888478178297,9479572,INFY.NS
2021-04-06,1215.865478515625,1228.7474663306377,1211.9016928634576,1226.162443610447,5793571,INFY.NS
2021-04-07,1232.3663330078125,1236.4592852394153,1212.0308440098686,1215.1759757090142,5879234,INFY.NS
2021-04-08,1240.681640625,1250.8924593912707,1224.4391021437357,1232.1941703487278,5654434,INFY.NS
2021-04-09,1241.7156982421875,1253.7360117447722,1232.23728165855,1253.7360117447722,6052712,INFY.NS
2021-04-12,1228.5322265625,1273.1670007675589,1219.2692271337453,1270.1080146962124,20384532,INFY.NS
2021-04-13,1203.8880615234375,1236.7178256509376,1184.8019580352127,1234.7790588105163,14855206,INFY.NS
2021-04-15,1172.5230712890625,1177.3915511559262,1137.4098505247566,1148.0084843876693,25342491,INFY.NS
2021-04-16,1166.491455078125,1181.226062947407,1160.3304634750934,1176.1852898848683,10879878,INFY.NS
2021-04-19,1174.07421875,1188.851847075062,1148.0515948995885,1154.6434235411007,12508028,INFY.NS
2021-04-20,1164.4234619140625,1188.2487756609848,1156.7115195484307,1188.2487756609848,8560766,INFY.NS
2021-04-22,1164.207763671875,1176.0127610219126,1159.080845255078,1168.0422762254086,6622446,INFY.NS
2021-04-23,1149.3011474609375,1161.8815703725743,1146.8884175064454,1157.2285084231075,7316262,INFY.NS
2021-04-26,1157.702392578125,1164.380367507534,1138.271597645071,1147.9654322200197,7088606,INFY.NS
2021-04-27,1161.9676513671875,1165.8451852427174,1154.7726928795603,1159.813465880782,3636115,INFY.NS
2021-04-28,1168.43017578125,1171.4460353795055,1158.6070691956795,1170.1535241231102,4879234,INFY.NS
2021-04-29,1168.731689453125,1179.6318882743649,1164.4664445679937,1178.7702141412208,5412357,INFY.NS
2021-04-30,1167.00830078125,1183.854071574896,1159.7271966822093,1160.0718873604987,8354677,INFY.NS
2021-05-03,1165.0267333984375,1172.738676005061,1152.920167887415,1155.3328979061107,4560337,INFY.NS
2021-05-04,1145.5093994140625,1167.5251062877817,1140.942485288537,1166.7065580883059,4887060,INFY.NS
2021-05-05,1155.9359130859375,1158.0039521560068,1144.1310188875818,1155.5912223767866,3939788,INFY.NS
2021-05-06,1173.255615234375,1175.9267843211148,1152.4031408587186,1158.9518439960027,4810090,INFY.NS
2021-05-07,1165.45751953125,1183.1218412109477,1161.9676968327874,1176.4438659417935,4991435,INFY.NS
2021-05-10,1154.2557373046875,1165.7590670432264,1150.3782033354155,1163.130918612339,7195348,INFY.NS
2021-05-11,1146.5867919921875,1155.505098899748,1141.8044581219108,1151.972255726806,6420988,INFY.NS
2021-05-12,1143.44140625,1146.0264282686512,1132.6704811722873,1146.0264282686512,5241898,INFY.NS
2021-05-14,1134.3079833984375,1143.3124370755465,1129.9134658392018,1143.3124370755465,4824609,INFY.NS
2021-05-17,1145.5093994140625,1150.291626847777,1137.6681873058226,1137.6681873058226,5017129,INFY.NS
2021-05-18,1154.643310546875,1158.6069904267122,1145.5957323672167,1152.9199623221782,5620150,INFY.NS
2021-05-19,1152.058349609375,1169.6795440720994,1148.8270715158558,1156.3667204007338,4435878,INFY.NS
2021-05-20,1154.040283203125,1162.48462714297,1150.3350421171274,1161.8814972847088,4490092,INFY.NS
2021-05-21,1167.1375732421875,1169.7225955528013,1160.1149082613877,1161.1058545174217,4969733,INFY.NS
2021-05-24,1161.5799560546875,1174.461943366911,1159.037954034809,1168.9903331930352,4225371,INFY.NS
2021-05-25,1173.255615234375,1178.770351365451,1167.0946234282085,1170.1536090309082,4099340,INFY.NS
2021-05-26,1203.974365234375,1206.3439694601002,1173.6434732190312,1178.6842466258772,6850024,INFY.NS
2021-05-27,1208.282470703125,1220.3459077434843,1199.1917671452106,1209.9626930741028,15365391,INFY.NS
2021-05-28,1210.695556640625,1218.4074998023486,1202.9835082940467,1214.7453839083175,4261312,INFY.NS
2021-05-31,1213.91796875,1220.6680058856502,1204.5550140134528,1220.6680058856502,4429904,INFY.NS
2021-06-01,1208.2130126953125,1220.232475755332,1200.7662615923773,1219.3615032530086,4791325,INFY.NS
2021-06-02,1200.766357421875,1212.3502288353206,1188.8775605523726,1202.595378558746,9272276,INFY.NS
2021-06-03,1210.346923828125,1218.490495223433,1199.3726918827983,1208.9968739609324,5115645,INFY.NS
2021-06-04,1206.863037109375,1216.6614775007154,1199.895257275533,1214.0920448950565,4194328,INFY.NS
2021-06-07,1210.346923828125,1212.3936878849313,1199.5904350020305,1211.5227154080026,5154576,INFY.NS
2021-06-08,1230.640625,1238.305225986675,1215.485787648902,1215.8776827694026,7360630,INFY.NS
2021-06-09,1232.6875,1241.1358912581513,1223.3680298666877,1231.0326308810106,5394317,INFY.NS
2021-06-10,1240.526123046875,1244.6196510998668,1235.90992645956,1240.2647887797134,3496575,INFY.NS
2021-06-11,1260.210205078125,1264.3037335391286,1245.011670273987,1245.577823696013,6140828,INFY.NS
2021-06-14,1273.1876220703125,1286.4263613244386,1265.9149167591186,1281.2005264104598,7132294,INFY.NS
2021-06-15,1283.7264404296875,1285.5554614889663,1274.2328185354727,1275.103791070357,5403104,INFY.NS
2021-06-16,1289.5618896484375,1297.2699751733123,1278.1521709198764,1282.6811854881962,7661710,INFY.NS
2021-06-17,1302.3651123046875,1308.7667383776072,1284.7714054916353,1284.7714054916353,7677951,INFY.NS
2021-06-18,1309.3328857421875,1320.2200410273454,1295.4844029554913,1314.2973860242691,13533974,INFY.NS
2021-06-21,1306.719970703125,1311.5103190367672,1292.6972296160168,1300.3618294777948,5454052,INFY.NS
2021-06-22,1316.77978515625,1325.141100097342,1308.2878030729764,1314.9071729713455,6427862,INFY.NS
2021-06-23,1309.2025146484375,1328.2332451261002,1305.2831378595408,1328.2332451261002,5529809,INFY.NS
2021-06-24,1358.0203857421875,1366.3382162960427,1316.2137024706592,1321.2653858939264,10785137,INFY.NS
2021-06-25,1371.0848388671875,1374.3945768272977,1343.9105399521675,1369.1687419344182,9780240,INFY.NS
2021-06-28,1368.9947509765625,1376.267350793857,1359.2397942372882,1369.9527995556255,5019178,INFY.NS
2021-06-29,1361.3736572265625,1370.605944791992,1358.020327926008,1359.5881210099008,5913567,INFY.NS
2021-06-30,1376.833251953125,1385.7171281600788,1369.212243234457,1369.212243234457,6058722,INFY.NS
2021-07-01,1359.0654296875,1373.3928839350976,1357.8896381461875,1373.3928839350976,4814317,INFY.NS
2021-07-02,1365.5107421875,1366.9477617714929,1343.562171167975,1357.8025504266625,5166064,INFY.NS
2021-07-05,1375.221923828125,1380.491349741526,1359.6316018427842,1366.6864575080867,4058338,INFY.NS
2021-07-06,1360.63330078125,1382.015719815571,1356.1913619563304,1370.6494852954324,4089574,INFY.NS
2021-07-07,1362.723388671875,1367.905738216782,1345.347531910408,1363.9863624372147,4797120,INFY.NS
2021-07-08,1359.3702392578125,1372.6525690022825,1349.1363130612535,1365.6847894641999,3326813,INFY.NS
2021-07-09,1361.2430419921875,1367.3398499422146,1350.8784472131626,1355.2333100346107,3436594,INFY.NS
2021-07-12,1348.134765625,1374.3946078178155,1335.854074613799,1367.9059052074665,4588982,INFY.NS
2021-07-13,1345.6090087890625,1355.581708354052,1338.0751812303984,1355.581708354052,4456160,INFY.NS
2021-07-14,1373.4366455078125,1378.575404854763,1339.642867790141,1353.491352701451,5657716,INFY.NS
2021-07-15,1376.833251953125,1390.8122955822987,1355.2330932854072,1356.8879621568644,10021355,INFY.NS
2021-07-16,1354.7542724609375,1371.4770099793125,1349.6591040738929,1370.6931133844064,6265593,INFY.NS
2021-07-19,1342.7781982421875,1352.533153580218,1339.1637475912771,1345.3911156206077,5669162,INFY.NS
2021-07-20,1350.051025390625,1356.7138802520703,1339.5557637771587,1339.8170980665798,5069939,INFY.NS
2021-07-22,1385.0203857421875,1387.3284840624563,1359.9364422808278,1359.9364422808278,7854575,INFY.NS
2021-07-23,1385.23828125,1392.2496529655537,1380.5351144285212,1383.5835184231282,4179719,INFY.NS
2021-07-26,1396.9527587890625,1403.7027953972172,1388.4171860985402,1388.4171860985402,4586710,INFY.NS
2021-07-27,1395.777099609375,1401.6561643095713,1391.7270559963727,1397.9109398244527,5892859,INFY.NS
2021-07-28,1398.43359375,1400.1755389605307,1380.927065648147,1397.9981074473674,4686788,INFY.NS
2021-07-29,1408.362548828125,1410.9754663584183,1393.643092143495,1393.643092143495,4660873,INFY.NS
2021-07-30,1402.7010498046875,1413.9366150254957,1398.9123411297298,1402.2655636048103,6234257,INFY.NS
2021-08-02,1421.03515625,1423.8222255873973,1410.2785613387637,1417.4640841166172,5553389,INFY.NS
2021-08-03,1441.6336669921875,1444.638585966481,1424.562626930286,1434.4917348838053,5513668,INFY.NS
2021-08-04,1436.4515380859375,1463.14686912244,1427.5676602328276,1453.7403226615859,6740391,INFY.NS
2021-08-05,1440.1966552734375,1451.0402206367958,1434.5353338843984,1436.6691740338504,5420536,INFY.NS
2021-08-06,1437.27880859375,1446.380535210929,1431.8788215028985,1443.201464252009,3754855,INFY.NS
2021-08-09,1448.688720703125,1452.3031718189327,1433.9692629808042,1446.6854412607183,5018477,INFY.NS
2021-08-10,1460.838623046875,1463.233797417648,1446.7289110997303,1452.7821274360933,6846517,INFY.NS
2021-08-11,1461.0999755859375,1466.7177057432823,1452.7821455937024,1458.7048011852285,4899639,INFY.NS
2021-08-12,1471.5950927734375,1477.6048241977232,1458.0079432401938,1462.4934728122273,5659579,INFY.NS
2021-08-13,1491.2791748046875,1500.25023470125,1473.075933355373,1478.0404344197511,5612790,INFY.NS
2021-08-16,1484.4854736328125,1498.0290315167445,1472.0305249977998,1487.359618942514,4564109,INFY.NS
2021-08-17,1516.92919921875,1523.2437495245933,1468.9386381583163,1484.0499890055655,9510390,INFY.NS
2021-08-18,1509.7869873046875,1528.9919702738412,1504.1692581389484,1505.9112028501688,6686090,INFY.NS
2021-08-20,1509.351806640625,1519.8470681780625,1494.6759407419665,1494.6759407419665,6206972,INFY.NS
2021-08-23,1514.4034423828125,1526.9454677131089,1508.5243779767254,1511.790524868996,6189051,INFY.NS
2021-08-24,1498.81298828125,1530.298665061431,1491.7145412231635,1524.2018576309072,7602939,INFY.NS
2021-08-25,1511.6163330078125,1521.5018494102508,1496.3307234273852,1496.3307234273852,6153253,INFY.NS
2021-08-26,1504.7791748046875,1520.7180143906892,1498.0727289530273,1510.2663441886914,5302248,INFY.NS
2021-08-27,1488.31787109375,1504.7791665153063,1485.1822849945138,1502.427583260766,6698514,INFY.NS
2021-08-30,1478.9549560546875,1496.8969690174113,1472.2919948958422,1483.3098187310713,6559667,INFY.NS
2021-08-31,1486.27099609375,1493.7178535768544,1468.3289836646177,1480.783933076624,12255438,INFY.NS
2021-09-01,1461.2742919921875,1488.927672275753,1457.2678392623277,1488.927672275753,7801974,INFY.NS
2021-09-02,1471.1597900390625,1475.6889113283519,1448.1226074122255,1460.9258620402402,6830050,INFY.NS
2021-09-03,1481.219482421875,1485.835573126243,1467.0661785417021,1477.2130299720811,5339139,INFY.NS
2021-09-06,1507.1307373046875,1508.5242719501346,1480.0870004095007,1485.1386831091097,4876026,INFY.NS
2021-09-07,1486.4453125,1511.0502868517522,1484.137213995946,1506.782500124992,3520341,INFY.NS
2021-09-08,1474.77392578125,1481.3932943509915,1465.8028680839268,1481.3932943509915,4584896,INFY.NS
2021-09-09,1473.3369140625,1476.2111655562676,1465.1062672792443,1468.37241383131,3331674,INFY.NS
2021-09-13,1473.598388671875,1481.9597033775865,1459.0530841826737,1465.8467121859994,4662374,INFY.NS
2021-09-14,1468.59033203125,1477.1257989130531,1462.0144469944478,1477.1257989130531,4945167,INFY.NS
2021-09-15,1490.6258544921875,1493.8049254065334,1472.117688719493,1474.7741973936459,4062344,INFY.NS
2021-09-16,1482.613037109375,1497.4195705979105,1473.2064909534074,1493.8920892094495,3246568,INFY.NS
2021-09-17,1473.0758056640625,1496.3307284738578,1467.1095590889208,1478.0403062981004,7454864,INFY.NS
2021-09-20,1470.071044921875,1487.359829336001,1461.4483951332998,1467.588794337864,5660743,INFY.NS
2021-09-21,1496.7227783203125,1503.9518932175802,1467.2839690902401,1480.6533768466115,4672222,INFY.NS
2021-09-22,1495.372802734375,1514.5341989673232,1492.0195796575874,1495.4598787260009,4553892,INFY.NS
2021-09-23,1517.7130126953125,1519.8468525678163,1499.0305907443167,1508.5242112592882,3826090,INFY.NS
2021-09-24,1536.2650146484375,1557.2990244133016,1526.3359056449099,1531.1698461513333,8280446,INFY.NS
2021-09-27,1499.0743408203125,1540.750353714178,1496.4178321652648,1540.5326105890063,5045337,INFY.NS
2021-09-28,1469.417724609375,1489.3630166815442,1458.878978328413,1489.3630166815442,6557197,INFY.NS
2021-09-29,1473.903076171875,1481.8724950703443,1441.459353561503,1445.160986342552,7792548,INFY.NS
2021-09-30,1459.0531005859375,1483.2661787983272,1454.6111620660795,1483.2661787983272,6914031,INFY.NS
2021-10-01,1450.2998046875,1462.3191607744086,1446.9029908490702,1450.2562135367987,5733906,INFY.NS
2021-10-04,1462.14501953125,1470.2015147989575,1450.517558435886,1456.7014416476638,2947154,INFY.NS
2021-10-05,1474.38232421875,1483.2226102398492,1448.4273005977032,1455.3950807569224,4373310,INFY.NS
2021-10-06,1457.6162109375,1488.4921465220082,1454.5242157353737,1482.4824144265476,4271698,INFY.NS
2021-10-07,1472.814453125,1484.3112472506546,1460.3160193905471,1469.3305632299673,5476108,INFY.NS
2021-10-08,1501.4259033203125,1508.0888641225727,1479.2596960117546,1485.2258362951297,4738376,INFY.NS
2021-10-11,1472.77099609375,1506.7825168192749,1449.036994022464,1464.975834271688,8840633,INFY.NS
2021-10-12,1467.7193603515625,1471.072583282753,1447.5563252906663,1460.6209130640477,7439300,INFY.NS
2021-10-13,1488.6661376953125,1492.5420290685638,1463.277374662343,1477.1257522003684,7104171,INFY.NS
2021-10-14,1494.37109375,1553.4665576738048,1479.085483572147,1527.6857924741366,19655776,INFY.NS
2021-10-18,1560.9132080078125,1566.8793476841583,1515.4919760813984,1515.4919760813984,13438109,INFY.NS
2021-10-19,1587.0426025390625,1597.799091923905,1552.3343687944996,1579.944155219386,10324260,INFY.NS
2021-10-20,1569.797119140625,1609.5570313577834,1562.5681118501532,1593.3569656178327,5876115,INFY.NS
2021-10-21,1527.3812255859375,1579.9444043224298,1521.4585689734151,1579.9444043224298,8779629,INFY.NS
2021-10-22,1497.8985595703125,1535.6986813056806,1486.7500689564513,1524.11481075835,7369809,INFY.NS
2021-10-25,1487.2291259765625,1506.564672832556,1469.5047506520364,1499.8582271507623,5905209,INFY.NS
2021-10-26,1497.0264892578125,1517.1485436893581,1490.1727607226414,1502.6062654350915,5871709,INFY.NS
2021-10-27,1519.213623046875,1523.7828831952202,1494.78606375197,1501.7716182584402,5090259,INFY.NS
2021-10-28,1497.2021484375,1515.5228408460055,1486.789677839468,1510.777886307297,5329972,INFY.NS
2021-10-29,1465.4376220703125,1504.8469109760645,1459.5504324355952,1492.8967290645846,5875091,INFY.NS
2021-11-01,1493.8193359375,1500.1018935472132,1472.6867651673283,1474.0048022483252,3636806,INFY.NS
2021-11-02,1491.9300537109375,1499.4428003412402,1481.7811257877784,1489.3818273621403,3471772,INFY.NS
2021-11-03,1495.9720458984375,1509.1084388738689,1492.896626127134,1501.6835397594302,3530713,INFY.NS
2021-11-04,1501.419921875,1508.713103252184,1498.1688066656807,1506.955720487767,483407,INFY.NS
2021-11-08,1526.726318359375,1529.80173828125,1496.4114648437499,1520.1361328125,5245903,INFY.NS
2021-11-09,1531.1197509765625,1537.7099364183555,1516.621343004618,1524.3098926867096,4016134,INFY.NS
2021-11-10,1529.0548095703125,1538.5446120128352,1513.0625622726295,1516.6213052274068,4780368,INFY.NS
2021-11-11,1523.0357666015625,1528.7032829292987,1501.6835237971957,1522.7281388179986,4731349,INFY.NS
2021-11-12,1564.2464599609375,1566.5750137314162,1527.2097015420263,1531.5591812690018,5069009,INFY.NS
2021-11-15,1570.3533935546875,1581.6445568553665,1560.116617053724,1565.915958976433,4354074,INFY.NS
2021-11-16,1574.8787841796875,1589.5089115274943,1561.4347616165671,1572.857750868686,6034233,INFY.NS
2021-11-17,1570.6170654296875,1583.402069550953,1564.6858978550656,1575.0984778513402,4732492,INFY.NS
2021-11-18,1563.54345703125,1572.3742410091222,1545.618131495533,1565.476535154988,4326924,INFY.NS
2021-11-22,1545.9697265625,1568.815703789317,1538.7205222501445,1567.5855143323686,6621839,INFY.NS
2021-11-23,1526.1990966796875,1535.293531113381,1502.5622768372482,1524.6174092729004,8436160,INFY.NS
2021-11-24,1490.2608642578125,1529.3626381136337,1483.231331879238,1528.9232923399727,7333061,INFY.NS
2021-11-25,1513.4581298828125,1516.7970929361409,1491.0953687886788,1493.7754205362603,4476260,INFY.NS
2021-11-26,1486.4383544921875,1509.8993723813282,1479.716343711144,1496.0161123736239,4494181,INFY.NS
2021-11-29,1490.5682373046875,1504.3197801115232,1466.667872488146,1485.8672594442673,3942776,INFY.NS
2021-11-30,1504.8909912109375,1520.048419306774,1493.8194999672771,1497.7736116444519,14808963,INFY.NS
2021-12-01,1506.867919921875,1530.59258798338,1505.1983847910458,1506.9557676104166,5193264,INFY.NS
2021-12-02,1536.1722412109375,1538.1492968624316,1503.748507074007,1506.9557521388576,5559574,INFY.NS
2021-12-03,1525.0128173828125,1569.913923973845,1522.3767433293804,1556.2502305587047,6754012,INFY.NS
2021-12-06,1489.6453857421875,1523.6067182659208,1486.3063159378041,1520.135930577831,3991449,INFY.NS
2021-12-07,1504.01220703125,1515.654868474255,1488.5032818453103,1494.7419695434742,4202122,INFY.NS
2021-12-08,1540.653564453125,1546.3211884129332,1522.4207176698017,1522.7722156867264,3029169,INFY.NS
2021-12-09,1549.5281982421875,1554.7564760644466,1530.6803119329384,1545.6180646900336,2082171,INFY.NS
2021-12-10,1545.837890625,1549.7920020405534,1534.1952292347592,1546.496909194259,1823469,INFY.NS
2021-12-13,1533.0087890625,1556.4698037309122,1527.8684664398838,1552.6914955202064,4040584,INFY.NS
2021-12-14,1539.5992431640625,1549.1330239292365,1502.869897706602,1520.927049880741,4768144,INFY.NS
2021-12-15,1523.82666015625,1535.908667518198,1512.4036713776811,1533.316570661763,3053149,INFY.NS
2021-12-16,1556.689697265625,1561.9618457823942,1544.7395154133753,1548.8254519662987,4481031,INFY.NS
2021-12-17,1599.9652099609375,1618.549554473689,1587.5756827064808,1599.2183437253605,18887243,INFY.NS
2021-12-20,1580.677978515625,1607.6977390246545,1570.4851797435072,1583.1382500746142,5773891,INFY.NS
2021-12-21,1591.8372802734375,1615.0347541246067,1582.523173111217,1582.523173111217,5353584,INFY.NS
2021-12-22,1603.34814453125,1607.2583855937914,1592.496327262333,1603.6117948544356,4156428,INFY.NS
2021-12-23,1632.2568359375,1635.7716009189596,1605.3689052817556,1609.1033430745565,4112933,INFY.NS
2021-12-24,1637.44140625,1648.2053757839751,1629.0938380399784,1645.744996985642,3780347,INFY.NS
2021-12-27,1639.769775390625,1647.1068262235926,1621.2294105889453,1634.365802494469,2647733,INFY.NS
2021-12-28,1658.9693603515625,1665.9110438520706,1650.5339443784728,1652.5548702377228,3340933,INFY.NS
2021-12-29,1656.8165283203125,1664.065732003417,1648.7764809648074,1655.0151681366292,3236635,INFY.NS
2021-12-30,1663.23095703125,1678.1248402781916,1646.9751665027095,1655.893905461335,4584738,INFY.NS
2021-12-31,1658.7496337890625,1668.0637408590383,1644.602724183878,1660.7266893716478,4619420,INFY.NS
2022-01-03,1668.1519775390625,1681.8596519178432,1658.7500205920717,1658.7500205920717,3329616,INFY.NS
2022-01-04,1668.7666015625,1675.3567863034766,1650.1822591405219,1668.1514532960693,3921999,INFY.NS
2022-01-05,1620.8780517578125,1672.0618238908942,1616.792115448411,1669.5135974739028,6995719,INFY.NS
2022-01-06,1597.2852783203125,1606.2478877431283,1581.6445284122708,1606.2478877431283,6449205,INFY.NS
2022-01-07,1594.2098388671875,1613.2773992100788,1587.619653412898,1595.2202481604722,4834389,INFY.NS
2022-01-10,1626.2381591796875,1643.065121465988,1593.0675577969869,1594.8249406516995,7857560,INFY.NS
2022-01-11,1630.499755859375,1643.1529335918676,1625.7109305887875,1629.9725624667992,5142287,INFY.NS
2022-01-12,1649.6990966796875,1659.848025074008,1634.3659749272922,1642.1863497006073,5362535,INFY.NS
2022-01-13,1666.7020263671875,1680.4974395675385,1639.9458066975717,1673.9072535300188,14277630,INFY.NS
2022-01-14,1695.30322265625,1698.5104677026313,1652.8185151312207,1653.6972065268249,7688506,INFY.NS
2022-01-17,1704.2220458984375,1716.8752240721528,1696.3138229476326,1703.3873319362635,5262464,INFY.NS
2022-01-18,1687.746337890625,1709.0546022112537,1679.5744657824005,1688.932549709658,3690315,INFY.NS
2022-01-19,1640.5609130859375,1683.5728166181689,1636.8703446421212,1683.5728166181689,5747770,INFY.NS
2022-01-20,1602.469482421875,1623.8217266018507,1595.2642557606387,1620.3069609598556,5533463,INFY.NS
2022-01-21,1569.0791015625,1588.6739615819963,1560.5558383681557,1577.2509740263736,8252758,INFY.NS
2022-01-24,1526.1114501953125,1554.097753202925,1518.3789220393276,1550.89050775429,7116712,INFY.NS
2022-01-25,1513.2381591796875,1528.922776555724,1494.2144721454074,1517.14829234132,9137653,INFY.NS
2022-01-27,1474.971435546875,1502.2987179861893,1463.0212533681874,1495.5328367763693,11231734,INFY.NS
2022-01-28,1481.6495361328125,1517.9835147744618,1475.7623460999685,1477.080383324827,10998502,INFY.NS
2022-01-31,1525.5841064453125,1537.270746047761,1507.2634105184352,1509.591964395572,8788872,INFY.NS
2022-02-01,1557.085205078125,1564.0707591029711,1524.265994070383,1551.856926666537,5119935,INFY.NS
2022-02-02,1570.309326171875,1575.3179313391013,1557.041107934789,1571.978861227617,4253717,INFY.NS
2022-02-03,1527.64892578125,1563.191948829261,1523.6508371388077,1563.191948829261,3832922,INFY.NS
2022-02-04,1529.8895263671875,1541.180689045186,1502.694071308099,1521.8934563342548,4700077,INFY.NS
2022-02-07,1506.955810546875,1521.8935649371356,1489.733479878767,1513.2823459720125,4310209,INFY.NS
2022-02-08,1508.976806640625,1515.7426876167267,1490.2606366365032,1502.5623164200595,6053401,INFY.NS
2022-02-09,1526.550537109375,1531.5590349384013,1515.7425905156294,1524.5295040838362,3867244,INFY.NS
2022-02-10,1554.9322509765625,1558.7106668309207,1536.611557080806,1542.6745490801131,4334630,INFY.NS
2022-02-11,1512.535400390625,1534.1511870988509,1505.1983487478708,1528.9230162412698,7551371,INFY.NS
2022-02-14,1478.1346435546875,1510.0751620435087,1474.6638553981247,1484.9884794415796,7459637,INFY.NS
2022-02-15,1527.3853759765625,1534.8542531207022,1485.3838827787808,1492.8967373992116,4669915,INFY.NS
2022-02-16,1523.0357666015625,1542.4986942805128,1517.368143011698,1527.3852458984643,5350642,INFY.NS
2022-02-17,1515.56689453125,1536.8311824527893,1511.612783427169,1532.4377256704772,3937950,INFY.NS
2022-02-18,1499.88232421875,1513.5460191396417,1496.8508816280867,1502.5623760399344,5602215,INFY.NS
2022-02-21,1520.751220703125,1526.5506699725988,1486.3065594227182,1494.6541280390445,5120890,INFY.NS
2022-02-22,1523.9583740234375,1538.5886069583632,1485.911101612414,1493.687498875911,8878515,INFY.NS
2022-02-23,1531.42724609375,1544.9591147620647,1523.123655479762,1537.7099108964103,5478811,INFY.NS
2022-02-24,1474.5760498046875,1506.9118301831932,1467.8540388895212,1485.0763695246333,13592379,INFY.NS
2022-02-25,1489.0303955078125,1518.5105342990194,1473.5654486264136,1506.9557211653544,9737281,INFY.NS
2022-02-28,1507.48291015625,1518.4226821951142,1463.0211477782968,1478.134596610253,15076542,INFY.NS
2022-03-02,1496.23583984375,1506.428639183248,1485.8672378574524,1502.5623753614689,6771489,INFY.NS
2022-03-03,1512.0960693359375,1523.5630349736196,1498.6521553167977,1511.5248984753623,7344147,INFY.NS
2022-03-04,1514.2490234375,1525.4083619826322,1477.0803320811085,1489.601685282867,9074499,INFY.NS
2022-03-07,1528.7913818359375,1538.5888134942265,1490.2607810886398,1491.1394725869231,9742588,INFY.NS
2022-03-08,1562.489013671875,1581.644529208251,1509.9872022162124,1509.9872022162124,10984500,INFY.NS
2022-03-09,1593.3748779296875,1609.41099446192,1573.7361484508579,1573.7361484508579,10193515,INFY.NS
2022-03-10,1604.402587890625,1620.9658987002945,1590.6070690763233,1620.9658987002945,6547182,INFY.NS
2022-03-11,1600.97607421875,1609.2357966029356,1591.3104667454204,1593.9465415108739,4758657,INFY.NS
2022-03-14,1661.341796875,1665.1202128221414,1609.367286068122,1609.367286068122,10289724,INFY.NS
2022-03-15,1616.1771240234375,1659.2768725454414,1608.0052511537049,1659.2768725454414,7140443,INFY.NS
2022-03-16,1660.1995849609375,1664.1975665515567,1624.7004302568198,1638.7594929307566,5233979,INFY.NS
2022-03-17,1629.6209716796875,1689.9871323532464,1610.6852372652634,1689.9871323532464,17731459,INFY.NS
2022-03-21,1628.2591552734375,1658.0028379594185,1617.7587285984619,1635.2447090569246,8362085,INFY.NS
2022-03-22,1658.442138671875,1660.7267148165508,1615.9134542580089,1625.579059476518,5709382,INFY.NS
2022-03-23,1645.26171875,1669.5135787574188,1631.7298503960667,1666.8775046856965,6192824,INFY.NS
2022-03-24,1657.8270263671875,1664.7687099000984,1630.9830683752546,1630.9830683752546,3784303,INFY.NS
2022-03-25,1648.908447265625,1664.2415698272353,1632.6086783204876,1662.4841869657494,3438588,INFY.NS
2022-03-28,1646.5797119140625,1652.7305512508635,1627.9075210702022,1639.6380289243905,4008555,INFY.NS
2022-03-29,1657.2119140625,1660.1994861553353,1634.849261732521,1646.5797700005269,3917785,INFY.NS
2022-03-30,1672.984375,1686.208722896825,1665.1201302185948,1678.3005006424887,7795839,INFY.NS
2022-03-31,1675.5325927734375,1680.9365660718338,1664.4171256540967,1669.5135784299448,5399145,INFY.NS
2022-04-01,1672.6331787109375,1678.564346091196,1650.4462192514522,1657.9589669091613,6171518,INFY.NS
2022-04-04,1654.531982421875,1663.362874183329,1645.7890456129824,1660.5071270406477,7364074,INFY.NS
2022-04-05,1635.33251953125,1660.3752240705198,1631.8617314560988,1655.278878381211,5472024,INFY.NS
2022-04-06,1606.994873046875,1632.1694051083773,1601.1076831042346,1629.9726764339382,5407453,INFY.NS
2022-04-07,1591.310302734375,1606.379883376144,1588.278859971407,1600.1411951933362,5797544,INFY.NS
2022-04-08,1594.473388671875,1615.0347888286492,1588.6740468999988,1601.854417864324,5131446,INFY.NS
2022-04-11,1552.2523193359375,1593.946182924903,1548.7375537727073,1593.946182924903,8248407,INFY.NS
2022-04-12,1531.0758056640625,1544.300154299906,1518.1590848316712,1544.300154299906,6456184,INFY.NS
2022-04-13,1536.43603515625,1544.3002810224598,1521.8936482110387,1542.0595748364601,6257693,INFY.NS
2022-04-18,1424.7103271484375,1449.8408809660887,1397.1193943855035,1410.7391117521547,30523965,INFY.NS
2022-04-19,1372.5159912109375,1438.110326839995,1361.9716942234015,1438.110326839995,17044923,INFY.NS
2022-04-20,1395.0982666015625,1402.6550983089535,1373.3946323351558,1383.9389289365774,10678747,INFY.NS
2022-04-21,1422.4256591796875,1429.8065810155888,1396.4602858072528,1401.5127612789481,7766514,INFY.NS
2022-04-22,1393.12109375,1415.3080493150037,1390.4411496132832,1409.728380952071,8134245,INFY.NS
2022-04-25,1371.7252197265625,1382.0059741881291,1365.5743794932316,1382.0059741881291,7000570,INFY.NS
2022-04-26,1389.2113037109375,1398.8769105046251,1376.5142540549982,1385.872233004622,5345435,INFY.NS
2022-04-27,1364.43212890625,1381.9619804602605,1362.279270492614,1381.9619804602605,8819356,INFY.NS
2022-04-28,1390.6171875,1407.488129155335,1368.5180741701824,1379.5456957255876,9245177,INFY.NS
2022-04-29,1377.392822265625,1403.533892844543,1371.4616549914167,1397.1194023690618,9831395,INFY.NS
2022-05-02,1354.0633544921875,1364.387977733773,1345.2764410950936,1362.7624202077359,7072627,INFY.NS
2022-05-04,1349.274658203125,1379.545534836563,1344.5297030639988,1359.5553049527848,6220959,INFY.NS
2022-05-05,1392.8577880859375,1396.592226787759,1368.5179703073688,1370.8026539111372,6144870,INFY.NS
2022-05-06,1355.689208984375,1372.3843480959538,1348.8354793905958,1361.9718748919518,6171472,INFY.NS
2022-05-09,1379.85302734375,1394.3075653232786,1337.5001444983088,1353.1847646359806,6832202,INFY.NS
2022-05-10,1364.6077880859375,1378.7986761047448,1358.5009255643938,1369.0012452272317,6212545,INFY.NS
2022-05-11,1341.5418701171875,1361.9274642758544,1328.2296761857892,1361.9274642758544,7846080,INFY.NS
2022-05-12,1325.7696533203125,1342.201139918884,1321.8155419424827,1330.3388057853947,7034979,INFY.NS
2022-05-13,1321.9033203125,1343.7387794348365,1316.3675217689756,1334.9958431960715,6723761,INFY.NS
2022-05-16,1308.4593505859375,1328.4495800627174,1299.2770683025562,1326.8240224148346,6145331,INFY.NS
2022-05-17,1334.2491455078125,1340.0046180837876,1301.2543420558934,1313.556023795679,6516378,INFY.NS
2022-05-18,1326.12109375,1361.7080974834491,1322.6942829038983,1337.3683872175263,6594126,INFY.NS
2022-05-19,1254.024658203125,1304.5932921921906,1245.677088536915,1301.3421763849483,16561140,INFY.NS
2022-05-20,1278.6279296875,1288.8207294119443,1271.20292231775,1276.7387215514266,10488908,INFY.NS
2022-05-23,1290.2705078125,1307.4928382619098,1274.1465416425442,1278.5838689742561,5887569,INFY.NS
2022-05-24,1266.1942138671875,1291.2808943889067,1261.14173869041,1290.446073263294,5693167,INFY.NS
2022-05-25,1239.35009765625,1267.512196646024,1229.508798029081,1260.9220119147622,9630092,INFY.NS
2022-05-26,1251.2125244140625,1256.528650069207,1236.3627261774936,1245.9843537049899,13040065,INFY.NS
2022-05-27,1284.0758056640625,1289.0404341053775,1263.0311870850603,1268.7865520688702,8284860,INFY.NS
2022-05-30,1341.5860595703125,1344.3978291185176,1304.8567164973847,1306.6140992805463,10904213,INFY.NS
2022-05-31,1335.1925048828125,1347.9796856356543,1321.4729921530693,1341.49726302402,16033857,INFY.NS
2022-06-01,1312.9482421875,1345.0936959690998,1307.220595475762,1343.539700941573,8738508,INFY.NS
2022-06-02,1339.0994873046875,1344.2942481189275,1310.3283625821873,1317.787559124772,7205840,INFY.NS
2022-06-03,1351.26513671875,1380.835483354974,1347.9795908249841,1354.1067924628962,9395707,INFY.NS
2022-06-06,1358.6800537109375,1364.496369880414,1325.779716646575,1346.2036506605543,6624883,INFY.NS
2022-06-07,1337.9451904296875,1349.622374002398,1334.304423990545,1349.622374002398,4904592,INFY.NS
2022-06-08,1331.99560546875,1349.9331029298305,1324.89162890625,1349.9331029298305,4697608,INFY.NS
2022-06-09,1345.3155517578125,1347.0471026731207,1315.5676501182832,1318.675639841816,4361061,INFY.NS
2022-06-10,1311.3941650390625,1326.6232286366903,1308.5525092706785,1319.6524730579197,6516436,INFY.NS
2022-06-13,1264.951904296875,1281.9126277011962,1253.5854977400272,1281.9126277011962,6987685,INFY.NS
2022-06-14,1279.2042236328125,1286.618977493986,1245.9931115070253,1252.075869762069,6090247,INFY.NS
2022-06-15,1262.9095458984375,1284.3991426909397,1259.934777025382,1278.8934951366866,4651958,INFY.NS
2022-06-16,1240.70947265625,1282.0457799508679,1236.0919312149667,1276.93979675799,6641772,INFY.NS
2022-06-17,1231.9183349609375,1240.4874196646322,1214.0251729542306,1235.2483238555576,9692047,INFY.NS
2022-06-20,1255.76123046875,1263.0427639663321,1227.2120995273342,1234.3605201667415,4595194,INFY.NS
2022-06-21,1287.5072021484375,1292.9239635578995,1263.3980557362647,1264.5080522709127,6270787,INFY.NS
2022-06-22,1276.2738037109375,1296.1205167768,1274.2758102801847,1275.2082505737685,6253366,INFY.NS
2022-06-23,1289.771484375,1294.699912173582,1272.4999822666275,1278.5384065605574,6254281,INFY.NS
2022-06-24,1279.692626953125,1303.1357725824364,1268.8591054568187,1294.6997999490238,6114340,INFY.NS
2022-06-27,1309.4405517578125,1317.7877464947417,1301.049022203048,1303.6242355705597,4511097,INFY.NS
2022-06-28,1314.3690185546875,1321.5617738738115,1290.2598739718783,1304.4678285372947,4412178,INFY.NS
2022-06-29,1299.36181640625,1311.5717770934775,1293.8118342756918,1300.649368901304,5060038,INFY.NS
2022-06-30,1298.1630859375,1316.01180739461,1292.035883778109,1300.9602987057103,9165177,INFY.NS
2022-07-01,1313.702880859375,1318.6756427483724,1280.8025462113708,1291.147733707834,4651635,INFY.NS
2022-07-04,1321.3397216796875,1325.1137094600226,1298.2517964352844,1314.4577439626057,4800224,INFY.NS
2022-07-05,1310.639404296875,1340.8313086434368,1307.1318587687915,1330.9302267306132,7379669,INFY.NS
2022-07-06,1324.580810546875,1331.9955641744978,1305.3556528910078,1316.1891734537298,5209162,INFY.NS
2022-07-07,1330.84130859375,1344.3832653678094,1328.1773170972135,1334.7041829822008,3323472,INFY.NS
2022-07-08,1344.8272705078125,1347.0472634324174,1331.9513115451052,1345.3157123104625,3652582,INFY.NS
2022-07-11,1308.1529541015625,1331.9068766093092,1302.1589736556825,1327.555669124535,4702638,INFY.NS
2022-07-12,1277.47265625,1304.1125702899615,1275.1638853794875,1298.0742548130895,4710356,INFY.NS
2022-07-13,1282.66748046875,1296.4758799465965,1277.4727186568018,1287.5959081661404,5264025,INFY.NS
2022-07-14,1268.814697265625,1290.215406752036,1255.6279613595361,1288.4838556808252,6157606,INFY.NS
2022-07-15,1270.146728515625,1284.0439058847987,1252.6532276522264,1284.0439058847987,5620018,INFY.NS
2022-07-18,1323.02685546875,1326.3124012665216,1285.8641997914458,1287.5957507176618,5835171,INFY.NS
2022-07-19,1317.921142578125,1320.3186917980886,1305.4447378345067,1306.7323988881258,3418540,INFY.NS
2022-07-20,1345.58203125,1354.9060006770792,1331.9956324398804,1333.105628800247,5079392,INFY.NS
2022-07-21,1361.2109375,1363.475265334351,1334.7485774263982,1347.0917602580191,5008061,INFY.NS
2022-07-22,1337.590087890625,1367.5155470877928,1325.0249071257533,1362.1875644368015,7020642,INFY.NS
2022-07-25,1335.1925048828125,1347.224909731089,1314.3245716730378,1314.3245716730378,7859626,INFY.NS
2022-07-26,1288.6170654296875,1329.0209351127858,1283.1558613643324,1329.0209351127858,7268273,INFY.NS
2022-07-27,1306.288330078125,1308.0198812663878,1283.1559595586764,1288.4839427817574,4517285,INFY.NS
2022-07-28,1347.447021484375,1353.7073369309664,1322.982654384117,1328.7990796128186,6636841,INFY.NS
2022-07-29,1376.12890625,1381.4568882450026,1356.8594147273027,1361.1218436825332,7009465,INFY.NS
2022-08-01,1377.3280029296875,1388.8275224964943,1365.6508188965988,1388.8275224964943,2983249,INFY.NS
2022-08-02,1370.7125244140625,1373.731736723845,1357.1705664405404,1373.332181323211,4374635,INFY.NS
2022-08-03,1390.6923828125,1394.1555935461508,1367.4268997061906,1375.5076524859794,6011955,INFY.NS
2022-08-04,1420.70654296875,1424.2140880582285,1398.5509508931095,1409.6953575514096,7402209,INFY.NS
2022-08-05,1435.5806884765625,1443.6169980608536,1422.8379503946153,1428.2547116101568,5361971,INFY.NS
2022-08-08,1438.0224609375,1440.331231614356,1417.2433080496378,1435.8912463134488,3763409,INFY.NS
2022-08-10,1422.9710693359375,1439.6210168307325,1410.22833119954,1439.6210168307325,4423829,INFY.NS
2022-08-11,1438.5108642578125,1448.6340529159374,1435.0033190587033,1447.4352785059941,3462090,INFY.NS
2022-08-12,1415.55615234375,1433.2273162748345,1412.0486071656317,1432.6057616654232,3562286,INFY.NS
2022-08-16,1417.6429443359375,1428.7873514369574,1412.8921814722432,1428.7873514369574,3004430,INFY.NS
2022-08-17,1426.34521484375,1431.4511977140078,1407.4752781493191,1417.6428006795595,4067324,INFY.NS
2022-08-18,1405.6549072265625,1419.1968624345182,1397.707376873584,1415.5560961565852,4635706,INFY.NS
2022-08-19,1418.2203369140625,1425.1467585821308,1407.564370285095,1407.7420347677698,4739884,INFY.NS
2022-08-22,1399.1727294921875,1419.907441241582,1397.7075125167294,1408.3634783046587,3950555,INFY.NS
2022-08-23,1369.6466064453125,1380.3913485595679,1361.2994128927742,1374.619368009142,5551574,INFY.NS
2022-08-24,1365.2955322265625,1372.8435075266768,1359.5235511147102,1363.0755394912346,2888426,INFY.NS
2022-08-25,1348.11279296875,1375.2410388101719,1344.2055841247086,1374.6194842114278,4331088,INFY.NS
2022-08-26,1351.132080078125,1371.911126256518,1347.4912051170422,1363.2088193983936,3079136,INFY.NS
2022-08-29,1298.02978515625,1304.068208908207,1287.5958190364718,1304.068208908207,8079050,INFY.NS
2022-08-30,1325.735107421875,1328.532319714009,1301.8036310962184,1308.10838825752,6725875,INFY.NS
2022-09-01,1300.2054443359375,1303.6686550621423,1288.5283679870784,1296.520342709969,8140604,INFY.NS
2022-09-02,1290.2598876953125,1312.459816939898,1285.8199018463954,1312.459816939898,5175653,INFY.NS
2022-09-05,1297.6302490234375,1302.6917893036236,1284.3546268952266,1288.4838352280558,3669352,INFY.NS
2022-09-06,1292.1246337890625,1305.3558130293177,1283.5554395953404,1297.6302811685841,3428442,INFY.NS
2022-09-07,1294.3890380859375,1301.5817931585523,1276.984316019413,1278.7158670634933,3600574,INFY.NS
2022-09-08,1310.5950927734375,1315.2126348669317,1299.672683824082,1309.7958736116145,4061475,INFY.NS
2022-09-09,1342.3408203125,1349.755574320764,1314.2356907860071,1321.3396674929586,4816910,INFY.NS
2022-09-12,1364.14111328125,1372.7547502634757,1350.7768218512558,1354.9060300810474,5494819,INFY.NS
2022-09-13,1371.9110107421875,1379.0594304149024,1368.669908200499,1378.0826553311847,4947158,INFY.NS
2022-09-14,1310.1510009765625,1331.0632685678052,1307.1317890233854,1329.33171750544,14332197,INFY.NS
2022-09-15,1272.3223876953125,1309.9733809599834,1268.9923983100107,1309.7958248853374,12784100,INFY.NS
2022-09-16,1222.8165283203125,1265.3959486362396,1215.0908880161,1265.3959486362396,20464045,INFY.NS
2022-09-19,1234.5823974609375,1248.5239084132897,1225.9687606499624,1236.0919491545515,6595241,INFY.NS
2022-09-20,1233.0284423828125,1255.2283703476603,1229.964787284812,1250.2554997650657,7219797,INFY.NS
2022-09-21,1222.993896484375,1233.2503054303857,1215.13514453256,1225.347110268316,7917054,INFY.NS
2022-09-22,1214.7357177734375,1228.9436728727633,1207.676183442698,1213.3149439431238,9168498,INFY.NS
2022-09-23,1212.515625,1238.5784272088517,1209.4520782930736,1214.3360624565184,10426200,INFY.NS
2022-09-26,1225.6580810546875,1242.7075831808704,1203.2361527470398,1207.6761385505345,9414587,INFY.NS
2022-09-27,1237.4683837890625,1248.967902705002,1223.6599857287542,1237.3794973619085,8561254,INFY.NS
2022-09-28,1238.489501953125,1248.3906912173352,1222.7719967699986,1224.5479909555759,7022098,INFY.NS
2022-09-29,1241.9970703125,1251.9425937102772,1236.9798654027875,1247.5470517617227,6119965,INFY.NS
2022-09-30,1255.1395263671875,1260.3343964051253,1221.884076510353,1233.3835962258331,8120130,INFY.NS
2022-10-03,1237.6461181640625,1253.8520673346413,1230.764139749159,1253.8520673346413,4943169,INFY.NS
2022-10-04,1269.30322265625,1271.8339930032037,1255.6280440611135,1260.689584755021,6631341,INFY.NS
2022-10-06,1292.1690673828125,1296.2982757871803,1282.3566555701389,1283.1558746803535,6180672,INFY.NS
2022-10-07,1288.6612548828125,1294.5664568499894,1278.8489526769124,1284.3544909391683,3994466,INFY.NS
2022-10-10,1298.8289794921875,1300.9157509967636,1266.5946414154234,1266.5946414154234,5274677,INFY.NS
2022-10-11,1264.3302001953125,1313.9248120732866,1261.0445461830916,1298.8288627361512,12824774,INFY.NS
2022-10-12,1268.6815185546875,1279.6927051868731,1255.2284480932105,1276.0519384547556,5481467,INFY.NS
2022-10-13,1260.866943359375,1276.8952239338298,1256.5157364440186,1270.7236882341983,4821514,INFY.NS
2022-10-14,1309.1298828125,1326.6678276560115,1302.913902361635,1318.6758527906138,14990688,INFY.NS
2022-10-17,1323.0712890625,1327.55571795731,1310.2397738100408,1311.4829914797187,4286396,INFY.NS
2022-10-18,1335.2811279296875,1341.7191065769207,1329.553590285518,1340.8755527341007,4692004,INFY.NS
2022-10-19,1319.0753173828125,1336.3912617326525,1315.3902159447794,1335.54770780305,3553171,INFY.NS
2022-10-20,1332.7947998046875,1335.5475689920102,1309.0852134280171,1309.7956544303293,4583939,INFY.NS
2022-10-21,1332.439697265625,1337.3236814941895,1324.314501823941,1332.2621411983666,3594485,INFY.NS
2022-10-24,1347.846435546875,1351.3540892842454,1341.7636768252662,1348.423655366755,982837,INFY.NS
2022-10-25,1355.35009765625,1361.2108571850185,1350.6881126041244,1356.9484274924105,3914341,INFY.NS
2022-10-27,1368.052490234375,1377.8823898027329,1357.7738493894442,1374.201834673,6760137,INFY.NS
2022-10-28,1358.4468994140625,1371.6430686464905,1352.836264607297,1369.892594419864,3053981,INFY.NS
2022-10-31,1380.35107421875,1388.2059642832278,1373.70805956196,1373.70805956196,4542336,INFY.NS
2022-11-01,1412.0848388671875,1413.8802423495363,1388.8343418542265,1394.1757329638529,4542692,INFY.NS
2022-11-02,1394.39990234375,1411.8601541702496,1386.9489354271407,1411.1868779880033,2938906,INFY.NS
2022-11-03,1374.15673828125,1385.9615363587588,1365.987675554083,1381.3383511548413,3174027,INFY.NS
2022-11-04,1359.1204833984375,1364.9106159972587,1347.5850375397733,1364.9106159972587,4509682,INFY.NS
2022-11-07,1353.240478515625,1371.598545314741,1338.56307661022,1365.7634838564727,4898592,INFY.NS
2022-11-09,1356.6065673828125,1372.5856991457824,1347.5398034514983,1372.5856991457824,3334755,INFY.NS
2022-11-10,1348.3031005859375,1357.3250470132657,1333.0870997451718,1333.0870997451718,3435763,INFY.NS
2022-11-11,1409.481201171875,1412.5334084004994,1388.430143367214,1388.430143367214,7214098,INFY.NS
2022-11-14,1423.1265869140625,1428.602545514008,1408.000225198226,1414.0148924987643,4908813,INFY.NS
2022-11-15,1430.9365234375,1434.392653098893,1411.8603621306952,1416.4386189277827,3497614,INFY.NS
2022-11-16,1438.8363037109375,1444.4020103215976,1430.4876342122222,1433.7642672771042,4497697,INFY.NS
2022-11-17,1425.0115966796875,1438.8362237690626,1421.0167586560885,1433.8090069491304,3469515,INFY.NS
2022-11-18,1430.397705078125,1434.527110387981,1414.3288250414669,1428.8715466578726,3126064,INFY.NS
2022-11-21,1407.775634765625,1425.4154934915452,1404.0502607137878,1420.2537091834579,3071764,INFY.NS
2022-11-22,1422.902099609375,1425.5502757469735,1402.2100319375143,1408.4939437323687,3399329,INFY.NS
2022-11-23,1421.1964111328125,1429.1410489418556,1417.7402816433105,1426.3581957002846,3245067,INFY.NS
2022-11-24,1463.07421875,1468.639925244856,1422.6327148727294,1426.4479469523692,5282215,INFY.NS
2022-11-25,1468.3258056640625,1475.8215929330347,1448.7110454604212,1464.510573443889,4563255,INFY.NS
2022-11-28,1457.328857421875,1484.34965474194,1454.276649943721,1461.4582630298628,3825766,INFY.NS
2022-11-29,1462.4010009765625,1471.1086636498967,1449.8331771528563,1455.3539549520883,3131710,INFY.NS
2022-11-30,1467.697265625,1477.3924872568878,1448.1274354474258,1454.2317409044451,11868134,INFY.NS
2022-12-01,1487.5814208984375,1501.49579683449,1483.272518616262,1486.7734674759286,5407928,INFY.NS
2022-12-02,1470.345458984375,1491.8005489428745,1466.7994719474775,1486.5938358778496,4283343,INFY.NS
2022-12-05,1472.0062255859375,1476.5844819133267,1457.2390778283009,1470.4352477571372,3824966,INFY.NS
2022-12-06,1447.903076171875,1459.6629463817758,1443.100394052047,1458.765244692734,4822398,INFY.NS
2022-12-07,1441.260009765625,1457.6879939155688,1433.3601913539392,1443.5042639072717,4898087,INFY.NS
2022-12-08,1454.4114990234375,1457.7778805554876,1434.976234395189,1441.260146588349,4206837,INFY.NS
2022-12-09,1408.7633056640625,1461.4583510232733,1401.4020860579217,1461.4583510232733,8880658,INFY.NS
2022-12-12,1388.923828125,1405.7557325970877,1373.528333834033,1391.4374363592497,8037679,INFY.NS
2022-12-13,1411.32177734375,1416.1244596167126,1383.4930240961316,1388.924053738368,6135067,INFY.NS
2022-12-14,1417.830078125,1425.9991416279158,1412.0847653639985,1420.164080614015,4976020,INFY.NS
2022-12-15,1382.909423828125,1409.3916231159728,1378.1964900565588,1408.7632757795202,6443866,INFY.NS
2022-12-16,1366.4814453125,1390.9887448634156,1357.369860981026,1368.9950538345975,9630453,INFY.NS
2022-12-19,1353.1507568359375,1361.7238526722738,1342.1090906861166,1353.6893559876567,6222740,INFY.NS
2022-12-20,1353.10595703125,1360.9159188007711,1330.797979798965,1347.4503918997082,7396259,INFY.NS
2022-12-21,1355.1256103515625,1365.4042507201466,1348.662092527513,1360.0180406581342,6236361,INFY.NS
2022-12-22,1366.346923828125,1373.4386796309227,1357.100552434212,1365.8531440573202,6302640,INFY.NS
2022-12-23,1343.94921875,1355.4398445619386,1340.2686636264464,1354.362536751784,6283822,INFY.NS
2022-12-26,1348.7071533203125,1355.439916556154,1343.2760138103065,1347.0014980506858,4115459,INFY.NS
2022-12-27,1359.8834228515625,1365.8082322618604,1344.3083199922382,1355.484662525693,4860076,INFY.NS
2022-12-28,1355.6641845703125,1368.9501033965662,1345.2059383085596,1351.1307473515324,5029860,INFY.NS
2022-12-29,1362.3072509765625,1365.673632332556,1347.4502440923538,1350.1433491771486,4624745,INFY.NS
2022-12-30,1353.9134521484375,1373.8424925770119,1350.1880783318293,1371.6879869113943,5060544,INFY.NS
2023-01-02,1368.0972900390625,1370.341544123772,1350.1881862761663,1359.1202737002234,3801140,INFY.NS
2023-01-03,1366.795654296875,1375.862418801588,1360.107711434535,1364.3717941574034,4551130,INFY.NS
2023-01-04,1341.8843994140625,1365.4041375693505,1338.5628377347775,1365.4041375693505,7059590,INFY.NS
2023-01-05,1324.2894287109375,1351.8489350836053,1318.948147732721,1351.8489350836053,9868404,INFY.NS
2023-01-06,1300.3209228515625,1324.1100180918568,1298.5255194372007,1319.6215095559523,6443714,INFY.NS
2023-01-09,1332.59326171875,1336.9920220213673,1300.0515746789345,1300.0515746789345,11498717,INFY.NS
2023-01-10,1319.3970947265625,1332.0995959017448,1305.3032216437111,1330.3939407278556,7158624,INFY.NS
2023-01-11,1320.743408203125,1341.16611850839,1314.2350719519966,1319.6212812632753,6173092,INFY.NS
2023-01-12,1329.1370849609375,1333.0869942679058,1306.1559438786553,1330.348960311909,6591385,INFY.NS
2023-01-13,1349.8291015625,1363.9679024832087,1317.8260159746374,1331.7403914839063,11610426,INFY.NS
2023-01-16,1369.444091796875,1371.6883462901508,1348.6174539323713,1355.5297139385652,6073063,INFY.NS
2023-01-17,1382.0118408203125,1384.4355917064236,1368.0974637285847,1370.790568972145,5922644,INFY.NS
2023-01-18,1387.3082275390625,1393.0983596644714,1382.1015138518171,1386.7246995181722,5843098,INFY.NS
2023-01-19,1381.47314453125,1391.0336893900567,1370.0274480510775,1382.3708462159693,6165284,INFY.NS
2023-01-20,1369.4888916015625,1386.9491460799632,1368.0974101138277,1380.6652340912512,6496429,INFY.NS
2023-01-23,1389.6422119140625,1394.4000746897525,1371.777926420586,1377.9720899793838,4855020,INFY.NS
2023-01-24,1393.14306640625,1408.3142446162876,1391.2129861446776,1400.4144270919162,5200802,INFY.NS
2023-01-25,1385.1536865234375,1396.8238083152746,1381.338454399183,1388.744493228618,4158617,INFY.NS
2023-01-27,1363.74365234375,1392.2905025981806,1353.1956566504216,1387.8469227136595,6209955,INFY.NS
2023-01-30,1381.38330078125,1386.0513053859913,1364.5064664421677,1372.4062845546568,6964719,INFY.NS
2023-01-31,1376.849853515625,1390.4500549143277,1358.2225449839548,1390.4500549143277,9448126,INFY.NS
2023-02-01,1392.4249267578125,1395.9709138195835,1371.7329706732953,1384.4353606189748,6194199,INFY.NS
2023-02-02,1421.73486328125,1424.6074644757896,1393.23283839779,1393.23283839779,6916834,INFY.NS
2023-02-03,1435.783935546875,1440.4968688634683,1412.0845918097493,1434.0782806205177,7040194,INFY.NS
2023-02-06,1409.2569580078125,1434.5272821728975,1401.8509191605494,1434.5272821728975,4570612,INFY.NS
2023-02-07,1402.569091796875,1414.822741340062,1396.0158258630909,1408.4939008206854,4336238,INFY.NS
2023-02-08,1427.7945556640625,1439.0158269283195,1405.3520131355485,1405.3520131355485,7983338,INFY.NS
2023-02-09,1451.5836181640625,1454.0522977867906,1423.79979497045,1432.9113793663391,6904911,INFY.NS
2023-02-10,1443.998046875,1450.955234729636,1433.1357691390035,1447.9478465069383,4786762,INFY.NS
2023-02-13,1407.1025390625,1433.6296691341104,1405.8009153813505,1433.6296691341104,4001199,INFY.NS
2023-02-14,1430.26318359375,1432.731863182567,1416.7079103135172,1422.5877904936112,5043736,INFY.NS
2023-02-15,1433.6744384765625,1435.424912829853,1414.7777752469344,1421.9593883192538,3465747,INFY.NS
2023-02-16,1437.9384765625,1449.2943142141119,1434.3924894685822,1436.3225698383455,4290289,INFY.NS
2023-02-17,1421.7799072265625,1431.8341218036317,1414.328939750233,1430.9364201598676,2857734,INFY.NS
2023-02-20,1429.5450439453125,1439.0158408168427,1420.6129557658476,1422.8122811217777,2417716,INFY.NS
2023-02-21,1417.919677734375,1437.8037900984118,1414.777722133191,1435.155504627785,2723288,INFY.NS
2023-02-22,1402.030517578125,1413.8801358358503,1396.1954567000723,1403.1077157532914,3656244,INFY.NS
2023-02-23,1392.0660400390625,1409.257050222941,1389.7769663588479,1409.257050222941,4766854,INFY.NS
2023-02-24,1392.0211181640625,1408.4939219116857,1386.9490818059621,1400.4146068720393,2790986,INFY.NS
2023-02-27,1354.9012451171875,1382.4606439922532,1348.3479787508859,1382.4606439922532,4920268,INFY.NS
2023-02-28,1335.376220703125,1368.0974041544362,1329.7655850233577,1360.5566878842833,9679811,INFY.NS
2023-03-01,1343.006591796875,1347.3154939495362,1329.9449890099597,1339.7299588712954,5125043,INFY.NS
2023-03-02,1321.5516357421875,1336.318785501753,1317.1978042286796,1333.0870811609395,4644499,INFY.NS
2023-03-03,1327.9700927734375,1337.3959600849184,1322.3145285534606,1334.6579262232572,4615015,INFY.NS
2023-03-06,1353.240478515625,1364.8657820936621,1340.4034090570754,1341.660213441557,6561742,INFY.NS
2023-03-08,1339.999267578125,1342.961726985448,1329.585949900398,1338.0692966126087,4137080,INFY.NS
2023-03-09,1328.9573974609375,1345.0710964615623,1323.7506846342324,1342.0638181835122,5104656,INFY.NS
2023-03-10,1321.012939453125,1323.481619051477,1308.5348642940003,1310.6444413069564,3699580,INFY.NS
2023-03-13,1288.2916259765625,1327.0724033065608,1281.9179661287412,1314.4147222773474,8798403,INFY.NS
2023-03-14,1274.7364501953125,1300.1862721963982,1266.6571346659055,1293.5881864305952,7402784,INFY.NS
2023-03-15,1274.4222412109375,1295.2488768323813,1271.9086326160925,1290.8950455008883,7556182,INFY.NS
2023-03-16,1260.463134765625,1272.7617157538912,1255.6155229010071,1272.7617157538912,7323117,INFY.NS
2023-03-17,1275.3646240234375,1295.2936653670802,1267.016064862061,1283.7132927675293,9090018,INFY.NS
2023-03-20,1260.05908203125,1274.4671293545564,1243.1822453152042,1274.4671293545564,8221829,INFY.NS
2023-03-21,1248.43359375,1261.2707706940655,1247.80524645178,1255.8845609971513,8536755,INFY.NS
2023-03-22,1247.132080078125,1263.2907105920037,1240.7584199586402,1259.475478387338,8356487,INFY.NS
2023-03-23,1233.935791015625,1242.3740984776875,1229.851204859829,1242.3740984776875,7607718,INFY.NS
2023-03-24,1239.411865234375,1255.8397404782686,1236.584082982878,1246.0099507660507,7559127,INFY.NS
2023-03-27,1246.86279296875,1252.967208658463,1233.5319439925304,1244.4390420940674,4170193,INFY.NS
2023-03-28,1236.6739501953125,1254.987088423621,1235.1029720803328,1249.6906260051426,6633366,INFY.NS
2023-03-29,1242.0150146484375,1247.715397534525,1224.9586853177364,1237.9304287914233,8813966,INFY.NS
2023-03-31,1281.873046875,1283.6684502024389,1251.3063709749888,1260.37313586201,8711975,INFY.NS
2023-04-03,1266.5223388671875,1288.2018554237902,1261.4054833442367,1288.2018554237902,5242764,INFY.NS
2023-04-05,1277.9232177734375,1281.469095430332,1256.7823002469104,1256.7823002469104,7506334,INFY.NS
2023-04-06,1276.4420166015625,1282.277077411361,1266.073518560293,1271.1455548730469,6948465,INFY.NS
2023-04-10,1281.558837890625,1287.304150296638,1270.247819156027,1278.2822049918059,4993788,INFY.NS
2023-04-11,1262.30322265625,1286.7206641982061,1246.907617130072,1282.7259356078043,6942255,INFY.NS
2023-04-12,1282.1875,1285.0601018714028,1256.7824957177534,1268.497547814503,5831169,INFY.NS
2023-04-13,1247.0870361328125,1266.7019040302373,1241.5213299689306,1265.5348481010121,11267238,INFY.NS
2023-04-17,1129.578125,1132.1365530010617,1064.0458990402255,1122.396511196189,53171705,INFY.NS
2023-04-18,1130.5203857421875,1140.0359999245725,1124.909751249896,1140.0359999245725,12430884,INFY.NS
2023-04-19,1106.14794921875,1126.0320630409092,1103.6344503031144,1126.0320630409092,11307230,INFY.NS
2023-04-20,1098.248291015625,1111.2200368576048,1096.4528876003903,1104.801447731595,8621249,INFY.NS
2023-04-21,1101.794189453125,1107.0906515432816,1095.1961036957662,1102.4674657463806,8691352,INFY.NS
2023-04-24,1100.8515625,1104.1730147274745,1093.4005950715969,1102.3776114514949,8313774,INFY.NS
2023-04-25,1099.5947265625,1109.110341734084,1090.7074586862907,1100.537247505562,6808576,INFY.NS
2023-04-26,1101.9736328125,1106.8660626545704,1095.6897216700977,1102.3775546957118,5680192,INFY.NS
2023-04-27,1118.7606201171875,1120.152101431663,1100.0435636550399,1104.1729691026203,8020704,INFY.NS
2023-04-28,1124.5958251953125,1130.2064609226888,1117.5937079744554,1127.2440014255426,10118277,INFY.NS
2023-05-02,1146.76904296875,1148.8338008021124,1126.2117608061656,1126.2117608061656,8886401,INFY.NS
2023-05-03,1139.318115234375,1142.3253939620522,1132.9892745231455,1136.4903330105763,5549783,INFY.NS
2023-05-04,1143.267822265625,1145.2876506991165,1133.3481765702838,1139.1383075798776,4505401,INFY.NS
2023-05-05,1130.296142578125,1148.1604275980321,1125.9423114267645,1148.1604275980321,5373791,INFY.NS
2023-05-08,1136.13134765625,1140.350611760026,1126.7952272539592,1133.3035651406553,5260842,INFY.NS
2023-05-09,1140.7093505859375,1141.8764064696595,1131.732334811805,1136.49019700518,4969897,INFY.NS
2023-05-10,1134.0216064453125,1145.8264050289897,1130.3410516063245,1145.8264050289897,6515734,INFY.NS
2023-05-11,1127.6031494140625,1145.377687946898,1124.8652248185404,1140.3056511286572,6888461,INFY.NS
2023-05-12,1117.8179931640625,1127.513214317715,1112.2972159671344,1125.1342831512181,8292212,INFY.NS
2023-05-15,1129.622802734375,1139.0935985840445,1118.222036083044,1122.0372679380657,5534710,INFY.NS
2023-05-16,1134.96435546875,1143.6270896069495,1133.5728739365072,1135.5927028546282,5236469,INFY.NS
2023-05-17,1119.3441162109375,1131.9567575948706,1115.3492784510368,1131.642583960043,10465667,INFY.NS
2023-05-18,1118.5362548828125,1130.7899043107132,1115.3493701951222,1129.8472737459822,6948732,INFY.NS
2023-05-19,1139.0936279296875,1143.043537044953,1124.6406535054546,1127.5581838226922,11094136,INFY.NS
2023-05-22,1160.5487060546875,1163.0622048581356,1140.3054905530537,1142.7292411104354,7625947,INFY.NS
2023-05-23,1167.0570068359375,1179.7145774568664,1164.3639020407309,1166.293872811124,7436031,INFY.NS
2023-05-24,1165.8004150390625,1171.5007993107326,1159.2023290054685,1163.6908378150881,4824077,INFY.NS
2023-05-25,1170.9169921875,1173.2959232061812,1157.3617207295863,1162.0746538564665,4334121,INFY.NS
2023-05-26,1182.6771240234375,1188.0633345112276,1172.398482842331,1172.398482842331,5521606,INFY.NS
2023-05-29,1179.9390869140625,1196.3669615854992,1175.8545005172648,1196.3669615854992,4419365,INFY.NS
2023-05-30,1188.4224853515625,1190.7116687348584,1175.2263129540866,1180.4778464762358,6274719,INFY.NS
2023-05-31,1183.4400634765625,1194.9305782104627,1179.7145799188752,1184.831435207361,17800782,INFY.NS
2023-06-01,1184.5174560546875,1193.4944735314186,1183.2606516913986,1187.2554902181837,4277841,INFY.NS
2023-06-02,1181.7880859375,1194.4338775054596,1179.104315999841,1190.8857617337856,10909311,INFY.NS
2023-06-05,1186.7918701171875,1191.2951754512299,1180.241587621195,1186.3369863034209,5002553,INFY.NS
2023-06-06,1163.5927734375,1172.3265202842344,1158.134167776339,1172.3265202842344,10008100,INFY.NS
2023-06-07,1172.644775390625,1177.2391456905614,1166.7768194344242,1174.0549594386935,5397578,INFY.NS
2023-06-08,1167.0499267578125,1175.4197442918237,1165.5032551977433,1170.1430477667195,5034942,INFY.NS
2023-06-09,1151.72021484375,1166.7769126021076,1149.9462124982956,1166.7769126021076,5339073,INFY.NS
2023-06-12,1175.374267578125,1178.7858962557063,1158.1342150829948,1158.5890989066725,4785588,INFY.NS
2023-06-13,1187.110107421875,1188.6112460171735,1180.0139875118512,1182.606802691583,4846587,INFY.NS
2023-06-14,1183.0618896484375,1188.7933592845616,1176.5114958499232,1188.4749628140476,3457981,INFY.NS
2023-06-15,1170.6888427734375,1177.1935914392234,1166.9132855039109,1177.1935914392234,6161155,INFY.NS
2023-06-16,1175.1011962890625,1184.0623838210365,1165.457683142132,1170.8707552652124,8536287,INFY.NS
2023-06-19,1177.2393798828125,1182.2431021311552,1170.9165389185205,1177.2393798828125,4451787,INFY.NS
2023-06-20,1185.7911376953125,1187.2467436756685,1174.6009515510648,1177.2392998592454,4009180,INFY.NS
2023-06-21,1182.1065673828125,1186.1551000366512,1178.1491003379751,1182.6524057587176,4041529,INFY.NS
2023-06-22,1165.9127197265625,1173.0543732215287,1158.5890460770524,1173.0543732215287,6676607,INFY.NS
2023-06-23,1150.85595703125,1163.9110992338817,1149.354818354435,1161.27275111336,7239467,INFY.NS
2023-06-26,1155.7232666015625,1159.0439406048426,1148.3541711369407,1155.6323120512568,3403244,INFY.NS
2023-06-27,1163.729248046875,1166.322063496411,1159.2258317923613,1164.5025282959484,3240024,INFY.NS
2023-06-28,1176.64794921875,1179.695648586696,1165.7762703962558,1173.600249850804,5662358,INFY.NS
2023-06-30,1214.99462890625,1218.0878609550978,1186.7463005247835,1190.1579290222737,12821692,INFY.NS
2023-07-03,1213.3570556640625,1224.547242045568,1208.5807755595015,1209.9909598221436,7732412,INFY.NS
2023-07-04,1223.77392578125,1224.5472060405089,1211.2646211133026,1223.0006455219911,5797775,INFY.NS
2023-07-05,1225.72998046875,1235.4189169481579,1219.9983999394044,1235.327962395677,5414936,INFY.NS
2023-07-06,1222.63671875,1225.8663271465525,1216.4957873550766,1221.4085546821386,5963897,INFY.NS
2023-07-07,1210.1728515625,1224.365315371182,1205.7605007879629,1213.6300129632032,6295647,INFY.NS
2023-07-10,1209.2176513671875,1220.817188493727,1200.2564625432983,1215.9499539497926,3940315,INFY.NS
2023-07-11,1226.91259765625,1229.0051076173486,1207.2616391546826,1213.129595917475,6126128,INFY.NS
2023-07-12,1212.9931640625,1229.9148189122855,1207.26158386156,1229.0960058756348,8102770,INFY.NS
2023-07-13,1241.923828125,1252.5681765318216,1210.7642853266614,1214.448888824335,9977644,INFY.NS
2023-07-14,1297.2830810546875,1300.9676843031073,1256.0706748916025,1256.0706748916025,12833381,INFY.NS
2023-07-17,1294.5537109375,1327.3053432456984,1286.68431035238,1297.2830136298498,11569884,INFY.NS
2023-07-18,1342.089111328125,1344.5909722136412,1300.0578928736984,1304.6067308473641,16743977,INFY.NS
2023-07-19,1341.86181640625,1363.5598647617583,1328.8976267613086,1351.91479385142,13687062,INFY.NS
2023-07-20,1318.7080078125,1338.2680093081667,1310.7020092897064,1338.2680093081667,8347221,INFY.NS
2023-07-21,1211.4464111328125,1228.186155763225,1187.2466172377842,1201.075039161913,45548305,INFY.NS
2023-07-24,1215.995361328125,1228.0953149237007,1213.8574296627578,1219.998361010124,8859789,INFY.NS
2023-07-25,1214.17578125,1221.681363730559,1204.759709076421,1216.359245637285,6801982,INFY.NS
2023-07-26,1227.1400146484375,1228.186269607745,1218.5427551834298,1221.817896357927,5528885,INFY.NS
2023-07-27,1231.052001953125,1240.7410487249037,1225.5024420215238,1236.0101907567564,9191861,INFY.NS
2023-07-28,1219.54345703125,1240.7865080925476,1215.4495028674003,1231.6888321728816,6122735,INFY.NS
2023-07-31,1233.3719482421875,1235.0095744205735,1212.9477090948283,1227.0491075504592,7902180,INFY.NS
2023-08-01,1242.0146484375,1245.471809643269,1234.55459874793,1239.1034366209878,6064652,INFY.NS
2023-08-02,1234.4180908203125,1248.1555587567932,1226.7760211098619,1245.7447635687552,7419145,INFY.NS
2023-08-03,1241.1959228515625,1243.2428998554956,1227.2764348025732,1228.186202359877,6503741,INFY.NS
2023-08-04,1253.97802734375,1260.8468164782487,1239.1033507409106,1245.3807687817762,5712345,INFY.NS
2023-08-07,1267.3062744140625,1269.1258096249944,1252.7499927266074,1262.6664818373094,3729093,INFY.NS
2023-08-08,1264.7589111328125,1267.8067215289614,1259.482325527499,1267.1698175564386,4161877,INFY.NS
2023-08-09,1268.579833984375,1270.0354397844685,1257.7535784398478,1259.1182297003613,4090828,INFY.NS
2023-08-10,1263.7581787109375,1269.853688398212,1260.5739920409878,1266.0325977609016,3873025,INFY.NS
2023-08-11,1248.064697265625,1270.8088879474917,1243.6978792880777,1266.3965371663332,5783517,INFY.NS
2023-08-14,1267.806640625,1269.1257591782453,1242.378570429603,1248.0646177377491,4304135,INFY.NS
2023-08-16,1290.5052490234375,1291.8243675275844,1278.5873165202784,1283.5000834227826,7735313,INFY.NS
2023-08-17,1284.1824951171875,1291.8699868845008,1279.1332405349353,1291.8699868845008,5618346,INFY.NS
2023-08-18,1263.4853515625,1281.589638878783,1261.0744450887594,1277.0408006474313,5134103,INFY.NS
2023-08-21,1278.58740234375,1280.04300828704,1261.9841437074754,1264.3495172472738,3032722,INFY.NS
2023-08-22,1277.086181640625,1279.1786914005518,1270.626854331071,1277.9504163795991,2890714,INFY.NS
2023-08-23,1280.9071044921875,1288.7766155616553,1278.814705879977,1288.230777273931,2559125,INFY.NS
2023-08-24,1295.1451416015625,1296.4643712635414,1286.8207457961107,1293.2346518402169,5171963,INFY.NS
2023-08-25,1291.9609375,1294.14440193583,1284.0460038576823,1285.5016097963642,4307172,INFY.NS
2023-08-28,1287.9124755859375,1296.236871016697,1284.0459634347399,1291.9608968278883,3133464,INFY.NS
2023-08-29,1289.7320556640625,1295.8729869417455,1287.594124022955,1295.509057691945,3074444,INFY.NS
2023-08-30,1305.6529541015625,1307.0176054605395,1295.5090234553786,1298.2383261733323,3070887,INFY.NS
2023-08-31,1305.9259033203125,1314.5232740786394,1299.7395500542452,1305.653039664003,9792735,INFY.NS
2023-09-01,1313.5679931640625,1315.524015813637,1299.3301072963106,1301.8319683222358,3582133,INFY.NS
2023-09-04,1332.900390625,1337.358273748617,1305.2434354057439,1312.7945503532342,4609014,INFY.NS
2023-09-05,1345.455322265625,1346.5015772139598,1325.0765058688094,1332.8095304482017,5496840,INFY.NS
2023-09-06,1344.1358642578125,1349.094163455593,1331.2627437836506,1348.1843960125796,5075786,INFY.NS
2023-09-07,1333.901123046875,1340.4515159698167,1330.1256765994524,1337.90412243496,4411743,INFY.NS
2023-09-08,1336.99462890625,1341.6799549097377,1328.4427900644057,1331.4450679846761,3125838,INFY.NS
2023-09-11,1343.2261962890625,1344.6819131501657,1332.3545189621761,1336.9943110540305,4182226,INFY.NS
2023-09-12,1365.652099609375,1368.2904478169532,1343.8176775697427,1348.7304447397828,6793161,INFY.NS
2023-09-13,1363.1502685546875,1369.2002453382354,1354.3255672096375,1369.2002453382354,4804686,INFY.NS
2023-09-14,1370.97412109375,1376.068908054887,1363.878001064633,1369.200118850372,6444213,INFY.NS
2023-09-15,1375.2047119140625,1381.3911761511094,1372.839338313645,1381.0272468920564,8657816,INFY.NS
2023-09-18,1357.1912841796875,1369.1092169496771,1353.7341230453653,1369.1092169496771,3991916,INFY.NS
2023-09-20,1355.7811279296875,1360.193478454991,1342.9988490854248,1342.9988490854248,4169337,INFY.NS
2023-09-21,1366.243408203125,1368.790801746706,1342.8168939622524,1352.4149859666784,6779195,INFY.NS
2023-09-22,1361.1488037109375,1370.9742270619945,1351.1867819544711,1357.282291448548,5455613,INFY.NS
2023-09-25,1341.1337890625,1355.4170944618959,1338.768415761757,1355.4170944618959,4217863,INFY.NS
2023-09-26,1328.8519287109375,1346.3649531864253,1327.3507901162034,1345.6826275575102,3996528,INFY.NS
2023-09-27,1334.6290283203125,1336.994401796738,1319.2085123948889,1324.6215850268404,3863586,INFY.NS
2023-09-28,1309.5648193359375,1339.723634998435,1305.5163982722486,1335.447772053514,5814602,INFY.NS
2023-09-29,1305.9259033203125,1316.251854791077,1288.2309672949007,1302.8782039633304,6068968,INFY.NS
2023-10-03,1304.606689453125,1307.3359921507258,1292.142918222993,1306.4717573853966,4181867,INFY.NS
2023-10-04,1314.0228271484375,1319.1175035605104,1290.2323819022101,1296.4188460811952,4510406,INFY.NS
2023-10-05,1331.3992919921875,1342.4985228636597,1319.3448718155562,1320.982497846701,7384621,INFY.NS
2023-10-06,1345.273193359375,1350.5498894209854,1331.262862333814,1336.903376560551,3598672,INFY.NS
2023-10-09,1342.3165283203125,1356.4634585781648,1330.2621079137662,1332.7185470073355,3567552,INFY.NS
2023-10-10,1360.239013671875,1361.9220614766054,1336.5395238912695,1350.0041284403374,5688951,INFY.NS
2023-10-11,1359.556640625,1381.254574348816,1347.7750842911132,1361.9220140294271,7220129,INFY.NS
2023-10-12,1333.2642822265625,1368.6542604790434,1320.9824208754478,1357.2821666354187,11081662,INFY.NS
2023-10-13,1302.0137939453125,1308.2456791767233,1273.6745138020951,1278.2233513513881,17973439,INFY.NS
2023-10-16,1304.7431640625,1313.340423053773,1300.9676064898863,1302.8780961484347,4850745,INFY.NS
2023-10-17,1312.2943115234375,1322.2108011891066,1308.291422679862,1310.2928671016498,3923764,INFY.NS
2023-10-18,1310.565673828125,1322.8020028156968,1308.5641186072812,1311.8847923385383,4264837,INFY.NS
2023-10-19,1304.2882080078125,1309.7468130472434,1297.4194189109537,1297.4194189109537,6795691,INFY.NS
2023-10-20,1298.465576171875,1308.7004598516323,1296.6460412954737,1300.9674366269269,3928622,INFY.NS
2023-10-23,1281.5440673828125,1303.1055136577397,1278.4508355358098,1296.964582762976,2636516,INFY.NS
2023-10-25,1262.560302734375,1292.5104566531788,1254.4967997562355,1289.2389333048216,6940777,INFY.NS
2023-10-26,1252.7919921875,1266.2004921783227,1246.940214740459,1248.7372916684367,6357656,INFY.NS
2023-10-27,1272.0521240234375,1276.3373223697179,1256.6623976967833,1256.6623976967833,4634358,INFY.NS
2023-10-30,1269.0111083984375,1272.0521334622172,1256.155513264206,1272.0521334622172,2667696,INFY.NS
2023-10-31,1261.0396728515625,1272.7893480503349,1256.0633173275878,1271.6834287710847,3451595,INFY.NS
2023-11-01,1247.90771484375,1269.379603358429,1245.6038569027073,1265.3249033766447,3090672,INFY.NS
2023-11-02,1262.652587890625,1268.32010174213,1254.8194697606157,1262.514333895597,3758060,INFY.NS
2023-11-03,1280.0694580078125,1282.787965091785,1269.655976225005,1271.7755703024777,3349045,INFY.NS
2023-11-06,1293.20166015625,1296.8417109189295,1281.6823697767961,1284.5391312922866,2736381,INFY.NS
2023-11-07,1294.1231689453125,1295.5976155760281,1285.4145181543718,1290.1604881630135,2272209,INFY.NS
2023-11-08,1281.86669921875,1294.7683051059266,1277.6736323081873,1294.7683051059266,3550635,INFY.NS
2023-11-09,1266.9376220703125,1287.8566074771882,1262.5602919196745,1286.3821608724284,5498051,INFY.NS
2023-11-10,1261.4544677734375,1265.4171487849635,1254.2203756878132,1262.4681428598753,2943649,INFY.NS
2023-11-13,1265.78564453125,1273.9872886097166,1263.2974105189112,1271.5912989072524,3462092,INFY.NS
2023-11-15,1299.836669921875,1303.062071087934,1283.7096640915788,1289.2389232333946,8551860,INFY.NS
2023-11-16,1331.5379638671875,1339.3710820771903,1299.9289830342973,1304.9974712878286,6673907,INFY.NS
2023-11-17,1324.7645263671875,1337.1592379171582,1322.4606682729127,1327.9899276991723,4901251,INFY.NS
2023-11-20,1323.8890380859375,1338.0808269307881,1321.170530438921,1328.8653942384274,3584210,INFY.NS
2023-11-21,1326.1007080078125,1336.2376835381015,1324.0272357402534,1328.8653376978914,3793135,INFY.NS
2023-11-22,1343.4256591796875,1344.4853438157159,1323.5202369954038,1323.5202369954038,3108786,INFY.NS
2023-11-23,1335.546630859375,1352.7334359458998,1334.1181937435772,1352.7334359458998,3186928,INFY.NS
2023-11-24,1324.626220703125,1338.6797545299087,1321.3546973396635,1332.1368202960523,2973195,INFY.NS
2023-11-28,1329.5103759765625,1331.6299704076575,1315.088314388403,1330.7084271755414,3755373,INFY.NS
2023-11-29,1345.0843505859375,1346.0980255458026,1336.0532952698873,1337.2512338613426,3875778,INFY.NS
2023-11-30,1340.983642578125,1346.0521303013406,1335.8230230312827,1339.2326879569457,10120867,INFY.NS
2023-12-01,1338.357177734375,1345.3608832594507,1332.6896647955414,1345.3608832594507,3489187,INFY.NS
2023-12-04,1349.4617919921875,1356.4194883018783,1335.592634024112,1345.8677509348179,5511948,INFY.NS
2023-12-05,1339.8778076171875,1351.8118605948976,1328.8654104130064,1350.7981854850148,5123039,INFY.NS
2023-12-06,1358.6312255859375,1361.1193473034825,1337.2053455420607,1342.4580969426866,5269178,INFY.NS
2023-12-07,1350.89013671875,1357.2948166644478,1347.1118322726165,1357.2948166644478,4424453,INFY.NS
2023-12-08,1374.1590576171875,1377.4304682252803,1351.2126112346928,1355.0370377139516,6323433,INFY.NS
2023-12-11,1371.717041015625,1380.471701337861,1365.727010268832,1373.0993558033465,3862018,INFY.NS
2023-12-12,1360.243896484375,1373.0993792323097,1352.5029110424384,1361.5800891380788,6103494,INFY.NS
2023-12-13,1335.3160400390625,1360.2438275366712,1320.7096034385588,1360.1977053814053,8549258,INFY.NS
2023-12-14,1383.6512451171875,1392.4520292802904,1346.6973785528403,1348.58658745479,12489858,INFY.NS
2023-12-15,1454.5638427734375,1463.917528966799,1401.6672393803897,1403.5564479809898,18395389,INFY.NS
2023-12-18,1441.6160888671875,1468.0183241638513,1437.88390638634,1444.9336219034078,6467243,INFY.NS
2023-12-19,1436.0408935546875,1450.4629554436433,1422.1716226248461,1446.915036424613,4221721,INFY.NS
2023-12-20,1415.85888671875,1459.2635456213156,1409.9609881911038,1442.2611198785871,6592367,INFY.NS
2023-12-21,1415.4903564453125,1425.3048140325604,1401.897594233354,1401.897594233354,5319038,INFY.NS
2023-12-22,1440.280029296875,1443.136790994993,1403.510429556433,1414.5228268659648,6741060,INFY.NS
2023-12-26,1422.8167724609375,1426.549067926583,1403.5104847882335,1414.5690046946413,6878067,INFY.NS
2023-12-27,1444.1505126953125,1446.8230108190085,1422.8628845251906,1422.8628845251906,4225849,INFY.NS
2023-12-28,1440.0494384765625,1445.855092876647,1432.9996108186176,1445.855092876647,5702253,INFY.NS
2023-12-29,1421.84912109375,1437.1005945803086,1419.1766231359832,1420.1442885580782,4388990,INFY.NS
2024-01-01,1429.635986328125,1434.8427277811138,1414.799163664711,1418.254950581332,2808451,INFY.NS
2024-01-02,1414.0157470703125,1427.608507717753,1403.5101332916463,1424.7056244707057,5396313,INFY.NS
2024-01-03,1373.099365234375,1400.6995390215577,1371.2562788380874,1400.6995390215577,7550363,INFY.NS
2024-01-04,1394.0184326171875,1400.5153575424802,1375.771943719321,1386.8764724125788,7056038,INFY.NS
2024-01-05,1412.31103515625,1418.8999788505123,1388.07440470264,1388.5351762892633,8895403,INFY.NS
2024-01-08,1403.3260498046875,1415.4903752195028,1394.52526712299,1408.9934505703893,4440136,INFY.NS
2024-01-09,1409.3160400390625,1431.1565685607613,1406.1366485499625,1420.9274616897512,4412074,INFY.NS
2024-01-10,1400.6534423828125,1414.983370728282,1386.9224270844938,1405.3071677486228,4096845,INFY.NS
2024-01-11,1376.9698486328125,1405.3534251009314,1369.9661425866611,1405.261293276588,11296088,INFY.NS
2024-01-12,1486.2188720703125,1491.056974118596,1433.3683893367258,1439.450552270239,26754401,INFY.NS
2024-01-15,1522.4815673828125,1534.3233755421343,1507.6447436874366,1515.8925107048797,13228305,INFY.NS
2024-01-16,1503.5439453125,1519.1640585147397,1497.5077919845023,1515.7543934625273,6500917,INFY.NS
2024-01-17,1511.51513671875,1518.2424471875822,1493.1303945709744,1493.1303945709744,9209876,INFY.NS
2024-01-18,1513.726806640625,1519.6247054977496,1500.5026844916376,1513.7729287969016,6375464,INFY.NS
2024-01-19,1529.0245361328125,1534.8303036837544,1515.1553775281222,1522.020829836473,4522736,INFY.NS
2024-01-23,1513.3123779296875,1543.30854535104,1509.2114426801818,1520.6386022901127,9401255,INFY.NS
2024-01-24,1543.9534912109375,1548.1925674088009,1515.938555587784,1529.6695716902016,8999681,INFY.NS
2024-01-25,1538.147705078125,1548.6994420250173,1527.9185982399085,1541.6956238359799,8865304,INFY.NS
2024-01-29,1526.6282958984375,1547.593401683499,1518.334407895556,1534.5075344983973,4253785,INFY.NS
2024-01-30,1521.8824462890625,1557.4079810311105,1518.9335530973535,1532.0194213135253,4995943,INFY.NS
2024-01-31,1530.5911865234375,1536.4429635862402,1509.5799556993886,1518.93364206389,6763779,INFY.NS
2024-02-01,1527.0433349609375,1545.4280783736983,1520.8689274978267,1529.3471931576782,5760011,INFY.NS
2024-02-02,1560.4952392578125,1583.6720744845543,1534.3695106294924,1535.3371760388302,7858483,INFY.NS
2024-02-05,1554.8277587890625,1567.3147150838886,1549.8975247974827,1561.785455468717,3634135,INFY.NS
2024-02-06,1593.7628173828125,1597.034340689009,1542.6171705805966,1554.4129683538292,7694265,INFY.NS
2024-02-07,1560.8636474609375,1593.348042190383,1554.5049774833712,1593.348042190383,4613877,INFY.NS
2024-02-08,1559.34326171875,1572.4752526176906,1550.7729772594932,1564.7803892211357,5919715,INFY.NS
2024-02-09,1538.3780517578125,1560.0804381745947,1529.5773820750176,1552.5237167662156,4600004,INFY.NS
2024-02-12,1548.2847900390625,1560.126598289278,1539.2997433619348,1539.2997433619348,3555808,INFY.NS
2024-02-13,1552.3856201171875,1556.5785741207376,1532.9870910403704,1550.9571831806093,2696481,INFY.NS
2024-02-14,1535.4752197265625,1538.4702350970776,1507.1838887623073,1529.9459605809961,3768579,INFY.NS
2024-02-15,1544.8289794921875,1555.3345948697918,1531.2362167759502,1545.428005093551,4834391,INFY.NS
2024-02-16,1568.1439208984375,1574.9172405402414,1555.5187122701257,1556.4863775731233,4880654,INFY.NS
2024-02-19,1566.39306640625,1577.2211990906292,1555.2884257624896,1571.2311682439513,3690993,INFY.NS
2024-02-20,1553.03076171875,1561.324650966914,1537.8252980971156,1552.800375906301,3706389,INFY.NS
2024-02-21,1525.660888671875,1542.6633157025528,1516.2150708785946,1542.6633157025528,4300508,INFY.NS
2024-02-22,1549.436767578125,1552.4317832308739,1515.3857884617946,1534.3695574852186,5841277,INFY.NS
2024-02-23,1545.289794921875,1565.1951068635992,1540.7282007765268,1563.858914132195,5373072,INFY.NS
2024-02-26,1529.89990234375,1543.5386736406174,1515.9385009458492,1543.5386736406174,2782438,INFY.NS
2024-02-27,1533.079345703125,1539.9909201570279,1523.1267459853489,1530.6833557243867,5159088,INFY.NS
2024-02-28,1540.129150390625,1555.380736114235,1531.6509975218291,1538.9772213327412,3188916,INFY.NS
2024-02-29,1542.571044921875,1550.2659074446117,1523.587279224107,1534.3692886879348,7814722,INFY.NS
2024-03-01,1524.8775634765625,1540.7741844629486,1521.4678984651173,1538.0556768856939,6387291,INFY.NS
2024-03-04,1508.75048828125,1533.8625405850848,1505.479077403563,1527.7803779385492,4445156,INFY.NS
2024-03-05,1480.459228515625,1508.888815229402,1476.312283897934,1505.8016678459578,4596579,INFY.NS
2024-03-06,1490.6422119140625,1493.0382016771937,1452.352047887815,1477.049450044554,6420684,INFY.NS
2024-03-07,1489.6285400390625,1500.6870590284748,1478.3396352373709,1489.7667940250446,6348359,INFY.NS
2024-03-11,1475.0220947265625,1487.186533050453,1463.4106723438592,1481.9797912201366,6752895,INFY.NS
2024-03-12,1486.4029541015625,1497.5075938718044,1472.3034116366352,1474.469015504546,4614222,INFY.NS
2024-03-13,1484.9747314453125,1497.046924837975,1473.1329238521018,1486.3570462420234,5688997,INFY.NS
2024-03-14,1523.58740234375,1527.6882245455754,1481.8414508033693,1487.7393497230903,8803799,INFY.NS
2024-03-15,1505.8016357421875,1516.6758908384104,1491.3794617139743,1512.344570167545,11809997,INFY.NS
2024-03-18,1476.9112548828125,1504.5575513115562,1473.4093456712776,1502.11543929507,4958904,INFY.NS
2024-03-19,1438.9434814453125,1473.5474711208267,1435.764202630549,1467.4191867817187,6870411,INFY.NS
2024-03-20,1432.95361328125,1451.3844780457566,1430.5576233604784,1440.3720813461923,4759059,INFY.NS
2024-03-21,1432.7230224609375,1453.2273565774512,1422.3096528549004,1441.293418347309,11062497,INFY.NS
2024-03-22,1390.470458984375,1408.9474454626866,1380.6560012352104,1401.6672315575609,14673890,INFY.NS
2024-03-26,1375.5413818359375,1389.1801527269931,1371.164051948253,1374.9423563000637,8351081,INFY.NS
2024-03-27,1367.431884765625,1381.3932870499673,1365.3124028550521,1378.628657389427,6857402,INFY.NS
2024-03-28,1380.517822265625,1393.189041141791,1370.4729789851785,1370.4729789851785,12499530,INFY.NS
2024-04-01,1378.1217041015625,1409.9149438246613,1375.6797046680076,1405.3533500790074,6580002,INFY.NS
2024-04-02,1366.5103759765625,1376.0023163808078,1364.6672894897633,1368.353462463362,7279400,INFY.NS
2024-04-03,1364.4830322265625,1377.799287158803,1359.2762903783632,1362.9624633692197,8736248,INFY.NS
2024-04-04,1370.058349609375,1378.306229462609,1352.825535267705,1373.6063812324333,11186915,INFY.NS
2024-04-05,1363.0545654296875,1370.0582714607572,1360.24392608138,1363.93009899174,5072482,INFY.NS
2024-04-08,1360.8427734375,1373.9747637962018,1358.4467836601393,1366.6485404880466,6610887,INFY.NS
2024-04-09,1377.56884765625,1395.0321590156452,1370.6112639030227,1373.0993855776476,9423230,INFY.NS
2024-04-10,1388.5814208984375,1391.3920603288602,1368.0770834855082,1382.6373994109804,6744595,INFY.NS
2024-04-12,1368.2613525390625,1388.581426378512,1363.423250433772,1386.001060258461,12275616,INFY.NS
2024-04-15,1352.9637451171875,1374.8964069734686,1346.420810540168,1363.884010132131,8531224,INFY.NS
2024-04-16,1303.476806640625,1340.983684459676,1302.1867360834249,1337.159257468646,16173541,INFY.NS
2024-04-18,1307.9002685546875,1331.3534994670702,1297.072135276183,1309.6051010829012,22107945,INFY.NS
2024-04-19,1300.52783203125,1314.903883353496,1270.5776782377934,1276.3373231980736,20603621,INFY.NS
2024-04-22,1320.341064453125,1324.1193692022916,1302.1867077963823,1308.4992564312556,5859087,INFY.NS
2024-04-23,1329.23388671875,1333.334708815105,1320.5713584494295,1329.7867901203954,4856174,INFY.NS
2024-04-24,1318.498046875,1330.985003306902,1315.0883817387778,1330.985003306902,4268213,INFY.NS
2024-04-25,1325.59375,1331.5377710414832,1308.5913232271268,1308.5913232271268,9089398,INFY.NS
2024-04-26,1318.037109375,1331.9985107982977,1315.042094094127,1326.745647271391,8062444,INFY.NS
2024-04-29,1322.1842041015625,1326.838042603384,1316.1941728580287,1317.7607514168,5055957,INFY.NS
2024-04-30,1309.098388671875,1323.8430815716633,1306.3337587531646,1322.1381364606618,6936588,INFY.NS
2024-05-02,1303.476806640625,1312.2775896866656,1301.08081668616,1302.1406139236367,10076354,INFY.NS
2024-05-03,1305.181640625,1313.0147575937467,1293.1093350669514,1310.526523531366,8842345,INFY.NS
2024-05-06,1314.028564453125,1332.27505360971,1305.9189387214822,1308.5914366893924,6445422,INFY.NS
2024-05-07,1327.8975830078125,1330.1093091097507,1304.5364861962978,1313.1528923189749,6080661,INFY.NS
2024-05-08,1315.318603515625,1326.791770914921,1313.751912640343,1322.6448266752147,6234983,INFY.NS
2024-05-09,1326.6075439453125,1336.1915031252968,1313.0607915586831,1315.5490256671164,6088406,INFY.NS
2024-05-10,1313.10693359375,1323.289918499904,1302.1405469699123,1322.460619610937,8777481,INFY.NS
2024-05-13,1311.7705078125,1313.198944644248,1300.4816046041549,1313.198944644248,3735954,INFY.NS
2024-05-14,1312.9224853515625,1321.2624958851497,1306.7943133773022,1314.4891762078207,3463230,INFY.NS
2024-05-15,1308.545166015625,1319.4655424641765,1307.255095585117,1314.120547134986,4327544,INFY.NS
2024-05-16,1339.3248291015625,1341.5365553493355,1315.0421875208667,1321.4468679639122,9249145,INFY.NS
2024-05-17,1330.98486328125,1342.6884167000094,1326.3310252131012,1342.6884167000094,7542860,INFY.NS
2024-05-21,1321.6312255859375,1331.3534390178734,1316.332352094495,1317.8067987413262,6752663,INFY.NS
2024-05-22,1340.6611328125,1345.406990441256,1315.963729310014,1316.6548867308702,7173285,INFY.NS
2024-05-23,1356.8802490234375,1362.17912249703,1336.2376585581328,1340.5688666610595,8641428,INFY.NS
2024-05-24,1350.15283203125,1359.7369031866842,1345.4529845154584,1353.0557154211108,5277938,INFY.NS
2024-05-27,1355.91259765625,1363.5153292403581,1345.6834903871545,1356.373369267408,5821844,INFY.NS
2024-05-28,1351.9501953125,1360.197963167809,1345.7297777980132,1359.737191500069,6186922,INFY.NS
2024-05-29,1337.1131591796875,1350.521658721026,1336.237738072663,1350.4295268928772,7401634,INFY.NS
2024-05-30,1315.4569091796875,1336.0995011368218,1310.0198938256992,1329.6026885129104,9663150,INFY.NS
2024-05-31,1322.4595947265625,1350.5180110539181,1315.9737013923686,1325.1855631996355,37113815,INFY.NS
2024-06-03,1321.519775390625,1353.5731158092904,1319.7337879140582,1353.5731158092904,10589244,INFY.NS
2024-06-04,1310.0048828125,1330.0734594103187,1276.8234990229753,1324.4335719499218,13736134,INFY.NS
2024-06-05,1344.2672119140625,1351.6930870098186,1316.1148183429186,1316.1148183429186,9233424,INFY.NS
2024-06-06,1383.8875732421875,1385.8145809499692,1351.2232206049546,1358.2260359203012,12660930,INFY.NS
2024-06-07,1441.555419921875,1447.289283385155,1388.5874921626576,1392.1124223339962,24075302,INFY.NS
2024-06-10,1409.7371826171875,1437.9836711469225,1407.4342739573517,1433.7537546129818,6810606,INFY.NS
2024-06-11,1405.97705078125,1416.0348049461413,1404.2850385180848,1410.0190163300265,4853054,INFY.NS
2024-06-12,1396.060302734375,1418.1969101793593,1393.7573942458623,1416.5519427607585,9564320,INFY.NS
2024-06-13,1404.2850341796875,1414.6718735675256,1399.9611430962834,1405.27206045412,7307565,INFY.NS
2024-06-14,1399.5382080078125,1413.4498626747718,1396.8592841989566,1413.4498626747718,4237727,INFY.NS
2024-06-18,1408.2799072265625,1416.5517883847267,1405.6480284899164,1407.151975588544,5420939,INFY.NS
2024-06-19,1420.6407470703125,1424.6827126496337,1406.8699977638037,1414.6718886285164,5493456,INFY.NS
2024-06-20,1424.4476318359375,1426.4215695435462,1409.125891319924,1425.2936379231433,7927010,INFY.NS
2024-06-21,1440.70947265625,1464.256053061363,1432.2496398990345,1452.2712899886412,17301941,INFY.NS
2024-06-24,1435.492431640625,1437.3253492351942,1424.4476516241698,1433.0485032665965,5564989,INFY.NS
2024-06-25,1449.4041748046875,1451.237207255743,1429.1006009006553,1434.4115183965616,4551525,INFY.NS
2024-06-26,1448.2291259765625,1455.889996430208,1442.8712785271127,1448.5111662607692,4851004,INFY.NS
2024-06-27,1478.9195556640625,1483.6665071274144,1440.0983968135813,1446.1141853395814,14757754,INFY.NS
2024-06-28,1472.7156982421875,1493.1602914681441,1470.3657449978248,1478.1676356666337,8197544,INFY.NS
2024-07-01,1495.3223876953125,1503.8761950899986,1465.900925341744,1465.900925341744,6801771,INFY.NS
2024-07-02,1523.7567138671875,1535.7414752975033,1491.2803144467298,1500.3980870491325,10493173,INFY.NS
2024-07-03,1529.7257080078125,1537.8095248596555,1509.6100836947476,1527.469729765856,7269965,INFY.NS
2024-07-04,1551.5802001953125,1560.3690026530594,1530.2896001922775,1530.4775505601317,8008311,INFY.NS
2024-07-05,1548.572265625,1565.8679458210338,1535.3185512266714,1552.332191113537,7065022,INFY.NS
2024-07-08,1561.9200439453125,1566.008939897241,1541.5694246287367,1544.483343885064,5880533,INFY.NS
2024-07-09,1557.68994140625,1566.7137383996742,1551.9090338070268,1560.2748898271884,5191182,INFY.NS
2024-07-10,1549.32421875,1573.5287378659184,1539.2664644712022,1557.5490553427878,9852770,INFY.NS
2024-07-11,1553.507080078125,1565.0688961998292,1543.4963708254108,1556.6090643284788,8857679,INFY.NS
2024-07-12,1609.0130615234375,1616.5329122564228,1566.6199259649964,1579.1686539269024,17078316,INFY.NS
2024-07-15,1604.5950927734375,1624.2876547269145,1600.4591521853247,1622.5956425223837,6942230,INFY.NS
2024-07-16,1622.454833984375,1633.593589888385,1597.9682742375035,1615.4519041715741,6886281,INFY.NS
2024-07-18,1652.5343017578125,1659.4431419133819,1615.827983176718,1615.827983176718,11248896,INFY.NS
2024-07-19,1685.3394775390625,1733.3255702708213,1679.2295989019908,1733.3255702708213,29819116,INFY.NS
2024-07-22,1702.1651611328125,1713.5859571917674,1685.3394724496927,1692.1074068427617,8462126,INFY.NS
2024-07-23,1726.6517333984375,1729.5186076175692,1676.2217119382558,1701.3662125939957,7113056,INFY.NS
2024-07-24,1723.8787841796875,1731.7746506207213,1710.3900744958235,1727.2157639340674,6002845,INFY.NS
2024-07-25,1715.324951171875,1721.0118842620095,1703.246213719811,1710.7660645530111,5815599,INFY.NS
2024-07-26,1766.130859375,1769.984759694825,1715.794815664594,1715.794815664594,11369047,INFY.NS
2024-07-29,1758.799072265625,1788.78450012986,1752.1252276626687,1779.9486525351583,4635931,INFY.NS
2024-07-30,1764.48583984375,1767.1177185175402,1748.3651383345386,1758.7989073403546,2721265,INFY.NS
2024-07-31,1756.1201171875,1772.0058245898792,1753.1122228334534,1764.344953812893,5004209,INFY.NS
2024-08-01,1741.4095458984375,1755.7913074406626,1734.3596852882927,1744.6994808498382,7475014,INFY.NS
2024-08-02,1711.8939208984375,1747.895251074617,1707.147084115294,1732.3855594141,7400938,INFY.NS
2024-08-05,1646.7532958984375,1689.6164211011132,1615.4049418548652,1677.8196096487513,10736703,INFY.NS
2024-08-06,1646.0013427734375,1689.0994653436978,1640.126459251215,1654.5551502330297,7690163,INFY.NS
2024-08-07,1684.11767578125,1689.9925594528395,1656.341179884447,1688.2065718679119,5094329,INFY.NS
2024-08-08,1638.5284423828125,1673.1196857214622,1623.4416964698462,1673.1196857214622,6227910,INFY.NS
2024-08-09,1664.471923828125,1673.8717370362467,1650.6071993461458,1664.9419144885312,4258524,INFY.NS
2024-08-12,1689.5223388671875,1695.2562016016923,1661.980842064797,1666.633818145862,4315329,INFY.NS
2024-08-13,1689.5693359375,1701.366147109179,1681.673584839887,1701.366147109179,4176918,INFY.NS
2024-08-14,1713.821044921875,1715.4660123309595,1689.5694795075585,1693.8464406687062,7450718,INFY.NS
2024-08-16,1747.378173828125,1750.1041425189478,1719.6957707243737,1738.9653871768742,7335657,INFY.NS
2024-08-19,1752.8773193359375,1755.46226812506,1738.2135180462226,1748.3653628246682,2585989,INFY.NS
2024-08-20,1759.8330078125,1772.5227558229078,1756.0730824760828,1767.1649081160394,3870333,INFY.NS
2024-08-21,1760.3028564453125,1766.2247842698705,1755.0389843478197,1762.5588344138969,1966902,INFY.NS
2024-08-22,1767.39990234375,1779.9956751616294,1757.4830533776285,1770.9248323444356,4300287,INFY.NS
2024-08-23,1750.3392333984375,1769.6088509029312,1745.5453515046195,1765.4729100507645,5015935,INFY.NS
2024-08-26,1763.5460205078125,1775.3897624868237,1752.125224235838,1757.7651122966831,3728589,INFY.NS
2024-08-27,1786.05859375,1788.5495673509674,1761.431127538951,1763.5460856398784,3830679,INFY.NS
2024-08-28,1822.7177734375,1833.903574209478,1783.5205978872887,1792.450420519267,6514531,INFY.NS
2024-08-29,1817.3128662109375,1833.4335688344042,1805.610144647818,1816.9838956969513,7228284,INFY.NS
2024-08-30,1827.0416259765625,1832.9635541258785,1812.2839653100993,1821.6837784081808,13466759,INFY.NS
2024-09-02,1846.5933837890625,1857.1681741009113,1826.195834151735,1826.712755054023,5573739,INFY.NS
2024-09-03,1824.7388916015625,1848.943412636329,1820.226934986873,1848.943412636329,4694322,INFY.NS
2024-09-04,1807.0670166015625,1811.5319278069883,1786.0115271331308,1805.7980647866775,4778310,INFY.NS
2024-09-05,1817.1248779296875,1823.5637269032381,1794.9882723576418,1810.638983993486,4081810,INFY.NS
2024-09-06,1787.70361328125,1820.2739919338662,1783.0037062532772,1806.644261552745,5848106,INFY.NS
2024-09-09,1780.9356689453125,1805.5631341580754,1775.6247514250556,1776.564732765143,4772612,INFY.NS
2024-09-10,1797.5263671875,1818.8638977650467,1782.2046254069915,1790.5704823041315,6909600,INFY.NS
2024-09-11,1795.50537109375,1810.4040523138208,1790.6644442667855,1799.7822173243185,5312946,INFY.NS
2024-09-12,1833.3865966796875,1838.9795546148218,1796.1164275717779,1809.464116978717,8555092,INFY.NS
2024-09-13,1827.4176025390625,1841.0473312410704,1819.47480653783,1833.38646078049,3843127,INFY.NS
2024-09-16,1833.1986083984375,1834.8435757434945,1817.0309752474043,1828.9686923682912,1570181,INFY.NS
2024-09-17,1835.3604736328125,1840.906271327735,1825.5846454813945,1830.8485176417557,2793127,INFY.NS
2024-09-18,1778.5855712890625,1822.388675234394,1768.386797525358,1822.388675234394,6385468,INFY.NS
2024-09-19,1780.5125732421875,1809.370068657787,1766.036952686509,1795.9282898631557,7976570,INFY.NS
2024-09-20,1791.3695068359375,1800.0643345616268,1755.3212440246816,1790.664520804125,15242974,INFY.NS
2024-09-23,1782.6275634765625,1803.73021337189,1765.7078993837924,1794.4243751721033,3636672,INFY.NS
2024-09-24,1784.6485595703125,1796.210376017183,1759.0811128709156,1774.6847802570394,7277616,INFY.NS
2024-09-25,1781.546630859375,1787.4684442930745,1764.156976545127,1773.1337292502485,4268341,INFY.NS
2024-09-26,1786.1995849609375,1802.8372091877666,1779.384720079492,1783.8966765192179,8952803,INFY.NS
2024-09-27,1792.3094482421875,1856.0871602157958,1789.0665584656958,1816.137952637302,14908931,INFY.NS
2024-09-30,1763.0289306640625,1787.1394743316184,1758.2350489085036,1767.1648713969455,6986955,INFY.NS
2024-10-01,1790.0533447265625,1794.3772357071236,1762.464916843665,1762.464916843665,4029072,INFY.NS
2024-10-03,1779.7606201171875,1797.1032292411892,1768.1048290238766,1776.0946700907043,7503887,INFY.NS
2024-10-04,1803.025146484375,1836.8174281895435,1772.8047248589348,1776.141704358394,10001483,INFY.NS
2024-10-07,1818.2059326171875,1825.4437429610623,1801.0512733437376,1807.772048058558,6112575,INFY.NS
2024-10-08,1831.6005859375,1840.4363182559603,1791.933306709296,1821.5897622643915,5637391,INFY.NS
2024-10-09,1835.548583984375,1858.3431317562972,1828.3577036972526,1835.3606336116181,4857163,INFY.NS
2024-10-10,1803.82421875,1846.1233796899428,1799.2182871655539,1840.3895163779584,4782119,INFY.NS
2024-10-11,1818.9578857421875,1830.1436867455332,1795.4583520140732,1802.8842276209207,4709431,INFY.NS
2024-10-14,1841.3294677734375,1851.2932470173037,1815.1979406537325,1816.1849669571325,3751378,INFY.NS
2024-10-15,1841.70556640625,1871.9258760220825,1834.6086610794148,1842.3635074756771,5353705,INFY.NS
2024-10-16,1804.8582763671875,1841.9406117141925,1801.3333460914546,1837.66365041544,3111512,INFY.NS
2024-10-17,1849.977294921875,1859.2831333510103,1814.3050481446446,1819.0518851747047,8162822,INFY.NS
2024-10-18,1766.788818359375,1820.6027474745542,1757.0600349091483,1780.1366215888147,10526196,INFY.NS
2024-10-21,1741.5504150390625,1784.8366013292746,1727.6856903747387,1777.5986762175419,4654601,INFY.NS
2024-10-22,1740.46923828125,1765.0968155765634,1736.0983025734054,1746.6730915066728,4125240,INFY.NS
2024-10-23,1760.9610595703125,1772.804801466981,1733.3255853155424,1734.500561986716,4311910,INFY.NS
2024-10-24,1751.51416015625,1770.9247972575436,1748.3652457001226,1749.6812424897346,2906475,INFY.NS
2024-10-25,1750.2923583984375,1763.7340231622866,1735.5816269882255,1751.6082405232555,4689120,INFY.NS
2024-10-28,1753.394287109375,1768.951025226307,1745.5454653432146,1748.0833692337449,7018940,INFY.NS
2024-10-29,1748.59326171875,1760.2866061853301,1738.8011693476826,1754.9627985871089,4621252,INFY.NS
2024-10-30,1713.227783203125,1748.308049494395,1707.7613496606602,1741.6532608340028,5919715,INFY.NS
2024-10-31,1670.5897216796875,1699.7282140714156,1660.369867072741,1699.7282140714156,7395236,INFY.NS
2024-11-01,1674.011962890625,1678.9080088899161,1665.6460129974564,1677.4819828348002,371966,INFY.NS
2024-11-04,1676.6739501953125,1679.8587185569368,1633.275200045737,1639.4546463788554,7336722,INFY.NS
2024-11-05,1667.68994140625,1681.2371893406507,1658.9436944231081,1673.2039554066878,3160880,INFY.NS
2024-11-06,1733.7625732421875,1737.089967643031,1675.7233776805178,1677.0067780250674,10421494,INFY.NS
2024-11-07,1714.1309814453125,1735.6638830746192,1698.8724555004114,1723.5426610222241,4550965,INFY.NS
2024-11-08,1739.704345703125,1749.829154713953,1723.7329222391422,1728.3437169759088,4210960,INFY.NS
2024-11-11,1768.367431640625,1775.8778590726738,1732.669314114394,1738.8011800020988,3804234,INFY.NS
2024-11-12,1776.6383056640625,1788.2366040442323,1769.2229240437619,1778.8248092339409,5012450,INFY.NS
2024-11-13,1776.2581787109375,1780.8213927172376,1764.7549244206982,1769.3181384269985,4257495,INFY.NS
2024-11-14,1772.5980224609375,1783.4833086013102,1764.469627272938,1773.5961711004963,4311431,INFY.NS
2024-11-18,1722.11669921875,1758.005024675079,1706.477991896976,1758.005024675079,4839244,INFY.NS
2024-11-19,1734.7607421875,1767.987103735295,1730.7679155470983,1735.4737552340218,4669769,INFY.NS
2024-11-21,1743.6021728515625,1774.9271666789355,1730.8154024223286,1751.16006482196,5436504,INFY.NS
2024-11-22,1808.438720703125,1819.6568388300636,1743.5545347717343,1762.6632608249854,6301486,INFY.NS
2024-11-25,1796.5076904296875,1824.6480325215346,1789.1874693080074,1821.5107285834974,12764638,INFY.NS
2024-11-26,1829.2586669921875,1842.9960045611826,1803.7328244508496,1811.0054643107326,6850495,INFY.NS
2024-11-27,1829.591552734375,1845.6581372544963,1817.4703304442407,1834.9153604909611,4447143,INFY.NS
2024-11-28,1765.0875244140625,1820.4648690644453,1760.3341042723987,1820.4648690644453,8468790,INFY.NS
2024-11-29,1766.2283935546875,1784.4340168837268,1754.0121263454853,1759.811276019277,5244346,INFY.NS
2024-12-02,1787.0960693359375,1789.9481217185034,1744.6954644082105,1767.321793063357,2868263,INFY.NS
2024-12-03,1798.789306640625,1806.0620629902432,1778.8725217831325,1793.9408410909798,4715792,INFY.NS
2024-12-04,1796.079833984375,1819.5616835014869,1782.53258632828,1791.0887427426558,4705573,INFY.NS
2024-12-05,1839.4310302734375,1853.7388717964993,1795.7946087095554,1806.2997139926326,9050038,INFY.NS
2024-12-06,1827.5950927734375,1842.3781605401093,1818.088252003757,1837.4822303839658,3573331,INFY.NS
2024-12-09,1828.783447265625,1835.0103583375276,1803.6377838079438,1829.3062538776032,4274645,INFY.NS
2024-12-10,1852.4554443359375,1868.6645376907804,1836.7215769538172,1843.3763652761136,6174921,INFY.NS
2024-12-11,1876.79296875,1880.4530791874988,1855.7352935156714,1858.5873457085745,5025612,INFY.NS
2024-12-12,1889.00927734375,1900.2273959695365,1873.3705705619063,1877.7911587179638,6462130,INFY.NS
2024-12-13,1901.0828857421875,1907.500003205855,1857.4465798294907,1872.6099443049989,5362693,INFY.NS
2024-12-16,1882.402099609375,1900.9879041439099,1880.0728539329739,1897.042541916786,3119221,INFY.NS
2024-12-17,1879.1221923828125,1884.2559097971648,1861.439491111427,1870.9463322304846,5811050,INFY.NS
2024-12-18,1881.54638671875,1887.060284654621,1864.8618349910091,1869.8054617493733,3064095,INFY.NS
2024-12-19,1850.2213134765625,1863.1031292043601,1825.3134369549032,1838.623014099366,5323592,INFY.NS
2024-12-20,1827.357421875,1882.3068918972044,1816.9949422253026,1877.7436779576376,11056720,INFY.NS
2024-12-23,1829.4013671875,1844.3270603797318,1814.8558547757257,1834.8678004850174,2781793,INFY.NS
2024-12-24,1814.9034423828125,1846.2284355881454,1749.2586619372746,1832.015755380025,2360544,INFY.NS
2024-12-26,1813.3348388671875,1825.0757640546135,1808.4863732653307,1814.9034908105154,3623321,INFY.NS
2024-12-27,1822.2237548828125,1829.25884045684,1810.007487366256,1815.236249934069,3937500,INFY.NS
2024-12-30,1812.0037841796875,1821.5106246003575,1793.4654453593812,1821.2253729676181,7789055,INFY.NS
2024-12-31,1787.2860107421875,1803.4476395627287,1754.0596496753712,1798.9794709559926,3613063,INFY.NS
2025-01-01,1789.662841796875,1799.597444352464,1781.5820268405544,1781.5820268405544,1838368,INFY.NS
2025-01-02,1861.296875,1865.8602051810894,1792.3248119514092,1793.9409285299619,7083645,INFY.NS
2025-01-03,1843.1387939453125,1856.6384617090841,1827.214835312903,1856.6384617090841,6218003,INFY.NS
2025-01-06,1842.283203125,1875.6997732327457,1832.9189877307317,1855.7354066651392,7164403,INFY.NS
2025-01-07,1835.6282958984375,1861.9623140172655,1828.7834170796311,1849.08049857111,4294832,INFY.NS
2025-01-08,1837.81494140625,1842.9961231909604,1795.6045452981161,1834.8202633622047,5482050,INFY.NS
2025-01-09,1822.7467041015625,1855.5927707165636,1816.3295863112587,1838.670663062687,6833503,INFY.NS
2025-01-10,1869.947998046875,1880.2630131182193,1836.9593070090002,1841.475056372847,8036913,INFY.NS
2025-01-13,1865.4322509765625,1885.0164358188285,1852.8832675701437,1859.538056114521,5804152,INFY.NS
2025-01-14,1844.374755859375,1874.5589763818855,1835.8660634362316,1871.7543886244132,5792162,INFY.NS
2025-01-15,1853.501220703125,1861.4869901029845,1841.5700892018165,1850.981884706997,2985439,INFY.NS
2025-01-16,1833.3466796875,1869.948017007702,1822.3187674971882,1868.9973329214629,7533579,INFY.NS
2025-01-17,1725.9193115234375,1766.3709642563163,1722.6394979722525,1759.7161759087412,16409953,INFY.NS
2025-01-20,1723.8756103515625,1737.8030402662885,1704.7193015774908,1733.0496195308024,4333011,INFY.NS
2025-01-21,1711.896728515625,1741.3204695981628,1704.6240883474466,1729.3418737355341,7169109,INFY.NS
2025-01-22,1764.8974609375,1773.7864501626696,1716.1274359637641,1718.2664752007781,8373913,INFY.NS
2025-01-23,1773.4534912109375,1786.8582289789933,1761.3322697336553,1766.370941552174,5907471,INFY.NS
2025-01-24,1782.96044921875,1801.4513245969808,1772.312833717117,1773.501188842313,4887027,INFY.NS
2025-01-27,1732.146484375,1771.1245336940863,1722.639643077662,1757.5772848453794,7652371,INFY.NS
2025-01-28,1739.51416015625,1771.599747206543,1734.9033656716754,1739.7518311714375,6999495,INFY.NS
2025-01-29,1788.474365234375,1795.5094503993766,1749.7339902797964,1754.0120684956396,5145155,INFY.NS
2025-01-30,1768.2247314453125,1794.1308715011382,1753.0613674474346,1780.7738303869369,7336056,INFY.NS
2025-01-31,1787.0960693359375,1803.8755513464537,1778.7300025936208,1778.7300025936208,5820470,INFY.NS
2025-02-01,1760.0489501953125,1797.3633003755383,1754.9628135718901,1787.571323971164,1701402,INFY.NS
2025-02-03,1771.40966796875,1784.0062318529979,1742.0335070965566,1745.4559465267448,4823228,INFY.NS
2025-02-04,1805.1590576171875,1816.9474478919842,1782.5327290891591,1795.8423067996916,7334787,INFY.NS
2025-02-05,1803.4952392578125,1825.0281403385413,1800.88085809743,1812.0038151596648,4996744,INFY.NS
2025-02-06,1821.177978515625,1829.116167362465,1806.2997494743677,1822.46137881177,4765255,INFY.NS
2025-02-07,1809.7696533203125,1828.8307982430788,1796.2698706401704,1824.647881405861,4126260,INFY.NS
2025-02-10,1787.5712890625,1811.0531389851265,1785.9550565261386,1811.0531389851265,3828734,INFY.NS
2025-02-11,1783.150634765625,1809.1518213900456,1777.7792464526458,1790.2331848086437,4411601,INFY.NS
2025-02-12,1771.2672119140625,1801.1661822584174,1755.9136395546725,1792.0396375530902,5633947,INFY.NS
2025-02-13,1752.3485107421875,1781.106705479717,1745.1233346132335,1776.3532848619434,5237744,INFY.NS
2025-02-14,1764.8499755859375,1767.6069826690268,1738.1832403249714,1762.568310549922,5292961,INFY.NS
2025-02-17,1751.4451904296875,1761.3797918708847,1732.2888845014002,1747.8801254076848,4428956,INFY.NS
2025-02-18,1760.619384765625,1769.8410902296603,1746.977091046225,1751.445375977347,4365260,INFY.NS
2025-02-19,1721.498779296875,1758.004955145868,1716.840404092615,1756.2937934312417,4611411,INFY.NS
2025-02-20,1735.14111328125,1740.7025920720746,1716.5077280780874,1716.5077280780874,2218020,INFY.NS
2025-02-21,1725.4915771484375,1739.6092122968646,1717.1255109603246,1731.956275207461,3379879,INFY.NS
2025-02-24,1677.1016845703125,1718.8367369576058,1663.9347338827708,1711.2788452920981,7594720,INFY.NS
2025-02-25,1680.5242919921875,1690.7441464007027,1659.0864344677666,1659.0864344677666,5092963,INFY.NS
2025-02-27,1677.2919921875,1688.2723238346587,1664.7428925260701,1668.640674098442,5757079,INFY.NS
2025-02-28,1604.469482421875,1668.5456129045258,1599.478390980019,1668.4981483304996,12182167,INFY.NS
2025-03-03,1624.3388671875,1643.3525496222132,1608.8427856333933,1608.8427856333933,7504969,INFY.NS
2025-03-04,1605.0400390625,1615.2123126810395,1587.6424733239176,1611.4095762179882,6759673,INFY.NS
2025-03-05,1627.0958251953125,1647.4879525703643,1608.9852468032536,1608.9852468032536,8180782,INFY.NS
2025-03-06,1631.2313232421875,1637.3633054431778,1607.7018912844446,1630.42326495067,10610547,INFY.NS
2025-03-07,1602.853271484375,1620.9162680194895,1592.8710891886537,1619.109945155919,8019331,INFY.NS
2025-03-10,1617.5413818359375,1634.225933863566,1593.5366088108908,1602.8533592169706,7558981,INFY.NS
2025-03-11,1579.656494140625,1597.149102761885,1556.3172718227022,1597.149102761885,12671234,INFY.NS
2025-03-12,1512.395751953125,1556.174800445261,1486.6798171088662,1556.174800445261,14870008,INFY.NS
2025-03-13,1501.938232421875,1526.8462251444753,1492.8592690164621,1520.381526929375,7822888,INFY.NS
2025-03-17,1511.6353759765625,1515.3905319411103,1468.9496345204805,1468.9496345204805,7526032,INFY.NS
2025-03-18,1511.6353759765625,1511.6353759765625,1511.6353759765625,1511.6353759765625,0,INFY.NS
2025-03-19,1508.307861328125,1523.9465678973438,1495.2359553339961,1523.9465678973438,7387068,INFY.NS
2025-03-20,1535.8778076171875,1551.4214700841842,1513.4891497172634,1513.4891497172634,7186750,INFY.NS
2025-03-21,1514.011962890625,1524.8022038807094,1486.5371700431922,1500.131882621123,10074677,INFY.NS
2025-03-24,1514.2021484375,1527.844442496362,1495.140885206093,1519.1456594946171,8857726,INFY.NS
2025-03-25,1548.141357421875,1555.461694060302,1525.8478634077803,1525.8478634077803,9890140,INFY.NS
2025-03-26,1520.5716552734375,1556.9829031533513,1516.3411573986234,1545.8123648464964,6651302,INFY.NS
2025-03-27,1524.469482421875,1540.0606082841557,1507.7849306219216,1516.8640098840594,9426573,INFY.NS
2025-03-28,1493.1920166015625,1519.620965158934,1483.0672076469882,1511.5877308709687,6799047,INFY.NS
2025-04-01,1451.21923828125,1471.0885586286036,1442.9957978349414,1463.3404602190724,12680733,INFY.NS
2025-04-02,1473.7030029296875,1478.9317655581158,1459.4902057913214,1459.4902057913214,6193478,INFY.NS
2025-04-03,1422.6986083984375,1458.967226269639,1411.8133230002038,1458.967226269639,10459504,INFY.NS
2025-04-04,1380.060546875,1399.4069443976105,1376.5905268259103,1388.4740776445042,9590254,INFY.NS
2025-04-07,1327.8680419921875,1336.5668248830998,1242.5441423903983,1285.3249277060586,21715252,INFY.NS
2025-04-08,1358.3375244140625,1384.671428260199,1345.218037067066,1360.4289830692378,12805001,INFY.NS
2025-04-09,1334.4752197265625,1339.9416532809853,1313.7503760547593,1335.758736096975,8546854,INFY.NS
2025-04-11,1339.9417724609375,1367.8444460129276,1328.1533814570482,1341.653050406826,12567440,INFY.NS
2025-04-15,1355.675537109375,1376.3053358191778,1339.513907284088,1374.3089224037624,10178530,INFY.NS
2025-04-16,1343.4117431640625,1357.1016180730755,1327.9156612183533,1354.7249077086744,12022740,INFY.NS
2025-04-17,1349.4959716796875,1359.2880635441882,1310.3278363222762,1329.0562651695689,14264227,INFY.NS
2025-04-21,1379.442626953125,1399.2169026224717,1340.4645789137878,1340.4645789137878,15648970,INFY.NS
2025-04-22,1352.6334228515625,1368.985143422317,1349.3060284057444,1368.985143422317,9399738,INFY.NS
2025-04-23,1402.1639404296875,1414.4277879886072,1368.6047467603623,1374.6891479419496,11136642,INFY.NS
2025-04-24,1398.8365478515625,1409.7694145318515,1389.4247524558623,1397.4105217628291,7114292,INFY.NS
2025-04-25,1407.2025146484375,1427.642222162945,1391.3261370921732,1402.7343459374797,8329979,INFY.NS
2025-04-28,1409.0087890625,1416.1389193452367,1393.0373668593481,1407.2024661808139,5886253,INFY.NS
2025-04-29,1423.6495361328125,1435.3429977745961,1401.403503476668,1408.9139315851942,8056743,INFY.NS
2025-04-30,1426.1212158203125,1434.3922372400868,1409.4842438297574,1422.9840278751349,7704183,INFY.NS
2025-05-02,1432.5859375,1448.082019175758,1422.4135476873855,1425.740942139582,7402310,INFY.NS
2025-05-05,1434.2020263671875,1447.8919007730015,1428.6881281546378,1440.2864278864722,4282493,INFY.NS
2025-05-06,1436.9588623046875,1440.8566434846055,1425.1703575249446,1431.730100318134,4270530,INFY.NS
2025-05-07,1433.9168701171875,1443.8990531370239,1422.7937965506155,1426.026145690909,5691799,INFY.NS
2025-05-08,1436.864013671875,1441.7124795125974,1427.1669659401214,1433.631664427957,8424409,INFY.NS
2025-05-09,1433.2513427734375,1436.8639888159648,1420.4171072727893,1426.6915991963783,4478653,INFY.NS
2025-05-12,1546.66796875,1551.516434397431,1456.4480254270004,1461.2014458755218,11372857,INFY.NS
2025-05-13,1491.2430419921875,1532.6928451513845,1487.4403056280353,1529.6507024801845,12846210,INFY.NS
2025-05-14,1513.869384765625,1516.3411402167324,1492.0986956552736,1496.3767741072957,4870057,INFY.NS
2025-05-15,1533.453369140625,1538.7771765983814,1493.5246391320036,1511.3975456512203,11151167,INFY.NS
2025-05-16,1511.49267578125,1533.0731584594146,1503.5069061207216,1533.0731584594146,4576751,INFY.NS
2025-05-19,1482.8770751953125,1506.8342676039738,1478.9791776249906,1498.7534529196623,8855798,INFY.NS
2025-05-20,1483.6375732421875,1505.4082621953962,1481.1658178089215,1492.5740269319685,7143998,INFY.NS
2025-05-21,1491.14794921875,1493.5246593705174,1475.556707413097,1490.577561992386,4157309,INFY.NS
2025-05-22,1471.1834716796875,1483.82761514235,1464.0533417684774,1478.7889435849781,6158990,INFY.NS
2025-05-23,1487.6304931640625,1508.9257236923431,1473.5603223754533,1473.5603223754533,5038421,INFY.NS
2025-05-26,1502.55615234375,1505.693456152503,1485.6339297061554,1489.3416207391451,3170102,INFY.NS
2025-05-27,1492.669189453125,1504.8379932276155,1479.6448627674063,1501.985940722686,7775714,INFY.NS
2025-05-28,1494.2852783203125,1509.4010623010483,1492.5740005619675,1503.0315254066693,3623370,INFY.NS
2025-05-29,1507.40478515625,1529.5557725671263,1498.8486276920114,1510.6371345194693,8609500,INFY.NS
2025-05-30,1506.5369873046875,1515.5027951891782,1499.2101525439637,1514.5387348868949,13148092,INFY.NS
2025-06-02,1497.9569091796875,1503.9340358386107,1483.6887699715526,1503.9340358386107,4374509,INFY.NS
2025-06-03,1487.5450439453125,1510.9717563250315,1480.410974183671,1502.9700087561519,6853403,INFY.NS
2025-06-04,1495.4503173828125,1501.3311794658816,1486.0025968815146,1487.545069852834,4548307,INFY.NS
2025-06-05,1498.43896484375,1511.3572786610305,1486.195328477135,1492.2689554139665,6948539,INFY.NS
2025-06-06,1507.5975341796875,1512.5142181403369,1487.641415492617,1498.8244913615613,3960020,INFY.NS
2025-06-09,1516.3704833984375,1530.9277705261318,1514.5387452749073,1521.2871674371763,2903202,INFY.NS
2025-06-10,1538.6402587890625,1549.726952383094,1520.8051430073597,1527.0715350387688,8591925,INFY.NS
2025-06-11,1572.478759765625,1575.8529708756475,1532.9522867625028,1532.9522867625028,10597410,INFY.NS
2025-06-12,1550.787353515625,1569.4901466126246,1540.6647205061456,1558.8854834598367,10483574,INFY.NS
2025-06-13,1544.424560546875,1551.1729824718614,1513.7673967286814,1519.3589933969258,6968315,INFY.NS
2025-06-16,1565.441162109375,1576.0458254086714,1539.7006814911979,1542.4964798976407,5591842,INFY.NS
2025-06-17,1580.9625244140625,1588.192976732241,1557.5358118299073,1562.45249586964,7622083,INFY.NS
2025-06-18,1574.214111328125,1585.589952431105,1562.7417700471647,1562.7417700471647,5629707,INFY.NS
2025-06-19,1560.2352294921875,1571.4183055533617,1553.5831898154863,1565.5375611980423,5147760,INFY.NS
2025-06-20,1564.573486328125,1572.0930860674746,1551.076642111549,1560.8136276168789,9202821,INFY.NS
2025-06-23,1527.071533203125,1543.4605584963404,1518.7806380620095,1543.4605584963404,7943676,INFY.NS
2025-06-24,1524.7576904296875,1551.172965207259,1519.9373891083474,1543.4604830931148,8083992,INFY.NS
2025-06-25,1556.8609619140625,1561.6812632899293,1528.1319186406413,1532.8558375256184,7813533,INFY.NS
2025-06-26,1557.92138671875,1565.6338688312192,1548.8591966999713,1550.9801998907828,6519233,INFY.NS
2025-06-27,1550.208984375,1571.0326636135578,1544.8102701550988,1560.8136478253264,8912268,INFY.NS
2025-06-30,1544.2318115234375,1556.9573602116636,1536.8084767193552,1556.9573602116636,6294505,INFY.NS
2025-07-01,1549.05224609375,1559.5604099565173,1542.9786187031953,1551.1731318297038,4178937,INFY.NS
2025-07-02,1552.619140625,1589.735462831807,1545.7743359105034,1559.8495930029494,8653641,INFY.NS
2025-07-03,1560.5244140625,1573.7321112354073,1556.9574379034102,1560.331649069145,5259695,INFY.NS
2025-07-04,1581.733642578125,1584.3366759246808,1554.3544249759318,1566.5979433677658,4411273,INFY.NS
2025-07-07,1568.5262451171875,1584.915271648836,1564.670003580329,1581.0590301119776,3294523,INFY.NS
2025-07-08,1579.8055419921875,1587.035994129852,1563.2237521630664,1569.490144015709,4590681,INFY.NS
2025-07-09,1574.9853515625,1579.1308581535004,1565.2483655342028,1578.9380931561673,4580828,INFY.NS
2025-07-10,1557.728759765625,1579.9985303020203,1549.3413641152463,1579.9985303020203,5330179,INFY.NS
2025-07-11,1537.5797119140625,1549.341199857552,1506.826166489392,1522.3475129338776,11391755,INFY.NS
2025-07-14,1513.8638916015625,1534.5911874414394,1503.7412587495296,1534.5911874414394,9173426,INFY.NS
2025-07-15,1528.614013671875,1545.967099361679,1507.790334380739,1508.8507771918205,7614807,INFY.NS
2025-07-16,1550.1126708984375,1554.0652948238287,1521.769272878048,1522.2513030563432,6223491,INFY.NS
2025-07-17,1526.589599609375,1552.1371994765352,1523.3117708067696,1540.5684750083872,7374814,INFY.NS
2025-07-18,1529.095947265625,1541.821613244393,1523.2152032454187,1534.8803087969368,5161833,INFY.NS
2025-07-21,1527.36083984375,1531.8918763569468,1510.4897839367352,1523.2153333190533,3682661,INFY.NS
2025-07-22,1514.4423828125,1528.806905141675,1508.7544033781517,1508.7544033781517,8473741,INFY.NS
2025-07-23,1517.9129638671875,1534.6876368616054,1494.2934861823694,1519.648319505044,8035026,INFY.NS
2025-07-24,1496.70361328125,1525.14339208434,1492.558106924831,1523.21527148752,14169664,INFY.NS
2025-07-25,1461.2261962890625,1493.8114825426642,1456.9844249801497,1487.930738061539,10851259,INFY.NS
2025-07-28,1461.515380859375,1464.6968268487494,1429.2193615593824,1459.4908778130184,6439855,INFY.NS
2025-07-29,1459.2979736328125,1462.6721845547067,1442.3305365336291,1458.5267960319763,7070448,INFY.NS
2025-07-30,1464.40771484375,1467.0106307922656,1451.8749299240865,1465.2753927209724,5719051,INFY.NS
2025-07-31,1454.76708984375,1472.21655890233,1443.198365471235,1455.4418850255533,6851407,INFY.NS
2025-08-01,1416.782958984375,1444.8370894973941,1412.83033538686,1440.2096707795008,8702978,INFY.NS
2025-08-04,1427.291259765625,1429.5086455065348,1398.8514812022438,1408.9741142502269,8610216,INFY.NS
2025-08-05,1407.8172607421875,1425.5558755811649,1402.7076942328947,1425.5558755811649,10213323,INFY.NS
2025-08-06,1385.0654296875,1403.768223634903,1378.895537719122,1399.8155998166778,10566934,INFY.NS
2025-08-07,1385.2581787109375,1390.1748623852432,1363.3739407112198,1378.60613953599,9892020,INFY.NS
2025-08-08,1371.9542236328125,1381.6912093691872,1366.169861688454,1373.785961785155,10048009,INFY.NS
2025-08-11,1376.870849609375,1381.884033692687,1363.1812406590395,1368.8692198674414,6625368,INFY.NS
2025-08-12,1372.9183349609375,1389.2109785794498,1369.9297713819558,1376.8709588997938,9899184,INFY.NS
2025-08-13,1375.3284912109375,1382.462561438393,1371.279484756972,1373.7860181657672,10318063,INFY.NS
2025-08-14,1395.6700439453125,1417.1686356270611,1374.9427475738962,1374.9427475738962,12902347,INFY.NS
2025-08-18,1384.19775390625,1412.0590009823861,1378.2205097468736,1412.0590009823861,7254561,INFY.NS
2025-08-19,1388.2469482421875,1397.309139357621,1381.2092603896435,1381.2092603896435,3986094,INFY.NS
2025-08-20,1442.427001953125,1445.1264179190935,1388.921654258322,1388.921654258322,10413061,INFY.NS
2025-08-21,1442.619873046875,1453.802949118853,1430.9547668193538,1453.802949118853,6565539,INFY.NS
2025-08-22,1434.0396728515625,1450.2359327005538,1432.6899649169563,1444.258688328196,5543397,INFY.NS
2025-08-25,1477.0367431640625,1483.6887826854402,1452.549588321255,1452.549588321255,10694531,INFY.NS
2025-08-26,1474.6265869140625,1483.1103644867733,1464.021923789744,1468.2638125760993,15994798,INFY.NS
2025-08-28,1446.1868896484375,1474.6266696224122,1444.162386475055,1474.6266696224122,5443364,INFY.NS
2025-08-29,1416.782958984375,1447.922152992462,1414.951220922169,1447.922152992462,8169075,INFY.NS
2025-09-01,1445.5120849609375,1449.368326287933,1423.1458146544753,1423.6278448203498,4546057,INFY.NS
2025-09-02,1444.837158203125,1458.4305028963795,1432.8829043510907,1445.5120710387366,5218763,INFY.NS
2025-09-03,1425.9415283203125,1447.9221496497632,1420.0607841831338,1446.0904115917858,4623483,INFY.NS
2025-09-04,1410.4202880859375,1430.665555379037,1407.6244895421655,1430.665555379037,5787724,INFY.NS
2025-09-05,1392.681396484375,1419.771465639559,1381.4983212585462,1417.1685500698275,5466487,INFY.NS
2025-09-08,1381.402099609375,1405.5999908675153,1376.967445534214,1398.8515684147906,3811567,INFY.NS
2025-09-09,1450.2359619140625,1453.0316426482493,1419.5787971834648,1427.7733097648295,13072640,INFY.NS
2025-09-10,1477.518798828125,1479.7361846012639,1455.056264347903,1455.8274419814547,7281071,INFY.NS
2025-09-11,1455.4417724609375,1472.6020926929066,1452.3568266067848,1469.1314991861996,8003662,INFY.NS
2025-09-12,1470.7703857421875,1487.4486761823323,1466.4321143461764,1481.7606968153777,12856963,INFY.NS
2025-09-15,1454.1885986328125,1472.6021270614033,1447.2472937742573,1470.7703889313757,6167414,INFY.NS
2025-09-16,1456.9844970703125,1459.5874130189484,1449.4647790449067,1454.18869843609,8923112,INFY.NS
2025-09-17,1467.685546875,1471.830935901443,1459.58741614181,1462.3832147820146,4795698,INFY.NS
2025-09-18,1485.2313232421875,1499.1138155530703,1483.2068200825713,1494.2935138953433,9331945,INFY.NS
2025-09-19,1484.845703125,1495.546867150236,1465.4681136380061,1489.0875921991392,12988129,INFY.NS
2025-09-22,1445.6083984375,1460.2620677071914,1428.7373434373958,1429.4121385641438,15655204,INFY.NS
2025-09-23,1443.6802978515625,1458.6232324870878,1439.3420265057648,1439.3420265057648,9832164,INFY.NS
2025-09-24,1440.884521484375,1442.909024606748,1429.4121802134027,1433.7504516255494,4937004,INFY.NS
2025-09-25,1431.436767578125,1448.6933526456728,1423.4350200871756,1435.4857737282794,9491867,INFY.NS
2025-09-26,1396.8270263671875,1425.555953399892,1389.4036912657584,1421.9889772759154,8597058,INFY.NS
2025-09-29,1389.982177734375,1412.3483294621576,1384.872611107433,1407.5280279964163,10513117,INFY.NS
2025-09-30,1389.982177734375,1400.0083106366037,1386.4150840398418,1391.1390030128964,7556305,INFY.NS
2025-10-01,1393.83837890625,1397.405354815276,1376.099646484765,1394.031143886091,6250692,INFY.NS
2025-10-03,1394.609619140625,1396.2485922754322,1381.6911874663804,1387.282784330546,6877533,INFY.NS
2025-10-06,1422.9530029296875,1425.6524188431904,1390.4642178899833,1394.6096065704758,4630590,INFY.NS
2025-10-07,1406.0819091796875,1429.6050033943986,1401.743637948074,1424.5918193613172,5570320,INFY.NS
2025-10-08,1441.2701416015625,1444.1623224877194,1402.707729786136,1404.6358503769075,4657192,INFY.NS
2025-10-09,1455.0562744140625,1459.5873108023447,1433.557682406266,1448.0185870707542,7028753,INFY.NS
2025-10-10,1460.4549560546875,1467.0104954131987,1444.933608930849,1455.7310370996563,3738353,INFY.NS
2025-10-13,1439.5347900390625,1450.6214834671307,1430.087069727637,1443.1982662450723,5859355,INFY.NS
2025-10-14,1436.353515625,1459.9729938155936,1433.075686951717,1445.1264411305913,5600789,INFY.NS
2025-10-15,1421.41064453125,1435.1002548224249,1414.7586043879573,1430.569218120133,6986098,INFY.NS
2025-10-16,1418.61474609375,1421.5069270236047,1408.0100826842827,1420.9285143742625,8005748,INFY.NS
2025-10-17,1389.307373046875,1405.9856644896408,1382.4625679694304,1402.6114532010124,16959378,INFY.NS
2025-10-20,1408.395751953125,1414.276496397426,1397.8874708768014,1401.4544470050912,6994246,INFY.NS
2025-10-21,1419.482421875,1432.5936185349226,1417.1686535978035,1424.881136066363,1698704,INFY.NS
2025-10-23,1473.566162109375,1490.4372172856354,1451.8748054541832,1455.7310466373283,20358624,INFY.NS
2025-10-24,1470.57763671875,1487.5450748262833,1463.4435668090073,1484.1708637038648,8652257,INFY.NS
2025-10-27,1472.633056640625,1483.2043487095048,1466.3685916918344,1478.0165606695539,7273211,INFY.NS
2025-10-28,1468.4241943359375,1474.5908017388306,1458.9296979699484,1467.9347848431598,8211019,INFY.NS
2025-10-29,1478.408203125,1488.0005573851865,1465.1941469679696,1468.4241778932897,4884976,INFY.NS
2025-10-30,1462.1597900390625,1476.2546872805226,1457.5592692997866,1475.0801523386458,5608867,INFY.NS
2025-10-31,1450.9034423828125,1465.3898918009988,1449.3372364048548,1458.4403008415877,4819814,INFY.NS
2025-11-03,1454.0355224609375,1459.8105780526128,1442.974820743242,1450.9033496746388,5470600,INFY.NS
2025-11-04,1436.808349609375,1450.511814804534,1431.9142548968182,1448.3583414401685,8691330,INFY.NS
2025-11-06,1435.6336669921875,1451.58846323567,1430.9354078512456,1447.2816360762577,7944752,INFY.NS
2025-11-07,1445.5198974609375,1449.533031326473,1418.4065403991735,1438.8638806951196,8765759,INFY.NS
2025-11-10,1481.4425048828125,1487.8048281611332,1458.4402591842686,1458.5381171839108,9787975,INFY.NS
2025-11-11,1497.88671875,1500.9210336624128,1479.0933228205395,1492.6989304110698,13692989,INFY.NS
2025-11-12,1518.8333740234375,1526.1745164244364,1505.5214596999074,1507.3812396717751,14635417,INFY.NS
2025-11-13,1509.14306640625,1524.5104757353395,1497.8866487683968,1524.1189242683809,19655689,INFY.NS
2025-11-14,1470.9691162109375,1497.59294295853,1457.2656513734084,1487.8047537888665,9739549,INFY.NS
2025-11-17,1475.66748046875,1478.212385937251,1460.8873376663598,1464.3132041198487,7910354,INFY.NS
2025-11-18,1454.91650390625,1474.1013313334302,1451.784211591062,1474.1013313334302,7525119,INFY.NS
2025-11-19,1508.4578857421875,1510.317665675936,1458.9296699222182,1458.9296699222182,10981126,INFY.NS
2025-11-20,1503.955322265625,1522.0634729079381,1501.5082748815287,1522.0634729079381,7387584,INFY.NS
2025-11-21,1512.2752685546875,1518.6375916910017,1493.9714020948772,1498.5718033380108,9186302,INFY.NS
2025-11-24,1515.2117919921875,1551.4280945139647,1508.3600590826622,1530.4813442936104,19270381,INFY.NS
2025-11-25,1498.1802978515625,1517.7566773334454,1493.5798964672151,1516.1905908718425,8107952,INFY.NS
2025-11-26,1524.902099609375,1527.251289037942,1499.6485223505715,1499.6485223505715,7575038,INFY.NS
2025-11-27,1533.2220458984375,1540.954739594805,1519.3227449478784,1530.8728564928056,7552252,INFY.NS
2025-11-28,1527.055419921875,1535.179665000364,1524.0211050739736,1531.8516566735827,4453221,INFY.NS
2025-12-01,1530.872802734375,1540.6609920101703,1523.042251313739,1529.4045743430058,5341800,INFY.NS
2025-12-02,1527.9364013671875,1546.4361036663386,1523.1401645511503,1533.8093151456649,6335969,INFY.NS
2025-12-03,1545.261474609375,1552.406900951154,1521.182551618934,1522.1613705980963,12895312,INFY.NS
2025-12-04,1563.7611083984375,1565.1314788059085,1534.7880917871573,1534.7880917871573,12609619,INFY.NS
2025-12-05,1581.9671630859375,1597.2368345243183,1566.1103436503722,1575.8985332981872,10344725,INFY.NS
2025-12-08,1576.681640625,1595.4749170068917,1566.306063981828,1582.8481284293375,7550413,INFY.NS
2025-12-09,1565.1314697265625,1572.8641631737528,1548.883099378693,1567.2848235795727,6957599,INFY.NS
2025-12-10,1551.2322998046875,1573.9408513587562,1549.2746619298632,1573.9408513587562,5116140,INFY.NS
2025-12-11,1564.1527099609375,1573.3536321517727,1547.023378030827,1564.1527099609375,5159319,INFY.NS
2025-12-12,1564.348388671875,1567.8722324584342,1549.0788370408115,1567.4806809838458,4633912,INFY.NS
2025-12-15,1572.766357421875,1576.6816332735752,1551.4280562362142,1551.4280562362142,4190558,INFY.NS
2025-12-16,1559.1607666015625,1569.0468143358012,1552.0153403019585,1566.1103574156468,5499258,INFY.NS
2025-12-17,1568.0679931640625,1572.8642300238714,1552.4068896118622,1553.5814245843821,4817628,INFY.NS
2025-12-18,1592.3427734375,1595.4749463972676,1572.6684162407605,1576.3879761796316,6577293,INFY.NS
2025-12-19,1603.9906005859375,1619.847539612933,1595.2792073285575,1615.0513027562847,13149023,INFY.NS
2025-12-22,1653.8125,1657.3362243784013,1628.7547583833573,1628.7547583833573,23098923,INFY.NS
2025-12-23,1632.9637451171875,1643.4370603643276,1621.3157754082474,1643.4370603643276,6593060,INFY.NS
2025-12-24,1628.16748046875,1632.2784723030877,1617.4983299175808,1625.8182910699556,4271167,INFY.NS
2025-12-26,1621.0220947265625,1633.453167508233,1616.7152673020842,1628.167521100225,2006491,INFY.NS
2025-12-29,1609.863525390625,1637.6620082639456,1602.4245250544589,1622.8818655924697,4062817,INFY.NS
2025-12-30,1587.2528076171875,1612.9957941560388,1582.554548282334,1612.1148331917736,9395937,INFY.NS
2025-12-31,1581.1842041015625,1594.1045668429529,1575.1154547350545,1586.6655664923117,6538656,INFY.NS
2026-01-01,1595.2791748046875,1604.8715288376811,1579.9116455766828,1581.184158007412,3658165,INFY.NS
2026-01-02,1605.6546630859375,1608.6889779975038,1593.0278744696911,1601.2499777187402,2524526,INFY.NS
2026-01-05,1572.374755859375,1602.3265912739637,1549.568226955718,1602.3265912739637,5917885,INFY.NS
2026-01-06,1578.0518798828125,1585.5888575673962,1565.1315174017209,1566.2081943610224,4466729,INFY.NS
2026-01-07,1604.2843017578125,1607.2207586859843,1580.7926463324388,1580.7926463324388,4508079,INFY.NS
2026-01-08,1579.128662109375,1609.472049603195,1574.5281413468902,1604.186403368615,3942131,INFY.NS
2026-01-09,1579.91162109375,1596.747378487979,1572.9620305433675,1575.898487352098,6816681,INFY.NS
2026-01-12,1562.09716796875,1579.1286413969012,1558.867017677559,1575.996349102621,6985362,INFY.NS
2026-01-13,1565.1314697265625,1583.7290294043642,1552.7983751003353,1583.7290294043642,8080618,INFY.NS
2026-01-14,1565.91455078125,1582.7501883551427,1549.5682031809922,1554.3644397699236,7557157,INFY.NS
2026-01-15,1565.91455078125,1565.91455078125,1565.91455078125,1565.91455078125,0,INFY.NS
2026-01-16,1654.00830078125,1658.119292555676,1618.3792672921977,1628.461030733189,19335957,INFY.NS
2026-01-19,1645.59033203125,1649.309891747184,1631.201741600405,1649.309891747184,5104958,INFY.NS
2026-01-20,1623.7628173828125,1644.6115898062917,1617.889903547792,1637.5641409981627,6406503,INFY.NS
2026-01-21,1619.358154296875,1621.9030597634667,1596.6494821313709,1616.0301458476063,6224582,INFY.NS
2026-01-22,1628.265380859375,1635.8022392467942,1618.7708845027832,1630.712428320841,6228892,INFY.NS
2026-01-23,1635.4107666015625,1640.2068839190629,1626.9928279555104,1631.8869227568262,5869137,INFY.NS
2026-01-27,1647.05859375,1653.6167523834592,1625.9161283991023,1650.0930280724322,10673087,INFY.NS
2026-01-28,1631.2017822265625,1653.029492632909,1615.05126953125,1644.4158380681818,8588664,INFY.NS
2026-01-29,1624.35009765625,1631.2018305177105,1607.318623503672,1622.8818691859371,4749582,INFY.NS
2026-01-30,1606.241943359375,1619.9454090553113,1583.8269648597889,1619.9454090553113,9207926,INFY.NS
2026-02-02,1594.8875732421875,1626.7970461591942,1583.7290136495644,1626.7970461591942,6784887,INFY.NS
2026-02-03,1620.9241943359375,1691.3991593070652,1617.9877374621406,1690.616056346825,8805868,INFY.NS
2026-02-04,1503.2701416015625,1551.3301265638145,1478.1144237257668,1540.66097646391,28828622,INFY.NS
2026-02-05,1488.00048828125,1518.1481590925844,1483.5958031001303,1501.5082372972433,10628127,INFY.NS
2026-02-06,1475.177978515625,1492.6988611765453,1448.6520095352703,1489.86026239605,13900866,INFY.NS
2026-02-09,1465.4876708984375,1495.6353420798034,1461.376679139494,1489.8602864300617,8294615,INFY.NS
2026-02-10,1466.0750732421875,1483.7916723660803,1459.4190565785855,1468.2284271414342,8657000,INFY.NS
2026-02-11,1440.7236328125,1474.003477029586,1437.885033967625,1469.4029562852068,7934411,INFY.NS
2026-02-12,1356.64306640625,1405.2903204885395,1351.259562174479,1398.6344233110094,26048896,INFY.NS
2026-02-13,1340.1009521484375,1348.1273389393946,1254.3564391221673,1266.493817560756,45785709,INFY.NS
2026-02-16,1336.6751708984375,1346.854912154694,1309.953484521095,1344.6035807140283,14621891,INFY.NS
2026-02-17,1361.73291015625,1400.6899531531467,1338.0455387563604,1340.9819956812096,25347684,INFY.NS
2026-02-18,1344.603515625,1371.3253201935424,1316.805153615715,1361.4392729027982,20241373,INFY.NS
2026-02-19,1341.471435546875,1372.3042339560152,1334.326009074035,1355.6643110050506,14574228,INFY.NS
2026-02-20,1324.5377197265625,1336.0878308198503,1309.8554358713993,1330.4106332686276,12633552,INFY.NS
2026-02-23,1299.3822021484375,1323.3632672728343,1290.0834217940796,1323.3632672728343,12887826,INFY.NS
2026-02-24,1248.4835205078125,1275.988307999553,1237.3249610296912,1273.4434027288626,27839061,INFY.NS
2026-02-25,1262.7742919921875,1295.564726518415,1258.9568742250233,1258.9568742250233,16669618,INFY.NS
2026-02-26,1261.7955322265625,1286.168148899459,1259.054910753846,1277.848187510079,11493914,INFY.NS
2026-02-27,1272.5625,1306.723305439908,1266.7874442662774,1298.207628321947,23141724,INFY.NS
2026-03-02,1261.5997314453125,1271.290062662244,1246.0364867011174,1263.6552272829085,9700361,INFY.NS
2026-03-04,1279.7078857421875,1289.104523520103,1264.6340504084835,1264.6340504084835,15154950,INFY.NS
2026-03-05,1278.141845703125,1292.0410271405913,1262.7743163409898,1292.0410271405913,10362147,INFY.NS
2026-03-06,1280.686767578125,1299.0884925711757,1275.4011212294208,1275.4011212294208,8724291,INFY.NS
2026-03-09,1287.14697265625,1290.0834296280893,1255.3353554613236,1262.676497890922,10068514,INFY.NS
2026-03-10,1268.1578369140625,1293.0198627132945,1256.9014187299574,1292.0410437407636,9600171,INFY.NS
2026-03-11,1249.2667236328125,1271.975276386956,1244.3726286871142,1260.7188580118502,7868891,INFY.NS
2026-03-12,1238.9891357421875,1251.5179472285731,1231.3542997621664,1245.5471752363726,7599940,INFY.NS
2026-03-13,1221.8597412109375,1242.7085131232232,1216.280401513626,1224.5025045780033,7366098,INFY.NS
2026-03-16,1223.3280029296875,1227.7326883178384,1198.2701415781937,1213.931245180508,12314450,INFY.NS
2026-03-17,1206.785888671875,1218.6295738865974,1189.3628638376754,1218.6295738865974,11223276,INFY.NS
2026-03-18,1240.261474609375,1263.459555545422,1208.7435520363658,1211.7778669014497,12365381,INFY.NS
2026-03-19,1194.9422607421875,1228.4178221249233,1189.3629208552388,1217.846529327881,9156461,INFY.NS
2026-03-20,1229.2987060546875,1238.0102183433878,1203.1641691885866,1215.6930991638783,27299975,INFY.NS
2026-03-23,1230.1796875,1234.3885372371806,1201.4023868626336,1211.9735596886824,12420293,INFY.NS
2026-03-24,1251.224365234375,1269.5282325903943,1224.5025589595862,1242.1213008151199,13613495,INFY.NS
2026-03-25,1252.00732421875,1263.263742406015,1230.4733068170258,1243.100095463166,10824030,INFY.NS
2026-03-27,1242.806396484375,1267.3748481809973,1236.444073189259,1257.9780904958054,13092541,INFY.NS
2026-03-30,1224.1109619140625,1238.6953882487069,1216.6719617488286,1223.5236944376795,14108486,INFY.NS
2026-04-01,1248.6793212890625,1275.4011271577126,1242.610691424955,1262.6764804554484,8137156,INFY.NS
2026-04-02,1273.247802734375,1277.7503462365091,1233.116223742555,1233.3119397486187,12873492,INFY.NS
2026-04-06,1278.5333251953125,1292.041075138383,1271.4858762157266,1273.8350657038357,10208682,INFY.NS
2026-04-07,1311.0301513671875,1316.609371698259,1266.1023367797188,1274.4222980187042,15355792,INFY.NS
2026-04-08,1317.68603515625,1347.7358488962445,1302.8080347694565,1320.4267760360608,16030133,INFY.NS
2026-04-09,1303.395263671875,1309.170319257509,1286.1680743957882,1301.7313192842819,14894607,INFY.NS
2026-04-10,1265.12353515625,1290.9643801968148,1256.1184483091881,1290.0834192154255,19233369,INFY.NS
2026-04-13,1249.756103515625,1261.6976471062894,1238.8911174058185,1245.0577246851824,10366082,INFY.NS
2026-04-15,1277.6524658203125,1294.4881045276459,1272.9540869097948,1278.631284802942,12098912,INFY.NS
2026-04-16,1291.2579345703125,1302.808046184627,1281.2740288923192,1294.0965334739733,18527029,INFY.NS
2026-04-17,1290.7685546875,1300.165312581974,1278.4354593069281,1285.1893342368037,12064048,INFY.NS
2026-04-20,1284.7977294921875,1296.8372503675125,1280.3930442184933,1292.0410136169874,7172300,INFY.NS
2026-04-21,1285.385009765625,1296.9351212811175,1271.7795218169556,1282.2528368892558,10057440,INFY.NS
2026-04-22,1241.729736328125,1270.2133447995752,1229.2987830540255,1267.5705813427946,20088378,INFY.NS
2026-04-23,1214.32275390625,1238.891085420282,1200.0320212693207,1227.438951608261,14792854,INFY.NS
2026-04-24,1130.144287109375,1197.9764852174349,1127.7950978335834,1174.5826894228176,42078914,INFY.NS
2026-04-27,1145.5118408203125,1154.9084786451926,1130.04645394258,1130.1443119385692,19579883,INFY.NS
2026-04-28,1127.697265625,1144.6308809119316,1125.4460537763027,1138.0727223885278,12720276,INFY.NS
2026-04-29,1142.7711181640625,1153.2444330805374,1132.2978032475876,1133.961747660014,8303109,INFY.NS
2026-04-30,1156.768310546875,1164.5988623339997,1135.0384576467616,1142.7711514334947,12205669,INFY.NS
2026-05-01,1156.768310546875,1156.768310546875,1156.768310546875,1156.768310546875,0,INFY.NS
2026-05-04,1143.652099609375,1169.6886601132755,1140.5198072387318,1169.6886601132755,7735811,INFY.NS
2026-05-05,1153.1466064453125,1160.0961972461241,1135.5278649580357,1144.728787187228,8164108,INFY.NS
2026-05-06,1142.4774169921875,1166.2627649868193,1139.443102180398,1161.8580797644604,9856963,INFY.NS
2026-05-07,1138.07275390625,1150.5038263553197,1134.6468875555572,1148.1546369607545,12013987,INFY.NS
2026-05-08,1154.2232666015625,1158.4322359116547,1134.2554554613432,1136.4088093734103,7582770,INFY.NS
2026-05-11,1152.0699462890625,1161.8581361470833,1147.2737093616843,1151.0911273032605,7336288,INFY.NS
2026-05-12,1116.1473388671875,1137.3876630949442,1099.2137225952,1137.3876630949442,16891948,INFY.NS
2026-05-13,1099.3115234375,1118.398492694932,1097.2560275682617,1112.5255790772605,6664111,INFY.NS
2026-05-14,1071.8067626953125,1098.137016652994,1065.933848927119,1096.0815207310736,16914842,INFY.NS
2026-05-15,1095.2984619140625,1109.1976439317652,1078.266987402901,1078.658538900176,17482450,INFY.NS
2026-05-18,1118.3006591796875,1121.8243835304838,1094.319594715878,1095.2984136735845,12096377,INFY.NS
2026-05-19,1171.5484619140625,1173.0166903851343,1137.3876555901809,1137.3876555901809,32175705,INFY.NS
2026-05-20,1168.4161376953125,1181.3366195800531,1159.802602590221,1161.8580984968487,15121010,INFY.NS
2026-05-21,1156.180908203125,1176.3446743746752,1152.0699163634372,1170.7653346096859,10021033,INFY.NS
2026-05-22,1149.622802734375,1166.5564175672662,1147.6651649263981,1157.4533539662823,8803066,INFY.NS
2026-05-25,1143.75,1159.900513478819,1141.4008105061328,1157.9428754813864,5856136,INFY.NS
2026-05-26,1142.966796875,1155.6914427435413,1138.2685377836078,1141.5965459846338,8005767,INFY.NS
2026-05-27,1135.3321533203125,1142.5754376343073,1130.5359164445094,1136.4088302961693,6371871,INFY.NS
2026-05-28,1135.3321533203125,1135.3321533203125,1135.3321533203125,1135.3321533203125,0,INFY.NS
2026-05-29,1136.3109130859375,1184.370898370815,1129.1654871448488,1156.96396849116,69085430,INFY.NS
2026-06-01,1177.02978515625,1191.222659904496,1148.8397516554953,1150.1122640819906,19439331,INFY.NS
2026-06-02,1243.8831787109375,1251.811588367994,1206.3943648530496,1206.3943648530496,36032600,INFY.NS
2026-06-03,1196.7039794921875,1223.425783618914,1190.2437985614154,1215.7909483013548,18534303,INFY.NS
2026-06-04,1175.855224609375,1189.4607121046952,1170.8631524946943,1182.4132636253246,12755957,INFY.NS
2026-06-05,1172.1357421875,1197.8787294549086,1169.0035692089534,1194.159169493737,8692290,INFY.NS
2026-06-08,1162.4453125,1175.26781631171,1151.5804465064052,1152.559265415463,8631711,INFY.NS
2026-06-09,1155.300048828125,1168.3182691086097,1142.5754025403635,1168.3182691086097,10984054,INFY.NS
2026-06-10,1145.300048828125,1171.4000244140625,1143.300048828125,1160.0999755859375,8887626,INFY.NS
2026-06-11,1114.5999755859375,1133.699951171875,1109.0,1129.699951171875,9372176,INFY.NS
2026-06-12,1116.4000244140625,1123.300048828125,1111.5,1120.0,8075333,INFY.NS
2026-06-15,1134.9000244140625,1151.0,1123.0,1130.0,7856192,INFY.NS
2026-06-16,1143.5999755859375,1153.800048828125,1123.199951171875,1136.9000244140625,10456090,INFY.NS
2026-06-17,1157.699951171875,1162.5,1148.0,1149.0,5995119,INFY.NS
2026-06-18,1127.5,1142.9000244140625,1125.300048828125,1142.9000244140625,16781447,INFY.NS
2026-06-19,1051.4000244140625,1066.0,1030.0,1062.300048828125,45665442,INFY.NS
2026-06-22,1065.4000244140625,1080.300048828125,1055.0,1055.0,10178505,INFY.NS
2026-06-23,1029.300048828125,1055.300048828125,1026.0,1053.800048828125,19323064,INFY.NS
2026-06-24,1056.5999755859375,1065.5,1037.699951171875,1040.9000244140625,12346266,INFY.NS
2026-06-25,1041.199951171875,1068.0,1039.0999755859375,1065.0,15866779,INFY.NS
2026-06-26,1041.199951171875,1041.199951171875,1041.199951171875,1041.199951171875,0,INFY.NS
2026-06-29,1036.699951171875,1046.5999755859375,1029.0999755859375,1037.0999755859375,15080892,INFY.NS
2026-06-30,1000.4000244140625,1030.4000244140625,996.0,1030.0,24128263,INFY.NS
2026-07-01,985.2999877929688,1014.0,982.4000244140625,1006.0,13037982,INFY.NS
2026-07-02,1040.9000244140625,1045.0,1006.0,1006.4000244140625,18741111,INFY.NS
2026-07-03,1047.199951171875,1068.699951171875,1042.0,1063.0,11653534,INFY.NS
2026-07-06,1042.199951171875,1053.0,1033.0,1050.0999755859375,5559747,INFY.NS
2026-07-07,1071.800048828125,1087.5,1040.5999755859375,1040.5999755859375,18866296,INFY.NS
2026-07-08,1069.300048828125,1079.699951171875,1064.4000244140625,1071.9000244140625,13022221,INFY.NS
2026-07-09,1050.800048828125,1062.699951171875,1040.4000244140625,1062.699951171875,9003333,INFY.NS
2026-07-10,1068.0,1091.300048828125,1064.699951171875,1075.0,9747266,INFY.NS
2026-07-13,1102.5999755859375,1114.9000244140625,1057.0999755859375,1057.0999755859375,20994760,INFY.NS
2026-07-14,1092.9000244140625,1113.5,1090.0,1107.800048828125,14819413,INFY.NS
2026-07-15,1076.300048828125,1088.0999755859375,1073.0,1079.0,8501933,INFY.NS
2026-07-16,1082.4000244140625,1097.300048828125,1077.9000244140625,1082.5,8592146,INFY.NS
2026-07-17,1096.5,1116.800048828125,1092.0,1105.0,12547728,INFY.NS
2026-07-20,1087.0999755859375,1103.800048828125,1083.199951171875,1102.0,6372645,INFY.NS
2026-07-21,1073.5,1094.5,1067.199951171875,1080.0,9485229,INFY.NS
2026-07-22,1052.0999755859375,1069.300048828125,1046.199951171875,1064.0,7517203,INFY.NS
2026-07-23,1047.4000244140625,1058.5,1032.0,1046.9000244140625,13794578,INFY.NS
2026-07-24,1040.9000244140625,1043.4000244140625,1013.9000244140625,1028.0,29036900,INFY.NS
2026-07-27,1079.199951171875,1082.0,1057.4000244140625,1065.0,15956349,INFY.NS
2026-07-28,1105.699951171875,1118.5,1097.0,1097.0,28100895,INFY.NS
2026-07-29,1155.5999755859375,1164.5,1128.4000244140625,1147.0,34400369,INFY.NS
2026-07-30,1155.0999755859375,1187.699951171875,1151.300048828125,1168.0,22630218,INFY.NS
2026-07-31,1130.0999755859375,1139.300048828125,1107.199951171875,1118.9000244140625,14367075,INFY.NS
2026-08-03,1180.0,1180.0,1138.0999755859375,1145.0999755859375,8582270,INFY.NS
2026-08-04,1167.5,1175.699951171875,1153.300048828125,1168.0,9243589,INFY.NS
2026-08-05,1174.0,1177.5,1162.300048828125,1174.699951171875,9964155,INFY.NS
2026-08-06,1165.0,1185.800048828125,1163.0,1174.0999755859375,8521064,INFY.NS
2026-08-07,1175.0999755859375,1183.0,1155.5999755859375,1160.0,7581410,INFY.NS
2026-08-10,1183.0,1195.0,1175.199951171875,1178.0999755859375,9377001,INFY.NS
2026-08-11,1190.699951171875,1193.5,1182.0,1188.0,10160091,INFY.NS
2026-08-12,1176.0999755859375,1190.4000244140625,1163.300048828125,1185.5999755859375,7529777,INFY.NS
2026-08-13,1175.0,1175.0,1157.0,1170.0,6234215,INFY.NS
2026-08-14,1169.199951171875,1174.0999755859375,1158.9000244140625,1170.4000244140625,5844763,INFY.NS
2026-08-17,1139.9000244140625,1166.5,1129.699951171875,1163.9000244140625,5817153,INFY.NS
2026-08-18,1115.0,1131.9000244140625,1112.5,1124.5,8851110,INFY.NS
2026-08-19,1119.800048828125,1134.699951171875,1113.800048828125,1125.5999755859375,8408573,INFY.NS
2026-08-20,1130.0,1144.699951171875,1125.699951171875,1143.0,8559841,INFY.NS
2026-08-21,1121.0,1133.5,1118.0,1133.0,6094967,INFY.NS
2026-08-24,1130.0,1144.5,1122.0,1126.5,8565354,INFY.NS
2026-08-25,1144.0,1144.0,1119.9000244140625,1132.0,8121237,INFY.NS
2026-08-26,1120.0,1142.0,1118.300048828125,1142.0,6323984,INFY.NS
2026-08-27,1110.800048828125,1130.699951171875,1107.199951171875,1120.0,6933998,INFY.NS
2026-08-28,1144.0,1145.0,1123.300048828125,1123.5999755859375,9621969,INFY.NS
2026-08-31,1133.800048828125,1143.9000244140625,1111.0999755859375,1138.5999755859375,8808120,INFY.NS
2026-09-01,1156.0,1156.0,1125.5999755859375,1128.0,13516123,INFY.NS
2026-09-02,,,,,8564016,INFY.NS
